2026-03-27 00:00:23 - msg_id_0200 ==> 7E02000042660000000002011600000000000C000300C64781049FACB8038800000000260327000022010400000000140400000000150400000000160400000000170200002A02000030013D3101111E7E
2026-03-27 00:00:54 - msg_id_0200 ==> 7E02000042660000000002012000000000000C000300C64783049FACB8038800000000260327000053010400000000140400000000150400000000160400000000170200002A02000030013D3101115B7E
2026-03-27 00:01:25 - msg_id_0200 ==> 7E02000042660000000002012C00000000000C000300C64784049FACB8038800000000260327000124010400000000140400000000150400000000160400000000170200002A02000030013D310115227E
2026-03-27 00:01:56 - msg_id_0200 ==> 7E02000042660000000002013700000000000C000300C64784049FACB8038800000000260327000155010400000000140400000000150400000000160400000000170200002A02000030013D310114497E
2026-03-27 00:02:27 - msg_id_0200 ==> 7E02000042660000000002014100000000000C000300C64783049FACB8038800000000260327000226010400000000140400000000150400000000160400000000170200002A02000030013D3101134F7E
2026-03-27 00:02:58 - msg_id_0200 ==> 7E02000042660000000002014D00000000000C000300C64781049FACB8038800000000260327000257010400000000140400000000150400000000160400000000170200002A02000030013D310113307E
2026-03-27 00:03:29 - msg_id_0200 ==> 7E02000042660000000002015800000000000C000300C64780049FACB8038800000000260327000328010400000000140400000000150400000000160400000000170200002A02000030013D3101135A7E
2026-03-27 00:04:00 - msg_id_0200 ==> 7E02000042660000000002016200000000000C000300C64781049FACB8038800000000260327000359010400000000140400000000150400000000160400000000170200002A02000030013D310114177E
2026-03-27 00:04:31 - msg_id_0200 ==> 7E02000042660000000002016E00000000000C000300C64781049FACB8038800000000260327000430010400000000140400000000150400000000160400000000170200002A02000030013D310114757E
2026-03-27 00:05:02 - msg_id_0200 ==> 7E02000042660000000002017900000000000C000300C64781049FACB8038800000000260327000501010400000000140400000000150400000000160400000000170200002A02000030013D310113557E
2026-03-27 00:05:18 - msg_id_0200 ==> 7E02000042660000000002017F00000100000C000300C64780049FACB8038800000000260327000517010400000000140400000000150400000000160400000000170200002A02000030013D310115437E
2026-03-27 00:05:58 - msg_id_0200 ==> 7E02000042660000000002000200000000000C000300C64781049FACB8038800000000260327000557010400000000140400000000150400000000160400000000170200002A02000030013D3101167C7E
2026-03-27 00:06:29 - msg_id_0200 ==> 7E02000042660000000002000D00000000000C000300C64783049FACB8038800000000260327000628010400000000140400000000150400000000160400000000170200002A02000030013D310113087E
2026-03-27 00:07:00 - msg_id_0200 ==> 7E02000042660000000002001800000000000C000300C64781049FACB0038800000000260327000659010400000000140400000000150400000000160400000000170200002A02000030013D310115607E
2026-03-27 00:07:31 - msg_id_0200 ==> 7E02000042660000000002002300000000000C000300C64781049FACB0038800000000260327000730010400000000140400000000150400000000160400000000170200002A02000030013D310114327E
2026-03-27 00:08:02 - msg_id_0200 ==> 7E02000042660000000002002E00000000000C000300C64781049FACB0038800000000260327000801010400000000140400000000150400000000160400000000170200002A0200003001403101167D027E
2026-03-27 00:08:33 - msg_id_0200 ==> 7E02000042660000000002003900000000000C000300C64781049FACB0038800000000260327000832010400000000140400000000150400000000160400000000170200002A020000300140310114587E
2026-03-27 00:09:04 - msg_id_0200 ==> 7E02000042660000000002004400000000000C000300C64780049FACB0038800000000260327000903010400000000140400000000150400000000160400000000170200002A02000030013D310115687E
2026-03-27 00:09:35 - msg_id_0200 ==> 7E02000042660000000002004F00000000000C000300C64780049FACB0038800000000260327000934010400000000140400000000150400000000160400000000170200002A02000030013D310115547E
2026-03-27 00:10:06 - msg_id_0200 ==> 7E02000042660000000002005A00000000000C000300C64780049FACB0038800000000260327001005010400000000140400000000150400000000160400000000170200002A02000030013D310114687E
2026-03-27 00:10:37 - msg_id_0200 ==> 7E02000042660000000002006500000000000C000300C64780049FACB8038800000000260327001036010400000000140400000000150400000000160400000000170200002A02000030013D3101156D7E
2026-03-27 00:11:08 - msg_id_0200 ==> 7E02000042660000000002007000000000000C000300C64780049FACB8038800000000260327001107010400000000140400000000150400000000160400000000170200002A02000030013D310114497E
2026-03-27 00:11:39 - msg_id_0200 ==> 7E02000042660000000002007B00000000000C000300C64782049FACB8038800000000260327001138010400000000140400000000150400000000160400000000170200002A02000030013D3101157D027E
2026-03-27 00:11:48 - msg_id_0200 ==> 7E02000042660000000002007F00000100000C000300C64782049FACB8038800000000260327001147010400000000140400000000150400000000160400000000170200002A02000030013D310116077E
2026-03-27 00:12:10 - msg_id_0200 ==> 7E02000042660000000002008700000000000C000300C64783049FACB8038800000000260327001209010400000000140400000000150400000000160400000000170200002A02000030013A310116B57E
2026-03-27 00:12:41 - msg_id_0200 ==> 7E02000042660000000002009200000000000C000300C64782049FACB8038800000000260327001240010400000000140400000000150400000000160400000000170200002A02000030013A310114EA7E
2026-03-27 00:13:12 - msg_id_0200 ==> 7E02000042660000000002009D00000000000C000300C64782049FACB8038800000000260327001311010400000000140400000000150400000000160400000000170200002A02000030013A310115B47E
2026-03-27 00:13:43 - msg_id_0200 ==> 7E0200004266000000000200A800000000000C000300C64782049FACB8038800000000260327001342010400000000140400000000150400000000160400000000170200002A02000030013A310115D27E
2026-03-27 00:14:14 - msg_id_0200 ==> 7E0200004266000000000200B300000000000C000300C64780049FACC0038800000000260327001413010400000000140400000000150400000000160400000000170200002A02000030013A310114E47E
2026-03-27 00:14:45 - msg_id_0200 ==> 7E0200004266000000000200BE00000000000C000300C6477D02049FACC0038800000000260327001444010400000000140400000000150400000000160400000000170200002A02000030013A310113477E
2026-03-27 00:15:16 - msg_id_0200 ==> 7E0200004266000000000200C900000000000C000300C6477F049FACC0038800000000260327001515010400000000140400000000150400000000160400000000170200002A02000030013A310114667E
2026-03-27 00:15:47 - msg_id_0200 ==> 7E0200004266000000000200D400000000000C000300C6477F049FACC0038800000000260327001546010400000000140400000000150400000000160400000000170200002A02000030013A310115297E
2026-03-27 00:16:18 - msg_id_0200 ==> 7E0200004266000000000200DF00000000000C000300C6477F049FACC0038800000000260327001617010400000000140400000000150400000000160400000000170200002A02000030013A310115707E
2026-03-27 00:16:49 - msg_id_0200 ==> 7E0200004266000000000200EA00000000000C000300C64780049FACC0038800000000260327001648010400000000140400000000150400000000160400000000170200002A02000030013A310116E67E
2026-03-27 00:17:20 - msg_id_0200 ==> 7E0200004266000000000200F500000000000C000300C64780049FACC0038800000000260327001719010400000000140400000000150400000000160400000000170200002A02000030013A310116A97E
2026-03-27 00:17:51 - msg_id_0200 ==> 7E02000042660000000002010000000000000C000300C6477D02049FACC0038700000000260327001750010400000000140400000000150400000000160400000000170200002A02000030013A310116E57E
2026-03-27 00:18:22 - msg_id_0200 ==> 7E02000042660000000002010B00000000000C000300C6477D02049FACC0038700000000260327001821010400000000140400000000150400000000160400000000170200002A02000030013A310116907E
2026-03-27 00:18:53 - msg_id_0200 ==> 7E02000042660000000002011600000000000C000300C6477D02049FACB8038700000000260327001852010400000000140400000000150400000000160400000000170200002A02000030013A310115857E
2026-03-27 00:19:24 - msg_id_0200 ==> 7E02000042660000000002012100000000000C000300C6477F049FACB8038700000000260327001923010400000000140400000000150400000000160400000000170200002A02000030013A310117C17E
2026-03-27 00:19:55 - msg_id_0200 ==> 7E02000042660000000002012C00000000000C000300C6477F049FACB8038800000000260327001954010400000000140400000000150400000000160400000000170200002A02000030013A310117B47E
2026-03-27 00:20:26 - msg_id_0200 ==> 7E02000042660000000002013700000000000C000300C64780049FACB8038800000000260327002025010400000000140400000000150400000000160400000000170200002A02000030013A3101151A7E
2026-03-27 00:20:57 - msg_id_0200 ==> 7E02000042660000000002014200000000000C000300C6477F049FACC0038800000000260327002056010400000000140400000000150400000000160400000000170200002A02000030013A3101159B7E
2026-03-27 00:21:28 - msg_id_0200 ==> 7E02000042660000000002014D00000000000C000300C64781049FACC0038700000000260327002127010400000000140400000000150400000000160400000000170200002A02000030013A310116167E
2026-03-27 00:21:59 - msg_id_0200 ==> 7E02000042660000000002015800000000000C000300C64783049FACC0038700000000260327002158010400000000140400000000150400000000160400000000170200002A02000030013A3101157D017E
2026-03-27 00:22:30 - msg_id_0200 ==> 7E02000042660000000002016200000000000C000300C64783049FACC8038700000000260327002229010400000000140400000000150400000000160400000000170200002A02000030013A3101163E7E
2026-03-27 00:23:01 - msg_id_0200 ==> 7E02000042660000000002016E00000000000C000300C64782049FACC8038700000000260327002300010400000000140400000000150400000000160400000000170200002A02000030013A310115187E
2026-03-27 00:23:32 - msg_id_0200 ==> 7E02000042660000000002017900000000000C000300C64784049FACC8038700000000260327002331010400000000140400000000150400000000160400000000170200002A02000030013A310115387E
2026-03-27 00:23:48 - msg_id_0200 ==> 7E02000042660000000002017F00000100000C000300C64784049FACC8038700000000260327002347010400000000140400000000150400000000160400000000170200002A02000030013A310115497E
2026-03-27 00:24:03 - msg_id_0200 ==> 7E02000042660000000002018500000000000C000300C64784049FACC8038700000000260327002402010400000000140400000000150400000000160400000000170200002A02000030013A310114F17E
2026-03-27 00:24:34 - msg_id_0200 ==> 7E02000042660000000002019000000000000C000300C64786049FACC8038700000000260327002433010400000000140400000000150400000000160400000000170200002A02000030013A310115D67E
2026-03-27 00:25:05 - msg_id_0200 ==> 7E02000042660000000002019B00000000000C000300C64785049FACC0038700000000260327002504010400000000140400000000150400000000160400000000170200002A02000030013A310115E07E
2026-03-27 00:25:36 - msg_id_0200 ==> 7E0200004266000000000201A600000000000C000300C64787049FACC0038700000000260327002535010400000000140400000000150400000000160400000000170200002A02000030013A310116ED7E
2026-03-27 00:26:07 - msg_id_0200 ==> 7E0200004266000000000201B100000000000C000300C64789049FACC0038700000000260327002606010400000000140400000000150400000000160400000000170200002A02000030013D310116C37E
2026-03-27 00:26:38 - msg_id_0200 ==> 7E0200004266000000000201BC00000000000C000300C6478A049FACC0038700000000260327002637010400000000140400000000150400000000160400000000170200002A02000030013D310116FC7E
2026-03-27 00:27:09 - msg_id_0200 ==> 7E0200004266000000000201C700000000000C000300C6478A049FACC0038700000000260327002708010400000000140400000000150400000000160400000000170200002A02000030013D310115BA7E
2026-03-27 00:27:40 - msg_id_0200 ==> 7E0200004266000000000201D200000000000C000300C6478B049FACC0038700000000260327002739010400000000140400000000150400000000160400000000170200002A02000030013D3101159F7E
2026-03-27 00:28:11 - msg_id_0200 ==> 7E0200004266000000000201DD00000000000C000300C6478B049FACC0038700000000260327002810010400000000140400000000150400000000160400000000170200002A02000030013A310118BC7E
2026-03-27 00:28:42 - msg_id_0200 ==> 7E0200004266000000000201E800000000000C000300C6478B049FACC0038700000000260327002841010400000000140400000000150400000000160400000000170200002A02000030013A310115D57E
2026-03-27 00:29:13 - msg_id_0200 ==> 7E0200004266000000000201F300000000000C000300C6478C049FACC0038700000000260327002912010400000000140400000000150400000000160400000000170200002A02000030013A310118967E
2026-03-27 00:29:44 - msg_id_0200 ==> 7E0200004266000000000201FE00000000000C000300C6478D049FACC0038700000000260327002943010400000000140400000000150400000000160400000000170200002A02000030013A310116C57E
2026-03-27 00:30:15 - msg_id_0200 ==> 7E02000042660000000002020900000000000C000300C6478C049FACC0038700000000260327003014010400000000140400000000150400000000160400000000170200002A02000030013A3101177F7E
2026-03-27 00:30:46 - msg_id_0200 ==> 7E02000042660000000002021400000000000C000300C6478E049FACC0038700000000260327003045010400000000140400000000150400000000160400000000170200002A02000030013A310116307E
2026-03-27 00:31:17 - msg_id_0200 ==> 7E02000042660000000002021F00000000000C000300C6478F049FACC0038700000000260327003116010400000000140400000000150400000000160400000000170200002A02000030013A3101156B7E
2026-03-27 00:31:48 - msg_id_0200 ==> 7E02000042660000000002022A00000000000C000300C6478F049FACC0038700000000260327003147010400000000140400000000150400000000160400000000170200002A02000030013A3101170D7E
2026-03-27 00:32:19 - msg_id_0200 ==> 7E02000042660000000002023500000000000C000300C6478E049FACC0038700000000260327003218010400000000140400000000150400000000160400000000170200002A02000030013A3101174F7E
2026-03-27 00:32:50 - msg_id_0200 ==> 7E02000042660000000002024000000000000C000300C6478F049FACC8038700000000260327003249010400000000140400000000150400000000160400000000170200002A02000030013A310117627E
2026-03-27 00:33:21 - msg_id_0200 ==> 7E02000042660000000002024B00000000000C000300C6478F049FACC8038700000000260327003320010400000000140400000000150400000000160400000000170200002A02000030013A3101180E7E
2026-03-27 00:33:52 - msg_id_0200 ==> 7E02000042660000000002025600000000000C000300C64792049FACC8038700000000260327003351010400000000140400000000150400000000160400000000170200002A02000030013A310115727E
2026-03-27 00:34:23 - msg_id_0200 ==> 7E02000042660000000002026100000000000C000300C64793049FACC8038700000000260327003422010400000000140400000000150400000000160400000000170200002A02000030013A3101183D7E
2026-03-27 00:34:54 - msg_id_0200 ==> 7E02000042660000000002026C00000000000C000300C6479B049FACC0038700000000260327003453010400000000140400000000150400000000160400000000170200002A02000030013A3101164F7E
2026-03-27 00:35:25 - msg_id_0200 ==> 7E02000042660000000002027700000000000C000300C64797049FACC0038700000000260327003524010400000000140400000000150400000000160400000000170200002A02000030013A3101172F7E
2026-03-27 00:35:45 - msg_id_0200 ==> 7E02000042660000000002027F00000100000C000300C64794049FACC0038700000000260327003544010400000000140400000000150400000000160400000000170200002A02000030013A310116447E
2026-03-27 00:37:36 - msg_id_0200 ==> 7E02000042660000000002000200000000000C000300C64798049FACD0038700000000260327003735010400000000140400000000150400000000160400000000170200002A02000030013A310114577E
2026-03-27 00:38:07 - msg_id_0200 ==> 7E02000042660000000002000D00000000000C000300C6479A049FACD0038700000000260327003806010400000000140400000000150400000000160400000000170200002A02000030013A310112607E
2026-03-27 00:38:38 - msg_id_0200 ==> 7E02000042660000000002001800000000000C000300C64798049FACD8038700000000260327003837010400000000140400000000150400000000160400000000170200002A02000030013A3101134F7E
2026-03-27 00:39:09 - msg_id_0200 ==> 7E02000042660000000002002300000000000C000300C64798049FACD8038700000000260327003908010400000000140400000000150400000000160400000000170200002A02000030013A3101134A7E
2026-03-27 00:39:40 - msg_id_0200 ==> 7E02000042660000000002002E00000000000C000300C64799049FACD8038700000000260327003939010400000000140400000000150400000000160400000000170200002A02000030013A310113777E
2026-03-27 00:40:11 - msg_id_0200 ==> 7E02000042660000000002003900000000000C000300C64798049FACD8038700000000260327004010010400000000140400000000150400000000160400000000170200002A02000030013A310113317E
2026-03-27 00:40:42 - msg_id_0200 ==> 7E02000042660000000002004400000000000C000300C64796049FACD8038700000000260327004041010400000000140400000000150400000000160400000000170200002A02000030013A310111117E
2026-03-27 00:41:13 - msg_id_0200 ==> 7E02000042660000000002004F00000000000C000300C64795049FACD8038700000000260327004112010400000000140400000000150400000000160400000000170200002A02000030013A310113497E
2026-03-27 00:41:44 - msg_id_0200 ==> 7E02000042660000000002005A00000000000C000300C64797049FACD8038700000000260327004143010400000000140400000000150400000000160400000000170200002A02000030013A310114087E
2026-03-27 00:42:15 - msg_id_0200 ==> 7E02000042660000000002006500000000000C000300C64799049FACE0038700000000260327004214010400000000140400000000150400000000160400000000170200002A02000030013A310112537E
2026-03-27 00:42:46 - msg_id_0200 ==> 7E02000042660000000002007000000000000C000300C64795049FACE0038700000000260327004245010400000000140400000000150400000000160400000000170200002A02000030013A3101131A7E
2026-03-27 00:43:17 - msg_id_0200 ==> 7E02000042660000000002007B00000000000C000300C64794049FACE0038700000000260327004316010400000000140400000000150400000000160400000000170200002A0200003001363101134E7E
2026-03-27 00:43:26 - msg_id_0200 ==> 7E02000042660000000002007F00000100000C000300C64794049FACE0038700000000260327004325010400000000140400000000150400000000160400000000170200002A0200003001363101147F7E
2026-03-27 00:44:09 - msg_id_0200 ==> 7E02000042660000000002000200000000000C000300C64791049FACE0038700000000260327004408010400000000140400000000150400000000160400000000170200002A02000030013A310111257E
2026-03-27 00:44:40 - msg_id_0200 ==> 7E02000042660000000002000D00000000000C000300C64793049FACE0038700000000260327004439010400000000140400000000150400000000160400000000170200002A02000030014A3101146C7E
2026-03-27 00:45:11 - msg_id_0200 ==> 7E02000042660000000002001800000000000C000300C64793049FACD8038700000000260327004510010400000000140400000000150400000000160400000000170200002A02000030014A3101126F7E
2026-03-27 00:45:42 - msg_id_0200 ==> 7E02000042660000000002002300000000000C000300C64793049FACD8038700000000260327004541010400000000140400000000150400000000160400000000170200002A02000030014A310113047E
2026-03-27 00:46:13 - msg_id_0200 ==> 7E02000042660000000002002E00000000000C000300C64793049FACD8038700000000260327004612010400000000140400000000150400000000160400000000170200002A02000030014A3101145E7E
2026-03-27 00:46:44 - msg_id_0200 ==> 7E02000042660000000002003900000000000C000300C64792049FACD8038700000000260327004643010400000000140400000000150400000000160400000000170200002A02000030014A3101161B7E
2026-03-27 00:47:15 - msg_id_0200 ==> 7E02000042660000000002004400000000000C000300C64792049FACD8038700000000260327004714010400000000140400000000150400000000160400000000170200002A02000030014A310114327E
2026-03-27 00:47:46 - msg_id_0200 ==> 7E02000042660000000002004F00000000000C000300C64790049FACE0038700000000260327004745010400000000140400000000150400000000160400000000170200002A02000030014A310114527E
2026-03-27 00:48:17 - msg_id_0200 ==> 7E02000042660000000002005A00000000000C000300C6478E049FACE0038700000000260327004816010400000000140400000000150400000000160400000000170200002A02000030014A310113027E
2026-03-27 00:48:48 - msg_id_0200 ==> 7E02000042660000000002006500000000000C000300C6478B049FACE0038700000000260327004847010400000000140400000000150400000000160400000000170200002A02000030014A3101146E7E
2026-03-27 00:49:19 - msg_id_0200 ==> 7E02000042660000000002007000000000000C000300C6478B049FACE0038800000000260327004918010400000000140400000000150400000000160400000000170200002A02000030014A310116287E
2026-03-27 00:49:50 - msg_id_0200 ==> 7E02000042660000000002007B00000000000C000300C6478B049FACE0038800000000260327004949010400000000140400000000150400000000160400000000170200002A02000030014A310114707E
2026-03-27 00:49:59 - msg_id_0200 ==> 7E02000042660000000002007F00000100000C000300C6478B049FACE0038800000000260327004958010400000000140400000000150400000000160400000000170200002A02000030014A310113637E
2026-03-27 00:50:21 - msg_id_0200 ==> 7E02000042660000000002008700000000000C000300C6478D049FACD8038800000000260327005020010400000000140400000000150400000000160400000000170200002A02000030014A310114C27E
2026-03-27 00:50:52 - msg_id_0200 ==> 7E02000042660000000002009200000000000C000300C64790049FACD8038800000000260327005051010400000000140400000000150400000000160400000000170200002A02000030014A310116B97E
2026-03-27 00:51:23 - msg_id_0200 ==> 7E02000042660000000002009D00000000000C000300C64790049FACD8038800000000260327005122010400000000140400000000150400000000160400000000170200002A02000030014A310116C47E
2026-03-27 00:51:54 - msg_id_0200 ==> 7E0200004266000000000200A800000000000C000300C6478E049FACD8038800000000260327005153010400000000140400000000150400000000160400000000170200002A02000030014A3101169E7E
2026-03-27 00:52:25 - msg_id_0200 ==> 7E0200004266000000000200B300000000000C000300C6478C049FACD0038800000000260327005224010400000000140400000000150400000000160400000000170200002A02000030014A310116FB7E
2026-03-27 00:52:56 - msg_id_0200 ==> 7E0200004266000000000200BE00000000000C000300C6478E049FACD0038800000000260327005255010400000000140400000000150400000000160400000000170200002A02000030014A310115867E
2026-03-27 00:53:27 - msg_id_0200 ==> 7E0200004266000000000200C900000000000C000300C64790049FACD0038800000000260327005326010400000000140400000000150400000000160400000000170200002A02000030014A3101159D7E
2026-03-27 00:53:58 - msg_id_0200 ==> 7E0200004266000000000200D400000000000C000300C64791049FACD0038800000000260327005357010400000000140400000000150400000000160400000000170200002A02000030014A310117F27E
2026-03-27 00:54:29 - msg_id_0200 ==> 7E0200004266000000000200DF00000000000C000300C6478E049FACD0038800000000260327005428010400000000140400000000150400000000160400000000170200002A02000030014D310116987E
2026-03-27 00:55:00 - msg_id_0200 ==> 7E0200004266000000000200EA00000000000C000300C6478B049FACD8038800000000260327005459010400000000140400000000150400000000160400000000170200002A02000030014D310116D17E
2026-03-27 00:55:31 - msg_id_0200 ==> 7E0200004266000000000200F500000000000C000300C64788049FACD8038800000000260327005530010400000000140400000000150400000000160400000000170200002A02000030014D310118AB7E
2026-03-27 00:56:02 - msg_id_0200 ==> 7E02000042660000000002010000000000000C000300C64787049FACD8038800000000260327005601010400000000140400000000150400000000160400000000170200002A02000030014D3101166C7E
2026-03-27 00:56:33 - msg_id_0200 ==> 7E02000042660000000002010B00000000000C000300C64786049FACD8038800000000260327005632010400000000140400000000150400000000160400000000170200002A02000030014D3101185B7E
2026-03-27 00:57:04 - msg_id_0200 ==> 7E02000042660000000002011600000000000C000300C64786049FACD8038800000000260327005703010400000000140400000000150400000000160400000000170200002A02000030014D310118767E
2026-03-27 00:57:35 - msg_id_0200 ==> 7E02000042660000000002012100000000000C000300C6478A049FACD8038800000000260327005734010400000000140400000000150400000000160400000000170200002A02000030014D3101197B7E
2026-03-27 00:58:06 - msg_id_0200 ==> 7E02000042660000000002012C00000000000C000300C6478C049FACD8038800000000260327005805010400000000140400000000150400000000160400000000170200002A02000030014D3101184F7E
2026-03-27 00:58:37 - msg_id_0200 ==> 7E02000042660000000002013700000000000C000300C6478C049FACE0038800000000260327005836010400000000140400000000150400000000160400000000170200002A02000030014D3101195E7E
2026-03-27 00:59:08 - msg_id_0200 ==> 7E02000042660000000002014200000000000C000300C6478B049FACE0038800000000260327005907010400000000140400000000150400000000160400000000170200002A02000030014D310117127E
2026-03-27 00:59:39 - msg_id_0200 ==> 7E02000042660000000002014D00000000000C000300C6478C049FACE0038800000000260327005938010400000000140400000000150400000000160400000000170200002A02000030014D3101182A7E
2026-03-27 01:00:10 - msg_id_0200 ==> 7E02000042660000000002015800000000000C000300C6478E049FACE0038800000000260327010009010400000000140400000000150400000000160400000000170200002A02000030014A3101175C7E
2026-03-27 01:00:41 - msg_id_0200 ==> 7E02000042660000000002016300000000000C000300C6478E049FACE0038800000000260327010040010400000000140400000000150400000000160400000000170200002A02000030014A310118217E
2026-03-27 01:01:12 - msg_id_0200 ==> 7E02000042660000000002016E00000000000C000300C6478F049FACE0038800000000260327010111010400000000140400000000150400000000160400000000170200002A02000030014A3101197C7E
2026-03-27 01:01:43 - msg_id_0200 ==> 7E02000042660000000002017900000000000C000300C64790049FACE0038800000000260327010142010400000000140400000000150400000000160400000000170200002A02000030014A310116287E
2026-03-27 01:01:58 - msg_id_0200 ==> 7E02000042660000000002017F00000100000C000300C64790049FACE0038800000000260327010157010400000000140400000000150400000000160400000000170200002A02000030014A310118347E
2026-03-27 01:02:14 - msg_id_0200 ==> 7E02000042660000000002018500000000000C000300C64791049FACE0038800000000260327010213010400000000140400000000150400000000160400000000170200002A02000030014A310118897E
2026-03-27 01:02:45 - msg_id_0200 ==> 7E02000042660000000002019000000000000C000300C64793049FACE0038800000000260327010244010400000000140400000000150400000000160400000000170200002A02000030014A310117C67E
2026-03-27 01:03:16 - msg_id_0200 ==> 7E02000042660000000002019B00000000000C000300C64795049FACD8038800000000260327010315010400000000140400000000150400000000160400000000170200002A02000030014A310118AC7E
2026-03-27 01:03:47 - msg_id_0200 ==> 7E0200004266000000000201A600000000000C000300C64798049FACD8038800000000260327010346010400000000140400000000150400000000160400000000170200002A02000030014A310118CF7E
2026-03-27 01:04:18 - msg_id_0200 ==> 7E0200004266000000000201B100000000000C000300C64798049FACD8038800000000260327010417010400000000140400000000150400000000160400000000170200002A02000030014A310116807E
2026-03-27 01:04:49 - msg_id_0200 ==> 7E0200004266000000000201BC00000000000C000300C64799049FACD8038800000000260327010448010400000000140400000000150400000000160400000000170200002A02000030014A310116D37E
2026-03-27 01:05:20 - msg_id_0200 ==> 7E0200004266000000000201C700000000000C000300C64798049FACD8038800000000260327010519010400000000140400000000150400000000160400000000170200002A02000030014A310116F97E
2026-03-27 01:05:51 - msg_id_0200 ==> 7E0200004266000000000201D200000000000C000300C64799049FACD8038800000000260327010550010400000000140400000000150400000000160400000000170200002A02000030014A310118AA7E
2026-03-27 01:06:22 - msg_id_0200 ==> 7E0200004266000000000201DD00000000000C000300C64797049FACD8038800000000260327010621010400000000140400000000150400000000160400000000170200002A02000030014A310118D97E
2026-03-27 01:06:53 - msg_id_0200 ==> 7E0200004266000000000201E800000000000C000300C64796049FACD8038800000000260327010652010400000000140400000000150400000000160400000000170200002A02000030014A310117917E
2026-03-27 01:07:24 - msg_id_0200 ==> 7E0200004266000000000201F300000000000C000300C64794049FACD8038800000000260327010723010400000000140400000000150400000000160400000000170200002A02000030014A310114FB7E
2026-03-27 01:07:55 - msg_id_0200 ==> 7E0200004266000000000201FE00000000000C000300C64792049FACD8038800000000260327010754010400000000140400000000150400000000160400000000170200002A02000030014A310115867E
2026-03-27 01:08:26 - msg_id_0200 ==> 7E02000042660000000002020900000000000C000300C64791049FACD0038800000000260327010825010400000000140400000000150400000000160400000000170200002A02000030014A310117057E
2026-03-27 01:08:57 - msg_id_0200 ==> 7E02000042660000000002021400000000000C000300C64791049FACD8038900000000260327010856010400000000140400000000150400000000160400000000170200002A02000030014A3101186D7E
2026-03-27 01:09:28 - msg_id_0200 ==> 7E02000042660000000002021F00000000000C000300C64792049FACD8038800000000260327010927010400000000140400000000150400000000160400000000170200002A02000030014A310118147E
2026-03-27 01:09:59 - msg_id_0200 ==> 7E02000042660000000002022A00000000000C000300C64792049FACD8038800000000260327010958010400000000140400000000150400000000160400000000170200002A02000030014A3101185E7E
2026-03-27 01:10:30 - msg_id_0200 ==> 7E02000042660000000002023500000000000C000300C6478E049FACD0038800000000260327011029010400000000140400000000150400000000160400000000170200002A02000030014A3101193C7E
2026-03-27 01:11:01 - msg_id_0200 ==> 7E02000042660000000002024000000000000C000300C6478B049FACD0038800000000260327011100010400000000140400000000150400000000160400000000170200002A02000030014A310118657E
2026-03-27 01:11:32 - msg_id_0200 ==> 7E02000042660000000002024B00000000000C000300C6478B049FACD0038800000000260327011131010400000000140400000000150400000000160400000000170200002A02000030014A3101195E7E
2026-03-27 01:12:03 - msg_id_0200 ==> 7E02000042660000000002025600000000000C000300C6478B049FACD0038800000000260327011202010400000000140400000000150400000000160400000000170200002A02000030014A3101167C7E
2026-03-27 01:12:34 - msg_id_0200 ==> 7E02000042660000000002026100000000000C000300C6478B049FACC8038800000000260327011233010400000000140400000000150400000000160400000000170200002A02000030014A310116627E
2026-03-27 01:13:05 - msg_id_0200 ==> 7E02000042660000000002026C00000000000C000300C64788049FACC8038800000000260327011304010400000000140400000000150400000000160400000000170200002A02000030014A310118547E
2026-03-27 01:13:36 - msg_id_0200 ==> 7E02000042660000000002027700000000000C000300C64786049FACC8038800000000260327011335010400000000140400000000150400000000160400000000170200002A02000030014A3101177F7E
2026-03-27 01:13:56 - msg_id_0200 ==> 7E02000042660000000002027F00000100000C000300C64786049FACC8038800000000260327011355010400000000140400000000150400000000160400000000170200002A02000030014A310119187E
2026-03-27 01:15:46 - msg_id_0200 ==> 7E02000042660000000002000200000000000C000300C64784049FACC8038800000000260327011545010400000000140400000000150400000000160400000000170200002A02000030014D310118747E
2026-03-27 01:16:17 - msg_id_0200 ==> 7E02000042660000000002000D00000000000C000300C64786049FACC8038800000000260327011616010400000000140400000000150400000000160400000000170200002A02000030014D310118297E
2026-03-27 01:16:48 - msg_id_0200 ==> 7E02000042660000000002001800000000000C000300C64786049FACC8038900000000260327011647010400000000140400000000150400000000160400000000170200002A02000030014D310117637E
2026-03-27 01:17:19 - msg_id_0200 ==> 7E02000042660000000002002300000000000C000300C64782049FACC8038900000000260327011718010400000000140400000000150400000000160400000000170200002A02000030014D310117027E
2026-03-27 01:17:50 - msg_id_0200 ==> 7E02000042660000000002002E00000000000C000300C64782049FACC8038900000000260327011749010400000000140400000000150400000000160400000000170200002A02000030014D3101175E7E
2026-03-27 01:18:21 - msg_id_0200 ==> 7E02000042660000000002003900000000000C000300C64780049FACC8038900000000260327011820010400000000140400000000150400000000160400000000170200002A02000030014D310118227E
2026-03-27 01:18:52 - msg_id_0200 ==> 7E02000042660000000002004400000000000C000300C6477F049FACC0038900000000260327011851010400000000140400000000150400000000160400000000170200002A02000030014D310117D67E
2026-03-27 01:19:23 - msg_id_0200 ==> 7E02000042660000000002004F00000000000C000300C6477F049FACC0038900000000260327011922010400000000140400000000150400000000160400000000170200002A02000030014D310118A07E
2026-03-27 01:19:54 - msg_id_0200 ==> 7E02000042660000000002005A00000000000C000300C6477F049FACC0038900000000260327011953010400000000140400000000150400000000160400000000170200002A02000030014D310118C47E
2026-03-27 01:20:25 - msg_id_0200 ==> 7E02000042660000000002006500000000000C000300C6477F049FACC0038900000000260327012024010400000000140400000000150400000000160400000000170200002A02000030014D310117BA7E
2026-03-27 01:20:56 - msg_id_0200 ==> 7E02000042660000000002007000000000000C000300C6477F049FACC0038900000000260327012055010400000000140400000000150400000000160400000000170200002A02000030014D310117DE7E
2026-03-27 01:21:27 - msg_id_0200 ==> 7E02000042660000000002007B00000000000C000300C64780049FACC0038900000000260327012126010400000000140400000000150400000000160400000000170200002A02000030014D310116597E
2026-03-27 01:21:36 - msg_id_0200 ==> 7E02000042660000000002007F00000100000C000300C64781049FACC0038900000000260327012135010400000000140400000000150400000000160400000000170200002A02000030014D3101154D7E
2026-03-27 01:23:29 - msg_id_0200 ==> 7E02000042660000000002000200000000000C000300C6477D02049FACB8038900000000260327012328010400000000140400000000150400000000160400000000170200002A02000030014D310116AA7E
2026-03-27 01:24:00 - msg_id_0200 ==> 7E02000042660000000002000D00000000000C000300C6477D02049FACB8038900000000260327012359010400000000140400000000150400000000160400000000170200002A02000030014D310117D57E
2026-03-27 01:24:31 - msg_id_0200 ==> 7E02000042660000000002001800000000000C000300C6477F049FACB8038900000000260327012430010400000000140400000000150400000000160400000000170200002A02000030014D310118A07E
2026-03-27 01:25:02 - msg_id_0200 ==> 7E02000042660000000002002300000000000C000300C6477F049FACB8038900000000260327012501010400000000140400000000150400000000160400000000170200002A02000030014D310116A57E
2026-03-27 01:25:33 - msg_id_0200 ==> 7E02000042660000000002002E00000000000C000300C6477F049FACB8038900000000260327012532010400000000140400000000150400000000160400000000170200002A02000030014D310118957E
2026-03-27 01:26:04 - msg_id_0200 ==> 7E02000042660000000002003900000000000C000300C6477F049FACB8038900000000260327012603010400000000140400000000150400000000160400000000170200002A02000030014D310114BC7E
2026-03-27 01:26:35 - msg_id_0200 ==> 7E02000042660000000002004400000000000C000300C6477D02049FACB8038900000000260327012634010400000000140400000000150400000000160400000000170200002A02000030014D310116F57E
2026-03-27 01:27:06 - msg_id_0200 ==> 7E02000042660000000002004F00000000000C000300C6477D02049FACB8038900000000260327012705010400000000140400000000150400000000160400000000170200002A02000030014D310116CE7E
2026-03-27 01:27:37 - msg_id_0200 ==> 7E02000042660000000002005A00000000000C000300C6477D01049FACB8038900000000260327012736010400000000140400000000150400000000160400000000170200002A02000030014D310116EB7E
2026-03-27 01:28:08 - msg_id_0200 ==> 7E02000042660000000002006500000000000C000300C6477B049FACB0038900000000260327012807010400000000140400000000150400000000160400000000170200002A02000030014D310117E57E
2026-03-27 01:28:39 - msg_id_0200 ==> 7E02000042660000000002007000000000000C000300C6477D01049FACB0038900000000260327012838010400000000140400000000150400000000160400000000170200002A02000030014D310115CB7E
2026-03-27 01:29:10 - msg_id_0200 ==> 7E02000042660000000002007B00000000000C000300C6477B049FACB0038900000000260327012909010400000000140400000000150400000000160400000000170200002A02000030014D310116F57E
2026-03-27 01:29:19 - msg_id_0200 ==> 7E02000042660000000002007F00000100000C000300C6477B049FACB0038900000000260327012918010400000000140400000000150400000000160400000000170200002A02000030014D310116E17E
2026-03-27 01:29:41 - msg_id_0200 ==> 7E02000042660000000002008700000000000C000300C6477C049FACB0038900000000260327012940010400000000140400000000150400000000160400000000170200002A02000030014D310116477E
2026-03-27 01:30:12 - msg_id_0200 ==> 7E02000042660000000002009200000000000C000300C6477C049FACB0038900000000260327013011010400000000140400000000150400000000160400000000170200002A02000030014D310115197E
2026-03-27 01:30:43 - msg_id_0200 ==> 7E02000042660000000002009D00000000000C000300C6477A049FACA8038900000000260327013042010400000000140400000000150400000000160400000000170200002A02000030014D3101155B7E
2026-03-27 01:31:14 - msg_id_0200 ==> 7E0200004266000000000200A800000000000C000300C64777049FACA8038900000000260327013113010400000000140400000000150400000000160400000000170200002A02000030014D310116307E
2026-03-27 01:31:45 - msg_id_0200 ==> 7E0200004266000000000200B300000000000C000300C64776049FACA8038900000000260327013144010400000000140400000000150400000000160400000000170200002A02000030014D3101157D027E
2026-03-27 01:32:16 - msg_id_0200 ==> 7E0200004266000000000200BE00000000000C000300C64773049FACA0038900000000260327013215010400000000140400000000150400000000160400000000170200002A02000030014D3101152C7E
2026-03-27 01:32:47 - msg_id_0200 ==> 7E0200004266000000000200C900000000000C000300C64771049FACA0038900000000260327013246010400000000140400000000150400000000160400000000170200002A02000030014D310116097E
2026-03-27 01:33:18 - msg_id_0200 ==> 7E0200004266000000000200D400000000000C000300C6476F049FACA0038800000000260327013317010400000000140400000000150400000000160400000000170200002A02000030014D3101165B7E
2026-03-27 01:33:49 - msg_id_0200 ==> 7E0200004266000000000200DF00000000000C000300C6476D049FACA0038800000000260327013348010400000000140400000000150400000000160400000000170200002A02000030014D3101160D7E
2026-03-27 01:34:20 - msg_id_0200 ==> 7E0200004266000000000200EA00000000000C000300C6476C049FACA0038800000000260327013419010400000000140400000000150400000000160400000000170200002A02000030014D3101166F7E
2026-03-27 01:34:51 - msg_id_0200 ==> 7E0200004266000000000200F500000000000C000300C6476B049FACA0038800000000260327013450010400000000140400000000150400000000160400000000170200002A02000030014D3101153D7E
2026-03-27 01:35:22 - msg_id_0200 ==> 7E02000042660000000002010000000000000C000300C6476B049FACA0038800000000260327013521010400000000140400000000150400000000160400000000170200002A02000030014D310116BA7E
2026-03-27 01:35:53 - msg_id_0200 ==> 7E02000042660000000002010B00000000000C000300C6476C049FACA0038800000000260327013552010400000000140400000000150400000000160400000000170200002A02000030014D310114C77E
2026-03-27 01:36:24 - msg_id_0200 ==> 7E02000042660000000002011600000000000C000300C6476F049FACA0038800000000260327013623010400000000140400000000150400000000160400000000170200002A02000030014D310116A97E
2026-03-27 01:36:55 - msg_id_0200 ==> 7E02000042660000000002012100000000000C000300C6476E049FACA0038800000000260327013654010400000000140400000000150400000000160400000000170200002A02000030014D310116E87E
2026-03-27 01:37:26 - msg_id_0200 ==> 7E02000042660000000002012C00000000000C000300C6476D049FACA0038800000000260327013725010400000000140400000000150400000000160400000000170200002A02000030014D310118987E
2026-03-27 01:37:57 - msg_id_0200 ==> 7E02000042660000000002013700000000000C000300C6476E049FACA0038800000000260327013756010400000000140400000000150400000000160400000000170200002A02000030014D310117FC7E
2026-03-27 01:38:28 - msg_id_0200 ==> 7E02000042660000000002014200000000000C000300C6476E049FAC98038800000000260327013827010400000000140400000000150400000000160400000000170200002A02000030014D310117CF7E
2026-03-27 01:38:59 - msg_id_0200 ==> 7E02000042660000000002014D00000000000C000300C6476D049FAC98038800000000260327013858010400000000140400000000150400000000160400000000170200002A02000030014D310115BE7E
2026-03-27 01:39:30 - msg_id_0200 ==> 7E02000042660000000002015800000000000C000300C6476E049FAC98038800000000260327013929010400000000140400000000150400000000160400000000170200002A02000030014D310118D57E
2026-03-27 01:41:41 - msg_id_0200 ==> 7E02000042660000000002000200000000000C000300C64768049FACA8038900000000260327014140010400000000140400000000150400000000160400000000170200002A02000030013A310111D67E
2026-03-27 01:42:12 - msg_id_0200 ==> 7E02000042660000000002000D00000000000C000300C6476A049FACA8038800000000260327014211010400000000140400000000150400000000160400000000170200002A020000300136310114817E
2026-03-27 01:42:43 - msg_id_0200 ==> 7E02000042660000000002001800000000000C000300C6476C049FACA8038800000000260327014242010400000000140400000000150400000000160400000000170200002A020000300136310115C07E
2026-03-27 01:43:14 - msg_id_0200 ==> 7E02000042660000000002002300000000000C000300C6476F049FACB0038900000000260327014313010400000000140400000000150400000000160400000000170200002A020000300136310113B77E
2026-03-27 01:43:45 - msg_id_0200 ==> 7E02000042660000000002002E00000000000C000300C64771049FACA8038900000000260327014344010400000000140400000000150400000000160400000000170200002A020000300136310114EC7E
2026-03-27 01:44:16 - msg_id_0200 ==> 7E02000042660000000002003900000000000C000300C64773049FACA8038900000000260327014415010400000000140400000000150400000000160400000000170200002A020000300136310115AE7E
2026-03-27 01:47:01 - msg_id_0200 ==> 7E02000042660000000002000200000000000C000300C64772049FACB0038B00000000260327014700010400000000140400000000150400000000160400000000170200002A02000030014A310115E47E
2026-03-27 01:47:32 - msg_id_0200 ==> 7E02000042660000000002000D00000000000C000300C64770049FACB0038B00000000260327014731010400000000140400000000150400000000160400000000170200002A02000030014A310116DB7E
2026-03-27 01:48:03 - msg_id_0200 ==> 7E02000042660000000002001800000000000C000300C64772049FACA8038A00000000260327014802010400000000140400000000150400000000160400000000170200002A02000030014A310116E97E
2026-03-27 01:48:34 - msg_id_0200 ==> 7E02000042660000000002002300000000000C000300C64773049FACA8038A00000000260327014833010400000000140400000000150400000000160400000000170200002A02000030014A310115E17E
2026-03-27 01:49:05 - msg_id_0200 ==> 7E02000042660000000002002E00000000000C000300C64774049FACA8038A00000000260327014904010400000000140400000000150400000000160400000000170200002A02000030014A310114DC7E
2026-03-27 01:49:36 - msg_id_0200 ==> 7E02000042660000000002003900000000000C000300C64775049FACA8038B00000000260327014935010400000000140400000000150400000000160400000000170200002A02000030014A310114FA7E
2026-03-27 01:50:07 - msg_id_0200 ==> 7E02000042660000000002004400000000000C000300C64776049FACA8038A00000000260327015006010400000000140400000000150400000000160400000000170200002A02000030014A310114AF7E
2026-03-27 01:50:38 - msg_id_0200 ==> 7E02000042660000000002004F00000000000C000300C64774049FACA8038A00000000260327015037010400000000140400000000150400000000160400000000170200002A02000030014A310114977E
2026-03-27 01:51:09 - msg_id_0200 ==> 7E02000042660000000002005A00000000000C000300C64773049FACA8038A00000000260327015108010400000000140400000000150400000000160400000000170200002A02000030014A310114BB7E
2026-03-27 01:51:40 - msg_id_0200 ==> 7E02000042660000000002006500000000000C000300C64774049FACB0038A00000000260327015139010400000000140400000000150400000000160400000000170200002A02000030014A310115AB7E
2026-03-27 01:52:11 - msg_id_0200 ==> 7E02000042660000000002007000000000000C000300C64776049FACB0038A00000000260327015210010400000000140400000000150400000000160400000000170200002A02000030014A310112917E
2026-03-27 01:52:42 - msg_id_0200 ==> 7E02000042660000000002007B00000000000C000300C64778049FACB0038A00000000260327015241010400000000140400000000150400000000160400000000170200002A02000030014A310115C27E
2026-03-27 01:52:51 - msg_id_0200 ==> 7E02000042660000000002007F00000100000C000300C64779049FACB0038A00000000260327015250010400000000140400000000150400000000160400000000170200002A02000030014A310115D77E
2026-03-27 01:54:44 - msg_id_0200 ==> 7E02000042660000000002000200000000000C000300C64777049FACB8038A00000000260327015443010400000000140400000000150400000000160400000000170200002A02000030014A310117BA7E
2026-03-27 01:55:15 - msg_id_0200 ==> 7E02000042660000000002000D00000000000C000300C64777049FACB8038A00000000260327015514010400000000140400000000150400000000160400000000170200002A02000030014A310116E27E
2026-03-27 01:55:46 - msg_id_0200 ==> 7E02000042660000000002001800000000000C000300C64775049FACB0038A00000000260327015545010400000000140400000000150400000000160400000000170200002A02000030014A310117AD7E
2026-03-27 01:56:17 - msg_id_0200 ==> 7E02000042660000000002002300000000000C000300C64774049FACB0038A00000000260327015616010400000000140400000000150400000000160400000000170200002A02000030014A310116C67E
2026-03-27 01:56:48 - msg_id_0200 ==> 7E02000042660000000002002E00000000000C000300C64775049FACB0038A00000000260327015647010400000000140400000000150400000000160400000000170200002A02000030014A310115987E
2026-03-27 01:57:19 - msg_id_0200 ==> 7E02000042660000000002003900000000000C000300C64776049FACB0038A00000000260327015718010400000000140400000000150400000000160400000000170200002A02000030014A310115D27E
2026-03-27 01:57:50 - msg_id_0200 ==> 7E02000042660000000002004400000000000C000300C64777049FACA8038A00000000260327015749010400000000140400000000150400000000160400000000170200002A02000030014A310114E67E
2026-03-27 01:58:21 - msg_id_0200 ==> 7E02000042660000000002004F00000000000C000300C64776049FACA8038A00000000260327015820010400000000140400000000150400000000160400000000170200002A02000030014A3101148A7E
2026-03-27 01:58:52 - msg_id_0200 ==> 7E02000042660000000002005A00000000000C000300C64776049FACA8038A00000000260327015851010400000000140400000000150400000000160400000000170200002A02000030014A310113E97E
2026-03-27 01:59:23 - msg_id_0200 ==> 7E02000042660000000002006500000000000C000300C64776049FACA8038A00000000260327015922010400000000140400000000150400000000160400000000170200002A02000030014A310114A37E
2026-03-27 01:59:54 - msg_id_0200 ==> 7E02000042660000000002007000000000000C000300C64775049FACA8038A00000000260327015953010400000000140400000000150400000000160400000000170200002A02000030014A310115C57E
2026-03-27 02:00:25 - msg_id_0200 ==> 7E02000042660000000002007B00000000000C000300C64775049FACA8038A00000000260327020024010400000000140400000000150400000000160400000000170200002A02000030014A310114E27E
2026-03-27 02:00:33 - msg_id_0200 ==> 7E02000042660000000002007F00000100000C000300C64775049FACA8038A00000000260327020032010400000000140400000000150400000000160400000000170200002A02000030014A310115F07E
2026-03-27 02:01:23 - msg_id_0200 ==> 7E02000042660000000002000200000000000C000300C64774049FACA8038A00000000260327020122010400000000140400000000150400000000160400000000170200002A02000030014A3101159C7E
2026-03-27 02:01:54 - msg_id_0200 ==> 7E02000042660000000002000D00000000000C000300C64775049FACA8038A00000000260327020153010400000000140400000000150400000000160400000000170200002A02000030014A310118EE7E
2026-03-27 02:02:25 - msg_id_0200 ==> 7E02000042660000000002001800000000000C000300C64776049FACA8038A00000000260327020224010400000000140400000000150400000000160400000000170200002A02000030014A3101188C7E
2026-03-27 02:02:56 - msg_id_0200 ==> 7E02000042660000000002002300000000000C000300C64776049FACA8038A00000000260327020255010400000000140400000000150400000000160400000000170200002A02000030014A310117C97E
2026-03-27 02:03:27 - msg_id_0200 ==> 7E02000042660000000002002E00000000000C000300C64775049FACA0038A00000000260327020326010400000000140400000000150400000000160400000000170200002A02000030014A310115BF7E
2026-03-27 02:03:58 - msg_id_0200 ==> 7E02000042660000000002003900000000000C000300C64775049FACA0038A00000000260327020357010400000000140400000000150400000000160400000000170200002A02000030014A310116DA7E
2026-03-27 02:04:29 - msg_id_0200 ==> 7E02000042660000000002004400000000000C000300C64775049FACA0038A00000000260327020428010400000000140400000000150400000000160400000000170200002A02000030014A310114DD7E
2026-03-27 02:05:00 - msg_id_0200 ==> 7E02000042660000000002004F00000000000C000300C64774049FACA0038A00000000260327020459010400000000140400000000150400000000160400000000170200002A02000030014A310116A47E
2026-03-27 02:05:31 - msg_id_0200 ==> 7E02000042660000000002005A00000000000C000300C64775049FACA0038A00000000260327020530010400000000140400000000150400000000160400000000170200002A02000030014A310115DB7E
2026-03-27 02:06:02 - msg_id_0200 ==> 7E02000042660000000002006500000000000C000300C64773049FACA0038A00000000260327020601010400000000140400000000150400000000160400000000170200002A02000030014A310115D07E
2026-03-27 02:06:33 - msg_id_0200 ==> 7E02000042660000000002007000000000000C000300C64773049FACA0038A00000000260327020632010400000000140400000000150400000000160400000000170200002A02000030014A310117F47E
2026-03-27 02:07:04 - msg_id_0200 ==> 7E02000042660000000002007B00000000000C000300C64774049FACA0038A00000000260327020703010400000000140400000000150400000000160400000000170200002A02000030014A310113CC7E
2026-03-27 02:07:13 - msg_id_0200 ==> 7E02000042660000000002007F00000100000C000300C64774049FACA0038A00000000260327020712010400000000140400000000150400000000160400000000170200002A02000030014A310115DE7E
2026-03-27 02:08:31 - msg_id_0200 ==> 7E02000042660000000002000200000000000C000300C64774049FACA0038A00000000260327020830010400000000140400000000150400000000160400000000170200002A02000030014A3101158F7E
2026-03-27 02:09:02 - msg_id_0200 ==> 7E02000042660000000002000D00000000000C000300C64773049FACA0038B00000000260327020901010400000000140400000000150400000000160400000000170200002A02000030014A310115B67E
2026-03-27 02:09:33 - msg_id_0200 ==> 7E02000042660000000002001800000000000C000300C64774049FACA8038B00000000260327020932010400000000140400000000150400000000160400000000170200002A02000030014A3101169C7E
2026-03-27 02:10:04 - msg_id_0200 ==> 7E02000042660000000002002300000000000C000300C64774049FACA8038B00000000260327021003010400000000140400000000150400000000160400000000170200002A02000030014A3101168F7E
2026-03-27 02:10:35 - msg_id_0200 ==> 7E02000042660000000002002E00000000000C000300C64773049FACA8038A00000000260327021034010400000000140400000000150400000000160400000000170200002A02000030014A310114B17E
2026-03-27 02:11:06 - msg_id_0200 ==> 7E02000042660000000002003900000000000C000300C64773049FACA8038A00000000260327021105010400000000140400000000150400000000160400000000170200002A02000030014A310114967E
2026-03-27 02:11:37 - msg_id_0200 ==> 7E02000042660000000002004400000000000C000300C64773049FACA8038A00000000260327021136010400000000140400000000150400000000160400000000170200002A02000030014A310113DF7E
2026-03-27 02:12:08 - msg_id_0200 ==> 7E02000042660000000002004F00000000000C000300C64770049FACA8038A00000000260327021207010400000000140400000000150400000000160400000000170200002A02000030014A310112E47E
2026-03-27 02:12:39 - msg_id_0200 ==> 7E02000042660000000002005A00000000000C000300C64770049FACA8038A00000000260327021238010400000000140400000000150400000000160400000000170200002A02000030014A310112CE7E
2026-03-27 02:13:10 - msg_id_0200 ==> 7E02000042660000000002006500000000000C000300C6476F049FACA8038A00000000260327021309010400000000140400000000150400000000160400000000170200002A02000030014A310113DF7E
2026-03-27 02:13:41 - msg_id_0200 ==> 7E02000042660000000002007000000000000C000300C6476F049FACA8038A00000000260327021340010400000000140400000000150400000000160400000000170200002A02000030014A310112827E
2026-03-27 02:14:12 - msg_id_0200 ==> 7E02000042660000000002007B00000000000C000300C6476E049FACA8038A00000000260327021411010400000000140400000000150400000000160400000000170200002A02000030014A310112DE7E
2026-03-27 02:14:20 - msg_id_0200 ==> 7E02000042660000000002007F00000100000C000300C6476C049FACA8038A00000000260327021419010400000000140400000000150400000000160400000000170200002A02000030014A310113D07E
2026-03-27 02:16:13 - msg_id_0200 ==> 7E02000042660000000002000200000000000C000300C6476E049FACA8038A00000000260327021612010400000000140400000000150400000000160400000000170200002A02000030014A310117A37E
2026-03-27 02:16:44 - msg_id_0200 ==> 7E02000042660000000002000D00000000000C000300C6476D049FACA8038A00000000260327021643010400000000140400000000150400000000160400000000170200002A02000030014A310116FF7E
2026-03-27 02:17:15 - msg_id_0200 ==> 7E02000042660000000002001800000000000C000300C6476C049FACA8038A00000000260327021714010400000000140400000000150400000000160400000000170200002A02000030014A310116BD7E
2026-03-27 02:17:46 - msg_id_0200 ==> 7E02000042660000000002002300000000000C000300C6476D049FACA8038A00000000260327021745010400000000140400000000150400000000160400000000170200002A02000030014A310116D67E
2026-03-27 02:18:17 - msg_id_0200 ==> 7E02000042660000000002002E00000000000C000300C6476D049FACA8038A00000000260327021816010400000000140400000000150400000000160400000000170200002A02000030014A310117867E
2026-03-27 02:18:48 - msg_id_0200 ==> 7E02000042660000000002003900000000000C000300C6476E049FACA8038A00000000260327021847010400000000140400000000150400000000160400000000170200002A02000030014A310117C37E
2026-03-27 02:19:19 - msg_id_0200 ==> 7E02000042660000000002004400000000000C000300C6476E049FACA8038A00000000260327021918010400000000140400000000150400000000160400000000170200002A02000030014A310116E17E
2026-03-27 02:19:50 - msg_id_0200 ==> 7E02000042660000000002004F00000000000C000300C6476E049FACA8038A00000000260327021949010400000000140400000000150400000000160400000000170200002A02000030014A310117BA7E
2026-03-27 02:20:21 - msg_id_0200 ==> 7E02000042660000000002005A00000000000C000300C6476C049FACA8038A00000000260327022020010400000000140400000000150400000000160400000000170200002A02000030014A310113F97E
2026-03-27 02:20:52 - msg_id_0200 ==> 7E02000042660000000002006500000000000C000300C64768049FACA0038A00000000260327022051010400000000140400000000150400000000160400000000170200002A02000030014A310116BE7E
2026-03-27 02:21:23 - msg_id_0200 ==> 7E02000042660000000002007000000000000C000300C64765049FACA0038A00000000260327022122010400000000140400000000150400000000160400000000170200002A02000030014A310115D77E
2026-03-27 02:21:54 - msg_id_0200 ==> 7E02000042660000000002007B00000000000C000300C64764049FACA0038A00000000260327022153010400000000140400000000150400000000160400000000170200002A02000030014A310115AC7E
2026-03-27 02:22:03 - msg_id_0200 ==> 7E02000042660000000002007F00000100000C000300C64763049FACA0038A00000000260327022202010400000000140400000000150400000000160400000000170200002A02000030014A310116FF7E
2026-03-27 02:22:46 - msg_id_0200 ==> 7E02000042660000000002000200000000000C000300C6475A049FACA0038A00000000260327022245010400000000140400000000150400000000160400000000170200002A02000030014A310117FC7E
2026-03-27 02:23:17 - msg_id_0200 ==> 7E02000042660000000002000D00000000000C000300C64750049FACA0038A00000000260327022316010400000000140400000000150400000000160400000000170200002A02000030014A310115A97E
2026-03-27 02:23:48 - msg_id_0200 ==> 7E02000042660000000002001800000000000C000300C6474D049FAC98038A00000000260327022347010400000000140400000000150400000000160400000000170200002A02000030014A310116CB7E
2026-03-27 02:24:19 - msg_id_0200 ==> 7E02000042660000000002002300000000000C000300C64748049FAC90038A00000000260327022418010400000000140400000000150400000000160400000000170200002A02000030014A310115A67E
2026-03-27 02:24:50 - msg_id_0200 ==> 7E02000042660000000002002E00000000000C000300C64743049FAC90038B00000000260327022449010400000000140400000000150400000000160400000000170200002A02000030014A310114F17E
2026-03-27 02:25:21 - msg_id_0200 ==> 7E02000042660000000002003900000000000C000300C64741049FAC88038B00000000260327022520010400000000140400000000150400000000160400000000170200002A02000030014A310117977E
2026-03-27 02:25:52 - msg_id_0200 ==> 7E02000042660000000002004400000000000C000300C6473D049FAC88038B00000000260327022551010400000000140400000000150400000000160400000000170200002A02000030014A310115E57E
2026-03-27 02:26:23 - msg_id_0200 ==> 7E02000042660000000002004F00000000000C000300C6473B049FAC88038C00000000260327022622010400000000140400000000150400000000160400000000170200002A02000030014A3101149E7E
2026-03-27 02:26:54 - msg_id_0200 ==> 7E02000042660000000002005A00000000000C000300C6473A049FAC80038C00000000260327022653010400000000140400000000150400000000160400000000170200002A02000030014A310116F17E
2026-03-27 02:27:25 - msg_id_0200 ==> 7E02000042660000000002006500000000000C000300C6473B049FAC88038C00000000260327022724010400000000140400000000150400000000160400000000170200002A02000030014A310116B17E
2026-03-27 02:27:56 - msg_id_0200 ==> 7E02000042660000000002007000000000000C000300C64740049FAC90038C00000000260327022755010400000000140400000000150400000000160400000000170200002A02000030014A310115B57E
2026-03-27 02:28:27 - msg_id_0200 ==> 7E02000042660000000002007B00000000000C000300C64747049FAC88038C00000000260327022826010400000000140400000000150400000000160400000000170200002A02000030014A310116DE7E
2026-03-27 02:28:35 - msg_id_0200 ==> 7E02000042660000000002007F00000100000C000300C64748049FAC88038C00000000260327022834010400000000140400000000150400000000160400000000170200002A02000030014A310116C67E
2026-03-27 02:28:58 - msg_id_0200 ==> 7E02000042660000000002008700000000000C000300C6474A049FAC88038C00000000260327022857010400000000140400000000150400000000160400000000170200002A02000030014A3101175F7E
2026-03-27 02:29:29 - msg_id_0200 ==> 7E02000042660000000002009200000000000C000300C64750049FAC80038C00000000260327022928010400000000140400000000150400000000160400000000170200002A02000030014A310118297E
2026-03-27 02:30:00 - msg_id_0200 ==> 7E02000042660000000002009D00000000000C000300C64753049FAC80038C00000000260327022959010400000000140400000000150400000000160400000000170200002A02000030014A310115597E
2026-03-27 02:30:31 - msg_id_0200 ==> 7E0200004266000000000200A800000000000C000300C64756049FAC80038C00000000260327023030010400000000140400000000150400000000160400000000170200002A02000030014A3101171B7E
2026-03-27 02:31:02 - msg_id_0200 ==> 7E0200004266000000000200B300000000000C000300C64756049FAC80038C00000000260327023101010400000000140400000000150400000000160400000000170200002A02000030014A3101193E7E
2026-03-27 02:31:33 - msg_id_0200 ==> 7E0200004266000000000200BE00000000000C000300C6475A049FAC80038C00000000260327023132010400000000140400000000150400000000160400000000170200002A02000030014A310117027E
2026-03-27 02:32:04 - msg_id_0200 ==> 7E0200004266000000000200C900000000000C000300C6475E049FAC80038C00000000260327023203010400000000140400000000150400000000160400000000170200002A02000030014A310115417E
2026-03-27 02:32:35 - msg_id_0200 ==> 7E0200004266000000000200D400000000000C000300C64761049FAC80038C00000000260327023234010400000000140400000000150400000000160400000000170200002A02000030014A310116577E
2026-03-27 02:33:06 - msg_id_0200 ==> 7E0200004266000000000200DF00000000000C000300C64763049FAC78038C00000000260327023305010400000000140400000000150400000000160400000000170200002A02000030014A310115957E
2026-03-27 02:33:37 - msg_id_0200 ==> 7E0200004266000000000200EA00000000000C000300C64766049FAC78038C00000000260327023336010400000000140400000000150400000000160400000000170200002A02000030014A310114977E
2026-03-27 02:34:08 - msg_id_0200 ==> 7E0200004266000000000200F500000000000C000300C64766049FAC78038C00000000260327023407010400000000140400000000150400000000160400000000170200002A02000030014A310115BF7E
2026-03-27 02:34:39 - msg_id_0200 ==> 7E02000042660000000002010000000000000C000300C64766049FAC78038B00000000260327023438010400000000140400000000150400000000160400000000170200002A02000030014A310115737E
2026-03-27 02:35:10 - msg_id_0200 ==> 7E02000042660000000002010B00000000000C000300C64767049FAC80038B00000000260327023509010400000000140400000000150400000000160400000000170200002A02000030014A310114B07E
2026-03-27 02:35:41 - msg_id_0200 ==> 7E02000042660000000002011600000000000C000300C64769049FAC80038B00000000260327023540010400000000140400000000150400000000160400000000170200002A02000030014A310114EA7E
2026-03-27 02:36:12 - msg_id_0200 ==> 7E02000042660000000002012100000000000C000300C64769049FAC80038B00000000260327023611010400000000140400000000150400000000160400000000170200002A02000030014A310112897E
2026-03-27 02:36:43 - msg_id_0200 ==> 7E02000042660000000002012C00000000000C000300C6476A049FAC80038B00000000260327023642010400000000140400000000150400000000160400000000170200002A02000030014A310113D57E
2026-03-27 02:37:14 - msg_id_0200 ==> 7E02000042660000000002013700000000000C000300C64769049FAC80038B00000000260327023713010400000000140400000000150400000000160400000000170200002A02000030014A310117997E
2026-03-27 02:37:45 - msg_id_0200 ==> 7E02000042660000000002014200000000000C000300C64766049FAC80038B00000000260327023744010400000000140400000000150400000000160400000000170200002A02000030014A310117B47E
2026-03-27 02:38:29 - msg_id_0200 ==> 7E02000042660000000002014D00000000000C000300C64766049FAC80038B00000000260327023815010400000000140400000000150400000000160400000000170200002A02000030014A310114E67E
2026-03-27 02:38:29 - msg_id_0200 ==> 7E02000042660000000002014F00000100000C000300C64766049FAC80038B00000000260327023820010400000000140400000000150400000000160400000000170200002A02000030014A310114D07E
2026-03-27 02:39:00 - msg_id_0200 ==> 7E02000042660000000002000200000000000C000300C64768049FAC80038B00000000260327023859010400000000140400000000150400000000160400000000170200002A02000030014A310114EA7E
2026-03-27 02:39:31 - msg_id_0200 ==> 7E02000042660000000002000D00000000000C000300C6476A049FAC80038B00000000260327023930010400000000140400000000150400000000160400000000170200002A02000030014A3101148F7E
2026-03-27 02:40:02 - msg_id_0200 ==> 7E02000042660000000002001800000000000C000300C6476B049FAC80038B00000000260327024001010400000000140400000000150400000000160400000000170200002A02000030014A310117D07E
2026-03-27 02:40:33 - msg_id_0200 ==> 7E02000042660000000002002300000000000C000300C6476A049FAC80038B00000000260327024032010400000000140400000000150400000000160400000000170200002A02000030014A310115DB7E
2026-03-27 02:41:04 - msg_id_0200 ==> 7E02000042660000000002002E00000000000C000300C64768049FAC80038B00000000260327024103010400000000140400000000150400000000160400000000170200002A02000030014A310115E47E
2026-03-27 02:41:35 - msg_id_0200 ==> 7E02000042660000000002003900000000000C000300C64767049FAC80038B00000000260327024134010400000000140400000000150400000000160400000000170200002A02000030014A310117C97E
2026-03-27 02:42:06 - msg_id_0200 ==> 7E02000042660000000002004400000000000C000300C64769049FAC80038B00000000260327024205010400000000140400000000150400000000160400000000170200002A02000030014A310116897E
2026-03-27 02:42:37 - msg_id_0200 ==> 7E02000042660000000002004F00000000000C000300C6476A049FAC88038B00000000260327024236010400000000140400000000150400000000160400000000170200002A02000030014A310116BA7E
2026-03-27 02:43:08 - msg_id_0200 ==> 7E02000042660000000002005A00000000000C000300C6476A049FAC88038B00000000260327024307010400000000140400000000150400000000160400000000170200002A02000030014A3101169F7E
2026-03-27 02:43:39 - msg_id_0200 ==> 7E02000042660000000002006500000000000C000300C6476A049FAC88038B00000000260327024338010400000000140400000000150400000000160400000000170200002A02000030014A3101169F7E
2026-03-27 02:44:10 - msg_id_0200 ==> 7E02000042660000000002007000000000000C000300C6476A049FAC88038B00000000260327024409010400000000140400000000150400000000160400000000170200002A02000030014A310117BD7E
2026-03-27 02:44:41 - msg_id_0200 ==> 7E02000042660000000002007B00000000000C000300C6476B049FAC88038B00000000260327024440010400000000140400000000150400000000160400000000170200002A02000030014A310115FC7E
2026-03-27 02:44:50 - msg_id_0200 ==> 7E02000042660000000002007F00000100000C000300C6476B049FAC88038B00000000260327024449010400000000140400000000150400000000160400000000170200002A02000030014A310117F27E
2026-03-27 02:45:33 - msg_id_0200 ==> 7E02000042660000000002000200000000000C000300C6476B049FAC80038B00000000260327024532010400000000140400000000150400000000160400000000170200002A02000030014A310116FD7E
2026-03-27 02:46:04 - msg_id_0200 ==> 7E02000042660000000002000D00000000000C000300C6476A049FAC80038B00000000260327024603010400000000140400000000150400000000160400000000170200002A02000030014A310117C07E
2026-03-27 02:46:35 - msg_id_0200 ==> 7E02000042660000000002001800000000000C000300C6476A049FAC80038B00000000260327024634010400000000140400000000150400000000160400000000170200002A02000030014A310117E27E
2026-03-27 02:47:06 - msg_id_0200 ==> 7E02000042660000000002002300000000000C000300C64767049FAC78038B00000000260327024705010400000000140400000000150400000000160400000000170200002A02000030014A3101171C7E
2026-03-27 02:47:37 - msg_id_0200 ==> 7E02000042660000000002002E00000000000C000300C64769049FAC78038B00000000260327024736010400000000140400000000150400000000160400000000170200002A02000030014A3101142F7E
2026-03-27 02:48:08 - msg_id_0200 ==> 7E02000042660000000002003900000000000C000300C6476A049FAC78038B00000000260327024807010400000000140400000000150400000000160400000000170200002A02000030014A310116077E
2026-03-27 02:48:39 - msg_id_0200 ==> 7E02000042660000000002004400000000000C000300C6476B049FAC78038B00000000260327024838010400000000140400000000150400000000160400000000170200002A02000030014A310113417E
2026-03-27 02:49:10 - msg_id_0200 ==> 7E02000042660000000002004F00000000000C000300C6476B049FAC78038A00000000260327024909010400000000140400000000150400000000160400000000170200002A02000030014A3101157D017E
2026-03-27 02:49:41 - msg_id_0200 ==> 7E02000042660000000002005A00000000000C000300C64769049FAC80038A00000000260327024940010400000000140400000000150400000000160400000000170200002A02000030014A310114DA7E
2026-03-27 02:50:12 - msg_id_0200 ==> 7E02000042660000000002006500000000000C000300C6476A049FAC80038A00000000260327025011010400000000140400000000150400000000160400000000170200002A02000030014A310115AF7E
2026-03-27 02:50:43 - msg_id_0200 ==> 7E02000042660000000002007000000000000C000300C64769049FAC80038A00000000260327025042010400000000140400000000150400000000160400000000170200002A02000030014A310115EA7E
2026-03-27 02:51:14 - msg_id_0200 ==> 7E02000042660000000002007B00000000000C000300C64767049FAC80038A00000000260327025113010400000000140400000000150400000000160400000000170200002A02000030014A310115BF7E
2026-03-27 02:51:22 - msg_id_0200 ==> 7E02000042660000000002007F00000100000C000300C64766049FAC80038A00000000260327025121010400000000140400000000150400000000160400000000170200002A02000030014A3101168A7E
2026-03-27 02:52:40 - msg_id_0200 ==> 7E02000042660000000002000200000000000C000300C64763049FAC80038A00000000260327025239010400000000140400000000150400000000160400000000170200002A02000030014A310115EB7E
2026-03-27 02:53:11 - msg_id_0200 ==> 7E02000042660000000002000D00000000000C000300C64762049FAC80038A00000000260327025310010400000000140400000000150400000000160400000000170200002A02000030014A310114CC7E
2026-03-27 02:53:42 - msg_id_0200 ==> 7E02000042660000000002001800000000000C000300C64764049FAC80038A00000000260327025341010400000000140400000000150400000000160400000000170200002A02000030014A3101158F7E
2026-03-27 02:54:13 - msg_id_0200 ==> 7E02000042660000000002002300000000000C000300C64764049FAC80038A00000000260327025412010400000000140400000000150400000000160400000000170200002A02000030014A310116E37E
2026-03-27 02:54:44 - msg_id_0200 ==> 7E02000042660000000002002E00000000000C000300C64765049FAC80038A00000000260327025443010400000000140400000000150400000000160400000000170200002A02000030014A310115BD7E
2026-03-27 02:55:15 - msg_id_0200 ==> 7E02000042660000000002003900000000000C000300C64765049FAC80038A00000000260327025514010400000000140400000000150400000000160400000000170200002A02000030014A310116FF7E
2026-03-27 02:55:46 - msg_id_0200 ==> 7E02000042660000000002004400000000000C000300C64765049FAC80038A00000000260327025545010400000000140400000000150400000000160400000000170200002A02000030014A310117D27E
2026-03-27 02:56:17 - msg_id_0200 ==> 7E02000042660000000002004F00000000000C000300C64766049FAC88038A00000000260327025616010400000000140400000000150400000000160400000000170200002A02000030014A310115807E
2026-03-27 02:56:48 - msg_id_0200 ==> 7E02000042660000000002005A00000000000C000300C64768049FAC88038A00000000260327025647010400000000140400000000150400000000160400000000170200002A02000030014A310116C97E
2026-03-27 02:57:19 - msg_id_0200 ==> 7E02000042660000000002006500000000000C000300C6476A049FAC88038A00000000260327025718010400000000140400000000150400000000160400000000170200002A02000030014A310112AE7E
2026-03-27 02:57:50 - msg_id_0200 ==> 7E02000042660000000002007000000000000C000300C64768049FAC88038A00000000260327025749010400000000140400000000150400000000160400000000170200002A02000030014A310116EC7E
2026-03-27 02:58:21 - msg_id_0200 ==> 7E02000042660000000002007B00000000000C000300C64767049FAC88038A00000000260327025820010400000000140400000000150400000000160400000000170200002A02000030014A3101148C7E
2026-03-27 02:58:30 - msg_id_0200 ==> 7E02000042660000000002007F00000100000C000300C64767049FAC88038A00000000260327025829010400000000140400000000150400000000160400000000170200002A02000030014A310115817E
2026-03-27 02:59:48 - msg_id_0200 ==> 7E02000042660000000002000200000000000C000300C6475F049FAC88038A00000000260327025947010400000000140400000000150400000000160400000000170200002A02000030014A310117A87E
2026-03-27 03:00:19 - msg_id_0200 ==> 7E02000042660000000002000D00000000000C000300C64758049FAC88038A00000000260327030018010400000000140400000000150400000000160400000000170200002A02000030014A310117A77E
2026-03-27 03:00:50 - msg_id_0200 ==> 7E02000042660000000002001800000000000C000300C6475A049FAC80038A00000000260327030049010400000000140400000000150400000000160400000000170200002A02000030014A310115EB7E
2026-03-27 03:01:21 - msg_id_0200 ==> 7E02000042660000000002002300000000000C000300C6475B049FAC80038A00000000260327030120010400000000140400000000150400000000160400000000170200002A02000030014A310116BA7E
2026-03-27 03:01:52 - msg_id_0200 ==> 7E02000042660000000002002E00000000000C000300C6475C049FAC80038A00000000260327030151010400000000140400000000150400000000160400000000170200002A02000030014A310115C27E
2026-03-27 03:02:23 - msg_id_0200 ==> 7E02000042660000000002003900000000000C000300C6475C049FAC80038900000000260327030222010400000000140400000000150400000000160400000000170200002A02000030014A310114A77E
2026-03-27 03:02:54 - msg_id_0200 ==> 7E02000042660000000002004400000000000C000300C6475D049FAC78038900000000260327030253010400000000140400000000150400000000160400000000170200002A02000030014A310116507E
2026-03-27 03:03:25 - msg_id_0200 ==> 7E02000042660000000002004F00000000000C000300C6475E049FAC78038900000000260327030324010400000000140400000000150400000000160400000000170200002A02000030014A3101152D7E
2026-03-27 03:03:56 - msg_id_0200 ==> 7E02000042660000000002005A00000000000C000300C6475B049FAC78038900000000260327030355010400000000140400000000150400000000160400000000170200002A02000030014A3101174E7E
2026-03-27 03:04:27 - msg_id_0200 ==> 7E02000042660000000002006500000000000C000300C6475E049FAC78038900000000260327030426010400000000140400000000150400000000160400000000170200002A02000030014A310116017E
2026-03-27 03:04:58 - msg_id_0200 ==> 7E02000042660000000002007000000000000C000300C64762049FAC78038900000000260327030457010400000000140400000000150400000000160400000000170200002A02000030014A3101145B7E
2026-03-27 03:05:29 - msg_id_0200 ==> 7E02000042660000000002007B00000000000C000300C64762049FAC78038900000000260327030528010400000000140400000000150400000000160400000000170200002A02000030014A3101152F7E
2026-03-27 03:05:37 - msg_id_0200 ==> 7E02000042660000000002007F00000100000C000300C64762049FAC78038900000000260327030536010400000000140400000000150400000000160400000000170200002A02000030014A310115347E
2026-03-27 03:06:00 - msg_id_0200 ==> 7E02000042660000000002008700000000000C000300C64762049FAC78038900000000260327030559010400000000140400000000150400000000160400000000170200002A02000030014A310117A07E
2026-03-27 03:06:31 - msg_id_0200 ==> 7E02000042660000000002009200000000000C000300C64762049FAC80038900000000260327030630010400000000140400000000150400000000160400000000170200002A02000030014A310117277E
2026-03-27 03:07:02 - msg_id_0200 ==> 7E02000042660000000002009D00000000000C000300C64764049FAC88038900000000260327030701010400000000140400000000150400000000160400000000170200002A02000030014A310117167E
2026-03-27 03:07:33 - msg_id_0200 ==> 7E0200004266000000000200A800000000000C000300C64765049FAC88038900000000260327030732010400000000140400000000150400000000160400000000170200002A02000030014A310115137E
2026-03-27 03:08:04 - msg_id_0200 ==> 7E0200004266000000000200B300000000000C000300C64765049FAC88038900000000260327030803010400000000140400000000150400000000160400000000170200002A02000030014A310117347E
2026-03-27 03:08:35 - msg_id_0200 ==> 7E0200004266000000000200BE00000000000C000300C64765049FAC88038900000000260327030834010400000000140400000000150400000000160400000000170200002A02000030014A310119007E
2026-03-27 03:09:06 - msg_id_0200 ==> 7E0200004266000000000200C900000000000C000300C64764049FAC88038800000000260327030905010400000000140400000000150400000000160400000000170200002A02000030014A310118467E
2026-03-27 03:09:37 - msg_id_0200 ==> 7E0200004266000000000200D400000000000C000300C64762049FAC88038800000000260327030936010400000000140400000000150400000000160400000000170200002A02000030014A3101186E7E
2026-03-27 03:10:08 - msg_id_0200 ==> 7E0200004266000000000200DF00000000000C000300C64761049FAC90038900000000260327031007010400000000140400000000150400000000160400000000170200002A02000030014A3101145B7E
2026-03-27 03:10:39 - msg_id_0200 ==> 7E0200004266000000000200EA00000000000C000300C64762049FAC90038800000000260327031038010400000000140400000000150400000000160400000000170200002A02000030014A310115527E
2026-03-27 03:11:10 - msg_id_0200 ==> 7E0200004266000000000200F500000000000C000300C64762049FAC90038800000000260327031109010400000000140400000000150400000000160400000000170200002A02000030014A3101167D027E
2026-03-27 03:11:41 - msg_id_0200 ==> 7E02000042660000000002010000000000000C000300C64763049FAC98038800000000260327031140010400000000140400000000150400000000160400000000170200002A02000030014A310116CA7E
2026-03-27 03:12:12 - msg_id_0200 ==> 7E02000042660000000002010B00000000000C000300C64765049FAC98038800000000260327031211010400000000140400000000150400000000160400000000170200002A02000030014A310117947E
2026-03-27 03:12:43 - msg_id_0200 ==> 7E02000042660000000002011600000000000C000300C64763049FAC98038800000000260327031242010400000000140400000000150400000000160400000000170200002A02000030014A310116DD7E
2026-03-27 03:13:14 - msg_id_0200 ==> 7E02000042660000000002012100000000000C000300C64764049FAC98038800000000260327031313010400000000140400000000150400000000160400000000170200002A02000030014A310116BD7E
2026-03-27 03:13:45 - msg_id_0200 ==> 7E02000042660000000002012C00000000000C000300C64763049FAC98038800000000260327031344010400000000140400000000150400000000160400000000170200002A02000030014A310116E07E
2026-03-27 03:14:16 - msg_id_0200 ==> 7E02000042660000000002013700000000000C000300C64762049FAC98038800000000260327031415010400000000140400000000150400000000160400000000170200002A02000030014A310113A97E
2026-03-27 03:14:47 - msg_id_0200 ==> 7E02000042660000000002014200000000000C000300C64761049FAC90038800000000260327031446010400000000140400000000150400000000160400000000170200002A02000030014A310115827E
2026-03-27 03:15:18 - msg_id_0200 ==> 7E02000042660000000002014D00000000000C000300C64762049FAC90038800000000260327031517010400000000140400000000150400000000160400000000170200002A02000030014A310117DC7E
2026-03-27 03:15:49 - msg_id_0200 ==> 7E02000042660000000002015800000000000C000300C64764049FAC90038800000000260327031548010400000000140400000000150400000000160400000000170200002A02000030014A310114937E
2026-03-27 03:16:20 - msg_id_0200 ==> 7E02000042660000000002016300000000000C000300C64764049FAC90038800000000260327031619010400000000140400000000150400000000160400000000170200002A02000030014A310114FA7E
2026-03-27 03:16:51 - msg_id_0200 ==> 7E02000042660000000002016E00000000000C000300C64765049FAC98038800000000260327031650010400000000140400000000150400000000160400000000170200002A02000030014A310114B77E
2026-03-27 03:17:22 - msg_id_0200 ==> 7E02000042660000000002017900000000000C000300C64766049FAC98038800000000260327031721010400000000140400000000150400000000160400000000170200002A02000030014A310113D47E
2026-03-27 03:17:37 - msg_id_0200 ==> 7E02000042660000000002017F00000100000C000300C64767049FAC98038800000000260327031736010400000000140400000000150400000000160400000000170200002A02000030014A310114C27E
2026-03-27 03:18:17 - msg_id_0200 ==> 7E02000042660000000002000200000000000C000300C64769049FAC98038800000000260327031816010400000000140400000000150400000000160400000000170200002A02000030014A3101149E7E
2026-03-27 03:18:48 - msg_id_0200 ==> 7E02000042660000000002000D00000000000C000300C64769049FACA0038800000000260327031847010400000000140400000000150400000000160400000000170200002A02000030014A310115F97E
2026-03-27 03:19:19 - msg_id_0200 ==> 7E02000042660000000002001800000000000C000300C6476D049FACA0038700000000260327031918010400000000140400000000150400000000160400000000170200002A02000030014A310112BE7E
2026-03-27 03:19:50 - msg_id_0200 ==> 7E02000042660000000002002300000000000C000300C64772049FAC98038700000000260327031949010400000000140400000000150400000000160400000000170200002A02000030014A310114F57E
2026-03-27 03:20:21 - msg_id_0200 ==> 7E02000042660000000002002E00000000000C000300C64773049FACA0038700000000260327032020010400000000140400000000150400000000160400000000170200002A02000030014A310115907E
2026-03-27 03:20:52 - msg_id_0200 ==> 7E02000042660000000002003900000000000C000300C64779049FACA0038700000000260327032051010400000000140400000000150400000000160400000000170200002A02000030014A310115FC7E
2026-03-27 03:21:23 - msg_id_0200 ==> 7E02000042660000000002004400000000000C000300C64779049FACA0038700000000260327032122010400000000140400000000150400000000160400000000170200002A02000030014A310114F27E
2026-03-27 03:21:54 - msg_id_0200 ==> 7E02000042660000000002004F00000000000C000300C64778049FACA0038700000000260327032153010400000000140400000000150400000000160400000000170200002A02000030014A3101128F7E
2026-03-27 03:22:25 - msg_id_0200 ==> 7E02000042660000000002005A00000000000C000300C64778049FACA0038600000000260327032224010400000000140400000000150400000000160400000000170200002A02000030014A310115E87E
2026-03-27 03:22:56 - msg_id_0200 ==> 7E02000042660000000002006500000000000C000300C64776049FACA0038600000000260327032255010400000000140400000000150400000000160400000000170200002A02000030014A310117AA7E
2026-03-27 03:23:27 - msg_id_0200 ==> 7E02000042660000000002007000000000000C000300C64778049FACA0038600000000260327032326010400000000140400000000150400000000160400000000170200002A02000030014A310115C17E
2026-03-27 03:23:58 - msg_id_0200 ==> 7E02000042660000000002007B00000000000C000300C64776049FACA0038600000000260327032357010400000000140400000000150400000000160400000000170200002A02000030014A310114B47E
2026-03-27 03:24:07 - msg_id_0200 ==> 7E02000042660000000002007F00000100000C000300C64778049FAC98038600000000260327032406010400000000140400000000150400000000160400000000170200002A02000030014A310116D37E
2026-03-27 03:24:29 - msg_id_0200 ==> 7E02000042660000000002008700000000000C000300C6477A049FAC98038600000000260327032428010400000000140400000000150400000000160400000000170200002A02000030014A310116067E
2026-03-27 03:25:00 - msg_id_0200 ==> 7E02000042660000000002009200000000000C000300C6477A049FAC98038700000000260327032459010400000000140400000000150400000000160400000000170200002A02000030014A310116637E
2026-03-27 03:25:31 - msg_id_0200 ==> 7E02000042660000000002009D00000000000C000300C6477D01049FAC98038700000000260327032530010400000000140400000000150400000000160400000000170200002A02000030014A310116037E
2026-03-27 03:26:02 - msg_id_0200 ==> 7E0200004266000000000200A800000000000C000300C6477B049FAC90038600000000260327032601010400000000140400000000150400000000160400000000170200002A02000030014A310114097E
2026-03-27 03:26:33 - msg_id_0200 ==> 7E0200004266000000000200B300000000000C000300C6477A049FAC90038600000000260327032632010400000000140400000000150400000000160400000000170200002A02000030014A310116227E
2026-03-27 03:27:04 - msg_id_0200 ==> 7E0200004266000000000200BD00000000000C000300C6477A049FAC90038600000000260327032703010400000000140400000000150400000000160400000000170200002A02000030014A3101161C7E
2026-03-27 03:27:35 - msg_id_0200 ==> 7E0200004266000000000200C900000000000C000300C64776049FAC98038500000000260327032734010400000000140400000000150400000000160400000000170200002A02000030014A310118567E
2026-03-27 03:28:06 - msg_id_0200 ==> 7E0200004266000000000200D400000000000C000300C64778049FAC90038500000000260327032805010400000000140400000000150400000000160400000000170200002A02000030014A3101167D017E
2026-03-27 03:28:37 - msg_id_0200 ==> 7E0200004266000000000200DF00000000000C000300C64779049FAC90038500000000260327032836010400000000140400000000150400000000160400000000170200002A02000030014A3101184A7E
2026-03-27 03:29:08 - msg_id_0200 ==> 7E0200004266000000000200EA00000000000C000300C6477D01049FAC90038400000000260327032907010400000000140400000000150400000000160400000000170200002A02000030014A3101184A7E
2026-03-27 03:29:39 - msg_id_0200 ==> 7E0200004266000000000200F500000000000C000300C6477D01049FAC88038400000000260327032938010400000000140400000000150400000000160400000000170200002A02000030014A3101177D017E
2026-03-27 03:30:10 - msg_id_0200 ==> 7E02000042660000000002010000000000000C000300C6477B049FAC88038400000000260327033009010400000000140400000000150400000000160400000000170200002A02000030014A31011AAA7E
2026-03-27 03:30:41 - msg_id_0200 ==> 7E02000042660000000002010B00000000000C000300C6477C049FAC80038400000000260327033040010400000000140400000000150400000000160400000000170200002A02000030014A310118E57E
2026-03-27 03:31:12 - msg_id_0200 ==> 7E02000042660000000002011600000000000C000300C6477C049FAC80038400000000260327033111010400000000140400000000150400000000160400000000170200002A02000030014A310116A67E
2026-03-27 03:31:43 - msg_id_0200 ==> 7E02000042660000000002012000000000000C000300C6477A049FAC80038400000000260327033142010400000000140400000000150400000000160400000000170200002A02000030014A310119CA7E
2026-03-27 03:32:14 - msg_id_0200 ==> 7E02000042660000000002012C00000000000C000300C64779049FAC80038400000000260327033213010400000000140400000000150400000000160400000000170200002A02000030014A310116987E
2026-03-27 03:32:45 - msg_id_0200 ==> 7E02000042660000000002013700000000000C000300C64775049FAC80038400000000260327033244010400000000140400000000150400000000160400000000170200002A02000030014A310117D97E
2026-03-27 03:33:16 - msg_id_0200 ==> 7E02000042660000000002014200000000000C000300C6476C049FAC80038400000000260327033315010400000000140400000000150400000000160400000000170200002A02000030014A310116E47E
2026-03-27 03:33:47 - msg_id_0200 ==> 7E02000042660000000002014D00000000000C000300C6476B049FAC78038400000000260327033346010400000000140400000000150400000000160400000000170200002A02000030014A310117467E
2026-03-27 03:34:18 - msg_id_0200 ==> 7E02000042660000000002015800000000000C000300C64766049FAC78038500000000260327033417010400000000140400000000150400000000160400000000170200002A02000030014A310118067E
2026-03-27 03:34:49 - msg_id_0200 ==> 7E02000042660000000002016200000000000C000300C64765049FAC78038500000000260327033448010400000000140400000000150400000000160400000000170200002A02000030014A310118607E
2026-03-27 03:35:20 - msg_id_0200 ==> 7E02000042660000000002016E00000000000C000300C64760049FAC70038500000000260327033519010400000000140400000000150400000000160400000000170200002A02000030014A310118317E
2026-03-27 03:35:51 - msg_id_0200 ==> 7E02000042660000000002017900000000000C000300C6475F049FAC70038400000000260327033550010400000000140400000000150400000000160400000000170200002A02000030014A3101155C7E
2026-03-27 03:36:07 - msg_id_0200 ==> 7E02000042660000000002017F00000100000C000300C6475F049FAC70038400000000260327033606010400000000140400000000150400000000160400000000170200002A02000030014A3101160D7E
2026-03-27 03:36:47 - msg_id_0200 ==> 7E02000042660000000002000200000000000C000300C64760049FAC70038400000000260327033646010400000000140400000000150400000000160400000000170200002A02000030014A3101130A7E
2026-03-27 03:37:18 - msg_id_0200 ==> 7E02000042660000000002000D00000000000C000300C6475E049FAC70038400000000260327033717010400000000140400000000150400000000160400000000170200002A02000030014A3101166E7E
2026-03-27 03:37:49 - msg_id_0200 ==> 7E02000042660000000002001800000000000C000300C6475C049FAC70038400000000260327033748010400000000140400000000150400000000160400000000170200002A02000030014A310116267E
2026-03-27 03:38:20 - msg_id_0200 ==> 7E02000042660000000002002300000000000C000300C64759049FAC68038300000000260327033819010400000000140400000000150400000000160400000000170200002A02000030014A310117587E
2026-03-27 03:38:51 - msg_id_0200 ==> 7E02000042660000000002002E00000000000C000300C64758049FAC68038400000000260327033850010400000000140400000000150400000000160400000000170200002A02000030014A3101161B7E
2026-03-27 03:39:22 - msg_id_0200 ==> 7E02000042660000000002003900000000000C000300C64759049FAC70038400000000260327033921010400000000140400000000150400000000160400000000170200002A02000030014A310116657E
2026-03-27 03:39:53 - msg_id_0200 ==> 7E02000042660000000002004400000000000C000300C6475A049FAC70038400000000260327033952010400000000140400000000150400000000160400000000170200002A02000030014A310118667E
2026-03-27 03:40:24 - msg_id_0200 ==> 7E02000042660000000002004F00000000000C000300C64759049FAC70038400000000260327034023010400000000140400000000150400000000160400000000170200002A02000030014A310118667E
2026-03-27 03:40:55 - msg_id_0200 ==> 7E02000042660000000002005A00000000000C000300C64759049FAC70038400000000260327034054010400000000140400000000150400000000160400000000170200002A02000030014A3101160A7E
2026-03-27 03:41:26 - msg_id_0200 ==> 7E02000042660000000002006500000000000C000300C6475A049FAC70038400000000260327034125010400000000140400000000150400000000160400000000170200002A02000030014A310114447E
2026-03-27 03:41:57 - msg_id_0200 ==> 7E02000042660000000002007000000000000C000300C6475B049FAC70038400000000260327034156010400000000140400000000150400000000160400000000170200002A02000030014A310116217E
2026-03-27 03:42:28 - msg_id_0200 ==> 7E02000042660000000002007B00000000000C000300C6475B049FAC78038400000000260327034227010400000000140400000000150400000000160400000000170200002A02000030014A310117517E
2026-03-27 03:42:37 - msg_id_0200 ==> 7E02000042660000000002007F00000100000C000300C6475C049FAC78038400000000260327034236010400000000140400000000150400000000160400000000170200002A02000030014A310117427E
2026-03-27 03:42:59 - msg_id_0200 ==> 7E02000042660000000002008700000000000C000300C6475C049FAC78038400000000260327034258010400000000140400000000150400000000160400000000170200002A02000030014A310116D47E
2026-03-27 03:43:30 - msg_id_0200 ==> 7E02000042660000000002009200000000000C000300C6475A049FAC78038400000000260327034329010400000000140400000000150400000000160400000000170200002A02000030014A310113B27E
2026-03-27 03:44:01 - msg_id_0200 ==> 7E02000042660000000002009D00000000000C000300C6475A049FAC78038400000000260327034400010400000000140400000000150400000000160400000000170200002A02000030014A310114947E
2026-03-27 03:44:32 - msg_id_0200 ==> 7E0200004266000000000200A800000000000C000300C64756049FAC78038400000000260327034431010400000000140400000000150400000000160400000000170200002A02000030014A3101169E7E
2026-03-27 03:45:03 - msg_id_0200 ==> 7E0200004266000000000200B300000000000C000300C64756049FAC70038400000000260327034502010400000000140400000000150400000000160400000000170200002A02000030014A310116BF7E
2026-03-27 03:45:34 - msg_id_0200 ==> 7E0200004266000000000200BE00000000000C000300C64759049FAC70038400000000260327034533010400000000140400000000150400000000160400000000170200002A02000030014A3101168C7E
2026-03-27 03:46:05 - msg_id_0200 ==> 7E0200004266000000000200C900000000000C000300C6475A049FAC70038400000000260327034604010400000000140400000000150400000000160400000000170200002A02000030014A310118C27E
2026-03-27 03:46:36 - msg_id_0200 ==> 7E0200004266000000000200D400000000000C000300C6475C049FAC70038400000000260327034635010400000000140400000000150400000000160400000000170200002A02000030014A310112E27E
2026-03-27 03:47:07 - msg_id_0200 ==> 7E0200004266000000000200DF00000000000C000300C64758049FAC70038400000000260327034706010400000000140400000000150400000000160400000000170200002A02000030014A310111DC7E
2026-03-27 03:47:38 - msg_id_0200 ==> 7E0200004266000000000200EA00000000000C000300C6475A049FAC70038400000000260327034737010400000000140400000000150400000000160400000000170200002A02000030014A310114DF7E
2026-03-27 03:48:09 - msg_id_0200 ==> 7E0200004266000000000200F500000000000C000300C6475A049FAC78038400000000260327034808010400000000140400000000150400000000160400000000170200002A02000030014A310111FD7E
2026-03-27 03:48:40 - msg_id_0200 ==> 7E02000042660000000002010000000000000C000300C6475D049FAC78038400000000260327034839010400000000140400000000150400000000160400000000170200002A02000030014A3101123C7E
2026-03-27 03:49:11 - msg_id_0200 ==> 7E02000042660000000002010B00000000000C000300C6475C049FAC78038400000000260327034910010400000000140400000000150400000000160400000000170200002A02000030014A310115197E
2026-03-27 03:49:42 - msg_id_0200 ==> 7E02000042660000000002011600000000000C000300C6475D049FAC78038400000000260327034941010400000000140400000000150400000000160400000000170200002A02000030014A310114557E
2026-03-27 03:50:13 - msg_id_0200 ==> 7E02000042660000000002012100000000000C000300C6475D049FAC80038400000000260327035012010400000000140400000000150400000000160400000000170200002A02000030014A310115D17E
2026-03-27 03:50:44 - msg_id_0200 ==> 7E02000042660000000002012C00000000000C000300C6475B049FAC80038400000000260327035043010400000000140400000000150400000000160400000000170200002A02000030014A3101158B7E
2026-03-27 03:51:15 - msg_id_0200 ==> 7E02000042660000000002013700000000000C000300C6475A049FAC78038400000000260327035114010400000000140400000000150400000000160400000000170200002A02000030014A3101153F7E
2026-03-27 03:51:46 - msg_id_0200 ==> 7E02000042660000000002014200000000000C000300C64759049FAC78038400000000260327035145010400000000140400000000150400000000160400000000170200002A02000030014A310114197E
2026-03-27 03:52:17 - msg_id_0200 ==> 7E02000042660000000002014D00000000000C000300C6475A049FAC80038400000000260327035216010400000000140400000000150400000000160400000000170200002A02000030014A310115BC7E
2026-03-27 03:52:48 - msg_id_0200 ==> 7E02000042660000000002015800000000000C000300C6475A049FAC80038400000000260327035247010400000000140400000000150400000000160400000000170200002A02000030014A310114F97E
2026-03-27 03:53:19 - msg_id_0200 ==> 7E02000042660000000002016300000000000C000300C6475B049FAC80038400000000260327035318010400000000140400000000150400000000160400000000170200002A02000030014A3101159C7E
2026-03-27 03:53:50 - msg_id_0200 ==> 7E02000042660000000002016E00000000000C000300C6475C049FAC80038400000000260327035349010400000000140400000000150400000000160400000000170200002A02000030014A310114C67E
2026-03-27 03:54:21 - msg_id_0200 ==> 7E02000042660000000002017900000000000C000300C6475B049FAC88038400000000260327035420010400000000140400000000150400000000160400000000170200002A02000030014A310113B77E
2026-03-27 03:54:36 - msg_id_0200 ==> 7E02000042660000000002017F00000100000C000300C6475B049FAC88038400000000260327035435010400000000140400000000150400000000160400000000170200002A02000030014A310113A57E
2026-03-27 03:54:52 - msg_id_0200 ==> 7E02000042660000000002018500000000000C000300C6475A049FAC88038400000000260327035451010400000000140400000000150400000000160400000000170200002A02000030014A3101133B7E
2026-03-27 03:55:23 - msg_id_0200 ==> 7E02000042660000000002019000000000000C000300C6475A049FAC88038400000000260327035522010400000000140400000000150400000000160400000000170200002A02000030014A3101155A7E
2026-03-27 03:55:54 - msg_id_0200 ==> 7E02000042660000000002019B00000000000C000300C6475B049FAC88038500000000260327035553010400000000140400000000150400000000160400000000170200002A02000030014A310114217E
2026-03-27 03:56:25 - msg_id_0200 ==> 7E0200004266000000000201A600000000000C000300C6475D049FAC88038400000000260327035624010400000000140400000000150400000000160400000000170200002A02000030014A3101146F7E
2026-03-27 03:56:56 - msg_id_0200 ==> 7E0200004266000000000201B100000000000C000300C6475C049FAC88038400000000260327035655010400000000140400000000150400000000160400000000170200002A02000030014A310115097E
2026-03-27 03:57:27 - msg_id_0200 ==> 7E0200004266000000000201BC00000000000C000300C6475B049FAC88038400000000260327035726010400000000140400000000150400000000160400000000170200002A02000030014A310113777E
2026-03-27 03:57:58 - msg_id_0200 ==> 7E0200004266000000000201C700000000000C000300C6475A049FAC88038500000000260327035757010400000000140400000000150400000000160400000000170200002A02000030014A3101127C7E
2026-03-27 03:58:29 - msg_id_0200 ==> 7E0200004266000000000201D200000000000C000300C6475C049FAC88038500000000260327035828010400000000140400000000150400000000160400000000170200002A02000030014A310114197E
2026-03-27 03:59:00 - msg_id_0200 ==> 7E0200004266000000000201DD00000000000C000300C6475E049FAC88038400000000260327035859010400000000140400000000150400000000160400000000170200002A02000030014A310117677E
2026-03-27 03:59:31 - msg_id_0200 ==> 7E0200004266000000000201E800000000000C000300C64760049FAC90038400000000260327035930010400000000140400000000150400000000160400000000170200002A02000030014A3101141F7E
2026-03-27 04:00:02 - msg_id_0200 ==> 7E0200004266000000000201F300000000000C000300C64762049FAC90038400000000260327040001010400000000140400000000150400000000160400000000170200002A02000030014A310114697E
2026-03-27 04:00:33 - msg_id_0200 ==> 7E0200004266000000000201FE00000000000C000300C64764049FAC90038400000000260327040032010400000000140400000000150400000000160400000000170200002A02000030014A310117527E
2026-03-27 04:01:04 - msg_id_0200 ==> 7E02000042660000000002020900000000000C000300C64768049FAC90038400000000260327040103010400000000140400000000150400000000160400000000170200002A02000030014A310115987E
2026-03-27 04:01:35 - msg_id_0200 ==> 7E02000042660000000002021400000000000C000300C6476A049FAC90038400000000260327040134010400000000140400000000150400000000160400000000170200002A02000030014A310117B27E
2026-03-27 04:02:06 - msg_id_0200 ==> 7E02000042660000000002021F00000000000C000300C6476A049FAC90038400000000260327040205010400000000140400000000150400000000160400000000170200002A02000030014A3101178B7E
2026-03-27 04:02:37 - msg_id_0200 ==> 7E02000042660000000002022A00000000000C000300C6476E049FAC90038400000000260327040236010400000000140400000000150400000000160400000000170200002A02000030014A310116887E
2026-03-27 04:03:08 - msg_id_0200 ==> 7E02000042660000000002023500000000000C000300C6476E049FAC98038400000000260327040307010400000000140400000000150400000000160400000000170200002A02000030014A310117AE7E
2026-03-27 04:03:39 - msg_id_0200 ==> 7E02000042660000000002024000000000000C000300C64770049FAC98038400000000260327040338010400000000140400000000150400000000160400000000170200002A02000030014A310115F87E
2026-03-27 04:04:10 - msg_id_0200 ==> 7E02000042660000000002024B00000000000C000300C64771049FAC98038400000000260327040409010400000000140400000000150400000000160400000000170200002A02000030014A310119C87E
2026-03-27 04:04:41 - msg_id_0200 ==> 7E02000042660000000002025600000000000C000300C6476E049FACA0038400000000260327040440010400000000140400000000150400000000160400000000170200002A02000030014A310116B47E
2026-03-27 04:05:12 - msg_id_0200 ==> 7E02000042660000000002026100000000000C000300C64771049FACA0038400000000260327040511010400000000140400000000150400000000160400000000170200002A02000030014A310116CC7E
2026-03-27 04:05:43 - msg_id_0200 ==> 7E02000042660000000002026C00000000000C000300C64772049FACA0038400000000260327040542010400000000140400000000150400000000160400000000170200002A02000030014A310117907E
2026-03-27 04:06:14 - msg_id_0200 ==> 7E02000042660000000002027700000000000C000300C64775049FACA0038400000000260327040613010400000000140400000000150400000000160400000000170200002A02000030014A310118D17E
2026-03-27 04:06:34 - msg_id_0200 ==> 7E02000042660000000002027F00000100000C000300C64775049FACA0038400000000260327040633010400000000140400000000150400000000160400000000170200002A02000030014A310118F87E
2026-03-27 04:07:15 - msg_id_0200 ==> 7E02000042660000000002000200000000000C000300C64776049FACA0038400000000260327040714010400000000140400000000150400000000160400000000170200002A02000030014A310119A27E
2026-03-27 04:07:46 - msg_id_0200 ==> 7E02000042660000000002000D00000000000C000300C64777049FACA0038400000000260327040745010400000000140400000000150400000000160400000000170200002A02000030014A310116F27E
2026-03-27 04:08:17 - msg_id_0200 ==> 7E02000042660000000002001800000000000C000300C64777049FACA0038400000000260327040816010400000000140400000000150400000000160400000000170200002A02000030014A310117BA7E
2026-03-27 04:08:48 - msg_id_0200 ==> 7E02000042660000000002002300000000000C000300C64778049FACA0038400000000260327040847010400000000140400000000150400000000160400000000170200002A02000030014A310117DF7E
2026-03-27 04:09:19 - msg_id_0200 ==> 7E02000042660000000002002E00000000000C000300C64778049FACA0038400000000260327040918010400000000140400000000150400000000160400000000170200002A02000030014A310119827E
2026-03-27 04:09:50 - msg_id_0200 ==> 7E02000042660000000002003900000000000C000300C64778049FACA0038400000000260327040949010400000000140400000000150400000000160400000000170200002A02000030014A310118C57E
2026-03-27 04:10:21 - msg_id_0200 ==> 7E02000042660000000002004400000000000C000300C64778049FACA0038400000000260327041020010400000000140400000000150400000000160400000000170200002A02000030014A310117C77E
2026-03-27 04:10:52 - msg_id_0200 ==> 7E02000042660000000002004F00000000000C000300C6477A049FACA0038400000000260327041051010400000000140400000000150400000000160400000000170200002A02000030014A310119B17E
2026-03-27 04:11:23 - msg_id_0200 ==> 7E02000042660000000002005A00000000000C000300C6477A049FACA0038400000000260327041122010400000000140400000000150400000000160400000000170200002A02000030014A310116D97E
2026-03-27 04:11:54 - msg_id_0200 ==> 7E02000042660000000002006500000000000C000300C64777049FACA0038400000000260327041153010400000000140400000000150400000000160400000000170200002A02000030014A310118947E
2026-03-27 04:12:25 - msg_id_0200 ==> 7E02000042660000000002007000000000000C000300C64777049FACA0038400000000260327041224010400000000140400000000150400000000160400000000170200002A02000030014A310117FA7E
2026-03-27 04:12:56 - msg_id_0200 ==> 7E02000042660000000002007B00000000000C000300C64778049FACA0038400000000260327041255010400000000140400000000150400000000160400000000170200002A02000030014A3101138B7E
2026-03-27 04:13:05 - msg_id_0200 ==> 7E02000042660000000002007F00000100000C000300C64778049FACA0038400000000260327041304010400000000140400000000150400000000160400000000170200002A02000030014A310116DB7E
2026-03-27 04:13:47 - msg_id_0200 ==> 7E02000042660000000002000200000000000C000300C64779049FACA0038400000000260327041346010400000000140400000000150400000000160400000000170200002A02000030014A310118EA7E
2026-03-27 04:14:18 - msg_id_0200 ==> 7E02000042660000000002000D00000000000C000300C64777049FACA0038400000000260327041417010400000000140400000000150400000000160400000000170200002A02000030014A31011ABF7E
2026-03-27 04:14:49 - msg_id_0200 ==> 7E02000042660000000002001800000000000C000300C64777049FACA0038400000000260327041448010400000000140400000000150400000000160400000000170200002A02000030014A310117F87E
2026-03-27 04:15:20 - msg_id_0200 ==> 7E02000042660000000002002300000000000C000300C64776049FACA0038400000000260327041519010400000000140400000000150400000000160400000000170200002A02000030014A3101189D7E
2026-03-27 04:15:51 - msg_id_0200 ==> 7E02000042660000000002002E00000000000C000300C64775049FACA0038400000000260327041550010400000000140400000000150400000000160400000000170200002A02000030014A310116D47E
2026-03-27 04:16:22 - msg_id_0200 ==> 7E02000042660000000002003900000000000C000300C64776049FACA8038400000000260327041621010400000000140400000000150400000000160400000000170200002A02000030014A310118B47E
2026-03-27 04:16:53 - msg_id_0200 ==> 7E02000042660000000002004400000000000C000300C64776049FACA0038400000000260327041652010400000000140400000000150400000000160400000000170200002A02000030014A310118B27E
2026-03-27 04:17:24 - msg_id_0200 ==> 7E02000042660000000002004F00000000000C000300C64776049FACA8038400000000260327041723010400000000140400000000150400000000160400000000170200002A02000030014A310118C17E
2026-03-27 04:17:55 - msg_id_0200 ==> 7E02000042660000000002005A00000000000C000300C64777049FACA8038400000000260327041754010400000000140400000000150400000000160400000000170200002A02000030014A310118A27E
2026-03-27 04:18:26 - msg_id_0200 ==> 7E02000042660000000002006500000000000C000300C64778049FACA8038400000000260327041825010400000000140400000000150400000000160400000000170200002A02000030014A310119ED7E
2026-03-27 04:18:57 - msg_id_0200 ==> 7E02000042660000000002007000000000000C000300C6477B049FACA8038400000000260327041856010400000000140400000000150400000000160400000000170200002A02000030014A310119887E
2026-03-27 04:19:28 - msg_id_0200 ==> 7E02000042660000000002007B00000000000C000300C6477B049FACA8038400000000260327041927010400000000140400000000150400000000160400000000170200002A02000030014A31011AF07E
2026-03-27 04:19:37 - msg_id_0200 ==> 7E02000042660000000002007F00000100000C000300C6477B049FACA8038400000000260327041936010400000000140400000000150400000000160400000000170200002A02000030014A310119E77E
2026-03-27 04:19:59 - msg_id_0200 ==> 7E02000042660000000002008700000000000C000300C6477C049FACA8038400000000260327041958010400000000140400000000150400000000160400000000170200002A02000030014A310119777E
2026-03-27 04:20:30 - msg_id_0200 ==> 7E02000042660000000002009200000000000C000300C6477F049FACA0038400000000260327042029010400000000140400000000150400000000160400000000170200002A02000030014A310118207E
2026-03-27 04:21:01 - msg_id_0200 ==> 7E02000042660000000002009D00000000000C000300C64782049FACA8038400000000260327042100010400000000140400000000150400000000160400000000170200002A02000030014A310118F27E
2026-03-27 04:21:32 - msg_id_0200 ==> 7E0200004266000000000200A800000000000C000300C64783049FACA8038500000000260327042131010400000000140400000000150400000000160400000000170200002A02000030014A310118F67E
2026-03-27 04:22:03 - msg_id_0200 ==> 7E0200004266000000000200B300000000000C000300C64783049FACA8038500000000260327042202010400000000140400000000150400000000160400000000170200002A02000030014A310119DC7E
2026-03-27 04:22:34 - msg_id_0200 ==> 7E0200004266000000000200BE00000000000C000300C64781049FACA8038400000000260327042233010400000000140400000000150400000000160400000000170200002A02000030014A31011AE07E
2026-03-27 04:23:05 - msg_id_0200 ==> 7E0200004266000000000200C900000000000C000300C6477F049FACA8038400000000260327042304010400000000140400000000150400000000160400000000170200002A02000030014A3101185D7E
2026-03-27 04:23:36 - msg_id_0200 ==> 7E0200004266000000000200D400000000000C000300C6477F049FACA8038400000000260327042335010400000000140400000000150400000000160400000000170200002A02000030014A310118717E
2026-03-27 04:24:07 - msg_id_0200 ==> 7E0200004266000000000200DF00000000000C000300C64781049FACA8038400000000260327042406010400000000140400000000150400000000160400000000170200002A02000030014A310118B07E
2026-03-27 04:24:38 - msg_id_0200 ==> 7E0200004266000000000200EA00000000000C000300C64781049FACA8038400000000260327042437010400000000140400000000150400000000160400000000170200002A02000030014A310119B57E
2026-03-27 04:25:09 - msg_id_0200 ==> 7E0200004266000000000200F500000000000C000300C64782049FACA8038400000000260327042508010400000000140400000000150400000000160400000000170200002A02000030014A310118967E
2026-03-27 04:25:40 - msg_id_0200 ==> 7E02000042660000000002010000000000000C000300C64782049FACA8038400000000260327042539010400000000140400000000150400000000160400000000170200002A02000030014A310118537E
2026-03-27 04:26:11 - msg_id_0200 ==> 7E02000042660000000002010B00000000000C000300C64780049FACA8038400000000260327042610010400000000140400000000150400000000160400000000170200002A02000030014A310118707E
2026-03-27 04:26:42 - msg_id_0200 ==> 7E02000042660000000002011600000000000C000300C6477F049FACA8038400000000260327042641010400000000140400000000150400000000160400000000170200002A02000030014A310118C37E
2026-03-27 04:27:13 - msg_id_0200 ==> 7E02000042660000000002012100000000000C000300C6477F049FACA0038400000000260327042712010400000000140400000000150400000000160400000000170200002A02000030014A310119AF7E
2026-03-27 04:27:44 - msg_id_0200 ==> 7E02000042660000000002012C00000000000C000300C6477F049FACA0038400000000260327042743010400000000140400000000150400000000160400000000170200002A02000030014A310119F37E
2026-03-27 04:28:15 - msg_id_0200 ==> 7E02000042660000000002013700000000000C000300C6477F049FACA0038400000000260327042814010400000000140400000000150400000000160400000000170200002A02000030014A310119B07E
2026-03-27 04:28:46 - msg_id_0200 ==> 7E02000042660000000002014200000000000C000300C6477D01049FACA0038400000000260327042845010400000000140400000000150400000000160400000000170200002A02000030014A310119967E
2026-03-27 04:29:17 - msg_id_0200 ==> 7E02000042660000000002014D00000000000C000300C6477B049FACA0038400000000260327042916010400000000140400000000150400000000160400000000170200002A02000030014A310117C37E
2026-03-27 04:29:48 - msg_id_0200 ==> 7E02000042660000000002015800000000000C000300C64778049FAC98038400000000260327042947010400000000140400000000150400000000160400000000170200002A02000030014A310119B27E
2026-03-27 04:30:19 - msg_id_0200 ==> 7E02000042660000000002016300000000000C000300C64773049FAC98038400000000260327043018010400000000140400000000150400000000160400000000170200002A02000030014A310117CA7E
2026-03-27 04:30:50 - msg_id_0200 ==> 7E02000042660000000002016E00000000000C000300C64773049FAC98038400000000260327043049010400000000140400000000150400000000160400000000170200002A02000030014A310118997E
2026-03-27 04:31:21 - msg_id_0200 ==> 7E02000042660000000002017900000000000C000300C64772049FAC98038400000000260327043120010400000000140400000000150400000000160400000000170200002A02000030014A310118E77E
2026-03-27 04:31:37 - msg_id_0200 ==> 7E02000042660000000002017F00000100000C000300C64773049FAC98038400000000260327043136010400000000140400000000150400000000160400000000170200002A02000030014A310119F67E
2026-03-27 04:32:17 - msg_id_0200 ==> 7E02000042660000000002000200000000000C000300C64772049FAC90038400000000260327043216010400000000140400000000150400000000160400000000170200002A02000030014A310118A07E
2026-03-27 04:32:48 - msg_id_0200 ==> 7E02000042660000000002000D00000000000C000300C64771049FAC90038400000000260327043247010400000000140400000000150400000000160400000000170200002A02000030014A310118FD7E
2026-03-27 04:33:19 - msg_id_0200 ==> 7E02000042660000000002001800000000000C000300C64770049FAC90038400000000260327043318010400000000140400000000150400000000160400000000170200002A02000030014A310117B87E
2026-03-27 04:33:50 - msg_id_0200 ==> 7E02000042660000000002002300000000000C000300C6476F049FAC90038400000000260327043349010400000000140400000000150400000000160400000000170200002A02000030014A310118C27E
2026-03-27 04:34:21 - msg_id_0200 ==> 7E02000042660000000002002E00000000000C000300C6476F049FAC90038400000000260327043420010400000000140400000000150400000000160400000000170200002A02000030014A310115AC7E
2026-03-27 04:34:52 - msg_id_0200 ==> 7E02000042660000000002003900000000000C000300C6476F049FAC90038400000000260327043451010400000000140400000000150400000000160400000000170200002A02000030014A310116C97E
2026-03-27 04:35:23 - msg_id_0200 ==> 7E02000042660000000002004400000000000C000300C64771049FAC90038400000000260327043522010400000000140400000000150400000000160400000000170200002A02000030014A310116D87E
2026-03-27 04:35:54 - msg_id_0200 ==> 7E02000042660000000002004F00000000000C000300C64771049FAC90038400000000260327043553010400000000140400000000150400000000160400000000170200002A02000030014A310118AC7E
2026-03-27 04:36:25 - msg_id_0200 ==> 7E02000042660000000002005A00000000000C000300C64773049FAC90038400000000260327043624010400000000140400000000150400000000160400000000170200002A02000030014A310114C37E
2026-03-27 04:36:56 - msg_id_0200 ==> 7E02000042660000000002006500000000000C000300C64773049FAC98038400000000260327043655010400000000140400000000150400000000160400000000170200002A02000030014A310115847E
2026-03-27 04:37:27 - msg_id_0200 ==> 7E02000042660000000002007000000000000C000300C64774049FAC98038400000000260327043726010400000000140400000000150400000000160400000000170200002A02000030014A310116E77E
2026-03-27 04:37:58 - msg_id_0200 ==> 7E02000042660000000002007B00000000000C000300C64776049FACA0038400000000260327043757010400000000140400000000150400000000160400000000170200002A02000030014A310116A77E
2026-03-27 04:38:07 - msg_id_0200 ==> 7E02000042660000000002007F00000100000C000300C64777049FACA0038400000000260327043806010400000000140400000000150400000000160400000000170200002A02000030014A310116FD7E
2026-03-27 04:38:29 - msg_id_0200 ==> 7E02000042660000000002008700000000000C000300C64776049FACA0038400000000260327043828010400000000140400000000150400000000160400000000170200002A02000030014A3101162B7E
2026-03-27 04:39:00 - msg_id_0200 ==> 7E02000042660000000002009200000000000C000300C64778049FACA0038400000000260327043859010400000000140400000000150400000000160400000000170200002A02000030014A3101184F7E
2026-03-27 04:39:31 - msg_id_0200 ==> 7E02000042660000000002009D00000000000C000300C6477A049FACA0038400000000260327043930010400000000140400000000150400000000160400000000170200002A02000030014A310114267E
2026-03-27 04:40:02 - msg_id_0200 ==> 7E0200004266000000000200A800000000000C000300C6477B049FACA0038400000000260327044001010400000000140400000000150400000000160400000000170200002A02000030014A310117597E
2026-03-27 04:40:33 - msg_id_0200 ==> 7E0200004266000000000200B300000000000C000300C6477D01049FACA0038400000000260327044032010400000000140400000000150400000000160400000000170200002A02000030014A310118787E
2026-03-27 04:41:04 - msg_id_0200 ==> 7E0200004266000000000200BE00000000000C000300C6477F049FACA0038400000000260327044103010400000000140400000000150400000000160400000000170200002A02000030014A310118477E
2026-03-27 04:41:35 - msg_id_0200 ==> 7E0200004266000000000200C900000000000C000300C6477F049FACA0038400000000260327044134010400000000140400000000150400000000160400000000170200002A02000030014A3101150A7E
2026-03-27 04:42:06 - msg_id_0200 ==> 7E0200004266000000000200D400000000000C000300C64782049FACA0038400000000260327044205010400000000140400000000150400000000160400000000170200002A02000030014A310117DA7E
2026-03-27 04:42:37 - msg_id_0200 ==> 7E0200004266000000000200DF00000000000C000300C64788049FACA8038500000000260327044236010400000000140400000000150400000000160400000000170200002A02000030014A310116E07E
2026-03-27 04:43:08 - msg_id_0200 ==> 7E0200004266000000000200EA00000000000C000300C64789049FACB0038500000000260327044307010400000000140400000000150400000000160400000000170200002A02000030014A310119F37E
2026-03-27 04:43:39 - msg_id_0200 ==> 7E0200004266000000000200F500000000000C000300C64789049FACB8038500000000260327044338010400000000140400000000150400000000160400000000170200002A02000030014A310119DB7E
2026-03-27 04:44:10 - msg_id_0200 ==> 7E02000042660000000002010000000000000C000300C64788049FACB8038500000000260327044409010400000000140400000000150400000000160400000000170200002A02000030014A310114157E
2026-03-27 04:44:41 - msg_id_0200 ==> 7E02000042660000000002010B00000000000C000300C6478A049FACB8038500000000260327044440010400000000140400000000150400000000160400000000170200002A02000030014A310119587E
2026-03-27 04:45:12 - msg_id_0200 ==> 7E02000042660000000002011600000000000C000300C64785049FACB8038400000000260327044511010400000000140400000000150400000000160400000000170200002A02000030014A3101181A7E
2026-03-27 04:45:43 - msg_id_0200 ==> 7E02000042660000000002012100000000000C000300C64785049FACB8038400000000260327044542010400000000140400000000150400000000160400000000170200002A02000030014A310116707E
2026-03-27 04:46:14 - msg_id_0200 ==> 7E02000042660000000002012C00000000000C000300C64785049FACB8038400000000260327044613010400000000140400000000150400000000160400000000170200002A02000030014A3101172E7E
2026-03-27 04:46:45 - msg_id_0200 ==> 7E02000042660000000002013700000000000C000300C64781049FACB8038400000000260327044644010400000000140400000000150400000000160400000000170200002A02000030014A310118697E
2026-03-27 04:47:16 - msg_id_0200 ==> 7E02000042660000000002014200000000000C000300C64782049FACC0038400000000260327044715010400000000140400000000150400000000160400000000170200002A02000030014A31011A357E
2026-03-27 04:47:47 - msg_id_0200 ==> 7E02000042660000000002014D00000000000C000300C64783049FACC0038400000000260327044746010400000000140400000000150400000000160400000000170200002A02000030014A3101196B7E
2026-03-27 04:48:18 - msg_id_0200 ==> 7E02000042660000000002015800000000000C000300C64780049FACC0038400000000260327044817010400000000140400000000150400000000160400000000170200002A02000030014A310118227E
2026-03-27 04:48:49 - msg_id_0200 ==> 7E02000042660000000002016300000000000C000300C6477C049FACC0038400000000260327044848010400000000140400000000150400000000160400000000170200002A02000030014A310117B57E
2026-03-27 04:49:20 - msg_id_0200 ==> 7E02000042660000000002016E00000000000C000300C64779049FACC0038400000000260327044919010400000000140400000000150400000000160400000000170200002A02000030014A310118E27E
2026-03-27 04:49:51 - msg_id_0200 ==> 7E02000042660000000002017900000000000C000300C64777049FACC0038400000000260327044950010400000000140400000000150400000000160400000000170200002A02000030014A310115BF7E
2026-03-27 04:50:06 - msg_id_0200 ==> 7E02000042660000000002017F00000100000C000300C64776049FACC0038400000000260327045005010400000000140400000000150400000000160400000000170200002A02000030014A310115F57E
2026-03-27 04:50:47 - msg_id_0200 ==> 7E02000042660000000002000200000000000C000300C64774049FACC0038400000000260327045046010400000000140400000000150400000000160400000000170200002A02000030014A310118C47E
2026-03-27 04:51:18 - msg_id_0200 ==> 7E02000042660000000002000D00000000000C000300C64773049FACC0038400000000260327045117010400000000140400000000150400000000160400000000170200002A02000030014A3101199D7E
2026-03-27 04:51:49 - msg_id_0200 ==> 7E02000042660000000002001800000000000C000300C64773049FACC0038400000000260327045148010400000000140400000000150400000000160400000000170200002A02000030014A310119D77E
2026-03-27 04:52:20 - msg_id_0200 ==> 7E02000042660000000002002300000000000C000300C64772049FACC0038400000000260327045219010400000000140400000000150400000000160400000000170200002A02000030014A310118BE7E
2026-03-27 04:52:51 - msg_id_0200 ==> 7E02000042660000000002002E00000000000C000300C64770049FACC0038400000000260327045250010400000000140400000000150400000000160400000000170200002A02000030014A310118F87E
2026-03-27 04:53:22 - msg_id_0200 ==> 7E02000042660000000002003900000000000C000300C6476E049FACC0038500000000260327045321010400000000140400000000150400000000160400000000170200002A02000030014A3101158D7E
2026-03-27 04:53:53 - msg_id_0200 ==> 7E02000042660000000002004400000000000C000300C6476B049FACC0038400000000260327045352010400000000140400000000150400000000160400000000170200002A02000030014A310115877E
2026-03-27 04:54:24 - msg_id_0200 ==> 7E02000042660000000002004F00000000000C000300C6476B049FACC0038400000000260327045423010400000000140400000000150400000000160400000000170200002A02000030014A310115FA7E
2026-03-27 04:54:55 - msg_id_0200 ==> 7E02000042660000000002005A00000000000C000300C64769049FACC8038400000000260327045454010400000000140400000000150400000000160400000000170200002A02000030014A310114937E
2026-03-27 04:55:26 - msg_id_0200 ==> 7E02000042660000000002006500000000000C000300C64768049FACC8038400000000260327045525010400000000140400000000150400000000160400000000170200002A02000030014A310115DC7E
2026-03-27 04:55:57 - msg_id_0200 ==> 7E02000042660000000002007000000000000C000300C64768049FACC0038400000000260327045556010400000000140400000000150400000000160400000000170200002A02000030014A310116B17E
2026-03-27 04:56:28 - msg_id_0200 ==> 7E02000042660000000002007B00000000000C000300C64767049FACC8038400000000260327045627010400000000140400000000150400000000160400000000170200002A02000030014A310117CE7E
2026-03-27 04:56:36 - msg_id_0200 ==> 7E02000042660000000002007F00000100000C000300C64767049FACC8038400000000260327045635010400000000140400000000150400000000160400000000170200002A02000030014A310117D97E
2026-03-27 04:56:59 - msg_id_0200 ==> 7E02000042660000000002008500000000000C000300C64764049FACC8038400000000260327045658010400000000140400000000150400000000160400000000170200002A02000030014A3101174C7E
2026-03-27 04:57:30 - msg_id_0200 ==> 7E02000042660000000002008F00000000000C000300C64761049FACC8038500000000260327045729010400000000140400000000150400000000160400000000170200002A02000030014A310113367E
2026-03-27 04:58:01 - msg_id_0200 ==> 7E02000042660000000002009A00000000000C000300C6475E049FACC8038500000000260327045800010400000000140400000000150400000000160400000000170200002A02000030014A3101163F7E
2026-03-27 04:58:32 - msg_id_0200 ==> 7E0200004266000000000200A600000000000C000300C6475B049FACC8038500000000260327045831010400000000140400000000150400000000160400000000170200002A02000030014A310115347E
2026-03-27 04:59:03 - msg_id_0200 ==> 7E0200004266000000000200B000000000000C000300C6475A049FACC8038500000000260327045902010400000000140400000000150400000000160400000000170200002A02000030014A310117137E
2026-03-27 04:59:34 - msg_id_0200 ==> 7E0200004266000000000200BB00000000000C000300C64759049FACC8038500000000260327045933010400000000140400000000150400000000160400000000170200002A02000030014A310118257E
2026-03-27 05:00:05 - msg_id_0200 ==> 7E0200004266000000000200C700000000000C000300C64758049FACC8038500000000260327050004010400000000140400000000150400000000160400000000170200002A02000030014A310118377E
2026-03-27 05:00:36 - msg_id_0200 ==> 7E0200004266000000000200D100000000000C000300C64757049FACC8038500000000260327050035010400000000140400000000150400000000160400000000170200002A02000030014A310117107E
2026-03-27 05:01:07 - msg_id_0200 ==> 7E0200004266000000000200DC00000000000C000300C64756049FACC0038500000000260327050106010400000000140400000000150400000000160400000000170200002A02000030014A310118297E
2026-03-27 05:01:38 - msg_id_0200 ==> 7E0200004266000000000200E800000000000C000300C64759049FACC0038500000000260327050137010400000000140400000000150400000000160400000000170200002A02000030014A310118237E
2026-03-27 05:02:09 - msg_id_0200 ==> 7E0200004266000000000200F200000000000C000300C6475B049FACC0038500000000260327050208010400000000140400000000150400000000160400000000170200002A02000030014A310118077E
2026-03-27 05:02:40 - msg_id_0200 ==> 7E0200004266000000000200FD00000000000C000300C6475A049FACC0038500000000260327050239010400000000140400000000150400000000160400000000170200002A02000030014A310118387E
2026-03-27 05:03:11 - msg_id_0200 ==> 7E02000042660000000002010900000000000C000300C6475B049FACC0038500000000260327050310010400000000140400000000150400000000160400000000170200002A02000030014A310117EB7E
2026-03-27 05:03:42 - msg_id_0200 ==> 7E02000042660000000002011300000000000C000300C6475A049FACC0038500000000260327050341010400000000140400000000150400000000160400000000170200002A02000030014A310119AF7E
2026-03-27 05:04:13 - msg_id_0200 ==> 7E02000042660000000002011E00000000000C000300C64758049FACC0038500000000260327050412010400000000140400000000150400000000160400000000170200002A02000030014A310116FB7E
2026-03-27 05:04:44 - msg_id_0200 ==> 7E02000042660000000002012A00000000000C000300C6475A049FACC0038500000000260327050443010400000000140400000000150400000000160400000000170200002A02000030014A310119937E
2026-03-27 05:05:15 - msg_id_0200 ==> 7E02000042660000000002013400000000000C000300C6475C049FACC0038500000000260327050514010400000000140400000000150400000000160400000000170200002A02000030014A31011ADE7E
2026-03-27 05:05:46 - msg_id_0200 ==> 7E02000042660000000002013F00000000000C000300C6475D049FACC0038500000000260327050545010400000000140400000000150400000000160400000000170200002A02000030014A310119867E
2026-03-27 05:06:17 - msg_id_0200 ==> 7E02000042660000000002014B00000000000C000300C6475E049FACB8038500000000260327050616010400000000140400000000150400000000160400000000170200002A02000030014A310119D97E
2026-03-27 05:06:48 - msg_id_0200 ==> 7E02000042660000000002015500000000000C000300C6475E049FACB8038500000000260327050647010400000000140400000000150400000000160400000000170200002A02000030014A310117987E
2026-03-27 05:07:19 - msg_id_0200 ==> 7E02000042660000000002016000000000000C000300C6475E049FACB8038500000000260327050718010400000000140400000000150400000000160400000000170200002A02000030014A310116F27E
2026-03-27 05:07:50 - msg_id_0200 ==> 7E02000042660000000002016C00000000000C000300C6475B049FACB8038500000000260327050749010400000000140400000000150400000000160400000000170200002A02000030014A310118A47E
2026-03-27 05:08:21 - msg_id_0200 ==> 7E02000042660000000002017600000000000C000300C6475B049FACB8038500000000260327050820010400000000140400000000150400000000160400000000170200002A02000030014A310119D97E
2026-03-27 05:08:43 - msg_id_0200 ==> 7E02000042660000000002017F00000100000C000300C6475A049FACB8038500000000260327050842010400000000140400000000150400000000160400000000170200002A02000030014A310116BD7E
2026-03-27 05:08:52 - msg_id_0200 ==> 7E02000042660000000002018300000000000C000300C64759049FACB8038500000000260327050851010400000000140400000000150400000000160400000000170200002A02000030014A310117517E
2026-03-27 05:09:23 - msg_id_0200 ==> 7E02000042660000000002018E00000000000C000300C6475A049FACB8038500000000260327050922010400000000140400000000150400000000160400000000170200002A02000030014A310118227E
2026-03-27 05:09:54 - msg_id_0200 ==> 7E02000042660000000002019900000000000C000300C6475A049FACB8038500000000260327050953010400000000140400000000150400000000160400000000170200002A02000030014A310119457E
2026-03-27 05:10:25 - msg_id_0200 ==> 7E0200004266000000000201A400000000000C000300C6475A049FACB8038500000000260327051024010400000000140400000000150400000000160400000000170200002A02000030014A310119167E
2026-03-27 05:10:56 - msg_id_0200 ==> 7E0200004266000000000201AF00000000000C000300C64757049FACB8038500000000260327051055010400000000140400000000150400000000160400000000170200002A02000030014A3101166E7E
2026-03-27 05:11:27 - msg_id_0200 ==> 7E0200004266000000000201BA00000000000C000300C64758049FACB8038500000000260327051126010400000000140400000000150400000000160400000000170200002A02000030014A310117077E
2026-03-27 05:11:58 - msg_id_0200 ==> 7E0200004266000000000201C500000000000C000300C64759049FACB8038500000000260327051157010400000000140400000000150400000000160400000000170200002A02000030014A310119067E
2026-03-27 05:12:29 - msg_id_0200 ==> 7E0200004266000000000201D000000000000C000300C64759049FACB8038500000000260327051228010400000000140400000000150400000000160400000000170200002A02000030014A3101186E7E
2026-03-27 05:13:00 - msg_id_0200 ==> 7E0200004266000000000201DB00000000000C000300C64758049FACB8038500000000260327051259010400000000140400000000150400000000160400000000170200002A02000030014A310119147E
2026-03-27 05:13:31 - msg_id_0200 ==> 7E0200004266000000000201E600000000000C000300C64759049FACB8038500000000260327051330010400000000140400000000150400000000160400000000170200002A02000030014A310119407E
2026-03-27 05:14:02 - msg_id_0200 ==> 7E0200004266000000000201F100000000000C000300C64758049FACB8038500000000260327051401010400000000140400000000150400000000160400000000170200002A02000030014A310119607E
2026-03-27 05:14:33 - msg_id_0200 ==> 7E0200004266000000000201FC00000000000C000300C64756049FACB8038500000000260327051432010400000000140400000000150400000000160400000000170200002A02000030014A310118517E
2026-03-27 05:15:04 - msg_id_0200 ==> 7E02000042660000000002020700000000000C000300C64756049FACC0038500000000260327051503010400000000140400000000150400000000160400000000170200002A02000030014A310117EE7E
2026-03-27 05:15:35 - msg_id_0200 ==> 7E02000042660000000002021200000000000C000300C64756049FACC0038500000000260327051534010400000000140400000000150400000000160400000000170200002A02000030014A310117CC7E
2026-03-27 05:16:06 - msg_id_0200 ==> 7E02000042660000000002021D00000000000C000300C64756049FACC0038500000000260327051605010400000000140400000000150400000000160400000000170200002A02000030014A310118FE7E
2026-03-27 05:16:37 - msg_id_0200 ==> 7E02000042660000000002022800000000000C000300C64756049FACC0038500000000260327051636010400000000140400000000150400000000160400000000170200002A02000030014A310117F77E
2026-03-27 05:17:08 - msg_id_0200 ==> 7E02000042660000000002023300000000000C000300C64756049FACC0038500000000260327051707010400000000140400000000150400000000160400000000170200002A02000030014A310118D37E
2026-03-27 05:17:39 - msg_id_0200 ==> 7E02000042660000000002023E00000000000C000300C64755049FACC0038500000000260327051738010400000000140400000000150400000000160400000000170200002A02000030014A310119E37E
2026-03-27 05:18:10 - msg_id_0200 ==> 7E02000042660000000002024900000000000C000300C64754049FACC0038500000000260327051809010400000000140400000000150400000000160400000000170200002A02000030014A310118AA7E
2026-03-27 05:18:41 - msg_id_0200 ==> 7E02000042660000000002025400000000000C000300C64755049FACC0038500000000260327051840010400000000140400000000150400000000160400000000170200002A02000030014A310117F07E
2026-03-27 05:19:12 - msg_id_0200 ==> 7E02000042660000000002025F00000000000C000300C64757049FACC0038500000000260327051911010400000000140400000000150400000000160400000000170200002A02000030014A310115AB7E
2026-03-27 05:19:43 - msg_id_0200 ==> 7E02000042660000000002026A00000000000C000300C64755049FACC0038500000000260327051942010400000000140400000000150400000000160400000000170200002A02000030014A310119C37E
2026-03-27 05:20:14 - msg_id_0200 ==> 7E02000042660000000002027500000000000C000300C64755049FACC0038500000000260327052013010400000000140400000000150400000000160400000000170200002A02000030014A310119B47E
2026-03-27 05:20:41 - msg_id_0200 ==> 7E02000042660000000002027F00000100000C000300C64754049FACC8038500000000260327052040010400000000140400000000150400000000160400000000170200002A02000030014A310117EB7E
2026-03-27 05:21:22 - msg_id_0200 ==> 7E02000042660000000002000200000000000C000300C64753049FACC0038500000000260327052121010400000000140400000000150400000000160400000000170200002A02000030014A31011AF77E
2026-03-27 05:21:53 - msg_id_0200 ==> 7E02000042660000000002000D00000000000C000300C64753049FACC8038500000000260327052152010400000000140400000000150400000000160400000000170200002A02000030014A31011A837E
2026-03-27 05:22:24 - msg_id_0200 ==> 7E02000042660000000002001800000000000C000300C64753049FACC8038500000000260327052223010400000000140400000000150400000000160400000000170200002A02000030014A31011AE47E
2026-03-27 05:22:55 - msg_id_0200 ==> 7E02000042660000000002002300000000000C000300C64753049FACC0038500000000260327052254010400000000140400000000150400000000160400000000170200002A02000030014A31011AA07E
2026-03-27 05:23:26 - msg_id_0200 ==> 7E02000042660000000002002E00000000000C000300C64755049FACC0038500000000260327052325010400000000140400000000150400000000160400000000170200002A02000030014A310119D87E
2026-03-27 05:23:57 - msg_id_0200 ==> 7E02000042660000000002003900000000000C000300C64753049FACC0038500000000260327052356010400000000140400000000150400000000160400000000170200002A02000030014A310119BA7E
2026-03-27 05:24:28 - msg_id_0200 ==> 7E02000042660000000002004400000000000C000300C64754049FACC0038500000000260327052427010400000000140400000000150400000000160400000000170200002A02000030014A310116B97E
2026-03-27 05:24:59 - msg_id_0200 ==> 7E02000042660000000002004F00000000000C000300C64756049FACC0038500000000260327052458010400000000140400000000150400000000160400000000170200002A02000030014A310116CF7E
2026-03-27 05:25:30 - msg_id_0200 ==> 7E02000042660000000002005A00000000000C000300C64758049FACC0038500000000260327052529010400000000140400000000150400000000160400000000170200002A02000030014A310118AA7E
2026-03-27 05:26:01 - msg_id_0200 ==> 7E02000042660000000002006500000000000C000300C64759049FACC0038500000000260327052600010400000000140400000000150400000000160400000000170200002A02000030014A310116B07E
2026-03-27 05:26:32 - msg_id_0200 ==> 7E02000042660000000002007000000000000C000300C6475D049FACC0038500000000260327052631010400000000140400000000150400000000160400000000170200002A02000030014A310117917E
2026-03-27 05:27:03 - msg_id_0200 ==> 7E02000042660000000002007B00000000000C000300C6475D049FACC0038500000000260327052702010400000000140400000000150400000000160400000000170200002A02000030014A310116A97E
2026-03-27 05:27:11 - msg_id_0200 ==> 7E02000042660000000002007F00000100000C000300C6475D049FACC0038500000000260327052710010400000000140400000000150400000000160400000000170200002A02000030014A310116BE7E
2026-03-27 05:30:50 - msg_id_0200 ==> 7E02000042660000000002000200000000000C000300C64758049FACC8038500000000260327053049010400000000140400000000150400000000160400000000170200002A02000030014A3101198E7E
2026-03-27 05:31:21 - msg_id_0200 ==> 7E02000042660000000002000D00000000000C000300C64757049FACC8038500000000260327053120010400000000140400000000150400000000160400000000170200002A02000030014A310117E87E
2026-03-27 05:31:52 - msg_id_0200 ==> 7E02000042660000000002001800000000000C000300C64756049FACC0038500000000260327053151010400000000140400000000150400000000160400000000170200002A02000030014A310115877E
2026-03-27 05:32:23 - msg_id_0200 ==> 7E02000042660000000002002300000000000C000300C64754049FACC0038500000000260327053222010400000000140400000000150400000000160400000000170200002A02000030014A310115CE7E
2026-03-27 05:32:54 - msg_id_0200 ==> 7E02000042660000000002002E00000000000C000300C64755049FACC0038500000000260327053253010400000000140400000000150400000000160400000000170200002A02000030014A310118BE7E
2026-03-27 05:33:25 - msg_id_0200 ==> 7E02000042660000000002003900000000000C000300C64757049FACC0038500000000260327053324010400000000140400000000150400000000160400000000170200002A02000030014A310117D27E
2026-03-27 05:33:56 - msg_id_0200 ==> 7E02000042660000000002004400000000000C000300C64757049FACB8038500000000260327053355010400000000140400000000150400000000160400000000170200002A02000030014A310117A67E
2026-03-27 05:34:27 - msg_id_0200 ==> 7E02000042660000000002004F00000000000C000300C64756049FACB8038500000000260327053426010400000000140400000000150400000000160400000000170200002A02000030014A310117D87E
2026-03-27 05:34:58 - msg_id_0200 ==> 7E02000042660000000002005A00000000000C000300C64758049FACB8038500000000260327053457010400000000140400000000150400000000160400000000170200002A02000030014A310115B07E
2026-03-27 05:35:29 - msg_id_0200 ==> 7E02000042660000000002006500000000000C000300C6475A049FACC0038500000000260327053528010400000000140400000000150400000000160400000000170200002A02000030014A3101158B7E
2026-03-27 05:36:00 - msg_id_0200 ==> 7E02000042660000000002007000000000000C000300C6475A049FACC0038500000000260327053559010400000000140400000000150400000000160400000000170200002A02000030014A310116EC7E
2026-03-27 05:36:31 - msg_id_0200 ==> 7E02000042660000000002007B00000000000C000300C64759049FACB8038500000000260327053630010400000000140400000000150400000000160400000000170200002A02000030014A310114F47E
2026-03-27 05:36:40 - msg_id_0200 ==> 7E02000042660000000002007F00000100000C000300C64759049FACB8038500000000260327053639010400000000140400000000150400000000160400000000170200002A02000030014A310116FA7E
2026-03-27 05:37:02 - msg_id_0200 ==> 7E02000042660000000002008700000000000C000300C64757049FACB8038500000000260327053701010400000000140400000000150400000000160400000000170200002A02000030014A310115377E
2026-03-27 05:37:33 - msg_id_0200 ==> 7E02000042660000000002009200000000000C000300C64755049FACB8038500000000260327053732010400000000140400000000150400000000160400000000170200002A02000030014A310117117E
2026-03-27 05:38:04 - msg_id_0200 ==> 7E02000042660000000002009D00000000000C000300C64752049FACB0038500000000260327053803010400000000140400000000150400000000160400000000170200002A02000030014A3101172F7E
2026-03-27 05:38:35 - msg_id_0200 ==> 7E0200004266000000000200A800000000000C000300C64753049FACB0038500000000260327053834010400000000140400000000150400000000160400000000170200002A02000030014A310119227E
2026-03-27 05:39:06 - msg_id_0200 ==> 7E0200004266000000000200B300000000000C000300C64753049FACB0038500000000260327053905010400000000140400000000150400000000160400000000170200002A02000030014A310116067E
2026-03-27 05:39:37 - msg_id_0200 ==> 7E0200004266000000000200BE00000000000C000300C64755049FACB0038500000000260327053936010400000000140400000000150400000000160400000000170200002A02000030014A3101173F7E
2026-03-27 05:40:08 - msg_id_0200 ==> 7E0200004266000000000200C900000000000C000300C64756049FACB8038500000000260327054007010400000000140400000000150400000000160400000000170200002A02000030014A3101170B7E
2026-03-27 05:40:39 - msg_id_0200 ==> 7E0200004266000000000200D400000000000C000300C64756049FACB0038400000000260327054038010400000000140400000000150400000000160400000000170200002A02000030014A310117207E
2026-03-27 05:41:10 - msg_id_0200 ==> 7E0200004266000000000200DF00000000000C000300C64754049FACB0038400000000260327054109010400000000140400000000150400000000160400000000170200002A02000030014A31011A147E
2026-03-27 05:41:41 - msg_id_0200 ==> 7E0200004266000000000200EA00000000000C000300C6474F049FACB0038400000000260327054140010400000000140400000000150400000000160400000000170200002A02000030014A3101167F7E
2026-03-27 05:42:12 - msg_id_0200 ==> 7E0200004266000000000200F500000000000C000300C6474D049FACB0038400000000260327054211010400000000140400000000150400000000160400000000170200002A02000030014A3101183E7E
2026-03-27 05:42:43 - msg_id_0200 ==> 7E02000042660000000002010000000000000C000300C6474E049FACB0038400000000260327054242010400000000140400000000150400000000160400000000170200002A02000030014A310117957E
2026-03-27 05:43:14 - msg_id_0200 ==> 7E02000042660000000002010B00000000000C000300C6474F049FACA8038400000000260327054313010400000000140400000000150400000000160400000000170200002A02000030014A310116D67E
2026-03-27 05:43:45 - msg_id_0200 ==> 7E02000042660000000002011600000000000C000300C64750049FACA8038400000000260327054344010400000000140400000000150400000000160400000000170200002A02000030014A310117827E
2026-03-27 05:44:16 - msg_id_0200 ==> 7E02000042660000000002012100000000000C000300C64751049FACA8038400000000260327054415010400000000140400000000150400000000160400000000170200002A02000030014A310116E37E
2026-03-27 05:44:47 - msg_id_0200 ==> 7E02000042660000000002012C00000000000C000300C64750049FACA8038400000000260327054446010400000000140400000000150400000000160400000000170200002A02000030014A310114BE7E
2026-03-27 05:45:18 - msg_id_0200 ==> 7E02000042660000000002013700000000000C000300C6474E049FACA8038400000000260327054517010400000000140400000000150400000000160400000000170200002A02000030014A310116E97E
2026-03-27 05:45:49 - msg_id_0200 ==> 7E02000042660000000002014200000000000C000300C64749049FACA8038400000000260327054548010400000000140400000000150400000000160400000000170200002A02000030014A310117C57E
2026-03-27 05:46:20 - msg_id_0200 ==> 7E02000042660000000002014D00000000000C000300C64747049FACA8038400000000260327054619010400000000140400000000150400000000160400000000170200002A02000030014A310117967E
2026-03-27 05:46:51 - msg_id_0200 ==> 7E02000042660000000002015800000000000C000300C64746049FACA8038400000000260327054650010400000000140400000000150400000000160400000000170200002A02000030014A310114C87E
2026-03-27 05:47:22 - msg_id_0200 ==> 7E02000042660000000002016300000000000C000300C64744049FACA8038400000000260327054721010400000000140400000000150400000000160400000000170200002A02000030014A310114817E
2026-03-27 05:47:53 - msg_id_0200 ==> 7E02000042660000000002016E00000000000C000300C64745049FACA8038400000000260327054752010400000000140400000000150400000000160400000000170200002A02000030014A310118F27E
2026-03-27 05:48:24 - msg_id_0200 ==> 7E02000042660000000002017900000000000C000300C64742049FACA0038400000000260327054823010400000000140400000000150400000000160400000000170200002A02000030014A310115997E
2026-03-27 05:48:39 - msg_id_0200 ==> 7E02000042660000000002017F00000100000C000300C64742049FACA0038300000000260327054838010400000000140400000000150400000000160400000000170200002A02000030014A3101188F7E
2026-03-27 05:48:55 - msg_id_0200 ==> 7E02000042660000000002018500000000000C000300C64740049FACA0038300000000260327054854010400000000140400000000150400000000160400000000170200002A02000030014A310116147E
2026-03-27 05:49:26 - msg_id_0200 ==> 7E02000042660000000002019000000000000C000300C6473D049FACA0038300000000260327054925010400000000140400000000150400000000160400000000170200002A02000030014A3101160C7E
2026-03-27 05:49:57 - msg_id_0200 ==> 7E02000042660000000002019B00000000000C000300C6473D049FACA0038300000000260327054956010400000000140400000000150400000000160400000000170200002A02000030014A310113717E
2026-03-27 05:50:28 - msg_id_0200 ==> 7E0200004266000000000201A600000000000C000300C6473F049FACA0038300000000260327055027010400000000140400000000150400000000160400000000170200002A02000030014A310113267E
2026-03-27 05:50:59 - msg_id_0200 ==> 7E0200004266000000000201B100000000000C000300C6473F049FACA0038300000000260327055058010400000000140400000000150400000000160400000000170200002A02000030014A310115487E
2026-03-27 05:51:30 - msg_id_0200 ==> 7E0200004266000000000201BC00000000000C000300C6473D049FACA0038300000000260327055129010400000000140400000000150400000000160400000000170200002A02000030014A310115377E
2026-03-27 05:52:01 - msg_id_0200 ==> 7E0200004266000000000201C700000000000C000300C6473A049FAC98038300000000260327055200010400000000140400000000150400000000160400000000170200002A02000030014A310115597E
2026-03-27 05:52:32 - msg_id_0200 ==> 7E0200004266000000000201D200000000000C000300C64739049FAC98038300000000260327055231010400000000140400000000150400000000160400000000170200002A02000030014A3101157D027E
2026-03-27 05:53:03 - msg_id_0200 ==> 7E0200004266000000000201DD00000000000C000300C64738049FAC98038300000000260327055302010400000000140400000000150400000000160400000000170200002A02000030014A310115427E
2026-03-27 05:53:34 - msg_id_0200 ==> 7E0200004266000000000201E800000000000C000300C64737049FAC98038300000000260327055333010400000000140400000000150400000000160400000000170200002A02000030014A310114487E
2026-03-27 05:54:05 - msg_id_0200 ==> 7E0200004266000000000201F300000000000C000300C6473A049FAC98038300000000260327055404010400000000140400000000150400000000160400000000170200002A02000030014A3101156F7E
2026-03-27 05:54:36 - msg_id_0200 ==> 7E0200004266000000000201FE00000000000C000300C6473B049FAC98038300000000260327055435010400000000140400000000150400000000160400000000170200002A02000030014A310115527E
2026-03-27 05:55:07 - msg_id_0200 ==> 7E02000042660000000002020900000000000C000300C6473D049FAC90038300000000260327055506010400000000140400000000150400000000160400000000170200002A02000030014A3101149B7E
2026-03-27 05:55:38 - msg_id_0200 ==> 7E02000042660000000002021400000000000C000300C6473F049FAC90038300000000260327055537010400000000140400000000150400000000160400000000170200002A02000030014A310116B77E
2026-03-27 05:56:09 - msg_id_0200 ==> 7E02000042660000000002021F00000000000C000300C64741049FAC90038300000000260327055608010400000000140400000000150400000000160400000000170200002A02000030014A310116FE7E
2026-03-27 05:56:40 - msg_id_0200 ==> 7E02000042660000000002022A00000000000C000300C64742049FAC90038300000000260327055639010400000000140400000000150400000000160400000000170200002A02000030014A310114FB7E
2026-03-27 05:57:11 - msg_id_0200 ==> 7E02000042660000000002023500000000000C000300C64741049FAC90038300000000260327055710010400000000140400000000150400000000160400000000170200002A02000030014A310115CE7E
2026-03-27 05:57:42 - msg_id_0200 ==> 7E02000042660000000002024000000000000C000300C64740049FAC90038300000000260327055741010400000000140400000000150400000000160400000000170200002A02000030014A310114EA7E
2026-03-27 05:58:13 - msg_id_0200 ==> 7E02000042660000000002024B00000000000C000300C64741049FAC88038300000000260327055812010400000000140400000000150400000000160400000000170200002A02000030014A310114A47E
2026-03-27 05:58:44 - msg_id_0200 ==> 7E02000042660000000002025600000000000C000300C64741049FAC88038300000000260327055843010400000000140400000000150400000000160400000000170200002A02000030014A310114E87E
2026-03-27 05:59:15 - msg_id_0200 ==> 7E02000042660000000002026100000000000C000300C64741049FAC88038300000000260327055914010400000000140400000000150400000000160400000000170200002A02000030014A310115887E
2026-03-27 05:59:46 - msg_id_0200 ==> 7E02000042660000000002026C00000000000C000300C6473F049FAC88038300000000260327055945010400000000140400000000150400000000160400000000170200002A02000030014A310112AD7E
2026-03-27 06:00:17 - msg_id_0200 ==> 7E02000042660000000002027700000000000C000300C6473E049FAC88038300000000260327060016010400000000140400000000150400000000160400000000170200002A02000030014A310115B97E
2026-03-27 06:00:37 - msg_id_0200 ==> 7E02000042660000000002027F00000100000C000300C64740049FAC88038300000000260327060036010400000000140400000000150400000000160400000000170200002A02000030014A310116ED7E
2026-03-27 06:00:48 - msg_id_0200 ==> 7E02000042660000000002028400000000000C000300C64741049FAC88038300000000260327060047010400000000140400000000150400000000160400000000170200002A02000030014A310116677E
2026-03-27 06:01:19 - msg_id_0200 ==> 7E02000042660000000002028F00000000000C000300C64740049FAC88038300000000260327060118010400000000140400000000150400000000160400000000170200002A02000030014A310117327E
2026-03-27 06:01:50 - msg_id_0200 ==> 7E02000042660000000002029A00000000000C000300C64742049FAC88038300000000260327060149010400000000140400000000150400000000160400000000170200002A02000030014A310117747E
2026-03-27 06:02:21 - msg_id_0200 ==> 7E0200004266000000000202A500000000000C000300C64741049FAC88038300000000260327060220010400000000140400000000150400000000160400000000170200002A02000030014A310116237E
2026-03-27 06:02:52 - msg_id_0200 ==> 7E0200004266000000000202B000000000000C000300C64741049FAC88038300000000260327060251010400000000140400000000150400000000160400000000170200002A02000030014A310116477E
2026-03-27 06:03:23 - msg_id_0200 ==> 7E0200004266000000000202BB00000000000C000300C64740049FAC88038300000000260327060322010400000000140400000000150400000000160400000000170200002A02000030014A3101153C7E
2026-03-27 06:03:54 - msg_id_0200 ==> 7E0200004266000000000202C600000000000C000300C64741049FAC90038300000000260327060353010400000000140400000000150400000000160400000000170200002A02000030014A310115297E
2026-03-27 06:04:25 - msg_id_0200 ==> 7E0200004266000000000202D100000000000C000300C64743049FAC88038300000000260327060424010400000000140400000000150400000000160400000000170200002A02000030014A310114557E
2026-03-27 06:04:56 - msg_id_0200 ==> 7E0200004266000000000202DC00000000000C000300C64744049FAC88038300000000260327060455010400000000140400000000150400000000160400000000170200002A02000030014A3101152F7E
2026-03-27 06:05:27 - msg_id_0200 ==> 7E0200004266000000000202E700000000000C000300C64745049FAC90038300000000260327060526010400000000140400000000150400000000160400000000170200002A02000030014A3101157F7E
2026-03-27 06:05:58 - msg_id_0200 ==> 7E0200004266000000000202F200000000000C000300C64744049FAC88038300000000260327060557010400000000140400000000150400000000160400000000170200002A02000030014A310114037E
2026-03-27 06:06:29 - msg_id_0200 ==> 7E0200004266000000000202FD00000000000C000300C64743049FAC88038300000000260327060628010400000000140400000000150400000000160400000000170200002A02000030014A310113707E
2026-03-27 06:07:00 - msg_id_0200 ==> 7E02000042660000000002030800000000000C000300C64746049FAC90038300000000260327060659010400000000140400000000150400000000160400000000170200002A02000030014A310116ED7E
2026-03-27 06:07:31 - msg_id_0200 ==> 7E02000042660000000002031300000000000C000300C64746049FAC90038300000000260327060730010400000000140400000000150400000000160400000000170200002A02000030014A3101149C7E
2026-03-27 06:08:02 - msg_id_0200 ==> 7E02000042660000000002031E00000000000C000300C64745049FAC90038300000000260327060801010400000000140400000000150400000000160400000000170200002A02000030014A310114AC7E
2026-03-27 06:08:33 - msg_id_0200 ==> 7E02000042660000000002032900000000000C000300C64743049FAC90038300000000260327060832010400000000140400000000150400000000160400000000170200002A02000030014A310113A97E
2026-03-27 06:09:04 - msg_id_0200 ==> 7E02000042660000000002033400000000000C000300C64742049FAC90038300000000260327060903010400000000140400000000150400000000160400000000170200002A02000030014A310114827E
2026-03-27 06:09:35 - msg_id_0200 ==> 7E02000042660000000002033F00000000000C000300C64742049FAC90038300000000260327060934010400000000140400000000150400000000160400000000170200002A02000030014A310112B87E
2026-03-27 06:10:06 - msg_id_0200 ==> 7E02000042660000000002034A00000000000C000300C64742049FAC90038300000000260327061005010400000000140400000000150400000000160400000000170200002A02000030014A310116E17E
2026-03-27 06:10:37 - msg_id_0200 ==> 7E02000042660000000002035500000000000C000300C64743049FAC90038300000000260327061036010400000000140400000000150400000000160400000000170200002A02000030014A310113C97E
2026-03-27 06:11:08 - msg_id_0200 ==> 7E02000042660000000002036000000000000C000300C64743049FAC90038300000000260327061107010400000000140400000000150400000000160400000000170200002A02000030014A310113CC7E
2026-03-27 06:11:39 - msg_id_0200 ==> 7E02000042660000000002036B00000000000C000300C64744049FAC98038300000000260327061138010400000000140400000000150400000000160400000000170200002A02000030014A310114F07E
2026-03-27 06:12:10 - msg_id_0200 ==> 7E02000042660000000002037600000000000C000300C64746049FAC98038300000000260327061209010400000000140400000000150400000000160400000000170200002A02000030014A310114DD7E
2026-03-27 06:12:34 - msg_id_0200 ==> 7E02000042660000000002037F00000100000C000300C64746049FAC98038300000000260327061233010400000000140400000000150400000000160400000000170200002A02000030014A310117EC7E
2026-03-27 06:12:41 - msg_id_0200 ==> 7E02000042660000000002038200000000000C000300C64746049FAC90038300000000260327061240010400000000140400000000150400000000160400000000170200002A02000030014A3101176B7E
2026-03-27 06:13:12 - msg_id_0200 ==> 7E02000042660000000002038D00000000000C000300C64747049FAC90038300000000260327061311010400000000140400000000150400000000160400000000170200002A02000030014A310117357E
2026-03-27 06:13:43 - msg_id_0200 ==> 7E02000042660000000002039800000000000C000300C64746049FAC90038300000000260327061342010400000000140400000000150400000000160400000000170200002A02000030014A310117727E
2026-03-27 06:14:14 - msg_id_0200 ==> 7E0200004266000000000203A300000000000C000300C64743049FAC90038300000000260327061413010400000000140400000000150400000000160400000000170200002A02000030014A310118157E
2026-03-27 06:14:45 - msg_id_0200 ==> 7E0200004266000000000203AE00000000000C000300C64743049FAC90038300000000260327061444010400000000140400000000150400000000160400000000170200002A02000030014A310117407E
2026-03-27 06:15:16 - msg_id_0200 ==> 7E0200004266000000000203B900000000000C000300C64742049FAC90038300000000260327061515010400000000140400000000150400000000160400000000170200002A02000030014A310118097E
2026-03-27 06:15:47 - msg_id_0200 ==> 7E0200004266000000000203C400000000000C000300C64741049FAC88038300000000260327061546010400000000140400000000150400000000160400000000170200002A02000030014A310117337E
2026-03-27 06:16:18 - msg_id_0200 ==> 7E0200004266000000000203CF00000000000C000300C64742049FAC88038300000000260327061617010400000000140400000000150400000000160400000000170200002A02000030014A310116687E
2026-03-27 06:16:49 - msg_id_0200 ==> 7E0200004266000000000203DA00000000000C000300C64742049FAC88038300000000260327061648010400000000140400000000150400000000160400000000170200002A02000030014A310116227E
2026-03-27 06:17:20 - msg_id_0200 ==> 7E0200004266000000000203E500000000000C000300C64740049FAC88038300000000260327061719010400000000140400000000150400000000160400000000170200002A02000030014A3101164F7E
2026-03-27 06:17:51 - msg_id_0200 ==> 7E0200004266000000000203F000000000000C000300C64740049FAC80038300000000260327061750010400000000140400000000150400000000160400000000170200002A02000030014A3101161B7E
2026-03-27 06:18:22 - msg_id_0200 ==> 7E0200004266000000000203FC00000000000C000300C64742049FAC80038300000000260327061821010400000000140400000000150400000000160400000000170200002A02000030014A3101136E7E
2026-03-27 06:18:53 - msg_id_0200 ==> 7E02000042660000000002040600000000000C000300C64742049FAC80038300000000260327061852010400000000140400000000150400000000160400000000170200002A02000030014A310116E57E
2026-03-27 06:19:24 - msg_id_0200 ==> 7E02000042660000000002041100000000000C000300C64741049FAC80038300000000260327061923010400000000140400000000150400000000160400000000170200002A02000030014A310117807E
2026-03-27 06:19:55 - msg_id_0200 ==> 7E02000042660000000002041D00000000000C000300C64740049FAC80038300000000260327061954010400000000140400000000150400000000160400000000170200002A02000030014A310118F57E
2026-03-27 06:20:26 - msg_id_0200 ==> 7E02000042660000000002042700000000000C000300C6473F049FAC80038300000000260327062025010400000000140400000000150400000000160400000000170200002A02000030014A310116F67E
2026-03-27 06:20:57 - msg_id_0200 ==> 7E02000042660000000002043200000000000C000300C6473F049FAC80038300000000260327062056010400000000140400000000150400000000160400000000170200002A02000030014A310116907E
2026-03-27 06:21:28 - msg_id_0200 ==> 7E02000042660000000002043E00000000000C000300C64742049FAC80038300000000260327062127010400000000140400000000150400000000160400000000170200002A02000030014A3101189F7E
2026-03-27 06:21:59 - msg_id_0200 ==> 7E02000042660000000002044800000000000C000300C64744049FAC88038300000000260327062158010400000000140400000000150400000000160400000000170200002A02000030014A310115957E
2026-03-27 06:22:30 - msg_id_0200 ==> 7E02000042660000000002045300000000000C000300C64744049FAC80038300000000260327062229010400000000140400000000150400000000160400000000170200002A02000030014A310118F97E
2026-03-27 06:23:01 - msg_id_0200 ==> 7E02000042660000000002045F00000000000C000300C64741049FAC80038300000000260327062300010400000000140400000000150400000000160400000000170200002A02000030014A310117D77E
2026-03-27 06:23:32 - msg_id_0200 ==> 7E02000042660000000002046900000000000C000300C6473D049FAC80038300000000260327062331010400000000140400000000150400000000160400000000170200002A02000030014A310119A27E
2026-03-27 06:24:03 - msg_id_0200 ==> 7E02000042660000000002047400000000000C000300C6473B049FAC80038300000000260327062402010400000000140400000000150400000000160400000000170200002A02000030014A310116827E
2026-03-27 06:24:32 - msg_id_0200 ==> 7E02000042660000000002047F00000100000C000300C6473A049FAC80038300000000260327062430010400000000140400000000150400000000160400000000170200002A02000030014A310117BA7E
2026-03-27 06:25:28 - msg_id_0200 ==> 7E02000042660000000002000200000000000C000300C6473D049FAC80038300000000260327062527010400000000140400000000150400000000160400000000170200002A02000030014A310117D37E
2026-03-27 06:25:59 - msg_id_0200 ==> 7E02000042660000000002000D00000000000C000300C6473E049FAC80038300000000260327062558010400000000140400000000150400000000160400000000170200002A02000030014A310116A17E
2026-03-27 06:26:30 - msg_id_0200 ==> 7E02000042660000000002001800000000000C000300C6473D049FAC78038300000000260327062629010400000000140400000000150400000000160400000000170200002A02000030014A310118337E
2026-03-27 06:27:01 - msg_id_0200 ==> 7E02000042660000000002002300000000000C000300C6473B049FAC78038300000000260327062700010400000000140400000000150400000000160400000000170200002A02000030014A3101152B7E
2026-03-27 06:27:32 - msg_id_0200 ==> 7E02000042660000000002002E00000000000C000300C64739049FAC78038300000000260327062731010400000000140400000000150400000000160400000000170200002A02000030014A310115157E
2026-03-27 06:28:03 - msg_id_0200 ==> 7E02000042660000000002003900000000000C000300C6473D049FAC70038300000000260327062802010400000000140400000000150400000000160400000000170200002A02000030014A3101183F7E
2026-03-27 06:28:34 - msg_id_0200 ==> 7E02000042660000000002004400000000000C000300C6473B049FAC70038300000000260327062833010400000000140400000000150400000000160400000000170200002A02000030014A3101167B7E
2026-03-27 06:29:05 - msg_id_0200 ==> 7E02000042660000000002004F00000000000C000300C6473C049FAC70038300000000260327062904010400000000140400000000150400000000160400000000170200002A02000030014A310115427E
2026-03-27 06:29:36 - msg_id_0200 ==> 7E02000042660000000002005A00000000000C000300C6473B049FAC70038300000000260327062935010400000000140400000000150400000000160400000000170200002A02000030014A310113677E
2026-03-27 06:30:07 - msg_id_0200 ==> 7E02000042660000000002006500000000000C000300C6473B049FAC70038300000000260327063006010400000000140400000000150400000000160400000000170200002A02000030014A310115747E
2026-03-27 06:30:38 - msg_id_0200 ==> 7E02000042660000000002007000000000000C000300C6473D049FAC70038300000000260327063037010400000000140400000000150400000000160400000000170200002A02000030014A310112517E
2026-03-27 06:31:09 - msg_id_0200 ==> 7E02000042660000000002007B00000000000C000300C64740049FAC70038200000000260327063108010400000000140400000000150400000000160400000000170200002A02000030014A3101141E7E
2026-03-27 06:31:18 - msg_id_0200 ==> 7E02000042660000000002007F00000100000C000300C64741049FAC70038200000000260327063117010400000000140400000000150400000000160400000000170200002A02000030014A310114057E
2026-03-27 06:35:32 - msg_id_0200 ==> 7E02000042660000000002000200000000000C000300C64741049FAC78038200000000260327063531010400000000140400000000150400000000160400000000170200002A02000030014A310112557E
2026-03-27 06:36:03 - msg_id_0200 ==> 7E02000042660000000002000D00000000000C000300C64743049FAC78038200000000260327063602010400000000140400000000150400000000160400000000170200002A02000030014A3101146E7E
2026-03-27 06:36:34 - msg_id_0200 ==> 7E02000042660000000002001800000000000C000300C64743049FAC78038200000000260327063633010400000000140400000000150400000000160400000000170200002A02000030014A3101104E7E
2026-03-27 06:37:05 - msg_id_0200 ==> 7E02000042660000000002002300000000000C000300C64745049FAC78038200000000260327063704010400000000140400000000150400000000160400000000170200002A02000030014A310111447E
2026-03-27 06:37:36 - msg_id_0200 ==> 7E02000042660000000002002E00000000000C000300C64746049FAC80038200000000260327063735010400000000140400000000150400000000160400000000170200002A02000030014A310112807E
2026-03-27 06:38:07 - msg_id_0200 ==> 7E02000042660000000002003900000000000C000300C64746049FAC80038200000000260327063806010400000000140400000000150400000000160400000000170200002A02000030014A310114AD7E
2026-03-27 06:38:38 - msg_id_0200 ==> 7E02000042660000000002004400000000000C000300C64746049FAC80038200000000260327063837010400000000140400000000150400000000160400000000170200002A02000030014A310113E67E
2026-03-27 06:39:09 - msg_id_0200 ==> 7E02000042660000000002004F00000000000C000300C64747049FAC80038200000000260327063908010400000000140400000000150400000000160400000000170200002A02000030014A310113D27E
2026-03-27 06:39:40 - msg_id_0200 ==> 7E02000042660000000002005A00000000000C000300C64746049FAC80038200000000260327063939010400000000140400000000150400000000160400000000170200002A02000030014A310113F77E
2026-03-27 06:40:11 - msg_id_0200 ==> 7E02000042660000000002006500000000000C000300C64745049FAC80038200000000260327064010010400000000140400000000150400000000160400000000170200002A02000030014A3101129A7E
2026-03-27 06:40:42 - msg_id_0200 ==> 7E02000042660000000002007000000000000C000300C64744049FAC80038100000000260327064041010400000000140400000000150400000000160400000000170200002A02000030014A310111DF7E
2026-03-27 06:41:13 - msg_id_0200 ==> 7E02000042660000000002007B00000000000C000300C64743049FAC80038100000000260327064112010400000000140400000000150400000000160400000000170200002A02000030014A310111817E
2026-03-27 06:41:21 - msg_id_0200 ==> 7E02000042660000000002007F00000100000C000300C64743049FAC80038100000000260327064120010400000000140400000000150400000000160400000000170200002A02000030014A310111B67E
2026-03-27 06:43:21 - msg_id_0200 ==> 7E02000042660000000002000200000000000C000300C64741049FAC88038100000000260327064320010400000000140400000000150400000000160400000000170200002A02000030014A310110C37E
2026-03-27 06:43:52 - msg_id_0200 ==> 7E02000042660000000002000D00000000000C000300C64741049FAC90038100000000260327064351010400000000140400000000150400000000160400000000170200002A02000030014A31010EBB7E
2026-03-27 06:44:23 - msg_id_0200 ==> 7E02000042660000000002001800000000000C000300C6473F049FAC90038100000000260327064422010400000000140400000000150400000000160400000000170200002A02000030014A310115BF7E
2026-03-27 06:44:54 - msg_id_0200 ==> 7E02000042660000000002002300000000000C000300C64740049FAC90038100000000260327064453010400000000140400000000150400000000160400000000170200002A02000030014A3101138C7E
2026-03-27 06:45:25 - msg_id_0200 ==> 7E02000042660000000002002E00000000000C000300C64741049FAC90038100000000260327064524010400000000140400000000150400000000160400000000170200002A02000030014A310111F47E
2026-03-27 06:45:56 - msg_id_0200 ==> 7E02000042660000000002003900000000000C000300C64740049FAC90038100000000260327064555010400000000140400000000150400000000160400000000170200002A02000030014A310111937E
2026-03-27 06:46:27 - msg_id_0200 ==> 7E02000042660000000002004400000000000C000300C64741049FAC98038100000000260327064626010400000000140400000000150400000000160400000000170200002A02000030014A310110967E
2026-03-27 06:46:58 - msg_id_0200 ==> 7E02000042660000000002004F00000000000C000300C64742049FAC98038100000000260327064657010400000000140400000000150400000000160400000000170200002A02000030014A310111EE7E
2026-03-27 06:47:29 - msg_id_0200 ==> 7E02000042660000000002005A00000000000C000300C64742049FAC98038100000000260327064728010400000000140400000000150400000000160400000000170200002A02000030014A310111857E
2026-03-27 06:48:00 - msg_id_0200 ==> 7E02000042660000000002006500000000000C000300C64742049FAC98038100000000260327064759010400000000140400000000150400000000160400000000170200002A02000030014A310111CB7E
2026-03-27 06:48:31 - msg_id_0200 ==> 7E02000042660000000002007000000000000C000300C64742049FAC98038100000000260327064830010400000000140400000000150400000000160400000000170200002A02000030014A310113BA7E
2026-03-27 06:49:02 - msg_id_0200 ==> 7E02000042660000000002007B00000000000C000300C64742049FAC98038100000000260327064901010400000000140400000000150400000000160400000000170200002A02000030014A310115877E
2026-03-27 06:49:11 - msg_id_0200 ==> 7E02000042660000000002007F00000100000C000300C64742049FAC98038100000000260327064910010400000000140400000000150400000000160400000000170200002A02000030014A310114927E
2026-03-27 06:51:04 - msg_id_0200 ==> 7E02000042660000000002000200000000000C000300C64741049FAC98038100000000260327065103010400000000140400000000150400000000160400000000170200002A02000030014A310115E77E
2026-03-27 06:51:35 - msg_id_0200 ==> 7E02000042660000000002000D00000000000C000300C64742049FAC98038100000000260327065134010400000000140400000000150400000000160400000000170200002A02000030014A310114DD7E
2026-03-27 06:52:06 - msg_id_0200 ==> 7E02000042660000000002001800000000000C000300C64741049FAC98038100000000260327065205010400000000140400000000150400000000160400000000170200002A02000030014A310114F97E
2026-03-27 06:52:37 - msg_id_0200 ==> 7E02000042660000000002002300000000000C000300C64740049FAC98038100000000260327065236010400000000140400000000150400000000160400000000170200002A02000030014A310115F17E
2026-03-27 06:53:08 - msg_id_0200 ==> 7E02000042660000000002002E00000000000C000300C6473F049FAC98038100000000260327065307010400000000140400000000150400000000160400000000170200002A02000030014A310117B17E
2026-03-27 06:53:39 - msg_id_0200 ==> 7E02000042660000000002003900000000000C000300C64740049FAC98038100000000260327065338010400000000140400000000150400000000160400000000170200002A02000030014A310114E57E
2026-03-27 06:54:10 - msg_id_0200 ==> 7E02000042660000000002004400000000000C000300C64741049FAC98038100000000260327065409010400000000140400000000150400000000160400000000170200002A02000030014A310116AD7E
2026-03-27 06:54:41 - msg_id_0200 ==> 7E02000042660000000002004F00000000000C000300C64741049FAC98038100000000260327065440010400000000140400000000150400000000160400000000170200002A02000030014A310118E17E
2026-03-27 06:55:12 - msg_id_0200 ==> 7E02000042660000000002005A00000000000C000300C64741049FAC98038100000000260327065511010400000000140400000000150400000000160400000000170200002A02000030014A310115A97E
2026-03-27 06:55:43 - msg_id_0200 ==> 7E02000042660000000002006500000000000C000300C64740049FAC98038100000000260327065542010400000000140400000000150400000000160400000000170200002A02000030014A310113C27E
2026-03-27 06:56:14 - msg_id_0200 ==> 7E02000042660000000002007000000000000C000300C64740049FACA0038100000000260327065613010400000000140400000000150400000000160400000000170200002A02000030014A310115BB7E
2026-03-27 06:56:45 - msg_id_0200 ==> 7E02000042660000000002007B00000000000C000300C64740049FACA0038100000000260327065644010400000000140400000000150400000000160400000000170200002A02000030014A310113E17E
2026-03-27 06:56:54 - msg_id_0200 ==> 7E02000042660000000002007F00000100000C000300C6473F049FACA0038100000000260327065653010400000000140400000000150400000000160400000000170200002A02000030014A3101148B7E
2026-03-27 06:57:36 - msg_id_0200 ==> 7E02000042660000000002000200000000000C000300C64740049FACA0038100000000260327065735010400000000140400000000150400000000160400000000170200002A02000030014A310112E97E
2026-03-27 06:58:07 - msg_id_0200 ==> 7E02000042660000000002000D00000000000C000300C64740049FACA0038000000000260327065806010400000000140400000000150400000000160400000000170200002A02000030014A310114DD7E
2026-03-27 06:58:38 - msg_id_0200 ==> 7E02000042660000000002001800000000000C000300C64740049FACA0038000000000260327065837010400000000140400000000150400000000160400000000170200002A02000030014A310114F97E
2026-03-27 06:59:09 - msg_id_0200 ==> 7E02000042660000000002002300000000000C000300C6473F049FACA0038000000000260327065908010400000000140400000000150400000000160400000000170200002A02000030014A310111867E
2026-03-27 06:59:40 - msg_id_0200 ==> 7E02000042660000000002002E00000000000C000300C6473E049FACA0038000000000260327065939010400000000140400000000150400000000160400000000170200002A02000030014A310114BE7E
2026-03-27 07:00:11 - msg_id_0200 ==> 7E02000042660000000002003900000000000C000300C6473E049FACA0038000000000260327070010010400000000140400000000150400000000160400000000170200002A02000030014A310115D97E
2026-03-27 07:00:42 - msg_id_0200 ==> 7E02000042660000000002004400000000000C000300C6473F049FACA0038000000000260327070041010400000000140400000000150400000000160400000000170200002A02000030014A310111F07E
2026-03-27 07:01:13 - msg_id_0200 ==> 7E02000042660000000002004F00000000000C000300C6473E049FACA0038000000000260327070112010400000000140400000000150400000000160400000000170200002A02000030014A310114AD7E
2026-03-27 07:01:44 - msg_id_0200 ==> 7E02000042660000000002005A00000000000C000300C64741049FACA0038000000000260327070143010400000000140400000000150400000000160400000000170200002A02000030014A310115977E
2026-03-27 07:02:15 - msg_id_0200 ==> 7E02000042660000000002006500000000000C000300C64741049FACA0038000000000260327070214010400000000140400000000150400000000160400000000170200002A02000030014A310114FD7E
2026-03-27 07:02:46 - msg_id_0200 ==> 7E02000042660000000002007000000000000C000300C64741049FACA0038000000000260327070245010400000000140400000000150400000000160400000000170200002A02000030014A310113BE7E
2026-03-27 07:03:17 - msg_id_0200 ==> 7E02000042660000000002007B00000000000C000300C64741049FACA0038000000000260327070316010400000000140400000000150400000000160400000000170200002A02000030014A310113E77E
2026-03-27 07:03:26 - msg_id_0200 ==> 7E02000042660000000002007F00000100000C000300C64742049FACA0038000000000260327070325010400000000140400000000150400000000160400000000170200002A02000030014A310112D37E
2026-03-27 07:03:48 - msg_id_0200 ==> 7E02000042660000000002008700000000000C000300C64742049FACA0038000000000260327070347010400000000140400000000150400000000160400000000170200002A02000030014A3101144E7E
2026-03-27 07:04:19 - msg_id_0200 ==> 7E02000042660000000002009200000000000C000300C64743049FACA0038000000000260327070418010400000000140400000000150400000000160400000000170200002A02000030014A310114027E
2026-03-27 07:04:50 - msg_id_0200 ==> 7E02000042660000000002009D00000000000C000300C64743049FAC98038000000000260327070449010400000000140400000000150400000000160400000000170200002A02000030014A310113637E
2026-03-27 07:05:21 - msg_id_0200 ==> 7E0200004266000000000200A800000000000C000300C64744049FAC98038000000000260327070520010400000000140400000000150400000000160400000000170200002A02000030014A310113397E
2026-03-27 07:05:52 - msg_id_0200 ==> 7E0200004266000000000200B300000000000C000300C64746049FAC98038000000000260327070551010400000000140400000000150400000000160400000000170200002A02000030014A310113517E
2026-03-27 07:06:23 - msg_id_0200 ==> 7E0200004266000000000200BE00000000000C000300C64744049FAC98038000000000260327070622010400000000140400000000150400000000160400000000170200002A02000030014A3101122F7E
2026-03-27 07:06:54 - msg_id_0200 ==> 7E0200004266000000000200C900000000000C000300C64742049FAC98038000000000260327070653010400000000140400000000150400000000160400000000170200002A02000030014A310115287E
2026-03-27 07:07:25 - msg_id_0200 ==> 7E0200004266000000000200D400000000000C000300C64744049FAC98038000000000260327070724010400000000140400000000150400000000160400000000170200002A02000030014A310114447E
2026-03-27 07:07:56 - msg_id_0200 ==> 7E0200004266000000000200DF00000000000C000300C64743049FAC98038000000000260327070755010400000000140400000000150400000000160400000000170200002A02000030014A310115387E
2026-03-27 07:08:27 - msg_id_0200 ==> 7E0200004266000000000200EA00000000000C000300C64744049FAC98038000000000260327070826010400000000140400000000150400000000160400000000170200002A02000030014A310116757E
2026-03-27 07:08:58 - msg_id_0200 ==> 7E0200004266000000000200F500000000000C000300C64747049FACA0038000000000260327070857010400000000140400000000150400000000160400000000170200002A02000030014A310112247E
2026-03-27 07:09:29 - msg_id_0200 ==> 7E02000042660000000002010000000000000C000300C6474C049FACA0038000000000260327070928010400000000140400000000150400000000160400000000170200002A02000030014A310112A57E
2026-03-27 07:10:00 - msg_id_0200 ==> 7E02000042660000000002010B00000000000C000300C6474D049FAC98038000000000260327070959010400000000140400000000150400000000160400000000170200002A02000030014A310115E17E
2026-03-27 07:10:31 - msg_id_0200 ==> 7E02000042660000000002011600000000000C000300C6474F049FAC98038000000000260327071030010400000000140400000000150400000000160400000000170200002A02000030014A3101168D7E
2026-03-27 07:11:02 - msg_id_0200 ==> 7E02000042660000000002012100000000000C000300C6474F049FAC98038000000000260327071101010400000000140400000000150400000000160400000000170200002A02000030014A310115897E
2026-03-27 07:11:33 - msg_id_0200 ==> 7E02000042660000000002012C00000000000C000300C64751049FAC98038000000000260327071132010400000000140400000000150400000000160400000000170200002A02000030014A310115A97E
2026-03-27 07:12:04 - msg_id_0200 ==> 7E02000042660000000002013700000000000C000300C64752049FAC98038000000000260327071203010400000000140400000000150400000000160400000000170200002A02000030014A310113857E
2026-03-27 07:12:35 - msg_id_0200 ==> 7E02000042660000000002014200000000000C000300C64754049FAC90038000000000260327071234010400000000140400000000150400000000160400000000170200002A02000030014A310110CA7E
2026-03-27 07:13:06 - msg_id_0200 ==> 7E02000042660000000002014D00000000000C000300C64755049FAC90038000000000260327071305010400000000140400000000150400000000160400000000170200002A02000030014A310114F07E
2026-03-27 07:13:37 - msg_id_0200 ==> 7E02000042660000000002015800000000000C000300C64756049FAC90038000000000260327071336010400000000140400000000150400000000160400000000170200002A02000030014A310112D37E
2026-03-27 07:14:08 - msg_id_0200 ==> 7E02000042660000000002016300000000000C000300C64758049FAC90038000000000260327071407010400000000140400000000150400000000160400000000170200002A02000030014A310111D37E
2026-03-27 07:14:39 - msg_id_0200 ==> 7E02000042660000000002016E00000000000C000300C64758049FAC98038000000000260327071438010400000000140400000000150400000000160400000000170200002A02000030014A310113EB7E
2026-03-27 07:15:10 - msg_id_0200 ==> 7E02000042660000000002017900000000000C000300C64759049FAC98038000000000260327071509010400000000140400000000150400000000160400000000170200002A02000030014A310112CC7E
2026-03-27 07:15:25 - msg_id_0200 ==> 7E02000042660000000002017F00000100000C000300C64758049FAC98038000000000260327071525010400000000140400000000150400000000160400000000170200002A02000030014A310112E67E
2026-03-27 07:15:41 - msg_id_0200 ==> 7E02000042660000000002018500000000000C000300C64759049FAC98038000000000260327071540010400000000140400000000150400000000160400000000170200002A02000030014A3101147F7E
2026-03-27 07:16:12 - msg_id_0200 ==> 7E02000042660000000002019000000000000C000300C6475A049FAC98038000000000260327071611010400000000140400000000150400000000160400000000170200002A02000030014A3101143B7E
2026-03-27 07:16:43 - msg_id_0200 ==> 7E02000042660000000002019B00000000000C000300C6475A049FAC98038000000000260327071642010400000000140400000000150400000000160400000000170200002A02000030014A310113647E
2026-03-27 07:17:14 - msg_id_0200 ==> 7E0200004266000000000201A600000000000C000300C6475B049FACA0038000000000260327071713010400000000140400000000150400000000160400000000170200002A02000030013A310113407E
2026-03-27 07:17:45 - msg_id_0200 ==> 7E0200004266000000000201B100000000000C000300C6475C049FACA0038000000000260327071744010400000000140400000000150400000000160400000000170200002A02000030013A310115017E
2026-03-27 07:18:16 - msg_id_0200 ==> 7E0200004266000000000201BC00000000000C000300C6475D049FACA0038000000000260327071815010400000000140400000000150400000000160400000000170200002A02000030013A310114527E
2026-03-27 07:18:47 - msg_id_0200 ==> 7E0200004266000000000201C700000000000C000300C6475F049FACA0037F00000000260327071846010400000000140400000000150400000000160400000000170200002A02000030013A310114877E
2026-03-27 07:19:18 - msg_id_0200 ==> 7E0200004266000000000201D200000000000C000300C64764049FACA0037F00000000260327071917010400000000140400000000150400000000160400000000170200002A02000030013A310113FE7E
2026-03-27 07:19:49 - msg_id_0200 ==> 7E0200004266000000000201DD00000000000C000300C64763049FACA8037F00000000260327071948010400000000140400000000150400000000160400000000170200002A02000030013A310112A07E
2026-03-27 07:20:20 - msg_id_0200 ==> 7E0200004266000000000201E800000000000C000300C64763049FACA0037F00000000260327072019010400000000140400000000150400000000160400000000170200002A02000030013A310113F47E
2026-03-27 07:20:51 - msg_id_0200 ==> 7E0200004266000000000201F300000000000C000300C64764049FACA8037F00000000260327072050010400000000140400000000150400000000160400000000170200002A02000030013A310112A87E
2026-03-27 07:21:22 - msg_id_0200 ==> 7E0200004266000000000201FE00000000000C000300C64764049FACA8037F00000000260327072121010400000000140400000000150400000000160400000000170200002A02000030013A310112D57E
2026-03-27 07:21:53 - msg_id_0200 ==> 7E02000042660000000002020900000000000C000300C64765049FACA8037F00000000260327072152010400000000140400000000150400000000160400000000170200002A02000030013A310114557E
2026-03-27 07:22:24 - msg_id_0200 ==> 7E02000042660000000002021400000000000C000300C64764049FACA8038000000000260327072223010400000000140400000000150400000000160400000000170200002A02000030013A310114C47E
2026-03-27 07:22:55 - msg_id_0200 ==> 7E02000042660000000002021F00000000000C000300C64763049FACA8038000000000260327072254010400000000140400000000150400000000160400000000170200002A02000030013A310114BF7E
2026-03-27 07:23:26 - msg_id_0200 ==> 7E02000042660000000002022A00000000000C000300C64762049FACA0038000000000260327072325010400000000140400000000150400000000160400000000170200002A02000030013A310115F27E
2026-03-27 07:23:57 - msg_id_0200 ==> 7E02000042660000000002023500000000000C000300C64764049FACA0038000000000260327072356010400000000140400000000150400000000160400000000170200002A02000030013A310115987E
2026-03-27 07:24:28 - msg_id_0200 ==> 7E02000042660000000002024000000000000C000300C64765049FACA8038000000000260327072427010400000000140400000000150400000000160400000000170200002A02000030013A310114937E
2026-03-27 07:24:59 - msg_id_0200 ==> 7E02000042660000000002024B00000000000C000300C64763049FACA8038000000000260327072458010400000000140400000000150400000000160400000000170200002A02000030013A310113E67E
2026-03-27 07:25:30 - msg_id_0200 ==> 7E02000042660000000002025600000000000C000300C64764049FACA8038000000000260327072529010400000000140400000000150400000000160400000000170200002A02000030013A3101128D7E
2026-03-27 07:26:01 - msg_id_0200 ==> 7E02000042660000000002026100000000000C000300C64761049FACA8038000000000260327072600010400000000140400000000150400000000160400000000170200002A02000030013A310114937E
2026-03-27 07:26:32 - msg_id_0200 ==> 7E02000042660000000002026C00000000000C000300C64761049FACA8038000000000260327072631010400000000140400000000150400000000160400000000170200002A02000030013A310113A87E
2026-03-27 07:27:03 - msg_id_0200 ==> 7E02000042660000000002027700000000000C000300C64763049FACA8038000000000260327072702010400000000140400000000150400000000160400000000170200002A02000030013A310114847E
2026-03-27 07:27:23 - msg_id_0200 ==> 7E02000042660000000002027F00000100000C000300C64760049FACA8038000000000260327072722010400000000140400000000150400000000160400000000170200002A02000030013A310113A97E
2026-03-27 07:27:34 - msg_id_0200 ==> 7E02000042660000000002028400000000000C000300C64760049FACA8038000000000260327072733010400000000140400000000150400000000160400000000170200002A02000030013A310113427E
2026-03-27 07:28:05 - msg_id_0200 ==> 7E02000042660000000002028F00000000000C000300C6475F049FACA8038000000000260327072804010400000000140400000000150400000000160400000000170200002A02000030013A3101134E7E
2026-03-27 07:28:36 - msg_id_0200 ==> 7E02000042660000000002029A00000000000C000300C6475D049FACA8038000000000260327072835010400000000140400000000150400000000160400000000170200002A02000030013A3101156E7E
2026-03-27 07:29:07 - msg_id_0200 ==> 7E0200004266000000000202A500000000000C000300C6475A049FACA8038000000000260327072906010400000000140400000000150400000000160400000000170200002A02000030013A310115647E
2026-03-27 07:29:38 - msg_id_0200 ==> 7E0200004266000000000202B000000000000C000300C64759049FACA8038100000000260327072937010400000000140400000000150400000000160400000000170200002A02000030013A310113447E
2026-03-27 07:30:09 - msg_id_0200 ==> 7E0200004266000000000202BB00000000000C000300C64759049FACA8038100000000260327073008010400000000140400000000150400000000160400000000170200002A02000030013A310113697E
2026-03-27 07:30:40 - msg_id_0200 ==> 7E0200004266000000000202C600000000000C000300C6475A049FACA8038100000000260327073039010400000000140400000000150400000000160400000000170200002A02000030013A310113267E
2026-03-27 07:31:11 - msg_id_0200 ==> 7E0200004266000000000202D100000000000C000300C64759049FACA8038100000000260327073110010400000000140400000000150400000000160400000000170200002A02000030013A310111187E
2026-03-27 07:31:42 - msg_id_0200 ==> 7E0200004266000000000202DC00000000000C000300C64759049FACA8038100000000260327073141010400000000140400000000150400000000160400000000170200002A02000030013A310114417E
2026-03-27 07:32:13 - msg_id_0200 ==> 7E0200004266000000000202E700000000000C000300C64757049FACA0038100000000260327073212010400000000140400000000150400000000160400000000170200002A02000030013A3101142C7E
2026-03-27 07:32:44 - msg_id_0200 ==> 7E0200004266000000000202F200000000000C000300C64756049FACA0038100000000260327073243010400000000140400000000150400000000160400000000170200002A02000030013A310114697E
2026-03-27 07:33:15 - msg_id_0200 ==> 7E0200004266000000000202FD00000000000C000300C64754049FACA0038100000000260327073314010400000000140400000000150400000000160400000000170200002A02000030013A310114327E
2026-03-27 07:33:46 - msg_id_0200 ==> 7E02000042660000000002030800000000000C000300C64751049FAC98038100000000260327073345010400000000140400000000150400000000160400000000170200002A02000030013A310112AC7E
2026-03-27 07:34:17 - msg_id_0200 ==> 7E02000042660000000002031300000000000C000300C6474F049FAC98038100000000260327073416010400000000140400000000150400000000160400000000170200002A02000030013A310114FB7E
2026-03-27 07:34:48 - msg_id_0200 ==> 7E02000042660000000002031E00000000000C000300C6474D049FAC98038100000000260327073447010400000000140400000000150400000000160400000000170200002A02000030013A310111A07E
2026-03-27 07:35:19 - msg_id_0200 ==> 7E02000042660000000002032900000000000C000300C6474A049FAC98038100000000260327073518010400000000140400000000150400000000160400000000170200002A02000030013A310113CC7E
2026-03-27 07:35:50 - msg_id_0200 ==> 7E02000042660000000002033400000000000C000300C64747049FAC98038200000000260327073549010400000000140400000000150400000000160400000000170200002A02000030013A3101138E7E
2026-03-27 07:36:21 - msg_id_0200 ==> 7E02000042660000000002033F00000000000C000300C64746049FAC98038200000000260327073620010400000000140400000000150400000000160400000000170200002A02000030013A310110ED7E
2026-03-27 07:36:52 - msg_id_0200 ==> 7E02000042660000000002034A00000000000C000300C64744049FAC98038200000000260327073651010400000000140400000000150400000000160400000000170200002A02000030013A310110EB7E
2026-03-27 07:37:23 - msg_id_0200 ==> 7E02000042660000000002035500000000000C000300C64742049FAC90038200000000260327073722010400000000140400000000150400000000160400000000170200002A02000030013A3101128A7E
2026-03-27 07:37:54 - msg_id_0200 ==> 7E02000042660000000002036000000000000C000300C64743049FAC90038200000000260327073753010400000000140400000000150400000000160400000000170200002A02000030013A310113CE7E
2026-03-27 07:38:25 - msg_id_0200 ==> 7E02000042660000000002036B00000000000C000300C64744049FAC90038200000000260327073824010400000000140400000000150400000000160400000000170200002A02000030013A310114BD7E
2026-03-27 07:38:56 - msg_id_0200 ==> 7E02000042660000000002037600000000000C000300C64746049FAC90038200000000260327073855010400000000140400000000150400000000160400000000170200002A020000300136310112D97E
2026-03-27 07:39:21 - msg_id_0200 ==> 7E02000042660000000002037F00000100000C000300C64745049FAC90038200000000260327073920010400000000140400000000150400000000160400000000170200002A020000300136310112A67E
2026-03-27 07:39:33 - msg_id_0200 ==> 7E02000042660000000002038200000000000C000300C64745049FAC88038200000000260327073932010400000000140400000000150400000000160400000000170200002A020000300136310114567E
2026-03-27 07:40:04 - msg_id_0200 ==> 7E02000042660000000002038D00000000000C000300C64748049FAC88038300000000260327074003010400000000140400000000150400000000160400000000170200002A0200003001363101121B7E
2026-03-27 07:40:35 - msg_id_0200 ==> 7E02000042660000000002039800000000000C000300C64749049FAC88038300000000260327074034010400000000140400000000150400000000160400000000170200002A020000300136310112387E
2026-03-27 07:41:06 - msg_id_0200 ==> 7E0200004266000000000203A300000000000C000300C64747049FAC88038300000000260327074105010400000000140400000000150400000000160400000000170200002A0200003001363101113E7E
2026-03-27 07:41:37 - msg_id_0200 ==> 7E0200004266000000000203AE00000000000C000300C64747049FAC88038300000000260327074136010400000000140400000000150400000000160400000000170200002A020000300136310113027E
2026-03-27 07:42:09 - msg_id_0200 ==> 7E0200004266000000000203B900000000000C000300C64747049FAC88038300000000260327074207010400000000140400000000150400000000160400000000170200002A020000300136310111257E
2026-03-27 07:42:39 - msg_id_0200 ==> 7E0200004266000000000203C400000000000C000300C64746049FAC88038300000000260327074238010400000000140400000000150400000000160400000000170200002A020000300136310114637E
2026-03-27 07:43:10 - msg_id_0200 ==> 7E0200004266000000000203CF00000000000C000300C64744049FAC88038300000000260327074309010400000000140400000000150400000000160400000000170200002A0200003001363101145A7E
2026-03-27 07:43:41 - msg_id_0200 ==> 7E0200004266000000000203DA00000000000C000300C64744049FAC88038300000000260327074340010400000000140400000000150400000000160400000000170200002A020000300136310115077E
2026-03-27 07:44:12 - msg_id_0200 ==> 7E0200004266000000000203E500000000000C000300C64745049FAC88038300000000260327074411010400000000140400000000150400000000160400000000170200002A02000030013A310117617E
2026-03-27 07:44:43 - msg_id_0200 ==> 7E0200004266000000000203F000000000000C000300C64746049FAC88038300000000260327074442010400000000140400000000150400000000160400000000170200002A02000030013A310116257E
2026-03-27 07:45:14 - msg_id_0200 ==> 7E0200004266000000000203FB00000000000C000300C64746049FAC88038400000000260327074513010400000000140400000000150400000000160400000000170200002A02000030013A3101127D017E
2026-03-27 07:45:45 - msg_id_0200 ==> 7E02000042660000000002040600000000000C000300C64747049FAC90038300000000260327074544010400000000140400000000150400000000160400000000170200002A02000030013A310111CD7E
2026-03-27 07:46:16 - msg_id_0200 ==> 7E02000042660000000002041100000000000C000300C64749049FAC90038400000000260327074615010400000000140400000000150400000000160400000000170200002A02000030013A310113837E
2026-03-27 07:46:46 - msg_id_0200 ==> 7E02000042660000000002041C00000000000C000300C64749049FAC90038400000000260327074646010400000000140400000000150400000000160400000000170200002A02000030013A310113DD7E
2026-03-27 07:47:18 - msg_id_0200 ==> 7E02000042660000000002042700000000000C000300C64747049FAC90038400000000260327074717010400000000140400000000150400000000160400000000170200002A02000030013A310115BE7E
2026-03-27 07:47:49 - msg_id_0200 ==> 7E02000042660000000002043200000000000C000300C64746049FAC90038400000000260327074748010400000000140400000000150400000000160400000000170200002A02000030013A310115F57E
2026-03-27 07:48:20 - msg_id_0200 ==> 7E02000042660000000002043D00000000000C000300C64749049FAC90038400000000260327074819010400000000140400000000150400000000160400000000170200002A02000030013A310115AB7E
2026-03-27 07:48:51 - msg_id_0200 ==> 7E02000042660000000002044800000000000C000300C64749049FAC90038400000000260327074850010400000000140400000000150400000000160400000000170200002A02000030013A310116947E
2026-03-27 07:49:22 - msg_id_0200 ==> 7E02000042660000000002045300000000000C000300C64748049FAC90038400000000260327074921010400000000140400000000150400000000160400000000170200002A02000030013A310115FD7E
2026-03-27 07:49:53 - msg_id_0200 ==> 7E02000042660000000002045E00000000000C000300C64748049FAC90038400000000260327074952010400000000140400000000150400000000160400000000170200002A02000030013A310116807E
2026-03-27 07:50:24 - msg_id_0200 ==> 7E02000042660000000002046900000000000C000300C64749049FAC98038400000000260327075023010400000000140400000000150400000000160400000000170200002A02000030013A310115D57E
2026-03-27 07:50:55 - msg_id_0200 ==> 7E02000042660000000002047400000000000C000300C64749049FAC98038400000000260327075054010400000000140400000000150400000000160400000000170200002A02000030013A310115BF7E
2026-03-27 07:51:26 - msg_id_0200 ==> 7E02000042660000000002047F00000100000C000300C6474B049FAC98038400000000260327075125010400000000140400000000150400000000160400000000170200002A02000030013A310116C47E
2026-03-27 07:51:31 - msg_id_0200 ==> 7E02000042660000000002048200000000000C000300C6474B049FAC98038400000000260327075130010400000000140400000000150400000000160400000000170200002A02000030013A3101152E7E
2026-03-27 07:52:02 - msg_id_0200 ==> 7E02000042660000000002048D00000000000C000300C64749049FAC98038400000000260327075201010400000000140400000000150400000000160400000000170200002A02000030013A310116127E
2026-03-27 07:52:33 - msg_id_0200 ==> 7E02000042660000000002049800000000000C000300C64748049FAC98038400000000260327075232010400000000140400000000150400000000160400000000170200002A02000030013A310116357E
2026-03-27 07:53:04 - msg_id_0200 ==> 7E0200004266000000000204A300000000000C000300C64748049FACA0038400000000260327075303010400000000140400000000150400000000160400000000170200002A02000030013A310116067E
2026-03-27 07:53:35 - msg_id_0200 ==> 7E0200004266000000000204AE00000000000C000300C64748049FACA0038400000000260327075334010400000000140400000000150400000000160400000000170200002A02000030013A3101143E7E
2026-03-27 07:54:06 - msg_id_0200 ==> 7E0200004266000000000204B900000000000C000300C64746049FACA0038400000000260327075405010400000000140400000000150400000000160400000000170200002A0200003001363101161F7E
2026-03-27 07:54:37 - msg_id_0200 ==> 7E0200004266000000000204C400000000000C000300C64746049FACA0038400000000260327075436010400000000140400000000150400000000160400000000170200002A020000300136310115527E
2026-03-27 07:55:08 - msg_id_0200 ==> 7E0200004266000000000204CF00000000000C000300C64747049FACA8038400000000260327075507010400000000140400000000150400000000160400000000170200002A020000300136310115607E
2026-03-27 07:55:39 - msg_id_0200 ==> 7E0200004266000000000204DA00000000000C000300C64746049FACA0038400000000260327075538010400000000140400000000150400000000160400000000170200002A020000300136310117417E
2026-03-27 07:56:10 - msg_id_0200 ==> 7E0200004266000000000204E500000000000C000300C64746049FACA0038400000000260327075609010400000000140400000000150400000000160400000000170200002A02000030013A310117407E
2026-03-27 07:56:41 - msg_id_0200 ==> 7E0200004266000000000204F000000000000C000300C64748049FACA8038400000000260327075640010400000000140400000000150400000000160400000000170200002A02000030013A310115187E
2026-03-27 07:57:12 - msg_id_0200 ==> 7E0200004266000000000204FB00000000000C000300C6474B049FACA8038400000000260327075711010400000000140400000000150400000000160400000000170200002A02000030013A310115407E
2026-03-27 07:57:43 - msg_id_0200 ==> 7E02000042660000000002050600000000000C000300C64749049FACA8038400000000260327075742010400000000140400000000150400000000160400000000170200002A02000030013A310115ED7E
2026-03-27 07:58:14 - msg_id_0200 ==> 7E02000042660000000002051100000000000C000300C6474A049FACA8038400000000260327075813010400000000140400000000150400000000160400000000170200002A02000030013A310113A17E
2026-03-27 07:58:45 - msg_id_0200 ==> 7E02000042660000000002051C00000000000C000300C64749049FACA0038400000000260327075844010400000000140400000000150400000000160400000000170200002A020000300136310114FB7E
2026-03-27 07:59:16 - msg_id_0200 ==> 7E02000042660000000002052700000000000C000300C64749049FACA0038400000000260327075915010400000000140400000000150400000000160400000000170200002A020000300136310112967E
2026-03-27 07:59:47 - msg_id_0200 ==> 7E02000042660000000002053200000000000C000300C64749049FACA0038400000000260327075946010400000000140400000000150400000000160400000000170200002A020000300136310113D17E
2026-03-27 08:00:18 - msg_id_0200 ==> 7E02000042660000000002053D00000000000C000300C6474B049FACA0038400000000260327080017010400000000140400000000150400000000160400000000170200002A020000300136310110D87E
2026-03-27 08:00:49 - msg_id_0200 ==> 7E02000042660000000002054800000000000C000300C64749049FACA0038400000000260327080048010400000000140400000000150400000000160400000000170200002A02000030013A310112FE7E
2026-03-27 08:01:20 - msg_id_0200 ==> 7E02000042660000000002055300000000000C000300C64747049FACA0038400000000260327080119010400000000140400000000150400000000160400000000170200002A02000030013A310113BA7E
2026-03-27 08:01:51 - msg_id_0200 ==> 7E02000042660000000002055E00000000000C000300C64747049FACA0038400000000260327080150010400000000140400000000150400000000160400000000170200002A02000030013A310113FE7E
2026-03-27 08:02:22 - msg_id_0200 ==> 7E02000042660000000002056900000000000C000300C64748049FACA8038400000000260327080221010400000000140400000000150400000000160400000000170200002A02000030013A310113BC7E
2026-03-27 08:02:53 - msg_id_0200 ==> 7E02000042660000000002057400000000000C000300C64747049FACA8038400000000260327080252010400000000140400000000150400000000160400000000170200002A02000030013A310112DC7E
2026-03-27 08:03:23 - msg_id_0200 ==> 7E02000042660000000002057F00000100000C000300C64746049FACA8038400000000260327080322010400000000140400000000150400000000160400000000170200002A02000030013A310114A07E
2026-03-27 08:05:49 - msg_id_0200 ==> 7E02000042660000000002000200000000000C000300C6474D049FACA0038300000000260327080548010400000000140400000000150400000000160400000000170200002A020000300146310115CC7E
2026-03-27 08:06:20 - msg_id_0200 ==> 7E02000042660000000002000D00000000000C000300C6474F049FACA0038400000000260327080619010400000000140400000000150400000000160400000000170200002A020000300146310117967E
2026-03-27 08:06:51 - msg_id_0200 ==> 7E02000042660000000002001800000000000C000300C6474D049FAC98038400000000260327080650010400000000140400000000150400000000160400000000170200002A020000300146310116F17E
2026-03-27 08:07:22 - msg_id_0200 ==> 7E02000042660000000002002300000000000C000300C6474D049FAC98038400000000260327080721010400000000140400000000150400000000160400000000170200002A020000300146310115B97E
2026-03-27 08:07:53 - msg_id_0200 ==> 7E02000042660000000002002E00000000000C000300C6474E049FAC98038300000000260327080752010400000000140400000000150400000000160400000000170200002A020000300146310116C07E
2026-03-27 08:08:24 - msg_id_0200 ==> 7E02000042660000000002003900000000000C000300C6474C049FAC98038300000000260327080823010400000000140400000000150400000000160400000000170200002A020000300146310115A87E
2026-03-27 08:08:55 - msg_id_0200 ==> 7E02000042660000000002004400000000000C000300C6474D049FAC98038300000000260327080854010400000000140400000000150400000000160400000000170200002A020000300146310115A37E
2026-03-27 08:09:26 - msg_id_0200 ==> 7E02000042660000000002004F00000000000C000300C6474E049FAC98038400000000260327080925010400000000140400000000150400000000160400000000170200002A020000300146310112DB7E
2026-03-27 08:09:57 - msg_id_0200 ==> 7E02000042660000000002005A00000000000C000300C6474F049FAC98038300000000260327080956010400000000140400000000150400000000160400000000170200002A020000300146310113BA7E
2026-03-27 08:10:28 - msg_id_0200 ==> 7E02000042660000000002006500000000000C000300C64752049FAC98038300000000260327081027010400000000140400000000150400000000160400000000170200002A020000300146310113F07E
2026-03-27 08:10:59 - msg_id_0200 ==> 7E02000042660000000002007000000000000C000300C64751049FAC98038300000000260327081058010400000000140400000000150400000000160400000000170200002A0200003001463101159F7E
2026-03-27 08:11:30 - msg_id_0200 ==> 7E02000042660000000002007B00000000000C000300C64752049FAC98038300000000260327081129010400000000140400000000150400000000160400000000170200002A020000300146310115E77E
2026-03-27 08:11:39 - msg_id_0200 ==> 7E02000042660000000002007F00000100000C000300C64752049FAC98038300000000260327081138010400000000140400000000150400000000160400000000170200002A020000300146310115F37E
2026-03-27 08:12:21 - msg_id_0200 ==> 7E02000042660000000002000200000000000C000300C6474F049FAC98038300000000260327081220010400000000140400000000150400000000160400000000170200002A020000300146310115897E
2026-03-27 08:12:52 - msg_id_0200 ==> 7E02000042660000000002000D00000000000C000300C6474F049FAC98038300000000260327081251010400000000140400000000150400000000160400000000170200002A020000300146310115F77E
2026-03-27 08:13:23 - msg_id_0200 ==> 7E02000042660000000002001800000000000C000300C64750049FAC98038300000000260327081322010400000000140400000000150400000000160400000000170200002A0200003001463101148E7E
2026-03-27 08:13:54 - msg_id_0200 ==> 7E02000042660000000002002300000000000C000300C64750049FAC98038300000000260327081353010400000000140400000000150400000000160400000000170200002A020000300146310114C47E
2026-03-27 08:14:25 - msg_id_0200 ==> 7E02000042660000000002002E00000000000C000300C6474F049FAC98038300000000260327081424010400000000140400000000150400000000160400000000170200002A020000300146310115A77E
2026-03-27 08:14:56 - msg_id_0200 ==> 7E02000042660000000002003900000000000C000300C6474F049FAC98038300000000260327081455010400000000140400000000150400000000160400000000170200002A020000300146310114C07E
2026-03-27 08:15:27 - msg_id_0200 ==> 7E02000042660000000002004400000000000C000300C6474E049FAC98038300000000260327081526010400000000140400000000150400000000160400000000170200002A020000300146310117CD7E
2026-03-27 08:15:58 - msg_id_0200 ==> 7E02000042660000000002004F00000000000C000300C6474E049FAC98038300000000260327081557010400000000140400000000150400000000160400000000170200002A020000300146310117B77E
2026-03-27 08:16:29 - msg_id_0200 ==> 7E02000042660000000002005A00000000000C000300C64751049FAC98038300000000260327081628010400000000140400000000150400000000160400000000170200002A020000300146310115C37E
2026-03-27 08:17:00 - msg_id_0200 ==> 7E02000042660000000002006500000000000C000300C64753049FAC98038300000000260327081659010400000000140400000000150400000000160400000000170200002A020000300146310113897E
2026-03-27 08:17:31 - msg_id_0200 ==> 7E02000042660000000002007000000000000C000300C64753049FAC98038300000000260327081730010400000000140400000000150400000000160400000000170200002A020000300146310117F07E
2026-03-27 08:18:02 - msg_id_0200 ==> 7E02000042660000000002007B00000000000C000300C64755049FAC98038300000000260327081801010400000000140400000000150400000000160400000000170200002A020000300146310114C07E
2026-03-27 08:18:11 - msg_id_0200 ==> 7E02000042660000000002007F00000100000C000300C64755049FAC98038300000000260327081810010400000000140400000000150400000000160400000000170200002A020000300146310116D67E
2026-03-27 08:18:54 - msg_id_0200 ==> 7E02000042660000000002000200000000000C000300C64753049FAC98038300000000260327081853010400000000140400000000150400000000160400000000170200002A020000300146310116EF7E
2026-03-27 08:19:25 - msg_id_0200 ==> 7E02000042660000000002000D00000000000C000300C64753049FACA0038300000000260327081924010400000000140400000000150400000000160400000000170200002A020000300146310116AE7E
2026-03-27 08:19:56 - msg_id_0200 ==> 7E02000042660000000002001800000000000C000300C64753049FACA0038300000000260327081955010400000000140400000000150400000000160400000000170200002A020000300146310115C97E
2026-03-27 08:20:27 - msg_id_0200 ==> 7E02000042660000000002002300000000000C000300C64753049FACA0038300000000260327082026010400000000140400000000150400000000160400000000170200002A020000300146310117BA7E
2026-03-27 08:20:58 - msg_id_0200 ==> 7E02000042660000000002002E00000000000C000300C64751049FACA0038300000000260327082057010400000000140400000000150400000000160400000000170200002A020000300146310115C67E
2026-03-27 08:21:29 - msg_id_0200 ==> 7E02000042660000000002003900000000000C000300C64750049FACA0038300000000260327082128010400000000140400000000150400000000160400000000170200002A020000300146310118A37E
2026-03-27 08:22:00 - msg_id_0200 ==> 7E02000042660000000002004400000000000C000300C6474D049FACA0038300000000260327082159010400000000140400000000150400000000160400000000170200002A020000300146310118B27E
2026-03-27 08:22:31 - msg_id_0200 ==> 7E02000042660000000002004F00000000000C000300C6474D049FACA0038300000000260327082230010400000000140400000000150400000000160400000000170200002A020000300146310116DD7E
2026-03-27 08:23:02 - msg_id_0200 ==> 7E02000042660000000002005A00000000000C000300C6474D049FACA0038300000000260327082301010400000000140400000000150400000000160400000000170200002A020000300146310117F97E
2026-03-27 08:23:33 - msg_id_0200 ==> 7E02000042660000000002006500000000000C000300C6474E049FACA0038300000000260327082332010400000000140400000000150400000000160400000000170200002A020000300146310117F67E
2026-03-27 08:24:04 - msg_id_0200 ==> 7E02000042660000000002007000000000000C000300C64750049FACA0038300000000260327082403010400000000140400000000150400000000160400000000170200002A020000300146310118C47E
2026-03-27 08:24:35 - msg_id_0200 ==> 7E02000042660000000002007B00000000000C000300C64752049FACA8038300000000260327082434010400000000140400000000150400000000160400000000170200002A020000300146310115FF7E
2026-03-27 08:24:43 - msg_id_0200 ==> 7E02000042660000000002007F00000100000C000300C64751049FACA8038300000000260327082442010400000000140400000000150400000000160400000000170200002A0200003001463101168C7E
2026-03-27 08:25:06 - msg_id_0200 ==> 7E02000042660000000002008700000000000C000300C64751049FACA8038300000000260327082505010400000000140400000000150400000000160400000000170200002A020000300146310115307E
2026-03-27 08:25:37 - msg_id_0200 ==> 7E02000042660000000002009200000000000C000300C64751049FACA8038300000000260327082536010400000000140400000000150400000000160400000000170200002A020000300146310117147E
2026-03-27 08:26:08 - msg_id_0200 ==> 7E02000042660000000002009D00000000000C000300C64750049FACA8038300000000260327082607010400000000140400000000150400000000160400000000170200002A020000300146310116297E
2026-03-27 08:26:39 - msg_id_0200 ==> 7E0200004266000000000200A800000000000C000300C6474D049FACA8038300000000260327082638010400000000140400000000150400000000160400000000170200002A0200003001463101163E7E
2026-03-27 08:27:10 - msg_id_0200 ==> 7E0200004266000000000200B300000000000C000300C6474D049FACA8038300000000260327082709010400000000140400000000150400000000160400000000170200002A020000300146310114177E
2026-03-27 08:27:41 - msg_id_0200 ==> 7E0200004266000000000200BE00000000000C000300C6474D049FACA8038300000000260327082740010400000000140400000000150400000000160400000000170200002A020000300146310117507E
2026-03-27 08:28:12 - msg_id_0200 ==> 7E0200004266000000000200C900000000000C000300C6474E049FACA8038300000000260327082811010400000000140400000000150400000000160400000000170200002A0200003001463101177A7E
2026-03-27 08:28:43 - msg_id_0200 ==> 7E0200004266000000000200D400000000000C000300C6474E049FACA8038300000000260327082842010400000000140400000000150400000000160400000000170200002A020000300146310115367E
2026-03-27 08:29:14 - msg_id_0200 ==> 7E0200004266000000000200DF00000000000C000300C64751049FACA8038300000000260327082913010400000000140400000000150400000000160400000000170200002A020000300146310117707E
2026-03-27 08:29:45 - msg_id_0200 ==> 7E0200004266000000000200EA00000000000C000300C64754049FACA8038300000000260327082944010400000000140400000000150400000000160400000000170200002A020000300146310116167E
2026-03-27 08:30:16 - msg_id_0200 ==> 7E0200004266000000000200F500000000000C000300C64751049FACA8038300000000260327083015010400000000140400000000150400000000160400000000170200002A020000300146310113417E
2026-03-27 08:30:47 - msg_id_0200 ==> 7E02000042660000000002010000000000000C000300C64751049FACA8038300000000260327083046010400000000140400000000150400000000160400000000170200002A020000300146310113E67E
2026-03-27 08:31:18 - msg_id_0200 ==> 7E02000042660000000002010B00000000000C000300C64750049FACA8038300000000260327083117010400000000140400000000150400000000160400000000170200002A020000300146310114BB7E
2026-03-27 08:31:49 - msg_id_0200 ==> 7E02000042660000000002011600000000000C000300C64752049FACA8038300000000260327083148010400000000140400000000150400000000160400000000170200002A020000300146310114FB7E
2026-03-27 08:32:20 - msg_id_0200 ==> 7E02000042660000000002012100000000000C000300C64753049FACA8038300000000260327083219010400000000140400000000150400000000160400000000170200002A0200003001463101149F7E
2026-03-27 08:32:51 - msg_id_0200 ==> 7E02000042660000000002012C00000000000C000300C64752049FACA8038300000000260327083250010400000000140400000000150400000000160400000000170200002A020000300146310114DA7E
2026-03-27 08:33:22 - msg_id_0200 ==> 7E02000042660000000002013700000000000C000300C64752049FACA8038300000000260327083321010400000000140400000000150400000000160400000000170200002A020000300146310110B57E
2026-03-27 08:33:53 - msg_id_0200 ==> 7E02000042660000000002014200000000000C000300C64753049FACA8038300000000260327083352010400000000140400000000150400000000160400000000170200002A020000300146310113B17E
2026-03-27 08:34:24 - msg_id_0200 ==> 7E02000042660000000002014D00000000000C000300C64755049FACA8038300000000260327083423010400000000140400000000150400000000160400000000170200002A020000300146310114C97E
2026-03-27 08:34:55 - msg_id_0200 ==> 7E02000042660000000002015800000000000C000300C64756049FACA8038300000000260327083454010400000000140400000000150400000000160400000000170200002A020000300146310114A87E
2026-03-27 08:35:26 - msg_id_0200 ==> 7E02000042660000000002016300000000000C000300C64756049FACA8038300000000260327083525010400000000140400000000150400000000160400000000170200002A020000300146310114E37E
2026-03-27 08:35:57 - msg_id_0200 ==> 7E02000042660000000002016E00000000000C000300C64757049FACA8038300000000260327083556010400000000140400000000150400000000160400000000170200002A0200003001463101139B7E
2026-03-27 08:36:28 - msg_id_0200 ==> 7E02000042660000000002017900000000000C000300C64756049FACA8038300000000260327083627010400000000140400000000150400000000160400000000170200002A020000300146310113FF7E
2026-03-27 08:36:43 - msg_id_0200 ==> 7E02000042660000000002017F00000100000C000300C64756049FACB0038300000000260327083642010400000000140400000000150400000000160400000000170200002A020000300146310111877E
2026-03-27 08:36:59 - msg_id_0200 ==> 7E02000042660000000002018500000000000C000300C64756049FACB0038300000000260327083658010400000000140400000000150400000000160400000000170200002A020000300146310112657E
2026-03-27 08:37:30 - msg_id_0200 ==> 7E02000042660000000002019000000000000C000300C64754049FACA8038300000000260327083729010400000000140400000000150400000000160400000000170200002A020000300146310111197E
2026-03-27 08:38:01 - msg_id_0200 ==> 7E02000042660000000002019B00000000000C000300C64754049FACA8038300000000260327083800010400000000140400000000150400000000160400000000170200002A020000300146310112377E
2026-03-27 08:38:32 - msg_id_0200 ==> 7E0200004266000000000201A600000000000C000300C64756049FACA8038300000000260327083831010400000000140400000000150400000000160400000000170200002A020000300146310113387E
2026-03-27 08:39:03 - msg_id_0200 ==> 7E0200004266000000000201B100000000000C000300C64756049FACA8038300000000260327083902010400000000140400000000150400000000160400000000170200002A0200003001463101151B7E
2026-03-27 08:39:34 - msg_id_0200 ==> 7E0200004266000000000201BC00000000000C000300C64755049FACA8038300000000260327083933010400000000140400000000150400000000160400000000170200002A020000300146310113227E
2026-03-27 08:40:05 - msg_id_0200 ==> 7E0200004266000000000201C700000000000C000300C64755049FACB0038300000000260327084004010400000000140400000000150400000000160400000000170200002A020000300146310115097E
2026-03-27 08:40:36 - msg_id_0200 ==> 7E0200004266000000000201D200000000000C000300C64756049FACA8038300000000260327084035010400000000140400000000150400000000160400000000170200002A020000300146310113307E
2026-03-27 08:41:07 - msg_id_0200 ==> 7E0200004266000000000201DD00000000000C000300C64756049FACA8038300000000260327084106010400000000140400000000150400000000160400000000170200002A0200003001463101130D7E
2026-03-27 08:41:38 - msg_id_0200 ==> 7E0200004266000000000201E800000000000C000300C64756049FACA8038300000000260327084137010400000000140400000000150400000000160400000000170200002A0200003001463101140E7E
2026-03-27 08:42:09 - msg_id_0200 ==> 7E0200004266000000000201F300000000000C000300C64757049FACA8038300000000260327084208010400000000140400000000150400000000160400000000170200002A0200003001463101132F7E
2026-03-27 08:42:40 - msg_id_0200 ==> 7E0200004266000000000201FE00000000000C000300C64758049FACB0038300000000260327084239010400000000140400000000150400000000160400000000170200002A020000300146310114037E
2026-03-27 08:43:11 - msg_id_0200 ==> 7E02000042660000000002020900000000000C000300C64759049FACA8038300000000260327084310010400000000140400000000150400000000160400000000170200002A020000300146310115C77E
2026-03-27 08:43:42 - msg_id_0200 ==> 7E02000042660000000002021400000000000C000300C6475A049FACA8038300000000260327084341010400000000140400000000150400000000160400000000170200002A020000300146310115887E
2026-03-27 08:44:13 - msg_id_0200 ==> 7E02000042660000000002021F00000000000C000300C6475A049FACA8038300000000260327084412010400000000140400000000150400000000160400000000170200002A020000300146310115D77E
2026-03-27 08:44:44 - msg_id_0200 ==> 7E02000042660000000002022A00000000000C000300C6475C049FACA8038300000000260327084443010400000000140400000000150400000000160400000000170200002A020000300146310115B57E
2026-03-27 08:45:15 - msg_id_0200 ==> 7E02000042660000000002023500000000000C000300C6475C049FACA8038300000000260327084514010400000000140400000000150400000000160400000000170200002A020000300146310114FD7E
2026-03-27 08:45:46 - msg_id_0200 ==> 7E02000042660000000002024000000000000C000300C6475C049FACA8038300000000260327084545010400000000140400000000150400000000160400000000170200002A020000300146310114D97E
2026-03-27 08:46:17 - msg_id_0200 ==> 7E02000042660000000002024B00000000000C000300C6475B049FACA8038300000000260327084616010400000000140400000000150400000000160400000000170200002A020000300146310114857E
2026-03-27 08:46:48 - msg_id_0200 ==> 7E02000042660000000002025600000000000C000300C6475A049FACA8038400000000260327084647010400000000140400000000150400000000160400000000170200002A020000300146310114CF7E
2026-03-27 08:47:19 - msg_id_0200 ==> 7E02000042660000000002026100000000000C000300C6475A049FACA8038400000000260327084718010400000000140400000000150400000000160400000000170200002A020000300146310114A67E
2026-03-27 08:47:50 - msg_id_0200 ==> 7E02000042660000000002026C00000000000C000300C6475B049FACA8038400000000260327084749010400000000140400000000150400000000160400000000170200002A020000300146310114FB7E
2026-03-27 08:48:21 - msg_id_0200 ==> 7E02000042660000000002027700000000000C000300C6475D049FACA8038400000000260327084820010400000000140400000000150400000000160400000000170200002A020000300146310115817E
2026-03-27 08:48:41 - msg_id_0200 ==> 7E02000042660000000002027F00000100000C000300C6475C049FACA8038400000000260327084840010400000000140400000000150400000000160400000000170200002A020000300146310113EF7E
2026-03-27 08:48:52 - msg_id_0200 ==> 7E02000042660000000002028400000000000C000300C6475B049FACA8038400000000260327084851010400000000140400000000150400000000160400000000170200002A020000300146310113037E
2026-03-27 08:49:23 - msg_id_0200 ==> 7E02000042660000000002028F00000000000C000300C6475A049FACA0038400000000260327084922010400000000140400000000150400000000160400000000170200002A020000300146310114747E
2026-03-27 08:49:54 - msg_id_0200 ==> 7E02000042660000000002029A00000000000C000300C6475D049FACA0038400000000260327084953010400000000140400000000150400000000160400000000170200002A020000300146310114177E
2026-03-27 08:50:25 - msg_id_0200 ==> 7E0200004266000000000202A500000000000C000300C6475E049FACA0038400000000260327085024010400000000140400000000150400000000160400000000170200002A020000300146310112437E
2026-03-27 08:50:56 - msg_id_0200 ==> 7E0200004266000000000202B000000000000C000300C6475C049FACA0038400000000260327085055010400000000140400000000150400000000160400000000170200002A020000300146310114237E
2026-03-27 08:51:27 - msg_id_0200 ==> 7E0200004266000000000202BB00000000000C000300C6475A049FACA0038400000000260327085126010400000000140400000000150400000000160400000000170200002A0200003001463101155D7E
2026-03-27 08:51:58 - msg_id_0200 ==> 7E0200004266000000000202C600000000000C000300C6475A049FACA0038400000000260327085157010400000000140400000000150400000000160400000000170200002A020000300146310115517E
2026-03-27 08:52:29 - msg_id_0200 ==> 7E0200004266000000000202D100000000000C000300C6475C049FAC98038400000000260327085228010400000000140400000000150400000000160400000000170200002A020000300146310113027E
2026-03-27 08:53:00 - msg_id_0200 ==> 7E0200004266000000000202DC00000000000C000300C6475D049FACA0038400000000260327085259010400000000140400000000150400000000160400000000170200002A020000300146310114407E
2026-03-27 08:53:31 - msg_id_0200 ==> 7E0200004266000000000202E700000000000C000300C6475D049FACA0038400000000260327085330010400000000140400000000150400000000160400000000170200002A020000300146310113147E
2026-03-27 08:54:02 - msg_id_0200 ==> 7E0200004266000000000202F200000000000C000300C6475B049FACA0038400000000260327085401010400000000140400000000150400000000160400000000170200002A020000300146310113317E
2026-03-27 08:54:33 - msg_id_0200 ==> 7E0200004266000000000202FD00000000000C000300C6475A049FACA0038400000000260327085432010400000000140400000000150400000000160400000000170200002A0200003001463101150A7E
2026-03-27 08:55:04 - msg_id_0200 ==> 7E02000042660000000002030800000000000C000300C6475A049FACA0038400000000260327085503010400000000140400000000150400000000160400000000170200002A020000300146310113C87E
2026-03-27 08:55:35 - msg_id_0200 ==> 7E02000042660000000002031300000000000C000300C6475B049FACA0038400000000260327085534010400000000140400000000150400000000160400000000170200002A020000300146310112E47E
2026-03-27 08:56:06 - msg_id_0200 ==> 7E02000042660000000002031E00000000000C000300C6475B049FACA0038400000000260327085605010400000000140400000000150400000000160400000000170200002A020000300146310112DB7E
2026-03-27 08:56:37 - msg_id_0200 ==> 7E02000042660000000002032900000000000C000300C64758049FACA0038400000000260327085636010400000000140400000000150400000000160400000000170200002A020000300146310113DD7E
2026-03-27 08:57:08 - msg_id_0200 ==> 7E02000042660000000002033400000000000C000300C64758049FAC98038400000000260327085707010400000000140400000000150400000000160400000000170200002A020000300146310112C97E
2026-03-27 08:57:39 - msg_id_0200 ==> 7E02000042660000000002033F00000000000C000300C6475B049FAC98038400000000260327085738010400000000140400000000150400000000160400000000170200002A020000300146310112FE7E
2026-03-27 08:58:10 - msg_id_0200 ==> 7E02000042660000000002034A00000000000C000300C6475E049FAC98038500000000260327085809010400000000140400000000150400000000160400000000170200002A020000300146310113B07E
2026-03-27 08:58:41 - msg_id_0200 ==> 7E02000042660000000002035500000000000C000300C6475F049FAC98038500000000260327085840010400000000140400000000150400000000160400000000170200002A020000300146310111E57E
2026-03-27 08:59:12 - msg_id_0200 ==> 7E02000042660000000002036000000000000C000300C6475E049FAC98038500000000260327085911010400000000140400000000150400000000160400000000170200002A020000300146310112827E
2026-03-27 08:59:43 - msg_id_0200 ==> 7E02000042660000000002036B00000000000C000300C6475F049FAC98038500000000260327085942010400000000140400000000150400000000160400000000170200002A020000300146310111D87E
2026-03-27 09:00:14 - msg_id_0200 ==> 7E02000042660000000002037600000000000C000300C6475C049FAC98038500000000260327090013010400000000140400000000150400000000160400000000170200002A020000300146310112CC7E
2026-03-27 09:00:38 - msg_id_0200 ==> 7E02000042660000000002037F00000100000C000300C6475C049FAC98038500000000260327090037010400000000140400000000150400000000160400000000170200002A020000300146310112E07E
2026-03-27 09:01:19 - msg_id_0200 ==> 7E02000042660000000002000200000000000C000300C6475B049FAC98038500000000260327090118010400000000140400000000150400000000160400000000170200002A020000300146310113B77E
2026-03-27 09:01:50 - msg_id_0200 ==> 7E02000042660000000002000D00000000000C000300C6475B049FACA0038500000000260327090149010400000000140400000000150400000000160400000000170200002A020000300146310111D37E
2026-03-27 09:02:21 - msg_id_0200 ==> 7E02000042660000000002001800000000000C000300C64758049FACA0038500000000260327090220010400000000140400000000150400000000160400000000170200002A020000300146310112AC7E
2026-03-27 09:02:52 - msg_id_0200 ==> 7E02000042660000000002002300000000000C000300C64756049FACA0038500000000260327090251010400000000140400000000150400000000160400000000170200002A020000300146310112E87E
2026-03-27 09:03:23 - msg_id_0200 ==> 7E02000042660000000002002E00000000000C000300C64756049FACA0038600000000260327090322010400000000140400000000150400000000160400000000170200002A020000300146310112947E
2026-03-27 09:03:54 - msg_id_0200 ==> 7E02000042660000000002003900000000000C000300C64757049FACA0038600000000260327090353010400000000140400000000150400000000160400000000170200002A020000300146310113F27E
2026-03-27 09:04:25 - msg_id_0200 ==> 7E02000042660000000002004400000000000C000300C64757049FACA0038600000000260327090424010400000000140400000000150400000000160400000000170200002A020000300146310111FD7E
2026-03-27 09:04:56 - msg_id_0200 ==> 7E02000042660000000002004F00000000000C000300C64756049FACA0038600000000260327090455010400000000140400000000150400000000160400000000170200002A020000300146310114837E
2026-03-27 09:05:27 - msg_id_0200 ==> 7E02000042660000000002005A00000000000C000300C64756049FACA0038600000000260327090526010400000000140400000000150400000000160400000000170200002A020000300146310112E27E
2026-03-27 09:05:58 - msg_id_0200 ==> 7E02000042660000000002006500000000000C000300C64756049FACA0038600000000260327090557010400000000140400000000150400000000160400000000170200002A020000300146310112AC7E
2026-03-27 09:06:29 - msg_id_0200 ==> 7E02000042660000000002007000000000000C000300C64756049FACA0038600000000260327090628010400000000140400000000150400000000160400000000170200002A020000300146310114C37E
2026-03-27 09:07:00 - msg_id_0200 ==> 7E02000042660000000002007B00000000000C000300C64754049FAC98038600000000260327090659010400000000140400000000150400000000160400000000170200002A020000300146310114837E
2026-03-27 09:07:09 - msg_id_0200 ==> 7E02000042660000000002007F00000100000C000300C64753049FAC98038600000000260327090708010400000000140400000000150400000000160400000000170200002A020000300146310115D07E
2026-03-27 09:08:26 - msg_id_0200 ==> 7E02000042660000000002000200000000000C000300C64757049FAC98038600000000260327090825010400000000140400000000150400000000160400000000170200002A0200003001463101158A7E
2026-03-27 09:08:57 - msg_id_0200 ==> 7E02000042660000000002000D00000000000C000300C64756049FAC98038600000000260327090856010400000000140400000000150400000000160400000000170200002A020000300146310114F67E
2026-03-27 09:09:28 - msg_id_0200 ==> 7E02000042660000000002001800000000000C000300C64755049FAC98038600000000260327090927010400000000140400000000150400000000160400000000170200002A020000300146310114907E
2026-03-27 09:09:59 - msg_id_0200 ==> 7E02000042660000000002002300000000000C000300C64751049FAC98038600000000260327090958010400000000140400000000150400000000160400000000170200002A020000300146310115D17E
2026-03-27 09:10:30 - msg_id_0200 ==> 7E02000042660000000002002E00000000000C000300C6474F049FAC98038600000000260327091029010400000000140400000000150400000000160400000000170200002A020000300146310113AC7E
2026-03-27 09:11:01 - msg_id_0200 ==> 7E02000042660000000002003900000000000C000300C6474F049FACA0038600000000260327091100010400000000140400000000150400000000160400000000170200002A020000300146310113AB7E
2026-03-27 09:11:32 - msg_id_0200 ==> 7E02000042660000000002004400000000000C000300C64749049FACA0038600000000260327091131010400000000140400000000150400000000160400000000170200002A020000300146310114E67E
2026-03-27 09:12:03 - msg_id_0200 ==> 7E02000042660000000002004F00000000000C000300C64746049FAC98038600000000260327091202010400000000140400000000150400000000160400000000170200002A020000300146310114EA7E
2026-03-27 09:12:34 - msg_id_0200 ==> 7E02000042660000000002005A00000000000C000300C64744049FAC98038600000000260327091233010400000000140400000000150400000000160400000000170200002A020000300146310113CB7E
2026-03-27 09:13:05 - msg_id_0200 ==> 7E02000042660000000002006500000000000C000300C64742049FAC98038600000000260327091304010400000000140400000000150400000000160400000000170200002A020000300146310111C67E
2026-03-27 09:13:36 - msg_id_0200 ==> 7E02000042660000000002007000000000000C000300C64740049FAC98038600000000260327091335010400000000140400000000150400000000160400000000170200002A020000300146310112E37E
2026-03-27 09:14:07 - msg_id_0200 ==> 7E02000042660000000002007B00000000000C000300C6473D049FAC98038600000000260327091406010400000000140400000000150400000000160400000000170200002A020000300146310115A67E
2026-03-27 09:14:16 - msg_id_0200 ==> 7E02000042660000000002007F00000100000C000300C6473D049FAC98038600000000260327091415010400000000140400000000150400000000160400000000170200002A020000300146310115B07E
2026-03-27 09:14:38 - msg_id_0200 ==> 7E02000042660000000002008700000000000C000300C64739049FAC98038600000000260327091437010400000000140400000000150400000000160400000000170200002A0200003001463101146E7E
2026-03-27 09:15:09 - msg_id_0200 ==> 7E02000042660000000002009200000000000C000300C64734049FAC98038600000000260327091508010400000000140400000000150400000000160400000000170200002A020000300146310114487E
2026-03-27 09:15:40 - msg_id_0200 ==> 7E02000042660000000002009C00000000000C000300C64730049FAC98038600000000260327091539010400000000140400000000150400000000160400000000170200002A020000300146310115727E
2026-03-27 09:16:11 - msg_id_0200 ==> 7E0200004266000000000200A800000000000C000300C64732049FAC90038600000000260327091610010400000000140400000000150400000000160400000000170200002A020000300146310115667E
2026-03-27 09:16:42 - msg_id_0200 ==> 7E0200004266000000000200B300000000000C000300C64731049FAC90038600000000260327091641010400000000140400000000150400000000160400000000170200002A0200003001463101142E7E
2026-03-27 09:17:13 - msg_id_0200 ==> 7E0200004266000000000200BD00000000000C000300C6472F049FAC90038600000000260327091712010400000000140400000000150400000000160400000000170200002A0200003001463101126A7E
2026-03-27 09:17:44 - msg_id_0200 ==> 7E0200004266000000000200C900000000000C000300C64732049FAC90038600030000260327091743010400000000140400000000150400000000160400000000170200002A020000300146310112517E
2026-03-27 09:18:15 - msg_id_0200 ==> 7E0200004266000000000200D400000000000C000300C64734049FAC88038500000000260327091814010400000000140400000000150400000000160400000000170200002A0200003001463101150D7E
2026-03-27 09:18:46 - msg_id_0200 ==> 7E0200004266000000000200DE00000000000C000300C64734049FAC80038500000000260327091845010400000000140400000000150400000000160400000000170200002A0200003001463101155E7E
2026-03-27 09:19:17 - msg_id_0200 ==> 7E0200004266000000000200EA00000000000C000300C64733049FAC80038600000000260327091916010400000000140400000000150400000000160400000000170200002A0200003001463101143D7E
2026-03-27 09:19:48 - msg_id_0200 ==> 7E0200004266000000000200F500000000000C000300C64736049FAC78038600000000260327091947010400000000140400000000150400000000160400000000170200002A0200003001463101148E7E
2026-03-27 09:20:19 - msg_id_0200 ==> 7E0200004266000000000200FF00000000000C000300C64736049FAC78038600000000260327092018010400000000140400000000150400000000160400000000170200002A020000300146310113E57E
2026-03-27 09:20:50 - msg_id_0200 ==> 7E02000042660000000002010B00000000000C000300C64739049FAC78038600000000260327092049010400000000140400000000150400000000160400000000170200002A020000300146310115487E
2026-03-27 09:21:21 - msg_id_0200 ==> 7E02000042660000000002011600000000000C000300C6473A049FAC70038600000000260327092120010400000000140400000000150400000000160400000000170200002A020000300146310113307E
2026-03-27 09:21:52 - msg_id_0200 ==> 7E02000042660000000002012000000000000C000300C64737049FAC70038600000000260327092151010400000000140400000000150400000000160400000000170200002A0200003001463101127B7E
2026-03-27 09:22:23 - msg_id_0200 ==> 7E02000042660000000002012C00000000000C000300C64735049FAC70038700000000260327092222010400000000140400000000150400000000160400000000170200002A020000300146310110067E
2026-03-27 09:22:54 - msg_id_0200 ==> 7E02000042660000000002013700000000000C000300C64733049FAC70038700000000260327092253010400000000140400000000150400000000160400000000170200002A020000300146310113697E
2026-03-27 09:23:25 - msg_id_0200 ==> 7E02000042660000000002014100000000000C000300C64732049FAC68038700000000260327092324010400000000140400000000150400000000160400000000170200002A020000300146310111727E
2026-03-27 09:23:56 - msg_id_0200 ==> 7E02000042660000000002014D00000000000C000300C64732049FAC68038700020000260327092355010400000000140400000000150400000000160400000000170200002A020000300146310115097E
2026-03-27 09:24:27 - msg_id_0200 ==> 7E02000042660000000002015800000000000C000300C64739049FAC60038700000000260327092426010400000000140400000000150400000000160400000000170200002A020000300146310114687E
2026-03-27 09:24:58 - msg_id_0200 ==> 7E02000042660000000002016200000000000C000300C64738049FAC60038800000000260327092457010400000000140400000000150400000000160400000000170200002A0200003001463101152C7E
2026-03-27 09:25:29 - msg_id_0200 ==> 7E02000042660000000002016E00000000000C000300C64737049FAC58038800000000260327092528010400000000140400000000150400000000160400000000170200002A020000300146310115697E
2026-03-27 09:26:00 - msg_id_0200 ==> 7E02000042660000000002017900000000000C000300C64738049FAC58038900000000260327092559010400000000140400000000150400000000160400000000170200002A020000300146310113077E
2026-03-27 09:26:16 - msg_id_0200 ==> 7E02000042660000000002017F00000100000C000300C6473E049FAC58038900000000260327092615010400000000140400000000150400000000160400000000170200002A020000300146310112487E
2026-03-27 09:26:31 - msg_id_0200 ==> 7E02000042660000000002018500000000000C000300C6473D049FAC58038900000000260327092630010400000000140400000000150400000000160400000000170200002A020000300146310113947E
2026-03-27 09:27:02 - msg_id_0200 ==> 7E02000042660000000002019000000000000C000300C6473E049FAC58038900000000260327092701010400000000140400000000150400000000160400000000170200002A020000300146310114B57E
2026-03-27 09:27:33 - msg_id_0200 ==> 7E02000042660000000002019B00000000000C000300C6473B049FAC50038A00000000260327092732010400000000140400000000150400000000160400000000170200002A020000300146310113847E
2026-03-27 09:28:04 - msg_id_0200 ==> 7E0200004266000000000201A600000000000C000300C6473B049FAC50038A00000000260327092803010400000000140400000000150400000000160400000000170200002A020000300146310114807E
2026-03-27 09:28:35 - msg_id_0200 ==> 7E0200004266000000000201B100000000000C000300C64739049FAC48038A00000000260327092834010400000000140400000000150400000000160400000000170200002A020000300146310113BD7E
2026-03-27 09:29:06 - msg_id_0200 ==> 7E0200004266000000000201BC00000000000C000300C64736049FAC48038A00000000260327092905010400000000140400000000150400000000160400000000170200002A0200003001463101138F7E
2026-03-27 09:29:37 - msg_id_0200 ==> 7E0200004266000000000201C700000000000C000300C64735049FAC48038A00000000260327092936010400000000140400000000150400000000160400000000170200002A020000300146310112C57E
2026-03-27 09:30:08 - msg_id_0200 ==> 7E0200004266000000000201D200000000000C000300C64734049FAC48038A00000000260327093007010400000000140400000000150400000000160400000000170200002A020000300146310112F97E
2026-03-27 09:30:39 - msg_id_0200 ==> 7E0200004266000000000201DD00000000000C000300C64732049FAC50038A00000000260327093038010400000000140400000000150400000000160400000000170200002A02000030013D310112AC7E
2026-03-27 09:31:10 - msg_id_0200 ==> 7E0200004266000000000201E800000000000C000300C64731049FAC50038A00000000260327093109010400000000140400000000150400000000160400000000170200002A02000030013D310111A97E
2026-03-27 09:31:41 - msg_id_0200 ==> 7E0200004266000000000201F300000000000C000300C64730049FAC58038A00000000260327093140010400000000140400000000150400000000160400000000170200002A02000030013D31010FEC7E
2026-03-27 09:32:12 - msg_id_0200 ==> 7E0200004266000000000201FE00000000000C000300C6472D049FAC58038A00000000260327093211010400000000140400000000150400000000160400000000170200002A020000300150310112DE7E
2026-03-27 09:32:43 - msg_id_0200 ==> 7E02000042660000000002020900000000000C000300C6472E049FAC58038A00000000260327093242010400000000140400000000150400000000160400000000170200002A020000300150310111797E
2026-03-27 09:33:14 - msg_id_0200 ==> 7E02000042660000000002021400000000000C000300C6472D049FAC58038A00000000260327093313010400000000140400000000150400000000160400000000170200002A020000300150310112347E
2026-03-27 09:33:45 - msg_id_0200 ==> 7E02000042660000000002021F00000000000C000300C6472F049FAC58038A00000000260327093344010400000000140400000000150400000000160400000000170200002A0200003001503101126A7E
2026-03-27 09:34:16 - msg_id_0200 ==> 7E02000042660000000002022A00000000000C000300C6472F049FAC58038A00000000260327093415010400000000140400000000150400000000160400000000170200002A020000300150310113087E
2026-03-27 09:34:47 - msg_id_0200 ==> 7E02000042660000000002023500000000000C000300C64730049FAC58038A00000000260327093446010400000000140400000000150400000000160400000000170200002A0200003001503101135B7E
2026-03-27 09:35:18 - msg_id_0200 ==> 7E02000042660000000002024000000000000C000300C6472E049FAC58038A00000000260327093517010400000000140400000000150400000000160400000000170200002A020000300150310113607E
2026-03-27 09:35:49 - msg_id_0200 ==> 7E02000042660000000002024B00000000000C000300C6472D049FAC58038A00000000260327093548010400000000140400000000150400000000160400000000170200002A020000300150310112367E
2026-03-27 09:36:20 - msg_id_0200 ==> 7E02000042660000000002025600000000000C000300C6472E049FAC58038A00000000260327093619010400000000140400000000150400000000160400000000170200002A0200003001503101147C7E
2026-03-27 09:36:51 - msg_id_0200 ==> 7E02000042660000000002026100000000000C000300C64731049FAC58038A00000000260327093650010400000000140400000000150400000000160400000000170200002A0200003001503101121B7E
2026-03-27 09:37:22 - msg_id_0200 ==> 7E02000042660000000002026C00000000000C000300C64734049FAC58038A00000000260327093721010400000000140400000000150400000000160400000000170200002A020000300150310113627E
2026-03-27 09:37:53 - msg_id_0200 ==> 7E02000042660000000002027700000000000C000300C64732049FAC58038A00000000260327093752010400000000140400000000150400000000160400000000170200002A0200003001503101130C7E
2026-03-27 09:38:13 - msg_id_0200 ==> 7E02000042660000000002027F00000100000C000300C6472E049FAC58038A00000000260327093812010400000000140400000000150400000000160400000000170200002A020000300150310114517E
2026-03-27 09:38:24 - msg_id_0200 ==> 7E02000042660000000002028400000000000C000300C6472D049FAC58038A00000000260327093823010400000000140400000000150400000000160400000000170200002A0200003001503101139E7E
2026-03-27 09:38:55 - msg_id_0200 ==> 7E02000042660000000002028F00000000000C000300C6472D049FAC60038A00000000260327093854010400000000140400000000150400000000160400000000170200002A020000300150310114DD7E
2026-03-27 09:39:26 - msg_id_0200 ==> 7E02000042660000000002029A00000000000C000300C6472D049FAC60038A00000000260327093925010400000000140400000000150400000000160400000000170200002A020000300150310111BD7E
2026-03-27 09:39:57 - msg_id_0200 ==> 7E0200004266000000000202A500000000000C000300C6472D049FAC60038A00000000260327093956010400000000140400000000150400000000160400000000170200002A020000300150310111F17E
2026-03-27 09:40:28 - msg_id_0200 ==> 7E0200004266000000000202B000000000000C000300C6472D049FAC60038A00000000260327094027010400000000140400000000150400000000160400000000170200002A020000300150310113EE7E
2026-03-27 09:40:59 - msg_id_0200 ==> 7E0200004266000000000202BB00000000000C000300C6472B049FAC60038900000000260327094058010400000000140400000000150400000000160400000000170200002A0200003001503101129E7E
2026-03-27 09:41:30 - msg_id_0200 ==> 7E0200004266000000000202C600000000000C000300C64728049FAC68038900000000260327094129010400000000140400000000150400000000160400000000170200002A020000300150310113997E
2026-03-27 09:42:01 - msg_id_0200 ==> 7E0200004266000000000202D100000000000C000300C64727049FAC70038900000000260327094200010400000000140400000000150400000000160400000000170200002A020000300150310112B27E
2026-03-27 09:42:32 - msg_id_0200 ==> 7E0200004266000000000202DC00000000000C000300C64724049FAC78038900000000260327094231010400000000140400000000150400000000160400000000170200002A020000300153310114807E
2026-03-27 09:43:03 - msg_id_0200 ==> 7E0200004266000000000202E700000000000C000300C64727049FAC78038900000000260327094302010400000000140400000000150400000000160400000000170200002A0200003001503101128F7E
2026-03-27 09:43:34 - msg_id_0200 ==> 7E0200004266000000000202F200000000000C000300C6472C049FAC78038900000000260327094333010400000000140400000000150400000000160400000000170200002A020000300150310113A17E
2026-03-27 09:44:05 - msg_id_0200 ==> 7E0200004266000000000202FC00000000000C000300C6473D049FAC88038900000000260327094404010400000000140400000000150400000000160400000000170200002A020000300150310114797E
2026-03-27 09:44:36 - msg_id_0200 ==> 7E02000042660000000002030800000000000C000300C64741049FAC90038900000000260327094435010400000000140400000000150400000000160400000000170200002A020000300150310112DF7E
2026-03-27 09:45:07 - msg_id_0200 ==> 7E02000042660000000002031300000000000C000300C64744049FAC90038900000000260327094506010400000000140400000000150400000000160400000000170200002A020000300150310113F27E
2026-03-27 09:45:38 - msg_id_0200 ==> 7E02000042660000000002031D00000000000C000300C64749049FAC98038800000000260327094537010400000000140400000000150400000000160400000000170200002A020000300150310114CE7E
2026-03-27 09:46:09 - msg_id_0200 ==> 7E02000042660000000002032900000000000C000300C6474C049FAC98038800000000260327094608010400000000140400000000150400000000160400000000170200002A020000300150310112C57E
2026-03-27 09:46:40 - msg_id_0200 ==> 7E02000042660000000002033400000000000C000300C64752049FAC90038800000000260327094639010400000000140400000000150400000000160400000000170200002A020000300153310111FF7E
2026-03-27 09:47:11 - msg_id_0200 ==> 7E02000042660000000002033E00000000000C000300C64757049FAC90038700000000260327094710010400000000140400000000150400000000160400000000170200002A020000300153310112D47E
2026-03-27 09:47:42 - msg_id_0200 ==> 7E02000042660000000002034A00000000000C000300C64759049FAC90038700000000260327094741010400000000140400000000150400000000160400000000170200002A020000300153310112FF7E
2026-03-27 09:48:13 - msg_id_0200 ==> 7E02000042660000000002035500000000000C000300C6475A049FAC90038700000000260327094812010400000000140400000000150400000000160400000000170200002A020000300153310112BF7E
2026-03-27 09:48:44 - msg_id_0200 ==> 7E02000042660000000002035F00000000000C000300C6475C049FAC98038700000000260327094843010400000000140400000000150400000000160400000000170200002A020000300153310113EB7E
2026-03-27 09:49:15 - msg_id_0200 ==> 7E02000042660000000002036B00000000000C000300C6475D049FAC98038700000000260327094914010400000000140400000000150400000000160400000000170200002A0200003001503101138B7E
2026-03-27 09:49:46 - msg_id_0200 ==> 7E02000042660000000002037600000000000C000300C6475B049FAC98038700000000260327094945010400000000140400000000150400000000160400000000170200002A020000300153310111C07E
2026-03-27 09:50:11 - msg_id_0200 ==> 7E02000042660000000002037F00000100000C000300C6475B049FAC98038700000000260327095010010400000000140400000000150400000000160400000000170200002A020000300153310112877E
2026-03-27 09:50:17 - msg_id_0200 ==> 7E02000042660000000002038200000000000C000300C6475B049FAC98038700000000260327095016010400000000140400000000150400000000160400000000170200002A0200003001533101127D017E
2026-03-27 09:50:48 - msg_id_0200 ==> 7E02000042660000000002038D00000000000C000300C6475D049FAC98038700000000260327095047010400000000140400000000150400000000160400000000170200002A020000300150310113277E
2026-03-27 09:51:19 - msg_id_0200 ==> 7E02000042660000000002039800000000000C000300C64760049FAC98038700000000260327095118010400000000140400000000150400000000160400000000170200002A020000300150310110527E
2026-03-27 09:51:50 - msg_id_0200 ==> 7E0200004266000000000203A300000000000C000300C64760049FACA0038700000000260327095149010400000000140400000000150400000000160400000000170200002A02000030015031010F1F7E
2026-03-27 09:52:21 - msg_id_0200 ==> 7E0200004266000000000203AE00000000000C000300C64761049FAC98038700000000260327095220010400000000140400000000150400000000160400000000170200002A0200003001503101125C7E
2026-03-27 09:52:52 - msg_id_0200 ==> 7E0200004266000000000203B900000000000C000300C64763049FAC98038700000000260327095251010400000000140400000000150400000000160400000000170200002A020000300150310112387E
2026-03-27 09:53:23 - msg_id_0200 ==> 7E0200004266000000000203C400000000000C000300C64762049FAC98038700000000260327095322010400000000140400000000150400000000160400000000170200002A020000300150310111357E
2026-03-27 09:53:54 - msg_id_0200 ==> 7E0200004266000000000203CF00000000000C000300C64762049FAC98038700000000260327095353010400000000140400000000150400000000160400000000170200002A0200003001533101114C7E
2026-03-27 09:54:25 - msg_id_0200 ==> 7E0200004266000000000203DA00000000000C000300C64763049FAC98038700000000260327095424010400000000140400000000150400000000160400000000170200002A0200003001503101112B7E
2026-03-27 09:54:56 - msg_id_0200 ==> 7E0200004266000000000203E500000000000C000300C64764049FAC98038700000000260327095455010400000000140400000000150400000000160400000000170200002A020000300150310113607E
2026-03-27 09:55:27 - msg_id_0200 ==> 7E0200004266000000000203F000000000000C000300C64763049FAC98038700000000260327095526010400000000140400000000150400000000160400000000170200002A020000300150310112017E
2026-03-27 09:55:58 - msg_id_0200 ==> 7E0200004266000000000203FB00000000000C000300C64762049FACA0038700000000260327095557010400000000140400000000150400000000160400000000170200002A020000300153310112417E
2026-03-27 09:56:29 - msg_id_0200 ==> 7E02000042660000000002040600000000000C000300C64761049FACA0038700000000260327095628010400000000140400000000150400000000160400000000170200002A020000300150310112C77E
2026-03-27 09:57:00 - msg_id_0200 ==> 7E02000042660000000002041100000000000C000300C6475F049FACA0038700000000260327095659010400000000140400000000150400000000160400000000170200002A0200003001503101129F7E
2026-03-27 09:57:31 - msg_id_0200 ==> 7E02000042660000000002041C00000000000C000300C64760049FACA0038700000000260327095730010400000000140400000000150400000000160400000000170200002A020000300150310112C57E
2026-03-27 09:58:02 - msg_id_0200 ==> 7E02000042660000000002042700000000000C000300C6475F049FACA0038700000000260327095801010400000000140400000000150400000000160400000000170200002A020000300150310113FE7E
2026-03-27 09:58:33 - msg_id_0200 ==> 7E02000042660000000002043200000000000C000300C6475D049FACA0038700000000260327095832010400000000140400000000150400000000160400000000170200002A020000300150310113DA7E
2026-03-27 09:59:04 - msg_id_0200 ==> 7E02000042660000000002043D00000000000C000300C64755049FAC90038700000000260327095903010400000000140400000000150400000000160400000000170200002A020000300150310113DD7E
2026-03-27 09:59:35 - msg_id_0200 ==> 7E02000042660000000002044800000000000C000300C64756049FAC98038700000000260327095934010400000000140400000000150400000000160400000000170200002A020000300150310113947E
2026-03-27 10:00:06 - msg_id_0200 ==> 7E02000042660000000002045300000000000C000300C64756049FAC98038700000000260327100005010400000000140400000000150400000000160400000000170200002A020000300150310112FF7E
2026-03-27 10:00:36 - msg_id_0200 ==> 7E02000042660000000002045E00000000000C000300C64756049FAC90038700000000260327100036010400000000140400000000150400000000160400000000170200002A020000300150310113C87E
2026-03-27 10:01:08 - msg_id_0200 ==> 7E02000042660000000002046900000000000C000300C64758049FAC90038700000000260327100107010400000000140400000000150400000000160400000000170200002A020000300150310112C07E
2026-03-27 10:01:39 - msg_id_0200 ==> 7E02000042660000000002047400000000000C000300C6475A049FAC90038700000000260327100138010400000000140400000000150400000000160400000000170200002A020000300150310112E07E
2026-03-27 10:02:09 - msg_id_0200 ==> 7E02000042660000000002047F00000100000C000300C6475C049FAC90038700000000260327100208010400000000140400000000150400000000160400000000170200002A020000300150310111DC7E
2026-03-27 10:02:14 - msg_id_0200 ==> 7E02000042660000000002048200000000000C000300C6475C049FAC90038700000000260327100213010400000000140400000000150400000000160400000000170200002A0200003001503101113B7E
2026-03-27 10:02:45 - msg_id_0200 ==> 7E02000042660000000002048D00000000000C000300C6475C049FAC90038600000000260327100244010400000000140400000000150400000000160400000000170200002A020000300150310111627E
2026-03-27 10:03:16 - msg_id_0200 ==> 7E02000042660000000002049800000000000C000300C6475A049FAC90038600000000260327100315010400000000140400000000150400000000160400000000170200002A020000300150310110207E
2026-03-27 10:03:47 - msg_id_0200 ==> 7E0200004266000000000204A300000000000C000300C6475D049FAC90038600000000260327100346010400000000140400000000150400000000160400000000170200002A0200003001503101104F7E
2026-03-27 10:04:18 - msg_id_0200 ==> 7E0200004266000000000204AE00000000000C000300C6475D049FAC90038600000000260327100417010400000000140400000000150400000000160400000000170200002A020000300150310111157E
2026-03-27 10:04:49 - msg_id_0200 ==> 7E0200004266000000000204B900000000000C000300C6475E049FAC90038600000000260327100448010400000000140400000000150400000000160400000000170200002A0200003001503101115E7E
2026-03-27 10:05:20 - msg_id_0200 ==> 7E0200004266000000000204C400000000000C000300C6475D049FAC98038500000000260327100519010400000000140400000000150400000000160400000000170200002A020000300150310113797E
2026-03-27 10:05:51 - msg_id_0200 ==> 7E0200004266000000000204CF00000000000C000300C6475E049FAC98038500000000260327100550010400000000140400000000150400000000160400000000170200002A020000300150310113387E
2026-03-27 10:06:22 - msg_id_0200 ==> 7E0200004266000000000204DA00000000000C000300C6475C049FAC98038500000000260327100621010400000000140400000000150400000000160400000000170200002A0200003001503101135D7E
2026-03-27 10:06:53 - msg_id_0200 ==> 7E0200004266000000000204E500000000000C000300C6475C049FAC98038500000000260327100652010400000000140400000000150400000000160400000000170200002A020000300150310113117E
2026-03-27 10:07:24 - msg_id_0200 ==> 7E0200004266000000000204F000000000000C000300C6475E049FAC98038400000000260327100723010400000000140400000000150400000000160400000000170200002A020000300153310113747E
2026-03-27 10:07:55 - msg_id_0200 ==> 7E0200004266000000000204FB00000000000C000300C6475F049FAC98038400000000260327100754010400000000140400000000150400000000160400000000170200002A0200003001503101120B7E
2026-03-27 10:08:26 - msg_id_0200 ==> 7E02000042660000000002050600000000000C000300C6475E049FAC98038400000000260327100825010400000000140400000000150400000000160400000000170200002A020000300150310112887E
2026-03-27 10:08:57 - msg_id_0200 ==> 7E02000042660000000002051100000000000C000300C6475E049FAC98038400000000260327100856010400000000140400000000150400000000160400000000170200002A020000300150310112EC7E
2026-03-27 10:09:28 - msg_id_0200 ==> 7E02000042660000000002051C00000000000C000300C6475E049FAC98038400000000260327100927010400000000140400000000150400000000160400000000170200002A020000300150310112917E
2026-03-27 10:09:59 - msg_id_0200 ==> 7E02000042660000000002052700000000000C000300C6475C049FAC98038400000000260327100958010400000000140400000000150400000000160400000000170200002A020000300150310110D57E
2026-03-27 10:10:30 - msg_id_0200 ==> 7E02000042660000000002053200000000000C000300C64759049FAC98038300000000260327101029010400000000140400000000150400000000160400000000170200002A020000300150310110AA7E
2026-03-27 10:11:01 - msg_id_0200 ==> 7E02000042660000000002053D00000000000C000300C64757049FAC98038300000000260327101100010400000000140400000000150400000000160400000000170200002A020000300150310111827E
2026-03-27 10:11:32 - msg_id_0200 ==> 7E02000042660000000002054800000000000C000300C64757049FAC98038300000000260327101131010400000000140400000000150400000000160400000000170200002A020000300150310111C67E
2026-03-27 10:12:03 - msg_id_0200 ==> 7E02000042660000000002055300000000000C000300C6475A049FACA0038300000000260327101202010400000000140400000000150400000000160400000000170200002A020000300150310111D87E
2026-03-27 10:12:34 - msg_id_0200 ==> 7E02000042660000000002055E00000000000C000300C64758049FACA0038300000000260327101233010400000000140400000000150400000000160400000000170200002A020000300150310111E67E
2026-03-27 10:13:05 - msg_id_0200 ==> 7E02000042660000000002056900000000000C000300C64758049FAC98038300000000260327101304010400000000140400000000150400000000160400000000170200002A020000300150310111DF7E
2026-03-27 10:13:36 - msg_id_0200 ==> 7E02000042660000000002057400000000000C000300C64759049FAC98038300000000260327101335010400000000140400000000150400000000160400000000170200002A020000300150310111F27E
2026-03-27 10:14:06 - msg_id_0200 ==> 7E02000042660000000002057F00000100000C000300C64757049FAC98038300000000260327101405010400000000140400000000150400000000160400000000170200002A020000300150310111C17E
2026-03-27 10:14:11 - msg_id_0200 ==> 7E02000042660000000002058200000000000C000300C64757049FAC98038300000000260327101410010400000000140400000000150400000000160400000000170200002A02000030015031010F367E
2026-03-27 10:14:42 - msg_id_0200 ==> 7E02000042660000000002058D00000000000C000300C64758049FAC98038300000000260327101441010400000000140400000000150400000000160400000000170200002A020000300150310111797E
2026-03-27 10:15:13 - msg_id_0200 ==> 7E02000042660000000002059800000000000C000300C6475B049FAC98038300000000260327101512010400000000140400000000150400000000160400000000170200002A0200003001503101103C7E
2026-03-27 10:15:44 - msg_id_0200 ==> 7E0200004266000000000205A300000000000C000300C6475C049FAC98038300000000260327101543010400000000140400000000150400000000160400000000170200002A020000300150310111507E
2026-03-27 10:16:15 - msg_id_0200 ==> 7E0200004266000000000205AE00000000000C000300C6475C049FAC98038300000000260327101614010400000000140400000000150400000000160400000000170200002A020000300150310110087E
2026-03-27 10:16:46 - msg_id_0200 ==> 7E0200004266000000000205B900000000000C000300C6475C049FAC98038300000000260327101645010400000000140400000000150400000000160400000000170200002A0200003001503101114F7E
2026-03-27 10:17:17 - msg_id_0200 ==> 7E0200004266000000000205C400000000000C000300C6475D049FAC90038300000000260327101716010400000000140400000000150400000000160400000000170200002A020000300150310111697E
2026-03-27 10:17:48 - msg_id_0200 ==> 7E0200004266000000000205CF00000000000C000300C6475F049FAC90038300000000260327101747010400000000140400000000150400000000160400000000170200002A020000300150310112327E
2026-03-27 10:18:19 - msg_id_0200 ==> 7E0200004266000000000205DA00000000000C000300C64761049FAC90038300000000260327101818010400000000140400000000150400000000160400000000170200002A0200003001503101114A7E
2026-03-27 10:18:50 - msg_id_0200 ==> 7E0200004266000000000205E500000000000C000300C64761049FAC90038200000000260327101849010400000000140400000000150400000000160400000000170200002A020000300150310110247E
2026-03-27 10:19:21 - msg_id_0200 ==> 7E0200004266000000000205F000000000000C000300C64760049FAC90038200000000260327101920010400000000140400000000150400000000160400000000170200002A020000300150310111597E
2026-03-27 10:19:52 - msg_id_0200 ==> 7E0200004266000000000205FB00000000000C000300C6475F049FAC98038200000000260327101951010400000000140400000000150400000000160400000000170200002A020000300150310111147E
2026-03-27 10:20:23 - msg_id_0200 ==> 7E02000042660000000002060600000000000C000300C64760049FAC98038200000000260327102022010400000000140400000000150400000000160400000000170200002A0200003001503101129C7E
2026-03-27 10:20:54 - msg_id_0200 ==> 7E02000042660000000002061100000000000C000300C64762049FAC98038200000000260327102053010400000000140400000000150400000000160400000000170200002A020000300150310112F87E
2026-03-27 10:21:25 - msg_id_0200 ==> 7E02000042660000000002061C00000000000C000300C64762049FAC98038200000000260327102124010400000000140400000000150400000000160400000000170200002A020000300150310112837E
2026-03-27 10:21:56 - msg_id_0200 ==> 7E02000042660000000002062700000000000C000300C64761049FACA0038200000000260327102155010400000000140400000000150400000000160400000000170200002A020000300150310112F27E
2026-03-27 10:22:27 - msg_id_0200 ==> 7E02000042660000000002063200000000000C000300C64763049FACA0038200000000260327102226010400000000140400000000150400000000160400000000170200002A020000300150310112957E
2026-03-27 10:22:58 - msg_id_0200 ==> 7E02000042660000000002063D00000000000C000300C64761049FACA0038200000000260327102257010400000000140400000000150400000000160400000000170200002A020000300150310111EA7E
2026-03-27 10:23:29 - msg_id_0200 ==> 7E02000042660000000002064800000000000C000300C6475E049FACA0038200000000260327102328010400000000140400000000150400000000160400000000170200002A020000300150310111DE7E
2026-03-27 10:24:00 - msg_id_0200 ==> 7E02000042660000000002065300000000000C000300C6475D049FACA0038200000000260327102359010400000000140400000000150400000000160400000000170200002A020000300150310112B47E
2026-03-27 10:24:31 - msg_id_0200 ==> 7E02000042660000000002065E00000000000C000300C6475E049FACA0038200000000260327102430010400000000140400000000150400000000160400000000170200002A020000300150310111D77E
2026-03-27 10:25:02 - msg_id_0200 ==> 7E02000042660000000002066900000000000C000300C6475B049FACA0038200000000260327102501010400000000140400000000150400000000160400000000170200002A020000300150310113D77E
2026-03-27 10:25:33 - msg_id_0200 ==> 7E02000042660000000002067400000000000C000300C6475C049FACA0038200000000260327102532010400000000140400000000150400000000160400000000170200002A020000300150310112FF7E
2026-03-27 10:26:04 - msg_id_0200 ==> 7E02000042660000000002067F00000100000C000300C6475C049FACA8038200000000260327102603010400000000140400000000150400000000160400000000170200002A02000030014D310113D37E
2026-03-27 10:26:09 - msg_id_0200 ==> 7E02000042660000000002068200000000000C000300C6475B049FACA8038200000000260327102608010400000000140400000000150400000000160400000000170200002A02000030014D310112227E
2026-03-27 10:26:40 - msg_id_0200 ==> 7E02000042660000000002068D00000000000C000300C6475D049FACA8038200000000260327102639010400000000140400000000150400000000160400000000170200002A020000300150310112077E
2026-03-27 10:27:11 - msg_id_0200 ==> 7E02000042660000000002069800000000000C000300C6475C049FACA8038200000000260327102710010400000000140400000000150400000000160400000000170200002A0200003001503101123B7E
2026-03-27 10:27:42 - msg_id_0200 ==> 7E0200004266000000000206A300000000000C000300C6475E049FACA8038200000000260327102741010400000000140400000000150400000000160400000000170200002A020000300150310112537E
2026-03-27 10:28:13 - msg_id_0200 ==> 7E0200004266000000000206AE00000000000C000300C6475C049FACA8038200000000260327102812010400000000140400000000150400000000160400000000170200002A020000300150310113017E
2026-03-27 10:28:44 - msg_id_0200 ==> 7E0200004266000000000206B900000000000C000300C6475C049FACB0038200000000260327102843010400000000140400000000150400000000160400000000170200002A0200003001503101135F7E
2026-03-27 10:29:15 - msg_id_0200 ==> 7E0200004266000000000206C400000000000C000300C6475B049FACB0038200000000260327102914010400000000140400000000150400000000160400000000170200002A020000300150310113737E
2026-03-27 10:29:46 - msg_id_0200 ==> 7E0200004266000000000206CF00000000000C000300C6475B049FACB0038200000000260327102945010400000000140400000000150400000000160400000000170200002A020000300150310112287E
2026-03-27 10:30:17 - msg_id_0200 ==> 7E0200004266000000000206DA00000000000C000300C64759049FACB0038200000000260327103016010400000000140400000000150400000000160400000000170200002A020000300150310112757E
2026-03-27 10:30:48 - msg_id_0200 ==> 7E0200004266000000000206E500000000000C000300C64756049FACB0038200000000260327103047010400000000140400000000150400000000160400000000170200002A020000300150310111177E
2026-03-27 10:31:19 - msg_id_0200 ==> 7E0200004266000000000206F000000000000C000300C64755049FACB0038200000000260327103118010400000000140400000000150400000000160400000000170200002A0200003001503101115F7E
2026-03-27 10:31:50 - msg_id_0200 ==> 7E0200004266000000000206FB00000000000C000300C64755049FACA8038200000000260327103149010400000000140400000000150400000000160400000000170200002A0200003001503101111D7E
2026-03-27 10:32:21 - msg_id_0200 ==> 7E02000042660000000002070600000000000C000300C64755049FACA8038200000000260327103220010400000000140400000000150400000000160400000000170200002A020000300150310112887E
2026-03-27 10:32:52 - msg_id_0200 ==> 7E02000042660000000002071100000000000C000300C64755049FACA8038200000000260327103251010400000000140400000000150400000000160400000000170200002A020000300150310112EE7E
2026-03-27 10:33:23 - msg_id_0200 ==> 7E02000042660000000002071C00000000000C000300C64756049FACA8038200000000260327103322010400000000140400000000150400000000160400000000170200002A020000300150310110907E
2026-03-27 10:33:54 - msg_id_0200 ==> 7E02000042660000000002072700000000000C000300C64754049FACA8038200000000260327103353010400000000140400000000150400000000160400000000170200002A020000300150310111D97E
2026-03-27 10:34:25 - msg_id_0200 ==> 7E02000042660000000002073200000000000C000300C64753049FACA8038300000000260327103424010400000000140400000000150400000000160400000000170200002A020000300150310112B97E
2026-03-27 10:34:56 - msg_id_0200 ==> 7E02000042660000000002073D00000000000C000300C64755049FACA8038300000000260327103455010400000000140400000000150400000000160400000000170200002A020000300150310112C17E
2026-03-27 10:35:27 - msg_id_0200 ==> 7E02000042660000000002074800000000000C000300C64756049FACA8038300000000260327103526010400000000140400000000150400000000160400000000170200002A020000300150310111C67E
2026-03-27 10:35:58 - msg_id_0200 ==> 7E02000042660000000002075300000000000C000300C64758049FACA8038300000000260327103557010400000000140400000000150400000000160400000000170200002A020000300150310110A37E
2026-03-27 10:36:29 - msg_id_0200 ==> 7E02000042660000000002075E00000000000C000300C64751049FACA0038300000000260327103628010400000000140400000000150400000000160400000000170200002A020000300150310111D27E
2026-03-27 10:37:00 - msg_id_0200 ==> 7E02000042660000000002076900000000000C000300C64754049FACA8038300000000260327103659010400000000140400000000150400000000160400000000170200002A020000300150310111997E
2026-03-27 10:37:30 - msg_id_0200 ==> 7E02000042660000000002077400000000000C000300C64755049FACA8038300000000260327103730010400000000140400000000150400000000160400000000170200002A020000300150310112EE7E
2026-03-27 10:38:01 - msg_id_0200 ==> 7E02000042660000000002077F00000100000C000300C6474E049FACA0038300000000260327103800010400000000140400000000150400000000160400000000170200002A020000300150310111CB7E
2026-03-27 10:38:06 - msg_id_0200 ==> 7E02000042660000000002078200000000000C000300C6474D049FACA0038300000000260327103805010400000000140400000000150400000000160400000000170200002A020000300150310111317E
2026-03-27 10:38:37 - msg_id_0200 ==> 7E02000042660000000002078D00000000000C000300C64752049FACA0038200000000260327103836010400000000140400000000150400000000160400000000170200002A020000300150310110127E
2026-03-27 10:39:08 - msg_id_0200 ==> 7E02000042660000000002079800000000000C000300C64756049FACA0038200000000260327103907010400000000140400000000150400000000160400000000170200002A020000300150310110337E
2026-03-27 10:39:39 - msg_id_0200 ==> 7E0200004266000000000207A300000000000C000300C64754049FACA0038200000000260327103938010400000000140400000000150400000000160400000000170200002A020000300150310110357E
2026-03-27 10:40:10 - msg_id_0200 ==> 7E0200004266000000000207AE00000000000C000300C64750049FAC98038200000000260327104009010400000000140400000000150400000000160400000000170200002A0200003001503101114D7E
2026-03-27 10:40:41 - msg_id_0200 ==> 7E0200004266000000000207B900000000000C000300C64750049FAC98038200000000260327104040010400000000140400000000150400000000160400000000170200002A020000300150310110127E
2026-03-27 10:41:13 - msg_id_0200 ==> 7E0200004266000000000207C400000000000C000300C64750049FAC90038200000000260327104111010400000000140400000000150400000000160400000000170200002A02000030013D3101115B7E
2026-03-27 10:41:43 - msg_id_0200 ==> 7E0200004266000000000207CF00000000000C000300C64752049FAC90038200000000260327104142010400000000140400000000150400000000160400000000170200002A02000030013D310110007E
2026-03-27 10:42:14 - msg_id_0200 ==> 7E0200004266000000000207DA00000000000C000300C64754049FAC90038200000000260327104213010400000000140400000000150400000000160400000000170200002A02000030013D310110417E
2026-03-27 10:42:45 - msg_id_0200 ==> 7E0200004266000000000207E500000000000C000300C64751049FAC90038100000000260327104244010400000000140400000000150400000000160400000000170200002A02000030013D3101102F7E
2026-03-27 10:43:16 - msg_id_0200 ==> 7E0200004266000000000207F000000000000C000300C6474D049FAC90038100000000260327104315010400000000140400000000150400000000160400000000170200002A02000030013D310110767E
2026-03-27 10:43:47 - msg_id_0200 ==> 7E0200004266000000000207FB00000000000C000300C64749049FAC88038100000000260327104346010400000000140400000000150400000000160400000000170200002A02000030013D310110327E
2026-03-27 10:44:18 - msg_id_0200 ==> 7E02000042660000000002080600000000000C000300C64749049FAC88038100000000260327104417010400000000140400000000150400000000160400000000170200002A02000030013D310110967E
2026-03-27 10:44:49 - msg_id_0200 ==> 7E02000042660000000002081100000000000C000300C64750049FAC80038100000000260327104448010400000000140400000000150400000000160400000000170200002A02000030013D310111CE7E
2026-03-27 10:45:20 - msg_id_0200 ==> 7E02000042660000000002081C00000000000C000300C64752049FAC78038100000000260327104519010400000000140400000000150400000000160400000000170200002A020000300140310111147E
2026-03-27 10:45:51 - msg_id_0200 ==> 7E02000042660000000002082700000000000C000300C64755049FAC70038100000000260327104550010400000000140400000000150400000000160400000000170200002A02000030013D310110157E
2026-03-27 10:46:22 - msg_id_0200 ==> 7E02000042660000000002083200000000000C000300C64757049FAC70038100000000260327104621010400000000140400000000150400000000160400000000170200002A0200003001403101110C7E
2026-03-27 10:46:53 - msg_id_0200 ==> 7E02000042660000000002083D00000000000C000300C64756049FAC70038100000000260327104652010400000000140400000000150400000000160400000000170200002A020000300140310111717E
2026-03-27 10:47:24 - msg_id_0200 ==> 7E02000042660000000002084800000000000C000300C64757049FAC70038100000000260327104723010400000000140400000000150400000000160400000000170200002A020000300140310112767E
2026-03-27 10:47:55 - msg_id_0200 ==> 7E02000042660000000002085300000000000C000300C64758049FAC70038000000000260327104754010400000000140400000000150400000000160400000000170200002A02000030013D3101116A7E
2026-03-27 10:48:26 - msg_id_0200 ==> 7E02000042660000000002085E00000000000C000300C64759049FAC70038100000000260327104825010400000000140400000000150400000000160400000000170200002A02000030013D310111197E
2026-03-27 10:48:57 - msg_id_0200 ==> 7E02000042660000000002086900000000000C000300C6475C049FAC70038100000000260327104856010400000000140400000000150400000000160400000000170200002A020000300140310110247E
2026-03-27 10:49:28 - msg_id_0200 ==> 7E02000042660000000002087400000000000C000300C6475C049FAC70038100000000260327104927010400000000140400000000150400000000160400000000170200002A0200003001403101124B7E
2026-03-27 10:49:59 - msg_id_0200 ==> 7E02000042660000000002087F00000100000C000300C6475C049FAC70038100000000260327104958010400000000140400000000150400000000160400000000170200002A0200003001403101123E7E
2026-03-27 10:50:04 - msg_id_0200 ==> 7E02000042660000000002088200000000000C000300C6475C049FAC70038100000000260327105003010400000000140400000000150400000000160400000000170200002A020000300140310112807E
2026-03-27 10:50:35 - msg_id_0200 ==> 7E02000042660000000002088D00000000000C000300C6475B049FAC70038100000000260327105034010400000000140400000000150400000000160400000000170200002A020000300140310110BD7E
2026-03-27 10:51:06 - msg_id_0200 ==> 7E02000042660000000002089800000000000C000300C6475A049FAC78038100000000260327105105010400000000140400000000150400000000160400000000170200002A02000030013D310111ED7E
2026-03-27 10:51:37 - msg_id_0200 ==> 7E0200004266000000000208A300000000000C000300C6475A049FAC78038100000000260327105136010400000000140400000000150400000000160400000000170200002A02000030013D310111E57E
2026-03-27 10:52:08 - msg_id_0200 ==> 7E0200004266000000000208AE00000000000C000300C6475A049FAC78038100000000260327105207010400000000140400000000150400000000160400000000170200002A020000300140310111A77E
2026-03-27 10:52:39 - msg_id_0200 ==> 7E0200004266000000000208B900000000000C000300C6475B049FAC80038100000000260327105238010400000000140400000000150400000000160400000000170200002A020000300140310112757E
2026-03-27 10:53:10 - msg_id_0200 ==> 7E0200004266000000000208C400000000000C000300C64759049FAC88038100000000260327105309010400000000140400000000150400000000160400000000170200002A020000300140310110307E
2026-03-27 10:53:41 - msg_id_0200 ==> 7E0200004266000000000208CF00000000000C000300C6475D049FAC88038100000000260327105340010400000000140400000000150400000000160400000000170200002A020000300140310111777E
2026-03-27 10:54:12 - msg_id_0200 ==> 7E0200004266000000000208DA00000000000C000300C64767049FAC88038200000000260327105411010400000000140400000000150400000000160400000000170200002A02000030013D310110717E
2026-03-27 10:54:43 - msg_id_0200 ==> 7E0200004266000000000208E500000000000C000300C6476C049FAC88038200000000260327105442010400000000140400000000150400000000160400000000170200002A0200003001403101106B7E
2026-03-27 10:55:13 - msg_id_0200 ==> 7E0200004266000000000208F000000000000C000300C64777049FAC90038200000000260327105513010400000000140400000000150400000000160400000000170200002A02000030014331010E307E
2026-03-27 10:55:45 - msg_id_0200 ==> 7E0200004266000000000208FB00000000000C000300C6477D02049FAC90038200000000260327105544010400000000140400000000150400000000160400000000170200002A02000030014331010F647E
2026-03-27 10:56:16 - msg_id_0200 ==> 7E02000042660000000002090600000000000C000300C6477F049FAC90038200000000260327105615010400000000140400000000150400000000160400000000170200002A020000300143310110D47E
2026-03-27 10:56:47 - msg_id_0200 ==> 7E02000042660000000002091100000000000C000300C6477F049FAC90038200000000260327105646010400000000140400000000150400000000160400000000170200002A02000030013D310110EE7E
2026-03-27 10:57:18 - msg_id_0200 ==> 7E02000042660000000002091C00000000000C000300C6477F049FAC88038200000000260327105717010400000000140400000000150400000000160400000000170200002A02000030013D310111AA7E
2026-03-27 10:57:49 - msg_id_0200 ==> 7E02000042660000000002092700000000000C000300C64780049FAC88038200000000260327105748010400000000140400000000150400000000160400000000170200002A02000030013D310111317E
2026-03-27 10:58:20 - msg_id_0200 ==> 7E02000042660000000002093200000000000C000300C64781049FAC88038200000000260327105819010400000000140400000000150400000000160400000000170200002A02000030014031010F187E
2026-03-27 10:58:51 - msg_id_0200 ==> 7E02000042660000000002093D00000000000C000300C64781049FAC88038200000000260327105850010400000000140400000000150400000000160400000000170200002A020000300140310110417E
2026-03-27 10:59:22 - msg_id_0200 ==> 7E02000042660000000002094800000000000C000300C64784049FAC88038200000000260327105921010400000000140400000000150400000000160400000000170200002A02000030014031010F5E7E
2026-03-27 10:59:53 - msg_id_0200 ==> 7E02000042660000000002095300000000000C000300C64787049FAC88038200000000260327105952010400000000140400000000150400000000160400000000170200002A02000030013D31010F487E
2026-03-27 11:00:24 - msg_id_0200 ==> 7E02000042660000000002095E00000000000C000300C64788049FAC80038200000000260327110023010400000000140400000000150400000000160400000000170200002A020000300140310110097E
2026-03-27 11:00:55 - msg_id_0200 ==> 7E02000042660000000002096900000000000C000300C64787049FAC80038200000000260327110054010400000000140400000000150400000000160400000000170200002A020000300140310112447E
2026-03-27 11:01:26 - msg_id_0200 ==> 7E02000042660000000002097400000000000C000300C64785049FAC80038200000000260327110125010400000000140400000000150400000000160400000000170200002A0200003001403101122B7E
2026-03-27 11:01:57 - msg_id_0200 ==> 7E02000042660000000002097F00000100000C000300C64782049FAC88038200000000260327110156010400000000140400000000150400000000160400000000170200002A0200003001403101105F7E
2026-03-27 11:02:01 - msg_id_0200 ==> 7E02000042660000000002098200000000000C000300C64782049FAC88038200000000260327110200010400000000140400000000150400000000160400000000170200002A020000300140310111F77E
2026-03-27 11:02:32 - msg_id_0200 ==> 7E02000042660000000002098D00000000000C000300C64782049FAC88038200000000260327110231010400000000140400000000150400000000160400000000170200002A020000300140310111C97E
2026-03-27 11:03:03 - msg_id_0200 ==> 7E02000042660000000002099800000000000C000300C6477D02049FAC88038200000000260327110302010400000000140400000000150400000000160400000000170200002A020000300140310111127E
2026-03-27 11:05:12 - msg_id_0200 ==> 7E02000042660000000002000200000000000C000300C64770049FAC68037F00000000260327110511010400000000140400000000150400000000160400000000170200002A020000300153310111947E
2026-03-27 11:05:43 - msg_id_0200 ==> 7E02000042660000000002000D00000000000C000300C6476A049FAC60038100000000260327110542010400000000140400000000150400000000160400000000170200002A020000300153310111247E
2026-03-27 11:06:14 - msg_id_0200 ==> 7E02000042660000000002001800000000000C000300C64766049FAC60038200000000260327110613010400000000140400000000150400000000160400000000170200002A0200003001503101126C7E
2026-03-27 11:06:45 - msg_id_0200 ==> 7E02000042660000000002002300000000000C000300C64766049FAC68038100000000260327110644010400000000140400000000150400000000160400000000170200002A0200003001503101120B7E
2026-03-27 11:07:16 - msg_id_0200 ==> 7E02000042660000000002002E00000000000C000300C64767049FAC70038100000000260327110715010400000000140400000000150400000000160400000000170200002A0200003001503101114C7E
2026-03-27 11:07:47 - msg_id_0200 ==> 7E02000042660000000002003900000000000C000300C64768049FAC70038200000000260327110746010400000000140400000000150400000000160400000000170200002A020000300150310111047E
2026-03-27 11:08:18 - msg_id_0200 ==> 7E02000042660000000002004400000000000C000300C64768049FAC70038200000000260327110817010400000000140400000000150400000000160400000000170200002A020000300150310111277E
2026-03-27 11:08:49 - msg_id_0200 ==> 7E02000042660000000002004F00000000000C000300C64762049FAC70038300000000260327110848010400000000140400000000150400000000160400000000170200002A0200003001503101127B7E
2026-03-27 11:09:20 - msg_id_0200 ==> 7E02000042660000000002005A00000000000C000300C6475D049FAC68038300000000260327110919010400000000140400000000150400000000160400000000170200002A020000300150310112197E
2026-03-27 11:09:51 - msg_id_0200 ==> 7E02000042660000000002006500000000000C000300C64760049FAC68038300000000260327110950010400000000140400000000150400000000160400000000170200002A020000300150310111517E
2026-03-27 11:10:22 - msg_id_0200 ==> 7E02000042660000000002007000000000000C000300C64761049FAC68038300000000260327111021010400000000140400000000150400000000160400000000170200002A0200003001503101102C7E
2026-03-27 11:10:53 - msg_id_0200 ==> 7E02000042660000000002007B00000000000C000300C6475B049FAC68038400000000260327111052010400000000140400000000150400000000160400000000170200002A020000300150310111687E
2026-03-27 11:12:10 - msg_id_0200 ==> 7E02000042660000000002000200000000000C000300C6467C049FABD8038A00000000260327111209010400000000140400000000150400000000160400000000170200002A020000300150310112D47E
2026-03-27 11:12:41 - msg_id_0200 ==> 7E02000042660000000002000D00000000000C000300C6466F049FABE0038F00000000260327111240010400000000140400000000150400000000160400000000170200002A020000300150310111BF7E
2026-03-27 11:13:12 - msg_id_0200 ==> 7E02000042660000000002001800000000000C000300C6466C049FABD0039100000000260327111311010400000000140400000000150400000000160400000000170200002A020000300150310111D77E
2026-03-27 11:13:43 - msg_id_0200 ==> 7E02000042660000000002002300000000000C000300C64680049FABC8039000000000260327111342010400000000140400000000150400000000160400000000170200002A020000300150310113487E
2026-03-27 11:14:14 - msg_id_0200 ==> 7E02000042660000000002002E00000000000C000300C64691049FABB8039100000000260327111413010400000000140400000000150400000000160400000000170200002A020000300150310113737E
2026-03-27 11:14:45 - msg_id_0200 ==> 7E02000042660000000002003900000000000C000300C6469A049FABB8039100000000260327111444010400000000140400000000150400000000160400000000170200002A0200003001503101103B7E
2026-03-27 11:15:16 - msg_id_0200 ==> 7E02000042660000000002004400000000000C000300C646A3049FABB0039100000000260327111515010400000000140400000000150400000000160400000000170200002A020000300150310112257E
2026-03-27 11:15:47 - msg_id_0200 ==> 7E02000042660000000002004F00000000000C000300C646A5049FABB0039100000000260327111546010400000000140400000000150400000000160400000000170200002A020000300150310111787E
2026-03-27 11:16:18 - msg_id_0200 ==> 7E02000042660000000002005A00000000000C000300C646A7049FABB8039100000000260327111617010400000000140400000000150400000000160400000000170200002A020000300150310113377E
2026-03-27 11:16:49 - msg_id_0200 ==> 7E02000042660000000002006500000000000C000300C646AD049FABB8039100000000260327111648010400000000140400000000150400000000160400000000170200002A0200003001503101135D7E
2026-03-27 11:17:20 - msg_id_0200 ==> 7E02000042660000000002007000000000000C000300C646B4049FABC0039000000000260327111719010400000000140400000000150400000000160400000000170200002A020000300150310113787E
2026-03-27 11:17:51 - msg_id_0200 ==> 7E02000042660000000002007B00000000000C000300C646B4049FABC0039000000000260327111750010400000000140400000000150400000000160400000000170200002A0200003001503101143D7E
2026-03-27 11:18:00 - msg_id_0200 ==> 7E02000042660000000002007F00000100000C000300C646B4049FABC0039000000000260327111759010400000000140400000000150400000000160400000000170200002A020000300150310114317E
2026-03-27 11:18:22 - msg_id_0200 ==> 7E02000042660000000002008700000000000C000300C646B4049FABC0039000000000260327111821010400000000140400000000150400000000160400000000170200002A020000300150310114BF7E
2026-03-27 11:18:53 - msg_id_0200 ==> 7E02000042660000000002009200000000000C000300C646B6049FABC0039100000000260327111852010400000000140400000000150400000000160400000000170200002A020000300150310112DC7E
2026-03-27 11:19:24 - msg_id_0200 ==> 7E02000042660000000002009D00000000000C000300C646B7049FABC0039100000000260327111923010400000000140400000000150400000000160400000000170200002A020000300150310113A37E
2026-03-27 11:19:55 - msg_id_0200 ==> 7E0200004266000000000200A800000000000C000300C646B5049FABC0039200000000260327111954010400000000140400000000150400000000160400000000170200002A020000300153310113E37E
2026-03-27 11:20:26 - msg_id_0200 ==> 7E0200004266000000000200B300000000000C000300C646B3049FABB8039200000000260327112025010400000000140400000000150400000000160400000000170200002A020000300153310113CE7E
2026-03-27 11:20:57 - msg_id_0200 ==> 7E0200004266000000000200BE00000000000C000300C646B2049FABB8039300000000260327112056010400000000140400000000150400000000160400000000170200002A020000300150310113B37E
2026-03-27 11:21:28 - msg_id_0200 ==> 7E0200004266000000000200C900000000000C000300C646B1049FABB8039300000000260327112127010400000000140400000000150400000000160400000000170200002A020000300150310113B77E
2026-03-27 11:21:59 - msg_id_0200 ==> 7E0200004266000000000200D400000000000C000300C646B2049FABC0039300000000260327112158010400000000140400000000150400000000160400000000170200002A020000300150310114A97E
2026-03-27 11:22:30 - msg_id_0200 ==> 7E0200004266000000000200DF00000000000C000300C646B2049FABC0039300000000260327112229010400000000140400000000150400000000160400000000170200002A020000300150310114D07E
2026-03-27 11:23:01 - msg_id_0200 ==> 7E0200004266000000000200EA00000000000C000300C646B3049FABC8039400000000260327112300010400000000140400000000150400000000160400000000170200002A020000300150310114C37E
2026-03-27 11:23:32 - msg_id_0200 ==> 7E0200004266000000000200F500000000000C000300C646B3049FABC8039400000000260327112331010400000000140400000000150400000000160400000000170200002A020000300150310115EC7E
2026-03-27 11:24:03 - msg_id_0200 ==> 7E02000042660000000002010000000000000C000300C646B4049FABC8039400000000260327112402010400000000140400000000150400000000160400000000170200002A0200003001503101152B7E
2026-03-27 11:24:34 - msg_id_0200 ==> 7E02000042660000000002010B00000000000C000300C646BA049FABC8039400000000260327112433010400000000140400000000150400000000160400000000170200002A0200003001503101151F7E
2026-03-27 11:25:05 - msg_id_0200 ==> 7E02000042660000000002011600000000000C000300C646C2049FABD0039400000000260327112504010400000000140400000000150400000000160400000000170200002A020000300150310115547E
2026-03-27 11:25:36 - msg_id_0200 ==> 7E02000042660000000002012100000000000C000300C646C4049FABD8039400000000260327112535010400000000140400000000150400000000160400000000170200002A0200003001503101155C7E
2026-03-27 11:26:07 - msg_id_0200 ==> 7E02000042660000000002012C00000000000C000300C646C7049FABE0039400000000260327112606010400000000140400000000150400000000160400000000170200002A020000300150310116597E
2026-03-27 11:26:38 - msg_id_0200 ==> 7E02000042660000000002013700000000000C000300C646CA049FABE0039400000000260327112637010400000000140400000000150400000000160400000000170200002A0200003001503101167D027E
2026-03-27 11:27:09 - msg_id_0200 ==> 7E02000042660000000002014200000000000C000300C646CA049FABE0039400000000260327112708010400000000140400000000150400000000160400000000170200002A020000300150310116357E
2026-03-27 11:27:40 - msg_id_0200 ==> 7E02000042660000000002014D00000000000C000300C646C9049FABE0039400000000260327112739010400000000140400000000150400000000160400000000170200002A0200003001503101150B7E
2026-03-27 11:28:11 - msg_id_0200 ==> 7E02000042660000000002015800000000000C000300C646CB049FABE8039400000000260327112810010400000000140400000000150400000000160400000000170200002A020000300150310114337E
2026-03-27 11:28:42 - msg_id_0200 ==> 7E02000042660000000002016300000000000C000300C646CC049FABE8039400000000260327112841010400000000140400000000150400000000160400000000170200002A0200003001503101165C7E
2026-03-27 11:29:13 - msg_id_0200 ==> 7E02000042660000000002016E00000000000C000300C646D0049FABE8039400000000260327112912010400000000140400000000150400000000160400000000170200002A0200003001503101141D7E
2026-03-27 11:29:44 - msg_id_0200 ==> 7E02000042660000000002017900000000000C000300C646D3049FABE8039300000000260327112943010400000000140400000000150400000000160400000000170200002A0200003001503101155E7E
2026-03-27 11:29:59 - msg_id_0200 ==> 7E02000042660000000002017F00000100000C000300C646D4049FABE8039300000000260327112958010400000000140400000000150400000000160400000000170200002A020000300150310115457E
2026-03-27 11:30:15 - msg_id_0200 ==> 7E02000042660000000002018500000000000C000300C646D4049FABE8039300000000260327113014010400000000140400000000150400000000160400000000170200002A02000030014D310115F67E
2026-03-27 11:30:46 - msg_id_0200 ==> 7E02000042660000000002019000000000000C000300C646D6049FABE8039300000000260327113045010400000000140400000000150400000000160400000000170200002A020000300150310116AE7E
2026-03-27 11:31:17 - msg_id_0200 ==> 7E02000042660000000002019B00000000000C000300C646D8049FABE8039300000000260327113116010400000000140400000000150400000000160400000000170200002A020000300150310116F97E
2026-03-27 11:31:48 - msg_id_0200 ==> 7E0200004266000000000201A600000000000C000300C646D8049FABE8039300000000260327113147010400000000140400000000150400000000160400000000170200002A020000300150310115967E
2026-03-27 11:32:19 - msg_id_0200 ==> 7E0200004266000000000201B100000000000C000300C646DB049FABE8039300000000260327113218010400000000140400000000150400000000160400000000170200002A020000300150310115DE7E
2026-03-27 11:32:50 - msg_id_0200 ==> 7E0200004266000000000201BC00000000000C000300C646E0049FABF0039300000000260327113249010400000000140400000000150400000000160400000000170200002A020000300150310115A17E
2026-03-27 11:33:21 - msg_id_0200 ==> 7E0200004266000000000201C700000000000C000300C646E6049FABF0039300000000260327113320010400000000140400000000150400000000160400000000170200002A020000300150310116B77E
2026-03-27 11:33:52 - msg_id_0200 ==> 7E0200004266000000000201D200000000000C000300C646E9049FABE8039300000000260327113351010400000000140400000000150400000000160400000000170200002A020000300150310115C77E
2026-03-27 11:34:23 - msg_id_0200 ==> 7E0200004266000000000201DD00000000000C000300C646EB049FABE8039300000000260327113422010400000000140400000000150400000000160400000000170200002A020000300150310116BD7E
2026-03-27 11:34:54 - msg_id_0200 ==> 7E0200004266000000000201E800000000000C000300C646EE049FABE8039300000000260327113453010400000000140400000000150400000000160400000000170200002A020000300150310116FC7E
2026-03-27 11:35:25 - msg_id_0200 ==> 7E0200004266000000000201F300000000000C000300C646EF049FABE8039300000000260327113524010400000000140400000000150400000000160400000000170200002A020000300150310115937E
2026-03-27 11:35:56 - msg_id_0200 ==> 7E0200004266000000000201FE00000000000C000300C646F1049FABF0039300000000260327113555010400000000140400000000150400000000160400000000170200002A020000300150310115E97E
2026-03-27 11:36:27 - msg_id_0200 ==> 7E02000042660000000002020900000000000C000300C646F5049FABF0039300000000260327113626010400000000140400000000150400000000160400000000170200002A020000300150310115697E
2026-03-27 11:36:58 - msg_id_0200 ==> 7E02000042660000000002021400000000000C000300C646F4049FABF8039300000000260327113657010400000000140400000000150400000000160400000000170200002A0200003001503101150C7E
2026-03-27 11:37:29 - msg_id_0200 ==> 7E02000042660000000002021F00000000000C000300C646F5049FABF8039300000000260327113728010400000000140400000000150400000000160400000000170200002A0200003001503101167B7E
2026-03-27 11:38:00 - msg_id_0200 ==> 7E02000042660000000002022A00000000000C000300C646F6049FABF8039300000000260327113759010400000000140400000000150400000000160400000000170200002A020000300150310113397E
2026-03-27 11:38:31 - msg_id_0200 ==> 7E02000042660000000002023500000000000C000300C646F7049FABF8039300000000260327113830010400000000140400000000150400000000160400000000170200002A020000300150310113417E
2026-03-27 11:39:02 - msg_id_0200 ==> 7E02000042660000000002024000000000000C000300C646F5049FABF0039300000000260327113901010400000000140400000000150400000000160400000000170200002A020000300150310114097E
2026-03-27 11:39:33 - msg_id_0200 ==> 7E02000042660000000002024B00000000000C000300C646F5049FABF0039300000000260327113932010400000000140400000000150400000000160400000000170200002A020000300150310114317E
2026-03-27 11:40:04 - msg_id_0200 ==> 7E02000042660000000002025600000000000C000300C646F4049FABF0039300000000260327114003010400000000140400000000150400000000160400000000170200002A020000300150310115647E
2026-03-27 11:40:35 - msg_id_0200 ==> 7E02000042660000000002026100000000000C000300C646F5049FABF0039300000000260327114034010400000000140400000000150400000000160400000000170200002A020000300150310116667E
2026-03-27 11:41:06 - msg_id_0200 ==> 7E02000042660000000002026C00000000000C000300C646F4049FABF0039300000000260327114105010400000000140400000000150400000000160400000000170200002A020000300150310115597E
2026-03-27 11:41:37 - msg_id_0200 ==> 7E02000042660000000002027700000000000C000300C646F0049FABF0039300000000260327114136010400000000140400000000150400000000160400000000170200002A020000300150310115757E
2026-03-27 11:41:57 - msg_id_0200 ==> 7E02000042660000000002027F00000100000C000300C646EF049FABF0039300000000260327114156010400000000140400000000150400000000160400000000170200002A020000300150310115037E
2026-03-27 11:42:08 - msg_id_0200 ==> 7E02000042660000000002028400000000000C000300C646EE049FABF0039300000000260327114207010400000000140400000000150400000000160400000000170200002A020000300150310115AA7E
2026-03-27 11:42:39 - msg_id_0200 ==> 7E02000042660000000002028F00000000000C000300C646EC049FABE8039200000000260327114238010400000000140400000000150400000000160400000000170200002A020000300150310115857E
2026-03-27 11:43:10 - msg_id_0200 ==> 7E02000042660000000002029A00000000000C000300C646EC049FABE8039200000000260327114309010400000000140400000000150400000000160400000000170200002A020000300150310115A07E
2026-03-27 11:43:41 - msg_id_0200 ==> 7E0200004266000000000202A500000000000C000300C646EB049FABE8039200000000260327114340010400000000140400000000150400000000160400000000170200002A020000300150310113D77E
2026-03-27 11:44:12 - msg_id_0200 ==> 7E0200004266000000000202B000000000000C000300C646E7049FABE8039200000000260327114411010400000000140400000000150400000000160400000000170200002A0200003001503101149F7E
2026-03-27 11:44:43 - msg_id_0200 ==> 7E0200004266000000000202BB00000000000C000300C646E2049FABE8039200000000260327114442010400000000140400000000150400000000160400000000170200002A020000300150310115C37E
2026-03-27 11:45:14 - msg_id_0200 ==> 7E0200004266000000000202C600000000000C000300C646DB049FABF0039200000000260327114513010400000000140400000000150400000000160400000000170200002A020000300150310115CF7E
2026-03-27 11:45:45 - msg_id_0200 ==> 7E0200004266000000000202D100000000000C000300C646DA049FABF0039200000000260327114544010400000000140400000000150400000000160400000000170200002A020000300150310113887E
2026-03-27 11:46:16 - msg_id_0200 ==> 7E0200004266000000000202DC00000000000C000300C646D4049FABE8039200000000260327114615010400000000140400000000150400000000160400000000170200002A020000300150310115C77E
2026-03-27 11:46:47 - msg_id_0200 ==> 7E0200004266000000000202E700000000000C000300C646CD049FABE8039300000000260327114646010400000000140400000000150400000000160400000000170200002A020000300150310115B77E
2026-03-27 11:47:18 - msg_id_0200 ==> 7E0200004266000000000202F200000000000C000300C646CF049FABE0039300000000260327114717010400000000140400000000150400000000160400000000170200002A020000300150310115F87E
2026-03-27 11:47:49 - msg_id_0200 ==> 7E0200004266000000000202FD00000000000C000300C646D2049FABD8039300000000260327114748010400000000140400000000150400000000160400000000170200002A02000030014D310116937E
2026-03-27 11:48:20 - msg_id_0200 ==> 7E02000042660000000002030800000000000C000300C646D4049FABE0039200000000260327114819010400000000140400000000150400000000160400000000170200002A02000030014D310116067E
2026-03-27 11:48:51 - msg_id_0200 ==> 7E02000042660000000002031300000000000C000300C646D2049FABD8039300000000260327114850010400000000140400000000150400000000160400000000170200002A02000030014D3101166B7E
2026-03-27 11:49:22 - msg_id_0200 ==> 7E02000042660000000002031E00000000000C000300C646D5049FABE0039300000000260327114921010400000000140400000000150400000000160400000000170200002A020000300150310115377E
2026-03-27 11:49:53 - msg_id_0200 ==> 7E02000042660000000002032900000000000C000300C646CF049FABE0039300000000260327114952010400000000140400000000150400000000160400000000170200002A02000030014D310114757E
2026-03-27 11:50:24 - msg_id_0200 ==> 7E02000042660000000002033400000000000C000300C646C4049FABD0039400000000260327115023010400000000140400000000150400000000160400000000170200002A02000030014D3101153D7E
2026-03-27 11:50:55 - msg_id_0200 ==> 7E02000042660000000002033F00000000000C000300C646BA049FABC8039400000000260327115054010400000000140400000000150400000000160400000000170200002A02000030014D310115277E
2026-03-27 11:51:26 - msg_id_0200 ==> 7E02000042660000000002034A00000000000C000300C646BF049FABC0039500000000260327115125010400000000140400000000150400000000160400000000170200002A02000030014D3101142F7E
2026-03-27 11:51:57 - msg_id_0200 ==> 7E02000042660000000002035500000000000C000300C646C0049FABC0039500000000260327115156010400000000140400000000150400000000160400000000170200002A02000030014D3101153D7E
2026-03-27 11:52:28 - msg_id_0200 ==> 7E02000042660000000002036000000000000C000300C646BE049FABC0039500000000260327115227010400000000140400000000150400000000160400000000170200002A02000030014D310115047E
2026-03-27 11:52:59 - msg_id_0200 ==> 7E02000042660000000002036B00000000000C000300C646BD049FABC0039500000000260327115258010400000000140400000000150400000000160400000000170200002A0200003001503101156E7E
2026-03-27 11:53:30 - msg_id_0200 ==> 7E02000042660000000002037600000000000C000300C646BC049FABB8039500000000260327115329010400000000140400000000150400000000160400000000170200002A0200003001503101147B7E
2026-03-27 11:53:54 - msg_id_0200 ==> 7E02000042660000000002037F00000100000C000300C646C4049FABB8039400000000260327115353010400000000140400000000150400000000160400000000170200002A020000300150310112767E
2026-03-27 11:54:01 - msg_id_0200 ==> 7E02000042660000000002038200000000000C000300C646C6049FABB0039400000000260327115400010400000000140400000000150400000000160400000000170200002A020000300150310112D47E
2026-03-27 11:54:32 - msg_id_0200 ==> 7E02000042660000000002038D00000000000C000300C646C1049FABB0039400000000260327115431010400000000140400000000150400000000160400000000170200002A02000030013D310113817E
2026-03-27 11:55:03 - msg_id_0200 ==> 7E02000042660000000002039800000000000C000300C646BE049FABB0039400000000260327115502010400000000140400000000150400000000160400000000170200002A02000030013D310113D97E
2026-03-27 11:55:34 - msg_id_0200 ==> 7E0200004266000000000203A300000000000C000300C646BC049FABB0039400000000260327115533010400000000140400000000150400000000160400000000170200002A02000030013D310113D17E
2026-03-27 11:56:05 - msg_id_0200 ==> 7E0200004266000000000203AE00000000000C000300C646BD049FABB0039400000000260327115604010400000000140400000000150400000000160400000000170200002A02000030013D310111EB7E
2026-03-27 11:56:36 - msg_id_0200 ==> 7E0200004266000000000203B900000000000C000300C646C0049FABB0039400000000260327115635010400000000140400000000150400000000160400000000170200002A020000300140310110CC7E
2026-03-27 11:57:07 - msg_id_0200 ==> 7E0200004266000000000203C400000000000C000300C646C4049FABB8039500000000260327115706010400000000140400000000150400000000160400000000170200002A0200003001403101118F7E
2026-03-27 11:57:38 - msg_id_0200 ==> 7E0200004266000000000203CF00000000000C000300C646B7049FABD0039400000000260327115737010400000000140400000000150400000000160400000000170200002A02000030013D310110D37E
2026-03-27 11:58:09 - msg_id_0200 ==> 7E0200004266000000000203DA00000000000C000300C646B1049FABD8039400000000260327115808010400000000140400000000150400000000160400000000170200002A020000300140310111847E
2026-03-27 11:58:40 - msg_id_0200 ==> 7E0200004266000000000203E500000000000C000300C646B2049FABE0039400000000260327115839010400000000140400000000150400000000160400000000170200002A02000030014031010FAF7E
2026-03-27 11:59:11 - msg_id_0200 ==> 7E0200004266000000000203F000000000000C000300C646B0049FABE8039400000000260327115910010400000000140400000000150400000000160400000000170200002A020000300140310111867E
2026-03-27 11:59:42 - msg_id_0200 ==> 7E0200004266000000000203FB00000000000C000300C646B5049FABE8039400000000260327115941010400000000140400000000150400000000160400000000170200002A020000300140310111D97E
2026-03-27 12:00:13 - msg_id_0200 ==> 7E02000042660000000002040600000000000C000300C646BA049FABE8039500000000260327120012010400000000140400000000150400000000160400000000170200002A02000030013D3101135B7E
2026-03-27 12:00:44 - msg_id_0200 ==> 7E02000042660000000002041100000000000C000300C646B7049FABF0039500000000260327120043010400000000140400000000150400000000160400000000170200002A02000030013D310113087E
2026-03-27 12:01:15 - msg_id_0200 ==> 7E02000042660000000002041C00000000000C000300C646B7049FABF8039500000000260327120114010400000000140400000000150400000000160400000000170200002A02000030013D3101125A7E
2026-03-27 12:01:46 - msg_id_0200 ==> 7E02000042660000000002042700000000000C000300C646B7049FAC00039500000000260327120145010400000000140400000000150400000000160400000000170200002A02000030013D310113CE7E
2026-03-27 12:02:17 - msg_id_0200 ==> 7E02000042660000000002043200000000000C000300C646BA049FAC08039500000000260327120216010400000000140400000000150400000000160400000000170200002A02000030013D3101138E7E
2026-03-27 12:02:48 - msg_id_0200 ==> 7E02000042660000000002043D00000000000C000300C646B9049FAC08039500000000260327120247010400000000140400000000150400000000160400000000170200002A02000030013D310113D37E
2026-03-27 12:03:19 - msg_id_0200 ==> 7E02000042660000000002044800000000000C000300C646B8049FAC08039600040000260327120318010400000000140400000000150400000000160400000000170200002A02000030013D310113FE7E
2026-03-27 12:03:50 - msg_id_0200 ==> 7E02000042660000000002045300000000000C000300C646BF049FAC08039600000000260327120349010400000000140400000000150400000000160400000000170200002A02000030013D310112B67E
2026-03-27 12:04:21 - msg_id_0200 ==> 7E02000042660000000002045E00000000000C000300C646C5049FAC08039600000000260327120420010400000000140400000000150400000000160400000000170200002A02000030013D310113AE7E
2026-03-27 12:04:53 - msg_id_0200 ==> 7E02000042660000000002046900000000000C000300C646C6049FAC08039700000000260327120451010400000000140400000000150400000000160400000000170200002A02000030013D310113EA7E
2026-03-27 12:05:23 - msg_id_0200 ==> 7E02000042660000000002047400000000000C000300C646CB049FAC10039700000000260327120522010400000000140400000000150400000000160400000000170200002A02000030013D310114977E
2026-03-27 12:05:52 - msg_id_0200 ==> 7E02000042660000000002047F00000100000C000300C646CC049FAC10039700000000260327120551010400000000140400000000150400000000160400000000170200002A02000030013D310114E97E
2026-03-27 12:05:57 - msg_id_0200 ==> 7E02000042660000000002048200000000000C000300C646CC049FAC10039700000000260327120556010400000000140400000000150400000000160400000000170200002A02000030013D310114127E
2026-03-27 12:06:28 - msg_id_0200 ==> 7E02000042660000000002048D00000000000C000300C646CB049FAC10039800000000260327120627010400000000140400000000150400000000160400000000170200002A02000030013D310114677E
2026-03-27 12:06:59 - msg_id_0200 ==> 7E02000042660000000002049800000000000C000300C646C9049FAC10039800000000260327120658010400000000140400000000150400000000160400000000170200002A02000030013D3101150E7E
2026-03-27 12:07:30 - msg_id_0200 ==> 7E0200004266000000000204A300000000000C000300C646C8049FAC10039800000000260327120729010400000000140400000000150400000000160400000000170200002A02000030013A310114427E
2026-03-27 12:08:01 - msg_id_0200 ==> 7E0200004266000000000204AE00000000000C000300C646C8049FAC10039900000000260327120800010400000000140400000000150400000000160400000000170200002A02000030014D3101151E7E
2026-03-27 12:08:32 - msg_id_0200 ==> 7E0200004266000000000204B900000000000C000300C646C8049FAC10039900000000260327120831010400000000140400000000150400000000160400000000170200002A020000300150310115257E
2026-03-27 12:09:03 - msg_id_0200 ==> 7E0200004266000000000204C400000000000C000300C646C8049FAC10039900000000260327120902010400000000140400000000150400000000160400000000170200002A0200003001503101116E7E
2026-03-27 12:09:34 - msg_id_0200 ==> 7E0200004266000000000204CF00000000000C000300C646C7049FAC10039900000000260327120933010400000000140400000000150400000000160400000000170200002A020000300150310112587E
2026-03-27 12:10:05 - msg_id_0200 ==> 7E0200004266000000000204DA00000000000C000300C646C8049FAC18039900000000260327121004010400000000140400000000150400000000160400000000170200002A020000300150310115637E
2026-03-27 12:10:36 - msg_id_0200 ==> 7E0200004266000000000204E500000000000C000300C646C8049FAC18039900000000260327121035010400000000140400000000150400000000160400000000170200002A0200003001503101146C7E
2026-03-27 12:11:07 - msg_id_0200 ==> 7E0200004266000000000204F000000000000C000300C646C1049FAC28039900000000260327121106010400000000140400000000150400000000160400000000170200002A020000300150310115737E
2026-03-27 12:11:38 - msg_id_0200 ==> 7E0200004266000000000204FB00000000000C000300C646C1049FAC20039900000000260327121137010400000000140400000000150400000000160400000000170200002A020000300150310112467E
2026-03-27 12:12:09 - msg_id_0200 ==> 7E02000042660000000002050600000000000C000300C646C2049FAC28039900000000260327121208010400000000140400000000150400000000160400000000170200002A0200003001503101148B7E
2026-03-27 12:12:40 - msg_id_0200 ==> 7E02000042660000000002051100000000000C000300C646C2049FAC20039900000000260327121239010400000000140400000000150400000000160400000000170200002A020000300150310113A27E
2026-03-27 12:13:11 - msg_id_0200 ==> 7E02000042660000000002051C00000000000C000300C646C5049FAC28039900000000260327121310010400000000140400000000150400000000160400000000170200002A020000300150310113887E
2026-03-27 12:13:42 - msg_id_0200 ==> 7E02000042660000000002052700000000000C000300C646C4049FAC28039900000000260327121341010400000000140400000000150400000000160400000000170200002A020000300150310115E57E
2026-03-27 12:14:13 - msg_id_0200 ==> 7E02000042660000000002053200000000000C000300C646C4049FAC28039900000000260327121412010400000000140400000000150400000000160400000000170200002A020000300150310114A57E
2026-03-27 12:14:44 - msg_id_0200 ==> 7E02000042660000000002053D00000000000C000300C646C5049FAC28039900000000260327121443010400000000140400000000150400000000160400000000170200002A02000030014D310113E07E
2026-03-27 12:15:15 - msg_id_0200 ==> 7E02000042660000000002054800000000000C000300C646C5049FAC30039900000000260327121514010400000000140400000000150400000000160400000000170200002A020000300150310114C17E
2026-03-27 12:15:46 - msg_id_0200 ==> 7E02000042660000000002055300000000000C000300C646C4049FAC30039900000000260327121545010400000000140400000000150400000000160400000000170200002A020000300153310114897E
2026-03-27 12:16:17 - msg_id_0200 ==> 7E02000042660000000002055E00000000000C000300C646C1049FAC30039900000000260327121616010400000000140400000000150400000000160400000000170200002A020000300150310113D57E
2026-03-27 12:16:48 - msg_id_0200 ==> 7E02000042660000000002056900000000000C000300C646C4049FAC30039900000000260327121647010400000000140400000000150400000000160400000000170200002A020000300150310114B17E
2026-03-27 12:17:19 - msg_id_0200 ==> 7E02000042660000000002057400000000000C000300C646BE049FAC28039900000000260327121718010400000000140400000000150400000000160400000000170200002A020000300150310113977E
2026-03-27 12:17:49 - msg_id_0200 ==> 7E02000042660000000002057F00000100000C000300C646B8049FAC20039900000000260327121748010400000000140400000000150400000000160400000000170200002A020000300150310114C47E
2026-03-27 12:17:54 - msg_id_0200 ==> 7E02000042660000000002058200000000000C000300C646B6049FAC20039900000000260327121753010400000000140400000000150400000000160400000000170200002A0200003001503101132A7E
2026-03-27 12:18:25 - msg_id_0200 ==> 7E02000042660000000002058D00000000000C000300C646B2049FAC18039900000000260327121824010400000000140400000000150400000000160400000000170200002A020000300150310114667E
2026-03-27 12:18:56 - msg_id_0200 ==> 7E02000042660000000002059800000000000C000300C646BB049FAC20039900000000260327121855010400000000140400000000150400000000160400000000170200002A020000300150310112357E
2026-03-27 12:19:27 - msg_id_0200 ==> 7E0200004266000000000205A300000000000C000300C646BB049FAC20039900000000260327121926010400000000140400000000150400000000160400000000170200002A0200003001503101127C7E
2026-03-27 12:19:58 - msg_id_0200 ==> 7E0200004266000000000205AE00000000000C000300C646BA049FAC18039A00000000260327121957010400000000140400000000150400000000160400000000170200002A0200003001503101133B7E
2026-03-27 12:20:29 - msg_id_0200 ==> 7E0200004266000000000205B900000000000C000300C646B9049FAC20039A00000000260327122028010400000000140400000000150400000000160400000000170200002A020000300150310111537E
2026-03-27 12:21:00 - msg_id_0200 ==> 7E0200004266000000000205C400000000000C000300C646BC049FAC20039900000000260327122059010400000000140400000000150400000000160400000000170200002A020000300150310111597E
2026-03-27 12:21:31 - msg_id_0200 ==> 7E0200004266000000000205CF00000000000C000300C646BE049FAC20039900000000260327122130010400000000140400000000150400000000160400000000170200002A0200003001503101133A7E
2026-03-27 12:22:02 - msg_id_0200 ==> 7E0200004266000000000205DA00000000000C000300C646BF049FAC28039900000000260327122201010400000000140400000000150400000000160400000000170200002A020000300150310111167E
2026-03-27 12:22:33 - msg_id_0200 ==> 7E0200004266000000000205E500000000000C000300C646C0049FAC28039900000000260327122232010400000000140400000000150400000000160400000000170200002A020000300150310113677E
2026-03-27 12:23:04 - msg_id_0200 ==> 7E0200004266000000000205F000000000000C000300C646C0049FAC28039900000000260327122303010400000000140400000000150400000000160400000000170200002A020000300150310114457E
2026-03-27 12:23:35 - msg_id_0200 ==> 7E0200004266000000000205FB00000000000C000300C646C0049FAC28039900000000260327122334010400000000140400000000150400000000160400000000170200002A02000030014D310113637E
2026-03-27 12:24:06 - msg_id_0200 ==> 7E02000042660000000002060600000000000C000300C646C1049FAC30039A00000000260327122405010400000000140400000000150400000000160400000000170200002A02000030014D310113B17E
2026-03-27 12:24:37 - msg_id_0200 ==> 7E02000042660000000002061100000000000C000300C646C0049FAC30039A00000000260327122436010400000000140400000000150400000000160400000000170200002A02000030014D310113947E
2026-03-27 12:25:08 - msg_id_0200 ==> 7E02000042660000000002061C00000000000C000300C646C2049FAC28039A00000000260327122507010400000000140400000000150400000000160400000000170200002A02000030014D310112B27E
2026-03-27 12:25:39 - msg_id_0200 ==> 7E02000042660000000002062700000000000C000300C646C2049FAC28039900000000260327122538010400000000140400000000150400000000160400000000170200002A02000030014D310112B57E
2026-03-27 12:26:10 - msg_id_0200 ==> 7E02000042660000000002063200000000000C000300C646CE049FAC20039900000000260327122609010400000000140400000000150400000000160400000000170200002A020000300150310111887E
2026-03-27 12:26:41 - msg_id_0200 ==> 7E02000042660000000002063D00000000000C000300C646DC049FAC10039900000000260327122640010400000000140400000000150400000000160400000000170200002A020000300150310114E97E
2026-03-27 12:27:12 - msg_id_0200 ==> 7E02000042660000000002064800000000000C000300C646E2049FAC10039900000000260327122711010400000000140400000000150400000000160400000000170200002A020000300150310114F27E
2026-03-27 12:27:43 - msg_id_0200 ==> 7E02000042660000000002065300000000000C000300C646E1049FAC10039900000000260327122742010400000000140400000000150400000000160400000000170200002A020000300150310113BE7E
2026-03-27 12:28:14 - msg_id_0200 ==> 7E02000042660000000002065E00000000000C000300C646E3049FAC10039900000000260327122813010400000000140400000000150400000000160400000000170200002A020000300150310115E97E
2026-03-27 12:28:45 - msg_id_0200 ==> 7E02000042660000000002066900000000000C000300C646E3049FAC10039900000000260327122844010400000000140400000000150400000000160400000000170200002A0200003001503101138F7E
2026-03-27 12:29:16 - msg_id_0200 ==> 7E02000042660000000002067400000000000C000300C646E4049FAC10039900000000260327122915010400000000140400000000150400000000160400000000170200002A020000300150310114C27E
2026-03-27 12:29:47 - msg_id_0200 ==> 7E02000042660000000002067F00000100000C000300C646E6049FAC10039900000000260327122946010400000000140400000000150400000000160400000000170200002A020000300150310115987E
2026-03-27 12:29:52 - msg_id_0200 ==> 7E02000042660000000002068200000000000C000300C646E6049FAC10039900000000260327122951010400000000140400000000150400000000160400000000170200002A020000300150310115737E
2026-03-27 12:30:23 - msg_id_0200 ==> 7E02000042660000000002068D00000000000C000300C646E7049FAC10039900000000260327123022010400000000140400000000150400000000160400000000170200002A02000030014D3101150A7E
2026-03-27 12:30:54 - msg_id_0200 ==> 7E02000042660000000002069800000000000C000300C646ED049FAC08039900000000260327123053010400000000140400000000150400000000160400000000170200002A020000300150310114607E
2026-03-27 12:31:25 - msg_id_0200 ==> 7E0200004266000000000206A300000000000C000300C646EF049FAC08039900000000260327123124010400000000140400000000150400000000160400000000170200002A020000300150310113287E
2026-03-27 12:31:56 - msg_id_0200 ==> 7E0200004266000000000206AE00000000000C000300C646F0049FAC08039900000000260327123155010400000000140400000000150400000000160400000000170200002A0200003001503101134B7E
2026-03-27 12:32:27 - msg_id_0200 ==> 7E0200004266000000000206B900000000000C000300C646F1049FAC08039900000000260327123226010400000000140400000000150400000000160400000000170200002A0200003001503101142A7E
2026-03-27 12:32:58 - msg_id_0200 ==> 7E0200004266000000000206C400000000000C000300C646F2049FAC08039900000000260327123257010400000000140400000000150400000000160400000000170200002A020000300150310113227E
2026-03-27 12:33:29 - msg_id_0200 ==> 7E0200004266000000000206CF00000000000C000300C646F5049FAC10039900000000260327123328010400000000140400000000150400000000160400000000170200002A0200003001503101104B7E
2026-03-27 12:34:00 - msg_id_0200 ==> 7E0200004266000000000206DA00000000000C000300C646FB049FAC10039900000000260327123359010400000000140400000000150400000000160400000000170200002A020000300150310112237E
2026-03-27 12:34:31 - msg_id_0200 ==> 7E0200004266000000000206E500000000000C000300C646FD049FAC18039900000000260327123430010400000000140400000000150400000000160400000000170200002A0200003001503101137D017E
2026-03-27 12:35:02 - msg_id_0200 ==> 7E0200004266000000000206F000000000000C000300C646FC049FAC18039900000000260327123501010400000000140400000000150400000000160400000000170200002A0200003001503101145E7E
2026-03-27 12:35:33 - msg_id_0200 ==> 7E0200004266000000000206FB00000000000C000300C646FF049FAC18039800000000260327123532010400000000140400000000150400000000160400000000170200002A020000300150310114647E
2026-03-27 12:36:04 - msg_id_0200 ==> 7E02000042660000000002070600000000000C000300C646FD049FAC18039800000000260327123603010400000000140400000000150400000000160400000000170200002A020000300150310114A87E
2026-03-27 12:36:35 - msg_id_0200 ==> 7E02000042660000000002071100000000000C000300C646FF049FAC18039800000000260327123634010400000000140400000000150400000000160400000000170200002A0200003001503101148A7E
2026-03-27 12:37:06 - msg_id_0200 ==> 7E02000042660000000002071C00000000000C000300C646FF049FAC18039700000000260327123705010400000000140400000000150400000000160400000000170200002A020000300150310114B87E
2026-03-27 12:37:37 - msg_id_0200 ==> 7E02000042660000000002072700000000000C000300C646F7049FAC20039700000000260327123736010400000000140400000000150400000000160400000000170200002A020000300150310115817E
2026-03-27 12:38:08 - msg_id_0200 ==> 7E02000042660000000002073200000000000C000300C646E9049FAC28039700000000260327123807010400000000140400000000150400000000160400000000170200002A020000300150310115BC7E
2026-03-27 12:38:39 - msg_id_0200 ==> 7E02000042660000000002073D00000000000C000300C646E9049FAC28039700000000260327123838010400000000140400000000150400000000160400000000170200002A0200003001503101148D7E
2026-03-27 12:39:10 - msg_id_0200 ==> 7E02000042660000000002074800000000000C000300C646E6049FAC28039700000000260327123909010400000000140400000000150400000000160400000000170200002A020000300150310113C07E
2026-03-27 12:39:41 - msg_id_0200 ==> 7E02000042660000000002075300000000000C000300C646E3049FAC30039600000000260327123940010400000000140400000000150400000000160400000000170200002A0200003001503101138E7E
2026-03-27 12:40:12 - msg_id_0200 ==> 7E02000042660000000002075E00000000000C000300C646E1049FAC30039600020000260327124011010400000000140400000000150400000000160400000000170200002A020000300150310112AA7E
2026-03-27 12:40:43 - msg_id_0200 ==> 7E02000042660000000002076900000000000C000300C646E3049FAC38039300000000260327124042010400000000140400000000150400000000160400000000170200002A020000300150310112C37E
2026-03-27 12:41:14 - msg_id_0200 ==> 7E02000042660000000002077400000000000C000300C646E0049FAC38039300000000260327124113010400000000140400000000150400000000160400000000170200002A0200003001503101148B7E
2026-03-27 12:41:45 - msg_id_0200 ==> 7E02000042660000000002077F00000100000C000300C646E1049FAC38039300000000260327124144010400000000140400000000150400000000160400000000170200002A020000300150310114D77E
2026-03-27 12:41:50 - msg_id_0200 ==> 7E02000042660000000002078200000000000C000300C646E3049FAC38039300000000260327124149010400000000140400000000150400000000160400000000170200002A020000300150310113237E
2026-03-27 12:42:21 - msg_id_0200 ==> 7E02000042660000000002078D00000000000C000300C646E3049FAC38039300000000260327124220010400000000140400000000150400000000160400000000170200002A020000300150310113467E
2026-03-27 12:42:52 - msg_id_0200 ==> 7E02000042660000000002079800000000000C000300C646E4049FAC38039300000000260327124251010400000000140400000000150400000000160400000000170200002A020000300150310113257E
2026-03-27 12:43:23 - msg_id_0200 ==> 7E0200004266000000000207A300000000000C000300C646E6049FAC38039300000000260327124322010400000000140400000000150400000000160400000000170200002A0200003001503101136E7E
2026-03-27 12:43:54 - msg_id_0200 ==> 7E0200004266000000000207AE00000000000C000300C646E5049FAC30039300000000260327124353010400000000140400000000150400000000160400000000170200002A0200003001503101111B7E
2026-03-27 12:44:25 - msg_id_0200 ==> 7E0200004266000000000207B900000000000C000300C646E4049FAC30039300000000260327124424010400000000140400000000150400000000160400000000170200002A0200003001503101137F7E
2026-03-27 12:44:56 - msg_id_0200 ==> 7E0200004266000000000207C400000000000C000300C646E6049FAC30039300000000260327124455010400000000140400000000150400000000160400000000170200002A020000300150310113717E
2026-03-27 12:45:27 - msg_id_0200 ==> 7E0200004266000000000207CF00000000000C000300C646EC049FAC30039300000000260327124526010400000000140400000000150400000000160400000000170200002A020000300150310113027E
2026-03-27 12:45:58 - msg_id_0200 ==> 7E0200004266000000000207DA00000000000C000300C646EC049FAC30039200000000260327124557010400000000140400000000150400000000160400000000170200002A020000300150310113677E
2026-03-27 12:46:29 - msg_id_0200 ==> 7E0200004266000000000207E500000000000C000300C646F7049FAC30039300000000260327124628010400000000140400000000150400000000160400000000170200002A0200003001503101123F7E
2026-03-27 12:47:00 - msg_id_0200 ==> 7E0200004266000000000207F000000000000C000300C646EF049FAC30039200000000260327124659010400000000140400000000150400000000160400000000170200002A020000300150310113437E
2026-03-27 12:47:31 - msg_id_0200 ==> 7E0200004266000000000207FB00000000000C000300C646E7049FAC30039200000000260327124730010400000000140400000000150400000000160400000000170200002A0200003001503101112A7E
2026-03-27 12:48:02 - msg_id_0200 ==> 7E02000042660000000002080600000000000C000300C646DE049FAC30039200000000260327124801010400000000140400000000150400000000160400000000170200002A020000300150310112DC7E
2026-03-27 12:48:33 - msg_id_0200 ==> 7E02000042660000000002081100000000000C000300C646D0049FAC38039200000000260327124832010400000000140400000000150400000000160400000000170200002A020000300153310114FB7E
2026-03-27 12:49:04 - msg_id_0200 ==> 7E02000042660000000002081C00000000000C000300C646CA049FAC40039300000000260327124903010400000000140400000000150400000000160400000000170200002A020000300150310113A17E
2026-03-27 12:49:35 - msg_id_0200 ==> 7E02000042660000000002082700000000000C000300C646BB049FAC30039400000000260327124934010400000000140400000000150400000000160400000000170200002A020000300150310114AC7E
2026-03-27 12:50:05 - msg_id_0200 ==> 7E02000042660000000002083200000000000C000300C646B2049FAC20039400000000260327125005010400000000140400000000150400000000160400000000170200002A0200003001503101138F7E
2026-03-27 12:50:37 - msg_id_0200 ==> 7E02000042660000000002083D00000000000C000300C646AB049FAC20039400000000260327125036010400000000140400000000150400000000160400000000170200002A020000300150310113AA7E
2026-03-27 12:51:08 - msg_id_0200 ==> 7E02000042660000000002084800000000000C000300C646A4049FAC18039400000000260327125107010400000000140400000000150400000000160400000000170200002A020000300150310114DF7E
2026-03-27 12:51:39 - msg_id_0200 ==> 7E02000042660000000002085300000000000C000300C646A6049FAC18039400000000260327125138010400000000140400000000150400000000160400000000170200002A020000300150310115F87E
2026-03-27 12:52:10 - msg_id_0200 ==> 7E02000042660000000002085E00000000000C000300C646A8049FAC18039500000000260327125209010400000000140400000000150400000000160400000000170200002A020000300150310112CF7E
2026-03-27 12:52:41 - msg_id_0200 ==> 7E02000042660000000002086900000000000C000300C646AA049FAC18039500000000260327125240010400000000140400000000150400000000160400000000170200002A020000300150310115B47E
2026-03-27 12:53:12 - msg_id_0200 ==> 7E02000042660000000002087400000000000C000300C646AB049FAC10039500000000260327125311010400000000140400000000150400000000160400000000170200002A020000300150310113F67E
2026-03-27 12:53:42 - msg_id_0200 ==> 7E02000042660000000002087F00000100000C000300C646AA049FAC10039500000000260327125341010400000000140400000000150400000000160400000000170200002A020000300150310110AE7E
2026-03-27 12:53:47 - msg_id_0200 ==> 7E02000042660000000002088200000000000C000300C646A9049FAC10039500000000260327125346010400000000140400000000150400000000160400000000170200002A020000300150310110567E
2026-03-27 12:54:18 - msg_id_0200 ==> 7E02000042660000000002088D00000000000C000300C646AA049FAC10039500000000260327125417010400000000140400000000150400000000160400000000170200002A0200003001503101110D7E
2026-03-27 12:54:49 - msg_id_0200 ==> 7E02000042660000000002089800000000000C000300C646AC049FAC10039500000000260327125448010400000000140400000000150400000000160400000000170200002A020000300150310110407E
2026-03-27 12:55:20 - msg_id_0200 ==> 7E0200004266000000000208A300000000000C000300C646B2049FAC10039500000000260327125519010400000000140400000000150400000000160400000000170200002A02000030015031010F2A7E
2026-03-27 12:55:51 - msg_id_0200 ==> 7E0200004266000000000208AE00000000000C000300C646B5049FAC10039500000000260327125550010400000000140400000000150400000000160400000000170200002A020000300150310110767E
2026-03-27 12:56:22 - msg_id_0200 ==> 7E0200004266000000000208B900000000000C000300C646B4049FAC10039700000000260327125621010400000000140400000000150400000000160400000000170200002A020000300150310110107E
2026-03-27 12:56:53 - msg_id_0200 ==> 7E0200004266000000000208C400000000000C000300C646B9049FAC10039600000000260327125652010400000000140400000000150400000000160400000000170200002A02000030015031010F0D7E
2026-03-27 12:57:24 - msg_id_0200 ==> 7E0200004266000000000208CF00000000000C000300C646BD049FAC08039800010000260327125723010400000000140400000000150400000000160400000000170200002A020000300150310112787E
2026-03-27 12:57:55 - msg_id_0200 ==> 7E0200004266000000000208DA00000000000C000300C646A9049FAC00039900000000260327125754010400000000140400000000150400000000160400000000170200002A020000300150310111057E
2026-03-27 12:58:26 - msg_id_0200 ==> 7E0200004266000000000208E500000000000C000300C6469A049FABF8039900000000260327125825010400000000140400000000150400000000160400000000170200002A020000300150310111887E
2026-03-27 12:58:57 - msg_id_0200 ==> 7E0200004266000000000208F000000000000C000300C6468D049FABF0039800000000260327125856010400000000140400000000150400000000160400000000170200002A020000300150310110F17E
2026-03-27 12:59:28 - msg_id_0200 ==> 7E0200004266000000000208FB00000000000C000300C64682049FABF0039800000000260327125927010400000000140400000000150400000000160400000000170200002A020000300150310113867E
2026-03-27 12:59:59 - msg_id_0200 ==> 7E02000042660000000002090600000000000C000300C64674049FABE0039800000000260327125958010400000000140400000000150400000000160400000000170200002A020000300150310113E37E
2026-03-27 13:00:30 - msg_id_0200 ==> 7E02000042660000000002091100000000000C000300C6467D01049FABE8039700000000260327130029010400000000140400000000150400000000160400000000170200002A020000300150310113D37E
2026-03-27 13:01:01 - msg_id_0200 ==> 7E02000042660000000002091C00000000000C000300C64683049FABE8039700000000260327130100010400000000140400000000150400000000160400000000170200002A02000030013D310114627E
2026-03-27 13:01:32 - msg_id_0200 ==> 7E02000042660000000002092700000000000C000300C64686049FABE8039600000000260327130131010400000000140400000000150400000000160400000000170200002A020000300140310114117E
2026-03-27 13:02:03 - msg_id_0200 ==> 7E02000042660000000002093200000000000C000300C64688049FABE8039600000000260327130202010400000000140400000000150400000000160400000000170200002A0200003001403101153B7E
2026-03-27 13:02:34 - msg_id_0200 ==> 7E02000042660000000002093D00000000000C000300C6468D049FABE8039500000000260327130233010400000000140400000000150400000000160400000000170200002A020000300140310116007E
2026-03-27 13:03:05 - msg_id_0200 ==> 7E02000042660000000002094800000000000C000300C64691049FABE0039400000000260327130304010400000000140400000000150400000000160400000000170200002A020000300140310114547E
2026-03-27 13:03:36 - msg_id_0200 ==> 7E02000042660000000002095300000000000C000300C64697049FABE0039300000000260327130335010400000000140400000000150400000000160400000000170200002A0200003001403101147F7E
2026-03-27 13:04:07 - msg_id_0200 ==> 7E02000042660000000002095E00000000000C000300C6469D049FABE8039300000000260327130406010400000000140400000000150400000000160400000000170200002A020000300140310114447E
2026-03-27 13:04:38 - msg_id_0200 ==> 7E02000042660000000002096900000000000C000300C6469F049FABF0039300000000260327130437010400000000140400000000150400000000160400000000170200002A0200003001403101105C7E
2026-03-27 13:05:09 - msg_id_0200 ==> 7E02000042660000000002097400000000000C000300C6469F049FABF0039200000000260327130508010400000000140400000000150400000000160400000000170200002A0200003001403101107D027E
2026-03-27 13:05:40 - msg_id_0200 ==> 7E02000042660000000002097F00000100000C000300C6469D049FABE8039200000000260327130539010400000000140400000000150400000000160400000000170200002A0200003001403101145B7E
2026-03-27 13:05:45 - msg_id_0200 ==> 7E02000042660000000002098200000000000C000300C6469D049FABE8039200000000260327130544010400000000140400000000150400000000160400000000170200002A020000300140310113DD7E
2026-03-27 13:06:16 - msg_id_0200 ==> 7E02000042660000000002098D00000000000C000300C6469A049FABE8039200000000260327130615010400000000140400000000150400000000160400000000170200002A020000300140310114807E
2026-03-27 13:06:47 - msg_id_0200 ==> 7E02000042660000000002099800000000000C000300C6469E049FABE8039100000000260327130646010400000000140400000000150400000000160400000000170200002A020000300140310114C17E
2026-03-27 13:07:18 - msg_id_0200 ==> 7E0200004266000000000209A300000000000C000300C646A6049FABE8039100000000260327130717010400000000140400000000150400000000160400000000170200002A02000030013D310112E97E
2026-03-27 13:07:49 - msg_id_0200 ==> 7E0200004266000000000209AE00000000000C000300C646A8049FABF0039100000000260327130748010400000000140400000000150400000000160400000000170200002A020000300140310115D77E
2026-03-27 13:08:20 - msg_id_0200 ==> 7E0200004266000000000209B900000000000C000300C646A7049FABF0039100000000260327130819010400000000140400000000150400000000160400000000170200002A020000300140310115917E
2026-03-27 13:08:51 - msg_id_0200 ==> 7E0200004266000000000209C400000000000C000300C646AE049FABE8039000000000260327130850010400000000140400000000150400000000160400000000170200002A02000030013D310115C87E
2026-03-27 13:09:23 - msg_id_0200 ==> 7E0200004266000000000209CF00000000000C000300C646BF049FABE8039000000000260327130921010400000000140400000000150400000000160400000000170200002A02000030013D310115A27E
2026-03-27 13:09:53 - msg_id_0200 ==> 7E0200004266000000000209DA00000000000C000300C646C5049FABF0039000000000260327130952010400000000140400000000150400000000160400000000170200002A02000030013D310116A57E
2026-03-27 13:10:24 - msg_id_0200 ==> 7E0200004266000000000209E500000000000C000300C646C8049FABF0039000000000260327131023010400000000140400000000150400000000160400000000170200002A02000030013D310115FC7E
2026-03-27 13:10:55 - msg_id_0200 ==> 7E0200004266000000000209F000000000000C000300C646D3049FABE8039000040000260327131054010400000000140400000000150400000000160400000000170200002A02000030013D310115997E
2026-03-27 13:11:26 - msg_id_0200 ==> 7E0200004266000000000209FB00000000000C000300C646EF049FABF0039000000000260327131125010400000000140400000000150400000000160400000000170200002A020000300140310114BE7E
2026-03-27 13:11:57 - msg_id_0200 ==> 7E020000426600000000020A0600000000000C000300C646F6049FABF8038F00000000260327131156010400000000140400000000150400000000160400000000170200002A0200003001403101133A7E
2026-03-27 13:12:28 - msg_id_0200 ==> 7E020000426600000000020A1100000000000C000300C64702049FAC00038F00000000260327131227010400000000140400000000150400000000160400000000170200002A020000300140310113557E
2026-03-27 13:12:59 - msg_id_0200 ==> 7E020000426600000000020A1C00000000000C000300C64704049FAC08038E00000000260327131258010400000000140400000000150400000000160400000000170200002A020000300140310113287E
2026-03-27 13:13:30 - msg_id_0200 ==> 7E020000426600000000020A2700000000000C000300C64704049FAC08038E00000000260327131329010400000000140400000000150400000000160400000000170200002A020000300140310113637E
2026-03-27 13:14:01 - msg_id_0200 ==> 7E020000426600000000020A3200000000000C000300C64705049FAC08038D00000000260327131400010400000000140400000000150400000000160400000000170200002A0200003001403101145D7E
2026-03-27 13:14:32 - msg_id_0200 ==> 7E020000426600000000020A3D00000000000C000300C6470C049FAC08038C00000000260327131431010400000000140400000000150400000000160400000000170200002A0200003001403101126D7E
2026-03-27 13:15:03 - msg_id_0200 ==> 7E020000426600000000020A4800000000000C000300C64711049FAC08038C00000000260327131502010400000000140400000000150400000000160400000000170200002A020000300150310111247E
2026-03-27 13:15:34 - msg_id_0200 ==> 7E020000426600000000020A5300000000000C000300C64715049FAC10038C00000000260327131533010400000000140400000000150400000000160400000000170200002A020000300150310113107E
2026-03-27 13:16:05 - msg_id_0200 ==> 7E020000426600000000020A5E00000000000C000300C6471A049FAC10038C00000000260327131604010400000000140400000000150400000000160400000000170200002A020000300150310113267E
2026-03-27 13:16:36 - msg_id_0200 ==> 7E020000426600000000020A6900000000000C000300C64722049FAC10038C00000000260327131635010400000000140400000000150400000000160400000000170200002A020000300150310113187E
2026-03-27 13:17:07 - msg_id_0200 ==> 7E020000426600000000020A7400000000000C000300C64725049FAC10038C00000000260327131706010400000000140400000000150400000000160400000000170200002A020000300150310112317E
2026-03-27 13:17:37 - msg_id_0200 ==> 7E020000426600000000020A7F00000100000C000300C64724049FAC10038C00000000260327131736010400000000140400000000150400000000160400000000170200002A0200003001503101130B7E
2026-03-27 13:17:42 - msg_id_0200 ==> 7E020000426600000000020A8200000000000C000300C64724049FAC10038C00000000260327131741010400000000140400000000150400000000160400000000170200002A020000300150310112817E
2026-03-27 13:18:13 - msg_id_0200 ==> 7E020000426600000000020A8D00000000000C000300C64728049FAC10038C00000000260327131812010400000000140400000000150400000000160400000000170200002A020000300150310112DE7E
2026-03-27 13:18:44 - msg_id_0200 ==> 7E020000426600000000020A9800000000000C000300C6472D049FAC10038C00000000260327131843010400000000140400000000150400000000160400000000170200002A0200003001503101139E7E
2026-03-27 13:19:15 - msg_id_0200 ==> 7E020000426600000000020AA300000000000C000300C6472F049FAC18038C00000000260327131914010400000000140400000000150400000000160400000000170200002A020000300150310114FE7E
2026-03-27 13:19:46 - msg_id_0200 ==> 7E020000426600000000020AAE00000000000C000300C6472D049FAC18038C00000000260327131945010400000000140400000000150400000000160400000000170200002A020000300150310115A17E
2026-03-27 13:20:17 - msg_id_0200 ==> 7E020000426600000000020AB900000000000C000300C6472D049FAC18038D00000000260327132016010400000000140400000000150400000000160400000000170200002A020000300150310116DE7E
2026-03-27 13:20:48 - msg_id_0200 ==> 7E020000426600000000020AC400000000000C000300C6472C049FAC18038D00000000260327132047010400000000140400000000150400000000160400000000170200002A020000300150310116F37E
2026-03-27 13:21:19 - msg_id_0200 ==> 7E020000426600000000020ACF00000000000C000300C6472C049FAC20038D00000000260327132118010400000000140400000000150400000000160400000000170200002A0200003001503101169E7E
2026-03-27 13:21:50 - msg_id_0200 ==> 7E020000426600000000020ADA00000000000C000300C6472C049FAC20038C00000000260327132149010400000000140400000000150400000000160400000000170200002A020000300150310116DB7E
2026-03-27 13:22:21 - msg_id_0200 ==> 7E020000426600000000020AE500000000000C000300C6472C049FAC20038C00000000260327132220010400000000140400000000150400000000160400000000170200002A0200003001503101158D7E
2026-03-27 13:22:52 - msg_id_0200 ==> 7E020000426600000000020AF000000000000C000300C64732049FAC28038C00000000260327132251010400000000140400000000150400000000160400000000170200002A020000300150310114FE7E
2026-03-27 13:23:23 - msg_id_0200 ==> 7E020000426600000000020AFB00000000000C000300C64735049FAC28038C00000000260327132322010400000000140400000000150400000000160400000000170200002A020000300150310113877E
2026-03-27 13:23:54 - msg_id_0200 ==> 7E020000426600000000020B0600000000000C000300C64738049FAC30038C00000000260327132353010400000000140400000000150400000000160400000000170200002A0200003001503101121E7E
2026-03-27 13:24:25 - msg_id_0200 ==> 7E020000426600000000020B1100000000000C000300C64739049FAC30038C00000000260327132424010400000000140400000000150400000000160400000000170200002A0200003001503101147D027E
2026-03-27 13:24:56 - msg_id_0200 ==> 7E020000426600000000020B1C00000000000C000300C64736049FAC28038C00000000260327132455010400000000140400000000150400000000160400000000170200002A020000300150310112137E
2026-03-27 13:25:27 - msg_id_0200 ==> 7E020000426600000000020B2700000000000C000300C64735049FAC28038C00000000260327132526010400000000140400000000150400000000160400000000170200002A020000300150310113587E
2026-03-27 13:25:58 - msg_id_0200 ==> 7E020000426600000000020B3200000000000C000300C64733049FAC28038C00000000260327132557010400000000140400000000150400000000160400000000170200002A0200003001503101143D7E
2026-03-27 13:26:29 - msg_id_0200 ==> 7E020000426600000000020B3D00000000000C000300C64730049FAC28038C00000000260327132628010400000000140400000000150400000000160400000000170200002A0200003001503101144D7E
2026-03-27 13:27:00 - msg_id_0200 ==> 7E020000426600000000020B4800000000000C000300C6472E049FAC28038C00000000260327132659010400000000140400000000150400000000160400000000170200002A020000300150310114577E
2026-03-27 13:27:31 - msg_id_0200 ==> 7E020000426600000000020B5300000000000C000300C6472D049FAC28038C00000000260327132730010400000000140400000000150400000000160400000000170200002A020000300150310114277E
2026-03-27 13:28:02 - msg_id_0200 ==> 7E020000426600000000020B5E00000000000C000300C6472C049FAC28038C00000000260327132801010400000000140400000000150400000000160400000000170200002A020000300153310113117E
2026-03-27 13:28:33 - msg_id_0200 ==> 7E020000426600000000020B6900000000000C000300C6472B049FAC28038C00000000260327132832010400000000140400000000150400000000160400000000170200002A020000300150310113117E
2026-03-27 13:29:04 - msg_id_0200 ==> 7E020000426600000000020B7400000000000C000300C64723049FAC20038B00000000260327132903010400000000140400000000150400000000160400000000170200002A02000030014D310114217E
2026-03-27 13:29:35 - msg_id_0200 ==> 7E020000426600000000020B7F00000100000C000300C64720049FAC18038A00000000260327132934010400000000140400000000150400000000160400000000170200002A0200003001503101153A7E
2026-03-27 13:29:40 - msg_id_0200 ==> 7E020000426600000000020B8200000000000C000300C64721049FAC18038A00000000260327132939010400000000140400000000150400000000160400000000170200002A020000300150310114CB7E
2026-03-27 13:30:11 - msg_id_0200 ==> 7E020000426600000000020B8D00000000000C000300C64724049FAC18038A00080000260327133010010400000000140400000000150400000000160400000000170200002A020000300150310114F97E
2026-03-27 13:30:42 - msg_id_0200 ==> 7E020000426600000000020B9800000000000C000300C64724049FAC18038A00000000260327133041010400000000140400000000150400000000160400000000170200002A020000300150310114B57E
2026-03-27 13:31:13 - msg_id_0200 ==> 7E020000426600000000020BA300000000000C000300C64724049FAC18038A00000000260327133112010400000000140400000000150400000000160400000000170200002A020000300150310114DC7E
2026-03-27 13:31:44 - msg_id_0200 ==> 7E020000426600000000020BAE00000000000C000300C64722049FAC18038B00000000260327133143010400000000140400000000150400000000160400000000170200002A020000300150310114877E
2026-03-27 13:32:15 - msg_id_0200 ==> 7E020000426600000000020BB900000000000C000300C64728049FAC20038A00000000260327133214010400000000140400000000150400000000160400000000170200002A02000030014D310114EA7E
2026-03-27 13:32:46 - msg_id_0200 ==> 7E020000426600000000020BC400000000000C000300C6472C049FAC20038B00000000260327133245010400000000140400000000150400000000160400000000170200002A020000300150310113D97E
2026-03-27 13:33:17 - msg_id_0200 ==> 7E020000426600000000020BCF00000000000C000300C6473A049FAC28038B00000000260327133316010400000000140400000000150400000000160400000000170200002A0200003001503101129F7E
2026-03-27 13:33:48 - msg_id_0200 ==> 7E020000426600000000020BDA00000000000C000300C6474F049FAC38038C00000000260327133347010400000000140400000000150400000000160400000000170200002A020000300150310112B97E
2026-03-27 13:34:19 - msg_id_0200 ==> 7E020000426600000000020BE500000000000C000300C6475B049FAC40038C00000000260327133418010400000000140400000000150400000000160400000000170200002A020000300150310114B47E
2026-03-27 13:34:50 - msg_id_0200 ==> 7E020000426600000000020BF000000000000C000300C64760049FAC40038C00000000260327133449010400000000140400000000150400000000160400000000170200002A020000300150310113CC7E
2026-03-27 13:35:21 - msg_id_0200 ==> 7E020000426600000000020BFB00000000000C000300C64764049FAC48038B00000000260327133520010400000000140400000000150400000000160400000000170200002A020000300150310113A47E
2026-03-27 13:35:52 - msg_id_0200 ==> 7E020000426600000000020C0600000000000C000300C64766049FAC48038B00000000260327133551010400000000140400000000150400000000160400000000170200002A0200003001503101142A7E
2026-03-27 13:36:23 - msg_id_0200 ==> 7E020000426600000000020C1100000000000C000300C64768049FAC48038B00000000260327133622010400000000140400000000150400000000160400000000170200002A020000300150310114437E
2026-03-27 13:36:54 - msg_id_0200 ==> 7E020000426600000000020C1C00000000000C000300C6476A049FAC48038C00000000260327133653010400000000140400000000150400000000160400000000170200002A0200003001503101143A7E
2026-03-27 13:37:25 - msg_id_0200 ==> 7E020000426600000000020C2700000000000C000300C6476A049FAC48038C00000000260327133724010400000000140400000000150400000000160400000000170200002A020000300150310114777E
2026-03-27 13:37:56 - msg_id_0200 ==> 7E020000426600000000020C3200000000000C000300C6476B049FAC48038C00000000260327133755010400000000140400000000150400000000160400000000170200002A020000300150310114127E
2026-03-27 13:38:27 - msg_id_0200 ==> 7E020000426600000000020C3D00000000000C000300C64768049FAC48038C00000000260327133826010400000000140400000000150400000000160400000000170200002A020000300150310114627E
2026-03-27 13:38:58 - msg_id_0200 ==> 7E020000426600000000020C4800000000000C000300C64767049FAC48038C00000000260327133857010400000000140400000000150400000000160400000000170200002A020000300150310114697E
2026-03-27 13:39:29 - msg_id_0200 ==> 7E020000426600000000020C5300000000000C000300C64766049FAC48038C00000000260327133928010400000000140400000000150400000000160400000000170200002A0200003001503101150C7E
2026-03-27 13:40:00 - msg_id_0200 ==> 7E020000426600000000020C5E00000000000C000300C64763049FAC48038C00000000260327133959010400000000140400000000150400000000160400000000170200002A020000300150310115757E
2026-03-27 13:40:31 - msg_id_0200 ==> 7E020000426600000000020C6900000000000C000300C64760049FAC48038C00000000260327134030010400000000140400000000150400000000160400000000170200002A020000300150310114507E
2026-03-27 13:41:02 - msg_id_0200 ==> 7E020000426600000000020C7400000000000C000300C6475C049FAC48038C00000000260327134101010400000000140400000000150400000000160400000000170200002A020000300150310115407E
2026-03-27 13:41:33 - msg_id_0200 ==> 7E020000426600000000020C7F00000100000C000300C64759049FAC48038C00000000260327134132010400000000140400000000150400000000160400000000170200002A0200003001503101137A7E
2026-03-27 13:41:38 - msg_id_0200 ==> 7E020000426600000000020C8200000000000C000300C64759049FAC48038C00000000260327134137010400000000140400000000150400000000160400000000170200002A020000300150310113837E
2026-03-27 13:42:09 - msg_id_0200 ==> 7E020000426600000000020C8D00000000000C000300C64759049FAC48038C00000000260327134208010400000000140400000000150400000000160400000000170200002A020000300150310115B67E
2026-03-27 13:42:40 - msg_id_0200 ==> 7E020000426600000000020C9800000000000C000300C64757049FAC48038C00000000260327134239010400000000140400000000150400000000160400000000170200002A0200003001503101159C7E
2026-03-27 13:43:11 - msg_id_0200 ==> 7E020000426600000000020CA300000000000C000300C64755049FAC48038C00000000260327134310010400000000140400000000150400000000160400000000170200002A0200003001503101158D7E
2026-03-27 13:43:42 - msg_id_0200 ==> 7E020000426600000000020CAE00000000000C000300C64750049FAC48038C00000000260327134341010400000000140400000000150400000000160400000000170200002A020000300150310114D57E
2026-03-27 13:44:13 - msg_id_0200 ==> 7E020000426600000000020CB900000000000C000300C6474E049FAC48038C00000000260327134412010400000000140400000000150400000000160400000000170200002A020000300150310115897E
2026-03-27 13:44:44 - msg_id_0200 ==> 7E020000426600000000020CC400000000000C000300C6474B049FAC48038D00000000260327134443010400000000140400000000150400000000160400000000170200002A020000300150310115A17E
2026-03-27 13:45:15 - msg_id_0200 ==> 7E020000426600000000020CCF00000000000C000300C6474A049FAC40038D00000000260327134514010400000000140400000000150400000000160400000000170200002A020000300150310115F57E
2026-03-27 13:45:46 - msg_id_0200 ==> 7E020000426600000000020CDA00000000000C000300C64747049FAC40038C00000000260327134545010400000000140400000000150400000000160400000000170200002A020000300150310115BD7E
2026-03-27 13:46:17 - msg_id_0200 ==> 7E020000426600000000020CE500000000000C000300C64746049FAC40038C00000000260327134616010400000000140400000000150400000000160400000000170200002A020000300150310114D27E
2026-03-27 13:46:48 - msg_id_0200 ==> 7E020000426600000000020CF000000000000C000300C64745049FAC40038C00000000260327134647010400000000140400000000150400000000160400000000170200002A020000300140310114857E
2026-03-27 13:47:19 - msg_id_0200 ==> 7E020000426600000000020CFB00000000000C000300C64745049FAC38038C00000000260327134718010400000000140400000000150400000000160400000000170200002A02000030013A310115D37E
2026-03-27 13:47:50 - msg_id_0200 ==> 7E020000426600000000020D0600000000000C000300C64745049FAC38038D00000000260327134749010400000000140400000000150400000000160400000000170200002A020000300140310113037E
2026-03-27 13:48:21 - msg_id_0200 ==> 7E020000426600000000020D1100000000000C000300C64745049FAC38038D00000000260327134820010400000000140400000000150400000000160400000000170200002A020000300140310115747E
2026-03-27 13:48:52 - msg_id_0200 ==> 7E020000426600000000020D1C00000000000C000300C64745049FAC38038D00000000260327134851010400000000140400000000150400000000160400000000170200002A0200003001403101130E7E
2026-03-27 13:49:23 - msg_id_0200 ==> 7E020000426600000000020D2700000000000C000300C64747049FAC38038D00000000260327134922010400000000140400000000150400000000160400000000170200002A020000300140310112447E
2026-03-27 13:49:54 - msg_id_0200 ==> 7E020000426600000000020D3200000000000C000300C64747049FAC38038D00000000260327134953010400000000140400000000150400000000160400000000170200002A020000300140310115277E
2026-03-27 13:50:25 - msg_id_0200 ==> 7E020000426600000000020D3D00000000000C000300C6474A049FAC38038D00000000260327135024010400000000140400000000150400000000160400000000170200002A020000300140310116487E
2026-03-27 13:50:56 - msg_id_0200 ==> 7E020000426600000000020D4800000000000C000300C64748049FAC38038D00000000260327135055010400000000140400000000150400000000160400000000170200002A02000030013D310116337E
2026-03-27 13:51:27 - msg_id_0200 ==> 7E020000426600000000020D5300000000000C000300C64745049FAC38038D00000000260327135126010400000000140400000000150400000000160400000000170200002A02000030013D310115547E
2026-03-27 13:51:58 - msg_id_0200 ==> 7E020000426600000000020D5E00000000000C000300C64745049FAC38038D00000000260327135157010400000000140400000000150400000000160400000000170200002A02000030013D310115287E
2026-03-27 13:52:29 - msg_id_0200 ==> 7E020000426600000000020D6900000000000C000300C64747049FAC38038D00000000260327135228010400000000140400000000150400000000160400000000170200002A02000030013D310114607E
2026-03-27 13:53:00 - msg_id_0200 ==> 7E020000426600000000020D7400000000000C000300C64747049FAC30038D00000000260327135259010400000000140400000000150400000000160400000000170200002A0200003001403101177A7E
2026-03-27 13:53:30 - msg_id_0200 ==> 7E020000426600000000020D7F00000100000C000300C64749049FAC30038D00000000260327135329010400000000140400000000150400000000160400000000170200002A02000030013D3101187D017E
2026-03-27 13:53:35 - msg_id_0200 ==> 7E020000426600000000020D8200000000000C000300C64749049FAC30038D00000000260327135334010400000000140400000000150400000000160400000000170200002A020000300140310117EE7E
2026-03-27 13:54:06 - msg_id_0200 ==> 7E020000426600000000020D8D00000000000C000300C64747049FAC30038D00000000260327135405010400000000140400000000150400000000160400000000170200002A020000300150310116C87E
2026-03-27 13:54:37 - msg_id_0200 ==> 7E020000426600000000020D9800000000000C000300C64746049FAC38038D00000000260327135436010400000000140400000000150400000000160400000000170200002A020000300150310118E97E
2026-03-27 13:55:08 - msg_id_0200 ==> 7E020000426600000000020DA300000000000C000300C64745049FAC38038D00000000260327135507010400000000140400000000150400000000160400000000170200002A020000300150310117EE7E
2026-03-27 13:55:39 - msg_id_0200 ==> 7E020000426600000000020DAE00000000000C000300C64743049FAC38038D00000000260327135538010400000000140400000000150400000000160400000000170200002A020000300150310114D97E
2026-03-27 13:56:10 - msg_id_0200 ==> 7E020000426600000000020DB900000000000C000300C64745049FAC38038D00000000260327135609010400000000140400000000150400000000160400000000170200002A020000300150310114FA7E
2026-03-27 13:56:41 - msg_id_0200 ==> 7E020000426600000000020DC400000000000C000300C64745049FAC38038D00000000260327135640010400000000140400000000150400000000160400000000170200002A020000300150310111CB7E
2026-03-27 13:57:12 - msg_id_0200 ==> 7E020000426600000000020DCF00000000000C000300C6474A049FAC38038D00000000260327135711010400000000140400000000150400000000160400000000170200002A0200003001503101139D7E
2026-03-27 13:57:43 - msg_id_0200 ==> 7E020000426600000000020DDA00000000000C000300C64749049FAC38038D00000000260327135742010400000000140400000000150400000000160400000000170200002A020000300150310112D97E
2026-03-27 13:58:14 - msg_id_0200 ==> 7E020000426600000000020DE500000000000C000300C6474B049FAC38038D00000000260327135813010400000000140400000000150400000000160400000000170200002A020000300150310114BC7E
2026-03-27 13:58:45 - msg_id_0200 ==> 7E020000426600000000020DF000000000000C000300C6474E049FAC38038D00000000260327135844010400000000140400000000150400000000160400000000170200002A020000300150310112FD7E
2026-03-27 13:59:16 - msg_id_0200 ==> 7E020000426600000000020DFB00000000000C000300C64750049FAC38038D00000000260327135915010400000000140400000000150400000000160400000000170200002A020000300150310115BF7E
2026-03-27 13:59:47 - msg_id_0200 ==> 7E020000426600000000020E0600000000000C000300C64752049FAC38038D00000000260327135946010400000000140400000000150400000000160400000000170200002A020000300150310116137E
2026-03-27 14:00:18 - msg_id_0200 ==> 7E020000426600000000020E1100000000000C000300C64754049FAC30038D00000000260327140017010400000000140400000000150400000000160400000000170200002A020000300150310116057E
2026-03-27 14:00:49 - msg_id_0200 ==> 7E020000426600000000020E1C00000000000C000300C64754049FAC30038D00000000260327140048010400000000140400000000150400000000160400000000170200002A020000300150310115547E
2026-03-27 14:01:20 - msg_id_0200 ==> 7E020000426600000000020E2700000000000C000300C64754049FAC30038D00000000260327140119010400000000140400000000150400000000160400000000170200002A0200003001503101143E7E
2026-03-27 14:01:51 - msg_id_0200 ==> 7E020000426600000000020E3200000000000C000300C64754049FAC30038D00000000260327140150010400000000140400000000150400000000160400000000170200002A020000300150310114627E
2026-03-27 14:02:22 - msg_id_0200 ==> 7E020000426600000000020E3D00000000000C000300C64753049FAC30038D00000000260327140221010400000000140400000000150400000000160400000000170200002A0200003001503101161A7E
2026-03-27 14:02:53 - msg_id_0200 ==> 7E020000426600000000020E4800000000000C000300C6474F049FAC30038D00000000260327140252010400000000140400000000150400000000160400000000170200002A020000300150310116007E
2026-03-27 14:03:24 - msg_id_0200 ==> 7E020000426600000000020E5300000000000C000300C64749049FAC30038D00000000260327140323010400000000140400000000150400000000160400000000170200002A0200003001503101166D7E
2026-03-27 14:03:55 - msg_id_0200 ==> 7E020000426600000000020E5E00000000000C000300C64748049FAC38038C00000000260327140354010400000000140400000000150400000000160400000000170200002A0200003001503101161F7E
2026-03-27 14:04:26 - msg_id_0200 ==> 7E020000426600000000020E6900000000000C000300C6474B049FAC38038C00000000260327140425010400000000140400000000150400000000160400000000170200002A0200003001503101155E7E
2026-03-27 14:04:57 - msg_id_0200 ==> 7E020000426600000000020E7400000000000C000300C6474B049FAC38038C00000000260327140456010400000000140400000000150400000000160400000000170200002A020000300150310114317E
2026-03-27 14:05:28 - msg_id_0200 ==> 7E020000426600000000020E7F00000100000C000300C6474B049FAC40038C00000000260327140527010400000000140400000000150400000000160400000000170200002A020000300150310116317E
2026-03-27 14:05:33 - msg_id_0200 ==> 7E020000426600000000020E8200000000000C000300C6474A049FAC40038C00000000260327140532010400000000140400000000150400000000160400000000170200002A020000300150310116D97E
2026-03-27 14:06:04 - msg_id_0200 ==> 7E020000426600000000020E8D00000000000C000300C6474B049FAC48038C00000000260327140603010400000000140400000000150400000000160400000000170200002A020000300150310116ED7E
2026-03-27 14:06:35 - msg_id_0200 ==> 7E020000426600000000020E9800000000000C000300C6474C049FAC48038C00000000260327140634010400000000140400000000150400000000160400000000170200002A020000300150310115CB7E
2026-03-27 14:07:06 - msg_id_0200 ==> 7E020000426600000000020EA300000000000C000300C6474B049FAC48038D00000000260327140705010400000000140400000000150400000000160400000000170200002A020000300150310116C57E
2026-03-27 14:07:37 - msg_id_0200 ==> 7E020000426600000000020EAE00000000000C000300C6474D049FAC50038D00000000260327140736010400000000140400000000150400000000160400000000170200002A020000300150310116E57E
2026-03-27 14:08:08 - msg_id_0200 ==> 7E020000426600000000020EB900000000000C000300C6474C049FAC50038D00000000260327140807010400000000140400000000150400000000160400000000170200002A020000300153310116CE7E
2026-03-27 14:08:39 - msg_id_0200 ==> 7E020000426600000000020EC400000000000C000300C6474F049FAC58038D00000000260327140838010400000000140400000000150400000000160400000000170200002A020000300150310116847E
2026-03-27 14:09:10 - msg_id_0200 ==> 7E020000426600000000020ECF00000000000C000300C64750049FAC58038D00000000260327140909010400000000140400000000150400000000160400000000170200002A020000300150310116A07E
2026-03-27 14:09:41 - msg_id_0200 ==> 7E020000426600000000020EDA00000000000C000300C64750049FAC58038D00000000260327140940010400000000140400000000150400000000160400000000170200002A020000300150310116FC7E
2026-03-27 14:10:12 - msg_id_0200 ==> 7E020000426600000000020EE500000000000C000300C64751049FAC58038D00000000260327141011010400000000140400000000150400000000160400000000170200002A0200003001503101138F7E
2026-03-27 14:10:43 - msg_id_0200 ==> 7E020000426600000000020EF000000000000C000300C64751049FAC58038D00000000260327141042010400000000140400000000150400000000160400000000170200002A02000030014D310113D47E
2026-03-27 14:11:14 - msg_id_0200 ==> 7E020000426600000000020EFB00000000000C000300C6474F049FAC58038C00000000260327141113010400000000140400000000150400000000160400000000170200002A0200003001503101138D7E
2026-03-27 14:11:45 - msg_id_0200 ==> 7E020000426600000000020F0600000000000C000300C6474C049FAC58038C00000000260327141144010400000000140400000000150400000000160400000000170200002A02000030014D310112397E
2026-03-27 14:12:16 - msg_id_0200 ==> 7E020000426600000000020F1100000000000C000300C6474D049FAC58038C00000000260327141215010400000000140400000000150400000000160400000000170200002A02000030014D3101137C7E
2026-03-27 14:12:47 - msg_id_0200 ==> 7E020000426600000000020F1C00000000000C000300C6474E049FAC58038C00000000260327141246010400000000140400000000150400000000160400000000170200002A0200003001503101133C7E
2026-03-27 14:13:18 - msg_id_0200 ==> 7E020000426600000000020F2700000000000C000300C6474C049FAC58038C00000000260327141317010400000000140400000000150400000000160400000000170200002A02000030014D3101154E7E
2026-03-27 14:13:49 - msg_id_0200 ==> 7E020000426600000000020F3200000000000C000300C6474D049FAC60038C00000000260327141348010400000000140400000000150400000000160400000000170200002A02000030013D3101154D7E
2026-03-27 14:14:20 - msg_id_0200 ==> 7E020000426600000000020F3D00000000000C000300C6474D049FAC60038C00000000260327141419010400000000140400000000150400000000160400000000170200002A02000030013D310115147E
2026-03-27 14:14:51 - msg_id_0200 ==> 7E020000426600000000020F4800000000000C000300C6474C049FAC60038C00000000260327141450010400000000140400000000150400000000160400000000170200002A02000030013A3101152E7E
2026-03-27 14:15:22 - msg_id_0200 ==> 7E020000426600000000020F5300000000000C000300C6474B049FAC58038C00000000260327141521010400000000140400000000150400000000160400000000170200002A02000030013D3101147C7E
2026-03-27 14:15:53 - msg_id_0200 ==> 7E020000426600000000020F5E00000000000C000300C6474B049FAC58038C00000000260327141552010400000000140400000000150400000000160400000000170200002A02000030013A310116077E
2026-03-27 14:16:24 - msg_id_0200 ==> 7E020000426600000000020F6900000000000C000300C6474B049FAC58038C00000000260327141623010400000000140400000000150400000000160400000000170200002A02000030013D310114477E
2026-03-27 14:16:55 - msg_id_0200 ==> 7E020000426600000000020F7400000000000C000300C6474C049FAC58038C00000000260327141654010400000000140400000000150400000000160400000000170200002A02000030013A3101162F7E
2026-03-27 14:17:25 - msg_id_0200 ==> 7E020000426600000000020F7F00000100000C000300C6474D049FAC58038C00000000260327141724010400000000140400000000150400000000160400000000170200002A02000030013A310116557E
2026-03-27 14:17:30 - msg_id_0200 ==> 7E020000426600000000020F8200000000000C000300C6474D049FAC58038C00000000260327141729010400000000140400000000150400000000160400000000170200002A02000030013A310116A47E
2026-03-27 14:18:01 - msg_id_0200 ==> 7E020000426600000000020F8D00000000000C000300C6474B049FAC58038D00000000260327141800010400000000140400000000150400000000160400000000170200002A02000030013A310114887E
2026-03-27 14:18:32 - msg_id_0200 ==> 7E020000426600000000020F9800000000000C000300C6474B049FAC58038D00000000260327141831010400000000140400000000150400000000160400000000170200002A02000030013A310115AD7E
2026-03-27 14:19:03 - msg_id_0200 ==> 7E020000426600000000020FA300000000000C000300C6474C049FAC58038D00000000260327141902010400000000140400000000150400000000160400000000170200002A02000030013A310114A27E
2026-03-27 14:19:34 - msg_id_0200 ==> 7E020000426600000000020FAE00000000000C000300C6474C049FAC58038D00000000260327141933010400000000140400000000150400000000160400000000170200002A02000030013D3101169B7E
2026-03-27 14:20:05 - msg_id_0200 ==> 7E020000426600000000020FB900000000000C000300C6474D049FAC58038D00000000260327142004010400000000140400000000150400000000160400000000170200002A02000030013D310115807E
2026-03-27 14:20:36 - msg_id_0200 ==> 7E020000426600000000020FC400000000000C000300C64749049FAC58038D00000000260327142035010400000000140400000000150400000000160400000000170200002A02000030013D310116CB7E
2026-03-27 14:21:07 - msg_id_0200 ==> 7E020000426600000000020FCF00000000000C000300C64742049FAC50038D00000000260327142106010400000000140400000000150400000000160400000000170200002A02000030013D310115F27E
2026-03-27 14:21:38 - msg_id_0200 ==> 7E020000426600000000020FDA00000000000C000300C64742049FAC50038C00000000260327142137010400000000140400000000150400000000160400000000170200002A02000030013D310115D77E
2026-03-27 14:22:09 - msg_id_0200 ==> 7E020000426600000000020FE500000000000C000300C64743049FAC50038C00000000260327142208010400000000140400000000150400000000160400000000170200002A02000030013A310115D27E
2026-03-27 14:22:40 - msg_id_0200 ==> 7E020000426600000000020FF000000000000C000300C64745049FAC50038C00000000260327142239010400000000140400000000150400000000160400000000170200002A02000030013A310115F07E
2026-03-27 14:23:11 - msg_id_0200 ==> 7E020000426600000000020FFB00000000000C000300C64743049FAC48038C00000000260327142310010400000000140400000000150400000000160400000000170200002A02000030013D310115CA7E
2026-03-27 14:23:42 - msg_id_0200 ==> 7E02000042660000000002100600000000000C000300C64742049FAC48038C00000000260327142341010400000000140400000000150400000000160400000000170200002A02000030013A3101147D027E
2026-03-27 14:24:13 - msg_id_0200 ==> 7E02000042660000000002101100000000000C000300C64742049FAC50038C00000000260327142412010400000000140400000000150400000000160400000000170200002A02000030013D310117217E
2026-03-27 14:24:44 - msg_id_0200 ==> 7E02000042660000000002101C00000000000C000300C64742049FAC50038C00000000260327142443010400000000140400000000150400000000160400000000170200002A02000030013A310115787E
2026-03-27 14:25:15 - msg_id_0200 ==> 7E02000042660000000002102700000000000C000300C64741049FAC58038C00000000260327142514010400000000140400000000150400000000160400000000170200002A02000030013D310115197E
2026-03-27 14:25:46 - msg_id_0200 ==> 7E02000042660000000002103200000000000C000300C64741049FAC58038C00000000260327142545010400000000140400000000150400000000160400000000170200002A02000030013D3101145C7E
2026-03-27 14:26:17 - msg_id_0200 ==> 7E02000042660000000002103D00000000000C000300C6473F049FAC58038C00000000260327142616010400000000140400000000150400000000160400000000170200002A02000030013A3101147A7E
2026-03-27 14:26:48 - msg_id_0200 ==> 7E02000042660000000002104800000000000C000300C64740049FAC58038C00000000260327142647010400000000140400000000150400000000160400000000170200002A02000030013A310116237E
2026-03-27 14:27:19 - msg_id_0200 ==> 7E02000042660000000002105300000000000C000300C64741049FAC58038C00000000260327142718010400000000140400000000150400000000160400000000170200002A02000030014D310115137E
2026-03-27 14:27:50 - msg_id_0200 ==> 7E02000042660000000002105E00000000000C000300C6473F049FAC58038C00000000260327142749010400000000140400000000150400000000160400000000170200002A02000030014D310116327E
2026-03-27 14:28:21 - msg_id_0200 ==> 7E02000042660000000002106900000000000C000300C6473D049FAC58038C00000000260327142820010400000000140400000000150400000000160400000000170200002A0200003001503101167C7E
2026-03-27 14:28:52 - msg_id_0200 ==> 7E02000042660000000002107400000000000C000300C64739049FAC58038C00000000260327142851010400000000140400000000150400000000160400000000170200002A02000030014D310117087E
2026-03-27 14:29:23 - msg_id_0200 ==> 7E02000042660000000002107F00000100000C000300C64737049FAC58038C00000000260327142922010400000000140400000000150400000000160400000000170200002A020000300150310117637E
2026-03-27 14:29:28 - msg_id_0200 ==> 7E02000042660000000002108200000000000C000300C64737049FAC58038C00000000260327142927010400000000140400000000150400000000160400000000170200002A0200003001503101169B7E
2026-03-27 14:29:59 - msg_id_0200 ==> 7E02000042660000000002108D00000000000C000300C64736049FAC58038C00000000260327142958010400000000140400000000150400000000160400000000170200002A02000030014D310115F47E
2026-03-27 14:30:30 - msg_id_0200 ==> 7E02000042660000000002109800000000000C000300C64737049FAC58038C00000000260327143029010400000000140400000000150400000000160400000000170200002A020000300150310115957E
2026-03-27 14:31:01 - msg_id_0200 ==> 7E0200004266000000000210A300000000000C000300C64738049FAC58038C00000000260327143100010400000000140400000000150400000000160400000000170200002A02000030014D310114957E
2026-03-27 14:31:32 - msg_id_0200 ==> 7E0200004266000000000210AE00000000000C000300C64737049FAC58038C00000000260327143131010400000000140400000000150400000000160400000000170200002A02000030014D310115A77E
2026-03-27 14:32:03 - msg_id_0200 ==> 7E0200004266000000000210B900000000000C000300C64738049FAC58038C00000000260327143202010400000000140400000000150400000000160400000000170200002A02000030014D3101158F7E
2026-03-27 14:32:34 - msg_id_0200 ==> 7E0200004266000000000210C400000000000C000300C64739049FAC60038C00000000260327143233010400000000140400000000150400000000160400000000170200002A02000030014D310115FA7E
2026-03-27 14:33:05 - msg_id_0200 ==> 7E0200004266000000000210CF00000000000C000300C64739049FAC60038C00000000260327143304010400000000140400000000150400000000160400000000170200002A02000030014D310113C17E
2026-03-27 14:33:36 - msg_id_0200 ==> 7E0200004266000000000210DA00000000000C000300C6473A049FAC60038C00000000260327143335010400000000140400000000150400000000160400000000170200002A02000030014D310115E07E
2026-03-27 14:34:07 - msg_id_0200 ==> 7E0200004266000000000210E500000000000C000300C64739049FAC60038C00000000260327143406010400000000140400000000150400000000160400000000170200002A02000030014D310115E87E
2026-03-27 14:34:38 - msg_id_0200 ==> 7E0200004266000000000210F000000000000C000300C6473A049FAC60038C00000000260327143437010400000000140400000000150400000000160400000000170200002A020000300150310114D37E
2026-03-27 14:35:09 - msg_id_0200 ==> 7E0200004266000000000210FB00000000000C000300C6473D049FAC60038B00000000260327143508010400000000140400000000150400000000160400000000170200002A020000300150310114E67E
2026-03-27 14:35:40 - msg_id_0200 ==> 7E02000042660000000002110600000000000C000300C6473D049FAC60038C00000000260327143539010400000000140400000000150400000000160400000000170200002A0200003001503101132B7E
2026-03-27 14:36:11 - msg_id_0200 ==> 7E02000042660000000002111100000000000C000300C6473E049FAC60038C00000000260327143610010400000000140400000000150400000000160400000000170200002A020000300150310114127E
2026-03-27 14:36:42 - msg_id_0200 ==> 7E02000042660000000002111C00000000000C000300C6473D049FAC60038B00000000260327143641010400000000140400000000150400000000160400000000170200002A02000030014D310115567E
2026-03-27 14:37:13 - msg_id_0200 ==> 7E02000042660000000002112700000000000C000300C6473D049FAC60038B00000000260327143712010400000000140400000000150400000000160400000000170200002A020000300150310115227E
2026-03-27 14:37:44 - msg_id_0200 ==> 7E02000042660000000002113200000000000C000300C6473E049FAC60038B00000000260327143743010400000000140400000000150400000000160400000000170200002A02000030014D310114797E
2026-03-27 14:38:15 - msg_id_0200 ==> 7E02000042660000000002113D00000000000C000300C64740049FAC60038B00000000260327143814010400000000140400000000150400000000160400000000170200002A02000030014D310115517E
2026-03-27 14:38:46 - msg_id_0200 ==> 7E02000042660000000002114800000000000C000300C64740049FAC60038B00000000260327143845010400000000140400000000150400000000160400000000170200002A02000030014D310114747E
2026-03-27 14:39:17 - msg_id_0200 ==> 7E02000042660000000002115300000000000C000300C64741049FAC60038B00000000260327143916010400000000140400000000150400000000160400000000170200002A02000030013D3101144C7E
2026-03-27 14:39:48 - msg_id_0200 ==> 7E02000042660000000002115E00000000000C000300C64742049FAC60038B00000000260327143947010400000000140400000000150400000000160400000000170200002A02000030013D310113147E
2026-03-27 14:40:19 - msg_id_0200 ==> 7E02000042660000000002116900000000000C000300C64744049FAC68038B00000000260327144018010400000000140400000000150400000000160400000000170200002A02000030013D3101150D7E
2026-03-27 14:40:50 - msg_id_0200 ==> 7E02000042660000000002117400000000000C000300C64744049FAC68038B00000000260327144049010400000000140400000000150400000000160400000000170200002A02000030013D310111457E
2026-03-27 14:41:21 - msg_id_0200 ==> 7E02000042660000000002117F00000100000C000300C64744049FAC68038B00000000260327144120010400000000140400000000150400000000160400000000170200002A02000030013D310115237E
2026-03-27 14:41:26 - msg_id_0200 ==> 7E02000042660000000002118200000000000C000300C64743049FAC68038B00000000260327144125010400000000140400000000150400000000160400000000170200002A02000030013D310115DD7E
2026-03-27 14:41:57 - msg_id_0200 ==> 7E02000042660000000002118D00000000000C000300C64743049FAC68038B00000000260327144156010400000000140400000000150400000000160400000000170200002A02000030013D310114A07E
2026-03-27 14:42:28 - msg_id_0200 ==> 7E02000042660000000002119800000000000C000300C64743049FAC68038B00000000260327144227010400000000140400000000150400000000160400000000170200002A02000030013D310114C77E
2026-03-27 14:42:59 - msg_id_0200 ==> 7E0200004266000000000211A300000000000C000300C64745049FAC68038B00000000260327144258010400000000140400000000150400000000160400000000170200002A02000030013D310114857E
2026-03-27 14:43:30 - msg_id_0200 ==> 7E0200004266000000000211AE00000000000C000300C64746049FAC68038B00000000260327144329010400000000140400000000150400000000160400000000170200002A02000030013D310115FA7E
2026-03-27 14:44:01 - msg_id_0200 ==> 7E0200004266000000000211B900000000000C000300C64746049FAC70038B00000000260327144400010400000000140400000000150400000000160400000000170200002A02000030013D310115DB7E
2026-03-27 14:44:32 - msg_id_0200 ==> 7E0200004266000000000211C400000000000C000300C64746049FAC68038B00000000260327144431010400000000140400000000150400000000160400000000170200002A02000030013D3101148E7E
2026-03-27 14:45:03 - msg_id_0200 ==> 7E0200004266000000000211CF00000000000C000300C64745049FAC68038B00000000260327144502010400000000140400000000150400000000160400000000170200002A02000030013D310112B27E
2026-03-27 14:45:34 - msg_id_0200 ==> 7E0200004266000000000211DA00000000000C000300C64746049FAC60038C00000037260327144533010400000000140400000000150400000000160400000000170200002A02000030013D310113AC7E
2026-03-27 14:46:05 - msg_id_0200 ==> 7E0200004266000000000211E500000000000C000300C64748049FAC60038C00000037260327144604010400000000140400000000150400000000160400000000170200002A02000030013D310115AF7E
2026-03-27 14:46:36 - msg_id_0200 ==> 7E0200004266000000000211F000000000000C000300C64748049FAC58038B00000037260327144635010400000000140400000000150400000000160400000000170200002A02000030013D310113B27E
2026-03-27 14:47:07 - msg_id_0200 ==> 7E0200004266000000000211FB00000000000C000300C64747049FAC58038B00000037260327144706010400000000140400000000150400000000160400000000170200002A02000030013D310113847E
2026-03-27 14:47:38 - msg_id_0200 ==> 7E02000042660000000002120600000000000C000300C64747049FAC60038B00000037260327144737010400000000140400000000150400000000160400000000170200002A02000030013D310113737E
2026-03-27 14:48:09 - msg_id_0200 ==> 7E02000042660000000002121100000000000C000300C64747049FAC60038B00000037260327144808010400000000140400000000150400000000160400000000170200002A02000030013D310114537E
2026-03-27 14:48:40 - msg_id_0200 ==> 7E02000042660000000002121C00000000000C000300C64746049FAC60038B00000037260327144839010400000000140400000000150400000000160400000000170200002A02000030013D3101146E7E
2026-03-27 14:49:11 - msg_id_0200 ==> 7E02000042660000000002122700000000000C000300C64746049FAC60038B00000037260327144910010400000000140400000000150400000000160400000000170200002A02000030013D3101147D017E
2026-03-27 14:49:42 - msg_id_0200 ==> 7E02000042660000000002123200000000000C000300C64746049FAC60038B00000037260327144941010400000000140400000000150400000000160400000000170200002A02000030013D310115387E
2026-03-27 14:50:13 - msg_id_0200 ==> 7E02000042660000000002123D00000000000C000300C64746049FAC60038B00000037260327145012010400000000140400000000150400000000160400000000170200002A020000300140310115007E
2026-03-27 14:50:44 - msg_id_0200 ==> 7E02000042660000000002124800000000000C000300C64746049FAC60038B00000037260327145043010400000000140400000000150400000000160400000000170200002A02000030013A310113587E
2026-03-27 14:51:15 - msg_id_0200 ==> 7E02000042660000000002125300000000000C000300C64746049FAC60038B00000037260327145114010400000000140400000000150400000000160400000000170200002A02000030013A310114127E
2026-03-27 14:51:46 - msg_id_0200 ==> 7E02000042660000000002125E00000000000C000300C64744049FAC60038A00000037260327145145010400000000140400000000150400000000160400000000170200002A02000030013A3101134A7E
2026-03-27 14:52:17 - msg_id_0200 ==> 7E02000042660000000002126900000000000C000300C64746049FAC60038A00000037260327145216010400000000140400000000150400000000160400000000170200002A02000030013D310113287E
2026-03-27 14:52:48 - msg_id_0200 ==> 7E02000042660000000002127400000000000C000300C64745049FAC60038A00000037260327145247010400000000140400000000150400000000160400000000170200002A02000030013D310115617E
2026-03-27 14:53:18 - msg_id_0200 ==> 7E02000042660000000002127F00000100000C000300C64746049FAC60038A00000037260327145317010400000000140400000000150400000000160400000000170200002A02000030013D3101133F7E
2026-03-27 14:53:23 - msg_id_0200 ==> 7E02000042660000000002128200000000000C000300C64746049FAC60038A00000037260327145322010400000000140400000000150400000000160400000000170200002A02000030013D310114F17E
2026-03-27 14:53:54 - msg_id_0200 ==> 7E02000042660000000002128D00000000000C000300C64747049FAC60038A00000037260327145353010400000000140400000000150400000000160400000000170200002A02000030013D3101158F7E
2026-03-27 14:54:25 - msg_id_0200 ==> 7E02000042660000000002129800000000000C000300C64748049FAC60038A00000037260327145424010400000000140400000000150400000000160400000000170200002A02000030013D310114E47E
2026-03-27 14:54:56 - msg_id_0200 ==> 7E0200004266000000000212A300000000000C000300C64749049FAC60038A00000037260327145455010400000000140400000000150400000000160400000000170200002A02000030013D310114AF7E
2026-03-27 14:55:27 - msg_id_0200 ==> 7E0200004266000000000212AE00000000000C000300C6474B049FAC60038A00000037260327145526010400000000140400000000150400000000160400000000170200002A02000030013D310113D57E
2026-03-27 14:55:58 - msg_id_0200 ==> 7E0200004266000000000212B900000000000C000300C64748049FAC60038A00000037260327145557010400000000140400000000150400000000160400000000170200002A02000030013D310112B17E
2026-03-27 14:56:29 - msg_id_0200 ==> 7E0200004266000000000212C400000000000C000300C64746049FAC60038A00000037260327145628010400000000140400000000150400000000160400000000170200002A02000030013D310113BF7E
2026-03-27 14:57:00 - msg_id_0200 ==> 7E0200004266000000000212CF00000000000C000300C64745049FAC60038A00000037260327145659010400000000140400000000150400000000160400000000170200002A02000030013D310114C17E
2026-03-27 14:57:31 - msg_id_0200 ==> 7E0200004266000000000212DA00000000000C000300C64745049FAC60038A00000037260327145730010400000000140400000000150400000000160400000000170200002A02000030013D310114BC7E
2026-03-27 14:58:02 - msg_id_0200 ==> 7E0200004266000000000212E500000000000C000300C64743049FAC68038A00000037260327145801010400000000140400000000150400000000160400000000170200002A02000030013D310115B27E
2026-03-27 14:58:33 - msg_id_0200 ==> 7E0200004266000000000212F000000000000C000300C64743049FAC68038A00000037260327145832010400000000140400000000150400000000160400000000170200002A02000030013D310113927E
2026-03-27 14:59:04 - msg_id_0200 ==> 7E0200004266000000000212FB00000000000C000300C64742049FAC68038A00000037260327145903010400000000140400000000150400000000160400000000170200002A02000030013D310115AE7E
2026-03-27 14:59:35 - msg_id_0200 ==> 7E02000042660000000002130600000000000C000300C64741049FAC68038A00000037260327145934010400000000140400000000150400000000160400000000170200002A02000030013D310114677E
2026-03-27 15:00:06 - msg_id_0200 ==> 7E02000042660000000002131100000000000C000300C64741049FAC68038B00000037260327150005010400000000140400000000150400000000160400000000170200002A02000030013D310114187E
2026-03-27 15:00:37 - msg_id_0200 ==> 7E02000042660000000002131C00000000000C000300C6473F049FAC68038B00000037260327150036010400000000140400000000150400000000160400000000170200002A02000030013D3101165A7E
2026-03-27 15:01:08 - msg_id_0200 ==> 7E02000042660000000002132700000000000C000300C6473E049FAC68038B00000037260327150107010400000000140400000000150400000000160400000000170200002A02000030013D310116507E
2026-03-27 15:01:39 - msg_id_0200 ==> 7E02000042660000000002133200000000000C000300C6473F049FAC68038B00000037260327150138010400000000140400000000150400000000160400000000170200002A020000300140310114047E
2026-03-27 15:02:10 - msg_id_0200 ==> 7E02000042660000000002133D00000000000C000300C64741049FAC68038B00000037260327150209010400000000140400000000150400000000160400000000170200002A020000300140310115467E
2026-03-27 15:02:41 - msg_id_0200 ==> 7E02000042660000000002134800000000000C000300C64741049FAC68038B00000037260327150240010400000000140400000000150400000000160400000000170200002A0200003001403101137C7E
2026-03-27 15:03:12 - msg_id_0200 ==> 7E02000042660000000002135300000000000C000300C64742049FAC68038B00000037260327150311010400000000140400000000150400000000160400000000170200002A020000300140310115327E
2026-03-27 15:03:43 - msg_id_0200 ==> 7E02000042660000000002135E00000000000C000300C64741049FAC68038B00000037260327150342010400000000140400000000150400000000160400000000170200002A02000030013D310115127E
2026-03-27 15:04:14 - msg_id_0200 ==> 7E02000042660000000002136900000000000C000300C64742049FAC68038B00000037260327150413010400000000140400000000150400000000160400000000170200002A02000030013D310114717E
2026-03-27 15:04:45 - msg_id_0200 ==> 7E02000042660000000002137400000000000C000300C64744049FAC68038B00000037260327150444010400000000140400000000150400000000160400000000170200002A02000030013D3101143D7E
2026-03-27 15:05:16 - msg_id_0200 ==> 7E02000042660000000002137F00000100000C000300C64745049FAC68038B00000037260327150515010400000000140400000000150400000000160400000000170200002A02000030013A310113667E
2026-03-27 15:05:21 - msg_id_0200 ==> 7E02000042660000000002138200000000000C000300C64746049FAC68038B00000037260327150520010400000000140400000000150400000000160400000000170200002A02000030013A310114AB7E
2026-03-27 15:05:52 - msg_id_0200 ==> 7E02000042660000000002138D00000000000C000300C64746049FAC68038B00000037260327150551010400000000140400000000150400000000160400000000170200002A02000030013A310113D27E
2026-03-27 15:06:23 - msg_id_0200 ==> 7E02000042660000000002139800000000000C000300C64745049FAC68038B00000037260327150622010400000000140400000000150400000000160400000000170200002A02000030013A310114B37E
2026-03-27 15:06:54 - msg_id_0200 ==> 7E0200004266000000000213A300000000000C000300C64746049FAC68038B00000037260327150653010400000000140400000000150400000000160400000000170200002A02000030013A310114FA7E
2026-03-27 15:07:25 - msg_id_0200 ==> 7E0200004266000000000213AE00000000000C000300C64748049FAC68038B00000037260327150724010400000000140400000000150400000000160400000000170200002A02000030013D310114887E
2026-03-27 15:07:56 - msg_id_0200 ==> 7E0200004266000000000213B900000000000C000300C6474B049FAC68038B00000037260327150755010400000000140400000000150400000000160400000000170200002A02000030013D310114ED7E
2026-03-27 15:08:27 - msg_id_0200 ==> 7E0200004266000000000213C400000000000C000300C6474B049FAC68038B00000037260327150826010400000000140400000000150400000000160400000000170200002A02000030013D310114EC7E
2026-03-27 15:08:58 - msg_id_0200 ==> 7E0200004266000000000213CF00000000000C000300C6474B049FAC68038B00000037260327150857010400000000140400000000150400000000160400000000170200002A020000300143310113EF7E
2026-03-27 15:09:29 - msg_id_0200 ==> 7E0200004266000000000213DA00000000000C000300C64749049FAC68038B00000037260327150928010400000000140400000000150400000000160400000000170200002A02000030013D310113F87E
2026-03-27 15:10:00 - msg_id_0200 ==> 7E0200004266000000000213E500000000000C000300C64747049FAC60038B00000037260327150959010400000000140400000000150400000000160400000000170200002A02000030013D310113B07E
2026-03-27 15:10:31 - msg_id_0200 ==> 7E0200004266000000000213F000000000000C000300C64746049FAC60038B00000037260327151030010400000000140400000000150400000000160400000000170200002A02000030013D310113D47E
2026-03-27 15:11:02 - msg_id_0200 ==> 7E0200004266000000000213FB00000000000C000300C64744049FAC60038B00000037260327151101010400000000140400000000150400000000160400000000170200002A020000300140310113907E
2026-03-27 15:11:33 - msg_id_0200 ==> 7E02000042660000000002140600000000000C000300C64744049FAC68038B00000037260327151132010400000000140400000000150400000000160400000000170200002A020000300140310114567E
2026-03-27 15:12:04 - msg_id_0200 ==> 7E02000042660000000002141100000000000C000300C64744049FAC68038B00000037260327151203010400000000140400000000150400000000160400000000170200002A020000300140310112757E
2026-03-27 15:12:35 - msg_id_0200 ==> 7E02000042660000000002141C00000000000C000300C64745049FAC68038B00000037260327151234010400000000140400000000150400000000160400000000170200002A0200003001403101104C7E
2026-03-27 15:13:06 - msg_id_0200 ==> 7E02000042660000000002142700000000000C000300C64744049FAC68038B00000037260327151305010400000000140400000000150400000000160400000000170200002A020000300140310112447E
2026-03-27 15:13:37 - msg_id_0200 ==> 7E02000042660000000002143200000000000C000300C64741049FAC68038B00000037260327151336010400000000140400000000150400000000160400000000170200002A020000300140310113667E
2026-03-27 15:14:08 - msg_id_0200 ==> 7E02000042660000000002143D00000000000C000300C64740049FAC68038B00000037260327151407010400000000140400000000150400000000160400000000170200002A0200003001403101135E7E
2026-03-27 15:14:39 - msg_id_0200 ==> 7E02000042660000000002144800000000000C000300C6473F049FAC68038B00000037260327151438010400000000140400000000150400000000160400000000170200002A0200003001403101136B7E
2026-03-27 15:15:10 - msg_id_0200 ==> 7E02000042660000000002145300000000000C000300C64740049FAC68038C00000037260327151509010400000000140400000000150400000000160400000000170200002A020000300140310112397E
2026-03-27 15:15:41 - msg_id_0200 ==> 7E02000042660000000002145E00000000000C000300C6473F049FAC60038C00000037260327151540010400000000140400000000150400000000160400000000170200002A0200003001403101130B7E
2026-03-27 15:16:12 - msg_id_0200 ==> 7E02000042660000000002146900000000000C000300C6473E049FAC60038C00000037260327151611010400000000140400000000150400000000160400000000170200002A020000300140310114687E
2026-03-27 15:16:43 - msg_id_0200 ==> 7E02000042660000000002147400000000000C000300C6473C049FAC68038C00000037260327151642010400000000140400000000150400000000160400000000170200002A0200003001403101142C7E
2026-03-27 15:17:13 - msg_id_0200 ==> 7E02000042660000000002147F00000100000C000300C6473A049FAC60038C00000037260327151712010400000000140400000000150400000000160400000000170200002A020000300140310114797E
2026-03-27 15:17:18 - msg_id_0200 ==> 7E02000042660000000002148200000000000C000300C6473A049FAC60038C00000037260327151717010400000000140400000000150400000000160400000000170200002A020000300140310113877E
2026-03-27 15:17:49 - msg_id_0200 ==> 7E02000042660000000002148D00000000000C000300C64731049FAC68038C00000037260327151748010400000000140400000000150400000000160400000000170200002A020000300140310113D47E
2026-03-27 15:18:20 - msg_id_0200 ==> 7E02000042660000000002149800000000000C000300C64737049FAC60038D00000037260327151819010400000000140400000000150400000000160400000000170200002A020000300140310112917E
2026-03-27 15:18:51 - msg_id_0200 ==> 7E0200004266000000000214A300000000000C000300C64735049FAC58038D00000037260327151850010400000000140400000000150400000000160400000000170200002A020000300140310113D87E
2026-03-27 15:19:22 - msg_id_0200 ==> 7E0200004266000000000214AE00000000000C000300C6472B049FAC58038E00000037260327151921010400000000140400000000150400000000160400000000170200002A020000300140310115BE7E
2026-03-27 15:19:53 - msg_id_0200 ==> 7E0200004266000000000214B900000000000C000300C64727049FAC58038E00000037260327151952010400000000140400000000150400000000160400000000170200002A020000300140310115D67E
2026-03-27 15:20:24 - msg_id_0200 ==> 7E0200004266000000000214C400000000000C000300C6472B049FAC50038F00000037260327152023010400000000140400000000150400000000160400000000170200002A02000030014031010FFC7E
2026-03-27 15:20:55 - msg_id_0200 ==> 7E0200004266000000000214CF00000000000C000300C64731049FAC40038F00000037260327152054010400000000140400000000150400000000160400000000170200002A020000300140310110957E
2026-03-27 15:21:26 - msg_id_0200 ==> 7E0200004266000000000214DA00000000000C000300C6472D049FAC40039000000037260327152125010400000000140400000000150400000000160400000000170200002A020000300140310111F27E
2026-03-27 15:21:57 - msg_id_0200 ==> 7E0200004266000000000214E500000000000C000300C64734049FAC30038E00000037260327152156010400000000140400000000150400000000160400000000170200002A020000300140310112CA7E
2026-03-27 15:22:28 - msg_id_0200 ==> 7E0200004266000000000214F000000000000C000300C6472A049FAC18038E00000037260327152227010400000000140400000000150400000000160400000000170200002A02000030013D310111E57E
2026-03-27 15:22:59 - msg_id_0200 ==> 7E0200004266000000000214FB00000000000C000300C6471F049FAC18038F00000037260327152258010400000000140400000000150400000000160400000000170200002A020000300140310112DB7E
2026-03-27 15:23:30 - msg_id_0200 ==> 7E02000042660000000002150600000000000C000300C64722049FAC18038E00000037260327152329010400000000140400000000150400000000160400000000170200002A020000300140310111687E
2026-03-27 15:24:01 - msg_id_0200 ==> 7E02000042660000000002151100000000000C000300C64724049FAC20038F00000037260327152400010400000000140400000000150400000000160400000000170200002A02000030013D310111137E
2026-03-27 15:24:32 - msg_id_0200 ==> 7E02000042660000000002151C00000000000C000300C64727049FAC28038F00000037260327152431010400000000140400000000150400000000160400000000170200002A02000030013D310113267E
2026-03-27 15:25:03 - msg_id_0200 ==> 7E02000042660000000002152700000000000C000300C64723049FAC20038F00000037260327152502010400000000140400000000150400000000160400000000170200002A02000030013D310113237E
2026-03-27 15:25:34 - msg_id_0200 ==> 7E02000042660000000002153200000000000C000300C64723049FAC20038F00000037260327152533010400000000140400000000150400000000160400000000170200002A02000030013D310112067E
2026-03-27 15:26:05 - msg_id_0200 ==> 7E02000042660000000002153D00000000000C000300C64717049FAC18038F00000037260327152604010400000000140400000000150400000000160400000000170200002A02000030013D310113307E
2026-03-27 15:26:36 - msg_id_0200 ==> 7E02000042660000000002154800000000000C000300C64718049FAC18039000000037260327152635010400000000140400000000150400000000160400000000170200002A02000030013D310112657E
2026-03-27 15:27:07 - msg_id_0200 ==> 7E02000042660000000002155300000000000C000300C6471D049FAC180390000A0037260327152706010400000000140400000000150400000000160400000000170200002A02000030013D31010F5E7E
2026-03-27 15:27:38 - msg_id_0200 ==> 7E02000042660000000002155E00000000000C000300C6472C049FAC08038F00000037260327152737010400000000140400000000150400000000160400000000170200002A02000030013D310110497E
2026-03-27 15:28:09 - msg_id_0200 ==> 7E02000042660000000002156900000000000C000300C64726049FAC08038F00000037260327152808010400000000140400000000150400000000160400000000170200002A02000030013D310112467E
2026-03-27 15:28:40 - msg_id_0200 ==> 7E02000042660000000002157400000000000C000300C64725049FAC08038F00000037260327152839010400000000140400000000150400000000160400000000170200002A02000030013D310113687E
2026-03-27 15:29:11 - msg_id_0200 ==> 7E02000042660000000002157F00000100000C000300C64729049FAC08038F00000037260327152910010400000000140400000000150400000000160400000000170200002A02000030013D310111447E
2026-03-27 15:29:16 - msg_id_0200 ==> 7E02000042660000000002158200000000000C000300C64728049FAC08038F00000037260327152915010400000000140400000000150400000000160400000000170200002A02000030013D31010FA27E
2026-03-27 15:29:47 - msg_id_0200 ==> 7E02000042660000000002158D00000000000C000300C64727049FAC08038E00000037260327152946010400000000140400000000150400000000160400000000170200002A02000030013D31010EF17E
2026-03-27 15:30:18 - msg_id_0200 ==> 7E02000042660000000002159800000000000C000300C64729049FAC08038E00000037260327153017010400000000140400000000150400000000160400000000170200002A02000030013D310111BD7E
2026-03-27 15:30:49 - msg_id_0200 ==> 7E0200004266000000000215A300000000000C000300C6472C049FAC08038F00000037260327153048010400000000140400000000150400000000160400000000170200002A02000030013D31010FC37E
2026-03-27 15:31:20 - msg_id_0200 ==> 7E0200004266000000000215AE00000000000C000300C6472D049FAC08038E00000037260327153119010400000000140400000000150400000000160400000000170200002A02000030013D31010D9C7E
2026-03-27 15:31:51 - msg_id_0200 ==> 7E0200004266000000000215B900000000000C000300C6472D049FAC08038E00000037260327153150010400000000140400000000150400000000160400000000170200002A02000030013D31010CC37E
2026-03-27 15:32:22 - msg_id_0200 ==> 7E0200004266000000000215C400000000000C000300C6472D049FAC10038E00000037260327153221010400000000140400000000150400000000160400000000170200002A02000030013D310110C87E
2026-03-27 15:32:53 - msg_id_0200 ==> 7E0200004266000000000215CF00000000000C000300C6472C049FAC10038E00000037260327153252010400000000140400000000150400000000160400000000170200002A02000030013D310110B17E
2026-03-27 15:33:24 - msg_id_0200 ==> 7E0200004266000000000215DA00000000000C000300C6472D049FAC10038E00010037260327153323010400000000140400000000150400000000160400000000170200002A02000030013D310110D47E
2026-03-27 15:33:55 - msg_id_0200 ==> 7E0200004266000000000215E500000000000C000300C6472D049FAC10038E00000037260327153354010400000000140400000000150400000000160400000000170200002A02000030013D3101119C7E
2026-03-27 15:34:26 - msg_id_0200 ==> 7E0200004266000000000215F000000000000C000300C64728049FAC10038E00000037260327153425010400000000140400000000150400000000160400000000170200002A02000030013D310110FB7E
2026-03-27 15:34:57 - msg_id_0200 ==> 7E0200004266000000000215FB00000000000C000300C64725049FAC10038E00000037260327153456010400000000140400000000150400000000160400000000170200002A020000300140310111F27E
2026-03-27 15:35:28 - msg_id_0200 ==> 7E02000042660000000002160600000000000C000300C64726049FAC08038D00000037260327153527010400000000140400000000150400000000160400000000170200002A02000030013D3101131B7E
2026-03-27 15:35:59 - msg_id_0200 ==> 7E02000042660000000002161100000000000C000300C64728049FAC08038E00000037260327153558010400000000140400000000150400000000160400000000170200002A02000030013D3101117C7E
2026-03-27 15:36:30 - msg_id_0200 ==> 7E02000042660000000002161C00000000000C000300C6472C049FAC08038E00000037260327153629010400000000140400000000150400000000160400000000170200002A02000030013D310112047E
2026-03-27 15:37:01 - msg_id_0200 ==> 7E02000042660000000002162700000000000C000300C6472E049FAC00038E00000037260327153700010400000000140400000000150400000000160400000000170200002A020000300140310110627E
2026-03-27 15:37:32 - msg_id_0200 ==> 7E02000042660000000002163200000000000C000300C64732049FABF8038E00000037260327153731010400000000140400000000150400000000160400000000170200002A02000030013D310111D97E
2026-03-27 15:38:03 - msg_id_0200 ==> 7E02000042660000000002163D00000000000C000300C64734049FABF0038E00000037260327153802010400000000140400000000150400000000160400000000170200002A0200003001433101119A7E
2026-03-27 15:38:34 - msg_id_0200 ==> 7E02000042660000000002164800000000000C000300C64735049FABF0038E00000037260327153833010400000000140400000000150400000000160400000000170200002A02000030013D310111A17E
2026-03-27 15:39:05 - msg_id_0200 ==> 7E02000042660000000002165300000000000C000300C64736049FABE8038E00000037260327153904010400000000140400000000150400000000160400000000170200002A02000030013D310112947E
2026-03-27 15:39:36 - msg_id_0200 ==> 7E02000042660000000002165E00000000000C000300C64741049FABE0038E00000037260327153935010400000000140400000000150400000000160400000000170200002A02000030013D310110D57E
2026-03-27 15:40:07 - msg_id_0200 ==> 7E02000042660000000002166900000000000C000300C6473C049FABE0038F00000037260327154006010400000000140400000000150400000000160400000000170200002A02000030013D31010ECA7E
2026-03-27 15:40:38 - msg_id_0200 ==> 7E02000042660000000002167400000000000C000300C6473B049FABE0038F00000037260327154037010400000000140400000000150400000000160400000000170200002A02000030013D310110FF7E
2026-03-27 15:41:09 - msg_id_0200 ==> 7E02000042660000000002167F00000100000C000300C6473F049FABE0038F00000037260327154108010400000000140400000000150400000000160400000000170200002A02000030013D31010ED17E
2026-03-27 15:41:14 - msg_id_0200 ==> 7E02000042660000000002168200000000000C000300C6473D049FABE0038F00040037260327154113010400000000140400000000150400000000160400000000170200002A02000030013D31010E307E
2026-03-27 15:41:45 - msg_id_0200 ==> 7E02000042660000000002168D00000000000C000300C6473E049FABD8039000000037260327154144010400000000140400000000150400000000160400000000170200002A0200003001403101102B7E
2026-03-27 15:42:16 - msg_id_0200 ==> 7E02000042660000000002169800000000000C000300C64740049FABD8039000000037260327154215010400000000140400000000150400000000160400000000170200002A02000030013D31010F707E
2026-03-27 15:42:47 - msg_id_0200 ==> 7E0200004266000000000216A300000000000C000300C64740049FABD8039000000037260327154246010400000000140400000000150400000000160400000000170200002A02000030013D31010F187E
2026-03-27 15:43:18 - msg_id_0200 ==> 7E0200004266000000000216AE00000000000C000300C6473E049FABD8039000000037260327154317010400000000140400000000150400000000160400000000170200002A02000030013D31010E3A7E
2026-03-27 15:43:49 - msg_id_0200 ==> 7E0200004266000000000216B900000000000C000300C6473E049FABD8039000000037260327154348010400000000140400000000150400000000160400000000170200002A02000030013D31010F737E
2026-03-27 15:44:20 - msg_id_0200 ==> 7E0200004266000000000216C400000000000C000300C6473F049FABD8039000000037260327154419010400000000140400000000150400000000160400000000170200002A02000030013D31010C5A7E
2026-03-27 15:44:50 - msg_id_0200 ==> 7E0200004266000000000216CF00000000000C000300C64747049FABD8039100000037260327154450010400000000140400000000150400000000160400000000170200002A02000030013D3101117C7E
2026-03-27 15:45:22 - msg_id_0200 ==> 7E0200004266000000000216DA00000000000C000300C64746049FABE0039200000037260327154521010400000000140400000000150400000000160400000000170200002A02000030013D310111237E
2026-03-27 15:45:53 - msg_id_0200 ==> 7E0200004266000000000216E500000000000C000300C64749049FABE8039200000037260327154552010400000000140400000000150400000000160400000000170200002A02000030013D3101126B7E
2026-03-27 15:46:23 - msg_id_0200 ==> 7E0200004266000000000216F000000000000C000300C6474E049FABF0039200000037260327154623010400000000140400000000150400000000160400000000170200002A02000030013D310112137E
2026-03-27 15:46:55 - msg_id_0200 ==> 7E0200004266000000000216FB00000000000C000300C6474D049FABF0039200000037260327154654010400000000140400000000150400000000160400000000170200002A02000030013D3101126C7E
2026-03-27 15:47:26 - msg_id_0200 ==> 7E02000042660000000002170600000000000C000300C64741049FABF0039200000037260327154725010400000000140400000000150400000000160400000000170200002A02000030013D310112EC7E
2026-03-27 15:47:56 - msg_id_0200 ==> 7E02000042660000000002171100000000000C000300C6473B049FABF0039200000037260327154756010400000000140400000000150400000000160400000000170200002A02000030013D310113F37E
2026-03-27 15:48:28 - msg_id_0200 ==> 7E02000042660000000002171C00000000000C000300C6473C049FABE8039300000037260327154827010400000000140400000000150400000000160400000000170200002A02000030013D3101139E7E
2026-03-27 15:50:13 - msg_id_0200 ==> 7E02000042660000000002000200000000000C000300C64717049FABE8039000000000260327155012010400000000140400000000150400000000160400000000170200002A02000030014A310112D37E
2026-03-27 15:50:44 - msg_id_0200 ==> 7E02000042660000000002000D00000000000C000300C6471D049FABD8039200000000260327155043010400000000140400000000150400000000160400000000170200002A02000030013D310110C07E
2026-03-27 15:51:15 - msg_id_0200 ==> 7E02000042660000000002001800000000000C000300C6471F049FABD8039100000000260327155114010400000000140400000000150400000000160400000000170200002A02000030013D310112807E
2026-03-27 15:51:46 - msg_id_0200 ==> 7E02000042660000000002002300000000000C000300C64723049FABD8039300000000260327155145010400000000140400000000150400000000160400000000170200002A02000030013D31010FC97E
2026-03-27 15:52:17 - msg_id_0200 ==> 7E02000042660000000002002E00000000000C000300C6472C049FABE0039300000000260327155216010400000000140400000000150400000000160400000000170200002A02000030013D310112BE7E
2026-03-27 15:52:48 - msg_id_0200 ==> 7E02000042660000000002003900000000000C000300C64731049FABE8039300000000260327155247010400000000140400000000150400000000160400000000170200002A02000030013D310111EE7E
2026-03-27 15:53:19 - msg_id_0200 ==> 7E02000042660000000002004400000000000C000300C64732049FABF0039300000000260327155318010400000000140400000000150400000000160400000000170200002A02000030013D310113D47E
2026-03-27 15:53:50 - msg_id_0200 ==> 7E02000042660000000002004F00000000000C000300C64732049FABF0039300000000260327155349010400000000140400000000150400000000160400000000170200002A020000300140310112F27E
2026-03-27 15:54:21 - msg_id_0200 ==> 7E02000042660000000002005A00000000000C000300C64737049FABF0039400000000260327155420010400000000140400000000150400000000160400000000170200002A02000030013D310114F07E
2026-03-27 15:54:52 - msg_id_0200 ==> 7E02000042660000000002006500000000000C000300C64739049FABF0039500000000260327155451010400000000140400000000150400000000160400000000170200002A02000030013A310114B67E
2026-03-27 15:55:23 - msg_id_0200 ==> 7E02000042660000000002007000000000000C000300C6473C049FABF0039500000000260327155522010400000000140400000000150400000000160400000000170200002A02000030013D310114D37E
2026-03-27 15:55:54 - msg_id_0200 ==> 7E02000042660000000002007B00000000000C000300C6473E049FABF0039500000000260327155553010400000000140400000000150400000000160400000000170200002A02000030013A310114AC7E
2026-03-27 15:56:03 - msg_id_0200 ==> 7E02000042660000000002007F00000100000C000300C64740049FABF0039600000000260327155602010400000000140400000000150400000000160400000000170200002A02000030013D310114817E
2026-03-27 15:56:25 - msg_id_0200 ==> 7E02000042660000000002008700000000000C000300C64742049FABF0039600000000260327155624010400000000140400000000150400000000160400000000170200002A02000030013D3101145C7E
2026-03-27 15:56:56 - msg_id_0200 ==> 7E02000042660000000002009200000000000C000300C64743049FABF0039600000000260327155655010400000000140400000000150400000000160400000000170200002A02000030013D310115387E
2026-03-27 15:57:27 - msg_id_0200 ==> 7E02000042660000000002009C00000000000C000300C64745049FABF0039600000000260327155726010400000000140400000000150400000000160400000000170200002A02000030013A310113437E
2026-03-27 15:57:58 - msg_id_0200 ==> 7E0200004266000000000200A800000000000C000300C64745049FABF0039700000000260327155757010400000000140400000000150400000000160400000000170200002A02000030013A310113077E
2026-03-27 15:58:29 - msg_id_0200 ==> 7E0200004266000000000200B300000000000C000300C64746049FABF0039700000000260327155828010400000000140400000000150400000000160400000000170200002A02000030013A3101116D7E
2026-03-27 15:59:00 - msg_id_0200 ==> 7E0200004266000000000200BD00000000000C000300C64747049FABF0039600000000260327155859010400000000140400000000150400000000160400000000170200002A02000030013A310113107E
2026-03-27 15:59:31 - msg_id_0200 ==> 7E0200004266000000000200C900000000000C000300C64746049FABF0039600000000260327155930010400000000140400000000150400000000160400000000170200002A02000030013A3101140A7E
2026-03-27 16:00:02 - msg_id_0200 ==> 7E0200004266000000000200D400000000000C000300C64745049FABE8039600000000260327160001010400000000140400000000150400000000160400000000170200002A02000030013A310116657E
2026-03-27 16:00:33 - msg_id_0200 ==> 7E0200004266000000000200DE00000000000C000300C64744049FABE8039600000000260327160032010400000000140400000000150400000000160400000000170200002A02000030013A3101175C7E
2026-03-27 16:01:04 - msg_id_0200 ==> 7E0200004266000000000200EA00000000000C000300C64742049FABE8039600000000260327160103010400000000140400000000150400000000160400000000170200002A02000030013A3101165F7E
2026-03-27 16:01:35 - msg_id_0200 ==> 7E0200004266000000000200F500000000000C000300C64741049FABE8039600000000260327160134010400000000140400000000150400000000160400000000170200002A02000030013A310113717E
2026-03-27 16:02:06 - msg_id_0200 ==> 7E0200004266000000000200FF00000000000C000300C64730049FABF0039500000000260327160205010400000000140400000000150400000000160400000000170200002A02000030013A310117277E
2026-03-27 16:02:37 - msg_id_0200 ==> 7E02000042660000000002010B00000000000C000300C6472F049FABF0039600000000260327160236010400000000140400000000150400000000160400000000170200002A02000030013A310116FC7E
2026-03-27 16:03:08 - msg_id_0200 ==> 7E02000042660000000002011600000000000C000300C6472E049FABF0039500000000260327160307010400000000140400000000150400000000160400000000170200002A02000030013A310116D37E
2026-03-27 16:03:39 - msg_id_0200 ==> 7E02000042660000000002012000000000000C000300C6472A049FABF0039500000000260327160338010400000000140400000000150400000000160400000000170200002A02000030013A310115DD7E
2026-03-27 16:04:10 - msg_id_0200 ==> 7E02000042660000000002012C00000000000C000300C64725049FABF0039500000000260327160409010400000000140400000000150400000000160400000000170200002A02000030013A310113EE7E
2026-03-27 16:04:41 - msg_id_0200 ==> 7E02000042660000000002013700000000000C000300C6471E049FABF0039600000000260327160440010400000000140400000000150400000000160400000000170200002A02000030013A310115827E
2026-03-27 16:05:12 - msg_id_0200 ==> 7E02000042660000000002014100000000000C000300C6471E049FABF8039600000000260327160511010400000000140400000000150400000000160400000000170200002A02000030013A310117AE7E
2026-03-27 16:05:43 - msg_id_0200 ==> 7E02000042660000000002014D00000000000C000300C64721049FABF8039500000000260327160542010400000000140400000000150400000000160400000000170200002A02000030013A310115CF7E
2026-03-27 16:06:14 - msg_id_0200 ==> 7E02000042660000000002015800000000000C000300C64720049FABF8039500000000260327160613010400000000140400000000150400000000160400000000170200002A02000030013A310118847E
2026-03-27 16:06:45 - msg_id_0200 ==> 7E02000042660000000002016200000000000C000300C64721049FABF8039500000000260327160644010400000000140400000000150400000000160400000000170200002A02000030013A310114E47E
2026-03-27 16:07:16 - msg_id_0200 ==> 7E02000042660000000002016E00000000000C000300C64723049FABF8039500000000260327160715010400000000140400000000150400000000160400000000170200002A02000030013A310116B87E
2026-03-27 16:07:47 - msg_id_0200 ==> 7E02000042660000000002017900000000000C000300C64724049FAC00039400000000260327160746010400000000140400000000150400000000160400000000170200002A02000030013A310114077E
2026-03-27 16:08:03 - msg_id_0200 ==> 7E02000042660000000002017F00000100000C000300C64724049FAC00039400000000260327160802010400000000140400000000150400000000160400000000170200002A02000030013A3101144B7E
2026-03-27 16:08:18 - msg_id_0200 ==> 7E02000042660000000002018500000000000C000300C64724049FAC00039400000000260327160817010400000000140400000000150400000000160400000000170200002A02000030013A310114A57E
2026-03-27 16:08:49 - msg_id_0200 ==> 7E02000042660000000002019000000000000C000300C64726049FAC00039400000000260327160848010400000000140400000000150400000000160400000000170200002A02000030013A310114ED7E
2026-03-27 16:09:20 - msg_id_0200 ==> 7E02000042660000000002019B00000000000C000300C64729049FAC08039400000000260327160919010400000000140400000000150400000000160400000000170200002A02000030013A310114B17E
2026-03-27 16:09:51 - msg_id_0200 ==> 7E0200004266000000000201A600000000000C000300C6472A049FAC08039300000000260327160950010400000000140400000000150400000000160400000000170200002A02000030013A310116C37E
2026-03-27 16:10:22 - msg_id_0200 ==> 7E0200004266000000000201B100000000000C000300C6472B049FAC08039300000000260327161021010400000000140400000000150400000000160400000000170200002A02000030013A310116BD7E
2026-03-27 16:10:53 - msg_id_0200 ==> 7E0200004266000000000201BC00000000000C000300C64724049FAC10039300000000260327161052010400000000140400000000150400000000160400000000170200002A02000030013A310114D67E
2026-03-27 16:11:24 - msg_id_0200 ==> 7E0200004266000000000201C700000000000C000300C64725049FAC18039200000000260327161123010400000000140400000000150400000000160400000000170200002A02000030013A310115D47E
2026-03-27 16:11:55 - msg_id_0200 ==> 7E0200004266000000000201D200000000000C000300C64726049FAC20039200000000260327161154010400000000140400000000150400000000160400000000170200002A02000030013A3101158D7E
2026-03-27 16:12:26 - msg_id_0200 ==> 7E0200004266000000000201DD00000000000C000300C64728049FAC38039100000000260327161225010400000000140400000000150400000000160400000000170200002A02000030013A310114E47E
2026-03-27 16:12:57 - msg_id_0200 ==> 7E0200004266000000000201E800000000000C000300C64725049FAC38039100000000260327161256010400000000140400000000150400000000160400000000170200002A02000030013A310114AF7E
2026-03-27 16:13:28 - msg_id_0200 ==> 7E0200004266000000000201F300000000000C000300C64722049FAC38039000000000260327161327010400000000140400000000150400000000160400000000170200002A02000030013A310115C37E
2026-03-27 16:13:59 - msg_id_0200 ==> 7E0200004266000000000201FE00000000000C000300C64724049FAC40039000000000260327161358010400000000140400000000150400000000160400000000170200002A02000030013A310115CF7E
2026-03-27 16:14:30 - msg_id_0200 ==> 7E02000042660000000002020900000000000C000300C64727049FAC40039000000000260327161429010400000000140400000000150400000000160400000000170200002A02000030013A310113487E
2026-03-27 16:15:01 - msg_id_0200 ==> 7E02000042660000000002021400000000000C000300C6472A049FAC40038F00020000260327161500010400000000140400000000150400000000160400000000170200002A02000030013A3101156B7E
2026-03-27 16:15:32 - msg_id_0200 ==> 7E02000042660000000002021F00000000000C000300C6473B049FAC50038F00000000260327161531010400000000140400000000150400000000160400000000170200002A02000030013A310117507E
2026-03-27 16:16:03 - msg_id_0200 ==> 7E02000042660000000002022A00000000000C000300C6473B049FAC50038E00000000260327161602010400000000140400000000150400000000160400000000170200002A0200003001403101152C7E
2026-03-27 16:16:34 - msg_id_0200 ==> 7E02000042660000000002023500000000000C000300C6473A049FAC58038E00000000260327161633010400000000140400000000150400000000160400000000170200002A02000030013A310116727E
2026-03-27 16:17:05 - msg_id_0200 ==> 7E02000042660000000002024000000000000C000300C6473C049FAC58038E00000000260327161704010400000000140400000000150400000000160400000000170200002A02000030013A310116377E
2026-03-27 16:17:36 - msg_id_0200 ==> 7E02000042660000000002024B00000000000C000300C6473F049FAC58038D00000000260327161735010400000000140400000000150400000000160400000000170200002A02000030013A3101160D7E
2026-03-27 16:18:07 - msg_id_0200 ==> 7E02000042660000000002025600000000000C000300C64740049FAC58038D00000000260327161806010400000000140400000000150400000000160400000000170200002A02000030013A310112577E
2026-03-27 16:18:38 - msg_id_0200 ==> 7E02000042660000000002026100000000000C000300C6473E049FAC58038C00000000260327161837010400000000140400000000150400000000160400000000170200002A02000030013A3101122E7E
2026-03-27 16:19:09 - msg_id_0200 ==> 7E02000042660000000002026C00000000000C000300C6473F049FAC58038C00000000260327161908010400000000140400000000150400000000160400000000170200002A02000030013A3101141A7E
2026-03-27 16:19:40 - msg_id_0200 ==> 7E02000042660000000002027700000000000C000300C64740049FAC58038C00000000260327161939010400000000140400000000150400000000160400000000170200002A02000030013A310113487E
2026-03-27 16:20:00 - msg_id_0200 ==> 7E02000042660000000002027F00000100000C000300C64740049FAC60038C00000000260327161959010400000000140400000000150400000000160400000000170200002A02000030013A310113197E
2026-03-27 16:20:11 - msg_id_0200 ==> 7E02000042660000000002028400000000000C000300C6473F049FAC60038C00000000260327162010010400000000140400000000150400000000160400000000170200002A02000030013A310113EC7E
2026-03-27 16:20:42 - msg_id_0200 ==> 7E02000042660000000002028F00000000000C000300C6473E049FAC60038B00000000260327162041010400000000140400000000150400000000160400000000170200002A02000030013A310114B77E
2026-03-27 16:21:13 - msg_id_0200 ==> 7E02000042660000000002029A00000000000C000300C6473F049FAC60038B00000000260327162112010400000000140400000000150400000000160400000000170200002A02000030013A310114F17E
2026-03-27 16:21:44 - msg_id_0200 ==> 7E0200004266000000000202A500000000000C000300C64740049FAC60038B00000000260327162143010400000000140400000000150400000000160400000000170200002A02000030013A310115E17E
2026-03-27 16:22:15 - msg_id_0200 ==> 7E0200004266000000000202B000000000000C000300C64741049FAC60038B00000000260327162214010400000000140400000000150400000000160400000000170200002A02000030013A310115A17E
2026-03-27 16:22:46 - msg_id_0200 ==> 7E0200004266000000000202BB00000000000C000300C64742049FAC60038B00000000260327162245010400000000140400000000150400000000160400000000170200002A02000030013A310112FF7E
2026-03-27 16:23:17 - msg_id_0200 ==> 7E0200004266000000000202C600000000000C000300C64743049FAC60038B00000000260327162316010400000000140400000000150400000000160400000000170200002A02000030013D310114D07E
2026-03-27 16:23:48 - msg_id_0200 ==> 7E0200004266000000000202D100000000000C000300C64744049FAC60038B00000000260327162347010400000000140400000000150400000000160400000000170200002A02000030013A310114967E
2026-03-27 16:24:19 - msg_id_0200 ==> 7E0200004266000000000202DC00000000000C000300C64742049FAC68038A00000000260327162418010400000000140400000000150400000000160400000000170200002A02000030013A310115CD7E
2026-03-27 16:24:50 - msg_id_0200 ==> 7E0200004266000000000202E700000000000C000300C64743049FAC68038A00000000260327162449010400000000140400000000150400000000160400000000170200002A02000030013D310115A17E
2026-03-27 16:25:21 - msg_id_0200 ==> 7E0200004266000000000202F200000000000C000300C64745049FAC70038A00000000260327162520010400000000140400000000150400000000160400000000170200002A02000030013A310114C47E
2026-03-27 16:25:52 - msg_id_0200 ==> 7E0200004266000000000202FD00000000000C000300C64745049FAC70038A00000000260327162551010400000000140400000000150400000000160400000000170200002A02000030013A310115BB7E
2026-03-27 16:26:23 - msg_id_0200 ==> 7E02000042660000000002030800000000000C000300C64744049FAC70038A00000000260327162622010400000000140400000000150400000000160400000000170200002A02000030013D3101133F7E
2026-03-27 16:26:54 - msg_id_0200 ==> 7E02000042660000000002031300000000000C000300C64742049FAC70038A00000000260327162653010400000000140400000000150400000000160400000000170200002A02000030013D310118587E
2026-03-27 16:27:25 - msg_id_0200 ==> 7E02000042660000000002031E00000000000C000300C64742049FAC70038A00000000260327162724010400000000140400000000150400000000160400000000170200002A02000030013D310119227E
2026-03-27 16:27:56 - msg_id_0200 ==> 7E02000042660000000002032900000000000C000300C64742049FAC70038A00000000260327162755010400000000140400000000150400000000160400000000170200002A02000030013A3101176D7E
2026-03-27 16:28:27 - msg_id_0200 ==> 7E02000042660000000002033400000000000C000300C64743049FAC70038A00000000260327162826010400000000140400000000150400000000160400000000170200002A02000030013D3101160B7E
2026-03-27 16:28:58 - msg_id_0200 ==> 7E02000042660000000002033F00000000000C000300C64742049FAC70038A00000000260327162857010400000000140400000000150400000000160400000000170200002A02000030013A310116777E
2026-03-27 16:29:29 - msg_id_0200 ==> 7E02000042660000000002034A00000000000C000300C64742049FAC70038A00000000260327162928010400000000140400000000150400000000160400000000170200002A02000030013D310114797E
2026-03-27 16:30:00 - msg_id_0200 ==> 7E02000042660000000002035500000000000C000300C64743049FAC68038A00000000260327162959010400000000140400000000150400000000160400000000170200002A02000030013D3101150F7E
2026-03-27 16:30:31 - msg_id_0200 ==> 7E02000042660000000002036000000000000C000300C64743049FAC68038A00000000260327163030010400000000140400000000150400000000160400000000170200002A02000030013A3101134B7E
2026-03-27 16:31:02 - msg_id_0200 ==> 7E02000042660000000002036B00000000000C000300C64743049FAC70038A00000000260327163101010400000000140400000000150400000000160400000000170200002A02000030013D3101176B7E
2026-03-27 16:31:33 - msg_id_0200 ==> 7E02000042660000000002037600000000000C000300C64743049FAC70038A00000000260327163132010400000000140400000000150400000000160400000000170200002A02000030013D3101194B7E
2026-03-27 16:31:58 - msg_id_0200 ==> 7E02000042660000000002037F00000100000C000300C64742049FAC70038A00000000260327163157010400000000140400000000150400000000160400000000170200002A02000030013D310118267E
2026-03-27 16:32:04 - msg_id_0200 ==> 7E02000042660000000002038200000000000C000300C64742049FAC70038A00000000260327163203010400000000140400000000150400000000160400000000170200002A02000030013D3101188D7E
2026-03-27 16:32:35 - msg_id_0200 ==> 7E02000042660000000002038D00000000000C000300C64742049FAC70038A00000000260327163234010400000000140400000000150400000000160400000000170200002A02000030013D310116BB7E
2026-03-27 16:33:06 - msg_id_0200 ==> 7E02000042660000000002039800000000000C000300C64742049FAC70038900000000260327163305010400000000140400000000150400000000160400000000170200002A02000030013D3101169D7E
2026-03-27 16:33:37 - msg_id_0200 ==> 7E0200004266000000000203A300000000000C000300C64742049FAC70038900000000260327163336010400000000140400000000150400000000160400000000170200002A02000030013D310116957E
2026-03-27 16:34:08 - msg_id_0200 ==> 7E0200004266000000000203AE00000000000C000300C64742049FAC70038900000000260327163407010400000000140400000000150400000000160400000000170200002A02000030013D310116AE7E
2026-03-27 16:34:39 - msg_id_0200 ==> 7E0200004266000000000203B900000000000C000300C64742049FAC78038900000000260327163438010400000000140400000000150400000000160400000000170200002A02000030013D3101178F7E
2026-03-27 16:35:10 - msg_id_0200 ==> 7E0200004266000000000203C400000000000C000300C64744049FAC78038900000000260327163509010400000000140400000000150400000000160400000000170200002A02000030013D310117C47E
2026-03-27 16:35:41 - msg_id_0200 ==> 7E0200004266000000000203CF00000000000C000300C64744049FAC70038900000000260327163540010400000000140400000000150400000000160400000000170200002A02000030013A310117897E
2026-03-27 16:36:12 - msg_id_0200 ==> 7E0200004266000000000203DA00000000000C000300C64744049FAC70038900000000260327163611010400000000140400000000150400000000160400000000170200002A02000030013A310116CF7E
2026-03-27 16:36:43 - msg_id_0200 ==> 7E0200004266000000000203E500000000000C000300C64749049FAC70038900000000260327163642010400000000140400000000150400000000160400000000170200002A02000030013A310117AF7E
2026-03-27 16:37:14 - msg_id_0200 ==> 7E0200004266000000000203F000000000000C000300C6474B049FAC70038900000000260327163713010400000000140400000000150400000000160400000000170200002A02000030013A310117E87E
2026-03-27 16:37:45 - msg_id_0200 ==> 7E0200004266000000000203FB00000000000C000300C6474A049FAC70038800000000260327163744010400000000140400000000150400000000160400000000170200002A02000030013A310115B67E
2026-03-27 16:38:16 - msg_id_0200 ==> 7E02000042660000000002040600000000000C000300C64747049FAC70038800000000260327163815010400000000140400000000150400000000160400000000170200002A02000030013A3101151F7E
2026-03-27 16:38:47 - msg_id_0200 ==> 7E02000042660000000002041100000000000C000300C6473C049FAC68038A00090000260327163846010400000000140400000000150400000000160400000000170200002A02000030013D310115347E
2026-03-27 16:39:18 - msg_id_0200 ==> 7E02000042660000000002041C00000000000C000300C6473C049FAC68038A00000000260327163917010400000000140400000000150400000000160400000000170200002A02000030013D310114617E
2026-03-27 16:39:49 - msg_id_0200 ==> 7E02000042660000000002042700000000000C000300C64739049FAC68038A00000000260327163948010400000000140400000000150400000000160400000000170200002A02000030013A310117047E
2026-03-27 16:40:20 - msg_id_0200 ==> 7E02000042660000000002043200000000000C000300C64739049FAC68038B00000000260327164019010400000000140400000000150400000000160400000000170200002A02000030013A3101153A7E
2026-03-27 16:40:51 - msg_id_0200 ==> 7E02000042660000000002043D00000000000C000300C64734049FAC68038B00000000260327164050010400000000140400000000150400000000160400000000170200002A02000030013A310115717E
2026-03-27 16:41:22 - msg_id_0200 ==> 7E02000042660000000002044800000000000C000300C64727049FAC70038C00000000260327164121010400000000140400000000150400000000160400000000170200002A02000030013A310115787E
2026-03-27 16:41:53 - msg_id_0200 ==> 7E02000042660000000002045300000000000C000300C64720049FAC70038B00000000260327164152010400000000140400000000150400000000160400000000170200002A02000030013A310115107E
2026-03-27 16:42:24 - msg_id_0200 ==> 7E02000042660000000002045E00000000000C000300C64729049FAC60038B00000000260327164223010400000000140400000000150400000000160400000000170200002A0200003001403101150C7E
2026-03-27 16:42:55 - msg_id_0200 ==> 7E02000042660000000002046900000000000C000300C64725049FAC58038B00000000260327164254010400000000140400000000150400000000160400000000170200002A0200003001403101137D027E
2026-03-27 16:43:26 - msg_id_0200 ==> 7E02000042660000000002047400000000000C000300C64723049FAC58038B00000000260327164325010400000000140400000000150400000000160400000000170200002A020000300140310114127E
2026-03-27 16:43:55 - msg_id_0200 ==> 7E02000042660000000002047F00000100000C000300C64728049FAC58038B00000000260327164354010400000000140400000000150400000000160400000000170200002A020000300140310116607E
2026-03-27 16:44:01 - msg_id_0200 ==> 7E02000042660000000002048200000000000C000300C64728049FAC58038B00000000260327164400010400000000140400000000150400000000160400000000170200002A020000300140310116CF7E
2026-03-27 16:44:32 - msg_id_0200 ==> 7E02000042660000000002048D00000000000C000300C6472C049FAC58038A00000000260327164431010400000000140400000000150400000000160400000000170200002A020000300140310115F77E
2026-03-27 16:45:03 - msg_id_0200 ==> 7E02000042660000000002049800000000000C000300C6472A049FAC58038A00000000260327164502010400000000140400000000150400000000160400000000170200002A020000300140310116D57E
2026-03-27 16:45:34 - msg_id_0200 ==> 7E0200004266000000000204A300000000000C000300C64729049FAC58038900000000260327164533010400000000140400000000150400000000160400000000170200002A020000300140310116DF7E
2026-03-27 16:46:05 - msg_id_0200 ==> 7E0200004266000000000204AE00000000000C000300C64729049FAC58038900000000260327164604010400000000140400000000150400000000160400000000170200002A020000300140310116E67E
2026-03-27 16:46:36 - msg_id_0200 ==> 7E0200004266000000000204B900000000000C000300C6472B049FAC58038900000000260327164635010400000000140400000000150400000000160400000000170200002A020000300140310116C27E
2026-03-27 16:47:07 - msg_id_0200 ==> 7E0200004266000000000204C400000000000C000300C6472B049FAC58038900000000260327164706010400000000140400000000150400000000160400000000170200002A02000030013A310115F47E
2026-03-27 16:47:38 - msg_id_0200 ==> 7E0200004266000000000204CF00000000000C000300C6472E049FAC60038900000000260327164737010400000000140400000000150400000000160400000000170200002A02000030013A310114F27E
2026-03-27 16:48:09 - msg_id_0200 ==> 7E0200004266000000000204DA00000000000C000300C6472E049FAC60038900000000260327164808010400000000140400000000150400000000160400000000170200002A020000300140310115AC7E
2026-03-27 16:48:40 - msg_id_0200 ==> 7E0200004266000000000204E500000000000C000300C6472D049FAC60038900000000260327164839010400000000140400000000150400000000160400000000170200002A02000030013A310115DB7E
2026-03-27 16:49:11 - msg_id_0200 ==> 7E0200004266000000000204F000000000000C000300C6472D049FAC58038A00000000260327164910010400000000140400000000150400000000160400000000170200002A02000030013A310115DD7E
2026-03-27 16:49:42 - msg_id_0200 ==> 7E0200004266000000000204FB00000000000C000300C6472C049FAC58038A00000000260327164941010400000000140400000000150400000000160400000000170200002A02000030013A310114877E
2026-03-27 16:50:13 - msg_id_0200 ==> 7E02000042660000000002050600000000000C000300C6472C049FAC58038A00000000260327165012010400000000140400000000150400000000160400000000170200002A02000030013A310115307E
2026-03-27 16:50:44 - msg_id_0200 ==> 7E02000042660000000002051100000000000C000300C6472D049FAC60038A00000000260327165043010400000000140400000000150400000000160400000000170200002A020000300140310113337E
2026-03-27 16:51:15 - msg_id_0200 ==> 7E02000042660000000002051C00000000000C000300C6472D049FAC60038A00000000260327165114010400000000140400000000150400000000160400000000170200002A020000300140310113687E
2026-03-27 16:51:46 - msg_id_0200 ==> 7E02000042660000000002052700000000000C000300C6472C049FAC68038900000000260327165145010400000000140400000000150400000000160400000000170200002A02000030014031010F147E
2026-03-27 16:52:17 - msg_id_0200 ==> 7E02000042660000000002053200000000000C000300C6472B049FAC70038900000000260327165216010400000000140400000000150400000000160400000000170200002A02000030014031010D4C7E
2026-03-27 16:52:48 - msg_id_0200 ==> 7E02000042660000000002053D00000000000C000300C64729049FAC70038900000000260327165247010400000000140400000000150400000000160400000000170200002A02000030014031010F127E
2026-03-27 16:53:19 - msg_id_0200 ==> 7E02000042660000000002054800000000000C000300C64726049FAC68038900000000260327165318010400000000140400000000150400000000160400000000170200002A020000300140310114357E
2026-03-27 16:53:50 - msg_id_0200 ==> 7E02000042660000000002055300000000000C000300C64726049FAC68038800000000260327165349010400000000140400000000150400000000160400000000170200002A0200003001403101157F7E
2026-03-27 16:54:21 - msg_id_0200 ==> 7E02000042660000000002055E00000000000C000300C64726049FAC68038800000000260327165420010400000000140400000000150400000000160400000000170200002A0200003001403101151C7E
2026-03-27 16:54:52 - msg_id_0200 ==> 7E02000042660000000002056900000000000C000300C64727049FAC60038800000000260327165451010400000000140400000000150400000000160400000000170200002A020000300140310114527E
2026-03-27 16:55:23 - msg_id_0200 ==> 7E02000042660000000002057400000000000C000300C64728049FAC60038800000000260327165522010400000000140400000000150400000000160400000000170200002A02000030013A3101164A7E
2026-03-27 16:55:53 - msg_id_0200 ==> 7E02000042660000000002057F00000100000C000300C64726049FAC58038800000000260327165552010400000000140400000000150400000000160400000000170200002A02000030013D310114037E
2026-03-27 16:55:58 - msg_id_0200 ==> 7E02000042660000000002058200000000000C000300C64726049FAC58038800000000260327165557010400000000140400000000150400000000160400000000170200002A02000030013D310114FA7E
2026-03-27 16:56:29 - msg_id_0200 ==> 7E02000042660000000002058D00000000000C000300C64724049FAC58038800000000260327165628010400000000140400000000150400000000160400000000170200002A02000030013D310116897E
2026-03-27 16:57:00 - msg_id_0200 ==> 7E02000042660000000002059800000000000C000300C6471D049FAC58038800000000260327165659010400000000140400000000150400000000160400000000170200002A02000030013D310116D47E
2026-03-27 16:57:31 - msg_id_0200 ==> 7E0200004266000000000205A300000000000C000300C6471A049FAC50038800000000260327165730010400000000140400000000150400000000160400000000170200002A020000300140310113F07E
2026-03-27 16:58:02 - msg_id_0200 ==> 7E0200004266000000000205AE00000000000C000300C6471A049FAC58038800000000260327165801010400000000140400000000150400000000160400000000170200002A02000030013D310113B67E
2026-03-27 16:58:33 - msg_id_0200 ==> 7E0200004266000000000205B900000000000C000300C64725049FAC68038800000000260327165832010400000000140400000000150400000000160400000000170200002A02000030013D3101149A7E
2026-03-27 16:59:04 - msg_id_0200 ==> 7E0200004266000000000205C400000000000C000300C6472B049FAC60038800000000260327165903010400000000140400000000150400000000160400000000170200002A02000030013D310114D17E
2026-03-27 16:59:35 - msg_id_0200 ==> 7E0200004266000000000205CF00000000000C000300C64723049FAC58038900000000260327165934010400000000140400000000150400000000160400000000170200002A02000030013D310114DC7E
2026-03-27 17:00:06 - msg_id_0200 ==> 7E0200004266000000000205DA00000000000C000300C6472A049FAC58038900000000260327170005010400000000140400000000150400000000160400000000170200002A02000030013D310112AF7E
2026-03-27 17:00:37 - msg_id_0200 ==> 7E0200004266000000000205E500000000000C000300C64728049FAC58038A00000000260327170036010400000000140400000000150400000000160400000000170200002A02000030013D310111A17E
2026-03-27 17:01:10 - msg_id_0200 ==> 7E0200004266000000000205F000000000000C000300C64728049FAC58038B00000000260327170107010400000000140400000000150400000000160400000000170200002A02000030013D310112867E
2026-03-27 17:01:39 - msg_id_0200 ==> 7E0200004266000000000205FB00000000000C000300C64729049FAC58038A00000000260327170138010400000000140400000000150400000000160400000000170200002A02000030014D310112C27E
2026-03-27 17:02:10 - msg_id_0200 ==> 7E02000042660000000002060600000000000C000300C6472A049FAC58038B00000000260327170209010400000000140400000000150400000000160400000000170200002A02000030014D3101120C7E
2026-03-27 17:02:41 - msg_id_0200 ==> 7E02000042660000000002061100000000000C000300C64729049FAC50038B00000000260327170240010400000000140400000000150400000000160400000000170200002A02000030014D310113587E
2026-03-27 17:03:12 - msg_id_0200 ==> 7E02000042660000000002061C00000000000C000300C6471C049FAC30038B00000000260327170311010400000000140400000000150400000000160400000000170200002A02000030014D310113507E
2026-03-27 17:03:43 - msg_id_0200 ==> 7E02000042660000000002062700000000000C000300C64713049FAC18038D00000000260327170342010400000000140400000000150400000000160400000000170200002A02000030014D3101141E7E
2026-03-27 17:04:14 - msg_id_0200 ==> 7E02000042660000000002063200000000000C000300C64709049FAC10038E00000000260327170413010400000000140400000000150400000000160400000000170200002A02000030014D310110487E
2026-03-27 17:04:45 - msg_id_0200 ==> 7E02000042660000000002063D00000000000C000300C6470A049FAC20038E00000000260327170444010400000000140400000000150400000000160400000000170200002A02000030014D310111227E
2026-03-27 17:05:16 - msg_id_0200 ==> 7E02000042660000000002064800000000000C000300C64710049FAC20038F00000000260327170515010400000000140400000000150400000000160400000000170200002A02000030014D3101111C7E
2026-03-27 17:05:47 - msg_id_0200 ==> 7E02000042660000000002065300000000000C000300C64711049FAC28039000000000260327170546010400000000140400000000150400000000160400000000170200002A02000030014D310112417E
2026-03-27 17:06:18 - msg_id_0200 ==> 7E02000042660000000002065E00000000000C000300C64712049FAC20039000000000260327170617010400000000140400000000150400000000160400000000170200002A02000030014D310112157E
2026-03-27 17:06:49 - msg_id_0200 ==> 7E02000042660000000002066900000000000C000300C64712049FAC20039000000000260327170648010400000000140400000000150400000000160400000000170200002A02000030014D3101137C7E
2026-03-27 17:07:20 - msg_id_0200 ==> 7E02000042660000000002067400000000000C000300C64714049FAC20039000000000260327170719010400000000140400000000150400000000160400000000170200002A02000030014D310112367E
2026-03-27 17:07:51 - msg_id_0200 ==> 7E02000042660000000002067F00000000000C000300C64714049FAC20039000000000260327170750010400000000140400000000150400000000160400000000170200002A02000030014D310113757E
2026-03-27 17:07:51 - msg_id_0200 ==> 7E02000042660000000002068000000100000C000300C64714049FAC20039000000000260327170750010400000000140400000000150400000000160400000000170200002A02000030014D3101138B7E
2026-03-27 17:08:22 - msg_id_0200 ==> 7E02000042660000000002068B00000000000C000300C64716049FAC18039000000000260327170821010400000000140400000000150400000000160400000000170200002A02000030014D310113C57E
2026-03-27 17:08:53 - msg_id_0200 ==> 7E02000042660000000002069600000000000C000300C64717049FAC20039000000000260327170852010400000000140400000000150400000000160400000000170200002A02000030014D310113927E
2026-03-27 17:09:24 - msg_id_0200 ==> 7E0200004266000000000206A100000000000C000300C6471F049FAC20039000000000260327170923010400000000140400000000150400000000160400000000170200002A02000030014D310113DD7E
2026-03-27 17:09:55 - msg_id_0200 ==> 7E0200004266000000000206AC00000000000C000300C64720049FAC28038F00000000260327170954010400000000140400000000150400000000160400000000170200002A02000030014D3101118D7E
2026-03-27 17:10:26 - msg_id_0200 ==> 7E0200004266000000000206B700000000000C000300C64721049FAC30038F00000000260327171025010400000000140400000000150400000000160400000000170200002A02000030014D310112E47E
2026-03-27 17:10:57 - msg_id_0200 ==> 7E0200004266000000000206C200000000000C000300C64723049FAC38038E00000000260327171056010400000000140400000000150400000000160400000000170200002A02000030014D310113E87E
2026-03-27 17:11:28 - msg_id_0200 ==> 7E0200004266000000000206CD00000000000C000300C64726049FAC38038E00000000260327171127010400000000140400000000150400000000160400000000170200002A02000030014D310111907E
2026-03-27 17:11:59 - msg_id_0200 ==> 7E0200004266000000000206D800000000000C000300C6472D049FAC38038D00000000260327171158010400000000140400000000150400000000160400000000170200002A02000030013D310112817E
2026-03-27 17:12:30 - msg_id_0200 ==> 7E0200004266000000000206E300000000000C000300C64736049FAC40038D00000000260327171229010400000000140400000000150400000000160400000000170200002A02000030013D310113AA7E
2026-03-27 17:13:01 - msg_id_0200 ==> 7E0200004266000000000206EE00000000000C000300C6473A049FAC38038C00000000260327171300010400000000140400000000150400000000160400000000170200002A020000300140310113877E
2026-03-27 17:13:32 - msg_id_0200 ==> 7E0200004266000000000206F900000000000C000300C64736049FAC38038C00000000260327171331010400000000140400000000150400000000160400000000170200002A020000300140310111AF7E
2026-03-27 17:14:03 - msg_id_0200 ==> 7E02000042660000000002070400000000000C000300C64734049FAC38038C00000000260327171402010400000000140400000000150400000000160400000000170200002A020000300140310112667E
2026-03-27 17:14:34 - msg_id_0200 ==> 7E02000042660000000002070F00000000000C000300C64732049FAC38038D00000000260327171433010400000000140400000000150400000000160400000000170200002A0200003001403101125B7E
2026-03-27 17:15:05 - msg_id_0200 ==> 7E02000042660000000002071A00000000000C000300C64731049FAC38038D00000000260327171504010400000000140400000000150400000000160400000000170200002A02000030013D310111057E
2026-03-27 17:15:36 - msg_id_0200 ==> 7E02000042660000000002072500000000000C000300C64732049FAC38038C00000000260327171535010400000000140400000000150400000000160400000000170200002A02000030013D310110087E
2026-03-27 17:16:07 - msg_id_0200 ==> 7E02000042660000000002073000000000000C000300C64732049FAC40038C00000000260327171606010400000000140400000000150400000000160400000000170200002A02000030013D310110557E
2026-03-27 17:16:38 - msg_id_0200 ==> 7E02000042660000000002073B00000000000C000300C64732049FAC40038C00000000260327171637010400000000140400000000150400000000160400000000170200002A020000300143310111107E
2026-03-27 17:17:09 - msg_id_0200 ==> 7E02000042660000000002074600000000000C000300C6472D049FAC40038C00000000260327171708010400000000140400000000150400000000160400000000170200002A02000030013D310113307E
2026-03-27 17:17:40 - msg_id_0200 ==> 7E02000042660000000002075100000000000C000300C6472C049FAC40038C00000000260327171739010400000000140400000000150400000000160400000000170200002A02000030013D310113177E
2026-03-27 17:18:11 - msg_id_0200 ==> 7E02000042660000000002075C00000000000C000300C6472D049FAC48038C00000000260327171810010400000000140400000000150400000000160400000000170200002A02000030013D310113357E
2026-03-27 17:18:42 - msg_id_0200 ==> 7E02000042660000000002076700000000000C000300C6472D049FAC48038C00000000260327171841010400000000140400000000150400000000160400000000170200002A02000030013D3101125E7E
2026-03-27 17:19:13 - msg_id_0200 ==> 7E02000042660000000002077200000000000C000300C6472B049FAC48038D00000000260327171912010400000000140400000000150400000000160400000000170200002A02000030013D3101101C7E
2026-03-27 17:19:44 - msg_id_0200 ==> 7E02000042660000000002077D0100000000000C000300C6472B049FAC48038D00000000260327171943010400000000140400000000150400000000160400000000170200002A02000030013D310112407E
2026-03-27 17:19:45 - msg_id_0200 ==> 7E02000042660000000002077F00000100000C000300C6472C049FAC48038D00000000260327171944010400000000140400000000150400000000160400000000170200002A02000030013D310112437E
2026-03-27 17:20:15 - msg_id_0200 ==> 7E02000042660000000002078B00000000000C000300C6472D049FAC48038C00000000260327172014010400000000140400000000150400000000160400000000170200002A02000030013D310113DE7E
2026-03-27 17:20:46 - msg_id_0200 ==> 7E02000042660000000002079500000000000C000300C6472D049FAC50038C00000000260327172045010400000000140400000000150400000000160400000000170200002A02000030013D3101108A7E
2026-03-27 17:21:17 - msg_id_0200 ==> 7E0200004266000000000207A000000000000C000300C6472E049FAC50038C00000000260327172116010400000000140400000000150400000000160400000000170200002A02000030013D310110EE7E
2026-03-27 17:21:48 - msg_id_0200 ==> 7E0200004266000000000207AC00000000000C000300C64730049FAC50038C00000000260327172147010400000000140400000000150400000000160400000000170200002A02000030013D310110AD7E
2026-03-27 17:22:19 - msg_id_0200 ==> 7E0200004266000000000207B600000000000C000300C64731049FAC58038C00000000260327172218010400000000140400000000150400000000160400000000170200002A02000030013D310112E07E
2026-03-27 17:22:50 - msg_id_0200 ==> 7E0200004266000000000207C100000000000C000300C64732049FAC58038C00000000260327172249010400000000140400000000150400000000160400000000170200002A02000030013D310113C47E
2026-03-27 17:23:21 - msg_id_0200 ==> 7E0200004266000000000207CD00000000000C000300C64731049FAC58038C00000000260327172320010400000000140400000000150400000000160400000000170200002A020000300143310114DA7E
2026-03-27 17:23:52 - msg_id_0200 ==> 7E0200004266000000000207D700000000000C000300C64734049FAC58038C00000000260327172351010400000000140400000000150400000000160400000000170200002A02000030013D310114CA7E
2026-03-27 17:24:23 - msg_id_0200 ==> 7E0200004266000000000207E200000000000C000300C64735049FAC60038C00000000260327172422010400000000140400000000150400000000160400000000170200002A02000030013D310113B57E
2026-03-27 17:24:54 - msg_id_0200 ==> 7E0200004266000000000207EE00000000000C000300C64734049FAC68038C00000000260327172453010400000000140400000000150400000000160400000000170200002A02000030013D310111C37E
2026-03-27 17:25:25 - msg_id_0200 ==> 7E0200004266000000000207F800000000000C000300C64732049FAC70038C00000000260327172524010400000000140400000000150400000000160400000000170200002A020000300143310112C07E
2026-03-27 17:25:56 - msg_id_0200 ==> 7E02000042660000000002080300000000000C000300C64733049FAC78038C00000000260327172555010400000000140400000000150400000000160400000000170200002A02000030013D310114347E
2026-03-27 17:26:27 - msg_id_0200 ==> 7E02000042660000000002080F00000000000C000300C64736049FAC80038C00000000260327172626010400000000140400000000150400000000160400000000170200002A02000030013D310113B27E
2026-03-27 17:26:58 - msg_id_0200 ==> 7E02000042660000000002081900000000000C000300C64735049FAC80038C00000000260327172657010400000000140400000000150400000000160400000000170200002A02000030013D310114D17E
2026-03-27 17:27:29 - msg_id_0200 ==> 7E02000042660000000002082400000000000C000300C64736049FAC80038C00000000260327172728010400000000140400000000150400000000160400000000170200002A020000300140310112EA7E
2026-03-27 17:28:00 - msg_id_0200 ==> 7E02000042660000000002083000000000000C000300C64737049FAC80038C00000000260327172759010400000000140400000000150400000000160400000000170200002A020000300140310114887E
2026-03-27 17:28:31 - msg_id_0200 ==> 7E02000042660000000002083A00000000000C000300C64738049FAC88038C00000000260327172830010400000000140400000000150400000000160400000000170200002A020000300140310112E57E
2026-03-27 17:29:02 - msg_id_0200 ==> 7E02000042660000000002084500000000000C000300C6473A049FAC80038B00000000260327172901010400000000140400000000150400000000160400000000170200002A020000300140310113A67E
2026-03-27 17:29:34 - msg_id_0200 ==> 7E02000042660000000002085100000000000C000300C64739049FAC88038B00000000260327172932010400000000140400000000150400000000160400000000170200002A0200003001403101148D7E
2026-03-27 17:30:04 - msg_id_0200 ==> 7E02000042660000000002085B00000000000C000300C64737049FAC88038C00030000260327173003010400000000140400000000150400000000160400000000170200002A020000300140310114A57E
2026-03-27 17:30:35 - msg_id_0200 ==> 7E02000042660000000002086600000000000C000300C64734049FAC88038C00000000260327173034010400000000140400000000150400000000160400000000170200002A020000300140310113A87E
2026-03-27 17:31:07 - msg_id_0200 ==> 7E02000042660000000002087200000000000C000300C64736049FAC88038C00000000260327173105010400000000140400000000150400000000160400000000170200002A020000300140310114897E
2026-03-27 17:31:37 - msg_id_0200 ==> 7E02000042660000000002087C00000000000C000300C6473B049FAC90038C00000000260327173136010400000000140400000000150400000000160400000000170200002A020000300140310110A57E
2026-03-27 17:31:41 - msg_id_0200 ==> 7E02000042660000000002087F00000100000C000300C6473C049FAC90038C00000000260327173140010400000000140400000000150400000000160400000000170200002A020000300140310111D77E
2026-03-27 17:32:08 - msg_id_0200 ==> 7E02000042660000000002088900000000000C000300C6473D049FAC90038C00000000260327173207010400000000140400000000150400000000160400000000170200002A020000300140310114607E
2026-03-27 17:32:39 - msg_id_0200 ==> 7E02000042660000000002089400000000000C000300C6473E049FAC90038C00000000260327173238010400000000140400000000150400000000160400000000170200002A020000300140310114417E
2026-03-27 17:33:10 - msg_id_0200 ==> 7E02000042660000000002089F00000000000C000300C64740049FAC90038B00000000260327173309010400000000140400000000150400000000160400000000170200002A020000300140310114037E
2026-03-27 17:33:41 - msg_id_0200 ==> 7E0200004266000000000208AA00000000000C000300C6473E049FAC90038B00000000260327173340010400000000140400000000150400000000160400000000170200002A020000300140310112077E
2026-03-27 17:34:12 - msg_id_0200 ==> 7E0200004266000000000208B500000000000C000300C6473F049FAC90038B00000000260327173411010400000000140400000000150400000000160400000000170200002A0200003001403101114C7E
2026-03-27 17:34:43 - msg_id_0200 ==> 7E0200004266000000000208C000000000000C000300C64740049FAC90038B00000000260327173442010400000000140400000000150400000000160400000000170200002A020000300140310113177E
2026-03-27 17:35:14 - msg_id_0200 ==> 7E0200004266000000000208CB00000000000C000300C64742049FAC90038B00000000260327173513010400000000140400000000150400000000160400000000170200002A0200003001403101134E7E
2026-03-27 17:35:45 - msg_id_0200 ==> 7E0200004266000000000208D600000000000C000300C64744049FAC90038B00000000260327173544010400000000140400000000150400000000160400000000170200002A020000300140310115047E
2026-03-27 17:36:16 - msg_id_0200 ==> 7E0200004266000000000208E100000000000C000300C64745049FAC90038B00000000260327173615010400000000140400000000150400000000160400000000170200002A020000300140310114617E
2026-03-27 17:36:47 - msg_id_0200 ==> 7E0200004266000000000208EC00000000000C000300C64745049FAC90038B00000000260327173646010400000000140400000000150400000000160400000000170200002A0200003001403101143F7E
2026-03-27 17:37:18 - msg_id_0200 ==> 7E0200004266000000000208F700000000000C000300C64746049FAC88038B00000000260327173717010400000000140400000000150400000000160400000000170200002A0200003001403101156E7E
2026-03-27 17:37:49 - msg_id_0200 ==> 7E02000042660000000002090200000000000C000300C64745049FAC88038B00000000260327173748010400000000140400000000150400000000160400000000170200002A020000300140310115C67E
2026-03-27 17:38:20 - msg_id_0200 ==> 7E02000042660000000002090D00000000000C000300C64746049FAC80038B00000000260327173819010400000000140400000000150400000000160400000000170200002A0200003001403101159C7E
2026-03-27 17:38:51 - msg_id_0200 ==> 7E02000042660000000002091800000000000C000300C64749049FAC80038B00000000260327173850010400000000140400000000150400000000160400000000170200002A020000300140310115CF7E
2026-03-27 17:39:22 - msg_id_0200 ==> 7E02000042660000000002092300000000000C000300C6474D049FAC80038B00000000260327173921010400000000140400000000150400000000160400000000170200002A020000300140310115807E
2026-03-27 17:39:53 - msg_id_0200 ==> 7E02000042660000000002092E00000000000C000300C6474E049FAC80038B00000000260327173952010400000000140400000000150400000000160400000000170200002A020000300140310114FC7E
2026-03-27 17:40:24 - msg_id_0200 ==> 7E02000042660000000002093900000000000C000300C6474F049FAC78038B00000000260327174023010400000000140400000000150400000000160400000000170200002A0200003001403101131D7E
2026-03-27 17:40:55 - msg_id_0200 ==> 7E02000042660000000002094400000000000C000300C64750049FAC78038B00000000260327174054010400000000140400000000150400000000160400000000170200002A020000300140310113087E
2026-03-27 17:41:26 - msg_id_0200 ==> 7E02000042660000000002094F00000000000C000300C64755049FAC78038B00000000260327174125010400000000140400000000150400000000160400000000170200002A020000300140310112777E
2026-03-27 17:41:57 - msg_id_0200 ==> 7E02000042660000000002095A00000000000C000300C64758049FAC78038A00000000260327174156010400000000140400000000150400000000160400000000170200002A0200003001403101121D7E
2026-03-27 17:42:28 - msg_id_0200 ==> 7E02000042660000000002096500000000000C000300C64756049FAC70038A00000000260327174227010400000000140400000000150400000000160400000000170200002A020000300140310113577E
2026-03-27 17:42:59 - msg_id_0200 ==> 7E02000042660000000002097000000000000C000300C6474F049FAC70038A00000000260327174258010400000000140400000000150400000000160400000000170200002A020000300140310113247E
2026-03-27 17:43:30 - msg_id_0200 ==> 7E02000042660000000002097B00000000000C000300C64753049FAC70038B00000000260327174329010400000000140400000000150400000000160400000000170200002A020000300140310112437E
2026-03-27 17:43:38 - msg_id_0200 ==> 7E02000042660000000002097F00000100000C000300C64753049FAC70038B00000000260327174337010400000000140400000000150400000000160400000000170200002A0200003001403101145E7E
2026-03-27 17:44:02 - msg_id_0200 ==> 7E02000042660000000002098800000000000C000300C64753049FAC70038B00000000260327174400010400000000140400000000150400000000160400000000170200002A0200003001403101109C7E
2026-03-27 17:44:32 - msg_id_0200 ==> 7E02000042660000000002099200000000000C000300C64755049FAC68038B00000000260327174431010400000000140400000000150400000000160400000000170200002A020000300140310113AA7E
2026-03-27 17:45:03 - msg_id_0200 ==> 7E02000042660000000002099D00000000000C000300C6474F049FAC70038B00000000260327174502010400000000140400000000150400000000160400000000170200002A020000300140310110967E
2026-03-27 17:45:35 - msg_id_0200 ==> 7E0200004266000000000209A900000000000C000300C64746049FAC78038B00000000260327174533010400000000140400000000150400000000160400000000170200002A020000300140310111937E
2026-03-27 17:46:05 - msg_id_0200 ==> 7E0200004266000000000209B300000000000C000300C64747049FAC70038C00000000260327174604010400000000140400000000150400000000160400000000170200002A02000030013D310113CC7E
2026-03-27 17:46:36 - msg_id_0200 ==> 7E0200004266000000000209BE00000000000C000300C64745049FAC78038C00000000260327174635010400000000140400000000150400000000160400000000170200002A02000030013D310111F87E
2026-03-27 17:47:07 - msg_id_0200 ==> 7E0200004266000000000209CA00000000000C000300C64747049FAC78038B00000000260327174706010400000000140400000000150400000000160400000000170200002A02000030013D31010FA57E
2026-03-27 17:47:38 - msg_id_0200 ==> 7E0200004266000000000209D400000000000C000300C6473F049FAC78038B00000000260327174737010400000000140400000000150400000000160400000000170200002A02000030013D31010FF27E
2026-03-27 17:48:09 - msg_id_0200 ==> 7E0200004266000000000209DF00000000000C000300C6473B049FAC78038B00000000260327174808010400000000140400000000150400000000160400000000170200002A02000030013D310113D17E
2026-03-27 17:48:41 - msg_id_0200 ==> 7E0200004266000000000209EB00000000000C000300C64739049FAC80038B00000000260327174839010400000000140400000000150400000000160400000000170200002A02000030013D3101122F7E
2026-03-27 17:49:11 - msg_id_0200 ==> 7E0200004266000000000209F500000000000C000300C6473B049FAC88038B00000000260327174910010400000000140400000000150400000000160400000000170200002A02000030013D310110117E
2026-03-27 17:49:42 - msg_id_0200 ==> 7E020000426600000000020A0000000000000C000300C6473A049FAC88038B00000000260327174941010400000000140400000000150400000000160400000000170200002A02000030013D310112B57E
2026-03-27 17:50:13 - msg_id_0200 ==> 7E020000426600000000020A0C00000000000C000300C6473B049FAC88038A00000000260327175012010400000000140400000000150400000000160400000000170200002A02000030013D310111F07E
2026-03-27 17:50:44 - msg_id_0200 ==> 7E020000426600000000020A1600000000000C000300C64738049FAC90038A00040000260327175043010400000000140400000000150400000000160400000000170200002A02000030014031010FC77E
2026-03-27 17:51:15 - msg_id_0200 ==> 7E020000426600000000020A2100000000000C000300C64733049FACA0038A00000000260327175114010400000000140400000000150400000000160400000000170200002A020000300140310112847E
2026-03-27 17:51:46 - msg_id_0200 ==> 7E020000426600000000020A2D00000000000C000300C64735049FACA8038A00000000260327175145010400000000140400000000150400000000160400000000170200002A020000300140310111D47E
2026-03-27 17:52:17 - msg_id_0200 ==> 7E020000426600000000020A3700000000000C000300C6472D049FACA8038900000000260327175216010400000000140400000000150400000000160400000000170200002A020000300140310112867E
2026-03-27 17:52:48 - msg_id_0200 ==> 7E020000426600000000020A4200000000000C000300C64726049FACA0038A00000000260327175247010400000000140400000000150400000000160400000000170200002A020000300140310110A07E
2026-03-27 17:53:18 - msg_id_0200 ==> 7E020000426600000000020A4D00000000000C000300C64726049FACA0038A00000000260327175318010400000000140400000000150400000000160400000000170200002A020000300140310110F17E
2026-03-27 17:53:50 - msg_id_0200 ==> 7E020000426600000000020A5800000000000C000300C64726049FACA0038A00000000260327175349010400000000140400000000150400000000160400000000170200002A020000300140310112B77E
2026-03-27 17:54:21 - msg_id_0200 ==> 7E020000426600000000020A6300000000000C000300C64729049FACA8038B00000000260327175420010400000000140400000000150400000000160400000000170200002A020000300140310111E77E
2026-03-27 17:54:52 - msg_id_0200 ==> 7E020000426600000000020A6E00000000000C000300C64728049FACA8038A00000000260327175451010400000000140400000000150400000000160400000000170200002A0200003001403101119B7E
2026-03-27 17:55:23 - msg_id_0200 ==> 7E020000426600000000020A7900000000000C000300C64727049FACA8038A00000000260327175522010400000000140400000000150400000000160400000000170200002A020000300140310112F27E
2026-03-27 17:55:36 - msg_id_0200 ==> 7E020000426600000000020A7F00000100000C000300C64727049FACA8038A00000000260327175535010400000000140400000000150400000000160400000000170200002A020000300140310111E17E
2026-03-27 17:55:54 - msg_id_0200 ==> 7E020000426600000000020A8600000000000C000300C64728049FACA8038A00000000260327175553010400000000140400000000150400000000160400000000170200002A020000300140310114757E
2026-03-27 17:56:25 - msg_id_0200 ==> 7E020000426600000000020A9100000000000C000300C64727049FACA8038A00000000260327175624010400000000140400000000150400000000160400000000170200002A02000030013D310111617E
2026-03-27 17:56:56 - msg_id_0200 ==> 7E020000426600000000020A9C00000000000C000300C64727049FACA8038A00000000260327175655010400000000140400000000150400000000160400000000170200002A020000300140310114657E
2026-03-27 17:57:27 - msg_id_0200 ==> 7E020000426600000000020AA700000000000C000300C64727049FACA8038A00000000260327175726010400000000140400000000150400000000160400000000170200002A0200003001403101122A7E
2026-03-27 17:57:58 - msg_id_0200 ==> 7E020000426600000000020AB200000000000C000300C64726049FACA8038B00000000260327175757010400000000140400000000150400000000160400000000170200002A0200003001403101134F7E
2026-03-27 17:58:29 - msg_id_0200 ==> 7E020000426600000000020ABD00000000000C000300C64729049FACA8038A00000000260327175828010400000000140400000000150400000000160400000000170200002A02000030013D310114447E
2026-03-27 17:59:00 - msg_id_0200 ==> 7E020000426600000000020AC800000000000C000300C6472D049FACA0038A00000000260327175859010400000000140400000000150400000000160400000000170200002A02000030013D3101124A7E
2026-03-27 17:59:31 - msg_id_0200 ==> 7E020000426600000000020AD300000000000C000300C6472F049FACA0038B00000000260327175930010400000000140400000000150400000000160400000000170200002A02000030013D3101143C7E
2026-03-27 18:00:02 - msg_id_0200 ==> 7E020000426600000000020ADE00000000000C000300C6472F049FACA0038B00000000260327180001010400000000140400000000150400000000160400000000170200002A02000030013D310114567E
2026-03-27 18:00:33 - msg_id_0200 ==> 7E020000426600000000020AE900000000000C000300C64733049FACA0038A00000000260327180032010400000000140400000000150400000000160400000000170200002A02000030013D310113487E
2026-03-27 18:01:04 - msg_id_0200 ==> 7E020000426600000000020AF400000000000C000300C64736049FACA0038A00000000260327180103010400000000140400000000150400000000160400000000170200002A02000030013D310113607E
2026-03-27 18:01:35 - msg_id_0200 ==> 7E020000426600000000020AFF00000000000C000300C64738049FACA0038A00000000260327180134010400000000140400000000150400000000160400000000170200002A0200003001433101122D7E
2026-03-27 18:02:06 - msg_id_0200 ==> 7E020000426600000000020B0A00000000000C000300C64737049FACA0038A00000000260327180205010400000000140400000000150400000000160400000000170200002A020000300140310114E17E
2026-03-27 18:02:37 - msg_id_0200 ==> 7E020000426600000000020B1500000000000C000300C64738049FACA0038A00000000260327180236010400000000140400000000150400000000160400000000170200002A020000300140310113C57E
2026-03-27 18:03:08 - msg_id_0200 ==> 7E020000426600000000020B2000000000000C000300C64739049FACA0038A00000000260327180307010400000000140400000000150400000000160400000000170200002A020000300140310113C17E
2026-03-27 18:03:39 - msg_id_0200 ==> 7E020000426600000000020B2B00000000000C000300C6473A049FACA0038900000000260327180338010400000000140400000000150400000000160400000000170200002A020000300140310113F57E
2026-03-27 18:04:10 - msg_id_0200 ==> 7E020000426600000000020B3600000000000C000300C6473C049FACA0038900000000260327180409010400000000140400000000150400000000160400000000170200002A020000300140310114DF7E
2026-03-27 18:04:41 - msg_id_0200 ==> 7E020000426600000000020B4100000000000C000300C6473E049FACA0038900000000260327180440010400000000140400000000150400000000160400000000170200002A020000300140310113E47E
2026-03-27 18:05:12 - msg_id_0200 ==> 7E020000426600000000020B4C00000000000C000300C6473E049FACA8038900000000260327180511010400000000140400000000150400000000160400000000170200002A020000300140310115B77E
2026-03-27 18:05:43 - msg_id_0200 ==> 7E020000426600000000020B5700000000000C000300C6473D049FACA0038900000000260327180542010400000000140400000000150400000000160400000000170200002A020000300140310113F27E
2026-03-27 18:06:14 - msg_id_0200 ==> 7E020000426600000000020B6200000000000C000300C6473D049FACA0038900000000260327180613010400000000140400000000150400000000160400000000170200002A020000300140310115937E
2026-03-27 18:06:45 - msg_id_0200 ==> 7E020000426600000000020B6D00000000000C000300C6473D049FAC98038900000000260327180644010400000000140400000000150400000000160400000000170200002A020000300140310114F27E
2026-03-27 18:07:16 - msg_id_0200 ==> 7E020000426600000000020B7800000000000C000300C6473D049FACA0038900000000260327180715010400000000140400000000150400000000160400000000170200002A0200003001403101158E7E
2026-03-27 18:07:34 - msg_id_0200 ==> 7E020000426600000000020B7F00000100000C000300C6473E049FACA0038900000000260327180733010400000000140400000000150400000000160400000000170200002A020000300143310114AF7E
2026-03-27 18:07:47 - msg_id_0200 ==> 7E020000426600000000020B8500000000000C000300C6473E049FACA0038900000000260327180746010400000000140400000000150400000000160400000000170200002A020000300143310114217E
2026-03-27 18:08:18 - msg_id_0200 ==> 7E020000426600000000020B8F00000000000C000300C6473E049FACA0038900000000260327180817010400000000140400000000150400000000160400000000170200002A020000300143310114757E
2026-03-27 18:08:49 - msg_id_0200 ==> 7E020000426600000000020B9A00000000000C000300C6473F049FACA0038900000000260327180848010400000000140400000000150400000000160400000000170200002A020000300143310113397E
2026-03-27 18:09:20 - msg_id_0200 ==> 7E020000426600000000020BA600000000000C000300C64740049FACA0038900000000260327180919010400000000140400000000150400000000160400000000170200002A0200003001433101142D7E
2026-03-27 18:09:51 - msg_id_0200 ==> 7E020000426600000000020BB000000000000C000300C64740049FACA0038900000000260327180950010400000000140400000000150400000000160400000000170200002A020000300143310115737E
2026-03-27 18:10:22 - msg_id_0200 ==> 7E020000426600000000020BBB00000000000C000300C64742049FACA8038900000000260327181021010400000000140400000000150400000000160400000000170200002A0200003001433101151A7E
2026-03-27 18:10:53 - msg_id_0200 ==> 7E020000426600000000020BC700000000000C000300C64744049FACA0038900000000260327181052010400000000140400000000150400000000160400000000170200002A0200003001433101151B7E
2026-03-27 18:11:24 - msg_id_0200 ==> 7E020000426600000000020BD100000000000C000300C64747049FACA0038900000000260327181123010400000000140400000000150400000000160400000000170200002A0200003001433101147F7E
2026-03-27 18:11:55 - msg_id_0200 ==> 7E020000426600000000020BDC00000000000C000300C64748049FACA0038900000000260327181154010400000000140400000000150400000000160400000000170200002A020000300143310116087E
2026-03-27 18:12:26 - msg_id_0200 ==> 7E020000426600000000020BE800000000000C000300C64748049FACA0038900000000260327181225010400000000140400000000150400000000160400000000170200002A0200003001433101174F7E
2026-03-27 18:12:57 - msg_id_0200 ==> 7E020000426600000000020BF200000000000C000300C64749049FACA0038900000000260327181256010400000000140400000000150400000000160400000000170200002A020000300143310115257E
2026-03-27 18:13:28 - msg_id_0200 ==> 7E020000426600000000020BFD00000000000C000300C64746049FACA0038900000000260327181327010400000000140400000000150400000000160400000000170200002A020000300143310115557E
2026-03-27 18:13:59 - msg_id_0200 ==> 7E020000426600000000020C0900000000000C000300C64745049FACA0038900000000260327181358010400000000140400000000150400000000160400000000170200002A020000300143310113DC7E
2026-03-27 18:14:30 - msg_id_0200 ==> 7E020000426600000000020C1300000000000C000300C64743049FACA0038900000000260327181429010400000000140400000000150400000000160400000000170200002A020000300143310115B07E
2026-03-27 18:15:01 - msg_id_0200 ==> 7E020000426600000000020C1E00000000000C000300C64745049FACA0038900000000260327181500010400000000140400000000150400000000160400000000170200002A020000300143310115937E
2026-03-27 18:15:32 - msg_id_0200 ==> 7E020000426600000000020C2A00000000000C000300C64748049FACA8038900000000260327181531010400000000140400000000150400000000160400000000170200002A020000300143310115937E
2026-03-27 18:16:03 - msg_id_0200 ==> 7E020000426600000000020C3400000000000C000300C6474B049FACA8038900000000260327181602010400000000140400000000150400000000160400000000170200002A020000300143310113B87E
2026-03-27 18:16:34 - msg_id_0200 ==> 7E020000426600000000020C3F00000000000C000300C6474D049FACA0038900000000260327181633010400000000140400000000150400000000160400000000170200002A0200003001433101138C7E
2026-03-27 18:17:05 - msg_id_0200 ==> 7E020000426600000000020C4B00000000000C000300C64750049FACA0038900000000260327181704010400000000140400000000150400000000160400000000170200002A020000300143310114D47E
2026-03-27 18:17:36 - msg_id_0200 ==> 7E020000426600000000020C5500000000000C000300C64750049FACA0038900000000260327181735010400000000140400000000150400000000160400000000170200002A020000300143310114FB7E
2026-03-27 18:18:07 - msg_id_0200 ==> 7E020000426600000000020C6000000000000C000300C64750049FACA8038900000000260327181806010400000000140400000000150400000000160400000000170200002A020000300143310113FD7E
2026-03-27 18:18:38 - msg_id_0200 ==> 7E020000426600000000020C6C00000000000C000300C6474E049FACA8038900000000260327181837010400000000140400000000150400000000160400000000170200002A020000300143310113DE7E
2026-03-27 18:19:09 - msg_id_0200 ==> 7E020000426600000000020C7600000000000C000300C6474F049FACA8038900000000260327181908010400000000140400000000150400000000160400000000170200002A020000300143310114FC7E
2026-03-27 18:19:31 - msg_id_0200 ==> 7E020000426600000000020C7F00000100000C000300C64750049FACA8038900000000260327181930010400000000140400000000150400000000160400000000170200002A020000300143310113D47E
2026-03-27 18:19:40 - msg_id_0200 ==> 7E020000426600000000020C8300000000000C000300C64750049FACA8038900000000260327181939010400000000140400000000150400000000160400000000170200002A020000300143310112217E
2026-03-27 18:20:11 - msg_id_0200 ==> 7E020000426600000000020C8E00000000000C000300C64750049FACA8038900000000260327182010010400000000140400000000150400000000160400000000170200002A0200003001433101143A7E
2026-03-27 18:20:42 - msg_id_0200 ==> 7E020000426600000000020C9900000000000C000300C6474E049FACA8038900000000260327182041010400000000140400000000150400000000160400000000170200002A020000300143310114627E
2026-03-27 18:21:13 - msg_id_0200 ==> 7E020000426600000000020CA400000000000C000300C6474B049FACA8038900000000260327182112010400000000140400000000150400000000160400000000170200002A020000300143310114087E
2026-03-27 18:21:44 - msg_id_0200 ==> 7E020000426600000000020CAF00000000000C000300C6474B049FACA8038900000000260327182143010400000000140400000000150400000000160400000000170200002A020000300143310114527E
2026-03-27 18:22:15 - msg_id_0200 ==> 7E020000426600000000020CBA00000000000C000300C6474B049FACA0038900000000260327182214010400000000140400000000150400000000160400000000170200002A0200003001433101141B7E
2026-03-27 18:22:46 - msg_id_0200 ==> 7E020000426600000000020CC500000000000C000300C6474A049FACA0038900000000260327182245010400000000140400000000150400000000160400000000170200002A020000300143310116367E
2026-03-27 18:23:17 - msg_id_0200 ==> 7E020000426600000000020CD000000000000C000300C6474B049FACA0038900000000260327182316010400000000140400000000150400000000160400000000170200002A020000300143310115737E
2026-03-27 18:23:48 - msg_id_0200 ==> 7E020000426600000000020CDB00000000000C000300C6474A049FACA8038900000000260327182347010400000000140400000000150400000000160400000000170200002A020000300143310116237E
2026-03-27 18:24:19 - msg_id_0200 ==> 7E020000426600000000020CE600000000000C000300C6474B049FACA8038900000000260327182418010400000000140400000000150400000000160400000000170200002A020000300143310115447E
2026-03-27 18:24:50 - msg_id_0200 ==> 7E020000426600000000020CF100000000000C000300C6474B049FACA8038900000000260327182449010400000000140400000000150400000000160400000000170200002A020000300143310112057E
2026-03-27 18:25:21 - msg_id_0200 ==> 7E020000426600000000020CFC00000000000C000300C6474B049FACA8038900000000260327182520010400000000140400000000150400000000160400000000170200002A020000300143310115677E
2026-03-27 18:25:52 - msg_id_0200 ==> 7E020000426600000000020D0700000000000C000300C6474C049FACA8038A00000000260327182551010400000000140400000000150400000000160400000000170200002A020000300143310112EF7E
2026-03-27 18:26:23 - msg_id_0200 ==> 7E020000426600000000020D1200000000000C000300C6474E049FACA8038A00000000260327182622010400000000140400000000150400000000160400000000170200002A020000300143310112887E
2026-03-27 18:26:54 - msg_id_0200 ==> 7E020000426600000000020D1D00000000000C000300C6474E049FACA8038A00000000260327182653010400000000140400000000150400000000160400000000170200002A020000300143310114F07E
2026-03-27 18:27:25 - msg_id_0200 ==> 7E020000426600000000020D2800000000000C000300C64750049FACA8038A00000000260327182724010400000000140400000000150400000000160400000000170200002A020000300143310114AD7E
2026-03-27 18:27:56 - msg_id_0200 ==> 7E020000426600000000020D3300000000000C000300C64751049FACA8038A00000000260327182755010400000000140400000000150400000000160400000000170200002A020000300143310115C77E
2026-03-27 18:28:27 - msg_id_0200 ==> 7E020000426600000000020D3E00000000000C000300C64753049FACA8038900000000260327182826010400000000140400000000150400000000160400000000170200002A020000300143310116B47E
2026-03-27 18:28:58 - msg_id_0200 ==> 7E020000426600000000020D4900000000000C000300C64753049FACA8038A00000000260327182857010400000000140400000000150400000000160400000000170200002A020000300143310116B17E
2026-03-27 18:29:29 - msg_id_0200 ==> 7E020000426600000000020D5400000000000C000300C64753049FACA8038A00000000260327182928010400000000140400000000150400000000160400000000170200002A020000300143310115D17E
2026-03-27 18:30:00 - msg_id_0200 ==> 7E020000426600000000020D5F00000000000C000300C64755049FACA8038A00000000260327182959010400000000140400000000150400000000160400000000170200002A020000300143310115AD7E
2026-03-27 18:30:31 - msg_id_0200 ==> 7E020000426600000000020D6A00000000000C000300C6475C049FACA8038A00000000260327183030010400000000140400000000150400000000160400000000170200002A020000300143310115E17E
2026-03-27 18:31:02 - msg_id_0200 ==> 7E020000426600000000020D7500000000000C000300C64760049FACA0038A00000000260327183101010400000000140400000000150400000000160400000000170200002A020000300143310115FA7E
2026-03-27 18:31:29 - msg_id_0200 ==> 7E020000426600000000020D7F00000100000C000300C64763049FACA0038A00000000260327183128010400000000140400000000150400000000160400000000170200002A020000300143310115DB7E
2026-03-27 18:31:34 - msg_id_0200 ==> 7E020000426600000000020D8200000000000C000300C64764049FACA0038A00000000260327183133010400000000140400000000150400000000160400000000170200002A0200003001433101143A7E
2026-03-27 18:32:05 - msg_id_0200 ==> 7E020000426600000000020D8D00000000000C000300C64763049FACA0038A00000000260327183204010400000000140400000000150400000000160400000000170200002A020000300143310114067E
2026-03-27 18:32:36 - msg_id_0200 ==> 7E020000426600000000020D9800000000000C000300C64764049FAC98038A00000000260327183235010400000000140400000000150400000000160400000000170200002A0200003001433101121B7E
2026-03-27 18:33:07 - msg_id_0200 ==> 7E020000426600000000020DA300000000000C000300C64763049FAC98038A00000000260327183306010400000000140400000000150400000000160400000000170200002A020000300143310114137E
2026-03-27 18:33:38 - msg_id_0200 ==> 7E020000426600000000020DAE00000000000C000300C64766049FAC98038A00000000260327183337010400000000140400000000150400000000160400000000170200002A0200003001433101152B7E
2026-03-27 18:34:09 - msg_id_0200 ==> 7E020000426600000000020DB900000000000C000300C64767049FAC98038A00000000260327183408010400000000140400000000150400000000160400000000170200002A020000300143310115057E
2026-03-27 18:34:40 - msg_id_0200 ==> 7E020000426600000000020DC400000000000C000300C64766049FAC90038A00000000260327183439010400000000140400000000150400000000160400000000170200002A020000300143310114417E
2026-03-27 18:35:11 - msg_id_0200 ==> 7E020000426600000000020DCF00000000000C000300C64768049FAC98038A00000000260327183510010400000000140400000000150400000000160400000000170200002A020000300143310115657E
2026-03-27 18:35:42 - msg_id_0200 ==> 7E020000426600000000020DDA00000000000C000300C6476B049FAC98038B00000000260327183541010400000000140400000000150400000000160400000000170200002A02000030014D3101152D7E
2026-03-27 18:36:13 - msg_id_0200 ==> 7E020000426600000000020DE500000000000C000300C6476B049FAC98038B00000000260327183612010400000000140400000000150400000000160400000000170200002A02000030014D310115427E
2026-03-27 18:36:44 - msg_id_0200 ==> 7E020000426600000000020DF000000000000C000300C64769049FAC98038B00000000260327183643010400000000140400000000150400000000160400000000170200002A02000030014D310114057E
2026-03-27 18:37:15 - msg_id_0200 ==> 7E020000426600000000020DFB00000000000C000300C64768049FAC98038B00000000260327183714010400000000140400000000150400000000160400000000170200002A02000030014D3101125F7E
2026-03-27 18:37:46 - msg_id_0200 ==> 7E020000426600000000020E0600000000000C000300C64766049FAC90038B00000000260327183745010400000000140400000000150400000000160400000000170200002A02000030014D310112F67E
2026-03-27 18:38:17 - msg_id_0200 ==> 7E020000426600000000020E1100000000000C000300C64765049FAC90038B00000000260327183816010400000000140400000000150400000000160400000000170200002A02000030014D310114B87E
2026-03-27 18:38:48 - msg_id_0200 ==> 7E020000426600000000020E1C00000000000C000300C64767049FAC90038B00000000260327183847010400000000140400000000150400000000160400000000170200002A02000030014D310113E17E
2026-03-27 18:39:19 - msg_id_0200 ==> 7E020000426600000000020E2700000000000C000300C64768049FAC90038B00000000260327183918010400000000140400000000150400000000160400000000170200002A02000030014D3101138B7E
2026-03-27 18:39:50 - msg_id_0200 ==> 7E020000426600000000020E3200000000000C000300C64766049FAC98038B00000000260327183949010400000000140400000000150400000000160400000000170200002A020000300140310113C47E
2026-03-27 18:40:21 - msg_id_0200 ==> 7E020000426600000000020E3D00000000000C000300C64768049FAC98038B00000000260327184020010400000000140400000000150400000000160400000000170200002A020000300140310112D47E
2026-03-27 18:40:52 - msg_id_0200 ==> 7E020000426600000000020E4800000000000C000300C6476A049FAC90038B00000000260327184051010400000000140400000000150400000000160400000000170200002A020000300140310111D97E
2026-03-27 18:41:23 - msg_id_0200 ==> 7E020000426600000000020E5300000000000C000300C64769049FAC90038B00000000260327184122010400000000140400000000150400000000160400000000170200002A020000300140310111B37E
2026-03-27 18:41:54 - msg_id_0200 ==> 7E020000426600000000020E5E00000000000C000300C64769049FAC90038B00000000260327184153010400000000140400000000150400000000160400000000170200002A020000300140310111CF7E
2026-03-27 18:42:25 - msg_id_0200 ==> 7E020000426600000000020E6900000000000C000300C64767049FAC90038B00000000260327184224010400000000140400000000150400000000160400000000170200002A020000300140310112817E
2026-03-27 18:42:56 - msg_id_0200 ==> 7E020000426600000000020E7400000000000C000300C64765049FAC90038B00000000260327184255010400000000140400000000150400000000160400000000170200002A020000300140310113EE7E
2026-03-27 18:43:26 - msg_id_0200 ==> 7E020000426600000000020E7F00000100000C000300C64762049FAC90038B00000000260327184325010400000000140400000000150400000000160400000000170200002A020000300140310112937E
2026-03-27 18:43:31 - msg_id_0200 ==> 7E020000426600000000020E8200000000000C000300C64762049FAC90038B00000000260327184331010400000000140400000000150400000000160400000000170200002A020000300140310111787E
2026-03-27 18:44:03 - msg_id_0200 ==> 7E020000426600000000020E8D00000000000C000300C64763049FAC88038B00000000260327184402010400000000140400000000150400000000160400000000170200002A0200003001403101115A7E
2026-03-27 18:44:34 - msg_id_0200 ==> 7E020000426600000000020E9800000000000C000300C64762049FAC88038B00000000260327184433010400000000140400000000150400000000160400000000170200002A0200003001403101107D027E
2026-03-27 18:45:05 - msg_id_0200 ==> 7E020000426600000000020EA300000000000C000300C64761049FAC90038B00000000260327184504010400000000140400000000150400000000160400000000170200002A02000030014031010F777E
2026-03-27 18:45:36 - msg_id_0200 ==> 7E020000426600000000020EAE00000000000C000300C64761049FAC88038B00000000260327184535010400000000140400000000150400000000160400000000170200002A0200003001403101104C7E
2026-03-27 18:46:07 - msg_id_0200 ==> 7E020000426600000000020EB900000000000C000300C64761049FAC88038B00000000260327184606010400000000140400000000150400000000160400000000170200002A0200003001403101106B7E
2026-03-27 18:46:37 - msg_id_0200 ==> 7E020000426600000000020EC400000000000C000300C64760049FAC88038B00000000260327184637010400000000140400000000150400000000160400000000170200002A020000300140310110267E
2026-03-27 18:47:09 - msg_id_0200 ==> 7E020000426600000000020ECF00000000000C000300C64761049FAC88038B00000000260327184708010400000000140400000000150400000000160400000000170200002A02000030014031010F0D7E
2026-03-27 18:47:40 - msg_id_0200 ==> 7E020000426600000000020EDA00000000000C000300C64760049FAC88038B00000000260327184739010400000000140400000000150400000000160400000000170200002A02000030014031010E297E
2026-03-27 18:48:11 - msg_id_0200 ==> 7E020000426600000000020EE500000000000C000300C6475E049FAC80038B00000000260327184810010400000000140400000000150400000000160400000000170200002A02000030014031010F077E
2026-03-27 18:48:42 - msg_id_0200 ==> 7E020000426600000000020EF000000000000C000300C64760049FAC80038B00000000260327184841010400000000140400000000150400000000160400000000170200002A020000300140310111637E
2026-03-27 18:49:13 - msg_id_0200 ==> 7E020000426600000000020EFB00000000000C000300C64760049FAC80038B00000000260327184912010400000000140400000000150400000000160400000000170200002A0200003001403101113A7E
2026-03-27 18:49:44 - msg_id_0200 ==> 7E020000426600000000020F0600000000000C000300C64761049FAC80038B00000000260327184943010400000000140400000000150400000000160400000000170200002A020000300140310110977E
2026-03-27 18:50:15 - msg_id_0200 ==> 7E020000426600000000020F1100000000000C000300C6475E049FAC78038B00000000260327185014010400000000140400000000150400000000160400000000170200002A020000300140310110097E
2026-03-27 18:50:46 - msg_id_0200 ==> 7E020000426600000000020F1C00000000000C000300C6475B049FAC78038B00000000260327185045010400000000140400000000150400000000160400000000170200002A020000300140310110507E
2026-03-27 18:51:17 - msg_id_0200 ==> 7E020000426600000000020F2700000000000C000300C64759049FAC78038B00000000260327185116010400000000140400000000150400000000160400000000170200002A02000030014031010E257E
2026-03-27 18:51:48 - msg_id_0200 ==> 7E020000426600000000020F3200000000000C000300C64758049FAC78038B00000000260327185147010400000000140400000000150400000000160400000000170200002A02000030014031010F617E
2026-03-27 18:52:19 - msg_id_0200 ==> 7E020000426600000000020F3D00000000000C000300C64757049FAC78038B00000000260327185218010400000000140400000000150400000000160400000000170200002A020000300140310111237E
2026-03-27 18:52:50 - msg_id_0200 ==> 7E020000426600000000020F4800000000000C000300C64756049FAC78038B00000000260327185249010400000000140400000000150400000000160400000000170200002A020000300140310110077E
2026-03-27 18:53:21 - msg_id_0200 ==> 7E020000426600000000020F5300000000000C000300C64755049FAC78038B00000000260327185320010400000000140400000000150400000000160400000000170200002A020000300140310112757E
2026-03-27 18:53:52 - msg_id_0200 ==> 7E020000426600000000020F5E00000000000C000300C64755049FAC70038B00000000260327185351010400000000140400000000150400000000160400000000170200002A020000300140310111027E
2026-03-27 18:54:23 - msg_id_0200 ==> 7E020000426600000000020F6900000000000C000300C64751049FAC70038B00000000260327185422010400000000140400000000150400000000160400000000170200002A020000300140310110447E
2026-03-27 18:54:54 - msg_id_0200 ==> 7E020000426600000000020F7400000000000C000300C6474F049FAC70038B00000000260327185453010400000000140400000000150400000000160400000000170200002A020000300140310111377E
2026-03-27 18:55:24 - msg_id_0200 ==> 7E020000426600000000020F7F00000100000C000300C6474D049FAC70038B00000000260327185523010400000000140400000000150400000000160400000000170200002A0200003001403101114E7E
2026-03-27 18:56:40 - msg_id_0200 ==> 7E02000042660000000002000200000000000C000300C6474E049FAC70038B00000000260327185639010400000000140400000000150400000000160400000000170200002A020000300140310112247E
2026-03-27 18:57:11 - msg_id_0200 ==> 7E02000042660000000002000D00000000000C000300C6474E049FAC78038B00000000260327185710010400000000140400000000150400000000160400000000170200002A0200003001403101120B7E
2026-03-27 18:57:42 - msg_id_0200 ==> 7E02000042660000000002001800000000000C000300C6474E049FAC78038B00000000260327185741010400000000140400000000150400000000160400000000170200002A0200003001403101134E7E
2026-03-27 18:58:13 - msg_id_0200 ==> 7E02000042660000000002002300000000000C000300C6474F049FAC78038B00000000260327185812010400000000140400000000150400000000160400000000170200002A020000300140310112297E
2026-03-27 18:58:44 - msg_id_0200 ==> 7E02000042660000000002002E00000000000C000300C6474F049FAC78038B00000000260327185843010400000000140400000000150400000000160400000000170200002A020000300140310111767E
2026-03-27 18:59:15 - msg_id_0200 ==> 7E02000042660000000002003900000000000C000300C6474F049FAC78038B00000000260327185914010400000000140400000000150400000000160400000000170200002A020000300140310111377E
2026-03-27 18:59:46 - msg_id_0200 ==> 7E02000042660000000002004400000000000C000300C6474D049FAC78038B00000000260327185945010400000000140400000000150400000000160400000000170200002A0200003001403101121A7E
2026-03-27 19:00:17 - msg_id_0200 ==> 7E02000042660000000002004F00000000000C000300C6474D049FAC78038B00000000260327190016010400000000140400000000150400000000160400000000170200002A0200003001403101121A7E
2026-03-27 19:00:48 - msg_id_0200 ==> 7E02000042660000000002005A00000000000C000300C6474D049FAC78038B00000000260327190047010400000000140400000000150400000000160400000000170200002A0200003001403101125E7E
2026-03-27 19:01:19 - msg_id_0200 ==> 7E02000042660000000002006500000000000C000300C6474D049FAC80038B00000000260327190118010400000000140400000000150400000000160400000000170200002A020000300140310111C47E
2026-03-27 19:01:50 - msg_id_0200 ==> 7E02000042660000000002007000000000000C000300C6474D049FAC80038B00000000260327190149010400000000140400000000150400000000160400000000170200002A020000300140310111807E
2026-03-27 19:02:21 - msg_id_0200 ==> 7E02000042660000000002007B00000000000C000300C6474E049FAC80038B00000000260327190220010400000000140400000000150400000000160400000000170200002A020000300140310111E27E
2026-03-27 19:02:29 - msg_id_0200 ==> 7E02000042660000000002007F00000100000C000300C6474E049FAC80038B00000000260327190228010400000000140400000000150400000000160400000000170200002A020000300140310111EF7E
2026-03-27 19:03:12 - msg_id_0200 ==> 7E02000042660000000002000200000000000C000300C64750049FAC80038B00000000260327190311010400000000140400000000150400000000160400000000170200002A02000030014D310110B97E
2026-03-27 19:03:43 - msg_id_0200 ==> 7E02000042660000000002000D00000000000C000300C64753049FAC80038B00000000260327190342010400000000140400000000150400000000160400000000170200002A02000030014D310113E57E
2026-03-27 19:04:14 - msg_id_0200 ==> 7E02000042660000000002001800000000000C000300C64752049FAC88038B00000000260327190413010400000000140400000000150400000000160400000000170200002A02000030014D310114A87E
2026-03-27 19:04:45 - msg_id_0200 ==> 7E02000042660000000002002300000000000C000300C64752049FAC88038B00000000260327190444010400000000140400000000150400000000160400000000170200002A02000030014D310114C47E
2026-03-27 19:05:15 - msg_id_0200 ==> 7E02000042660000000002002E00000000000C000300C64754049FAC88038B00000000260327190515010400000000140400000000150400000000160400000000170200002A02000030014D310113987E
2026-03-27 19:05:47 - msg_id_0200 ==> 7E02000042660000000002003900000000000C000300C64753049FAC88038B00000000260327190546010400000000140400000000150400000000160400000000170200002A02000030014D310113DB7E
2026-03-27 19:06:18 - msg_id_0200 ==> 7E02000042660000000002004400000000000C000300C64751049FAC88038B00000000260327190617010400000000140400000000150400000000160400000000170200002A02000030014D310113F67E
2026-03-27 19:06:49 - msg_id_0200 ==> 7E02000042660000000002004F00000000000C000300C6475E049FAC88038B00000000260327190648010400000000140400000000150400000000160400000000170200002A02000030014D310115AB7E
2026-03-27 19:07:20 - msg_id_0200 ==> 7E02000042660000000002005A00000000000C000300C64760049FAC90038B00000000260327190719010400000000140400000000150400000000160400000000170200002A02000030014D310115C87E
2026-03-27 19:07:51 - msg_id_0200 ==> 7E02000042660000000002006500000000000C000300C64760049FAC90038B00000000260327190750010400000000140400000000150400000000160400000000170200002A020000300140310114B27E
2026-03-27 19:08:22 - msg_id_0200 ==> 7E02000042660000000002007000000000000C000300C64760049FAC98038B00000000260327190821010400000000140400000000150400000000160400000000170200002A020000300140310114D17E
2026-03-27 19:08:53 - msg_id_0200 ==> 7E02000042660000000002007B00000000000C000300C64763049FAC98038C00000000260327190852010400000000140400000000150400000000160400000000170200002A020000300140310114AD7E
2026-03-27 19:09:01 - msg_id_0200 ==> 7E02000042660000000002007F00000100000C000300C64763049FAC98038C00000000260327190900010400000000140400000000150400000000160400000000170200002A020000300140310114FB7E
2026-03-27 19:09:44 - msg_id_0200 ==> 7E02000042660000000002000200000000000C000300C64765049FAC98038C00000000260327190943010400000000140400000000150400000000160400000000170200002A020000300140310112C47E
2026-03-27 19:10:15 - msg_id_0200 ==> 7E02000042660000000002000D00000000000C000300C64765049FACA0038C00000000260327191014010400000000140400000000150400000000160400000000170200002A020000300140310110BF7E
2026-03-27 19:10:45 - msg_id_0200 ==> 7E02000042660000000002001800000000000C000300C64765049FACA0038C00000000260327191045010400000000140400000000150400000000160400000000170200002A020000300140310112F97E
2026-03-27 19:11:17 - msg_id_0200 ==> 7E02000042660000000002002300000000000C000300C64765049FACA0038C00000000260327191116010400000000140400000000150400000000160400000000170200002A020000300140310112907E
2026-03-27 19:11:48 - msg_id_0200 ==> 7E02000042660000000002002E00000000000C000300C64761049FACA8038C00000000260327191147010400000000140400000000150400000000160400000000170200002A020000300140310112C07E
2026-03-27 19:12:18 - msg_id_0200 ==> 7E02000042660000000002003900000000000C000300C64763049FACA8038C00000000260327191218010400000000140400000000150400000000160400000000170200002A02000030014031010F947E
2026-03-27 19:12:50 - msg_id_0200 ==> 7E02000042660000000002004400000000000C000300C64763049FACA8038C00000000260327191249010400000000140400000000150400000000160400000000170200002A020000300140310111A67E
2026-03-27 19:13:21 - msg_id_0200 ==> 7E02000042660000000002004F00000000000C000300C64764049FACA8038C00000000260327191320010400000000140400000000150400000000160400000000170200002A020000300140310111C27E
2026-03-27 19:13:52 - msg_id_0200 ==> 7E02000042660000000002005A00000000000C000300C64762049FACB0038C00000000260327191351010400000000140400000000150400000000160400000000170200002A020000300140310113BA7E
2026-03-27 19:14:23 - msg_id_0200 ==> 7E02000042660000000002006500000000000C000300C64765049FACB0038C00000000260327191422010400000000140400000000150400000000160400000000170200002A020000300140310115F07E
2026-03-27 19:14:54 - msg_id_0200 ==> 7E02000042660000000002007000000000000C000300C64766049FACB0038C00000000260327191453010400000000140400000000150400000000160400000000170200002A020000300140310114967E
2026-03-27 19:15:25 - msg_id_0200 ==> 7E02000042660000000002007B00000000000C000300C64768049FACB0038C00000000260327191524010400000000140400000000150400000000160400000000170200002A020000300140310114E57E
2026-03-27 19:15:34 - msg_id_0200 ==> 7E02000042660000000002007F00000100000C000300C64769049FACA8038C00000000260327191533010400000000140400000000150400000000160400000000170200002A020000300140310115EF7E
2026-03-27 19:17:27 - msg_id_0200 ==> 7E02000042660000000002000200000000000C000300C6476D049FACA0038C00000000260327191726010400000000140400000000150400000000160400000000170200002A02000030014D310114847E
2026-03-27 19:17:58 - msg_id_0200 ==> 7E02000042660000000002000D00000000000C000300C64771049FACA0038C00000000260327191757010400000000140400000000150400000000160400000000170200002A02000030014D310114E67E
2026-03-27 19:18:29 - msg_id_0200 ==> 7E02000042660000000002001800000000000C000300C64774049FAC98038D00000000260327191828010400000000140400000000150400000000160400000000170200002A02000030014D310113B87E
2026-03-27 19:19:00 - msg_id_0200 ==> 7E02000042660000000002002300000000000C000300C64775049FAC98038D00000000260327191859010400000000140400000000150400000000160400000000170200002A02000030014D310113F37E
2026-03-27 19:19:31 - msg_id_0200 ==> 7E02000042660000000002002E00000000000C000300C64772049FAC98038C00000000260327191930010400000000140400000000150400000000160400000000170200002A02000030014D310112917E
2026-03-27 19:20:02 - msg_id_0200 ==> 7E02000042660000000002003900000000000C000300C64771049FAC98038C00000000260327192001010400000000140400000000150400000000160400000000170200002A02000030014D3101128D7E
2026-03-27 19:20:33 - msg_id_0200 ==> 7E02000042660000000002004400000000000C000300C64772049FAC90038C00000000260327192032010400000000140400000000150400000000160400000000170200002A02000030014D310111CB7E
2026-03-27 19:21:04 - msg_id_0200 ==> 7E02000042660000000002004F00000000000C000300C64773049FAC90038C00000000260327192103010400000000140400000000150400000000160400000000170200002A02000030014D310111F17E
2026-03-27 19:21:35 - msg_id_0200 ==> 7E02000042660000000002005A00000000000C000300C64772049FAC98038C00000000260327192134010400000000140400000000150400000000160400000000170200002A02000030014D310111DA7E
2026-03-27 19:22:06 - msg_id_0200 ==> 7E02000042660000000002006500000000000C000300C64771049FAC98038C00000000260327192205010400000000140400000000150400000000160400000000170200002A020000300140310111D97E
2026-03-27 19:22:37 - msg_id_0200 ==> 7E02000042660000000002007000000000000C000300C6476F049FAC98038C00000000260327192236010400000000140400000000150400000000160400000000170200002A020000300140310113E37E
2026-03-27 19:23:08 - msg_id_0200 ==> 7E02000042660000000002007B00000000000C000300C6476C049FAC98038C00000000260327192307010400000000140400000000150400000000160400000000170200002A020000300140310113DB7E
2026-03-27 19:23:17 - msg_id_0200 ==> 7E02000042660000000002007F00000100000C000300C6476C049FAC98038C00000000260327192316010400000000140400000000150400000000160400000000170200002A020000300140310113CF7E
2026-03-27 19:23:39 - msg_id_0200 ==> 7E02000042660000000002008700000000000C000300C6476A049FAC98038C00000000260327192338010400000000140400000000150400000000160400000000170200002A020000300140310115187E
2026-03-27 19:24:10 - msg_id_0200 ==> 7E02000042660000000002009200000000000C000300C64766049FAC98038C00000000260327192409010400000000140400000000150400000000160400000000170200002A020000300140310114367E
2026-03-27 19:24:41 - msg_id_0200 ==> 7E02000042660000000002009D00000000000C000300C64764049FAC98038C00000000260327192440010400000000140400000000150400000000160400000000170200002A020000300143310114717E
2026-03-27 19:25:12 - msg_id_0200 ==> 7E0200004266000000000200A800000000000C000300C64764049FAC98038C00000000260327192511010400000000140400000000150400000000160400000000170200002A020000300140310115167E
2026-03-27 19:25:43 - msg_id_0200 ==> 7E0200004266000000000200B300000000000C000300C64764049FAC98038C00000000260327192542010400000000140400000000150400000000160400000000170200002A020000300140310113587E
2026-03-27 19:26:14 - msg_id_0200 ==> 7E0200004266000000000200BE00000000000C000300C64763049FAC98038C00040000260327192613010400000000140400000000150400000000160400000000170200002A020000300143310114007E
2026-03-27 19:26:45 - msg_id_0200 ==> 7E0200004266000000000200C900000000000C000300C64766049FAC98038C00000000260327192644010400000000140400000000150400000000160400000000170200002A020000300143310113267E
2026-03-27 19:27:16 - msg_id_0200 ==> 7E0200004266000000000200D400000000000C000300C64769049FACA0038C00000000260327192715010400000000140400000000150400000000160400000000170200002A0200003001403101125E7E
2026-03-27 19:27:47 - msg_id_0200 ==> 7E0200004266000000000200DF00000000000C000300C64769049FACA0038C00000000260327192746010400000000140400000000150400000000160400000000170200002A020000300143310113047E
2026-03-27 19:28:18 - msg_id_0200 ==> 7E0200004266000000000200EA00000000000C000300C64766049FACA0038C00000000260327192817010400000000140400000000150400000000160400000000170200002A020000300143310113607E
2026-03-27 19:28:49 - msg_id_0200 ==> 7E0200004266000000000200F500000000000C000300C64765049FACA0038C00000000260327192848010400000000140400000000150400000000160400000000170200002A020000300143310114247E
2026-03-27 19:29:20 - msg_id_0200 ==> 7E02000042660000000002010000000000000C000300C64765049FACA0038C00000000260327192919010400000000140400000000150400000000160400000000170200002A020000300143310110847E
2026-03-27 19:29:51 - msg_id_0200 ==> 7E02000042660000000002010B00000000000C000300C64766049FACA8038C00000000260327192950010400000000140400000000150400000000160400000000170200002A020000300143310110CD7E
2026-03-27 19:30:22 - msg_id_0200 ==> 7E02000042660000000002011600000000000C000300C64766049FACA8038C00000000260327193021010400000000140400000000150400000000160400000000170200002A020000300140310111BA7E
2026-03-27 19:30:53 - msg_id_0200 ==> 7E02000042660000000002012100000000000C000300C64769049FACA8038C00000000260327193052010400000000140400000000150400000000160400000000170200002A020000300140310112F27E
2026-03-27 19:31:24 - msg_id_0200 ==> 7E02000042660000000002012C00000000000C000300C6476A049FACA0038C00000000260327193123010400000000140400000000150400000000160400000000170200002A020000300140310114827E
2026-03-27 19:31:55 - msg_id_0200 ==> 7E02000042660000000002013700000000000C000300C6476B049FACA0038C00000000260327193154010400000000140400000000150400000000160400000000170200002A020000300140310114EF7E
2026-03-27 19:32:26 - msg_id_0200 ==> 7E02000042660000000002014200000000000C000300C6476E049FACA0038C00000000260327193225010400000000140400000000150400000000160400000000170200002A020000300140310114ED7E
2026-03-27 19:32:57 - msg_id_0200 ==> 7E02000042660000000002014D00000000000C000300C6476F049FAC98038C00000000260327193256010400000000140400000000150400000000160400000000170200002A020000300140310116AA7E
2026-03-27 19:33:28 - msg_id_0200 ==> 7E02000042660000000002015800000000000C000300C6476C049FACA0038C00000000260327193327010400000000140400000000150400000000160400000000170200002A020000300140310114F67E
2026-03-27 19:33:59 - msg_id_0200 ==> 7E02000042660000000002016300000000000C000300C6476C049FACA0038C00000000260327193358010400000000140400000000150400000000160400000000170200002A020000300140310112B47E
2026-03-27 19:34:30 - msg_id_0200 ==> 7E02000042660000000002016E00000000000C000300C6476C049FACA0038C00000000260327193429010400000000140400000000150400000000160400000000170200002A020000300140310114C97E
2026-03-27 19:35:01 - msg_id_0200 ==> 7E02000042660000000002017900000000000C000300C6476E049FACA0038C00000000260327193500010400000000140400000000150400000000160400000000170200002A020000300140310115F57E
2026-03-27 19:35:16 - msg_id_0200 ==> 7E02000042660000000002017F00000100000C000300C6476E049FACA0038C00000000260327193515010400000000140400000000150400000000160400000000170200002A020000300140310114E67E
2026-03-27 19:35:31 - msg_id_0200 ==> 7E02000042660000000002018500000000000C000300C6476B049FACA0038C00000000260327193531010400000000140400000000150400000000160400000000170200002A0200003001403101143C7E
2026-03-27 19:36:03 - msg_id_0200 ==> 7E02000042660000000002019000000000000C000300C6476B049FAC98038C00000000260327193602010400000000140400000000150400000000160400000000170200002A020000300140310113267E
2026-03-27 19:36:34 - msg_id_0200 ==> 7E02000042660000000002019B00000000000C000300C64768049FAC98038C00000000260327193633010400000000140400000000150400000000160400000000170200002A020000300140310115197E
2026-03-27 19:37:05 - msg_id_0200 ==> 7E0200004266000000000201A600000000000C000300C64768049FAC98038C00000000260327193704010400000000140400000000150400000000160400000000170200002A020000300140310115127E
2026-03-27 19:37:36 - msg_id_0200 ==> 7E0200004266000000000201B100000000000C000300C64762049FAC90038C00000000260327193735010400000000140400000000150400000000160400000000170200002A020000300140310113307E
2026-03-27 19:38:07 - msg_id_0200 ==> 7E0200004266000000000201BC00000000000C000300C64760049FAC90038C00000000260327193806010400000000140400000000150400000000160400000000170200002A020000300140310115057E
2026-03-27 19:38:38 - msg_id_0200 ==> 7E0200004266000000000201C700000000000C000300C6475F049FAC90038C00000000260327193837010400000000140400000000150400000000160400000000170200002A020000300143310115737E
2026-03-27 19:39:09 - msg_id_0200 ==> 7E0200004266000000000201D200000000000C000300C6475E049FAC90038C00000000260327193908010400000000140400000000150400000000160400000000170200002A0200003001433101135F7E
2026-03-27 19:39:40 - msg_id_0200 ==> 7E0200004266000000000201DD00000000000C000300C6475E049FAC90038D00000000260327193939010400000000140400000000150400000000160400000000170200002A020000300143310114677E
2026-03-27 19:40:11 - msg_id_0200 ==> 7E0200004266000000000201E800000000000C000300C6475D049FAC90038D00000000260327194010010400000000140400000000150400000000160400000000170200002A020000300140310111077E
2026-03-27 19:40:42 - msg_id_0200 ==> 7E0200004266000000000201F300000000000C000300C6475C049FAC90038D00000000260327194041010400000000140400000000150400000000160400000000170200002A0200003001403101124F7E
2026-03-27 19:41:13 - msg_id_0200 ==> 7E0200004266000000000201FE00000000000C000300C6475D049FAC90038D00000000260327194112010400000000140400000000150400000000160400000000170200002A020000300143310115157E
2026-03-27 19:41:44 - msg_id_0200 ==> 7E02000042660000000002020900000000000C000300C6475B049FAC90038D00000000260327194143010400000000140400000000150400000000160400000000170200002A020000300140310113B37E
2026-03-27 19:42:15 - msg_id_0200 ==> 7E02000042660000000002021400000000000C000300C6475A049FAC90038D00000000260327194214010400000000140400000000150400000000160400000000170200002A020000300140310114FC7E
2026-03-27 19:42:46 - msg_id_0200 ==> 7E02000042660000000002021F00000000000C000300C64758049FAC90038D00000000260327194245010400000000140400000000150400000000160400000000170200002A020000300140310114A47E
2026-03-27 19:43:17 - msg_id_0200 ==> 7E02000042660000000002022A00000000000C000300C64756049FAC90038D00000000260327194316010400000000140400000000150400000000160400000000170200002A020000300140310113CA7E
2026-03-27 19:43:48 - msg_id_0200 ==> 7E02000042660000000002023500000000000C000300C64752049FAC90038D00000000260327194347010400000000140400000000150400000000160400000000170200002A020000300140310114877E
2026-03-27 19:44:19 - msg_id_0200 ==> 7E02000042660000000002024000000000000C000300C6474F049FAC90038D00000000260327194418010400000000140400000000150400000000160400000000170200002A020000300140310115B67E
2026-03-27 19:44:50 - msg_id_0200 ==> 7E02000042660000000002024B00000000000C000300C6474D049FAC90038D00000000260327194449010400000000140400000000150400000000160400000000170200002A020000300140310113E87E
2026-03-27 19:45:21 - msg_id_0200 ==> 7E02000042660000000002025600000000000C000300C6474A049FAC90038D00000000260327194520010400000000140400000000150400000000160400000000170200002A0200003001403101149D7E
2026-03-27 19:45:52 - msg_id_0200 ==> 7E02000042660000000002026100000000000C000300C64747049FAC98038D00000000260327194551010400000000140400000000150400000000160400000000170200002A020000300140310113D97E
2026-03-27 19:46:23 - msg_id_0200 ==> 7E02000042660000000002026C00000000000C000300C64746049FAC98038C00000000260327194622010400000000140400000000150400000000160400000000170200002A020000300140310115A27E
2026-03-27 19:46:54 - msg_id_0200 ==> 7E02000042660000000002027700000000000C000300C64745049FAC98038C00000000260327194653010400000000140400000000150400000000160400000000170200002A020000300143310114C97E
2026-03-27 19:47:14 - msg_id_0200 ==> 7E02000042660000000002027F00000100000C000300C64743049FAC98038C00000000260327194713010400000000140400000000150400000000160400000000170200002A020000300143310114877E
2026-03-27 19:47:25 - msg_id_0200 ==> 7E02000042660000000002028400000000000C000300C64743049FAC98038C00000000260327194724010400000000140400000000150400000000160400000000170200002A0200003001433101144A7E
2026-03-27 19:47:56 - msg_id_0200 ==> 7E02000042660000000002028F00000000000C000300C64741049FAC98038C00000000260327194755010400000000140400000000150400000000160400000000170200002A020000300143310115337E
2026-03-27 19:48:27 - msg_id_0200 ==> 7E02000042660000000002029A00000000000C000300C64742049FAC98038C00000000260327194826010400000000140400000000150400000000160400000000170200002A020000300143310114587E
2026-03-27 19:48:58 - msg_id_0200 ==> 7E0200004266000000000202A500000000000C000300C64742049FAC98038C00000000260327194857010400000000140400000000150400000000160400000000170200002A020000300143310115177E
2026-03-27 19:49:29 - msg_id_0200 ==> 7E0200004266000000000202B000000000000C000300C64742049FAC90038C00000000260327194928010400000000140400000000150400000000160400000000170200002A020000300143310114757E
2026-03-27 19:50:00 - msg_id_0200 ==> 7E0200004266000000000202BB00000000000C000300C64740049FAC90038C00000000260327194959010400000000140400000000150400000000160400000000170200002A0200003001433101140D7E
2026-03-27 19:50:31 - msg_id_0200 ==> 7E0200004266000000000202C600000000000C000300C6473F049FAC90038C00000000260327195030010400000000140400000000150400000000160400000000170200002A0200003001433101147F7E
2026-03-27 19:51:02 - msg_id_0200 ==> 7E0200004266000000000202D100000000000C000300C64740049FAC90038C00000000260327195101010400000000140400000000150400000000160400000000170200002A020000300143310114277E
2026-03-27 19:51:33 - msg_id_0200 ==> 7E0200004266000000000202DC00000000000C000300C64741049FAC90038C00000000260327195132010400000000140400000000150400000000160400000000170200002A020000300143310115197E
2026-03-27 19:52:05 - msg_id_0200 ==> 7E0200004266000000000202E700000000000C000300C6473F049FAC90038C00000000260327195203010400000000140400000000150400000000160400000000170200002A0200003001403101156D7E
2026-03-27 19:52:35 - msg_id_0200 ==> 7E0200004266000000000202F200000000000C000300C64741049FAC90038C00000000260327195234010400000000140400000000150400000000160400000000170200002A020000300140310114307E
2026-03-27 19:53:08 - msg_id_0200 ==> 7E0200004266000000000202FD00000000000C000300C64741049FAC90038C00000000260327195305010400000000140400000000150400000000160400000000170200002A0200003001403101150E7E
2026-03-27 19:53:44 - msg_id_0200 ==> 7E02000042660000000002030800000000000C000300C64741049FAC90038C00000000260327195336010400000000140400000000150400000000160400000000170200002A020000300140310113CF7E
2026-03-27 19:54:09 - msg_id_0200 ==> 7E02000042660000000002031300000000000C000300C6473E049FAC98038C00000000260327195407010400000000140400000000150400000000160400000000170200002A020000300140310113957E
2026-03-27 19:54:39 - msg_id_0200 ==> 7E02000042660000000002031E00000000000C000300C6473D049FAC98038C00000000260327195438010400000000140400000000150400000000160400000000170200002A020000300140310113A47E
2026-03-27 19:55:12 - msg_id_0200 ==> 7E02000042660000000002032900000000000C000300C64741049FAC98038C00000000260327195509010400000000140400000000150400000000160400000000170200002A020000300140310115D97E
2026-03-27 19:55:46 - msg_id_0200 ==> 7E02000042660000000002033400000000000C000300C64741049FAC98038C00000000260327195540010400000000140400000000150400000000160400000000170200002A0200003001403101148C7E
2026-03-27 19:56:12 - msg_id_0200 ==> 7E02000042660000000002033F00000000000C000300C64741049FACA0038C00000000260327195611010400000000140400000000150400000000160400000000170200002A020000300140310114ED7E
2026-03-27 19:56:43 - msg_id_0200 ==> 7E02000042660000000002034A00000000000C000300C64740049FACA0038B00000000260327195642010400000000140400000000150400000000160400000000170200002A020000300140310114CD7E
2026-03-27 19:57:15 - msg_id_0200 ==> 7E02000042660000000002035500000000000C000300C64740049FACA8038B00000000260327195713010400000000140400000000150400000000160400000000170200002A0200003001403101128C7E
2026-03-27 19:57:45 - msg_id_0200 ==> 7E02000042660000000002036000000000000C000300C6473B049FACA8038B00000000260327195744010400000000140400000000150400000000160400000000170200002A02000030014031010E897E
2026-03-27 19:58:16 - msg_id_0200 ==> 7E02000042660000000002036B00000000000C000300C6473A049FACA8038B00000000260327195815010400000000140400000000150400000000160400000000170200002A020000300140310113C07E
2026-03-27 19:58:48 - msg_id_0200 ==> 7E02000042660000000002037600000000000C000300C64737049FACB0038B00000000260327195846010400000000140400000000150400000000160400000000170200002A0200003001403101129A7E
2026-03-27 19:59:14 - msg_id_0200 ==> 7E02000042660000000002037F00000100000C000300C64735049FACB0038B00000000260327195912010400000000140400000000150400000000160400000000170200002A020000300140310113C47E
2026-03-27 19:59:18 - msg_id_0200 ==> 7E02000042660000000002038200000000000C000300C64734049FACB0038B00000000260327195917010400000000140400000000150400000000160400000000170200002A0200003001403101123D7E
2026-03-27 19:59:49 - msg_id_0200 ==> 7E02000042660000000002038D00000000000C000300C64730049FACB8038B00000000260327195948010400000000140400000000150400000000160400000000170200002A020000300140310111627E
2026-03-27 20:00:21 - msg_id_0200 ==> 7E02000042660000000002039800000000000C000300C6472B049FACC0038B00000000260327200019010400000000140400000000150400000000160400000000170200002A020000300140310112267E
2026-03-27 20:00:52 - msg_id_0200 ==> 7E0200004266000000000203A300000000000C000300C6472A049FACC0038B00000000260327200050010400000000140400000000150400000000160400000000170200002A020000300140310113547E
2026-03-27 20:01:22 - msg_id_0200 ==> 7E0200004266000000000203AE00000000000C000300C6472A049FACC0038A00000000260327200121010400000000140400000000150400000000160400000000170200002A0200003001403101112A7E
2026-03-27 20:01:54 - msg_id_0200 ==> 7E0200004266000000000203B900000000000C000300C6472A049FACB8038A00000000260327200152010400000000140400000000150400000000160400000000170200002A020000300140310111367E
2026-03-27 20:02:24 - msg_id_0200 ==> 7E0200004266000000000203C400000000000C000300C64728049FACB8038A00000000260327200223010400000000140400000000150400000000160400000000170200002A02000030014D310113347E
2026-03-27 20:02:55 - msg_id_0200 ==> 7E0200004266000000000203CF00000000000C000300C64728049FACB0038A00000000260327200254010400000000140400000000150400000000160400000000170200002A02000030014D310114477E
2026-03-27 20:03:26 - msg_id_0200 ==> 7E0200004266000000000203DA00000000000C000300C6472A049FACB0038A00000000260327200325010400000000140400000000150400000000160400000000170200002A02000030014D310114207E
2026-03-27 20:03:57 - msg_id_0200 ==> 7E0200004266000000000203E500000000000C000300C64728049FACA8038A00000000260327200356010400000000140400000000150400000000160400000000170200002A02000030014D310113717E
2026-03-27 20:04:28 - msg_id_0200 ==> 7E0200004266000000000203F000000000000C000300C64727049FACA8038A00000000260327200427010400000000140400000000150400000000160400000000170200002A02000030014D3101121C7E
2026-03-27 20:04:59 - msg_id_0200 ==> 7E0200004266000000000203FB00000000000C000300C64727049FACA8038A00000000260327200458010400000000140400000000150400000000160400000000170200002A02000030014D3101146E7E
2026-03-27 20:05:30 - msg_id_0200 ==> 7E02000042660000000002040600000000000C000300C6472A049FACA8038A00000000260327200529010400000000140400000000150400000000160400000000170200002A02000030014A310114EE7E
2026-03-27 20:06:01 - msg_id_0200 ==> 7E02000042660000000002041100000000000C000300C64724049FACA8038A00000000260327200600010400000000140400000000150400000000160400000000170200002A02000030014D310112DC7E
2026-03-27 20:06:32 - msg_id_0200 ==> 7E02000042660000000002041C00000000000C000300C64718049FACA8038A00000000260327200631010400000000140400000000150400000000160400000000170200002A02000030014D310114DA7E
2026-03-27 20:07:03 - msg_id_0200 ==> 7E02000042660000000002042700000000000C000300C64718049FAC98038A00000000260327200702010400000000140400000000150400000000160400000000170200002A02000030014D310111E67E
2026-03-27 20:07:34 - msg_id_0200 ==> 7E02000042660000000002043200000000000C000300C64719049FAC98038A00000000260327200733010400000000140400000000150400000000160400000000170200002A02000030014D310111C37E
2026-03-27 20:08:05 - msg_id_0200 ==> 7E02000042660000000002043D00000000000C000300C64718049FAC98038A00000000260327200804010400000000140400000000150400000000160400000000170200002A02000030014D310112F67E
2026-03-27 20:08:36 - msg_id_0200 ==> 7E02000042660000000002044800000000000C000300C64717049FAC90038A00000000260327200835010400000000140400000000150400000000160400000000170200002A02000030014A310111B17E
2026-03-27 20:09:07 - msg_id_0200 ==> 7E02000042660000000002045300000000000C000300C64718049FAC88038A00000000260327200906010400000000140400000000150400000000160400000000170200002A02000030014D310111887E
2026-03-27 20:09:38 - msg_id_0200 ==> 7E02000042660000000002045E00000000000C000300C64719049FAC90038B00000000260327200937010400000000140400000000150400000000160400000000170200002A02000030014D310113AE7E
2026-03-27 20:10:09 - msg_id_0200 ==> 7E02000042660000000002046900000000000C000300C64718049FAC80038B00000000260327201008010400000000140400000000150400000000160400000000170200002A02000030014D310114A97E
2026-03-27 20:10:40 - msg_id_0200 ==> 7E02000042660000000002047400000000000C000300C64714049FAC78038B00000000260327201039010400000000140400000000150400000000160400000000170200002A02000030014D310112777E
2026-03-27 20:11:11 - msg_id_0200 ==> 7E02000042660000000002047F00000100000C000300C64710049FAC78038B00000000260327201110010400000000140400000000150400000000160400000000170200002A02000030014D310112517E
2026-03-27 20:11:16 - msg_id_0200 ==> 7E02000042660000000002048200000000000C000300C6470F049FAC78038B00000000260327201115010400000000140400000000150400000000160400000000170200002A02000030014D310112B77E
2026-03-27 20:11:47 - msg_id_0200 ==> 7E02000042660000000002048D00000000000C000300C64706049FAC78038B00000000260327201146010400000000140400000000150400000000160400000000170200002A02000030014D310114E47E
2026-03-27 20:12:18 - msg_id_0200 ==> 7E02000042660000000002049800000000000C000300C64706049FAC78038A00000000260327201217010400000000140400000000150400000000160400000000170200002A02000030014D310112A47E
2026-03-27 20:12:49 - msg_id_0200 ==> 7E0200004266000000000204A300000000000C000300C64703049FAC78038B00000000260327201248010400000000140400000000150400000000160400000000170200002A020000300140310114CF7E
2026-03-27 20:13:20 - msg_id_0200 ==> 7E0200004266000000000204AE00000000000C000300C64709049FAC80038A00000000260327201319010400000000140400000000150400000000160400000000170200002A020000300140310112677E
2026-03-27 20:13:51 - msg_id_0200 ==> 7E0200004266000000000204B900000000000C000300C6470A049FAC80038A00000000260327201350010400000000140400000000150400000000160400000000170200002A0200003001403101123A7E
2026-03-27 20:14:22 - msg_id_0200 ==> 7E0200004266000000000204C400000000000C000300C6470C049FAC80038A00000000260327201421010400000000140400000000150400000000160400000000170200002A020000300140310114317E
2026-03-27 20:14:53 - msg_id_0200 ==> 7E0200004266000000000204CF00000000000C000300C6470F049FAC80038A00000000260327201452010400000000140400000000150400000000160400000000170200002A0200003001403101134D7E
2026-03-27 20:15:24 - msg_id_0200 ==> 7E0200004266000000000204DA00000000000C000300C64713049FAC80038A00000000260327201523010400000000140400000000150400000000160400000000170200002A020000300140310114337E
2026-03-27 20:15:55 - msg_id_0200 ==> 7E0200004266000000000204E500000000000C000300C64714049FAC88038A00000000260327201554010400000000140400000000150400000000160400000000170200002A020000300140310113737E
2026-03-27 20:16:26 - msg_id_0200 ==> 7E0200004266000000000204F000000000000C000300C64716049FAC88038B00000000260327201625010400000000140400000000150400000000160400000000170200002A020000300140310112167E
2026-03-27 20:16:57 - msg_id_0200 ==> 7E0200004266000000000204FB00000000000C000300C64715049FAC88038B00000000260327201656010400000000140400000000150400000000160400000000170200002A0200003001403101116E7E
2026-03-27 20:17:28 - msg_id_0200 ==> 7E02000042660000000002050600000000000C000300C64716049FAC88038B00000000260327201727010400000000140400000000150400000000160400000000170200002A020000300140310111E17E
2026-03-27 20:17:59 - msg_id_0200 ==> 7E02000042660000000002051100000000000C000300C64713049FAC88038B00000000260327201758010400000000140400000000150400000000160400000000170200002A0200003001403101138E7E
2026-03-27 20:18:30 - msg_id_0200 ==> 7E02000042660000000002051C00000000000C000300C64712049FAC88038B00000000260327201829010400000000140400000000150400000000160400000000170200002A020000300140310113FC7E
2026-03-27 20:19:01 - msg_id_0200 ==> 7E02000042660000000002052700000000000C000300C64711049FAC88038B00000000260327201900010400000000140400000000150400000000160400000000170200002A020000300140310113EC7E
2026-03-27 20:19:32 - msg_id_0200 ==> 7E02000042660000000002053200000000000C000300C64712049FAC88038B00000000260327201931010400000000140400000000150400000000160400000000170200002A020000300140310113CB7E
2026-03-27 20:20:03 - msg_id_0200 ==> 7E02000042660000000002053D00000000000C000300C64713049FAC88038B00000000260327202002010400000000140400000000150400000000160400000000170200002A020000300140310113CF7E
2026-03-27 20:20:34 - msg_id_0200 ==> 7E02000042660000000002054800000000000C000300C64712049FAC88038B00000000260327202033010400000000140400000000150400000000160400000000170200002A0200003001403101158C7E
2026-03-27 20:21:05 - msg_id_0200 ==> 7E02000042660000000002055300000000000C000300C64710049FAC80038B00000000260327202104010400000000140400000000150400000000160400000000170200002A020000300140310113AD7E
2026-03-27 20:21:36 - msg_id_0200 ==> 7E02000042660000000002055E00000000000C000300C64710049FAC88038C00000000260327202135010400000000140400000000150400000000160400000000170200002A020000300140310114997E
2026-03-27 20:22:07 - msg_id_0200 ==> 7E02000042660000000002056900000000000C000300C6470E049FAC88038C00000000260327202206010400000000140400000000150400000000160400000000170200002A020000300140310114807E
2026-03-27 20:22:38 - msg_id_0200 ==> 7E02000042660000000002057400000000000C000300C6470C049FAC80038C00000000260327202237010400000000140400000000150400000000160400000000170200002A020000300140310114A67E
2026-03-27 20:23:08 - msg_id_0200 ==> 7E02000042660000000002057F00000100000C000300C6470C049FAC80038C00000000260327202307010400000000140400000000150400000000160400000000170200002A0200003001403101159C7E
2026-03-27 20:24:24 - msg_id_0200 ==> 7E02000042660000000002000200000000000C000300C64708049FAC78038C00000000260327202423010400000000140400000000150400000000160400000000170200002A0200003001403101143B7E
2026-03-27 20:24:55 - msg_id_0200 ==> 7E02000042660000000002000D00000000000C000300C64707049FAC78038C00000000260327202454010400000000140400000000150400000000160400000000170200002A0200003001403101134B7E
2026-03-27 20:25:25 - msg_id_0200 ==> 7E02000042660000000002001800000000000C000300C64708049FAC78038D00000000260327202525010400000000140400000000150400000000160400000000170200002A020000300140310112217E
2026-03-27 20:25:57 - msg_id_0200 ==> 7E02000042660000000002002300000000000C000300C6470A049FAC78038D00000000260327202556010400000000140400000000150400000000160400000000170200002A020000300140310111687E
2026-03-27 20:26:28 - msg_id_0200 ==> 7E02000042660000000002002E00000000000C000300C6470C049FAC78038D00000000260327202627010400000000140400000000150400000000160400000000170200002A020000300140310110107E
2026-03-27 20:26:58 - msg_id_0200 ==> 7E02000042660000000002003900000000000C000300C6470E049FAC78038D00000000260327202658010400000000140400000000150400000000160400000000170200002A02000030014031010F657E
2026-03-27 20:27:30 - msg_id_0200 ==> 7E02000042660000000002004400000000000C000300C6470F049FAC78038D00000000260327202729010400000000140400000000150400000000160400000000170200002A020000300140310113757E
2026-03-27 20:28:01 - msg_id_0200 ==> 7E02000042660000000002004F00000000000C000300C64712049FAC78038D00000000260327202800010400000000140400000000150400000000160400000000170200002A020000300140310114427E
2026-03-27 20:28:31 - msg_id_0200 ==> 7E02000042660000000002005A00000000000C000300C64712049FAC70038D00000000260327202831010400000000140400000000150400000000160400000000170200002A020000300140310113697E
2026-03-27 20:29:03 - msg_id_0200 ==> 7E02000042660000000002006500000000000C000300C64718049FAC70038D00000000260327202902010400000000140400000000150400000000160400000000170200002A0200003001403101116C7E
2026-03-27 20:29:34 - msg_id_0200 ==> 7E02000042660000000002007000000000000C000300C6471C049FAC70038E00000000260327202933010400000000140400000000150400000000160400000000170200002A0200003001403101124C7E
2026-03-27 20:30:05 - msg_id_0200 ==> 7E02000042660000000002007B00000000000C000300C64714049FAC68038E00000000260327203004010400000000140400000000150400000000160400000000170200002A020000300140310112797E
2026-03-27 20:30:14 - msg_id_0200 ==> 7E02000042660000000002007F00000100000C000300C64712049FAC68038E00000000260327203013010400000000140400000000150400000000160400000000170200002A0200003001403101146B7E
2026-03-27 20:30:56 - msg_id_0200 ==> 7E02000042660000000002000200000000000C000300C6470B049FAC68038E00000000260327203055010400000000140400000000150400000000160400000000170200002A0200003001403101114D7E
2026-03-27 20:31:27 - msg_id_0200 ==> 7E02000042660000000002000D00000000000C000300C64709049FAC60038E00000000260327203126010400000000140400000000150400000000160400000000170200002A020000300140310112397E
2026-03-27 20:31:58 - msg_id_0200 ==> 7E02000042660000000002001800000000000C000300C6470A049FAC60038F00000000260327203157010400000000140400000000150400000000160400000000170200002A0200003001403101115C7E
2026-03-27 20:32:29 - msg_id_0200 ==> 7E02000042660000000002002300000000000C000300C6470A049FAC60038F00000000260327203228010400000000140400000000150400000000160400000000170200002A020000300140310112187E
2026-03-27 20:33:00 - msg_id_0200 ==> 7E02000042660000000002002E00000000000C000300C6470C049FAC60038F00000000260327203259010400000000140400000000150400000000160400000000170200002A020000300140310112627E
2026-03-27 20:33:31 - msg_id_0200 ==> 7E02000042660000000002003900000000000C000300C6470C049FAC60038F00000000260327203330010400000000140400000000150400000000160400000000170200002A0200003001403101131C7E
2026-03-27 20:34:02 - msg_id_0200 ==> 7E02000042660000000002004400000000000C000300C6470C049FAC60038F00000000260327203401010400000000140400000000150400000000160400000000170200002A020000300140310113577E
2026-03-27 20:34:33 - msg_id_0200 ==> 7E02000042660000000002004F00000000000C000300C6470C049FAC58038F00000000260327203432010400000000140400000000150400000000160400000000170200002A020000300140310112567E
2026-03-27 20:35:04 - msg_id_0200 ==> 7E02000042660000000002005A00000000000C000300C64705049FAC58038F00000000260327203503010400000000140400000000150400000000160400000000170200002A0200003001403101127A7E
2026-03-27 20:35:35 - msg_id_0200 ==> 7E02000042660000000002006500000000000C000300C64706049FAC58038F00000000260327203534010400000000140400000000150400000000160400000000170200002A020000300140310113707E
2026-03-27 20:36:06 - msg_id_0200 ==> 7E02000042660000000002007000000000000C000300C6470A049FAC58039000000000260327203605010400000000140400000000150400000000160400000000170200002A020000300140310113447E
2026-03-27 20:36:37 - msg_id_0200 ==> 7E02000042660000000002007B00000000000C000300C64708049FAC58039000000000260327203636010400000000140400000000150400000000160400000000170200002A0200003001403101137D027E
2026-03-27 20:36:46 - msg_id_0200 ==> 7E02000042660000000002007F00000100000C000300C64707049FAC50039000000000260327203645010400000000140400000000150400000000160400000000170200002A02000030013D310114757E
2026-03-27 20:37:36 - msg_id_0200 ==> 7E02000042660000000002000200000000000C000300C64706049FAC50039000000000260327203735010400000000140400000000150400000000160400000000170200002A020000300140310114047E
2026-03-27 20:38:07 - msg_id_0200 ==> 7E02000042660000000002000D00000000000C000300C64706049FAC50039000000000260327203806010400000000140400000000150400000000160400000000170200002A020000300140310114377E
2026-03-27 20:38:39 - msg_id_0200 ==> 7E02000042660000000002001800000000000C000300C64705049FAC50039000000000260327203837010400000000140400000000150400000000160400000000170200002A020000300140310113177E
2026-03-27 20:39:09 - msg_id_0200 ==> 7E02000042660000000002002300000000000C000300C64705049FAC48039000000000260327203908010400000000140400000000150400000000160400000000170200002A0200003001403101140D7E
2026-03-27 20:39:40 - msg_id_0200 ==> 7E02000042660000000002002E00000000000C000300C64703049FAC48039000000000260327203939010400000000140400000000150400000000160400000000170200002A020000300140310115367E
2026-03-27 20:40:11 - msg_id_0200 ==> 7E02000042660000000002003900000000000C000300C64702049FAC40039000000000260327204010010400000000140400000000150400000000160400000000170200002A0200003001403101127F7E
2026-03-27 20:40:42 - msg_id_0200 ==> 7E02000042660000000002004400000000000C000300C64701049FAC40039000000000260327204041010400000000140400000000150400000000160400000000170200002A020000300140310113517E
2026-03-27 20:41:13 - msg_id_0200 ==> 7E02000042660000000002004F00000000000C000300C64706049FAC38039000000000260327204112010400000000140400000000150400000000160400000000170200002A020000300140310111757E
2026-03-27 20:41:44 - msg_id_0200 ==> 7E02000042660000000002005A00000000000C000300C64712049FAC38039000000000260327204143010400000000140400000000150400000000160400000000170200002A020000300140310110247E
2026-03-27 20:42:15 - msg_id_0200 ==> 7E02000042660000000002006500000000000C000300C64714049FAC38039000000000260327204214010400000000140400000000150400000000160400000000170200002A020000300140310110497E
2026-03-27 20:42:46 - msg_id_0200 ==> 7E02000042660000000002007000000000000C000300C64715049FAC30039100000000260327204245010400000000140400000000150400000000160400000000170200002A020000300140310112077E
2026-03-27 20:43:17 - msg_id_0200 ==> 7E02000042660000000002007B00000000000C000300C64710049FAC38039100000000260327204316010400000000140400000000150400000000160400000000170200002A020000300140310112537E
2026-03-27 20:43:26 - msg_id_0200 ==> 7E02000042660000000002007F00000100000C000300C64712049FAC38039100000000260327204325010400000000140400000000150400000000160400000000170200002A020000300140310113667E
2026-03-27 20:44:08 - msg_id_0200 ==> 7E02000042660000000002000200000000000C000300C64713049FAC30039100000000260327204407010400000000140400000000150400000000160400000000170200002A020000300140310111347E
2026-03-27 20:44:39 - msg_id_0200 ==> 7E02000042660000000002000D00000000000C000300C64714049FAC30039100000000260327204438010400000000140400000000150400000000160400000000170200002A020000300140310111037E
2026-03-27 20:45:10 - msg_id_0200 ==> 7E02000042660000000002001800000000000C000300C64712049FAC30039100000000260327204509010400000000140400000000150400000000160400000000170200002A020000300140310111207E
2026-03-27 20:45:41 - msg_id_0200 ==> 7E02000042660000000002002300000000000C000300C64710049FAC30039200000000260327204540010400000000140400000000150400000000160400000000170200002A020000300140310113517E
2026-03-27 20:46:12 - msg_id_0200 ==> 7E02000042660000000002002E00000000000C000300C64710049FAC28039200000000260327204611010400000000140400000000150400000000160400000000170200002A020000300140310113167E
2026-03-27 20:46:43 - msg_id_0200 ==> 7E02000042660000000002003900000000000C000300C64710049FAC30039200000000260327204642010400000000140400000000150400000000160400000000170200002A0200003001403101134A7E
2026-03-27 20:47:14 - msg_id_0200 ==> 7E02000042660000000002004400000000000C000300C64714049FAC28039200000000260327204713010400000000140400000000150400000000160400000000170200002A0200003001403101147C7E
2026-03-27 20:47:45 - msg_id_0200 ==> 7E02000042660000000002004F00000000000C000300C6471B049FAC30039200000000260327204744010400000000140400000000150400000000160400000000170200002A020000300140310114377E
2026-03-27 20:48:16 - msg_id_0200 ==> 7E02000042660000000002005A00000000000C000300C6471A049FAC30039200000000260327204815010400000000140400000000150400000000160400000000170200002A0200003001403101147D017E
2026-03-27 20:48:47 - msg_id_0200 ==> 7E02000042660000000002006500000000000C000300C64716049FAC28039200000000260327204846010400000000140400000000150400000000160400000000170200002A020000300140310116077E
2026-03-27 20:49:18 - msg_id_0200 ==> 7E02000042660000000002007000000000000C000300C64713049FAC28039300000000260327204917010400000000140400000000150400000000160400000000170200002A020000300140310116467E
2026-03-27 20:49:49 - msg_id_0200 ==> 7E02000042660000000002007B00000000000C000300C6470F049FAC28039300000000260327204948010400000000140400000000150400000000160400000000170200002A0200003001403101130B7E
2026-03-27 20:49:58 - msg_id_0200 ==> 7E02000042660000000002007F00000100000C000300C6470E049FAC28039300000000260327204956010400000000140400000000150400000000160400000000170200002A020000300140310115177E
2026-03-27 20:51:16 - msg_id_0200 ==> 7E02000042660000000002000200000000000C000300C64706049FAC28039300000000260327205115010400000000140400000000150400000000160400000000170200002A0200003001403101133E7E
2026-03-27 20:51:47 - msg_id_0200 ==> 7E02000042660000000002000D00000000000C000300C64704049FAC28039300000000260327205146010400000000140400000000150400000000160400000000170200002A020000300140310113607E
2026-03-27 20:52:18 - msg_id_0200 ==> 7E02000042660000000002001800000000000C000300C64704049FAC28039400000000260327205217010400000000140400000000150400000000160400000000170200002A020000300140310112217E
2026-03-27 20:52:49 - msg_id_0200 ==> 7E02000042660000000002002300000000000C000300C64702049FAC30039400000000260327205248010400000000140400000000150400000000160400000000170200002A0200003001403101135A7E
2026-03-27 20:53:20 - msg_id_0200 ==> 7E02000042660000000002002E00000000000C000300C64702049FAC30039400000000260327205319010400000000140400000000150400000000160400000000170200002A020000300140310112067E
2026-03-27 20:53:51 - msg_id_0200 ==> 7E02000042660000000002003900000000000C000300C64700049FAC30039400000000260327205350010400000000140400000000150400000000160400000000170200002A0200003001403101145C7E
2026-03-27 20:54:22 - msg_id_0200 ==> 7E02000042660000000002004400000000000C000300C64700049FAC38039400000000260327205421010400000000140400000000150400000000160400000000170200002A0200003001403101155E7E
2026-03-27 20:54:53 - msg_id_0200 ==> 7E02000042660000000002004F00000000000C000300C64701049FAC38039400000000260327205452010400000000140400000000150400000000160400000000170200002A020000300140310115277E
2026-03-27 20:55:24 - msg_id_0200 ==> 7E02000042660000000002005A00000000000C000300C646FE049FAC38039400000000260327205523010400000000140400000000150400000000160400000000170200002A020000300140310116BF7E
2026-03-27 20:55:55 - msg_id_0200 ==> 7E02000042660000000002006500000000000C000300C646FB049FAC40039400000000260327205554010400000000140400000000150400000000160400000000170200002A020000300140310115897E
2026-03-27 20:56:26 - msg_id_0200 ==> 7E02000042660000000002007000000000000C000300C646FB049FAC40039400000000260327205625010400000000140400000000150400000000160400000000170200002A020000300140310114EF7E
2026-03-27 20:56:57 - msg_id_0200 ==> 7E02000042660000000002007B00000000000C000300C646FC049FAC40039400000000260327205656010400000000140400000000150400000000160400000000170200002A020000300140310115917E
2026-03-27 20:57:05 - msg_id_0200 ==> 7E02000042660000000002007F00000100000C000300C646FE049FAC40039400000000260327205704010400000000140400000000150400000000160400000000170200002A020000300140310115C57E
2026-03-27 20:57:28 - msg_id_0200 ==> 7E02000042660000000002008700000000000C000300C646FD049FAC40039400000000260327205727010400000000140400000000150400000000160400000000170200002A0200003001403101131A7E
2026-03-27 20:57:59 - msg_id_0200 ==> 7E02000042660000000002009200000000000C000300C64700049FAC40039400000000260327205758010400000000140400000000150400000000160400000000170200002A0200003001403101148B7E
2026-03-27 20:58:30 - msg_id_0200 ==> 7E02000042660000000002009D00000000000C000300C64700049FAC40039400000000260327205829010400000000140400000000150400000000160400000000170200002A020000300140310116F87E
2026-03-27 20:59:01 - msg_id_0200 ==> 7E0200004266000000000200A800000000000C000300C646FF049FAC48039400000000260327205900010400000000140400000000150400000000160400000000170200002A02000030013D3101166E7E
2026-03-27 20:59:32 - msg_id_0200 ==> 7E0200004266000000000200B300000000000C000300C64701049FAC48039300000000260327205931010400000000140400000000150400000000160400000000170200002A020000300143310116C27E
2026-03-27 21:00:03 - msg_id_0200 ==> 7E0200004266000000000200BE00000000000C000300C64701049FAC48039300000000260327210002010400000000140400000000150400000000160400000000170200002A020000300143310115A77E
2026-03-27 21:00:34 - msg_id_0200 ==> 7E0200004266000000000200C900000000000C000300C64702049FAC50039300000000260327210033010400000000140400000000150400000000160400000000170200002A020000300143310114FB7E
2026-03-27 21:01:05 - msg_id_0200 ==> 7E0200004266000000000200D400000000000C000300C64703049FAC50039300000000260327210104010400000000140400000000150400000000160400000000170200002A02000030013D310115AE7E
2026-03-27 21:01:36 - msg_id_0200 ==> 7E0200004266000000000200DF00000000000C000300C64702049FAC50039300000000260327210135010400000000140400000000150400000000160400000000170200002A020000300143310113ED7E
2026-03-27 21:02:07 - msg_id_0200 ==> 7E0200004266000000000200EA00000000000C000300C64702049FAC48039300000000260327210206010400000000140400000000150400000000160400000000170200002A02000030013D310115887E
2026-03-27 21:02:38 - msg_id_0200 ==> 7E0200004266000000000200F500000000000C000300C64701049FAC48039300000000260327210237010400000000140400000000150400000000160400000000170200002A02000030013D310114A47E
2026-03-27 21:03:09 - msg_id_0200 ==> 7E02000042660000000002010000000000000C000300C64700049FAC48039300000000260327210308010400000000140400000000150400000000160400000000170200002A020000300143310115107E
2026-03-27 21:03:40 - msg_id_0200 ==> 7E02000042660000000002010B00000000000C000300C64700049FAC48039300000000260327210339010400000000140400000000150400000000160400000000170200002A02000030013D310113527E
2026-03-27 21:04:11 - msg_id_0200 ==> 7E02000042660000000002011600000000000C000300C64700049FAC48039300000000260327210410010400000000140400000000150400000000160400000000170200002A02000030013D310115677E
2026-03-27 21:04:42 - msg_id_0200 ==> 7E02000042660000000002012100000000000C000300C64700049FAC50039300000000260327210441010400000000140400000000150400000000160400000000170200002A02000030013D310114187E
2026-03-27 21:05:13 - msg_id_0200 ==> 7E02000042660000000002012C00000000000C000300C64700049FAC48039300000000260327210512010400000000140400000000150400000000160400000000170200002A02000030013D3101155E7E
2026-03-27 21:05:44 - msg_id_0200 ==> 7E02000042660000000002013700000000000C000300C64700049FAC48039300010000260327210543010400000000140400000000150400000000160400000000170200002A02000030013D310113137E
2026-03-27 21:06:15 - msg_id_0200 ==> 7E02000042660000000002014200000000000C000300C64700049FAC50039300000000260327210614010400000000140400000000150400000000160400000000170200002A020000300143310111577E
2026-03-27 21:06:46 - msg_id_0200 ==> 7E02000042660000000002014D00000000000C000300C64700049FAC50039300000000260327210645010400000000140400000000150400000000160400000000170200002A02000030013D310113757E
2026-03-27 21:07:17 - msg_id_0200 ==> 7E02000042660000000002015800000000000C000300C64703049FAC50039300000000260327210716010400000000140400000000150400000000160400000000170200002A0200003001433101134F7E
2026-03-27 21:07:48 - msg_id_0200 ==> 7E02000042660000000002016300000000000C000300C64703049FAC50039300000000260327210747010400000000140400000000150400000000160400000000170200002A02000030013D3101145C7E
2026-03-27 21:08:19 - msg_id_0200 ==> 7E02000042660000000002016E00000000000C000300C64700049FAC50039300000000260327210818010400000000140400000000150400000000160400000000170200002A02000030013D310113057E
2026-03-27 21:08:50 - msg_id_0200 ==> 7E02000042660000000002017900000000000C000300C646FD049FAC50039200000000260327210849010400000000140400000000150400000000160400000000170200002A02000030013D310114B97E
2026-03-27 21:09:05 - msg_id_0200 ==> 7E02000042660000000002017F00000100000C000300C646FD049FAC50039200000000260327210904010400000000140400000000150400000000160400000000170200002A02000030013D310114F27E
2026-03-27 21:09:45 - msg_id_0200 ==> 7E02000042660000000002000200000000000C000300C646FE049FAC50039200000000260327210944010400000000140400000000150400000000160400000000170200002A02000030013D310113CB7E
2026-03-27 21:10:16 - msg_id_0200 ==> 7E02000042660000000002000D00000000000C000300C646FF049FAC50039200000000260327211015010400000000140400000000150400000000160400000000170200002A02000030013D3101138D7E
2026-03-27 21:10:47 - msg_id_0200 ==> 7E02000042660000000002001800000000000C000300C64700049FAC58039200000000260327211046010400000000140400000000150400000000160400000000170200002A020000300143310113437E
2026-03-27 21:11:18 - msg_id_0200 ==> 7E02000042660000000002002300000000000C000300C64701049FAC50039200000000260327211117010400000000140400000000150400000000160400000000170200002A020000300143310113217E
2026-03-27 21:11:49 - msg_id_0200 ==> 7E02000042660000000002002E00000000000C000300C64703049FAC50039200000000260327211148010400000000140400000000150400000000160400000000170200002A020000300143310112707E
2026-03-27 21:12:20 - msg_id_0200 ==> 7E02000042660000000002003900000000000C000300C64700049FAC50039200000000260327211219010400000000140400000000150400000000160400000000170200002A020000300140310114337E
2026-03-27 21:12:51 - msg_id_0200 ==> 7E02000042660000000002004400000000000C000300C64700049FAC50039200000000260327211250010400000000140400000000150400000000160400000000170200002A020000300140310113007E
2026-03-27 21:13:22 - msg_id_0200 ==> 7E02000042660000000002004F00000000000C000300C646FF049FAC50039200000000260327211321010400000000140400000000150400000000160400000000170200002A020000300140310114827E
2026-03-27 21:13:53 - msg_id_0200 ==> 7E02000042660000000002005A00000000000C000300C646FE049FAC50039200000000260327211352010400000000140400000000150400000000160400000000170200002A020000300140310113E27E
2026-03-27 21:14:24 - msg_id_0200 ==> 7E02000042660000000002006500000000000C000300C646FF049FAC50039200000000260327211423010400000000140400000000150400000000160400000000170200002A020000300140310113AA7E
2026-03-27 21:14:55 - msg_id_0200 ==> 7E02000042660000000002007000000000000C000300C64700049FAC50039100000000260327211454010400000000140400000000150400000000160400000000170200002A020000300140310111377E
2026-03-27 21:15:26 - msg_id_0200 ==> 7E02000042660000000002007B00000000000C000300C646FF049FAC50039100000000260327211525010400000000140400000000150400000000160400000000170200002A02000030014031010FAC7E
2026-03-27 21:15:35 - msg_id_0200 ==> 7E02000042660000000002007F00000100000C000300C646FF049FAC50039100000000260327211534010400000000140400000000150400000000160400000000170200002A02000030014031010FB87E
2026-03-27 21:15:57 - msg_id_0200 ==> 7E02000042660000000002008700000000000C000300C646FE049FAC50039100000000260327211556010400000000140400000000150400000000160400000000170200002A02000030014031010F227E
2026-03-27 21:16:28 - msg_id_0200 ==> 7E02000042660000000002009200000000000C000300C646FC049FAC50039100000000260327211627010400000000140400000000150400000000160400000000170200002A02000030014031010E467E
2026-03-27 21:16:58 - msg_id_0200 ==> 7E02000042660000000002009C00000000000C000300C646FA049FAC50039100000000260327211658010400000000140400000000150400000000160400000000170200002A0200003001403101102F7E
2026-03-27 21:17:30 - msg_id_0200 ==> 7E0200004266000000000200A800000000000C000300C646F9049FAC50039100000000260327211729010400000000140400000000150400000000160400000000170200002A020000300140310110687E
2026-03-27 21:18:01 - msg_id_0200 ==> 7E0200004266000000000200B300000000000C000300C646F6049FAC50039100000000260327211800010400000000140400000000150400000000160400000000170200002A0200003001403101105A7E
2026-03-27 21:18:31 - msg_id_0200 ==> 7E0200004266000000000200BD00000000000C000300C646F5049FAC50039100000000260327211831010400000000140400000000150400000000160400000000170200002A020000300140310110667E
2026-03-27 21:19:03 - msg_id_0200 ==> 7E0200004266000000000200C900000000000C000300C646F4049FAC48039100000000260327211902010400000000140400000000150400000000160400000000170200002A0200003001403101123B7E
2026-03-27 21:19:34 - msg_id_0200 ==> 7E0200004266000000000200D400000000000C000300C646F3049FAC48039100000000260327211933010400000000140400000000150400000000160400000000170200002A020000300140310113117E
2026-03-27 21:20:05 - msg_id_0200 ==> 7E0200004266000000000200DE00000000000C000300C646F0049FAC48039100000000260327212004010400000000140400000000150400000000160400000000170200002A020000300140310113167E
2026-03-27 21:20:36 - msg_id_0200 ==> 7E0200004266000000000200EA00000000000C000300C646EF049FAC48039100000000260327212035010400000000140400000000150400000000160400000000170200002A0200003001403101120D7E
2026-03-27 21:21:07 - msg_id_0200 ==> 7E0200004266000000000200F500000000000C000300C646F0049FAC48039100000000260327212106010400000000140400000000150400000000160400000000170200002A0200003001403101133E7E
2026-03-27 21:21:38 - msg_id_0200 ==> 7E0200004266000000000200FF00000000000C000300C646EF049FAC40039100000000260327212137010400000000140400000000150400000000160400000000170200002A020000300140310114157E
2026-03-27 21:22:09 - msg_id_0200 ==> 7E02000042660000000002010B00000000000C000300C646EE049FAC40039100000000260327212208010400000000140400000000150400000000160400000000170200002A020000300140310113DA7E
2026-03-27 21:22:40 - msg_id_0200 ==> 7E02000042660000000002011600000000000C000300C646EE049FAC40039100000000260327212239010400000000140400000000150400000000160400000000170200002A020000300140310114F17E
2026-03-27 21:23:11 - msg_id_0200 ==> 7E02000042660000000002012000000000000C000300C646EE049FAC40039100000000260327212310010400000000140400000000150400000000160400000000170200002A020000300140310115EE7E
2026-03-27 21:23:42 - msg_id_0200 ==> 7E02000042660000000002012C00000000000C000300C646EF049FAC40039100000000260327212341010400000000140400000000150400000000160400000000170200002A020000300140310115B27E
2026-03-27 21:24:13 - msg_id_0200 ==> 7E02000042660000000002013700000000000C000300C646F0049FAC40039100000000260327212412010400000000140400000000150400000000160400000000170200002A020000300140310116E17E
2026-03-27 21:24:44 - msg_id_0200 ==> 7E02000042660000000002014100000000000C000300C646F0049FAC38039100000000260327212443010400000000140400000000150400000000160400000000170200002A020000300143310116BD7E
2026-03-27 21:25:15 - msg_id_0200 ==> 7E02000042660000000002014D00000000000C000300C646EF049FAC38039100000000260327212514010400000000140400000000150400000000160400000000170200002A020000300140310116FB7E
2026-03-27 21:25:46 - msg_id_0200 ==> 7E02000042660000000002015800000000000C000300C646F0049FAC38039100000000260327212545010400000000140400000000150400000000160400000000170200002A020000300140310114A27E
2026-03-27 21:26:17 - msg_id_0200 ==> 7E02000042660000000002016200000000000C000300C646F0049FAC30039100000000260327212616010400000000140400000000150400000000160400000000170200002A020000300140310113C77E
2026-03-27 21:26:48 - msg_id_0200 ==> 7E02000042660000000002016E00000000000C000300C646F1049FAC38039100000000260327212647010400000000140400000000150400000000160400000000170200002A020000300140310115957E
2026-03-27 21:27:19 - msg_id_0200 ==> 7E02000042660000000002017900000000000C000300C646F4049FAC30039100000000260327212718010400000000140400000000150400000000160400000000170200002A020000300140310116D27E
2026-03-27 21:27:35 - msg_id_0200 ==> 7E02000042660000000002017F00000100000C000300C646F2049FAC30039100000000260327212734010400000000140400000000150400000000160400000000170200002A020000300140310113FA7E
2026-03-27 21:31:46 - msg_id_0200 ==> 7E02000042660000000002000200000000000C000300C646F7049FAC30039100000000260327213145010400000000140400000000150400000000160400000000170200002A02000030013D310118937E
2026-03-27 21:32:17 - msg_id_0200 ==> 7E02000042660000000002000D00000000000C000300C646F7049FAC30039100000000260327213216010400000000140400000000150400000000160400000000170200002A020000300140310117BE7E
2026-03-27 21:32:48 - msg_id_0200 ==> 7E02000042660000000002001800000000000C000300C646F6049FAC28039100000000260327213247010400000000140400000000150400000000160400000000170200002A020000300140310118EC7E
2026-03-27 21:33:19 - msg_id_0200 ==> 7E02000042660000000002002300000000000C000300C646F7049FAC28039000000000260327213318010400000000140400000000150400000000160400000000170200002A020000300140310118897E
2026-03-27 21:33:50 - msg_id_0200 ==> 7E02000042660000000002002E00000000000C000300C646F9049FAC28039000000000260327213349010400000000140400000000150400000000160400000000170200002A020000300140310118DB7E
2026-03-27 21:34:21 - msg_id_0200 ==> 7E02000042660000000002003900000000000C000300C646FA049FAC28039000000000260327213420010400000000140400000000150400000000160400000000170200002A020000300140310118A17E
2026-03-27 21:34:52 - msg_id_0200 ==> 7E02000042660000000002004400000000000C000300C646FB049FAC28039000000000260327213451010400000000140400000000150400000000160400000000170200002A020000300140310119AD7E
2026-03-27 21:35:23 - msg_id_0200 ==> 7E02000042660000000002004F00000000000C000300C646FD049FAC28039000000000260327213522010400000000140400000000150400000000160400000000170200002A020000300140310118D37E
2026-03-27 21:35:54 - msg_id_0200 ==> 7E02000042660000000002005A00000000000C000300C646FB049FAC38039000000000260327213553010400000000140400000000150400000000160400000000170200002A020000300140310119A07E
2026-03-27 21:36:25 - msg_id_0200 ==> 7E02000042660000000002006500000000000C000300C646FA049FAC48039000000000260327213624010400000000140400000000150400000000160400000000170200002A02000030013D310118E67E
2026-03-27 21:36:56 - msg_id_0200 ==> 7E02000042660000000002007000000000000C000300C646F9049FAC40039000000000260327213655010400000000140400000000150400000000160400000000170200002A020000300140310117FB7E
2026-03-27 21:37:27 - msg_id_0200 ==> 7E02000042660000000002007B00000000000C000300C646FB049FAC40039000000000260327213726010400000000140400000000150400000000160400000000170200002A020000300140310116817E
2026-03-27 21:37:36 - msg_id_0200 ==> 7E02000042660000000002007F00000100000C000300C646FB049FAC40039000000000260327213735010400000000140400000000150400000000160400000000170200002A020000300140310116977E
2026-03-27 21:37:58 - msg_id_0200 ==> 7E02000042660000000002008700000000000C000300C646FC049FAC40039000000000260327213757010400000000140400000000150400000000160400000000170200002A020000300140310118057E
2026-03-27 21:38:29 - msg_id_0200 ==> 7E02000042660000000002009200000000000C000300C646FF049FAC48039000000000260327213828010400000000140400000000150400000000160400000000170200002A0200003001403101186B7E
2026-03-27 21:39:00 - msg_id_0200 ==> 7E02000042660000000002009D00000000000C000300C646FF049FAC48039000000000260327213859010400000000140400000000150400000000160400000000170200002A02000030013D310117677E
2026-03-27 21:39:31 - msg_id_0200 ==> 7E0200004266000000000200A800000000000C000300C646FF049FAC50039000000000260327213930010400000000140400000000150400000000160400000000170200002A020000300140310119517E
2026-03-27 21:40:02 - msg_id_0200 ==> 7E0200004266000000000200B300000000000C000300C64700049FAC50039000000000260327214001010400000000140400000000150400000000160400000000170200002A020000300140310119FC7E
2026-03-27 21:40:33 - msg_id_0200 ==> 7E0200004266000000000200BE00000000000C000300C646FE049FAC48039000000000260327214032010400000000140400000000150400000000160400000000170200002A020000300140310119257E
2026-03-27 21:41:04 - msg_id_0200 ==> 7E0200004266000000000200C900000000000C000300C646FC049FAC50039000000000260327214103010400000000140400000000150400000000160400000000170200002A02000030013D3101170B7E
2026-03-27 21:41:35 - msg_id_0200 ==> 7E0200004266000000000200D400000000000C000300C646FE049FAC50039000000000260327214134010400000000140400000000150400000000160400000000170200002A020000300140310119507E
2026-03-27 21:42:06 - msg_id_0200 ==> 7E0200004266000000000200DF00000000000C000300C646FF049FAC50039000000000260327214205010400000000140400000000150400000000160400000000170200002A02000030013D310119157E
2026-03-27 21:42:37 - msg_id_0200 ==> 7E0200004266000000000200EA00000000000C000300C64701049FAC50039000000000260327214236010400000000140400000000150400000000160400000000170200002A02000030013D310119EC7E
2026-03-27 21:43:08 - msg_id_0200 ==> 7E0200004266000000000200F500000000000C000300C64703049FAC50039000000000260327214307010400000000140400000000150400000000160400000000170200002A020000300140310119BC7E
2026-03-27 21:43:39 - msg_id_0200 ==> 7E02000042660000000002010000000000000C000300C64702049FAC58039000000000260327214338010400000000140400000000150400000000160400000000170200002A0200003001403101197D027E
2026-03-27 21:44:10 - msg_id_0200 ==> 7E02000042660000000002010B00000000000C000300C64701049FAC58039000000000260327214409010400000000140400000000150400000000160400000000170200002A0200003001403101174E7E
2026-03-27 21:44:41 - msg_id_0200 ==> 7E02000042660000000002011600000000000C000300C646FF049FAC58039000000000260327214440010400000000140400000000150400000000160400000000170200002A020000300140310119EB7E
2026-03-27 21:45:12 - msg_id_0200 ==> 7E02000042660000000002012100000000000C000300C64701049FAC58039000000000260327214511010400000000140400000000150400000000160400000000170200002A020000300140310118727E
2026-03-27 21:45:43 - msg_id_0200 ==> 7E02000042660000000002012C00000000000C000300C64703049FAC58039000000000260327214542010400000000140400000000150400000000160400000000170200002A0200003001403101192F7E
2026-03-27 21:46:14 - msg_id_0200 ==> 7E02000042660000000002013700000000000C000300C64702049FAC58039000000000260327214613010400000000140400000000150400000000160400000000170200002A020000300140310116687E
2026-03-27 21:46:45 - msg_id_0200 ==> 7E02000042660000000002014200000000000C000300C64701049FAC58039000000000260327214644010400000000140400000000150400000000160400000000170200002A020000300140310118477E
2026-03-27 21:47:16 - msg_id_0200 ==> 7E02000042660000000002014D00000000000C000300C64700049FAC58039000000000260327214715010400000000140400000000150400000000160400000000170200002A020000300140310116177E
2026-03-27 21:47:47 - msg_id_0200 ==> 7E02000042660000000002015800000000000C000300C646FF049FAC58039000000000260327214746010400000000140400000000150400000000160400000000170200002A020000300140310118A17E
2026-03-27 21:48:18 - msg_id_0200 ==> 7E02000042660000000002016300000000000C000300C64700049FAC58039000000000260327214817010400000000140400000000150400000000160400000000170200002A020000300140310116347E
2026-03-27 21:48:49 - msg_id_0200 ==> 7E02000042660000000002016E00000000000C000300C64700049FAC58039000000000260327214848010400000000140400000000150400000000160400000000170200002A020000300140310117677E
2026-03-27 21:49:20 - msg_id_0200 ==> 7E02000042660000000002017900000000000C000300C64702049FAC58039000000000260327214919010400000000140400000000150400000000160400000000170200002A0200003001403101192C7E
2026-03-27 21:49:36 - msg_id_0200 ==> 7E02000042660000000002017F00000100000C000300C64703049FAC58039000000000260327214935010400000000140400000000150400000000160400000000170200002A020000300140310117087E
2026-03-27 21:50:16 - msg_id_0200 ==> 7E02000042660000000002000200000000000C000300C64703049FAC58039000000000260327215015010400000000140400000000150400000000160400000000170200002A020000300140310119427E
2026-03-27 21:50:47 - msg_id_0200 ==> 7E02000042660000000002000D00000000000C000300C64703049FAC58039000000000260327215046010400000000140400000000150400000000160400000000170200002A020000300140310116117E
2026-03-27 21:51:18 - msg_id_0200 ==> 7E02000042660000000002001800000000000C000300C64704049FAC58039000000000260327215117010400000000140400000000150400000000160400000000170200002A02000030013D3101172F7E
2026-03-27 21:51:49 - msg_id_0200 ==> 7E02000042660000000002002300000000000C000300C64704049FAC58039000000000260327215148010400000000140400000000150400000000160400000000170200002A0200003001433101183A7E
2026-03-27 21:52:20 - msg_id_0200 ==> 7E02000042660000000002002E00000000000C000300C64705049FAC58039000000000260327215219010400000000140400000000150400000000160400000000170200002A02000030013D310117157E
2026-03-27 21:52:51 - msg_id_0200 ==> 7E02000042660000000002003900000000000C000300C64705049FAC58039000000000260327215250010400000000140400000000150400000000160400000000170200002A02000030013D310118447E
2026-03-27 21:53:22 - msg_id_0200 ==> 7E02000042660000000002004400000000000C000300C64706049FAC58039000000000260327215321010400000000140400000000150400000000160400000000170200002A02000030013D310117457E
2026-03-27 21:53:53 - msg_id_0200 ==> 7E02000042660000000002004F00000000000C000300C64708049FAC58039000000000260327215352010400000000140400000000150400000000160400000000170200002A02000030013D3101183C7E
2026-03-27 21:54:24 - msg_id_0200 ==> 7E02000042660000000002005A00000000000C000300C64709049FAC58039000000000260327215423010400000000140400000000150400000000160400000000170200002A0200003001433101162E7E
2026-03-27 21:54:55 - msg_id_0200 ==> 7E02000042660000000002006500000000000C000300C64709049FAC58039000000000260327215454010400000000140400000000150400000000160400000000170200002A020000300143310118687E
2026-03-27 21:55:26 - msg_id_0200 ==> 7E02000042660000000002007000000000000C000300C6470A049FAC58039000000000260327215525010400000000140400000000150400000000160400000000170200002A020000300143310117017E
2026-03-27 21:55:57 - msg_id_0200 ==> 7E02000042660000000002007B00000000000C000300C6470A049FAC58039000000000260327215556010400000000140400000000150400000000160400000000170200002A02000030013D310118087E
2026-03-27 21:56:06 - msg_id_0200 ==> 7E02000042660000000002007F00000100000C000300C6470A049FAC60039000000000260327215605010400000000140400000000150400000000160400000000170200002A02000030013D310118657E
2026-03-27 21:57:04 - msg_id_0200 ==> 7E02000042660000000002000200000000000C000300C6470D049FAC58039000000000260327215703010400000000140400000000150400000000160400000000170200002A0200003001433101195E7E
2026-03-27 21:57:35 - msg_id_0200 ==> 7E02000042660000000002000D00000000000C000300C6470E049FAC58039000000000260327215734010400000000140400000000150400000000160400000000170200002A02000030013D3101181A7E
2026-03-27 21:58:06 - msg_id_0200 ==> 7E02000042660000000002001800000000000C000300C6470E049FAC58038F00000000260327215805010400000000140400000000150400000000160400000000170200002A02000030013D3101182E7E
2026-03-27 21:58:37 - msg_id_0200 ==> 7E02000042660000000002002300000000000C000300C6470D049FAC58038F00000000260327215836010400000000140400000000150400000000160400000000170200002A0200003001433101185B7E
2026-03-27 21:59:08 - msg_id_0200 ==> 7E02000042660000000002002E00000000000C000300C6470C049FAC58038F00000000260327215907010400000000140400000000150400000000160400000000170200002A02000030013D310119187E
2026-03-27 21:59:39 - msg_id_0200 ==> 7E02000042660000000002003900000000000C000300C6470C049FAC58038F00000000260327215938010400000000140400000000150400000000160400000000170200002A02000030013D310119307E
2026-03-27 22:00:10 - msg_id_0200 ==> 7E02000042660000000002004400000000000C000300C6470E049FAC58038F00000000260327220009010400000000140400000000150400000000160400000000170200002A02000030013D3101172A7E
2026-03-27 22:00:41 - msg_id_0200 ==> 7E02000042660000000002004F00000000000C000300C64710049FAC58038F00000000260327220040010400000000140400000000150400000000160400000000170200002A02000030013D310117767E
2026-03-27 22:01:12 - msg_id_0200 ==> 7E02000042660000000002005A00000000000C000300C64711049FAC58038F00000000260327220111010400000000140400000000150400000000160400000000170200002A020000300140310118407E
2026-03-27 22:01:43 - msg_id_0200 ==> 7E02000042660000000002006500000000000C000300C64712049FAC58038F00000000260327220142010400000000140400000000150400000000160400000000170200002A0200003001403101182F7E
2026-03-27 22:02:14 - msg_id_0200 ==> 7E02000042660000000002007000000000000C000300C64710049FAC58038F00000000260327220213010400000000140400000000150400000000160400000000170200002A020000300140310115677E
2026-03-27 22:02:45 - msg_id_0200 ==> 7E02000042660000000002007B00000000000C000300C6470E049FAC58038F00000000260327220244010400000000140400000000150400000000160400000000170200002A020000300140310115257E
2026-03-27 22:02:53 - msg_id_0200 ==> 7E02000042660000000002007F00000100000C000300C6470E049FAC58038F00000000260327220252010400000000140400000000150400000000160400000000170200002A020000300140310115367E
2026-03-27 22:03:16 - msg_id_0200 ==> 7E02000042660000000002008700000000000C000300C6470E049FAC58038F00000000260327220315010400000000140400000000150400000000160400000000170200002A0200003001403101178B7E
2026-03-27 22:03:47 - msg_id_0200 ==> 7E02000042660000000002009200000000000C000300C6470E049FAC58038F00000000260327220346010400000000140400000000150400000000160400000000170200002A020000300140310118C27E
2026-03-27 22:04:18 - msg_id_0200 ==> 7E02000042660000000002009D00000000000C000300C6470E049FAC58038F00000000260327220417010400000000140400000000150400000000160400000000170200002A0200003001403101189B7E
2026-03-27 22:04:49 - msg_id_0200 ==> 7E0200004266000000000200A800000000000C000300C6470C049FAC58038F00000000260327220448010400000000140400000000150400000000160400000000170200002A020000300140310118F37E
2026-03-27 22:05:20 - msg_id_0200 ==> 7E0200004266000000000200B300000000000C000300C6470B049FAC58038F00000000260327220519010400000000140400000000150400000000160400000000170200002A020000300140310118BF7E
2026-03-27 22:05:51 - msg_id_0200 ==> 7E0200004266000000000200BE00000000000C000300C64709049FAC58038F00000000260327220550010400000000140400000000150400000000160400000000170200002A020000300140310117F67E
2026-03-27 22:06:22 - msg_id_0200 ==> 7E0200004266000000000200C900000000000C000300C64708049FAC58038F00000000260327220621010400000000140400000000150400000000160400000000170200002A020000300140310118FD7E
2026-03-27 22:06:53 - msg_id_0200 ==> 7E0200004266000000000200D400000000000C000300C64704049FAC50038F00000000260327220652010400000000140400000000150400000000160400000000170200002A02000030013D310117E57E
2026-03-27 22:07:24 - msg_id_0200 ==> 7E0200004266000000000200DF00000000000C000300C64703049FAC48038F00000000260327220723010400000000140400000000150400000000160400000000170200002A02000030013D310117817E
2026-03-27 22:07:55 - msg_id_0200 ==> 7E0200004266000000000200EA00000000000C000300C64705049FAC48038F00000000260327220754010400000000140400000000150400000000160400000000170200002A020000300140310115BA7E
2026-03-27 22:08:26 - msg_id_0200 ==> 7E0200004266000000000200F500000000000C000300C64707049FAC48038F00000000260327220825010400000000140400000000150400000000160400000000170200002A020000300140310116DA7E
2026-03-27 22:08:57 - msg_id_0200 ==> 7E02000042660000000002010000000000000C000300C64706049FAC40038F00000000260327220856010400000000140400000000150400000000160400000000170200002A020000300140310115577E
2026-03-27 22:09:28 - msg_id_0200 ==> 7E02000042660000000002010B00000000000C000300C64708049FAC40038F00000000260327220927010400000000140400000000150400000000160400000000170200002A020000300140310115227E
2026-03-27 22:09:59 - msg_id_0200 ==> 7E02000042660000000002011600000000000C000300C64707049FAC40038F00000000260327220958010400000000140400000000150400000000160400000000170200002A0200003001403101154F7E
2026-03-27 22:10:30 - msg_id_0200 ==> 7E02000042660000000002012100000000000C000300C64705049FAC40038F00000000260327221029010400000000140400000000150400000000160400000000170200002A020000300140310116117E
2026-03-27 22:11:01 - msg_id_0200 ==> 7E02000042660000000002012C00000000000C000300C64702049FAC40038F00000000260327221100010400000000140400000000150400000000160400000000170200002A020000300140310113367E
2026-03-27 22:11:32 - msg_id_0200 ==> 7E02000042660000000002013700000000000C000300C646FF049FAC40038F00000000260327221131010400000000140400000000150400000000160400000000170200002A020000300140310115E67E
2026-03-27 22:12:03 - msg_id_0200 ==> 7E02000042660000000002014200000000000C000300C64701049FAC38038F00000000260327221202010400000000140400000000150400000000160400000000170200002A020000300140310114257E
2026-03-27 22:12:34 - msg_id_0200 ==> 7E02000042660000000002014D00000000000C000300C646FF049FAC38038F00000000260327221233010400000000140400000000150400000000160400000000170200002A020000300140310116E67E
2026-03-27 22:13:05 - msg_id_0200 ==> 7E02000042660000000002015800000000000C000300C646FE049FAC38038F00000000260327221304010400000000140400000000150400000000160400000000170200002A020000300140310115C77E
2026-03-27 22:13:36 - msg_id_0200 ==> 7E02000042660000000002016300000000000C000300C646FF049FAC38038F00000000260327221335010400000000140400000000150400000000160400000000170200002A020000300140310116CF7E
2026-03-27 22:14:07 - msg_id_0200 ==> 7E02000042660000000002016E00000000000C000300C64704049FAC30038F00000000260327221406010400000000140400000000150400000000160400000000170200002A020000300140310114067E
2026-03-27 22:14:38 - msg_id_0200 ==> 7E02000042660000000002017900000000000C000300C64708049FAC30038F00000000260327221437010400000000140400000000150400000000160400000000170200002A0200003001403101162E7E
2026-03-27 22:14:53 - msg_id_0200 ==> 7E02000042660000000002017F00000100000C000300C64709049FAC30038F00000000260327221452010400000000140400000000150400000000160400000000170200002A0200003001403101154E7E
2026-03-27 22:15:33 - msg_id_0200 ==> 7E02000042660000000002000200000000000C000300C6470B049FAC30038F00000000260327221532010400000000140400000000150400000000160400000000170200002A020000300140310114517E
2026-03-27 22:16:04 - msg_id_0200 ==> 7E02000042660000000002000D00000000000C000300C6470C049FAC38038F00000000260327221603010400000000140400000000150400000000160400000000170200002A020000300140310115627E
2026-03-27 22:16:35 - msg_id_0200 ==> 7E02000042660000000002001800000000000C000300C6470A049FAC38038F00000000260327221634010400000000140400000000150400000000160400000000170200002A020000300140310114477E
2026-03-27 22:17:06 - msg_id_0200 ==> 7E02000042660000000002002300000000000C000300C6470B049FAC38038F00000000260327221705010400000000140400000000150400000000160400000000170200002A020000300140310111487E
2026-03-27 22:17:37 - msg_id_0200 ==> 7E02000042660000000002002E00000000000C000300C6470D049FAC40038F00000000260327221736010400000000140400000000150400000000160400000000170200002A0200003001433101140E7E
2026-03-27 22:18:08 - msg_id_0200 ==> 7E02000042660000000002003900000000000C000300C6470E049FAC40038F00000000260327221807010400000000140400000000150400000000160400000000170200002A020000300140310115267E
2026-03-27 22:18:39 - msg_id_0200 ==> 7E02000042660000000002004400000000000C000300C6470C049FAC40038F00000000260327221838010400000000140400000000150400000000160400000000170200002A020000300140310115667E
2026-03-27 22:19:10 - msg_id_0200 ==> 7E02000042660000000002004F00000000000C000300C6470D049FAC48038F00000000260327221909010400000000140400000000150400000000160400000000170200002A020000300140310115547E
2026-03-27 22:19:41 - msg_id_0200 ==> 7E02000042660000000002005A00000000000C000300C6470E049FAC48038F00000000260327221940010400000000140400000000150400000000160400000000170200002A0200003001403101150B7E
2026-03-27 22:20:12 - msg_id_0200 ==> 7E02000042660000000002006500000000000C000300C6470E049FAC48038F00000000260327222011010400000000140400000000150400000000160400000000170200002A0200003001403101145D7E
2026-03-27 22:20:43 - msg_id_0200 ==> 7E02000042660000000002007000000000000C000300C6470F049FAC48038F00000000260327222042010400000000140400000000150400000000160400000000170200002A0200003001403101131D7E
2026-03-27 22:21:14 - msg_id_0200 ==> 7E02000042660000000002007B00000000000C000300C64710049FAC48038F00000000260327222113010400000000140400000000150400000000160400000000170200002A0200003001433101135A7E
2026-03-27 22:21:23 - msg_id_0200 ==> 7E02000042660000000002007F00000100000C000300C64711049FAC48038F00000000260327222122010400000000140400000000150400000000160400000000170200002A0200003001403101146B7E
2026-03-27 22:22:06 - msg_id_0200 ==> 7E02000042660000000002000200000000000C000300C64713049FAC40038F00000000260327222205010400000000140400000000150400000000160400000000170200002A0200003001433101143A7E
2026-03-27 22:22:37 - msg_id_0200 ==> 7E02000042660000000002000D00000000000C000300C64717049FAC40038F00000000260327222236010400000000140400000000150400000000160400000000170200002A020000300140310111047E
2026-03-27 22:23:08 - msg_id_0200 ==> 7E02000042660000000002001800000000000C000300C6471A049FAC40038F00000000260327222307010400000000140400000000150400000000160400000000170200002A020000300140310114297E
2026-03-27 22:23:39 - msg_id_0200 ==> 7E02000042660000000002002300000000000C000300C6471A049FAC40038F00000000260327222338010400000000140400000000150400000000160400000000170200002A0200003001403101132A7E
2026-03-27 22:24:10 - msg_id_0200 ==> 7E02000042660000000002002E00000000000C000300C6471B049FAC40038F00000000260327222409010400000000140400000000150400000000160400000000170200002A020000300140310113107E
2026-03-27 22:24:41 - msg_id_0200 ==> 7E02000042660000000002003900000000000C000300C6471D049FAC40038F00000000260327222440010400000000140400000000150400000000160400000000170200002A0200003001403101144F7E
2026-03-27 22:25:12 - msg_id_0200 ==> 7E02000042660000000002004400000000000C000300C6471D049FAC38038F00000000260327222511010400000000140400000000150400000000160400000000170200002A0200003001403101121C7E
2026-03-27 22:25:43 - msg_id_0200 ==> 7E02000042660000000002004F00000000000C000300C6471D049FAC38039000000000260327222542010400000000140400000000150400000000160400000000170200002A0200003001403101145D7E
2026-03-27 22:26:14 - msg_id_0200 ==> 7E02000042660000000002005A00000000000C000300C6471E049FAC38039000000000260327222613010400000000140400000000150400000000160400000000170200002A0200003001403101121F7E
2026-03-27 22:26:45 - msg_id_0200 ==> 7E02000042660000000002006500000000000C000300C6471E049FAC38039000000000260327222644010400000000140400000000150400000000160400000000170200002A020000300143310113757E
2026-03-27 22:27:16 - msg_id_0200 ==> 7E02000042660000000002007000000000000C000300C6471B049FAC38039000000000260327222715010400000000140400000000150400000000160400000000170200002A020000300140310112377E
2026-03-27 22:27:47 - msg_id_0200 ==> 7E02000042660000000002007B00000000000C000300C64719049FAC38039000000000260327222746010400000000140400000000150400000000160400000000170200002A0200003001403101136C7E
2026-03-27 22:27:55 - msg_id_0200 ==> 7E02000042660000000002007F00000100000C000300C64719049FAC38039000000000260327222754010400000000140400000000150400000000160400000000170200002A0200003001403101147C7E
2026-03-27 22:28:18 - msg_id_0200 ==> 7E02000042660000000002008700000000000C000300C64717049FAC38039000000000260327222817010400000000140400000000150400000000160400000000170200002A020000300140310114C77E
2026-03-27 22:28:49 - msg_id_0200 ==> 7E02000042660000000002009200000000000C000300C64715049FAC38039000000000260327222848010400000000140400000000150400000000160400000000170200002A020000300140310113887E
2026-03-27 22:29:20 - msg_id_0200 ==> 7E02000042660000000002009D00000000000C000300C64715049FAC38039000000000260327222919010400000000140400000000150400000000160400000000170200002A020000300140310112D67E
2026-03-27 22:29:51 - msg_id_0200 ==> 7E0200004266000000000200A800000000000C000300C64713049FAC38039000000000260327222950010400000000140400000000150400000000160400000000170200002A020000300140310115AB7E
2026-03-27 22:30:22 - msg_id_0200 ==> 7E0200004266000000000200B300000000000C000300C64713049FAC40039000000000260327223021010400000000140400000000150400000000160400000000170200002A020000300143310111A77E
2026-03-27 22:30:53 - msg_id_0200 ==> 7E0200004266000000000200BE00000000000C000300C64710049FAC40039000000000260327223052010400000000140400000000150400000000160400000000170200002A020000300140310111D97E
2026-03-27 22:31:24 - msg_id_0200 ==> 7E0200004266000000000200C900000000000C000300C64710049FAC40038F00000000260327223123010400000000140400000000150400000000160400000000170200002A020000300140310110C07E
2026-03-27 22:31:55 - msg_id_0200 ==> 7E0200004266000000000200D400000000000C000300C64710049FAC40038F00000000260327223154010400000000140400000000150400000000160400000000170200002A020000300140310111AB7E
2026-03-27 22:32:26 - msg_id_0200 ==> 7E0200004266000000000200DF00000000000C000300C64712049FAC48038F00000000260327223225010400000000140400000000150400000000160400000000170200002A020000300140310112DB7E
2026-03-27 22:32:57 - msg_id_0200 ==> 7E0200004266000000000200EA00000000000C000300C64714049FAC40038F00000000260327223256010400000000140400000000150400000000160400000000170200002A020000300140310111907E
2026-03-27 22:33:28 - msg_id_0200 ==> 7E0200004266000000000200F500000000000C000300C64716049FAC40038F00000000260327223327010400000000140400000000150400000000160400000000170200002A020000300143310111FE7E
2026-03-27 22:33:59 - msg_id_0200 ==> 7E02000042660000000002010000000000000C000300C64714049FAC40038F00000000260327223358010400000000140400000000150400000000160400000000170200002A020000300140310111747E
2026-03-27 22:34:29 - msg_id_0200 ==> 7E02000042660000000002010B00000000000C000300C64713049FAC48038F00000000260327223429010400000000140400000000150400000000160400000000170200002A020000300143310111057E
2026-03-27 22:35:01 - msg_id_0200 ==> 7E02000042660000000002011600000000000C000300C64713049FAC48038F00000000260327223500010400000000140400000000150400000000160400000000170200002A020000300143310112337E
2026-03-27 22:35:32 - msg_id_0200 ==> 7E02000042660000000002012100000000000C000300C64713049FAC48038F00000000260327223531010400000000140400000000150400000000160400000000170200002A020000300143310113347E
2026-03-27 22:36:03 - msg_id_0200 ==> 7E02000042660000000002012C00000000000C000300C64713049FAC48038F00000000260327223602010400000000140400000000150400000000160400000000170200002A020000300143310113097E
2026-03-27 22:36:34 - msg_id_0200 ==> 7E02000042660000000002013700000000000C000300C64712049FAC48038F00000000260327223633010400000000140400000000150400000000160400000000170200002A020000300143310111207E
2026-03-27 22:37:05 - msg_id_0200 ==> 7E02000042660000000002014200000000000C000300C64712049FAC48038F00000000260327223704010400000000140400000000150400000000160400000000170200002A020000300140310112637E
2026-03-27 22:37:36 - msg_id_0200 ==> 7E02000042660000000002014D00000000000C000300C64713049FAC48038F00000000260327223735010400000000140400000000150400000000160400000000170200002A0200003001403101145A7E
2026-03-27 22:38:07 - msg_id_0200 ==> 7E02000042660000000002015800000000000C000300C64712049FAC40038F00000000260327223806010400000000140400000000150400000000160400000000170200002A0200003001403101147A7E
2026-03-27 22:38:38 - msg_id_0200 ==> 7E02000042660000000002016300000000000C000300C6470E049FAC40038F00000000260327223837010400000000140400000000150400000000160400000000170200002A0200003001403101146C7E
2026-03-27 22:39:09 - msg_id_0200 ==> 7E02000042660000000002016E00000000000C000300C6470E049FAC38038F00000000260327223908010400000000140400000000150400000000160400000000170200002A020000300140310113207E
2026-03-27 22:39:40 - msg_id_0200 ==> 7E02000042660000000002017900000000000C000300C64710049FAC38038F00000000260327223939010400000000140400000000150400000000160400000000170200002A020000300140310113187E
2026-03-27 22:39:55 - msg_id_0200 ==> 7E02000042660000000002017F00000100000C000300C6470E049FAC38038F00000000260327223954010400000000140400000000150400000000160400000000170200002A0200003001403101126D7E
2026-03-27 22:40:11 - msg_id_0200 ==> 7E02000042660000000002018500000000000C000300C6470C049FAC40038F00000000260327224010010400000000140400000000150400000000160400000000170200002A020000300140310112D17E
2026-03-27 22:40:42 - msg_id_0200 ==> 7E02000042660000000002019000000000000C000300C64707049FAC40038F00000000260327224041010400000000140400000000150400000000160400000000170200002A020000300140310114987E
2026-03-27 22:41:13 - msg_id_0200 ==> 7E02000042660000000002019B00000000000C000300C64707049FAC48038F00000000260327224112010400000000140400000000150400000000160400000000170200002A020000300140310114C97E
2026-03-27 22:41:44 - msg_id_0200 ==> 7E0200004266000000000201A600000000000C000300C64701049FAC48038F00000000260327224143010400000000140400000000150400000000160400000000170200002A020000300140310113A47E
2026-03-27 22:42:15 - msg_id_0200 ==> 7E0200004266000000000201B100000000000C000300C64701049FAC48038F00000000260327224214010400000000140400000000150400000000160400000000170200002A020000300140310112E67E
2026-03-27 22:42:46 - msg_id_0200 ==> 7E0200004266000000000201BC00000000000C000300C64700049FAC40038F00000000260327224245010400000000140400000000150400000000160400000000170200002A020000300140310114B57E
2026-03-27 22:43:17 - msg_id_0200 ==> 7E0200004266000000000201C700000000000C000300C646FF049FAC40038F00000000260327224316010400000000140400000000150400000000160400000000170200002A020000300140310112647E
2026-03-27 22:43:48 - msg_id_0200 ==> 7E0200004266000000000201D200000000000C000300C646FD049FAC40038E00000000260327224347010400000000140400000000150400000000160400000000170200002A020000300140310112237E
2026-03-27 22:44:19 - msg_id_0200 ==> 7E0200004266000000000201DD00000000000C000300C646F7049FAC40038F00000000260327224418010400000000140400000000150400000000160400000000170200002A0200003001403101117C7E
2026-03-27 22:44:50 - msg_id_0200 ==> 7E0200004266000000000201E800000000000C000300C646F5049FAC38038E00000000260327224449010400000000140400000000150400000000160400000000170200002A020000300140310113617E
2026-03-27 22:45:21 - msg_id_0200 ==> 7E0200004266000000000201F300000000000C000300C646F5049FAC30038E00000000260327224520010400000000140400000000150400000000160400000000170200002A0200003001403101121B7E
2026-03-27 22:45:52 - msg_id_0200 ==> 7E0200004266000000000201FE00000000000C000300C646F3049FAC30038E00000000260327224551010400000000140400000000150400000000160400000000170200002A020000300140310112617E
2026-03-27 22:46:23 - msg_id_0200 ==> 7E02000042660000000002020900000000000C000300C646F4049FAC30038E00000000260327224622010400000000140400000000150400000000160400000000170200002A020000300140310112E27E
2026-03-27 22:46:54 - msg_id_0200 ==> 7E02000042660000000002021400000000000C000300C646F6049FAC30038E00000000260327224653010400000000140400000000150400000000160400000000170200002A02000030014331010F927E
2026-03-27 22:47:25 - msg_id_0200 ==> 7E02000042660000000002021F00000000000C000300C646F6049FAC30038E00000000260327224724010400000000140400000000150400000000160400000000170200002A020000300140310113F07E
2026-03-27 22:47:56 - msg_id_0200 ==> 7E02000042660000000002022A00000000000C000300C646F8049FAC30038E00000000260327224755010400000000140400000000150400000000160400000000170200002A020000300140310113BA7E
2026-03-27 22:48:27 - msg_id_0200 ==> 7E02000042660000000002023500000000000C000300C646F6049FAC38038E00000000260327224826010400000000140400000000150400000000160400000000170200002A020000300143310111DE7E
2026-03-27 22:48:58 - msg_id_0200 ==> 7E02000042660000000002024000000000000C000300C646F8049FAC30038E00000000260327224857010400000000140400000000150400000000160400000000170200002A020000300140310111DF7E
2026-03-27 22:49:29 - msg_id_0200 ==> 7E02000042660000000002024B00000000000C000300C646FA049FAC30038E00000000260327224928010400000000140400000000150400000000160400000000170200002A020000300140310110A97E
2026-03-27 22:50:00 - msg_id_0200 ==> 7E02000042660000000002025600000000000C000300C646FA049FAC30038E00000000260327224959010400000000140400000000150400000000160400000000170200002A02000030014031010FDA7E
2026-03-27 22:50:31 - msg_id_0200 ==> 7E02000042660000000002026100000000000C000300C646FC049FAC30038E00000000260327225030010400000000140400000000150400000000160400000000170200002A020000300140310112867E
2026-03-27 22:51:02 - msg_id_0200 ==> 7E02000042660000000002026C00000000000C000300C646FD049FAC28038E00000000260327225101010400000000140400000000150400000000160400000000170200002A020000300143310113A07E
2026-03-27 22:51:33 - msg_id_0200 ==> 7E02000042660000000002027700000000000C000300C646FE049FAC28038E00000000260327225132010400000000140400000000150400000000160400000000170200002A020000300140310112897E
2026-03-27 22:51:53 - msg_id_0200 ==> 7E02000042660000000002027F00000100000C000300C646FF049FAC28038E00000000260327225152010400000000140400000000150400000000160400000000170200002A020000300140310112E17E
2026-03-27 22:52:04 - msg_id_0200 ==> 7E02000042660000000002028400000000000C000300C646FF049FAC28038E00000000260327225203010400000000140400000000150400000000160400000000170200002A020000300140310112497E
2026-03-27 22:52:35 - msg_id_0200 ==> 7E02000042660000000002028F00000000000C000300C64701049FAC28038E00000000260327225234010400000000140400000000150400000000160400000000170200002A0200003001403101138B7E
2026-03-27 22:53:06 - msg_id_0200 ==> 7E02000042660000000002029A00000000000C000300C64703049FAC20038E00000000260327225305010400000000140400000000150400000000160400000000170200002A020000300140310113A47E
2026-03-27 22:53:37 - msg_id_0200 ==> 7E0200004266000000000202A500000000000C000300C64700049FAC20038E00000000260327225336010400000000140400000000150400000000160400000000170200002A020000300140310114AC7E
2026-03-27 22:54:08 - msg_id_0200 ==> 7E0200004266000000000202B000000000000C000300C646FF049FAC20038E00000000260327225407010400000000140400000000150400000000160400000000170200002A020000300140310113767E
2026-03-27 22:54:39 - msg_id_0200 ==> 7E0200004266000000000202BB00000000000C000300C646FF049FAC20038E00000000260327225438010400000000140400000000150400000000160400000000170200002A020000300140310113427E
2026-03-27 22:55:10 - msg_id_0200 ==> 7E0200004266000000000202C600000000000C000300C646FD049FAC20038E00000000260327225509010400000000140400000000150400000000160400000000170200002A0200003001403101130D7E
2026-03-27 22:55:41 - msg_id_0200 ==> 7E0200004266000000000202D100000000000C000300C646FF049FAC20038E00000000260327225540010400000000140400000000150400000000160400000000170200002A020000300143310113527E
2026-03-27 22:56:12 - msg_id_0200 ==> 7E0200004266000000000202DC00000000000C000300C64701049FAC20038E00000000260327225611010400000000140400000000150400000000160400000000170200002A020000300140310114F67E
2026-03-27 22:56:43 - msg_id_0200 ==> 7E0200004266000000000202E700000000000C000300C64703049FAC18038E00000000260327225642010400000000140400000000150400000000160400000000170200002A020000300140310114A47E
2026-03-27 22:57:14 - msg_id_0200 ==> 7E0200004266000000000202F200000000000C000300C64701049FAC18038D00000000260327225713010400000000140400000000150400000000160400000000170200002A020000300140310114E07E
2026-03-27 22:57:45 - msg_id_0200 ==> 7E0200004266000000000202FD00000000000C000300C64701049FAC18038D00000000260327225744010400000000140400000000150400000000160400000000170200002A020000300143310114BB7E
2026-03-27 22:58:16 - msg_id_0200 ==> 7E02000042660000000002030800000000000C000300C646FE049FAC10038D00000000260327225815010400000000140400000000150400000000160400000000170200002A020000300143310113E07E
2026-03-27 22:58:47 - msg_id_0200 ==> 7E02000042660000000002031300000000000C000300C646FD049FAC10038D00000000260327225846010400000000140400000000150400000000160400000000170200002A020000300143310112AA7E
2026-03-27 22:59:18 - msg_id_0200 ==> 7E02000042660000000002031E00000000000C000300C646FD049FAC10038D00000000260327225917010400000000140400000000150400000000160400000000170200002A020000300143310113F67E
2026-03-27 22:59:49 - msg_id_0200 ==> 7E02000042660000000002032900000000000C000300C646FC049FAC10038D00000000260327225948010400000000140400000000150400000000160400000000170200002A0200003001403101139C7E
2026-03-27 23:00:20 - msg_id_0200 ==> 7E02000042660000000002033400000000000C000300C646FC049FAC10038D00000000260327230019010400000000140400000000150400000000160400000000170200002A020000300140310113887E
2026-03-27 23:00:51 - msg_id_0200 ==> 7E02000042660000000002033F00000000000C000300C646FC049FAC10038D00000000260327230050010400000000140400000000150400000000160400000000170200002A020000300140310114CD7E
2026-03-27 23:01:22 - msg_id_0200 ==> 7E02000042660000000002034A00000000000C000300C646FF049FAC10038D00000000260327230121010400000000140400000000150400000000160400000000170200002A020000300140310114CB7E
2026-03-27 23:01:53 - msg_id_0200 ==> 7E02000042660000000002035500000000000C000300C64701049FAC10038D00000000260327230152010400000000140400000000150400000000160400000000170200002A0200003001403101125E7E
2026-03-27 23:02:24 - msg_id_0200 ==> 7E02000042660000000002036000000000000C000300C64701049FAC10038D00000000260327230223010400000000140400000000150400000000160400000000170200002A0200003001403101141F7E
2026-03-27 23:02:55 - msg_id_0200 ==> 7E02000042660000000002036B00000000000C000300C64700049FAC10038D00000000260327230254010400000000140400000000150400000000160400000000170200002A020000300140310115637E
2026-03-27 23:03:26 - msg_id_0200 ==> 7E02000042660000000002037600000000000C000300C646FE049FAC08038D00000000260327230325010400000000140400000000150400000000160400000000170200002A020000300140310114E87E
2026-03-27 23:03:50 - msg_id_0200 ==> 7E02000042660000000002037F00000100000C000300C646FD049FAC08038D00000000260327230349010400000000140400000000150400000000160400000000170200002A020000300140310112897E
2026-03-27 23:03:57 - msg_id_0200 ==> 7E02000042660000000002038200000000000C000300C646FC049FAC08038D00000000260327230356010400000000140400000000150400000000160400000000170200002A020000300140310111687E
2026-03-27 23:04:28 - msg_id_0200 ==> 7E02000042660000000002038D00000000000C000300C646F8049FAC08038D00000000260327230427010400000000140400000000150400000000160400000000170200002A020000300140310113177E
2026-03-27 23:04:59 - msg_id_0200 ==> 7E02000042660000000002039800000000000C000300C646F8049FAC08038D00000000260327230458010400000000140400000000150400000000160400000000170200002A0200003001403101147A7E
2026-03-27 23:05:30 - msg_id_0200 ==> 7E0200004266000000000203A300000000000C000300C646F8049FAC08038D00000000260327230529010400000000140400000000150400000000160400000000170200002A020000300140310113367E
2026-03-27 23:06:01 - msg_id_0200 ==> 7E0200004266000000000203AE00000000000C000300C646F9049FAC00038D00000000260327230600010400000000140400000000150400000000160400000000170200002A0200003001403101111A7E
2026-03-27 23:06:32 - msg_id_0200 ==> 7E0200004266000000000203B900000000000C000300C646F7049FAC00038D00000000260327230631010400000000140400000000150400000000160400000000170200002A020000300140310114377E
2026-03-27 23:07:03 - msg_id_0200 ==> 7E0200004266000000000203C400000000000C000300C646F6049FAC00038D00000000260327230702010400000000140400000000150400000000160400000000170200002A020000300140310114797E
2026-03-27 23:07:34 - msg_id_0200 ==> 7E0200004266000000000203CF00000000000C000300C646F5049FABF8038E00000000260327230733010400000000140400000000150400000000160400000000170200002A020000300140310113BB7E
2026-03-27 23:08:05 - msg_id_0200 ==> 7E0200004266000000000203DA00000000000C000300C646F6049FABF8038E00000000260327230804010400000000140400000000150400000000160400000000170200002A020000300140310113957E
2026-03-27 23:08:36 - msg_id_0200 ==> 7E0200004266000000000203E500000000000C000300C646F6049FABF8038E00000000260327230835010400000000140400000000150400000000160400000000170200002A0200003001403101149C7E
2026-03-27 23:09:07 - msg_id_0200 ==> 7E0200004266000000000203F000000000000C000300C646F6049FABF0038E00000000260327230906010400000000140400000000150400000000160400000000170200002A020000300140310110B77E
2026-03-27 23:09:38 - msg_id_0200 ==> 7E0200004266000000000203FB00000000000C000300C646F7049FABF0038E00000000260327230937010400000000140400000000150400000000160400000000170200002A0200003001403101108C7E
2026-03-27 23:10:09 - msg_id_0200 ==> 7E02000042660000000002040600000000000C000300C646F7049FABF0038E00000000260327231008010400000000140400000000150400000000160400000000170200002A020000300140310111517E
2026-03-27 23:10:40 - msg_id_0200 ==> 7E02000042660000000002041100000000000C000300C646F3049FABF0038E00000000260327231039010400000000140400000000150400000000160400000000170200002A020000300140310113717E
2026-03-27 23:11:11 - msg_id_0200 ==> 7E02000042660000000002041C00000000000C000300C646F3049FABE8038E00000000260327231110010400000000140400000000150400000000160400000000170200002A0200003001403101134C7E
2026-03-27 23:11:42 - msg_id_0200 ==> 7E02000042660000000002042700000000000C000300C646F3049FABE8038E00000000260327231141010400000000140400000000150400000000160400000000170200002A020000300140310113267E
2026-03-27 23:12:13 - msg_id_0200 ==> 7E02000042660000000002043200000000000C000300C646F1049FABE8038E00000000260327231212010400000000140400000000150400000000160400000000170200002A02000030013D3101121D7E
2026-03-27 23:12:44 - msg_id_0200 ==> 7E02000042660000000002043D00000000000C000300C646EC049FABE8038E00000000260327231243010400000000140400000000150400000000160400000000170200002A020000300140310113227E
2026-03-27 23:13:15 - msg_id_0200 ==> 7E02000042660000000002044800000000000C000300C646ED049FABE8038E00000000260327231314010400000000140400000000150400000000160400000000170200002A020000300140310113007E
2026-03-27 23:13:46 - msg_id_0200 ==> 7E02000042660000000002045300000000000C000300C646EE049FABE8038E00000000260327231345010400000000140400000000150400000000160400000000170200002A0200003001403101144E7E
2026-03-27 23:14:17 - msg_id_0200 ==> 7E02000042660000000002045E00000000000C000300C646ED049FABE8038E00000000260327231416010400000000140400000000150400000000160400000000170200002A020000300140310114147E
2026-03-27 23:14:48 - msg_id_0200 ==> 7E02000042660000000002046900000000000C000300C646EA049FABF0038F00000000260327231447010400000000140400000000150400000000160400000000170200002A0200003001403101166E7E
2026-03-27 23:15:19 - msg_id_0200 ==> 7E02000042660000000002047400000000000C000300C646E7049FABE8038E00000000260327231518010400000000140400000000150400000000160400000000170200002A0200003001403101153A7E
2026-03-27 23:15:48 - msg_id_0200 ==> 7E02000042660000000002047F00000100000C000300C646E2049FABE8038E00000000260327231547010400000000140400000000150400000000160400000000170200002A020000300140310116697E
2026-03-27 23:17:04 - msg_id_0200 ==> 7E02000042660000000002000200000000000C000300C646DD049FABE0038E00000000260327231703010400000000140400000000150400000000160400000000170200002A020000300140310115637E
2026-03-27 23:17:35 - msg_id_0200 ==> 7E02000042660000000002000D00000000000C000300C646E0049FABE0038E00000000260327231734010400000000140400000000150400000000160400000000170200002A020000300140310114677E
2026-03-27 23:18:06 - msg_id_0200 ==> 7E02000042660000000002001800000000000C000300C646E3049FABE8038E00000000260327231805010400000000140400000000150400000000160400000000170200002A020000300140310111427E
2026-03-27 23:18:37 - msg_id_0200 ==> 7E02000042660000000002002300000000000C000300C646E3049FABF0038E00000000260327231836010400000000140400000000150400000000160400000000170200002A020000300140310114577E
2026-03-27 23:19:08 - msg_id_0200 ==> 7E02000042660000000002002E00000000000C000300C646E7049FABE8038D00000000260327231907010400000000140400000000150400000000160400000000170200002A020000300140310114757E
2026-03-27 23:19:39 - msg_id_0200 ==> 7E02000042660000000002003900000000000C000300C646E1049FABF0038D00000000260327231938010400000000140400000000150400000000160400000000170200002A020000300140310114437E
2026-03-27 23:20:10 - msg_id_0200 ==> 7E02000042660000000002004400000000000C000300C646E2049FABF0038D00000000260327232009010400000000140400000000150400000000160400000000170200002A020000300143310113317E
2026-03-27 23:20:41 - msg_id_0200 ==> 7E02000042660000000002004F00000000000C000300C646E6049FABF0038D00000000260327232040010400000000140400000000150400000000160400000000170200002A020000300143310110747E
2026-03-27 23:21:12 - msg_id_0200 ==> 7E02000042660000000002005A00000000000C000300C646E3049FABF0038D00000000260327232111010400000000140400000000150400000000160400000000170200002A020000300140310114337E
2026-03-27 23:21:43 - msg_id_0200 ==> 7E02000042660000000002006500000000000C000300C646E0049FABE8038D00000000260327232142010400000000140400000000150400000000160400000000170200002A020000300140310113437E
2026-03-27 23:22:14 - msg_id_0200 ==> 7E02000042660000000002007000000000000C000300C646DF049FABE8038D00000000260327232213010400000000140400000000150400000000160400000000170200002A0200003001403101123A7E
2026-03-27 23:22:45 - msg_id_0200 ==> 7E02000042660000000002007B00000000000C000300C646DC049FABE0038D00000000260327232244010400000000140400000000150400000000160400000000170200002A0200003001403101136C7E
2026-03-27 23:22:53 - msg_id_0200 ==> 7E02000042660000000002007F00000100000C000300C646DC049FABE0038D00000000260327232252010400000000140400000000150400000000160400000000170200002A0200003001403101117D017E
2026-03-27 23:24:11 - msg_id_0200 ==> 7E02000042660000000002000200000000000C000300C646C9049FABE0038D00000000260327232410010400000000140400000000150400000000160400000000170200002A020000300140310112537E
2026-03-27 23:24:42 - msg_id_0200 ==> 7E02000042660000000002000D00000000000C000300C646C0049FABE0038D00000000260327232441010400000000140400000000150400000000160400000000170200002A020000300140310112047E
2026-03-27 23:25:13 - msg_id_0200 ==> 7E02000042660000000002001800000000000C000300C646BF049FABD8038D00000000260327232512010400000000140400000000150400000000160400000000170200002A020000300140310112047E
2026-03-27 23:25:44 - msg_id_0200 ==> 7E02000042660000000002002300000000000C000300C646BF049FABD8038D00000000260327232543010400000000140400000000150400000000160400000000170200002A0200003001403101136F7E
2026-03-27 23:26:15 - msg_id_0200 ==> 7E02000042660000000002002E00000000000C000300C646BF049FABE0038D00000000260327232614010400000000140400000000150400000000160400000000170200002A0200003001403101100D7E
2026-03-27 23:26:46 - msg_id_0200 ==> 7E02000042660000000002003900000000000C000300C646C2049FABE8038D00000000260327232645010400000000140400000000150400000000160400000000170200002A0200003001403101133D7E
2026-03-27 23:27:17 - msg_id_0200 ==> 7E02000042660000000002004400000000000C000300C646C6049FABF0038D00000000260327232716010400000000140400000000150400000000160400000000170200002A0200003001403101120F7E
2026-03-27 23:27:48 - msg_id_0200 ==> 7E02000042660000000002004F00000000000C000300C646C6049FABF0038D00000000260327232747010400000000140400000000150400000000160400000000170200002A020000300140310113547E
2026-03-27 23:28:19 - msg_id_0200 ==> 7E02000042660000000002005A00000000000C000300C646C6049FABF8038D00000000260327232818010400000000140400000000150400000000160400000000170200002A020000300140310113197E
2026-03-27 23:28:50 - msg_id_0200 ==> 7E02000042660000000002006500000000000C000300C646C5049FABF8038D00000000260327232849010400000000140400000000150400000000160400000000170200002A020000300140310114737E
2026-03-27 23:29:21 - msg_id_0200 ==> 7E02000042660000000002007000000000000C000300C646C5049FABF8038D00000000260327232920010400000000140400000000150400000000160400000000170200002A0200003001403101110B7E
2026-03-27 23:29:52 - msg_id_0200 ==> 7E02000042660000000002007B00000000000C000300C646C3049FABF8038D00000000260327232951010400000000140400000000150400000000160400000000170200002A020000300140310111777E
2026-03-27 23:30:01 - msg_id_0200 ==> 7E02000042660000000002007F00000100000C000300C646C3049FABF8038C00000000260327233000010400000000140400000000150400000000160400000000170200002A0200003001403101103A7E
2026-03-27 23:30:23 - msg_id_0200 ==> 7E02000042660000000002008700000000000C000300C646C3049FABF8038C00000000260327233022010400000000140400000000150400000000160400000000170200002A020000300140310111E07E
2026-03-27 23:30:54 - msg_id_0200 ==> 7E02000042660000000002009200000000000C000300C646C3049FABF8038C00000000260327233053010400000000140400000000150400000000160400000000170200002A020000300140310112877E
2026-03-27 23:31:25 - msg_id_0200 ==> 7E02000042660000000002009D00000000000C000300C646C2049FABF8038D00000000260327233124010400000000140400000000150400000000160400000000170200002A020000300140310110FC7E
2026-03-27 23:31:56 - msg_id_0200 ==> 7E0200004266000000000200A800000000000C000300C646C2049FABF8038D00000000260327233155010400000000140400000000150400000000160400000000170200002A020000300140310111B97E
2026-03-27 23:32:27 - msg_id_0200 ==> 7E0200004266000000000200B300000000000C000300C646C2049FABF8038D00000000260327233226010400000000140400000000150400000000160400000000170200002A020000300140310113D07E
2026-03-27 23:32:58 - msg_id_0200 ==> 7E0200004266000000000200BE00000000000C000300C646C1049FABF8038D00000000260327233257010400000000140400000000150400000000160400000000170200002A020000300140310110AC7E
2026-03-27 23:33:29 - msg_id_0200 ==> 7E0200004266000000000200C900000000000C000300C646C1049FABF8038D00000000260327233328010400000000140400000000150400000000160400000000170200002A020000300140310110A57E
2026-03-27 23:34:00 - msg_id_0200 ==> 7E0200004266000000000200D400000000000C000300C646C0049FABF8038D00000000260327233359010400000000140400000000150400000000160400000000170200002A020000300140310113CB7E
2026-03-27 23:34:31 - msg_id_0200 ==> 7E0200004266000000000200DF00000000000C000300C646C1049FABF8038D00000000260327233430010400000000140400000000150400000000160400000000170200002A020000300140310111AD7E
2026-03-27 23:35:02 - msg_id_0200 ==> 7E0200004266000000000200EA00000000000C000300C646C0049FABF8038D00000000260327233501010400000000140400000000150400000000160400000000170200002A020000300140310112AA7E
2026-03-27 23:35:33 - msg_id_0200 ==> 7E0200004266000000000200F500000000000C000300C646C0049FABF8038D00000000260327233532010400000000140400000000150400000000160400000000170200002A020000300140310110847E
2026-03-27 23:36:04 - msg_id_0200 ==> 7E02000042660000000002010000000000000C000300C646BE049FAC00038D00000000260327233603010400000000140400000000150400000000160400000000170200002A020000300140310110C37E
2026-03-27 23:36:35 - msg_id_0200 ==> 7E02000042660000000002010B00000000000C000300C646BE049FAC00038D00000000260327233634010400000000140400000000150400000000160400000000170200002A020000300140310110FF7E
2026-03-27 23:37:06 - msg_id_0200 ==> 7E02000042660000000002011600000000000C000300C646BF049FAC00038D00000000260327233705010400000000140400000000150400000000160400000000170200002A02000030014031010ECD7E
2026-03-27 23:37:37 - msg_id_0200 ==> 7E02000042660000000002012100000000000C000300C646BE049FAC00038D00000000260327233736010400000000140400000000150400000000160400000000170200002A020000300140310111D77E
2026-03-27 23:38:08 - msg_id_0200 ==> 7E02000042660000000002012C00000000000C000300C646BE049FAC00038D00000000260327233807010400000000140400000000150400000000160400000000170200002A02000030014031010FFA7E
2026-03-27 23:38:39 - msg_id_0200 ==> 7E02000042660000000002013700000000000C000300C646BE049FAC00038D00000000260327233838010400000000140400000000150400000000160400000000170200002A020000300140310110C17E
2026-03-27 23:39:10 - msg_id_0200 ==> 7E02000042660000000002014200000000000C000300C646BF049FAC00038D00000000260327233909010400000000140400000000150400000000160400000000170200002A020000300140310112877E
2026-03-27 23:39:41 - msg_id_0200 ==> 7E02000042660000000002014D00000000000C000300C646BE049FAC00038E00000000260327233940010400000000140400000000150400000000160400000000170200002A020000300140310110C17E
2026-03-27 23:40:12 - msg_id_0200 ==> 7E02000042660000000002015800000000000C000300C646BC049FAC00038E00000000260327234011010400000000140400000000150400000000160400000000170200002A020000300140310112FC7E
2026-03-27 23:40:43 - msg_id_0200 ==> 7E02000042660000000002016300000000000C000300C646BA049FAC00038E00000000260327234042010400000000140400000000150400000000160400000000170200002A020000300140310110907E
2026-03-27 23:41:14 - msg_id_0200 ==> 7E02000042660000000002016E00000000000C000300C646B9049FAC00038E00000000260327234113010400000000140400000000150400000000160400000000170200002A02000030014031010ED07E
2026-03-27 23:41:45 - msg_id_0200 ==> 7E02000042660000000002017900000000000C000300C646B6049FAC08038E00000000260327234144010400000000140400000000150400000000160400000000170200002A02000030014031010D947E
2026-03-27 23:42:00 - msg_id_0200 ==> 7E02000042660000000002017F00000100000C000300C646B5049FAC08038E00000000260327234159010400000000140400000000150400000000160400000000170200002A02000030014031010D8D7E
2026-03-27 23:42:16 - msg_id_0200 ==> 7E02000042660000000002018500000000000C000300C646B5049FAC00038E00000000260327234215010400000000140400000000150400000000160400000000170200002A02000030014031010E327E
2026-03-27 23:42:47 - msg_id_0200 ==> 7E02000042660000000002019000000000000C000300C646B6049FAC00038E00000000260327234246010400000000140400000000150400000000160400000000170200002A02000030014031010D747E
2026-03-27 23:43:18 - msg_id_0200 ==> 7E02000042660000000002019B00000000000C000300C646BA049FAC08038E00000000260327234317010400000000140400000000150400000000160400000000170200002A02000030014031010E287E
2026-03-27 23:43:49 - msg_id_0200 ==> 7E0200004266000000000201A600000000000C000300C646BA049FAC08038E00000000260327234348010400000000140400000000150400000000160400000000170200002A02000030014031010F4B7E
2026-03-27 23:44:20 - msg_id_0200 ==> 7E0200004266000000000201B100000000000C000300C646BB049FAC08038E00000000260327234419010400000000140400000000150400000000160400000000170200002A02000030014031010E0A7E
2026-03-27 23:44:51 - msg_id_0200 ==> 7E0200004266000000000201BC00000000000C000300C646BA049FAC08038E00000000260327234450010400000000140400000000150400000000160400000000170200002A020000300140310111507E
2026-03-27 23:45:22 - msg_id_0200 ==> 7E0200004266000000000201C700000000000C000300C646BB049FAC08038F00000000260327234521010400000000140400000000150400000000160400000000170200002A02000030014031010E447E
2026-03-27 23:45:53 - msg_id_0200 ==> 7E0200004266000000000201D200000000000C000300C646BC049FAC08038F00000000260327234552010400000000140400000000150400000000160400000000170200002A02000030014031010F247E
2026-03-27 23:46:24 - msg_id_0200 ==> 7E0200004266000000000201DD00000000000C000300C646BD049FAC08038F00000000260327234623010400000000140400000000150400000000160400000000170200002A02000030014031010F587E
2026-03-27 23:46:55 - msg_id_0200 ==> 7E0200004266000000000201E800000000000C000300C646BD049FAC10038F00000000260327234654010400000000140400000000150400000000160400000000170200002A02000030014031010D007E
2026-03-27 23:47:26 - msg_id_0200 ==> 7E0200004266000000000201F300000000000C000300C646BF049FAC10038F00000000260327234725010400000000140400000000150400000000160400000000170200002A02000030014031010E6A7E
2026-03-27 23:47:57 - msg_id_0200 ==> 7E0200004266000000000201FE00000000000C000300C646C0049FAC10038F00000000260327234756010400000000140400000000150400000000160400000000170200002A02000030014031010E6B7E
2026-03-27 23:48:28 - msg_id_0200 ==> 7E02000042660000000002020900000000000C000300C646C1049FAC18038F00000000260327234827010400000000140400000000150400000000160400000000170200002A02000030014031010FE97E
2026-03-27 23:48:59 - msg_id_0200 ==> 7E02000042660000000002021400000000000C000300C646C1049FAC18038F00000000260327234858010400000000140400000000150400000000160400000000170200002A020000300140310111957E
2026-03-27 23:49:30 - msg_id_0200 ==> 7E02000042660000000002021F00000000000C000300C646BF049FAC18038F00000000260327234929010400000000140400000000150400000000160400000000170200002A020000300140310110917E
2026-03-27 23:50:01 - msg_id_0200 ==> 7E02000042660000000002022A00000000000C000300C646BE049FAC18038F00000000260327235000010400000000140400000000150400000000160400000000170200002A02000030014031010F8A7E
2026-03-27 23:50:32 - msg_id_0200 ==> 7E02000042660000000002023500000000000C000300C646BD049FAC18039000000000260327235031010400000000140400000000150400000000160400000000170200002A020000300140310111A67E
2026-03-27 23:51:03 - msg_id_0200 ==> 7E02000042660000000002024000000000000C000300C646BC049FAC18039000000000260327235102010400000000140400000000150400000000160400000000170200002A020000300140310112E37E
2026-03-27 23:51:34 - msg_id_0200 ==> 7E02000042660000000002024B00000000000C000300C646BC049FAC18039000000000260327235133010400000000140400000000150400000000160400000000170200002A020000300140310111DA7E
2026-03-27 23:52:04 - msg_id_0200 ==> 7E02000042660000000002025600000000000C000300C646BC049FAC18039000000000260327235204010400000000140400000000150400000000160400000000170200002A020000300140310111F37E
2026-03-27 23:52:36 - msg_id_0200 ==> 7E02000042660000000002026100000000000C000300C646BC049FAC18039000000000260327235235010400000000140400000000150400000000160400000000170200002A02000030014031010FEB7E
2026-03-27 23:53:07 - msg_id_0200 ==> 7E02000042660000000002026C00000000000C000300C646BD049FAC18039000000000260327235306010400000000140400000000150400000000160400000000170200002A02000030014031010FD57E
2026-03-27 23:53:38 - msg_id_0200 ==> 7E02000042660000000002027700000000000C000300C646BE049FAC10039000000000260327235337010400000000140400000000150400000000160400000000170200002A020000300140310110EB7E
2026-03-27 23:53:58 - msg_id_0200 ==> 7E02000042660000000002027F00000100000C000300C646BE049FAC10039000000000260327235357010400000000140400000000150400000000160400000000170200002A020000300140310113817E
2026-03-27 23:54:09 - msg_id_0200 ==> 7E02000042660000000002028400000000000C000300C646BE049FAC10039000000000260327235408010400000000140400000000150400000000160400000000170200002A020000300140310112227E
2026-03-27 23:54:40 - msg_id_0200 ==> 7E02000042660000000002028F00000000000C000300C646BD049FAC10039000000000260327235439010400000000140400000000150400000000160400000000170200002A0200003001403101121B7E
2026-03-27 23:55:11 - msg_id_0200 ==> 7E02000042660000000002029A00000000000C000300C646BB049FAC10039000000000260327235510010400000000140400000000150400000000160400000000170200002A020000300140310114267E
2026-03-27 23:55:42 - msg_id_0200 ==> 7E0200004266000000000202A500000000000C000300C646BA049FAC10039000000000260327235541010400000000140400000000150400000000160400000000170200002A0200003001403101124F7E
2026-03-27 23:56:13 - msg_id_0200 ==> 7E0200004266000000000202B000000000000C000300C646BA049FAC10039100000000260327235612010400000000140400000000150400000000160400000000170200002A0200003001403101120B7E
2026-03-27 23:56:44 - msg_id_0200 ==> 7E0200004266000000000202BB00000000000C000300C646BC049FAC08039100000000260327235643010400000000140400000000150400000000160400000000170200002A0200003001403101124F7E
2026-03-27 23:57:15 - msg_id_0200 ==> 7E0200004266000000000202C600000000000C000300C646BC049FAC08039100000000260327235714010400000000140400000000150400000000160400000000170200002A020000300140310113657E
2026-03-27 23:57:46 - msg_id_0200 ==> 7E0200004266000000000202D100000000000C000300C646BA049FAC00039100000000260327235745010400000000140400000000150400000000160400000000170200002A0200003001403101132D7E
2026-03-27 23:58:17 - msg_id_0200 ==> 7E0200004266000000000202DC00000000000C000300C646BB049FAC08039100000000260327235816010400000000140400000000150400000000160400000000170200002A020000300140310113757E
2026-03-27 23:58:48 - msg_id_0200 ==> 7E0200004266000000000202E700000000000C000300C646BD049FAC08039100000000260327235847010400000000140400000000150400000000160400000000170200002A020000300140310112187E
2026-03-27 23:59:19 - msg_id_0200 ==> 7E0200004266000000000202F200000000000C000300C646C2049FAC08039100000000260327235918010400000000140400000000150400000000160400000000170200002A0200003001403101122C7E
2026-03-27 23:59:50 - msg_id_0200 ==> 7E0200004266000000000202FD00000000000C000300C646C4049FAC08039100000000260327235949010400000000140400000000150400000000160400000000170200002A020000300140310113757E
