2026-03-30 00:00:02 - msg_id_0002 ==> 7E00020000660000000002CDF2597E
2026-03-30 00:00:05 - msg_id_0002 ==> 7E00020000660000000002CDF3587E
2026-03-30 00:00:08 - msg_id_0002 ==> 7E00020000660000000002CDF45F7E
2026-03-30 00:00:11 - msg_id_0002 ==> 7E00020000660000000002CDF55E7E
2026-03-30 00:00:14 - msg_id_0002 ==> 7E00020000660000000002CDF65D7E
2026-03-30 00:00:18 - msg_id_0002 ==> 7E00020000660000000002CDF75C7E
2026-03-30 00:00:21 - msg_id_0002 ==> 7E00020000660000000002CDF8537E
2026-03-30 00:00:24 - msg_id_0002 ==> 7E00020000660000000002CDF9527E
2026-03-30 00:00:27 - msg_id_0002 ==> 7E00020000660000000002CDFA517E
2026-03-30 00:00:30 - msg_id_0002 ==> 7E00020000660000000002CDFC577E
2026-03-30 00:00:33 - msg_id_0002 ==> 7E00020000660000000002CDFD567E
2026-03-30 00:00:36 - msg_id_0002 ==> 7E00020000660000000002CDFE557E
2026-03-30 00:00:39 - msg_id_0002 ==> 7E00020000660000000002CDFF547E
2026-03-30 00:00:42 - msg_id_0002 ==> 7E00020000660000000002CE00A87E
2026-03-30 00:00:45 - msg_id_0002 ==> 7E00020000660000000002CE01A97E
2026-03-30 00:00:49 - msg_id_0002 ==> 7E00020000660000000002CE02AA7E
2026-03-30 00:00:52 - msg_id_0002 ==> 7E00020000660000000002CE03AB7E
2026-03-30 00:00:55 - msg_id_0002 ==> 7E00020000660000000002CE04AC7E
2026-03-30 00:00:58 - msg_id_0002 ==> 7E00020000660000000002CE05AD7E
2026-03-30 00:01:01 - msg_id_0002 ==> 7E00020000660000000002CE07AF7E
2026-03-30 00:01:04 - msg_id_0002 ==> 7E00020000660000000002CE08A07E
2026-03-30 00:01:07 - msg_id_0002 ==> 7E00020000660000000002CE09A17E
2026-03-30 00:01:10 - msg_id_0002 ==> 7E00020000660000000002CE0AA27E
2026-03-30 00:01:13 - msg_id_0002 ==> 7E00020000660000000002CE0BA37E
2026-03-30 00:01:16 - msg_id_0002 ==> 7E00020000660000000002CE0CA47E
2026-03-30 00:01:20 - msg_id_0002 ==> 7E00020000660000000002CE0DA57E
2026-03-30 00:01:23 - msg_id_0002 ==> 7E00020000660000000002CE0EA67E
2026-03-30 00:01:26 - msg_id_0002 ==> 7E00020000660000000002CE0FA77E
2026-03-30 00:01:29 - msg_id_0002 ==> 7E00020000660000000002CE10B87E
2026-03-30 00:01:32 - msg_id_0002 ==> 7E00020000660000000002CE12BA7E
2026-03-30 00:01:35 - msg_id_0002 ==> 7E00020000660000000002CE13BB7E
2026-03-30 00:01:38 - msg_id_0002 ==> 7E00020000660000000002CE14BC7E
2026-03-30 00:01:41 - msg_id_0002 ==> 7E00020000660000000002CE15BD7E
2026-03-30 00:01:44 - msg_id_0002 ==> 7E00020000660000000002CE16BE7E
2026-03-30 00:01:47 - msg_id_0002 ==> 7E00020000660000000002CE17BF7E
2026-03-30 00:01:51 - msg_id_0002 ==> 7E00020000660000000002CE18B07E
2026-03-30 00:01:54 - msg_id_0002 ==> 7E00020000660000000002CE19B17E
2026-03-30 00:01:57 - msg_id_0002 ==> 7E00020000660000000002CE1AB27E
2026-03-30 00:02:00 - msg_id_0002 ==> 7E00020000660000000002CE1BB37E
2026-03-30 00:02:03 - msg_id_0002 ==> 7E00020000660000000002CE1DB57E
2026-03-30 00:02:06 - msg_id_0002 ==> 7E00020000660000000002CE1EB67E
2026-03-30 00:02:09 - msg_id_0002 ==> 7E00020000660000000002CE1FB77E
2026-03-30 00:02:12 - msg_id_0002 ==> 7E00020000660000000002CE20887E
2026-03-30 00:02:15 - msg_id_0002 ==> 7E00020000660000000002CE21897E
2026-03-30 00:02:18 - msg_id_0002 ==> 7E00020000660000000002CE228A7E
2026-03-30 00:02:22 - msg_id_0002 ==> 7E00020000660000000002CE238B7E
2026-03-30 00:02:25 - msg_id_0002 ==> 7E00020000660000000002CE248C7E
2026-03-30 00:02:28 - msg_id_0002 ==> 7E00020000660000000002CE258D7E
2026-03-30 00:02:31 - msg_id_0002 ==> 7E00020000660000000002CE268E7E
2026-03-30 00:02:34 - msg_id_0002 ==> 7E00020000660000000002CE28807E
2026-03-30 00:02:37 - msg_id_0002 ==> 7E00020000660000000002CE29817E
2026-03-30 00:02:40 - msg_id_0002 ==> 7E00020000660000000002CE2A827E
2026-03-30 00:02:43 - msg_id_0002 ==> 7E00020000660000000002CE2B837E
2026-03-30 00:02:46 - msg_id_0002 ==> 7E00020000660000000002CE2C847E
2026-03-30 00:02:50 - msg_id_0002 ==> 7E00020000660000000002CE2D857E
2026-03-30 00:02:53 - msg_id_0002 ==> 7E00020000660000000002CE2E867E
2026-03-30 00:02:56 - msg_id_0002 ==> 7E00020000660000000002CE2F877E
2026-03-30 00:02:59 - msg_id_0002 ==> 7E00020000660000000002CE30987E
2026-03-30 00:03:02 - msg_id_0002 ==> 7E00020000660000000002CE31997E
2026-03-30 00:03:05 - msg_id_0002 ==> 7E00020000660000000002CE339B7E
2026-03-30 00:03:08 - msg_id_0002 ==> 7E00020000660000000002CE349C7E
2026-03-30 00:03:11 - msg_id_0002 ==> 7E00020000660000000002CE359D7E
2026-03-30 00:03:14 - msg_id_0002 ==> 7E00020000660000000002CE369E7E
2026-03-30 00:03:17 - msg_id_0002 ==> 7E00020000660000000002CE379F7E
2026-03-30 00:03:21 - msg_id_0002 ==> 7E00020000660000000002CE38907E
2026-03-30 00:03:24 - msg_id_0002 ==> 7E00020000660000000002CE39917E
2026-03-30 00:03:27 - msg_id_0002 ==> 7E00020000660000000002CE3A927E
2026-03-30 00:03:30 - msg_id_0002 ==> 7E00020000660000000002CE3B937E
2026-03-30 00:03:33 - msg_id_0002 ==> 7E00020000660000000002CE3C947E
2026-03-30 00:03:36 - msg_id_0002 ==> 7E00020000660000000002CE3E967E
2026-03-30 00:03:39 - msg_id_0002 ==> 7E00020000660000000002CE3F977E
2026-03-30 00:03:42 - msg_id_0002 ==> 7E00020000660000000002CE40E87E
2026-03-30 00:03:45 - msg_id_0002 ==> 7E00020000660000000002CE41E97E
2026-03-30 00:03:48 - msg_id_0002 ==> 7E00020000660000000002CE42EA7E
2026-03-30 00:03:52 - msg_id_0002 ==> 7E00020000660000000002CE43EB7E
2026-03-30 00:03:55 - msg_id_0002 ==> 7E00020000660000000002CE44EC7E
2026-03-30 00:03:58 - msg_id_0002 ==> 7E00020000660000000002CE45ED7E
2026-03-30 00:04:01 - msg_id_0002 ==> 7E00020000660000000002CE46EE7E
2026-03-30 00:04:04 - msg_id_0002 ==> 7E00020000660000000002CE47EF7E
2026-03-30 00:04:07 - msg_id_0002 ==> 7E00020000660000000002CE49E17E
2026-03-30 00:04:10 - msg_id_0002 ==> 7E00020000660000000002CE4AE27E
2026-03-30 00:04:13 - msg_id_0002 ==> 7E00020000660000000002CE4BE37E
2026-03-30 00:04:16 - msg_id_0002 ==> 7E00020000660000000002CE4CE47E
2026-03-30 00:04:19 - msg_id_0002 ==> 7E00020000660000000002CE4DE57E
2026-03-30 00:04:23 - msg_id_0002 ==> 7E00020000660000000002CE4EE67E
2026-03-30 00:04:26 - msg_id_0002 ==> 7E00020000660000000002CE4FE77E
2026-03-30 00:04:29 - msg_id_0002 ==> 7E00020000660000000002CE50F87E
2026-03-30 00:04:32 - msg_id_0002 ==> 7E00020000660000000002CE51F97E
2026-03-30 00:04:35 - msg_id_0002 ==> 7E00020000660000000002CE52FA7E
2026-03-30 00:04:38 - msg_id_0002 ==> 7E00020000660000000002CE54FC7E
2026-03-30 00:04:41 - msg_id_0002 ==> 7E00020000660000000002CE55FD7E
2026-03-30 00:04:44 - msg_id_0002 ==> 7E00020000660000000002CE56FE7E
2026-03-30 00:04:47 - msg_id_0002 ==> 7E00020000660000000002CE57FF7E
2026-03-30 00:04:50 - msg_id_0002 ==> 7E00020000660000000002CE58F07E
2026-03-30 00:04:54 - msg_id_0002 ==> 7E00020000660000000002CE59F17E
2026-03-30 00:04:57 - msg_id_0002 ==> 7E00020000660000000002CE5AF27E
2026-03-30 00:05:00 - msg_id_0002 ==> 7E00020000660000000002CE5BF37E
2026-03-30 00:05:03 - msg_id_0002 ==> 7E00020000660000000002CE5CF47E
2026-03-30 00:05:06 - msg_id_0002 ==> 7E00020000660000000002CE5DF57E
2026-03-30 00:05:09 - msg_id_0002 ==> 7E00020000660000000002CE5FF77E
2026-03-30 00:05:12 - msg_id_0002 ==> 7E00020000660000000002CE60C87E
2026-03-30 00:05:15 - msg_id_0002 ==> 7E00020000660000000002CE61C97E
2026-03-30 00:05:18 - msg_id_0002 ==> 7E00020000660000000002CE62CA7E
2026-03-30 00:05:21 - msg_id_0002 ==> 7E00020000660000000002CE63CB7E
2026-03-30 00:05:25 - msg_id_0002 ==> 7E00020000660000000002CE64CC7E
2026-03-30 00:05:28 - msg_id_0002 ==> 7E00020000660000000002CE65CD7E
2026-03-30 00:05:31 - msg_id_0002 ==> 7E00020000660000000002CE66CE7E
2026-03-30 00:05:34 - msg_id_0002 ==> 7E00020000660000000002CE67CF7E
2026-03-30 00:05:37 - msg_id_0002 ==> 7E00020000660000000002CE68C07E
2026-03-30 00:05:40 - msg_id_0002 ==> 7E00020000660000000002CE6AC27E
2026-03-30 00:05:43 - msg_id_0002 ==> 7E00020000660000000002CE6BC37E
2026-03-30 00:05:46 - msg_id_0002 ==> 7E00020000660000000002CE6CC47E
2026-03-30 00:05:49 - msg_id_0002 ==> 7E00020000660000000002CE6DC57E
2026-03-30 00:05:52 - msg_id_0002 ==> 7E00020000660000000002CE6EC67E
2026-03-30 00:05:56 - msg_id_0002 ==> 7E00020000660000000002CE6FC77E
2026-03-30 00:05:59 - msg_id_0002 ==> 7E00020000660000000002CE70D87E
2026-03-30 00:06:02 - msg_id_0002 ==> 7E00020000660000000002CE71D97E
2026-03-30 00:06:05 - msg_id_0002 ==> 7E00020000660000000002CE72DA7E
2026-03-30 00:06:08 - msg_id_0002 ==> 7E00020000660000000002CE73DB7E
2026-03-30 00:06:11 - msg_id_0002 ==> 7E00020000660000000002CE75DD7E
2026-03-30 00:06:14 - msg_id_0002 ==> 7E00020000660000000002CE76DE7E
2026-03-30 00:06:17 - msg_id_0002 ==> 7E00020000660000000002CE77DF7E
2026-03-30 00:06:20 - msg_id_0002 ==> 7E00020000660000000002CE78D07E
2026-03-30 00:06:23 - msg_id_0002 ==> 7E00020000660000000002CE79D17E
2026-03-30 00:06:27 - msg_id_0002 ==> 7E00020000660000000002CE7AD27E
2026-03-30 00:06:30 - msg_id_0002 ==> 7E00020000660000000002CE7BD37E
2026-03-30 00:06:33 - msg_id_0002 ==> 7E00020000660000000002CE7CD47E
2026-03-30 00:06:36 - msg_id_0002 ==> 7E00020000660000000002CE7D01D57E
2026-03-30 00:06:39 - msg_id_0002 ==> 7E00020000660000000002CE7D02D67E
2026-03-30 00:06:46 - msg_id_0002 ==> 7E00020000660000000002CE832B7E
2026-03-30 00:06:49 - msg_id_0002 ==> 7E00020000660000000002CE842C7E
2026-03-30 00:06:53 - msg_id_0002 ==> 7E00020000660000000002CE852D7E
2026-03-30 00:06:56 - msg_id_0002 ==> 7E00020000660000000002CE862E7E
2026-03-30 00:06:59 - msg_id_0002 ==> 7E00020000660000000002CE872F7E
2026-03-30 00:07:02 - msg_id_0002 ==> 7E00020000660000000002CE88207E
2026-03-30 00:07:05 - msg_id_0002 ==> 7E00020000660000000002CE89217E
2026-03-30 00:07:08 - msg_id_0002 ==> 7E00020000660000000002CE8A227E
2026-03-30 00:07:11 - msg_id_0002 ==> 7E00020000660000000002CE8B237E
2026-03-30 00:07:14 - msg_id_0002 ==> 7E00020000660000000002CE8C247E
2026-03-30 00:07:17 - msg_id_0002 ==> 7E00020000660000000002CE8E267E
2026-03-30 00:07:21 - msg_id_0002 ==> 7E00020000660000000002CE8F277E
2026-03-30 00:07:24 - msg_id_0002 ==> 7E00020000660000000002CE90387E
2026-03-30 00:07:27 - msg_id_0002 ==> 7E00020000660000000002CE91397E
2026-03-30 00:07:30 - msg_id_0002 ==> 7E00020000660000000002CE923A7E
2026-03-30 00:07:33 - msg_id_0002 ==> 7E00020000660000000002CE933B7E
2026-03-30 00:07:36 - msg_id_0002 ==> 7E00020000660000000002CE943C7E
2026-03-30 00:07:39 - msg_id_0002 ==> 7E00020000660000000002CE953D7E
2026-03-30 00:07:42 - msg_id_0002 ==> 7E00020000660000000002CE963E7E
2026-03-30 00:07:45 - msg_id_0002 ==> 7E00020000660000000002CE973F7E
2026-03-30 00:07:48 - msg_id_0002 ==> 7E00020000660000000002CE99317E
2026-03-30 00:07:52 - msg_id_0002 ==> 7E00020000660000000002CE9A327E
2026-03-30 00:07:55 - msg_id_0002 ==> 7E00020000660000000002CE9B337E
2026-03-30 00:07:58 - msg_id_0002 ==> 7E00020000660000000002CE9C347E
2026-03-30 00:08:01 - msg_id_0002 ==> 7E00020000660000000002CE9D357E
2026-03-30 00:08:04 - msg_id_0002 ==> 7E00020000660000000002CE9E367E
2026-03-30 00:08:07 - msg_id_0002 ==> 7E00020000660000000002CE9F377E
2026-03-30 00:08:10 - msg_id_0002 ==> 7E00020000660000000002CEA0087E
2026-03-30 00:08:13 - msg_id_0002 ==> 7E00020000660000000002CEA1097E
2026-03-30 00:08:16 - msg_id_0002 ==> 7E00020000660000000002CEA20A7E
2026-03-30 00:08:19 - msg_id_0002 ==> 7E00020000660000000002CEA40C7E
2026-03-30 00:08:23 - msg_id_0002 ==> 7E00020000660000000002CEA50D7E
2026-03-30 00:08:26 - msg_id_0002 ==> 7E00020000660000000002CEA60E7E
2026-03-30 00:08:29 - msg_id_0002 ==> 7E00020000660000000002CEA70F7E
2026-03-30 00:08:32 - msg_id_0002 ==> 7E00020000660000000002CEA8007E
2026-03-30 00:08:35 - msg_id_0002 ==> 7E00020000660000000002CEA9017E
2026-03-30 00:08:38 - msg_id_0002 ==> 7E00020000660000000002CEAA027E
2026-03-30 00:08:41 - msg_id_0002 ==> 7E00020000660000000002CEAB037E
2026-03-30 00:08:44 - msg_id_0002 ==> 7E00020000660000000002CEAC047E
2026-03-30 00:08:47 - msg_id_0002 ==> 7E00020000660000000002CEAD057E
2026-03-30 00:08:50 - msg_id_0002 ==> 7E00020000660000000002CEAF077E
2026-03-30 00:08:54 - msg_id_0002 ==> 7E00020000660000000002CEB0187E
2026-03-30 00:08:57 - msg_id_0002 ==> 7E00020000660000000002CEB1197E
2026-03-30 00:09:00 - msg_id_0002 ==> 7E00020000660000000002CEB21A7E
2026-03-30 00:09:03 - msg_id_0002 ==> 7E00020000660000000002CEB31B7E
2026-03-30 00:09:06 - msg_id_0002 ==> 7E00020000660000000002CEB41C7E
2026-03-30 00:09:09 - msg_id_0002 ==> 7E00020000660000000002CEB51D7E
2026-03-30 00:09:12 - msg_id_0002 ==> 7E00020000660000000002CEB61E7E
2026-03-30 00:09:15 - msg_id_0002 ==> 7E00020000660000000002CEB71F7E
2026-03-30 00:09:18 - msg_id_0002 ==> 7E00020000660000000002CEB8107E
2026-03-30 00:09:21 - msg_id_0002 ==> 7E00020000660000000002CEBA127E
2026-03-30 00:09:25 - msg_id_0002 ==> 7E00020000660000000002CEBB137E
2026-03-30 00:09:28 - msg_id_0002 ==> 7E00020000660000000002CEBC147E
2026-03-30 00:09:31 - msg_id_0002 ==> 7E00020000660000000002CEBD157E
2026-03-30 00:09:34 - msg_id_0002 ==> 7E00020000660000000002CEBE167E
2026-03-30 00:09:37 - msg_id_0002 ==> 7E00020000660000000002CEBF177E
2026-03-30 00:09:40 - msg_id_0002 ==> 7E00020000660000000002CEC0687E
2026-03-30 00:09:43 - msg_id_0002 ==> 7E00020000660000000002CEC1697E
2026-03-30 00:09:46 - msg_id_0002 ==> 7E00020000660000000002CEC26A7E
2026-03-30 00:09:49 - msg_id_0002 ==> 7E00020000660000000002CEC36B7E
2026-03-30 00:09:52 - msg_id_0002 ==> 7E00020000660000000002CEC56D7E
2026-03-30 00:09:56 - msg_id_0002 ==> 7E00020000660000000002CEC66E7E
2026-03-30 00:09:59 - msg_id_0002 ==> 7E00020000660000000002CEC76F7E
2026-03-30 00:10:02 - msg_id_0002 ==> 7E00020000660000000002CEC8607E
2026-03-30 00:10:05 - msg_id_0002 ==> 7E00020000660000000002CEC9617E
2026-03-30 00:10:08 - msg_id_0002 ==> 7E00020000660000000002CECA627E
2026-03-30 00:10:11 - msg_id_0002 ==> 7E00020000660000000002CECB637E
2026-03-30 00:10:14 - msg_id_0002 ==> 7E00020000660000000002CECC647E
2026-03-30 00:10:17 - msg_id_0002 ==> 7E00020000660000000002CECD657E
2026-03-30 00:10:20 - msg_id_0002 ==> 7E00020000660000000002CECE667E
2026-03-30 00:10:23 - msg_id_0002 ==> 7E00020000660000000002CED0787E
2026-03-30 00:10:27 - msg_id_0002 ==> 7E00020000660000000002CED1797E
2026-03-30 00:10:30 - msg_id_0002 ==> 7E00020000660000000002CED27A7E
2026-03-30 00:10:33 - msg_id_0002 ==> 7E00020000660000000002CED37B7E
2026-03-30 00:10:36 - msg_id_0002 ==> 7E00020000660000000002CED47C7E
2026-03-30 00:10:39 - msg_id_0002 ==> 7E00020000660000000002CED57D017E
2026-03-30 00:10:42 - msg_id_0002 ==> 7E00020000660000000002CED67D027E
2026-03-30 00:10:45 - msg_id_0002 ==> 7E00020000660000000002CED77F7E
2026-03-30 00:10:48 - msg_id_0002 ==> 7E00020000660000000002CED8707E
2026-03-30 00:10:51 - msg_id_0002 ==> 7E00020000660000000002CED9717E
2026-03-30 00:10:55 - msg_id_0002 ==> 7E00020000660000000002CEDB737E
2026-03-30 00:10:58 - msg_id_0002 ==> 7E00020000660000000002CEDC747E
2026-03-30 00:11:01 - msg_id_0002 ==> 7E00020000660000000002CEDD757E
2026-03-30 00:11:04 - msg_id_0002 ==> 7E00020000660000000002CEDE767E
2026-03-30 00:11:07 - msg_id_0002 ==> 7E00020000660000000002CEDF777E
2026-03-30 00:11:10 - msg_id_0002 ==> 7E00020000660000000002CEE0487E
2026-03-30 00:11:13 - msg_id_0002 ==> 7E00020000660000000002CEE1497E
2026-03-30 00:11:16 - msg_id_0002 ==> 7E00020000660000000002CEE24A7E
2026-03-30 00:11:19 - msg_id_0002 ==> 7E00020000660000000002CEE34B7E
2026-03-30 00:11:22 - msg_id_0002 ==> 7E00020000660000000002CEE44C7E
2026-03-30 00:11:26 - msg_id_0002 ==> 7E00020000660000000002CEE64E7E
2026-03-30 00:11:29 - msg_id_0002 ==> 7E00020000660000000002CEE74F7E
2026-03-30 00:11:32 - msg_id_0002 ==> 7E00020000660000000002CEE8407E
2026-03-30 00:11:35 - msg_id_0002 ==> 7E00020000660000000002CEE9417E
2026-03-30 00:11:38 - msg_id_0002 ==> 7E00020000660000000002CEEA427E
2026-03-30 00:11:41 - msg_id_0002 ==> 7E00020000660000000002CEEB437E
2026-03-30 00:11:44 - msg_id_0002 ==> 7E00020000660000000002CEEC447E
2026-03-30 00:11:47 - msg_id_0002 ==> 7E00020000660000000002CEED457E
2026-03-30 00:11:50 - msg_id_0002 ==> 7E00020000660000000002CEEE467E
2026-03-30 00:11:53 - msg_id_0002 ==> 7E00020000660000000002CEEF477E
2026-03-30 00:11:57 - msg_id_0002 ==> 7E00020000660000000002CEF1597E
2026-03-30 00:12:00 - msg_id_0002 ==> 7E00020000660000000002CEF25A7E
2026-03-30 00:12:03 - msg_id_0002 ==> 7E00020000660000000002CEF35B7E
2026-03-30 00:12:06 - msg_id_0002 ==> 7E00020000660000000002CEF45C7E
2026-03-30 00:12:09 - msg_id_0002 ==> 7E00020000660000000002CEF55D7E
2026-03-30 00:12:12 - msg_id_0002 ==> 7E00020000660000000002CEF65E7E
2026-03-30 00:12:15 - msg_id_0002 ==> 7E00020000660000000002CEF75F7E
2026-03-30 00:12:18 - msg_id_0002 ==> 7E00020000660000000002CEF8507E
2026-03-30 00:12:21 - msg_id_0002 ==> 7E00020000660000000002CEF9517E
2026-03-30 00:12:24 - msg_id_0002 ==> 7E00020000660000000002CEFA527E
2026-03-30 00:12:28 - msg_id_0002 ==> 7E00020000660000000002CEFC547E
2026-03-30 00:12:31 - msg_id_0002 ==> 7E00020000660000000002CEFD557E
2026-03-30 00:12:34 - msg_id_0002 ==> 7E00020000660000000002CEFE567E
2026-03-30 00:12:37 - msg_id_0002 ==> 7E00020000660000000002CEFF577E
2026-03-30 00:12:40 - msg_id_0002 ==> 7E00020000660000000002CF00A97E
2026-03-30 00:12:43 - msg_id_0002 ==> 7E00020000660000000002CF01A87E
2026-03-30 00:12:46 - msg_id_0002 ==> 7E00020000660000000002CF02AB7E
2026-03-30 00:12:49 - msg_id_0002 ==> 7E00020000660000000002CF03AA7E
2026-03-30 00:12:52 - msg_id_0002 ==> 7E00020000660000000002CF04AD7E
2026-03-30 00:12:55 - msg_id_0002 ==> 7E00020000660000000002CF05AC7E
2026-03-30 00:12:59 - msg_id_0002 ==> 7E00020000660000000002CF07AE7E
2026-03-30 00:13:02 - msg_id_0002 ==> 7E00020000660000000002CF08A17E
2026-03-30 00:13:05 - msg_id_0002 ==> 7E00020000660000000002CF09A07E
2026-03-30 00:13:08 - msg_id_0002 ==> 7E00020000660000000002CF0AA37E
2026-03-30 00:13:11 - msg_id_0002 ==> 7E00020000660000000002CF0BA27E
2026-03-30 00:13:14 - msg_id_0002 ==> 7E00020000660000000002CF0CA57E
2026-03-30 00:13:17 - msg_id_0002 ==> 7E00020000660000000002CF0DA47E
2026-03-30 00:13:20 - msg_id_0002 ==> 7E00020000660000000002CF0EA77E
2026-03-30 00:13:23 - msg_id_0002 ==> 7E00020000660000000002CF0FA67E
2026-03-30 00:13:26 - msg_id_0002 ==> 7E00020000660000000002CF10B97E
2026-03-30 00:13:30 - msg_id_0002 ==> 7E00020000660000000002CF12BB7E
2026-03-30 00:13:33 - msg_id_0002 ==> 7E00020000660000000002CF13BA7E
2026-03-30 00:13:36 - msg_id_0002 ==> 7E00020000660000000002CF14BD7E
2026-03-30 00:13:39 - msg_id_0002 ==> 7E00020000660000000002CF15BC7E
2026-03-30 00:13:42 - msg_id_0002 ==> 7E00020000660000000002CF16BF7E
2026-03-30 00:13:45 - msg_id_0002 ==> 7E00020000660000000002CF17BE7E
2026-03-30 00:13:48 - msg_id_0002 ==> 7E00020000660000000002CF18B17E
2026-03-30 00:13:51 - msg_id_0002 ==> 7E00020000660000000002CF19B07E
2026-03-30 00:13:54 - msg_id_0002 ==> 7E00020000660000000002CF1AB37E
2026-03-30 00:13:57 - msg_id_0002 ==> 7E00020000660000000002CF1BB27E
2026-03-30 00:14:00 - msg_id_0002 ==> 7E00020000660000000002CF1DB47E
2026-03-30 00:14:04 - msg_id_0002 ==> 7E00020000660000000002CF1EB77E
2026-03-30 00:14:07 - msg_id_0002 ==> 7E00020000660000000002CF1FB67E
2026-03-30 00:14:10 - msg_id_0002 ==> 7E00020000660000000002CF20897E
2026-03-30 00:14:13 - msg_id_0002 ==> 7E00020000660000000002CF21887E
2026-03-30 00:14:16 - msg_id_0002 ==> 7E00020000660000000002CF228B7E
2026-03-30 00:14:19 - msg_id_0002 ==> 7E00020000660000000002CF238A7E
2026-03-30 00:14:22 - msg_id_0002 ==> 7E00020000660000000002CF248D7E
2026-03-30 00:14:25 - msg_id_0002 ==> 7E00020000660000000002CF258C7E
2026-03-30 00:14:28 - msg_id_0002 ==> 7E00020000660000000002CF268F7E
2026-03-30 00:14:32 - msg_id_0002 ==> 7E00020000660000000002CF28817E
2026-03-30 00:14:35 - msg_id_0002 ==> 7E00020000660000000002CF29807E
2026-03-30 00:14:38 - msg_id_0002 ==> 7E00020000660000000002CF2A837E
2026-03-30 00:14:41 - msg_id_0002 ==> 7E00020000660000000002CF2B827E
2026-03-30 00:14:44 - msg_id_0002 ==> 7E00020000660000000002CF2C857E
2026-03-30 00:14:47 - msg_id_0002 ==> 7E00020000660000000002CF2D847E
2026-03-30 00:14:50 - msg_id_0002 ==> 7E00020000660000000002CF2E877E
2026-03-30 00:14:53 - msg_id_0002 ==> 7E00020000660000000002CF2F867E
2026-03-30 00:14:56 - msg_id_0002 ==> 7E00020000660000000002CF30997E
2026-03-30 00:14:59 - msg_id_0002 ==> 7E00020000660000000002CF31987E
2026-03-30 00:15:03 - msg_id_0002 ==> 7E00020000660000000002CF339A7E
2026-03-30 00:15:06 - msg_id_0002 ==> 7E00020000660000000002CF349D7E
2026-03-30 00:15:09 - msg_id_0002 ==> 7E00020000660000000002CF359C7E
2026-03-30 00:15:12 - msg_id_0002 ==> 7E00020000660000000002CF369F7E
2026-03-30 00:15:15 - msg_id_0002 ==> 7E00020000660000000002CF379E7E
2026-03-30 00:15:18 - msg_id_0002 ==> 7E00020000660000000002CF38917E
2026-03-30 00:15:21 - msg_id_0002 ==> 7E00020000660000000002CF39907E
2026-03-30 00:15:24 - msg_id_0002 ==> 7E00020000660000000002CF3A937E
2026-03-30 00:15:27 - msg_id_0002 ==> 7E00020000660000000002CF3B927E
2026-03-30 00:15:30 - msg_id_0002 ==> 7E00020000660000000002CF3C957E
2026-03-30 00:15:34 - msg_id_0002 ==> 7E00020000660000000002CF3E977E
2026-03-30 00:15:37 - msg_id_0002 ==> 7E00020000660000000002CF3F967E
2026-03-30 00:15:40 - msg_id_0002 ==> 7E00020000660000000002CF40E97E
2026-03-30 00:15:43 - msg_id_0002 ==> 7E00020000660000000002CF41E87E
2026-03-30 00:15:46 - msg_id_0002 ==> 7E00020000660000000002CF42EB7E
2026-03-30 00:15:49 - msg_id_0002 ==> 7E00020000660000000002CF43EA7E
2026-03-30 00:15:52 - msg_id_0002 ==> 7E00020000660000000002CF44ED7E
2026-03-30 00:15:55 - msg_id_0002 ==> 7E00020000660000000002CF45EC7E
2026-03-30 00:15:58 - msg_id_0002 ==> 7E00020000660000000002CF46EF7E
2026-03-30 00:16:01 - msg_id_0002 ==> 7E00020000660000000002CF47EE7E
2026-03-30 00:16:05 - msg_id_0002 ==> 7E00020000660000000002CF49E07E
2026-03-30 00:16:08 - msg_id_0002 ==> 7E00020000660000000002CF4AE37E
2026-03-30 00:16:11 - msg_id_0002 ==> 7E00020000660000000002CF4BE27E
2026-03-30 00:16:14 - msg_id_0002 ==> 7E00020000660000000002CF4CE57E
2026-03-30 00:16:17 - msg_id_0002 ==> 7E00020000660000000002CF4DE47E
2026-03-30 00:16:20 - msg_id_0002 ==> 7E00020000660000000002CF4EE77E
2026-03-30 00:16:23 - msg_id_0002 ==> 7E00020000660000000002CF4FE67E
2026-03-30 00:16:26 - msg_id_0002 ==> 7E00020000660000000002CF50F97E
2026-03-30 00:16:29 - msg_id_0002 ==> 7E00020000660000000002CF51F87E
2026-03-30 00:16:32 - msg_id_0002 ==> 7E00020000660000000002CF52FB7E
2026-03-30 00:16:36 - msg_id_0002 ==> 7E00020000660000000002CF54FD7E
2026-03-30 00:16:39 - msg_id_0002 ==> 7E00020000660000000002CF55FC7E
2026-03-30 00:16:42 - msg_id_0002 ==> 7E00020000660000000002CF56FF7E
2026-03-30 00:16:45 - msg_id_0002 ==> 7E00020000660000000002CF57FE7E
2026-03-30 00:16:48 - msg_id_0002 ==> 7E00020000660000000002CF58F17E
2026-03-30 00:16:51 - msg_id_0002 ==> 7E00020000660000000002CF59F07E
2026-03-30 00:16:54 - msg_id_0002 ==> 7E00020000660000000002CF5AF37E
2026-03-30 00:16:57 - msg_id_0002 ==> 7E00020000660000000002CF5BF27E
2026-03-30 00:17:00 - msg_id_0002 ==> 7E00020000660000000002CF5CF57E
2026-03-30 00:17:03 - msg_id_0002 ==> 7E00020000660000000002CF5DF47E
2026-03-30 00:17:07 - msg_id_0002 ==> 7E00020000660000000002CF5FF67E
2026-03-30 00:17:10 - msg_id_0002 ==> 7E00020000660000000002CF60C97E
2026-03-30 00:17:13 - msg_id_0002 ==> 7E00020000660000000002CF61C87E
2026-03-30 00:17:16 - msg_id_0002 ==> 7E00020000660000000002CF62CB7E
2026-03-30 00:17:19 - msg_id_0002 ==> 7E00020000660000000002CF63CA7E
2026-03-30 00:17:22 - msg_id_0002 ==> 7E00020000660000000002CF64CD7E
2026-03-30 00:17:25 - msg_id_0002 ==> 7E00020000660000000002CF65CC7E
2026-03-30 00:17:28 - msg_id_0002 ==> 7E00020000660000000002CF66CF7E
2026-03-30 00:17:31 - msg_id_0002 ==> 7E00020000660000000002CF67CE7E
2026-03-30 00:17:34 - msg_id_0002 ==> 7E00020000660000000002CF68C17E
2026-03-30 00:17:38 - msg_id_0002 ==> 7E00020000660000000002CF6AC37E
2026-03-30 00:17:41 - msg_id_0002 ==> 7E00020000660000000002CF6BC27E
2026-03-30 00:17:44 - msg_id_0002 ==> 7E00020000660000000002CF6CC57E
2026-03-30 00:17:47 - msg_id_0002 ==> 7E00020000660000000002CF6DC47E
2026-03-30 00:17:50 - msg_id_0002 ==> 7E00020000660000000002CF6EC77E
2026-03-30 00:17:53 - msg_id_0002 ==> 7E00020000660000000002CF6FC67E
2026-03-30 00:17:56 - msg_id_0002 ==> 7E00020000660000000002CF70D97E
2026-03-30 00:17:59 - msg_id_0002 ==> 7E00020000660000000002CF71D87E
2026-03-30 00:18:02 - msg_id_0002 ==> 7E00020000660000000002CF72DB7E
2026-03-30 00:18:05 - msg_id_0002 ==> 7E00020000660000000002CF73DA7E
2026-03-30 00:18:09 - msg_id_0002 ==> 7E00020000660000000002CF75DC7E
2026-03-30 00:18:12 - msg_id_0002 ==> 7E00020000660000000002CF76DF7E
2026-03-30 00:18:15 - msg_id_0002 ==> 7E00020000660000000002CF77DE7E
2026-03-30 00:18:18 - msg_id_0002 ==> 7E00020000660000000002CF78D17E
2026-03-30 00:18:21 - msg_id_0002 ==> 7E00020000660000000002CF79D07E
2026-03-30 00:18:24 - msg_id_0002 ==> 7E00020000660000000002CF7AD37E
2026-03-30 00:18:27 - msg_id_0002 ==> 7E00020000660000000002CF7BD27E
2026-03-30 00:18:30 - msg_id_0002 ==> 7E00020000660000000002CF7CD57E
2026-03-30 00:18:33 - msg_id_0002 ==> 7E00020000660000000002CF7D01D47E
2026-03-30 00:18:36 - msg_id_0002 ==> 7E00020000660000000002CF7D02D77E
2026-03-30 00:18:44 - msg_id_0002 ==> 7E00020000660000000002CF832A7E
2026-03-30 00:18:47 - msg_id_0002 ==> 7E00020000660000000002CF842D7E
2026-03-30 00:18:50 - msg_id_0002 ==> 7E00020000660000000002CF852C7E
2026-03-30 00:18:53 - msg_id_0002 ==> 7E00020000660000000002CF862F7E
2026-03-30 00:18:56 - msg_id_0002 ==> 7E00020000660000000002CF872E7E
2026-03-30 00:18:59 - msg_id_0002 ==> 7E00020000660000000002CF88217E
2026-03-30 00:19:03 - msg_id_0002 ==> 7E00020000660000000002CF89207E
2026-03-30 00:19:06 - msg_id_0002 ==> 7E00020000660000000002CF8A237E
2026-03-30 00:19:09 - msg_id_0002 ==> 7E00020000660000000002CF8B227E
2026-03-30 00:19:12 - msg_id_0002 ==> 7E00020000660000000002CF8C257E
2026-03-30 00:19:15 - msg_id_0002 ==> 7E00020000660000000002CF8E277E
2026-03-30 00:19:18 - msg_id_0002 ==> 7E00020000660000000002CF8F267E
2026-03-30 00:19:21 - msg_id_0002 ==> 7E00020000660000000002CF90397E
2026-03-30 00:19:24 - msg_id_0002 ==> 7E00020000660000000002CF91387E
2026-03-30 00:19:27 - msg_id_0002 ==> 7E00020000660000000002CF923B7E
2026-03-30 00:19:30 - msg_id_0002 ==> 7E00020000660000000002CF933A7E
2026-03-30 00:19:34 - msg_id_0002 ==> 7E00020000660000000002CF943D7E
2026-03-30 00:19:37 - msg_id_0002 ==> 7E00020000660000000002CF953C7E
2026-03-30 00:19:40 - msg_id_0002 ==> 7E00020000660000000002CF963F7E
2026-03-30 00:19:43 - msg_id_0002 ==> 7E00020000660000000002CF973E7E
2026-03-30 00:19:46 - msg_id_0002 ==> 7E00020000660000000002CF99307E
2026-03-30 00:19:49 - msg_id_0002 ==> 7E00020000660000000002CF9A337E
2026-03-30 00:19:52 - msg_id_0002 ==> 7E00020000660000000002CF9B327E
2026-03-30 00:19:55 - msg_id_0002 ==> 7E00020000660000000002CF9C357E
2026-03-30 00:19:58 - msg_id_0002 ==> 7E00020000660000000002CF9D347E
2026-03-30 00:20:01 - msg_id_0002 ==> 7E00020000660000000002CF9E377E
2026-03-30 00:20:05 - msg_id_0002 ==> 7E00020000660000000002CF9F367E
2026-03-30 00:20:08 - msg_id_0002 ==> 7E00020000660000000002CFA0097E
2026-03-30 00:20:11 - msg_id_0002 ==> 7E00020000660000000002CFA1087E
2026-03-30 00:20:14 - msg_id_0002 ==> 7E00020000660000000002CFA20B7E
2026-03-30 00:20:17 - msg_id_0002 ==> 7E00020000660000000002CFA40D7E
2026-03-30 00:20:20 - msg_id_0002 ==> 7E00020000660000000002CFA50C7E
2026-03-30 00:20:23 - msg_id_0002 ==> 7E00020000660000000002CFA60F7E
2026-03-30 00:20:26 - msg_id_0002 ==> 7E00020000660000000002CFA70E7E
2026-03-30 00:20:29 - msg_id_0002 ==> 7E00020000660000000002CFA8017E
2026-03-30 00:20:32 - msg_id_0002 ==> 7E00020000660000000002CFA9007E
2026-03-30 00:20:36 - msg_id_0002 ==> 7E00020000660000000002CFAA037E
2026-03-30 00:20:39 - msg_id_0002 ==> 7E00020000660000000002CFAB027E
2026-03-30 00:20:42 - msg_id_0002 ==> 7E00020000660000000002CFAC057E
2026-03-30 00:20:45 - msg_id_0002 ==> 7E00020000660000000002CFAD047E
2026-03-30 00:20:48 - msg_id_0002 ==> 7E00020000660000000002CFAF067E
2026-03-30 00:20:51 - msg_id_0002 ==> 7E00020000660000000002CFB0197E
2026-03-30 00:20:54 - msg_id_0002 ==> 7E00020000660000000002CFB1187E
2026-03-30 00:20:57 - msg_id_0002 ==> 7E00020000660000000002CFB21B7E
2026-03-30 00:21:00 - msg_id_0002 ==> 7E00020000660000000002CFB31A7E
2026-03-30 00:21:03 - msg_id_0002 ==> 7E00020000660000000002CFB41D7E
2026-03-30 00:21:07 - msg_id_0002 ==> 7E00020000660000000002CFB51C7E
2026-03-30 00:21:10 - msg_id_0002 ==> 7E00020000660000000002CFB61F7E
2026-03-30 00:21:13 - msg_id_0002 ==> 7E00020000660000000002CFB71E7E
2026-03-30 00:21:16 - msg_id_0002 ==> 7E00020000660000000002CFB8117E
2026-03-30 00:21:19 - msg_id_0002 ==> 7E00020000660000000002CFBA137E
2026-03-30 00:21:22 - msg_id_0002 ==> 7E00020000660000000002CFBB127E
2026-03-30 00:21:25 - msg_id_0002 ==> 7E00020000660000000002CFBC157E
2026-03-30 00:21:28 - msg_id_0002 ==> 7E00020000660000000002CFBD147E
2026-03-30 00:21:31 - msg_id_0002 ==> 7E00020000660000000002CFBE177E
2026-03-30 00:21:34 - msg_id_0002 ==> 7E00020000660000000002CFBF167E
2026-03-30 00:21:38 - msg_id_0002 ==> 7E00020000660000000002CFC0697E
2026-03-30 00:21:41 - msg_id_0002 ==> 7E00020000660000000002CFC1687E
2026-03-30 00:21:44 - msg_id_0002 ==> 7E00020000660000000002CFC26B7E
2026-03-30 00:21:47 - msg_id_0002 ==> 7E00020000660000000002CFC36A7E
2026-03-30 00:21:50 - msg_id_0002 ==> 7E00020000660000000002CFC56C7E
2026-03-30 00:21:53 - msg_id_0002 ==> 7E00020000660000000002CFC66F7E
2026-03-30 00:21:56 - msg_id_0002 ==> 7E00020000660000000002CFC76E7E
2026-03-30 00:21:59 - msg_id_0002 ==> 7E00020000660000000002CFC8617E
2026-03-30 00:22:02 - msg_id_0002 ==> 7E00020000660000000002CFC9607E
2026-03-30 00:22:06 - msg_id_0002 ==> 7E00020000660000000002CFCA637E
2026-03-30 00:22:09 - msg_id_0002 ==> 7E00020000660000000002CFCB627E
2026-03-30 00:22:12 - msg_id_0002 ==> 7E00020000660000000002CFCC657E
2026-03-30 00:22:15 - msg_id_0002 ==> 7E00020000660000000002CFCD647E
2026-03-30 00:22:18 - msg_id_0002 ==> 7E00020000660000000002CFCE677E
2026-03-30 00:22:21 - msg_id_0002 ==> 7E00020000660000000002CFD0797E
2026-03-30 00:22:24 - msg_id_0002 ==> 7E00020000660000000002CFD1787E
2026-03-30 00:22:27 - msg_id_0002 ==> 7E00020000660000000002CFD27B7E
2026-03-30 00:22:30 - msg_id_0002 ==> 7E00020000660000000002CFD37A7E
2026-03-30 00:22:33 - msg_id_0002 ==> 7E00020000660000000002CFD47D017E
2026-03-30 00:22:37 - msg_id_0002 ==> 7E00020000660000000002CFD57C7E
2026-03-30 00:22:40 - msg_id_0002 ==> 7E00020000660000000002CFD67F7E
2026-03-30 00:22:43 - msg_id_0002 ==> 7E00020000660000000002CFD77D027E
2026-03-30 00:22:46 - msg_id_0002 ==> 7E00020000660000000002CFD8717E
2026-03-30 00:22:49 - msg_id_0002 ==> 7E00020000660000000002CFD9707E
2026-03-30 00:22:52 - msg_id_0002 ==> 7E00020000660000000002CFDB727E
2026-03-30 00:22:55 - msg_id_0002 ==> 7E00020000660000000002CFDC757E
2026-03-30 00:22:58 - msg_id_0002 ==> 7E00020000660000000002CFDD747E
2026-03-30 00:23:01 - msg_id_0002 ==> 7E00020000660000000002CFDE777E
2026-03-30 00:23:04 - msg_id_0002 ==> 7E00020000660000000002CFDF767E
2026-03-30 00:23:08 - msg_id_0002 ==> 7E00020000660000000002CFE0497E
2026-03-30 00:23:11 - msg_id_0002 ==> 7E00020000660000000002CFE1487E
2026-03-30 00:23:14 - msg_id_0002 ==> 7E00020000660000000002CFE24B7E
2026-03-30 00:23:17 - msg_id_0002 ==> 7E00020000660000000002CFE34A7E
2026-03-30 00:23:20 - msg_id_0002 ==> 7E00020000660000000002CFE44D7E
2026-03-30 00:23:23 - msg_id_0002 ==> 7E00020000660000000002CFE64F7E
2026-03-30 00:23:26 - msg_id_0002 ==> 7E00020000660000000002CFE74E7E
2026-03-30 00:23:29 - msg_id_0002 ==> 7E00020000660000000002CFE8417E
2026-03-30 00:23:32 - msg_id_0002 ==> 7E00020000660000000002CFE9407E
2026-03-30 00:23:35 - msg_id_0002 ==> 7E00020000660000000002CFEA437E
2026-03-30 00:23:39 - msg_id_0002 ==> 7E00020000660000000002CFEB427E
2026-03-30 00:23:42 - msg_id_0002 ==> 7E00020000660000000002CFEC457E
2026-03-30 00:23:45 - msg_id_0002 ==> 7E00020000660000000002CFED447E
2026-03-30 00:23:48 - msg_id_0002 ==> 7E00020000660000000002CFEE477E
2026-03-30 00:23:51 - msg_id_0002 ==> 7E00020000660000000002CFEF467E
2026-03-30 00:23:54 - msg_id_0002 ==> 7E00020000660000000002CFF1587E
2026-03-30 00:23:57 - msg_id_0002 ==> 7E00020000660000000002CFF25B7E
2026-03-30 00:24:00 - msg_id_0002 ==> 7E00020000660000000002CFF35A7E
2026-03-30 00:24:03 - msg_id_0002 ==> 7E00020000660000000002CFF45D7E
2026-03-30 00:24:06 - msg_id_0002 ==> 7E00020000660000000002CFF55C7E
2026-03-30 00:24:10 - msg_id_0002 ==> 7E00020000660000000002CFF65F7E
2026-03-30 00:24:13 - msg_id_0002 ==> 7E00020000660000000002CFF75E7E
2026-03-30 00:24:16 - msg_id_0002 ==> 7E00020000660000000002CFF8517E
2026-03-30 00:24:19 - msg_id_0002 ==> 7E00020000660000000002CFF9507E
2026-03-30 00:24:22 - msg_id_0002 ==> 7E00020000660000000002CFFA537E
2026-03-30 00:24:25 - msg_id_0002 ==> 7E00020000660000000002CFFC557E
2026-03-30 00:24:28 - msg_id_0002 ==> 7E00020000660000000002CFFD547E
2026-03-30 00:24:31 - msg_id_0002 ==> 7E00020000660000000002CFFE577E
2026-03-30 00:24:34 - msg_id_0002 ==> 7E00020000660000000002CFFF567E
2026-03-30 00:24:37 - msg_id_0002 ==> 7E00020000660000000002D000B67E
2026-03-30 00:24:41 - msg_id_0002 ==> 7E00020000660000000002D001B77E
2026-03-30 00:24:44 - msg_id_0002 ==> 7E00020000660000000002D002B47E
2026-03-30 00:24:47 - msg_id_0002 ==> 7E00020000660000000002D003B57E
2026-03-30 00:24:50 - msg_id_0002 ==> 7E00020000660000000002D004B27E
2026-03-30 00:24:53 - msg_id_0002 ==> 7E00020000660000000002D005B37E
2026-03-30 00:24:56 - msg_id_0002 ==> 7E00020000660000000002D007B17E
2026-03-30 00:24:59 - msg_id_0002 ==> 7E00020000660000000002D008BE7E
2026-03-30 00:25:02 - msg_id_0002 ==> 7E00020000660000000002D009BF7E
2026-03-30 00:25:05 - msg_id_0002 ==> 7E00020000660000000002D00ABC7E
2026-03-30 00:25:08 - msg_id_0002 ==> 7E00020000660000000002D00BBD7E
2026-03-30 00:25:12 - msg_id_0002 ==> 7E00020000660000000002D00CBA7E
2026-03-30 00:25:15 - msg_id_0002 ==> 7E00020000660000000002D00DBB7E
2026-03-30 00:25:18 - msg_id_0002 ==> 7E00020000660000000002D00EB87E
2026-03-30 00:25:21 - msg_id_0002 ==> 7E00020000660000000002D00FB97E
2026-03-30 00:25:24 - msg_id_0002 ==> 7E00020000660000000002D010A67E
2026-03-30 00:25:27 - msg_id_0002 ==> 7E00020000660000000002D012A47E
2026-03-30 00:25:30 - msg_id_0002 ==> 7E00020000660000000002D013A57E
2026-03-30 00:25:33 - msg_id_0002 ==> 7E00020000660000000002D014A27E
2026-03-30 00:25:36 - msg_id_0002 ==> 7E00020000660000000002D015A37E
2026-03-30 00:25:39 - msg_id_0002 ==> 7E00020000660000000002D016A07E
2026-03-30 00:25:43 - msg_id_0002 ==> 7E00020000660000000002D017A17E
2026-03-30 00:25:46 - msg_id_0002 ==> 7E00020000660000000002D018AE7E
2026-03-30 00:25:49 - msg_id_0002 ==> 7E00020000660000000002D019AF7E
2026-03-30 00:25:52 - msg_id_0002 ==> 7E00020000660000000002D01AAC7E
2026-03-30 00:25:55 - msg_id_0002 ==> 7E00020000660000000002D01BAD7E
2026-03-30 00:25:58 - msg_id_0002 ==> 7E00020000660000000002D01DAB7E
2026-03-30 00:26:01 - msg_id_0002 ==> 7E00020000660000000002D01EA87E
2026-03-30 00:26:04 - msg_id_0002 ==> 7E00020000660000000002D01FA97E
2026-03-30 00:26:07 - msg_id_0002 ==> 7E00020000660000000002D020967E
2026-03-30 00:26:10 - msg_id_0002 ==> 7E00020000660000000002D021977E
2026-03-30 00:26:14 - msg_id_0002 ==> 7E00020000660000000002D022947E
2026-03-30 00:26:17 - msg_id_0002 ==> 7E00020000660000000002D023957E
2026-03-30 00:26:20 - msg_id_0002 ==> 7E00020000660000000002D024927E
2026-03-30 00:26:23 - msg_id_0002 ==> 7E00020000660000000002D025937E
2026-03-30 00:26:26 - msg_id_0002 ==> 7E00020000660000000002D026907E
2026-03-30 00:26:29 - msg_id_0002 ==> 7E00020000660000000002D0289E7E
2026-03-30 00:26:32 - msg_id_0002 ==> 7E00020000660000000002D0299F7E
2026-03-30 00:26:35 - msg_id_0002 ==> 7E00020000660000000002D02A9C7E
2026-03-30 00:26:38 - msg_id_0002 ==> 7E00020000660000000002D02B9D7E
2026-03-30 00:26:41 - msg_id_0002 ==> 7E00020000660000000002D02C9A7E
2026-03-30 00:26:45 - msg_id_0002 ==> 7E00020000660000000002D02D9B7E
2026-03-30 00:26:48 - msg_id_0002 ==> 7E00020000660000000002D02E987E
2026-03-30 00:26:51 - msg_id_0002 ==> 7E00020000660000000002D02F997E
2026-03-30 00:26:54 - msg_id_0002 ==> 7E00020000660000000002D030867E
2026-03-30 00:26:57 - msg_id_0002 ==> 7E00020000660000000002D031877E
2026-03-30 00:27:00 - msg_id_0002 ==> 7E00020000660000000002D033857E
2026-03-30 00:27:03 - msg_id_0002 ==> 7E00020000660000000002D034827E
2026-03-30 00:27:06 - msg_id_0002 ==> 7E00020000660000000002D035837E
2026-03-30 00:27:09 - msg_id_0002 ==> 7E00020000660000000002D036807E
2026-03-30 00:27:12 - msg_id_0002 ==> 7E00020000660000000002D037817E
2026-03-30 00:27:16 - msg_id_0002 ==> 7E00020000660000000002D0388E7E
2026-03-30 00:27:19 - msg_id_0002 ==> 7E00020000660000000002D0398F7E
2026-03-30 00:27:22 - msg_id_0002 ==> 7E00020000660000000002D03A8C7E
2026-03-30 00:27:25 - msg_id_0002 ==> 7E00020000660000000002D03B8D7E
2026-03-30 00:27:28 - msg_id_0002 ==> 7E00020000660000000002D03C8A7E
2026-03-30 00:27:31 - msg_id_0002 ==> 7E00020000660000000002D03E887E
2026-03-30 00:27:34 - msg_id_0002 ==> 7E00020000660000000002D03F897E
2026-03-30 00:27:37 - msg_id_0002 ==> 7E00020000660000000002D040F67E
2026-03-30 00:27:40 - msg_id_0002 ==> 7E00020000660000000002D041F77E
2026-03-30 00:27:43 - msg_id_0002 ==> 7E00020000660000000002D042F47E
2026-03-30 00:27:47 - msg_id_0002 ==> 7E00020000660000000002D043F57E
2026-03-30 00:27:50 - msg_id_0002 ==> 7E00020000660000000002D044F27E
2026-03-30 00:27:53 - msg_id_0002 ==> 7E00020000660000000002D045F37E
2026-03-30 00:27:56 - msg_id_0002 ==> 7E00020000660000000002D046F07E
2026-03-30 00:27:59 - msg_id_0002 ==> 7E00020000660000000002D047F17E
2026-03-30 00:28:02 - msg_id_0002 ==> 7E00020000660000000002D049FF7E
2026-03-30 00:28:05 - msg_id_0002 ==> 7E00020000660000000002D04AFC7E
2026-03-30 00:28:08 - msg_id_0002 ==> 7E00020000660000000002D04BFD7E
2026-03-30 00:28:11 - msg_id_0002 ==> 7E00020000660000000002D04CFA7E
2026-03-30 00:28:15 - msg_id_0002 ==> 7E00020000660000000002D04DFB7E
2026-03-30 00:28:18 - msg_id_0002 ==> 7E00020000660000000002D04EF87E
2026-03-30 00:28:21 - msg_id_0002 ==> 7E00020000660000000002D04FF97E
2026-03-30 00:28:24 - msg_id_0002 ==> 7E00020000660000000002D050E67E
2026-03-30 00:28:27 - msg_id_0002 ==> 7E00020000660000000002D051E77E
2026-03-30 00:28:30 - msg_id_0002 ==> 7E00020000660000000002D052E47E
2026-03-30 00:28:33 - msg_id_0002 ==> 7E00020000660000000002D054E27E
2026-03-30 00:28:36 - msg_id_0002 ==> 7E00020000660000000002D055E37E
2026-03-30 00:28:39 - msg_id_0002 ==> 7E00020000660000000002D056E07E
2026-03-30 00:28:42 - msg_id_0002 ==> 7E00020000660000000002D057E17E
2026-03-30 00:28:46 - msg_id_0002 ==> 7E00020000660000000002D058EE7E
2026-03-30 00:28:49 - msg_id_0002 ==> 7E00020000660000000002D059EF7E
2026-03-30 00:28:52 - msg_id_0002 ==> 7E00020000660000000002D05AEC7E
2026-03-30 00:28:55 - msg_id_0002 ==> 7E00020000660000000002D05BED7E
2026-03-30 00:28:58 - msg_id_0002 ==> 7E00020000660000000002D05CEA7E
2026-03-30 00:29:01 - msg_id_0002 ==> 7E00020000660000000002D05DEB7E
2026-03-30 00:29:04 - msg_id_0002 ==> 7E00020000660000000002D05FE97E
2026-03-30 00:29:07 - msg_id_0002 ==> 7E00020000660000000002D060D67E
2026-03-30 00:29:10 - msg_id_0002 ==> 7E00020000660000000002D061D77E
2026-03-30 00:29:13 - msg_id_0002 ==> 7E00020000660000000002D062D47E
2026-03-30 00:29:17 - msg_id_0002 ==> 7E00020000660000000002D063D57E
2026-03-30 00:29:20 - msg_id_0002 ==> 7E00020000660000000002D064D27E
2026-03-30 00:29:23 - msg_id_0002 ==> 7E00020000660000000002D065D37E
2026-03-30 00:29:26 - msg_id_0002 ==> 7E00020000660000000002D066D07E
2026-03-30 00:29:29 - msg_id_0002 ==> 7E00020000660000000002D067D17E
2026-03-30 00:29:32 - msg_id_0002 ==> 7E00020000660000000002D068DE7E
2026-03-30 00:29:35 - msg_id_0002 ==> 7E00020000660000000002D06ADC7E
2026-03-30 00:29:38 - msg_id_0002 ==> 7E00020000660000000002D06BDD7E
2026-03-30 00:29:41 - msg_id_0002 ==> 7E00020000660000000002D06CDA7E
2026-03-30 00:29:44 - msg_id_0002 ==> 7E00020000660000000002D06DDB7E
2026-03-30 00:29:48 - msg_id_0002 ==> 7E00020000660000000002D06ED87E
2026-03-30 00:29:51 - msg_id_0002 ==> 7E00020000660000000002D06FD97E
2026-03-30 00:29:54 - msg_id_0002 ==> 7E00020000660000000002D070C67E
2026-03-30 00:29:57 - msg_id_0002 ==> 7E00020000660000000002D071C77E
2026-03-30 00:30:00 - msg_id_0002 ==> 7E00020000660000000002D072C47E
2026-03-30 00:30:03 - msg_id_0002 ==> 7E00020000660000000002D073C57E
2026-03-30 00:30:06 - msg_id_0002 ==> 7E00020000660000000002D075C37E
2026-03-30 00:30:09 - msg_id_0002 ==> 7E00020000660000000002D076C07E
2026-03-30 00:30:12 - msg_id_0002 ==> 7E00020000660000000002D077C17E
2026-03-30 00:30:15 - msg_id_0002 ==> 7E00020000660000000002D078CE7E
2026-03-30 00:30:19 - msg_id_0002 ==> 7E00020000660000000002D079CF7E
2026-03-30 00:30:22 - msg_id_0002 ==> 7E00020000660000000002D07ACC7E
2026-03-30 00:30:25 - msg_id_0002 ==> 7E00020000660000000002D07BCD7E
2026-03-30 00:30:28 - msg_id_0002 ==> 7E00020000660000000002D07CCA7E
2026-03-30 00:30:31 - msg_id_0002 ==> 7E00020000660000000002D07D01CB7E
2026-03-30 00:30:34 - msg_id_0002 ==> 7E00020000660000000002D07D02C87E
2026-03-30 00:30:41 - msg_id_0002 ==> 7E00020000660000000002D083357E
2026-03-30 00:30:45 - msg_id_0002 ==> 7E00020000660000000002D084327E
2026-03-30 00:30:48 - msg_id_0002 ==> 7E00020000660000000002D085337E
2026-03-30 00:30:51 - msg_id_0002 ==> 7E00020000660000000002D086307E
2026-03-30 00:30:54 - msg_id_0002 ==> 7E00020000660000000002D087317E
2026-03-30 00:30:57 - msg_id_0002 ==> 7E00020000660000000002D0883E7E
2026-03-30 00:31:00 - msg_id_0002 ==> 7E00020000660000000002D0893F7E
2026-03-30 00:31:03 - msg_id_0002 ==> 7E00020000660000000002D08A3C7E
2026-03-30 00:31:06 - msg_id_0002 ==> 7E00020000660000000002D08B3D7E
2026-03-30 00:31:09 - msg_id_0002 ==> 7E00020000660000000002D08C3A7E
2026-03-30 00:31:12 - msg_id_0002 ==> 7E00020000660000000002D08E387E
2026-03-30 00:31:16 - msg_id_0002 ==> 7E00020000660000000002D08F397E
2026-03-30 00:31:19 - msg_id_0002 ==> 7E00020000660000000002D090267E
2026-03-30 00:31:22 - msg_id_0002 ==> 7E00020000660000000002D091277E
2026-03-30 00:31:25 - msg_id_0002 ==> 7E00020000660000000002D092247E
2026-03-30 00:31:28 - msg_id_0002 ==> 7E00020000660000000002D093257E
2026-03-30 00:31:31 - msg_id_0002 ==> 7E00020000660000000002D094227E
2026-03-30 00:31:34 - msg_id_0002 ==> 7E00020000660000000002D095237E
2026-03-30 00:31:37 - msg_id_0002 ==> 7E00020000660000000002D096207E
2026-03-30 00:31:40 - msg_id_0002 ==> 7E00020000660000000002D097217E
2026-03-30 00:31:43 - msg_id_0002 ==> 7E00020000660000000002D0992F7E
2026-03-30 00:31:47 - msg_id_0002 ==> 7E00020000660000000002D09A2C7E
2026-03-30 00:31:50 - msg_id_0002 ==> 7E00020000660000000002D09B2D7E
2026-03-30 00:31:53 - msg_id_0002 ==> 7E00020000660000000002D09C2A7E
2026-03-30 00:31:56 - msg_id_0002 ==> 7E00020000660000000002D09D2B7E
2026-03-30 00:31:59 - msg_id_0002 ==> 7E00020000660000000002D09E287E
2026-03-30 00:32:02 - msg_id_0002 ==> 7E00020000660000000002D09F297E
2026-03-30 00:32:05 - msg_id_0002 ==> 7E00020000660000000002D0A0167E
2026-03-30 00:32:08 - msg_id_0002 ==> 7E00020000660000000002D0A1177E
2026-03-30 00:32:11 - msg_id_0002 ==> 7E00020000660000000002D0A2147E
2026-03-30 00:32:14 - msg_id_0002 ==> 7E00020000660000000002D0A4127E
2026-03-30 00:32:18 - msg_id_0002 ==> 7E00020000660000000002D0A5137E
2026-03-30 00:32:21 - msg_id_0002 ==> 7E00020000660000000002D0A6107E
2026-03-30 00:32:24 - msg_id_0002 ==> 7E00020000660000000002D0A7117E
2026-03-30 00:32:27 - msg_id_0002 ==> 7E00020000660000000002D0A81E7E
2026-03-30 00:32:30 - msg_id_0002 ==> 7E00020000660000000002D0A91F7E
2026-03-30 00:32:33 - msg_id_0002 ==> 7E00020000660000000002D0AA1C7E
2026-03-30 00:32:36 - msg_id_0002 ==> 7E00020000660000000002D0AB1D7E
2026-03-30 00:32:39 - msg_id_0002 ==> 7E00020000660000000002D0AC1A7E
2026-03-30 00:32:42 - msg_id_0002 ==> 7E00020000660000000002D0AD1B7E
2026-03-30 00:32:45 - msg_id_0002 ==> 7E00020000660000000002D0AF197E
2026-03-30 00:32:49 - msg_id_0002 ==> 7E00020000660000000002D0B0067E
2026-03-30 00:32:52 - msg_id_0002 ==> 7E00020000660000000002D0B1077E
2026-03-30 00:32:55 - msg_id_0002 ==> 7E00020000660000000002D0B2047E
2026-03-30 00:32:58 - msg_id_0002 ==> 7E00020000660000000002D0B3057E
2026-03-30 00:33:01 - msg_id_0002 ==> 7E00020000660000000002D0B4027E
2026-03-30 00:33:04 - msg_id_0002 ==> 7E00020000660000000002D0B5037E
2026-03-30 00:33:07 - msg_id_0002 ==> 7E00020000660000000002D0B6007E
2026-03-30 00:33:10 - msg_id_0002 ==> 7E00020000660000000002D0B7017E
2026-03-30 00:33:13 - msg_id_0002 ==> 7E00020000660000000002D0B80E7E
2026-03-30 00:33:16 - msg_id_0002 ==> 7E00020000660000000002D0BA0C7E
2026-03-30 00:33:20 - msg_id_0002 ==> 7E00020000660000000002D0BB0D7E
2026-03-30 00:33:23 - msg_id_0002 ==> 7E00020000660000000002D0BC0A7E
2026-03-30 00:33:26 - msg_id_0002 ==> 7E00020000660000000002D0BD0B7E
2026-03-30 00:33:29 - msg_id_0002 ==> 7E00020000660000000002D0BE087E
2026-03-30 00:33:32 - msg_id_0002 ==> 7E00020000660000000002D0BF097E
2026-03-30 00:33:35 - msg_id_0002 ==> 7E00020000660000000002D0C0767E
2026-03-30 00:33:38 - msg_id_0002 ==> 7E00020000660000000002D0C1777E
2026-03-30 00:33:41 - msg_id_0002 ==> 7E00020000660000000002D0C2747E
2026-03-30 00:33:44 - msg_id_0002 ==> 7E00020000660000000002D0C3757E
2026-03-30 00:33:47 - msg_id_0002 ==> 7E00020000660000000002D0C5737E
2026-03-30 00:33:51 - msg_id_0002 ==> 7E00020000660000000002D0C6707E
2026-03-30 00:33:54 - msg_id_0002 ==> 7E00020000660000000002D0C7717E
2026-03-30 00:33:57 - msg_id_0002 ==> 7E00020000660000000002D0C87D027E
2026-03-30 00:34:00 - msg_id_0002 ==> 7E00020000660000000002D0C97F7E
2026-03-30 00:34:03 - msg_id_0002 ==> 7E00020000660000000002D0CA7C7E
2026-03-30 00:34:06 - msg_id_0002 ==> 7E00020000660000000002D0CB7D017E
2026-03-30 00:34:09 - msg_id_0002 ==> 7E00020000660000000002D0CC7A7E
2026-03-30 00:34:12 - msg_id_0002 ==> 7E00020000660000000002D0CD7B7E
2026-03-30 00:34:15 - msg_id_0002 ==> 7E00020000660000000002D0CE787E
2026-03-30 00:34:18 - msg_id_0002 ==> 7E00020000660000000002D0D0667E
2026-03-30 00:34:22 - msg_id_0002 ==> 7E00020000660000000002D0D1677E
2026-03-30 00:34:25 - msg_id_0002 ==> 7E00020000660000000002D0D2647E
2026-03-30 00:34:28 - msg_id_0002 ==> 7E00020000660000000002D0D3657E
2026-03-30 00:34:31 - msg_id_0002 ==> 7E00020000660000000002D0D4627E
2026-03-30 00:34:34 - msg_id_0002 ==> 7E00020000660000000002D0D5637E
2026-03-30 00:34:37 - msg_id_0002 ==> 7E00020000660000000002D0D6607E
2026-03-30 00:34:40 - msg_id_0002 ==> 7E00020000660000000002D0D7617E
2026-03-30 00:34:43 - msg_id_0002 ==> 7E00020000660000000002D0D86E7E
2026-03-30 00:34:46 - msg_id_0002 ==> 7E00020000660000000002D0D96F7E
2026-03-30 00:34:49 - msg_id_0002 ==> 7E00020000660000000002D0DB6D7E
2026-03-30 00:34:53 - msg_id_0002 ==> 7E00020000660000000002D0DC6A7E
2026-03-30 00:34:56 - msg_id_0002 ==> 7E00020000660000000002D0DD6B7E
2026-03-30 00:34:59 - msg_id_0002 ==> 7E00020000660000000002D0DE687E
2026-03-30 00:35:02 - msg_id_0002 ==> 7E00020000660000000002D0DF697E
2026-03-30 00:35:05 - msg_id_0002 ==> 7E00020000660000000002D0E0567E
2026-03-30 00:35:08 - msg_id_0002 ==> 7E00020000660000000002D0E1577E
2026-03-30 00:35:11 - msg_id_0002 ==> 7E00020000660000000002D0E2547E
2026-03-30 00:35:14 - msg_id_0002 ==> 7E00020000660000000002D0E3557E
2026-03-30 00:35:17 - msg_id_0002 ==> 7E00020000660000000002D0E4527E
2026-03-30 00:35:20 - msg_id_0002 ==> 7E00020000660000000002D0E6507E
2026-03-30 00:35:24 - msg_id_0002 ==> 7E00020000660000000002D0E7517E
2026-03-30 00:35:27 - msg_id_0002 ==> 7E00020000660000000002D0E85E7E
2026-03-30 00:35:30 - msg_id_0002 ==> 7E00020000660000000002D0E95F7E
2026-03-30 00:35:33 - msg_id_0002 ==> 7E00020000660000000002D0EA5C7E
2026-03-30 00:35:36 - msg_id_0002 ==> 7E00020000660000000002D0EB5D7E
2026-03-30 00:35:39 - msg_id_0002 ==> 7E00020000660000000002D0EC5A7E
2026-03-30 00:35:42 - msg_id_0002 ==> 7E00020000660000000002D0ED5B7E
2026-03-30 00:35:45 - msg_id_0002 ==> 7E00020000660000000002D0EE587E
2026-03-30 00:35:48 - msg_id_0002 ==> 7E00020000660000000002D0EF597E
2026-03-30 00:35:51 - msg_id_0002 ==> 7E00020000660000000002D0F1477E
2026-03-30 00:35:55 - msg_id_0002 ==> 7E00020000660000000002D0F2447E
2026-03-30 00:35:58 - msg_id_0002 ==> 7E00020000660000000002D0F3457E
2026-03-30 00:36:01 - msg_id_0002 ==> 7E00020000660000000002D0F4427E
2026-03-30 00:36:04 - msg_id_0002 ==> 7E00020000660000000002D0F5437E
2026-03-30 00:36:07 - msg_id_0002 ==> 7E00020000660000000002D0F6407E
2026-03-30 00:36:10 - msg_id_0002 ==> 7E00020000660000000002D0F7417E
2026-03-30 00:36:13 - msg_id_0002 ==> 7E00020000660000000002D0F84E7E
2026-03-30 00:36:16 - msg_id_0002 ==> 7E00020000660000000002D0F94F7E
2026-03-30 00:36:19 - msg_id_0002 ==> 7E00020000660000000002D0FA4C7E
2026-03-30 00:36:22 - msg_id_0002 ==> 7E00020000660000000002D0FC4A7E
2026-03-30 00:36:26 - msg_id_0002 ==> 7E00020000660000000002D0FD4B7E
2026-03-30 00:36:29 - msg_id_0002 ==> 7E00020000660000000002D0FE487E
2026-03-30 00:36:32 - msg_id_0002 ==> 7E00020000660000000002D0FF497E
2026-03-30 00:36:35 - msg_id_0002 ==> 7E00020000660000000002D100B77E
2026-03-30 00:36:38 - msg_id_0002 ==> 7E00020000660000000002D101B67E
2026-03-30 00:36:41 - msg_id_0002 ==> 7E00020000660000000002D102B57E
2026-03-30 00:36:44 - msg_id_0002 ==> 7E00020000660000000002D103B47E
2026-03-30 00:36:47 - msg_id_0002 ==> 7E00020000660000000002D104B37E
2026-03-30 00:36:50 - msg_id_0002 ==> 7E00020000660000000002D105B27E
2026-03-30 00:36:54 - msg_id_0002 ==> 7E00020000660000000002D107B07E
2026-03-30 00:36:57 - msg_id_0002 ==> 7E00020000660000000002D108BF7E
2026-03-30 00:37:00 - msg_id_0002 ==> 7E00020000660000000002D109BE7E
2026-03-30 00:37:03 - msg_id_0002 ==> 7E00020000660000000002D10ABD7E
2026-03-30 00:37:06 - msg_id_0002 ==> 7E00020000660000000002D10BBC7E
2026-03-30 00:37:09 - msg_id_0002 ==> 7E00020000660000000002D10CBB7E
2026-03-30 00:37:12 - msg_id_0002 ==> 7E00020000660000000002D10DBA7E
2026-03-30 00:37:15 - msg_id_0002 ==> 7E00020000660000000002D10EB97E
2026-03-30 00:37:18 - msg_id_0002 ==> 7E00020000660000000002D10FB87E
2026-03-30 00:37:21 - msg_id_0002 ==> 7E00020000660000000002D110A77E
2026-03-30 00:37:25 - msg_id_0002 ==> 7E00020000660000000002D112A57E
2026-03-30 00:37:28 - msg_id_0002 ==> 7E00020000660000000002D113A47E
2026-03-30 00:37:31 - msg_id_0002 ==> 7E00020000660000000002D114A37E
2026-03-30 00:37:34 - msg_id_0002 ==> 7E00020000660000000002D115A27E
2026-03-30 00:37:37 - msg_id_0002 ==> 7E00020000660000000002D116A17E
2026-03-30 00:37:40 - msg_id_0002 ==> 7E00020000660000000002D117A07E
2026-03-30 00:37:43 - msg_id_0002 ==> 7E00020000660000000002D118AF7E
2026-03-30 00:37:46 - msg_id_0002 ==> 7E00020000660000000002D119AE7E
2026-03-30 00:37:49 - msg_id_0002 ==> 7E00020000660000000002D11AAD7E
2026-03-30 00:37:52 - msg_id_0002 ==> 7E00020000660000000002D11BAC7E
2026-03-30 00:37:56 - msg_id_0002 ==> 7E00020000660000000002D11DAA7E
2026-03-30 00:37:59 - msg_id_0002 ==> 7E00020000660000000002D11EA97E
2026-03-30 00:38:02 - msg_id_0002 ==> 7E00020000660000000002D11FA87E
2026-03-30 00:38:05 - msg_id_0002 ==> 7E00020000660000000002D120977E
2026-03-30 00:38:08 - msg_id_0002 ==> 7E00020000660000000002D121967E
2026-03-30 00:38:11 - msg_id_0002 ==> 7E00020000660000000002D122957E
2026-03-30 00:38:14 - msg_id_0002 ==> 7E00020000660000000002D123947E
2026-03-30 00:38:17 - msg_id_0002 ==> 7E00020000660000000002D124937E
2026-03-30 00:38:20 - msg_id_0002 ==> 7E00020000660000000002D125927E
2026-03-30 00:38:23 - msg_id_0002 ==> 7E00020000660000000002D126917E
2026-03-30 00:38:27 - msg_id_0002 ==> 7E00020000660000000002D1289F7E
2026-03-30 00:38:30 - msg_id_0002 ==> 7E00020000660000000002D1299E7E
2026-03-30 00:38:33 - msg_id_0002 ==> 7E00020000660000000002D12A9D7E
2026-03-30 00:38:36 - msg_id_0002 ==> 7E00020000660000000002D12B9C7E
2026-03-30 00:38:39 - msg_id_0002 ==> 7E00020000660000000002D12C9B7E
2026-03-30 00:38:42 - msg_id_0002 ==> 7E00020000660000000002D12D9A7E
2026-03-30 00:38:45 - msg_id_0002 ==> 7E00020000660000000002D12E997E
2026-03-30 00:38:48 - msg_id_0002 ==> 7E00020000660000000002D12F987E
2026-03-30 00:38:51 - msg_id_0002 ==> 7E00020000660000000002D130877E
2026-03-30 00:38:54 - msg_id_0002 ==> 7E00020000660000000002D131867E
2026-03-30 00:38:58 - msg_id_0002 ==> 7E00020000660000000002D133847E
2026-03-30 00:39:01 - msg_id_0002 ==> 7E00020000660000000002D134837E
2026-03-30 00:39:04 - msg_id_0002 ==> 7E00020000660000000002D135827E
2026-03-30 00:39:07 - msg_id_0002 ==> 7E00020000660000000002D136817E
2026-03-30 00:39:10 - msg_id_0002 ==> 7E00020000660000000002D137807E
2026-03-30 00:39:13 - msg_id_0002 ==> 7E00020000660000000002D1388F7E
2026-03-30 00:39:16 - msg_id_0002 ==> 7E00020000660000000002D1398E7E
2026-03-30 00:39:19 - msg_id_0002 ==> 7E00020000660000000002D13A8D7E
2026-03-30 00:39:22 - msg_id_0002 ==> 7E00020000660000000002D13B8C7E
2026-03-30 00:39:25 - msg_id_0002 ==> 7E00020000660000000002D13C8B7E
2026-03-30 00:39:29 - msg_id_0002 ==> 7E00020000660000000002D13E897E
2026-03-30 00:39:32 - msg_id_0002 ==> 7E00020000660000000002D13F887E
2026-03-30 00:39:35 - msg_id_0002 ==> 7E00020000660000000002D140F77E
2026-03-30 00:39:38 - msg_id_0002 ==> 7E00020000660000000002D141F67E
2026-03-30 00:39:41 - msg_id_0002 ==> 7E00020000660000000002D142F57E
2026-03-30 00:39:44 - msg_id_0002 ==> 7E00020000660000000002D143F47E
2026-03-30 00:39:47 - msg_id_0002 ==> 7E00020000660000000002D144F37E
2026-03-30 00:39:50 - msg_id_0002 ==> 7E00020000660000000002D145F27E
2026-03-30 00:39:53 - msg_id_0002 ==> 7E00020000660000000002D146F17E
2026-03-30 00:39:56 - msg_id_0002 ==> 7E00020000660000000002D147F07E
2026-03-30 00:40:00 - msg_id_0002 ==> 7E00020000660000000002D149FE7E
2026-03-30 00:40:03 - msg_id_0002 ==> 7E00020000660000000002D14AFD7E
2026-03-30 00:40:06 - msg_id_0002 ==> 7E00020000660000000002D14BFC7E
2026-03-30 00:40:09 - msg_id_0002 ==> 7E00020000660000000002D14CFB7E
2026-03-30 00:40:12 - msg_id_0002 ==> 7E00020000660000000002D14DFA7E
2026-03-30 00:40:15 - msg_id_0002 ==> 7E00020000660000000002D14EF97E
2026-03-30 00:40:18 - msg_id_0002 ==> 7E00020000660000000002D14FF87E
2026-03-30 00:40:21 - msg_id_0002 ==> 7E00020000660000000002D150E77E
2026-03-30 00:40:24 - msg_id_0002 ==> 7E00020000660000000002D151E67E
2026-03-30 00:40:27 - msg_id_0002 ==> 7E00020000660000000002D152E57E
2026-03-30 00:40:31 - msg_id_0002 ==> 7E00020000660000000002D154E37E
2026-03-30 00:40:34 - msg_id_0002 ==> 7E00020000660000000002D155E27E
2026-03-30 00:40:37 - msg_id_0002 ==> 7E00020000660000000002D156E17E
2026-03-30 00:40:40 - msg_id_0002 ==> 7E00020000660000000002D157E07E
2026-03-30 00:40:43 - msg_id_0002 ==> 7E00020000660000000002D158EF7E
2026-03-30 00:40:46 - msg_id_0002 ==> 7E00020000660000000002D159EE7E
2026-03-30 00:40:49 - msg_id_0002 ==> 7E00020000660000000002D15AED7E
2026-03-30 00:40:52 - msg_id_0002 ==> 7E00020000660000000002D15BEC7E
2026-03-30 00:40:55 - msg_id_0002 ==> 7E00020000660000000002D15CEB7E
2026-03-30 00:40:58 - msg_id_0002 ==> 7E00020000660000000002D15DEA7E
2026-03-30 00:41:02 - msg_id_0002 ==> 7E00020000660000000002D15FE87E
2026-03-30 00:41:05 - msg_id_0002 ==> 7E00020000660000000002D160D77E
2026-03-30 00:41:08 - msg_id_0002 ==> 7E00020000660000000002D161D67E
2026-03-30 00:41:11 - msg_id_0002 ==> 7E00020000660000000002D162D57E
2026-03-30 00:41:14 - msg_id_0002 ==> 7E00020000660000000002D163D47E
2026-03-30 00:41:17 - msg_id_0002 ==> 7E00020000660000000002D164D37E
2026-03-30 00:41:20 - msg_id_0002 ==> 7E00020000660000000002D165D27E
2026-03-30 00:41:23 - msg_id_0002 ==> 7E00020000660000000002D166D17E
2026-03-30 00:41:26 - msg_id_0002 ==> 7E00020000660000000002D167D07E
2026-03-30 00:41:29 - msg_id_0002 ==> 7E00020000660000000002D168DF7E
2026-03-30 00:41:33 - msg_id_0002 ==> 7E00020000660000000002D16ADD7E
2026-03-30 00:41:36 - msg_id_0002 ==> 7E00020000660000000002D16BDC7E
2026-03-30 00:41:39 - msg_id_0002 ==> 7E00020000660000000002D16CDB7E
2026-03-30 00:41:42 - msg_id_0002 ==> 7E00020000660000000002D16DDA7E
2026-03-30 00:41:45 - msg_id_0002 ==> 7E00020000660000000002D16ED97E
2026-03-30 00:41:48 - msg_id_0002 ==> 7E00020000660000000002D16FD87E
2026-03-30 00:41:51 - msg_id_0002 ==> 7E00020000660000000002D170C77E
2026-03-30 00:41:54 - msg_id_0002 ==> 7E00020000660000000002D171C67E
2026-03-30 00:41:57 - msg_id_0002 ==> 7E00020000660000000002D172C57E
2026-03-30 00:42:00 - msg_id_0002 ==> 7E00020000660000000002D173C47E
2026-03-30 00:42:04 - msg_id_0002 ==> 7E00020000660000000002D175C27E
2026-03-30 00:42:07 - msg_id_0002 ==> 7E00020000660000000002D176C17E
2026-03-30 00:42:10 - msg_id_0002 ==> 7E00020000660000000002D177C07E
2026-03-30 00:42:13 - msg_id_0002 ==> 7E00020000660000000002D178CF7E
2026-03-30 00:42:16 - msg_id_0002 ==> 7E00020000660000000002D179CE7E
2026-03-30 00:42:19 - msg_id_0002 ==> 7E00020000660000000002D17ACD7E
2026-03-30 00:42:22 - msg_id_0002 ==> 7E00020000660000000002D17BCC7E
2026-03-30 00:42:25 - msg_id_0002 ==> 7E00020000660000000002D17CCB7E
2026-03-30 00:42:28 - msg_id_0002 ==> 7E00020000660000000002D17D01CA7E
2026-03-30 00:42:31 - msg_id_0002 ==> 7E00020000660000000002D17D02C97E
2026-03-30 00:42:39 - msg_id_0002 ==> 7E00020000660000000002D183347E
2026-03-30 00:42:42 - msg_id_0002 ==> 7E00020000660000000002D184337E
2026-03-30 00:42:45 - msg_id_0002 ==> 7E00020000660000000002D185327E
2026-03-30 00:42:48 - msg_id_0002 ==> 7E00020000660000000002D186317E
2026-03-30 00:42:51 - msg_id_0002 ==> 7E00020000660000000002D187307E
2026-03-30 00:42:55 - msg_id_0002 ==> 7E00020000660000000002D1883F7E
2026-03-30 00:42:58 - msg_id_0002 ==> 7E00020000660000000002D1893E7E
2026-03-30 00:43:01 - msg_id_0002 ==> 7E00020000660000000002D18A3D7E
2026-03-30 00:43:04 - msg_id_0002 ==> 7E00020000660000000002D18B3C7E
2026-03-30 00:43:07 - msg_id_0002 ==> 7E00020000660000000002D18C3B7E
2026-03-30 00:43:10 - msg_id_0002 ==> 7E00020000660000000002D18E397E
2026-03-30 00:43:13 - msg_id_0002 ==> 7E00020000660000000002D18F387E
2026-03-30 00:43:16 - msg_id_0002 ==> 7E00020000660000000002D190277E
2026-03-30 00:43:19 - msg_id_0002 ==> 7E00020000660000000002D191267E
2026-03-30 00:43:22 - msg_id_0002 ==> 7E00020000660000000002D192257E
2026-03-30 00:43:26 - msg_id_0002 ==> 7E00020000660000000002D193247E
2026-03-30 00:43:29 - msg_id_0002 ==> 7E00020000660000000002D194237E
2026-03-30 00:43:32 - msg_id_0002 ==> 7E00020000660000000002D195227E
2026-03-30 00:43:35 - msg_id_0002 ==> 7E00020000660000000002D196217E
2026-03-30 00:43:38 - msg_id_0002 ==> 7E00020000660000000002D197207E
2026-03-30 00:43:41 - msg_id_0002 ==> 7E00020000660000000002D1992E7E
2026-03-30 00:43:44 - msg_id_0002 ==> 7E00020000660000000002D19A2D7E
2026-03-30 00:43:47 - msg_id_0002 ==> 7E00020000660000000002D19B2C7E
2026-03-30 00:43:50 - msg_id_0002 ==> 7E00020000660000000002D19C2B7E
2026-03-30 00:43:53 - msg_id_0002 ==> 7E00020000660000000002D19D2A7E
2026-03-30 00:43:57 - msg_id_0002 ==> 7E00020000660000000002D19E297E
2026-03-30 00:44:00 - msg_id_0002 ==> 7E00020000660000000002D19F287E
2026-03-30 00:44:03 - msg_id_0002 ==> 7E00020000660000000002D1A0177E
2026-03-30 00:44:06 - msg_id_0002 ==> 7E00020000660000000002D1A1167E
2026-03-30 00:44:09 - msg_id_0002 ==> 7E00020000660000000002D1A2157E
2026-03-30 00:44:12 - msg_id_0002 ==> 7E00020000660000000002D1A4137E
2026-03-30 00:44:15 - msg_id_0002 ==> 7E00020000660000000002D1A5127E
2026-03-30 00:44:18 - msg_id_0002 ==> 7E00020000660000000002D1A6117E
2026-03-30 00:44:21 - msg_id_0002 ==> 7E00020000660000000002D1A7107E
2026-03-30 00:44:24 - msg_id_0002 ==> 7E00020000660000000002D1A81F7E
2026-03-30 00:44:28 - msg_id_0002 ==> 7E00020000660000000002D1A91E7E
2026-03-30 00:44:31 - msg_id_0002 ==> 7E00020000660000000002D1AA1D7E
2026-03-30 00:44:34 - msg_id_0002 ==> 7E00020000660000000002D1AB1C7E
2026-03-30 00:44:37 - msg_id_0002 ==> 7E00020000660000000002D1AC1B7E
2026-03-30 00:44:40 - msg_id_0002 ==> 7E00020000660000000002D1AD1A7E
2026-03-30 00:44:43 - msg_id_0002 ==> 7E00020000660000000002D1AF187E
2026-03-30 00:44:46 - msg_id_0002 ==> 7E00020000660000000002D1B0077E
2026-03-30 00:44:49 - msg_id_0002 ==> 7E00020000660000000002D1B1067E
2026-03-30 00:44:52 - msg_id_0002 ==> 7E00020000660000000002D1B2057E
2026-03-30 00:44:55 - msg_id_0002 ==> 7E00020000660000000002D1B3047E
2026-03-30 00:44:59 - msg_id_0002 ==> 7E00020000660000000002D1B4037E
2026-03-30 00:45:02 - msg_id_0002 ==> 7E00020000660000000002D1B5027E
2026-03-30 00:45:05 - msg_id_0002 ==> 7E00020000660000000002D1B6017E
2026-03-30 00:45:08 - msg_id_0002 ==> 7E00020000660000000002D1B7007E
2026-03-30 00:45:11 - msg_id_0002 ==> 7E00020000660000000002D1B80F7E
2026-03-30 00:45:14 - msg_id_0002 ==> 7E00020000660000000002D1BA0D7E
2026-03-30 00:45:17 - msg_id_0002 ==> 7E00020000660000000002D1BB0C7E
2026-03-30 00:45:20 - msg_id_0002 ==> 7E00020000660000000002D1BC0B7E
2026-03-30 00:45:23 - msg_id_0002 ==> 7E00020000660000000002D1BD0A7E
2026-03-30 00:45:26 - msg_id_0002 ==> 7E00020000660000000002D1BE097E
2026-03-30 00:45:30 - msg_id_0002 ==> 7E00020000660000000002D1BF087E
2026-03-30 00:45:33 - msg_id_0002 ==> 7E00020000660000000002D1C0777E
2026-03-30 00:45:36 - msg_id_0002 ==> 7E00020000660000000002D1C1767E
2026-03-30 00:45:39 - msg_id_0002 ==> 7E00020000660000000002D1C2757E
2026-03-30 00:45:42 - msg_id_0002 ==> 7E00020000660000000002D1C3747E
2026-03-30 00:45:45 - msg_id_0002 ==> 7E00020000660000000002D1C5727E
2026-03-30 00:45:48 - msg_id_0002 ==> 7E00020000660000000002D1C6717E
2026-03-30 00:45:51 - msg_id_0002 ==> 7E00020000660000000002D1C7707E
2026-03-30 00:45:54 - msg_id_0002 ==> 7E00020000660000000002D1C87F7E
2026-03-30 00:45:57 - msg_id_0002 ==> 7E00020000660000000002D1C97D027E
2026-03-30 00:46:01 - msg_id_0002 ==> 7E00020000660000000002D1CA7D017E
2026-03-30 00:46:04 - msg_id_0002 ==> 7E00020000660000000002D1CB7C7E
2026-03-30 00:46:07 - msg_id_0002 ==> 7E00020000660000000002D1CC7B7E
2026-03-30 00:46:10 - msg_id_0002 ==> 7E00020000660000000002D1CD7A7E
2026-03-30 00:46:13 - msg_id_0002 ==> 7E00020000660000000002D1CE797E
2026-03-30 00:46:16 - msg_id_0002 ==> 7E00020000660000000002D1D0677E
2026-03-30 00:46:19 - msg_id_0002 ==> 7E00020000660000000002D1D1667E
2026-03-30 00:46:22 - msg_id_0002 ==> 7E00020000660000000002D1D2657E
2026-03-30 00:46:25 - msg_id_0002 ==> 7E00020000660000000002D1D3647E
2026-03-30 00:46:28 - msg_id_0002 ==> 7E00020000660000000002D1D4637E
2026-03-30 00:46:32 - msg_id_0002 ==> 7E00020000660000000002D1D5627E
2026-03-30 00:46:35 - msg_id_0002 ==> 7E00020000660000000002D1D6617E
2026-03-30 00:46:38 - msg_id_0002 ==> 7E00020000660000000002D1D7607E
2026-03-30 00:46:41 - msg_id_0002 ==> 7E00020000660000000002D1D86F7E
2026-03-30 00:46:44 - msg_id_0002 ==> 7E00020000660000000002D1D96E7E
2026-03-30 00:46:47 - msg_id_0002 ==> 7E00020000660000000002D1DB6C7E
2026-03-30 00:46:50 - msg_id_0002 ==> 7E00020000660000000002D1DC6B7E
2026-03-30 00:46:53 - msg_id_0002 ==> 7E00020000660000000002D1DD6A7E
2026-03-30 00:46:56 - msg_id_0002 ==> 7E00020000660000000002D1DE697E
2026-03-30 00:46:59 - msg_id_0002 ==> 7E00020000660000000002D1DF687E
2026-03-30 00:47:03 - msg_id_0002 ==> 7E00020000660000000002D1E0577E
2026-03-30 00:47:06 - msg_id_0002 ==> 7E00020000660000000002D1E1567E
2026-03-30 00:47:09 - msg_id_0002 ==> 7E00020000660000000002D1E2557E
2026-03-30 00:47:12 - msg_id_0002 ==> 7E00020000660000000002D1E3547E
2026-03-30 00:47:15 - msg_id_0002 ==> 7E00020000660000000002D1E4537E
2026-03-30 00:47:18 - msg_id_0002 ==> 7E00020000660000000002D1E6517E
2026-03-30 00:47:21 - msg_id_0002 ==> 7E00020000660000000002D1E7507E
2026-03-30 00:47:24 - msg_id_0002 ==> 7E00020000660000000002D1E85F7E
2026-03-30 00:47:27 - msg_id_0002 ==> 7E00020000660000000002D1E95E7E
2026-03-30 00:47:30 - msg_id_0002 ==> 7E00020000660000000002D1EA5D7E
2026-03-30 00:47:34 - msg_id_0002 ==> 7E00020000660000000002D1EB5C7E
2026-03-30 00:47:37 - msg_id_0002 ==> 7E00020000660000000002D1EC5B7E
2026-03-30 00:47:40 - msg_id_0002 ==> 7E00020000660000000002D1ED5A7E
2026-03-30 00:47:43 - msg_id_0002 ==> 7E00020000660000000002D1EE597E
2026-03-30 00:47:46 - msg_id_0002 ==> 7E00020000660000000002D1EF587E
2026-03-30 00:47:49 - msg_id_0002 ==> 7E00020000660000000002D1F1467E
2026-03-30 00:47:52 - msg_id_0002 ==> 7E00020000660000000002D1F2457E
2026-03-30 00:47:55 - msg_id_0002 ==> 7E00020000660000000002D1F3447E
2026-03-30 00:47:58 - msg_id_0002 ==> 7E00020000660000000002D1F4437E
2026-03-30 00:48:01 - msg_id_0002 ==> 7E00020000660000000002D1F5427E
2026-03-30 00:48:05 - msg_id_0002 ==> 7E00020000660000000002D1F6417E
2026-03-30 00:48:08 - msg_id_0002 ==> 7E00020000660000000002D1F7407E
2026-03-30 00:48:11 - msg_id_0002 ==> 7E00020000660000000002D1F84F7E
2026-03-30 00:48:14 - msg_id_0002 ==> 7E00020000660000000002D1F94E7E
2026-03-30 00:48:17 - msg_id_0002 ==> 7E00020000660000000002D1FA4D7E
2026-03-30 00:48:20 - msg_id_0002 ==> 7E00020000660000000002D1FC4B7E
2026-03-30 00:48:23 - msg_id_0002 ==> 7E00020000660000000002D1FD4A7E
2026-03-30 00:48:26 - msg_id_0002 ==> 7E00020000660000000002D1FE497E
2026-03-30 00:48:29 - msg_id_0002 ==> 7E00020000660000000002D1FF487E
2026-03-30 00:48:32 - msg_id_0002 ==> 7E00020000660000000002D200B47E
2026-03-30 00:48:36 - msg_id_0002 ==> 7E00020000660000000002D201B57E
2026-03-30 00:48:39 - msg_id_0002 ==> 7E00020000660000000002D202B67E
2026-03-30 00:48:42 - msg_id_0002 ==> 7E00020000660000000002D203B77E
2026-03-30 00:48:45 - msg_id_0002 ==> 7E00020000660000000002D204B07E
2026-03-30 00:48:48 - msg_id_0002 ==> 7E00020000660000000002D205B17E
2026-03-30 00:48:51 - msg_id_0002 ==> 7E00020000660000000002D207B37E
2026-03-30 00:48:54 - msg_id_0002 ==> 7E00020000660000000002D208BC7E
2026-03-30 00:48:57 - msg_id_0002 ==> 7E00020000660000000002D209BD7E
2026-03-30 00:49:00 - msg_id_0002 ==> 7E00020000660000000002D20ABE7E
2026-03-30 00:49:03 - msg_id_0002 ==> 7E00020000660000000002D20BBF7E
2026-03-30 00:49:07 - msg_id_0002 ==> 7E00020000660000000002D20CB87E
2026-03-30 00:49:10 - msg_id_0002 ==> 7E00020000660000000002D20DB97E
2026-03-30 00:49:13 - msg_id_0002 ==> 7E00020000660000000002D20EBA7E
2026-03-30 00:49:16 - msg_id_0002 ==> 7E00020000660000000002D20FBB7E
2026-03-30 00:49:19 - msg_id_0002 ==> 7E00020000660000000002D210A47E
2026-03-30 00:49:22 - msg_id_0002 ==> 7E00020000660000000002D212A67E
2026-03-30 00:49:25 - msg_id_0002 ==> 7E00020000660000000002D213A77E
2026-03-30 00:49:28 - msg_id_0002 ==> 7E00020000660000000002D214A07E
2026-03-30 00:49:31 - msg_id_0002 ==> 7E00020000660000000002D215A17E
2026-03-30 00:49:34 - msg_id_0002 ==> 7E00020000660000000002D216A27E
2026-03-30 00:49:38 - msg_id_0002 ==> 7E00020000660000000002D217A37E
2026-03-30 00:49:41 - msg_id_0002 ==> 7E00020000660000000002D218AC7E
2026-03-30 00:49:44 - msg_id_0002 ==> 7E00020000660000000002D219AD7E
2026-03-30 00:49:47 - msg_id_0002 ==> 7E00020000660000000002D21AAE7E
2026-03-30 00:49:50 - msg_id_0002 ==> 7E00020000660000000002D21BAF7E
2026-03-30 00:49:53 - msg_id_0002 ==> 7E00020000660000000002D21DA97E
2026-03-30 00:49:56 - msg_id_0002 ==> 7E00020000660000000002D21EAA7E
2026-03-30 00:49:59 - msg_id_0002 ==> 7E00020000660000000002D21FAB7E
2026-03-30 00:50:02 - msg_id_0002 ==> 7E00020000660000000002D220947E
2026-03-30 00:50:05 - msg_id_0002 ==> 7E00020000660000000002D221957E
2026-03-30 00:50:09 - msg_id_0002 ==> 7E00020000660000000002D222967E
2026-03-30 00:50:12 - msg_id_0002 ==> 7E00020000660000000002D223977E
2026-03-30 00:50:15 - msg_id_0002 ==> 7E00020000660000000002D224907E
2026-03-30 00:50:18 - msg_id_0002 ==> 7E00020000660000000002D225917E
2026-03-30 00:50:21 - msg_id_0002 ==> 7E00020000660000000002D226927E
2026-03-30 00:50:24 - msg_id_0002 ==> 7E00020000660000000002D2289C7E
2026-03-30 00:50:27 - msg_id_0002 ==> 7E00020000660000000002D2299D7E
2026-03-30 00:50:30 - msg_id_0002 ==> 7E00020000660000000002D22A9E7E
2026-03-30 00:50:33 - msg_id_0002 ==> 7E00020000660000000002D22B9F7E
2026-03-30 00:50:36 - msg_id_0002 ==> 7E00020000660000000002D22C987E
2026-03-30 00:50:40 - msg_id_0002 ==> 7E00020000660000000002D22D997E
2026-03-30 00:50:43 - msg_id_0002 ==> 7E00020000660000000002D22E9A7E
2026-03-30 00:50:46 - msg_id_0002 ==> 7E00020000660000000002D22F9B7E
2026-03-30 00:50:49 - msg_id_0002 ==> 7E00020000660000000002D230847E
2026-03-30 00:50:52 - msg_id_0002 ==> 7E00020000660000000002D231857E
2026-03-30 00:50:55 - msg_id_0002 ==> 7E00020000660000000002D233877E
2026-03-30 00:50:58 - msg_id_0002 ==> 7E00020000660000000002D234807E
2026-03-30 00:51:01 - msg_id_0002 ==> 7E00020000660000000002D235817E
2026-03-30 00:51:04 - msg_id_0002 ==> 7E00020000660000000002D236827E
2026-03-30 00:51:07 - msg_id_0002 ==> 7E00020000660000000002D237837E
2026-03-30 00:51:11 - msg_id_0002 ==> 7E00020000660000000002D2388C7E
2026-03-30 00:51:14 - msg_id_0002 ==> 7E00020000660000000002D2398D7E
2026-03-30 00:51:17 - msg_id_0002 ==> 7E00020000660000000002D23A8E7E
2026-03-30 00:51:20 - msg_id_0002 ==> 7E00020000660000000002D23B8F7E
2026-03-30 00:51:23 - msg_id_0002 ==> 7E00020000660000000002D23C887E
2026-03-30 00:51:26 - msg_id_0002 ==> 7E00020000660000000002D23E8A7E
2026-03-30 00:51:29 - msg_id_0002 ==> 7E00020000660000000002D23F8B7E
2026-03-30 00:51:32 - msg_id_0002 ==> 7E00020000660000000002D240F47E
2026-03-30 00:51:35 - msg_id_0002 ==> 7E00020000660000000002D241F57E
2026-03-30 00:51:38 - msg_id_0002 ==> 7E00020000660000000002D242F67E
2026-03-30 00:51:42 - msg_id_0002 ==> 7E00020000660000000002D243F77E
2026-03-30 00:51:45 - msg_id_0002 ==> 7E00020000660000000002D244F07E
2026-03-30 00:51:48 - msg_id_0002 ==> 7E00020000660000000002D245F17E
2026-03-30 00:51:51 - msg_id_0002 ==> 7E00020000660000000002D246F27E
2026-03-30 00:51:54 - msg_id_0002 ==> 7E00020000660000000002D247F37E
2026-03-30 00:51:57 - msg_id_0002 ==> 7E00020000660000000002D249FD7E
2026-03-30 00:52:00 - msg_id_0002 ==> 7E00020000660000000002D24AFE7E
2026-03-30 00:52:03 - msg_id_0002 ==> 7E00020000660000000002D24BFF7E
2026-03-30 00:52:06 - msg_id_0002 ==> 7E00020000660000000002D24CF87E
2026-03-30 00:52:09 - msg_id_0002 ==> 7E00020000660000000002D24DF97E
2026-03-30 00:52:13 - msg_id_0002 ==> 7E00020000660000000002D24EFA7E
2026-03-30 00:52:16 - msg_id_0002 ==> 7E00020000660000000002D24FFB7E
2026-03-30 00:52:19 - msg_id_0002 ==> 7E00020000660000000002D250E47E
2026-03-30 00:52:22 - msg_id_0002 ==> 7E00020000660000000002D251E57E
2026-03-30 00:52:25 - msg_id_0002 ==> 7E00020000660000000002D252E67E
2026-03-30 00:52:28 - msg_id_0002 ==> 7E00020000660000000002D254E07E
2026-03-30 00:52:31 - msg_id_0002 ==> 7E00020000660000000002D255E17E
2026-03-30 00:52:34 - msg_id_0002 ==> 7E00020000660000000002D256E27E
2026-03-30 00:52:37 - msg_id_0002 ==> 7E00020000660000000002D257E37E
2026-03-30 00:52:41 - msg_id_0002 ==> 7E00020000660000000002D258EC7E
2026-03-30 00:52:44 - msg_id_0002 ==> 7E00020000660000000002D259ED7E
2026-03-30 00:52:47 - msg_id_0002 ==> 7E00020000660000000002D25AEE7E
2026-03-30 00:52:50 - msg_id_0002 ==> 7E00020000660000000002D25BEF7E
2026-03-30 00:52:53 - msg_id_0002 ==> 7E00020000660000000002D25CE87E
2026-03-30 00:52:56 - msg_id_0002 ==> 7E00020000660000000002D25DE97E
2026-03-30 00:52:59 - msg_id_0002 ==> 7E00020000660000000002D25FEB7E
2026-03-30 00:53:02 - msg_id_0002 ==> 7E00020000660000000002D260D47E
2026-03-30 00:53:05 - msg_id_0002 ==> 7E00020000660000000002D261D57E
2026-03-30 00:53:08 - msg_id_0002 ==> 7E00020000660000000002D262D67E
2026-03-30 00:53:11 - msg_id_0002 ==> 7E00020000660000000002D263D77E
2026-03-30 00:53:15 - msg_id_0002 ==> 7E00020000660000000002D264D07E
2026-03-30 00:53:18 - msg_id_0002 ==> 7E00020000660000000002D265D17E
2026-03-30 00:53:21 - msg_id_0002 ==> 7E00020000660000000002D266D27E
2026-03-30 00:53:24 - msg_id_0002 ==> 7E00020000660000000002D267D37E
2026-03-30 00:53:27 - msg_id_0002 ==> 7E00020000660000000002D268DC7E
2026-03-30 00:53:30 - msg_id_0002 ==> 7E00020000660000000002D26ADE7E
2026-03-30 00:53:33 - msg_id_0002 ==> 7E00020000660000000002D26BDF7E
2026-03-30 00:53:36 - msg_id_0002 ==> 7E00020000660000000002D26CD87E
2026-03-30 00:53:39 - msg_id_0002 ==> 7E00020000660000000002D26DD97E
2026-03-30 00:53:42 - msg_id_0002 ==> 7E00020000660000000002D26EDA7E
2026-03-30 00:53:46 - msg_id_0002 ==> 7E00020000660000000002D26FDB7E
2026-03-30 00:53:49 - msg_id_0002 ==> 7E00020000660000000002D270C47E
2026-03-30 00:53:52 - msg_id_0002 ==> 7E00020000660000000002D271C57E
2026-03-30 00:53:55 - msg_id_0002 ==> 7E00020000660000000002D272C67E
2026-03-30 00:53:58 - msg_id_0002 ==> 7E00020000660000000002D273C77E
2026-03-30 00:54:01 - msg_id_0002 ==> 7E00020000660000000002D275C17E
2026-03-30 00:54:04 - msg_id_0002 ==> 7E00020000660000000002D276C27E
2026-03-30 00:54:07 - msg_id_0002 ==> 7E00020000660000000002D277C37E
2026-03-30 00:54:10 - msg_id_0002 ==> 7E00020000660000000002D278CC7E
2026-03-30 00:54:13 - msg_id_0002 ==> 7E00020000660000000002D279CD7E
2026-03-30 00:54:17 - msg_id_0002 ==> 7E00020000660000000002D27ACE7E
2026-03-30 00:54:20 - msg_id_0002 ==> 7E00020000660000000002D27BCF7E
2026-03-30 00:54:23 - msg_id_0002 ==> 7E00020000660000000002D27CC87E
2026-03-30 00:54:26 - msg_id_0002 ==> 7E00020000660000000002D27D01C97E
2026-03-30 00:54:29 - msg_id_0002 ==> 7E00020000660000000002D27D02CA7E
2026-03-30 00:54:37 - msg_id_0002 ==> 7E00020000660000000002D283377E
2026-03-30 00:54:40 - msg_id_0002 ==> 7E00020000660000000002D284307E
2026-03-30 00:54:43 - msg_id_0002 ==> 7E00020000660000000002D285317E
2026-03-30 00:54:46 - msg_id_0002 ==> 7E00020000660000000002D286327E
2026-03-30 00:54:49 - msg_id_0002 ==> 7E00020000660000000002D287337E
2026-03-30 00:54:52 - msg_id_0002 ==> 7E00020000660000000002D2883C7E
2026-03-30 00:54:55 - msg_id_0002 ==> 7E00020000660000000002D2893D7E
2026-03-30 00:54:58 - msg_id_0002 ==> 7E00020000660000000002D28A3E7E
2026-03-30 00:55:01 - msg_id_0002 ==> 7E00020000660000000002D28B3F7E
2026-03-30 00:55:04 - msg_id_0002 ==> 7E00020000660000000002D28C387E
2026-03-30 00:55:08 - msg_id_0002 ==> 7E00020000660000000002D28E3A7E
2026-03-30 00:55:11 - msg_id_0002 ==> 7E00020000660000000002D28F3B7E
2026-03-30 00:55:14 - msg_id_0002 ==> 7E00020000660000000002D290247E
2026-03-30 00:55:17 - msg_id_0002 ==> 7E00020000660000000002D291257E
2026-03-30 00:55:20 - msg_id_0002 ==> 7E00020000660000000002D292267E
2026-03-30 00:55:23 - msg_id_0002 ==> 7E00020000660000000002D293277E
2026-03-30 00:55:26 - msg_id_0002 ==> 7E00020000660000000002D294207E
2026-03-30 00:55:29 - msg_id_0002 ==> 7E00020000660000000002D295217E
2026-03-30 00:55:32 - msg_id_0002 ==> 7E00020000660000000002D296227E
2026-03-30 00:55:35 - msg_id_0002 ==> 7E00020000660000000002D297237E
2026-03-30 00:55:39 - msg_id_0002 ==> 7E00020000660000000002D2992D7E
2026-03-30 00:55:42 - msg_id_0002 ==> 7E00020000660000000002D29A2E7E
2026-03-30 00:55:45 - msg_id_0002 ==> 7E00020000660000000002D29B2F7E
2026-03-30 00:55:48 - msg_id_0002 ==> 7E00020000660000000002D29C287E
2026-03-30 00:55:51 - msg_id_0002 ==> 7E00020000660000000002D29D297E
2026-03-30 00:55:54 - msg_id_0002 ==> 7E00020000660000000002D29E2A7E
2026-03-30 00:55:57 - msg_id_0002 ==> 7E00020000660000000002D29F2B7E
2026-03-30 00:56:00 - msg_id_0002 ==> 7E00020000660000000002D2A0147E
2026-03-30 00:56:03 - msg_id_0002 ==> 7E00020000660000000002D2A1157E
2026-03-30 00:56:06 - msg_id_0002 ==> 7E00020000660000000002D2A2167E
2026-03-30 00:56:10 - msg_id_0002 ==> 7E00020000660000000002D2A4107E
2026-03-30 00:56:13 - msg_id_0002 ==> 7E00020000660000000002D2A5117E
2026-03-30 00:56:16 - msg_id_0002 ==> 7E00020000660000000002D2A6127E
2026-03-30 00:56:19 - msg_id_0002 ==> 7E00020000660000000002D2A7137E
2026-03-30 00:56:22 - msg_id_0002 ==> 7E00020000660000000002D2A81C7E
2026-03-30 00:56:25 - msg_id_0002 ==> 7E00020000660000000002D2A91D7E
2026-03-30 00:56:28 - msg_id_0002 ==> 7E00020000660000000002D2AA1E7E
2026-03-30 00:56:31 - msg_id_0002 ==> 7E00020000660000000002D2AB1F7E
2026-03-30 00:56:34 - msg_id_0002 ==> 7E00020000660000000002D2AC187E
2026-03-30 00:56:37 - msg_id_0002 ==> 7E00020000660000000002D2AD197E
2026-03-30 00:56:41 - msg_id_0002 ==> 7E00020000660000000002D2AF1B7E
2026-03-30 00:56:44 - msg_id_0002 ==> 7E00020000660000000002D2B0047E
2026-03-30 00:56:47 - msg_id_0002 ==> 7E00020000660000000002D2B1057E
2026-03-30 00:56:50 - msg_id_0002 ==> 7E00020000660000000002D2B2067E
2026-03-30 00:56:53 - msg_id_0002 ==> 7E00020000660000000002D2B3077E
2026-03-30 00:56:56 - msg_id_0002 ==> 7E00020000660000000002D2B4007E
2026-03-30 00:56:59 - msg_id_0002 ==> 7E00020000660000000002D2B5017E
2026-03-30 00:57:02 - msg_id_0002 ==> 7E00020000660000000002D2B6027E
2026-03-30 00:57:05 - msg_id_0002 ==> 7E00020000660000000002D2B7037E
2026-03-30 00:57:08 - msg_id_0002 ==> 7E00020000660000000002D2B80C7E
2026-03-30 00:57:12 - msg_id_0002 ==> 7E00020000660000000002D2BA0E7E
2026-03-30 00:57:15 - msg_id_0002 ==> 7E00020000660000000002D2BB0F7E
2026-03-30 00:57:18 - msg_id_0002 ==> 7E00020000660000000002D2BC087E
2026-03-30 00:57:21 - msg_id_0002 ==> 7E00020000660000000002D2BD097E
2026-03-30 00:57:24 - msg_id_0002 ==> 7E00020000660000000002D2BE0A7E
2026-03-30 00:57:27 - msg_id_0002 ==> 7E00020000660000000002D2BF0B7E
2026-03-30 00:57:30 - msg_id_0002 ==> 7E00020000660000000002D2C0747E
2026-03-30 00:57:33 - msg_id_0002 ==> 7E00020000660000000002D2C1757E
2026-03-30 00:57:36 - msg_id_0002 ==> 7E00020000660000000002D2C2767E
2026-03-30 00:57:39 - msg_id_0002 ==> 7E00020000660000000002D2C3777E
2026-03-30 00:57:43 - msg_id_0002 ==> 7E00020000660000000002D2C5717E
2026-03-30 00:57:46 - msg_id_0002 ==> 7E00020000660000000002D2C6727E
2026-03-30 00:57:49 - msg_id_0002 ==> 7E00020000660000000002D2C7737E
2026-03-30 00:57:52 - msg_id_0002 ==> 7E00020000660000000002D2C87C7E
2026-03-30 00:57:55 - msg_id_0002 ==> 7E00020000660000000002D2C97D017E
2026-03-30 00:57:58 - msg_id_0002 ==> 7E00020000660000000002D2CA7D027E
2026-03-30 00:58:01 - msg_id_0002 ==> 7E00020000660000000002D2CB7F7E
2026-03-30 00:58:04 - msg_id_0002 ==> 7E00020000660000000002D2CC787E
2026-03-30 00:58:07 - msg_id_0002 ==> 7E00020000660000000002D2CD797E
2026-03-30 00:58:10 - msg_id_0002 ==> 7E00020000660000000002D2CE7A7E
2026-03-30 00:58:14 - msg_id_0002 ==> 7E00020000660000000002D2D0647E
2026-03-30 00:58:17 - msg_id_0002 ==> 7E00020000660000000002D2D1657E
2026-03-30 00:58:20 - msg_id_0002 ==> 7E00020000660000000002D2D2667E
2026-03-30 00:58:23 - msg_id_0002 ==> 7E00020000660000000002D2D3677E
2026-03-30 00:58:26 - msg_id_0002 ==> 7E00020000660000000002D2D4607E
2026-03-30 00:58:29 - msg_id_0002 ==> 7E00020000660000000002D2D5617E
2026-03-30 00:58:32 - msg_id_0002 ==> 7E00020000660000000002D2D6627E
2026-03-30 00:58:35 - msg_id_0002 ==> 7E00020000660000000002D2D7637E
2026-03-30 00:58:38 - msg_id_0002 ==> 7E00020000660000000002D2D86C7E
2026-03-30 00:58:41 - msg_id_0002 ==> 7E00020000660000000002D2D96D7E
2026-03-30 00:58:45 - msg_id_0002 ==> 7E00020000660000000002D2DB6F7E
2026-03-30 00:58:48 - msg_id_0002 ==> 7E00020000660000000002D2DC687E
2026-03-30 00:58:51 - msg_id_0002 ==> 7E00020000660000000002D2DD697E
2026-03-30 00:58:54 - msg_id_0002 ==> 7E00020000660000000002D2DE6A7E
2026-03-30 00:58:57 - msg_id_0002 ==> 7E00020000660000000002D2DF6B7E
2026-03-30 00:59:00 - msg_id_0002 ==> 7E00020000660000000002D2E0547E
2026-03-30 00:59:03 - msg_id_0002 ==> 7E00020000660000000002D2E1557E
2026-03-30 00:59:06 - msg_id_0002 ==> 7E00020000660000000002D2E2567E
2026-03-30 00:59:09 - msg_id_0002 ==> 7E00020000660000000002D2E3577E
2026-03-30 00:59:13 - msg_id_0002 ==> 7E00020000660000000002D2E4507E
2026-03-30 00:59:16 - msg_id_0002 ==> 7E00020000660000000002D2E6527E
2026-03-30 00:59:19 - msg_id_0002 ==> 7E00020000660000000002D2E7537E
2026-03-30 00:59:22 - msg_id_0002 ==> 7E00020000660000000002D2E85C7E
2026-03-30 00:59:25 - msg_id_0002 ==> 7E00020000660000000002D2E95D7E
2026-03-30 00:59:28 - msg_id_0002 ==> 7E00020000660000000002D2EA5E7E
2026-03-30 00:59:31 - msg_id_0002 ==> 7E00020000660000000002D2EB5F7E
2026-03-30 00:59:34 - msg_id_0002 ==> 7E00020000660000000002D2EC587E
2026-03-30 00:59:37 - msg_id_0002 ==> 7E00020000660000000002D2ED597E
2026-03-30 00:59:40 - msg_id_0002 ==> 7E00020000660000000002D2EE5A7E
2026-03-30 00:59:44 - msg_id_0002 ==> 7E00020000660000000002D2EF5B7E
2026-03-30 00:59:47 - msg_id_0002 ==> 7E00020000660000000002D2F1457E
2026-03-30 00:59:50 - msg_id_0002 ==> 7E00020000660000000002D2F2467E
2026-03-30 00:59:53 - msg_id_0002 ==> 7E00020000660000000002D2F3477E
2026-03-30 00:59:56 - msg_id_0002 ==> 7E00020000660000000002D2F4407E
2026-03-30 00:59:59 - msg_id_0002 ==> 7E00020000660000000002D2F5417E
2026-03-30 01:00:02 - msg_id_0002 ==> 7E00020000660000000002D2F6427E
2026-03-30 01:00:05 - msg_id_0002 ==> 7E00020000660000000002D2F7437E
2026-03-30 01:00:08 - msg_id_0002 ==> 7E00020000660000000002D2F84C7E
2026-03-30 01:00:11 - msg_id_0002 ==> 7E00020000660000000002D2F94D7E
2026-03-30 01:00:15 - msg_id_0002 ==> 7E00020000660000000002D2FA4E7E
2026-03-30 01:00:18 - msg_id_0002 ==> 7E00020000660000000002D2FC487E
2026-03-30 01:00:21 - msg_id_0002 ==> 7E00020000660000000002D2FD497E
2026-03-30 01:00:24 - msg_id_0002 ==> 7E00020000660000000002D2FE4A7E
2026-03-30 01:00:27 - msg_id_0002 ==> 7E00020000660000000002D2FF4B7E
2026-03-30 01:00:30 - msg_id_0002 ==> 7E00020000660000000002D300B57E
2026-03-30 01:00:33 - msg_id_0002 ==> 7E00020000660000000002D301B47E
2026-03-30 01:00:36 - msg_id_0002 ==> 7E00020000660000000002D302B77E
2026-03-30 01:00:39 - msg_id_0002 ==> 7E00020000660000000002D303B67E
2026-03-30 01:00:42 - msg_id_0002 ==> 7E00020000660000000002D304B17E
2026-03-30 01:00:46 - msg_id_0002 ==> 7E00020000660000000002D305B07E
2026-03-30 01:00:49 - msg_id_0002 ==> 7E00020000660000000002D307B27E
2026-03-30 01:00:52 - msg_id_0002 ==> 7E00020000660000000002D308BD7E
2026-03-30 01:00:55 - msg_id_0002 ==> 7E00020000660000000002D309BC7E
2026-03-30 01:00:58 - msg_id_0002 ==> 7E00020000660000000002D30ABF7E
2026-03-30 01:01:01 - msg_id_0002 ==> 7E00020000660000000002D30BBE7E
2026-03-30 01:01:04 - msg_id_0002 ==> 7E00020000660000000002D30CB97E
2026-03-30 01:01:07 - msg_id_0002 ==> 7E00020000660000000002D30DB87E
2026-03-30 01:01:10 - msg_id_0002 ==> 7E00020000660000000002D30EBB7E
2026-03-30 01:01:13 - msg_id_0002 ==> 7E00020000660000000002D30FBA7E
2026-03-30 01:01:17 - msg_id_0002 ==> 7E00020000660000000002D310A57E
2026-03-30 01:01:20 - msg_id_0002 ==> 7E00020000660000000002D312A77E
2026-03-30 01:01:23 - msg_id_0002 ==> 7E00020000660000000002D313A67E
2026-03-30 01:01:26 - msg_id_0002 ==> 7E00020000660000000002D314A17E
2026-03-30 01:01:29 - msg_id_0002 ==> 7E00020000660000000002D315A07E
2026-03-30 01:01:32 - msg_id_0002 ==> 7E00020000660000000002D316A37E
2026-03-30 01:01:35 - msg_id_0002 ==> 7E00020000660000000002D317A27E
2026-03-30 01:01:38 - msg_id_0002 ==> 7E00020000660000000002D318AD7E
2026-03-30 01:01:41 - msg_id_0002 ==> 7E00020000660000000002D319AC7E
2026-03-30 01:01:44 - msg_id_0002 ==> 7E00020000660000000002D31AAF7E
2026-03-30 01:01:48 - msg_id_0002 ==> 7E00020000660000000002D31BAE7E
2026-03-30 01:01:51 - msg_id_0002 ==> 7E00020000660000000002D31DA87E
2026-03-30 01:01:54 - msg_id_0002 ==> 7E00020000660000000002D31EAB7E
2026-03-30 01:01:57 - msg_id_0002 ==> 7E00020000660000000002D31FAA7E
2026-03-30 01:02:00 - msg_id_0002 ==> 7E00020000660000000002D320957E
2026-03-30 01:02:03 - msg_id_0002 ==> 7E00020000660000000002D321947E
2026-03-30 01:02:06 - msg_id_0002 ==> 7E00020000660000000002D322977E
2026-03-30 01:02:09 - msg_id_0002 ==> 7E00020000660000000002D323967E
2026-03-30 01:02:12 - msg_id_0002 ==> 7E00020000660000000002D324917E
2026-03-30 01:02:15 - msg_id_0002 ==> 7E00020000660000000002D325907E
2026-03-30 01:02:19 - msg_id_0002 ==> 7E00020000660000000002D326937E
2026-03-30 01:02:22 - msg_id_0002 ==> 7E00020000660000000002D3289D7E
2026-03-30 01:02:25 - msg_id_0002 ==> 7E00020000660000000002D3299C7E
2026-03-30 01:02:28 - msg_id_0002 ==> 7E00020000660000000002D32A9F7E
2026-03-30 01:02:31 - msg_id_0002 ==> 7E00020000660000000002D32B9E7E
2026-03-30 01:02:34 - msg_id_0002 ==> 7E00020000660000000002D32C997E
2026-03-30 01:02:37 - msg_id_0002 ==> 7E00020000660000000002D32D987E
2026-03-30 01:02:40 - msg_id_0002 ==> 7E00020000660000000002D32E9B7E
2026-03-30 01:02:43 - msg_id_0002 ==> 7E00020000660000000002D32F9A7E
2026-03-30 01:02:46 - msg_id_0002 ==> 7E00020000660000000002D330857E
2026-03-30 01:02:50 - msg_id_0002 ==> 7E00020000660000000002D331847E
2026-03-30 01:02:53 - msg_id_0002 ==> 7E00020000660000000002D333867E
2026-03-30 01:02:56 - msg_id_0002 ==> 7E00020000660000000002D334817E
2026-03-30 01:02:59 - msg_id_0002 ==> 7E00020000660000000002D335807E
2026-03-30 01:03:02 - msg_id_0002 ==> 7E00020000660000000002D336837E
2026-03-30 01:03:05 - msg_id_0002 ==> 7E00020000660000000002D337827E
2026-03-30 01:03:08 - msg_id_0002 ==> 7E00020000660000000002D3388D7E
2026-03-30 01:03:11 - msg_id_0002 ==> 7E00020000660000000002D3398C7E
2026-03-30 01:03:14 - msg_id_0002 ==> 7E00020000660000000002D33A8F7E
2026-03-30 01:03:17 - msg_id_0002 ==> 7E00020000660000000002D33B8E7E
2026-03-30 01:03:21 - msg_id_0002 ==> 7E00020000660000000002D33C897E
2026-03-30 01:03:24 - msg_id_0002 ==> 7E00020000660000000002D33E8B7E
2026-03-30 01:03:27 - msg_id_0002 ==> 7E00020000660000000002D33F8A7E
2026-03-30 01:03:30 - msg_id_0002 ==> 7E00020000660000000002D340F57E
2026-03-30 01:03:33 - msg_id_0002 ==> 7E00020000660000000002D341F47E
2026-03-30 01:03:36 - msg_id_0002 ==> 7E00020000660000000002D342F77E
2026-03-30 01:03:39 - msg_id_0002 ==> 7E00020000660000000002D343F67E
2026-03-30 01:03:42 - msg_id_0002 ==> 7E00020000660000000002D344F17E
2026-03-30 01:03:45 - msg_id_0002 ==> 7E00020000660000000002D345F07E
2026-03-30 01:03:48 - msg_id_0002 ==> 7E00020000660000000002D346F37E
2026-03-30 01:03:52 - msg_id_0002 ==> 7E00020000660000000002D347F27E
2026-03-30 01:03:55 - msg_id_0002 ==> 7E00020000660000000002D349FC7E
2026-03-30 01:03:58 - msg_id_0002 ==> 7E00020000660000000002D34AFF7E
2026-03-30 01:04:01 - msg_id_0002 ==> 7E00020000660000000002D34BFE7E
2026-03-30 01:04:04 - msg_id_0002 ==> 7E00020000660000000002D34CF97E
2026-03-30 01:04:07 - msg_id_0002 ==> 7E00020000660000000002D34DF87E
2026-03-30 01:04:10 - msg_id_0002 ==> 7E00020000660000000002D34EFB7E
2026-03-30 01:04:13 - msg_id_0002 ==> 7E00020000660000000002D34FFA7E
2026-03-30 01:04:16 - msg_id_0002 ==> 7E00020000660000000002D350E57E
2026-03-30 01:04:19 - msg_id_0002 ==> 7E00020000660000000002D351E47E
2026-03-30 01:04:23 - msg_id_0002 ==> 7E00020000660000000002D352E77E
2026-03-30 01:04:26 - msg_id_0002 ==> 7E00020000660000000002D354E17E
2026-03-30 01:04:29 - msg_id_0002 ==> 7E00020000660000000002D355E07E
2026-03-30 01:04:32 - msg_id_0002 ==> 7E00020000660000000002D356E37E
2026-03-30 01:04:35 - msg_id_0002 ==> 7E00020000660000000002D357E27E
2026-03-30 01:04:38 - msg_id_0002 ==> 7E00020000660000000002D358ED7E
2026-03-30 01:04:41 - msg_id_0002 ==> 7E00020000660000000002D359EC7E
2026-03-30 01:04:44 - msg_id_0002 ==> 7E00020000660000000002D35AEF7E
2026-03-30 01:04:47 - msg_id_0002 ==> 7E00020000660000000002D35BEE7E
2026-03-30 01:04:50 - msg_id_0002 ==> 7E00020000660000000002D35CE97E
2026-03-30 01:04:54 - msg_id_0002 ==> 7E00020000660000000002D35DE87E
2026-03-30 01:04:57 - msg_id_0002 ==> 7E00020000660000000002D35FEA7E
2026-03-30 01:05:00 - msg_id_0002 ==> 7E00020000660000000002D360D57E
2026-03-30 01:05:03 - msg_id_0002 ==> 7E00020000660000000002D361D47E
2026-03-30 01:05:06 - msg_id_0002 ==> 7E00020000660000000002D362D77E
2026-03-30 01:05:09 - msg_id_0002 ==> 7E00020000660000000002D363D67E
2026-03-30 01:05:12 - msg_id_0002 ==> 7E00020000660000000002D364D17E
2026-03-30 01:05:15 - msg_id_0002 ==> 7E00020000660000000002D365D07E
2026-03-30 01:05:18 - msg_id_0002 ==> 7E00020000660000000002D366D37E
2026-03-30 01:05:21 - msg_id_0002 ==> 7E00020000660000000002D367D27E
2026-03-30 01:05:25 - msg_id_0002 ==> 7E00020000660000000002D368DD7E
2026-03-30 01:05:28 - msg_id_0002 ==> 7E00020000660000000002D36ADF7E
2026-03-30 01:05:31 - msg_id_0002 ==> 7E00020000660000000002D36BDE7E
2026-03-30 01:05:34 - msg_id_0002 ==> 7E00020000660000000002D36CD97E
2026-03-30 01:05:37 - msg_id_0002 ==> 7E00020000660000000002D36DD87E
2026-03-30 01:05:40 - msg_id_0002 ==> 7E00020000660000000002D36EDB7E
2026-03-30 01:05:43 - msg_id_0002 ==> 7E00020000660000000002D36FDA7E
2026-03-30 01:05:46 - msg_id_0002 ==> 7E00020000660000000002D370C57E
2026-03-30 01:05:49 - msg_id_0002 ==> 7E00020000660000000002D371C47E
2026-03-30 01:05:52 - msg_id_0002 ==> 7E00020000660000000002D372C77E
2026-03-30 01:05:56 - msg_id_0002 ==> 7E00020000660000000002D373C67E
2026-03-30 01:05:59 - msg_id_0002 ==> 7E00020000660000000002D375C07E
2026-03-30 01:06:02 - msg_id_0002 ==> 7E00020000660000000002D376C37E
2026-03-30 01:06:05 - msg_id_0002 ==> 7E00020000660000000002D377C27E
2026-03-30 01:06:08 - msg_id_0002 ==> 7E00020000660000000002D378CD7E
2026-03-30 01:06:11 - msg_id_0002 ==> 7E00020000660000000002D379CC7E
2026-03-30 01:06:14 - msg_id_0002 ==> 7E00020000660000000002D37ACF7E
2026-03-30 01:06:17 - msg_id_0002 ==> 7E00020000660000000002D37BCE7E
2026-03-30 01:06:20 - msg_id_0002 ==> 7E00020000660000000002D37CC97E
2026-03-30 01:06:24 - msg_id_0002 ==> 7E00020000660000000002D37D01C87E
2026-03-30 01:06:27 - msg_id_0002 ==> 7E00020000660000000002D37D02CB7E
2026-03-30 01:06:34 - msg_id_0002 ==> 7E00020000660000000002D383367E
2026-03-30 01:06:37 - msg_id_0002 ==> 7E00020000660000000002D384317E
2026-03-30 01:06:40 - msg_id_0002 ==> 7E00020000660000000002D385307E
2026-03-30 01:06:43 - msg_id_0002 ==> 7E00020000660000000002D386337E
2026-03-30 01:06:46 - msg_id_0002 ==> 7E00020000660000000002D387327E
2026-03-30 01:06:50 - msg_id_0002 ==> 7E00020000660000000002D3883D7E
2026-03-30 01:06:53 - msg_id_0002 ==> 7E00020000660000000002D3893C7E
2026-03-30 01:06:56 - msg_id_0002 ==> 7E00020000660000000002D38A3F7E
2026-03-30 01:06:59 - msg_id_0002 ==> 7E00020000660000000002D38B3E7E
2026-03-30 01:07:02 - msg_id_0002 ==> 7E00020000660000000002D38C397E
2026-03-30 01:07:05 - msg_id_0002 ==> 7E00020000660000000002D38E3B7E
2026-03-30 01:07:08 - msg_id_0002 ==> 7E00020000660000000002D38F3A7E
2026-03-30 01:07:11 - msg_id_0002 ==> 7E00020000660000000002D390257E
2026-03-30 01:07:14 - msg_id_0002 ==> 7E00020000660000000002D391247E
2026-03-30 01:07:17 - msg_id_0002 ==> 7E00020000660000000002D392277E
2026-03-30 01:07:21 - msg_id_0002 ==> 7E00020000660000000002D393267E
2026-03-30 01:07:24 - msg_id_0002 ==> 7E00020000660000000002D394217E
2026-03-30 01:07:27 - msg_id_0002 ==> 7E00020000660000000002D395207E
2026-03-30 01:07:30 - msg_id_0002 ==> 7E00020000660000000002D396237E
2026-03-30 01:07:33 - msg_id_0002 ==> 7E00020000660000000002D397227E
2026-03-30 01:07:36 - msg_id_0002 ==> 7E00020000660000000002D3992C7E
2026-03-30 01:07:39 - msg_id_0002 ==> 7E00020000660000000002D39A2F7E
2026-03-30 01:07:42 - msg_id_0002 ==> 7E00020000660000000002D39B2E7E
2026-03-30 01:07:45 - msg_id_0002 ==> 7E00020000660000000002D39C297E
2026-03-30 01:07:48 - msg_id_0002 ==> 7E00020000660000000002D39D287E
2026-03-30 01:07:52 - msg_id_0002 ==> 7E00020000660000000002D39E2B7E
2026-03-30 01:07:55 - msg_id_0002 ==> 7E00020000660000000002D39F2A7E
2026-03-30 01:07:58 - msg_id_0002 ==> 7E00020000660000000002D3A0157E
2026-03-30 01:08:01 - msg_id_0002 ==> 7E00020000660000000002D3A1147E
2026-03-30 01:08:04 - msg_id_0002 ==> 7E00020000660000000002D3A2177E
2026-03-30 01:08:07 - msg_id_0002 ==> 7E00020000660000000002D3A4117E
2026-03-30 01:08:10 - msg_id_0002 ==> 7E00020000660000000002D3A5107E
2026-03-30 01:08:13 - msg_id_0002 ==> 7E00020000660000000002D3A6137E
2026-03-30 01:08:16 - msg_id_0002 ==> 7E00020000660000000002D3A7127E
2026-03-30 01:08:19 - msg_id_0002 ==> 7E00020000660000000002D3A81D7E
2026-03-30 01:08:23 - msg_id_0002 ==> 7E00020000660000000002D3A91C7E
2026-03-30 01:08:26 - msg_id_0002 ==> 7E00020000660000000002D3AA1F7E
2026-03-30 01:08:29 - msg_id_0002 ==> 7E00020000660000000002D3AB1E7E
2026-03-30 01:08:32 - msg_id_0002 ==> 7E00020000660000000002D3AC197E
2026-03-30 01:08:35 - msg_id_0002 ==> 7E00020000660000000002D3AD187E
2026-03-30 01:08:38 - msg_id_0002 ==> 7E00020000660000000002D3AF1A7E
2026-03-30 01:08:41 - msg_id_0002 ==> 7E00020000660000000002D3B0057E
2026-03-30 01:08:44 - msg_id_0002 ==> 7E00020000660000000002D3B1047E
2026-03-30 01:08:47 - msg_id_0002 ==> 7E00020000660000000002D3B2077E
2026-03-30 01:08:51 - msg_id_0002 ==> 7E00020000660000000002D3B3067E
2026-03-30 01:08:54 - msg_id_0002 ==> 7E00020000660000000002D3B4017E
2026-03-30 01:08:57 - msg_id_0002 ==> 7E00020000660000000002D3B5007E
2026-03-30 01:09:00 - msg_id_0002 ==> 7E00020000660000000002D3B6037E
2026-03-30 01:09:03 - msg_id_0002 ==> 7E00020000660000000002D3B7027E
2026-03-30 01:09:06 - msg_id_0002 ==> 7E00020000660000000002D3B80D7E
2026-03-30 01:09:09 - msg_id_0002 ==> 7E00020000660000000002D3BA0F7E
2026-03-30 01:09:12 - msg_id_0002 ==> 7E00020000660000000002D3BB0E7E
2026-03-30 01:09:15 - msg_id_0002 ==> 7E00020000660000000002D3BC097E
2026-03-30 01:09:18 - msg_id_0002 ==> 7E00020000660000000002D3BD087E
2026-03-30 01:09:22 - msg_id_0002 ==> 7E00020000660000000002D3BE0B7E
2026-03-30 01:09:25 - msg_id_0002 ==> 7E00020000660000000002D3BF0A7E
2026-03-30 01:09:28 - msg_id_0002 ==> 7E00020000660000000002D3C0757E
2026-03-30 01:09:31 - msg_id_0002 ==> 7E00020000660000000002D3C1747E
2026-03-30 01:09:34 - msg_id_0002 ==> 7E00020000660000000002D3C2777E
2026-03-30 01:09:37 - msg_id_0002 ==> 7E00020000660000000002D3C3767E
2026-03-30 01:09:40 - msg_id_0002 ==> 7E00020000660000000002D3C5707E
2026-03-30 01:09:43 - msg_id_0002 ==> 7E00020000660000000002D3C6737E
2026-03-30 01:09:46 - msg_id_0002 ==> 7E00020000660000000002D3C7727E
2026-03-30 01:09:49 - msg_id_0002 ==> 7E00020000660000000002D3C87D017E
2026-03-30 01:09:53 - msg_id_0002 ==> 7E00020000660000000002D3C97C7E
2026-03-30 01:09:56 - msg_id_0002 ==> 7E00020000660000000002D3CA7F7E
2026-03-30 01:09:59 - msg_id_0002 ==> 7E00020000660000000002D3CB7D027E
2026-03-30 01:10:02 - msg_id_0002 ==> 7E00020000660000000002D3CC797E
2026-03-30 01:10:05 - msg_id_0002 ==> 7E00020000660000000002D3CD787E
2026-03-30 01:10:08 - msg_id_0002 ==> 7E00020000660000000002D3CE7B7E
2026-03-30 01:10:11 - msg_id_0002 ==> 7E00020000660000000002D3D0657E
2026-03-30 01:10:14 - msg_id_0002 ==> 7E00020000660000000002D3D1647E
2026-03-30 01:10:17 - msg_id_0002 ==> 7E00020000660000000002D3D2677E
2026-03-30 01:10:20 - msg_id_0002 ==> 7E00020000660000000002D3D3667E
2026-03-30 01:10:24 - msg_id_0002 ==> 7E00020000660000000002D3D4617E
2026-03-30 01:10:27 - msg_id_0002 ==> 7E00020000660000000002D3D5607E
2026-03-30 01:10:30 - msg_id_0002 ==> 7E00020000660000000002D3D6637E
2026-03-30 01:10:33 - msg_id_0002 ==> 7E00020000660000000002D3D7627E
2026-03-30 01:10:36 - msg_id_0002 ==> 7E00020000660000000002D3D86D7E
2026-03-30 01:10:39 - msg_id_0002 ==> 7E00020000660000000002D3D96C7E
2026-03-30 01:10:42 - msg_id_0002 ==> 7E00020000660000000002D3DB6E7E
2026-03-30 01:10:45 - msg_id_0002 ==> 7E00020000660000000002D3DC697E
2026-03-30 01:10:48 - msg_id_0002 ==> 7E00020000660000000002D3DD687E
2026-03-30 01:10:51 - msg_id_0002 ==> 7E00020000660000000002D3DE6B7E
2026-03-30 01:10:55 - msg_id_0002 ==> 7E00020000660000000002D3DF6A7E
2026-03-30 01:10:58 - msg_id_0002 ==> 7E00020000660000000002D3E0557E
2026-03-30 01:11:01 - msg_id_0002 ==> 7E00020000660000000002D3E1547E
2026-03-30 01:11:04 - msg_id_0002 ==> 7E00020000660000000002D3E2577E
2026-03-30 01:11:07 - msg_id_0002 ==> 7E00020000660000000002D3E3567E
2026-03-30 01:11:10 - msg_id_0002 ==> 7E00020000660000000002D3E4517E
2026-03-30 01:11:13 - msg_id_0002 ==> 7E00020000660000000002D3E6537E
2026-03-30 01:11:16 - msg_id_0002 ==> 7E00020000660000000002D3E7527E
2026-03-30 01:11:19 - msg_id_0002 ==> 7E00020000660000000002D3E85D7E
2026-03-30 01:11:22 - msg_id_0002 ==> 7E00020000660000000002D3E95C7E
2026-03-30 01:11:26 - msg_id_0002 ==> 7E00020000660000000002D3EA5F7E
2026-03-30 01:11:29 - msg_id_0002 ==> 7E00020000660000000002D3EB5E7E
2026-03-30 01:11:32 - msg_id_0002 ==> 7E00020000660000000002D3EC597E
2026-03-30 01:11:35 - msg_id_0002 ==> 7E00020000660000000002D3ED587E
2026-03-30 01:11:38 - msg_id_0002 ==> 7E00020000660000000002D3EE5B7E
2026-03-30 01:11:41 - msg_id_0002 ==> 7E00020000660000000002D3EF5A7E
2026-03-30 01:11:44 - msg_id_0002 ==> 7E00020000660000000002D3F1447E
2026-03-30 01:11:47 - msg_id_0002 ==> 7E00020000660000000002D3F2477E
2026-03-30 01:11:50 - msg_id_0002 ==> 7E00020000660000000002D3F3467E
2026-03-30 01:11:53 - msg_id_0002 ==> 7E00020000660000000002D3F4417E
2026-03-30 01:11:57 - msg_id_0002 ==> 7E00020000660000000002D3F5407E
2026-03-30 01:12:00 - msg_id_0002 ==> 7E00020000660000000002D3F6437E
2026-03-30 01:12:03 - msg_id_0002 ==> 7E00020000660000000002D3F7427E
2026-03-30 01:12:06 - msg_id_0002 ==> 7E00020000660000000002D3F84D7E
2026-03-30 01:12:09 - msg_id_0002 ==> 7E00020000660000000002D3F94C7E
2026-03-30 01:12:12 - msg_id_0002 ==> 7E00020000660000000002D3FA4F7E
2026-03-30 01:12:15 - msg_id_0002 ==> 7E00020000660000000002D3FC497E
2026-03-30 01:12:18 - msg_id_0002 ==> 7E00020000660000000002D3FD487E
2026-03-30 01:12:21 - msg_id_0002 ==> 7E00020000660000000002D3FE4B7E
2026-03-30 01:12:24 - msg_id_0002 ==> 7E00020000660000000002D3FF4A7E
2026-03-30 01:12:28 - msg_id_0002 ==> 7E00020000660000000002D400B27E
2026-03-30 01:12:31 - msg_id_0002 ==> 7E00020000660000000002D401B37E
2026-03-30 01:12:34 - msg_id_0002 ==> 7E00020000660000000002D402B07E
2026-03-30 01:12:37 - msg_id_0002 ==> 7E00020000660000000002D403B17E
2026-03-30 01:12:40 - msg_id_0002 ==> 7E00020000660000000002D404B67E
2026-03-30 01:12:43 - msg_id_0002 ==> 7E00020000660000000002D405B77E
2026-03-30 01:12:46 - msg_id_0002 ==> 7E00020000660000000002D407B57E
2026-03-30 01:12:49 - msg_id_0002 ==> 7E00020000660000000002D408BA7E
2026-03-30 01:12:52 - msg_id_0002 ==> 7E00020000660000000002D409BB7E
2026-03-30 01:12:55 - msg_id_0002 ==> 7E00020000660000000002D40AB87E
2026-03-30 01:12:59 - msg_id_0002 ==> 7E00020000660000000002D40BB97E
2026-03-30 01:13:02 - msg_id_0002 ==> 7E00020000660000000002D40CBE7E
2026-03-30 01:13:05 - msg_id_0002 ==> 7E00020000660000000002D40DBF7E
2026-03-30 01:13:08 - msg_id_0002 ==> 7E00020000660000000002D40EBC7E
2026-03-30 01:13:11 - msg_id_0002 ==> 7E00020000660000000002D40FBD7E
2026-03-30 01:13:14 - msg_id_0002 ==> 7E00020000660000000002D410A27E
2026-03-30 01:13:17 - msg_id_0002 ==> 7E00020000660000000002D412A07E
2026-03-30 01:13:20 - msg_id_0002 ==> 7E00020000660000000002D413A17E
2026-03-30 01:13:23 - msg_id_0002 ==> 7E00020000660000000002D414A67E
2026-03-30 01:13:26 - msg_id_0002 ==> 7E00020000660000000002D415A77E
2026-03-30 01:13:30 - msg_id_0002 ==> 7E00020000660000000002D416A47E
2026-03-30 01:13:33 - msg_id_0002 ==> 7E00020000660000000002D417A57E
2026-03-30 01:13:36 - msg_id_0002 ==> 7E00020000660000000002D418AA7E
2026-03-30 01:13:39 - msg_id_0002 ==> 7E00020000660000000002D419AB7E
2026-03-30 01:13:42 - msg_id_0002 ==> 7E00020000660000000002D41AA87E
2026-03-30 01:13:45 - msg_id_0002 ==> 7E00020000660000000002D41BA97E
2026-03-30 01:13:48 - msg_id_0002 ==> 7E00020000660000000002D41DAF7E
2026-03-30 01:13:51 - msg_id_0002 ==> 7E00020000660000000002D41EAC7E
2026-03-30 01:13:54 - msg_id_0002 ==> 7E00020000660000000002D41FAD7E
2026-03-30 01:13:57 - msg_id_0002 ==> 7E00020000660000000002D420927E
2026-03-30 01:14:01 - msg_id_0002 ==> 7E00020000660000000002D421937E
2026-03-30 01:14:04 - msg_id_0002 ==> 7E00020000660000000002D422907E
2026-03-30 01:14:07 - msg_id_0002 ==> 7E00020000660000000002D423917E
2026-03-30 01:14:10 - msg_id_0002 ==> 7E00020000660000000002D424967E
2026-03-30 01:14:13 - msg_id_0002 ==> 7E00020000660000000002D425977E
2026-03-30 01:14:16 - msg_id_0002 ==> 7E00020000660000000002D426947E
2026-03-30 01:14:19 - msg_id_0002 ==> 7E00020000660000000002D4289A7E
2026-03-30 01:14:22 - msg_id_0002 ==> 7E00020000660000000002D4299B7E
2026-03-30 01:14:25 - msg_id_0002 ==> 7E00020000660000000002D42A987E
2026-03-30 01:14:28 - msg_id_0002 ==> 7E00020000660000000002D42B997E
2026-03-30 01:14:32 - msg_id_0002 ==> 7E00020000660000000002D42C9E7E
2026-03-30 01:14:35 - msg_id_0002 ==> 7E00020000660000000002D42D9F7E
2026-03-30 01:14:38 - msg_id_0002 ==> 7E00020000660000000002D42E9C7E
2026-03-30 01:14:41 - msg_id_0002 ==> 7E00020000660000000002D42F9D7E
2026-03-30 01:14:44 - msg_id_0002 ==> 7E00020000660000000002D430827E
2026-03-30 01:14:47 - msg_id_0002 ==> 7E00020000660000000002D431837E
2026-03-30 01:14:50 - msg_id_0002 ==> 7E00020000660000000002D433817E
2026-03-30 01:14:53 - msg_id_0002 ==> 7E00020000660000000002D434867E
2026-03-30 01:14:56 - msg_id_0002 ==> 7E00020000660000000002D435877E
2026-03-30 01:14:59 - msg_id_0002 ==> 7E00020000660000000002D436847E
2026-03-30 01:15:03 - msg_id_0002 ==> 7E00020000660000000002D437857E
2026-03-30 01:15:06 - msg_id_0002 ==> 7E00020000660000000002D4388A7E
2026-03-30 01:15:09 - msg_id_0002 ==> 7E00020000660000000002D4398B7E
2026-03-30 01:15:12 - msg_id_0002 ==> 7E00020000660000000002D43A887E
2026-03-30 01:15:15 - msg_id_0002 ==> 7E00020000660000000002D43B897E
2026-03-30 01:15:18 - msg_id_0002 ==> 7E00020000660000000002D43C8E7E
2026-03-30 01:15:21 - msg_id_0002 ==> 7E00020000660000000002D43E8C7E
2026-03-30 01:15:24 - msg_id_0002 ==> 7E00020000660000000002D43F8D7E
2026-03-30 01:15:27 - msg_id_0002 ==> 7E00020000660000000002D440F27E
2026-03-30 01:15:31 - msg_id_0002 ==> 7E00020000660000000002D441F37E
2026-03-30 01:15:34 - msg_id_0002 ==> 7E00020000660000000002D442F07E
2026-03-30 01:15:37 - msg_id_0002 ==> 7E00020000660000000002D443F17E
2026-03-30 01:15:40 - msg_id_0002 ==> 7E00020000660000000002D444F67E
2026-03-30 01:15:43 - msg_id_0002 ==> 7E00020000660000000002D445F77E
2026-03-30 01:15:46 - msg_id_0002 ==> 7E00020000660000000002D446F47E
2026-03-30 01:15:49 - msg_id_0002 ==> 7E00020000660000000002D447F57E
2026-03-30 01:15:52 - msg_id_0002 ==> 7E00020000660000000002D449FB7E
2026-03-30 01:15:55 - msg_id_0002 ==> 7E00020000660000000002D44AF87E
2026-03-30 01:15:58 - msg_id_0002 ==> 7E00020000660000000002D44BF97E
2026-03-30 01:16:02 - msg_id_0002 ==> 7E00020000660000000002D44CFE7E
2026-03-30 01:16:05 - msg_id_0002 ==> 7E00020000660000000002D44DFF7E
2026-03-30 01:16:08 - msg_id_0002 ==> 7E00020000660000000002D44EFC7E
2026-03-30 01:16:11 - msg_id_0002 ==> 7E00020000660000000002D44FFD7E
2026-03-30 01:16:14 - msg_id_0002 ==> 7E00020000660000000002D450E27E
2026-03-30 01:16:17 - msg_id_0002 ==> 7E00020000660000000002D451E37E
2026-03-30 01:16:20 - msg_id_0002 ==> 7E00020000660000000002D452E07E
2026-03-30 01:16:23 - msg_id_0002 ==> 7E00020000660000000002D454E67E
2026-03-30 01:16:26 - msg_id_0002 ==> 7E00020000660000000002D455E77E
2026-03-30 01:16:29 - msg_id_0002 ==> 7E00020000660000000002D456E47E
2026-03-30 01:16:33 - msg_id_0002 ==> 7E00020000660000000002D457E57E
2026-03-30 01:16:36 - msg_id_0002 ==> 7E00020000660000000002D458EA7E
2026-03-30 01:16:39 - msg_id_0002 ==> 7E00020000660000000002D459EB7E
2026-03-30 01:16:42 - msg_id_0002 ==> 7E00020000660000000002D45AE87E
2026-03-30 01:16:45 - msg_id_0002 ==> 7E00020000660000000002D45BE97E
2026-03-30 01:16:48 - msg_id_0002 ==> 7E00020000660000000002D45CEE7E
2026-03-30 01:16:51 - msg_id_0002 ==> 7E00020000660000000002D45DEF7E
2026-03-30 01:16:54 - msg_id_0002 ==> 7E00020000660000000002D45FED7E
2026-03-30 01:16:57 - msg_id_0002 ==> 7E00020000660000000002D460D27E
2026-03-30 01:17:00 - msg_id_0002 ==> 7E00020000660000000002D461D37E
2026-03-30 01:17:04 - msg_id_0002 ==> 7E00020000660000000002D462D07E
2026-03-30 01:17:07 - msg_id_0002 ==> 7E00020000660000000002D463D17E
2026-03-30 01:17:10 - msg_id_0002 ==> 7E00020000660000000002D464D67E
2026-03-30 01:17:13 - msg_id_0002 ==> 7E00020000660000000002D465D77E
2026-03-30 01:17:16 - msg_id_0002 ==> 7E00020000660000000002D466D47E
2026-03-30 01:17:19 - msg_id_0002 ==> 7E00020000660000000002D467D57E
2026-03-30 01:17:22 - msg_id_0002 ==> 7E00020000660000000002D468DA7E
2026-03-30 01:17:25 - msg_id_0002 ==> 7E00020000660000000002D46AD87E
2026-03-30 01:17:28 - msg_id_0002 ==> 7E00020000660000000002D46BD97E
2026-03-30 01:17:31 - msg_id_0002 ==> 7E00020000660000000002D46CDE7E
2026-03-30 01:17:35 - msg_id_0002 ==> 7E00020000660000000002D46DDF7E
2026-03-30 01:17:38 - msg_id_0002 ==> 7E00020000660000000002D46EDC7E
2026-03-30 01:17:41 - msg_id_0002 ==> 7E00020000660000000002D46FDD7E
2026-03-30 01:17:44 - msg_id_0002 ==> 7E00020000660000000002D470C27E
2026-03-30 01:17:47 - msg_id_0002 ==> 7E00020000660000000002D471C37E
2026-03-30 01:17:50 - msg_id_0002 ==> 7E00020000660000000002D472C07E
2026-03-30 01:17:53 - msg_id_0002 ==> 7E00020000660000000002D473C17E
2026-03-30 01:17:56 - msg_id_0002 ==> 7E00020000660000000002D475C77E
2026-03-30 01:17:59 - msg_id_0002 ==> 7E00020000660000000002D476C47E
2026-03-30 01:18:02 - msg_id_0002 ==> 7E00020000660000000002D477C57E
2026-03-30 01:18:06 - msg_id_0002 ==> 7E00020000660000000002D478CA7E
2026-03-30 01:18:09 - msg_id_0002 ==> 7E00020000660000000002D479CB7E
2026-03-30 01:18:12 - msg_id_0002 ==> 7E00020000660000000002D47AC87E
2026-03-30 01:18:15 - msg_id_0002 ==> 7E00020000660000000002D47BC97E
2026-03-30 01:18:18 - msg_id_0002 ==> 7E00020000660000000002D47CCE7E
2026-03-30 01:18:21 - msg_id_0002 ==> 7E00020000660000000002D47D01CF7E
2026-03-30 01:18:24 - msg_id_0002 ==> 7E00020000660000000002D47D02CC7E
2026-03-30 01:18:32 - msg_id_0002 ==> 7E00020000660000000002D483317E
2026-03-30 01:18:35 - msg_id_0002 ==> 7E00020000660000000002D484367E
2026-03-30 01:18:38 - msg_id_0002 ==> 7E00020000660000000002D485377E
2026-03-30 01:18:41 - msg_id_0002 ==> 7E00020000660000000002D486347E
2026-03-30 01:18:44 - msg_id_0002 ==> 7E00020000660000000002D487357E
2026-03-30 01:18:47 - msg_id_0002 ==> 7E00020000660000000002D4883A7E
2026-03-30 01:18:50 - msg_id_0002 ==> 7E00020000660000000002D4893B7E
2026-03-30 01:18:53 - msg_id_0002 ==> 7E00020000660000000002D48A387E
2026-03-30 01:18:56 - msg_id_0002 ==> 7E00020000660000000002D48B397E
2026-03-30 01:19:00 - msg_id_0002 ==> 7E00020000660000000002D48C3E7E
2026-03-30 01:19:03 - msg_id_0002 ==> 7E00020000660000000002D48E3C7E
2026-03-30 01:19:06 - msg_id_0002 ==> 7E00020000660000000002D48F3D7E
2026-03-30 01:19:09 - msg_id_0002 ==> 7E00020000660000000002D490227E
2026-03-30 01:19:12 - msg_id_0002 ==> 7E00020000660000000002D491237E
2026-03-30 01:19:15 - msg_id_0002 ==> 7E00020000660000000002D492207E
2026-03-30 01:19:18 - msg_id_0002 ==> 7E00020000660000000002D493217E
2026-03-30 01:19:21 - msg_id_0002 ==> 7E00020000660000000002D494267E
2026-03-30 01:19:24 - msg_id_0002 ==> 7E00020000660000000002D495277E
2026-03-30 01:19:27 - msg_id_0002 ==> 7E00020000660000000002D496247E
2026-03-30 01:19:30 - msg_id_0002 ==> 7E00020000660000000002D497257E
2026-03-30 01:19:34 - msg_id_0002 ==> 7E00020000660000000002D4992B7E
2026-03-30 01:19:37 - msg_id_0002 ==> 7E00020000660000000002D49A287E
2026-03-30 01:19:40 - msg_id_0002 ==> 7E00020000660000000002D49B297E
2026-03-30 01:19:43 - msg_id_0002 ==> 7E00020000660000000002D49C2E7E
2026-03-30 01:19:46 - msg_id_0002 ==> 7E00020000660000000002D49D2F7E
2026-03-30 01:19:49 - msg_id_0002 ==> 7E00020000660000000002D49E2C7E
2026-03-30 01:19:52 - msg_id_0002 ==> 7E00020000660000000002D49F2D7E
2026-03-30 01:19:55 - msg_id_0002 ==> 7E00020000660000000002D4A0127E
2026-03-30 01:19:58 - msg_id_0002 ==> 7E00020000660000000002D4A1137E
2026-03-30 01:20:02 - msg_id_0002 ==> 7E00020000660000000002D4A2107E
2026-03-30 01:20:05 - msg_id_0002 ==> 7E00020000660000000002D4A4167E
2026-03-30 01:20:08 - msg_id_0002 ==> 7E00020000660000000002D4A5177E
2026-03-30 01:20:11 - msg_id_0002 ==> 7E00020000660000000002D4A6147E
2026-03-30 01:20:14 - msg_id_0002 ==> 7E00020000660000000002D4A7157E
2026-03-30 01:20:17 - msg_id_0002 ==> 7E00020000660000000002D4A81A7E
2026-03-30 01:20:20 - msg_id_0002 ==> 7E00020000660000000002D4A91B7E
2026-03-30 01:20:23 - msg_id_0002 ==> 7E00020000660000000002D4AA187E
2026-03-30 01:20:26 - msg_id_0002 ==> 7E00020000660000000002D4AB197E
2026-03-30 01:20:29 - msg_id_0002 ==> 7E00020000660000000002D4AC1E7E
2026-03-30 01:20:33 - msg_id_0002 ==> 7E00020000660000000002D4AD1F7E
2026-03-30 01:20:36 - msg_id_0002 ==> 7E00020000660000000002D4AF1D7E
2026-03-30 01:20:39 - msg_id_0002 ==> 7E00020000660000000002D4B0027E
2026-03-30 01:20:42 - msg_id_0002 ==> 7E00020000660000000002D4B1037E
2026-03-30 01:20:45 - msg_id_0002 ==> 7E00020000660000000002D4B2007E
2026-03-30 01:20:48 - msg_id_0002 ==> 7E00020000660000000002D4B3017E
2026-03-30 01:20:51 - msg_id_0002 ==> 7E00020000660000000002D4B4067E
2026-03-30 01:20:54 - msg_id_0002 ==> 7E00020000660000000002D4B5077E
2026-03-30 01:20:57 - msg_id_0002 ==> 7E00020000660000000002D4B6047E
2026-03-30 01:21:00 - msg_id_0002 ==> 7E00020000660000000002D4B7057E
2026-03-30 01:21:04 - msg_id_0002 ==> 7E00020000660000000002D4B80A7E
2026-03-30 01:21:07 - msg_id_0002 ==> 7E00020000660000000002D4BA087E
2026-03-30 01:21:10 - msg_id_0002 ==> 7E00020000660000000002D4BB097E
2026-03-30 01:21:13 - msg_id_0002 ==> 7E00020000660000000002D4BC0E7E
2026-03-30 01:21:16 - msg_id_0002 ==> 7E00020000660000000002D4BD0F7E
2026-03-30 01:21:19 - msg_id_0002 ==> 7E00020000660000000002D4BE0C7E
2026-03-30 01:21:22 - msg_id_0002 ==> 7E00020000660000000002D4BF0D7E
2026-03-30 01:21:25 - msg_id_0002 ==> 7E00020000660000000002D4C0727E
2026-03-30 01:21:28 - msg_id_0002 ==> 7E00020000660000000002D4C1737E
2026-03-30 01:21:31 - msg_id_0002 ==> 7E00020000660000000002D4C2707E
2026-03-30 01:21:35 - msg_id_0002 ==> 7E00020000660000000002D4C3717E
2026-03-30 01:21:38 - msg_id_0002 ==> 7E00020000660000000002D4C5777E
2026-03-30 01:21:41 - msg_id_0002 ==> 7E00020000660000000002D4C6747E
2026-03-30 01:21:44 - msg_id_0002 ==> 7E00020000660000000002D4C7757E
2026-03-30 01:21:47 - msg_id_0002 ==> 7E00020000660000000002D4C87A7E
2026-03-30 01:21:50 - msg_id_0002 ==> 7E00020000660000000002D4C97B7E
2026-03-30 01:21:53 - msg_id_0002 ==> 7E00020000660000000002D4CA787E
2026-03-30 01:21:56 - msg_id_0002 ==> 7E00020000660000000002D4CB797E
2026-03-30 01:21:59 - msg_id_0002 ==> 7E00020000660000000002D4CC7D027E
2026-03-30 01:22:02 - msg_id_0002 ==> 7E00020000660000000002D4CD7F7E
2026-03-30 01:22:06 - msg_id_0002 ==> 7E00020000660000000002D4CE7C7E
2026-03-30 01:22:09 - msg_id_0002 ==> 7E00020000660000000002D4D0627E
2026-03-30 01:22:12 - msg_id_0002 ==> 7E00020000660000000002D4D1637E
2026-03-30 01:22:15 - msg_id_0002 ==> 7E00020000660000000002D4D2607E
2026-03-30 01:22:18 - msg_id_0002 ==> 7E00020000660000000002D4D3617E
2026-03-30 01:22:21 - msg_id_0002 ==> 7E00020000660000000002D4D4667E
2026-03-30 01:22:24 - msg_id_0002 ==> 7E00020000660000000002D4D5677E
2026-03-30 01:22:27 - msg_id_0002 ==> 7E00020000660000000002D4D6647E
2026-03-30 01:22:30 - msg_id_0002 ==> 7E00020000660000000002D4D7657E
2026-03-30 01:22:33 - msg_id_0002 ==> 7E00020000660000000002D4D86A7E
2026-03-30 01:22:37 - msg_id_0002 ==> 7E00020000660000000002D4D96B7E
2026-03-30 01:22:40 - msg_id_0002 ==> 7E00020000660000000002D4DB697E
2026-03-30 01:22:43 - msg_id_0002 ==> 7E00020000660000000002D4DC6E7E
2026-03-30 01:22:46 - msg_id_0002 ==> 7E00020000660000000002D4DD6F7E
2026-03-30 01:22:49 - msg_id_0002 ==> 7E00020000660000000002D4DE6C7E
2026-03-30 01:22:52 - msg_id_0002 ==> 7E00020000660000000002D4DF6D7E
2026-03-30 01:22:55 - msg_id_0002 ==> 7E00020000660000000002D4E0527E
2026-03-30 01:22:58 - msg_id_0002 ==> 7E00020000660000000002D4E1537E
2026-03-30 01:23:01 - msg_id_0002 ==> 7E00020000660000000002D4E2507E
2026-03-30 01:23:04 - msg_id_0002 ==> 7E00020000660000000002D4E3517E
2026-03-30 01:23:08 - msg_id_0002 ==> 7E00020000660000000002D4E4567E
2026-03-30 01:23:11 - msg_id_0002 ==> 7E00020000660000000002D4E6547E
2026-03-30 01:23:14 - msg_id_0002 ==> 7E00020000660000000002D4E7557E
2026-03-30 01:23:17 - msg_id_0002 ==> 7E00020000660000000002D4E85A7E
2026-03-30 01:23:20 - msg_id_0002 ==> 7E00020000660000000002D4E95B7E
2026-03-30 01:23:23 - msg_id_0002 ==> 7E00020000660000000002D4EA587E
2026-03-30 01:23:26 - msg_id_0002 ==> 7E00020000660000000002D4EB597E
2026-03-30 01:23:29 - msg_id_0002 ==> 7E00020000660000000002D4EC5E7E
2026-03-30 01:23:32 - msg_id_0002 ==> 7E00020000660000000002D4ED5F7E
2026-03-30 01:23:35 - msg_id_0002 ==> 7E00020000660000000002D4EE5C7E
2026-03-30 01:23:39 - msg_id_0002 ==> 7E00020000660000000002D4EF5D7E
2026-03-30 01:23:42 - msg_id_0002 ==> 7E00020000660000000002D4F1437E
2026-03-30 01:23:45 - msg_id_0002 ==> 7E00020000660000000002D4F2407E
2026-03-30 01:23:48 - msg_id_0002 ==> 7E00020000660000000002D4F3417E
2026-03-30 01:23:51 - msg_id_0002 ==> 7E00020000660000000002D4F4467E
2026-03-30 01:23:54 - msg_id_0002 ==> 7E00020000660000000002D4F5477E
2026-03-30 01:23:57 - msg_id_0002 ==> 7E00020000660000000002D4F6447E
2026-03-30 01:24:00 - msg_id_0002 ==> 7E00020000660000000002D4F7457E
2026-03-30 01:24:03 - msg_id_0002 ==> 7E00020000660000000002D4F84A7E
2026-03-30 01:24:06 - msg_id_0002 ==> 7E00020000660000000002D4F94B7E
2026-03-30 01:24:10 - msg_id_0002 ==> 7E00020000660000000002D4FA487E
2026-03-30 01:24:13 - msg_id_0002 ==> 7E00020000660000000002D4FC4E7E
2026-03-30 01:24:16 - msg_id_0002 ==> 7E00020000660000000002D4FD4F7E
2026-03-30 01:24:19 - msg_id_0002 ==> 7E00020000660000000002D4FE4C7E
2026-03-30 01:24:22 - msg_id_0002 ==> 7E00020000660000000002D4FF4D7E
2026-03-30 01:24:25 - msg_id_0002 ==> 7E00020000660000000002D500B37E
2026-03-30 01:24:28 - msg_id_0002 ==> 7E00020000660000000002D501B27E
2026-03-30 01:24:31 - msg_id_0002 ==> 7E00020000660000000002D502B17E
2026-03-30 01:24:34 - msg_id_0002 ==> 7E00020000660000000002D503B07E
2026-03-30 01:24:37 - msg_id_0002 ==> 7E00020000660000000002D504B77E
2026-03-30 01:24:41 - msg_id_0002 ==> 7E00020000660000000002D505B67E
2026-03-30 01:24:44 - msg_id_0002 ==> 7E00020000660000000002D507B47E
2026-03-30 01:24:47 - msg_id_0002 ==> 7E00020000660000000002D508BB7E
2026-03-30 01:24:50 - msg_id_0002 ==> 7E00020000660000000002D509BA7E
2026-03-30 01:24:53 - msg_id_0002 ==> 7E00020000660000000002D50AB97E
2026-03-30 01:24:56 - msg_id_0002 ==> 7E00020000660000000002D50BB87E
2026-03-30 01:24:59 - msg_id_0002 ==> 7E00020000660000000002D50CBF7E
2026-03-30 01:25:02 - msg_id_0002 ==> 7E00020000660000000002D50DBE7E
2026-03-30 01:25:05 - msg_id_0002 ==> 7E00020000660000000002D50EBD7E
2026-03-30 01:25:08 - msg_id_0002 ==> 7E00020000660000000002D50FBC7E
2026-03-30 01:25:12 - msg_id_0002 ==> 7E00020000660000000002D510A37E
2026-03-30 01:25:15 - msg_id_0002 ==> 7E00020000660000000002D512A17E
2026-03-30 01:25:18 - msg_id_0002 ==> 7E00020000660000000002D513A07E
2026-03-30 01:25:21 - msg_id_0002 ==> 7E00020000660000000002D514A77E
2026-03-30 01:25:24 - msg_id_0002 ==> 7E00020000660000000002D515A67E
2026-03-30 01:25:27 - msg_id_0002 ==> 7E00020000660000000002D516A57E
2026-03-30 01:25:30 - msg_id_0002 ==> 7E00020000660000000002D517A47E
2026-03-30 01:25:33 - msg_id_0002 ==> 7E00020000660000000002D518AB7E
2026-03-30 01:25:36 - msg_id_0002 ==> 7E00020000660000000002D519AA7E
2026-03-30 01:25:39 - msg_id_0002 ==> 7E00020000660000000002D51AA97E
2026-03-30 01:25:43 - msg_id_0002 ==> 7E00020000660000000002D51BA87E
2026-03-30 01:25:46 - msg_id_0002 ==> 7E00020000660000000002D51DAE7E
2026-03-30 01:25:49 - msg_id_0002 ==> 7E00020000660000000002D51EAD7E
2026-03-30 01:25:52 - msg_id_0002 ==> 7E00020000660000000002D51FAC7E
2026-03-30 01:25:55 - msg_id_0002 ==> 7E00020000660000000002D520937E
2026-03-30 01:25:58 - msg_id_0002 ==> 7E00020000660000000002D521927E
2026-03-30 01:26:01 - msg_id_0002 ==> 7E00020000660000000002D522917E
2026-03-30 01:26:04 - msg_id_0002 ==> 7E00020000660000000002D523907E
2026-03-30 01:26:07 - msg_id_0002 ==> 7E00020000660000000002D524977E
2026-03-30 01:26:10 - msg_id_0002 ==> 7E00020000660000000002D525967E
2026-03-30 01:26:14 - msg_id_0002 ==> 7E00020000660000000002D526957E
2026-03-30 01:26:17 - msg_id_0002 ==> 7E00020000660000000002D5289B7E
2026-03-30 01:26:20 - msg_id_0002 ==> 7E00020000660000000002D5299A7E
2026-03-30 01:26:23 - msg_id_0002 ==> 7E00020000660000000002D52A997E
2026-03-30 01:26:26 - msg_id_0002 ==> 7E00020000660000000002D52B987E
2026-03-30 01:26:29 - msg_id_0002 ==> 7E00020000660000000002D52C9F7E
2026-03-30 01:26:32 - msg_id_0002 ==> 7E00020000660000000002D52D9E7E
2026-03-30 01:26:35 - msg_id_0002 ==> 7E00020000660000000002D52E9D7E
2026-03-30 01:26:38 - msg_id_0002 ==> 7E00020000660000000002D52F9C7E
2026-03-30 01:26:41 - msg_id_0002 ==> 7E00020000660000000002D530837E
2026-03-30 01:26:45 - msg_id_0002 ==> 7E00020000660000000002D531827E
2026-03-30 01:26:48 - msg_id_0002 ==> 7E00020000660000000002D533807E
2026-03-30 01:26:51 - msg_id_0002 ==> 7E00020000660000000002D534877E
2026-03-30 01:26:54 - msg_id_0002 ==> 7E00020000660000000002D535867E
2026-03-30 01:26:57 - msg_id_0002 ==> 7E00020000660000000002D536857E
2026-03-30 01:27:00 - msg_id_0002 ==> 7E00020000660000000002D537847E
2026-03-30 01:27:03 - msg_id_0002 ==> 7E00020000660000000002D5388B7E
2026-03-30 01:27:06 - msg_id_0002 ==> 7E00020000660000000002D5398A7E
2026-03-30 01:27:09 - msg_id_0002 ==> 7E00020000660000000002D53A897E
2026-03-30 01:27:12 - msg_id_0002 ==> 7E00020000660000000002D53B887E
2026-03-30 01:27:16 - msg_id_0002 ==> 7E00020000660000000002D53C8F7E
2026-03-30 01:27:19 - msg_id_0002 ==> 7E00020000660000000002D53E8D7E
2026-03-30 01:27:22 - msg_id_0002 ==> 7E00020000660000000002D53F8C7E
2026-03-30 01:27:25 - msg_id_0002 ==> 7E00020000660000000002D540F37E
2026-03-30 01:27:28 - msg_id_0002 ==> 7E00020000660000000002D541F27E
2026-03-30 01:27:31 - msg_id_0002 ==> 7E00020000660000000002D542F17E
2026-03-30 01:27:34 - msg_id_0002 ==> 7E00020000660000000002D543F07E
2026-03-30 01:27:37 - msg_id_0002 ==> 7E00020000660000000002D544F77E
2026-03-30 01:27:40 - msg_id_0002 ==> 7E00020000660000000002D545F67E
2026-03-30 01:27:43 - msg_id_0002 ==> 7E00020000660000000002D546F57E
2026-03-30 01:27:47 - msg_id_0002 ==> 7E00020000660000000002D547F47E
2026-03-30 01:27:50 - msg_id_0002 ==> 7E00020000660000000002D549FA7E
2026-03-30 01:27:53 - msg_id_0002 ==> 7E00020000660000000002D54AF97E
2026-03-30 01:27:56 - msg_id_0002 ==> 7E00020000660000000002D54BF87E
2026-03-30 01:27:59 - msg_id_0002 ==> 7E00020000660000000002D54CFF7E
2026-03-30 01:28:02 - msg_id_0002 ==> 7E00020000660000000002D54DFE7E
2026-03-30 01:28:05 - msg_id_0002 ==> 7E00020000660000000002D54EFD7E
2026-03-30 01:28:08 - msg_id_0002 ==> 7E00020000660000000002D54FFC7E
2026-03-30 01:28:11 - msg_id_0002 ==> 7E00020000660000000002D550E37E
2026-03-30 01:28:15 - msg_id_0002 ==> 7E00020000660000000002D551E27E
2026-03-30 01:28:18 - msg_id_0002 ==> 7E00020000660000000002D552E17E
2026-03-30 01:28:21 - msg_id_0002 ==> 7E00020000660000000002D554E77E
2026-03-30 01:28:24 - msg_id_0002 ==> 7E00020000660000000002D555E67E
2026-03-30 01:28:27 - msg_id_0002 ==> 7E00020000660000000002D556E57E
2026-03-30 01:28:30 - msg_id_0002 ==> 7E00020000660000000002D557E47E
2026-03-30 01:28:33 - msg_id_0002 ==> 7E00020000660000000002D558EB7E
2026-03-30 01:28:36 - msg_id_0002 ==> 7E00020000660000000002D559EA7E
2026-03-30 01:28:39 - msg_id_0002 ==> 7E00020000660000000002D55AE97E
2026-03-30 01:28:42 - msg_id_0002 ==> 7E00020000660000000002D55BE87E
2026-03-30 01:28:45 - msg_id_0002 ==> 7E00020000660000000002D55CEF7E
2026-03-30 01:28:49 - msg_id_0002 ==> 7E00020000660000000002D55DEE7E
2026-03-30 01:28:52 - msg_id_0002 ==> 7E00020000660000000002D55FEC7E
2026-03-30 01:28:55 - msg_id_0002 ==> 7E00020000660000000002D560D37E
2026-03-30 01:28:58 - msg_id_0002 ==> 7E00020000660000000002D561D27E
2026-03-30 01:29:01 - msg_id_0002 ==> 7E00020000660000000002D562D17E
2026-03-30 01:29:04 - msg_id_0002 ==> 7E00020000660000000002D563D07E
2026-03-30 01:29:07 - msg_id_0002 ==> 7E00020000660000000002D564D77E
2026-03-30 01:29:10 - msg_id_0002 ==> 7E00020000660000000002D565D67E
2026-03-30 01:29:13 - msg_id_0002 ==> 7E00020000660000000002D566D57E
2026-03-30 01:29:16 - msg_id_0002 ==> 7E00020000660000000002D567D47E
2026-03-30 01:29:20 - msg_id_0002 ==> 7E00020000660000000002D568DB7E
2026-03-30 01:29:23 - msg_id_0002 ==> 7E00020000660000000002D56AD97E
2026-03-30 01:29:26 - msg_id_0002 ==> 7E00020000660000000002D56BD87E
2026-03-30 01:29:29 - msg_id_0002 ==> 7E00020000660000000002D56CDF7E
2026-03-30 01:29:32 - msg_id_0002 ==> 7E00020000660000000002D56DDE7E
2026-03-30 01:29:35 - msg_id_0002 ==> 7E00020000660000000002D56EDD7E
2026-03-30 01:29:38 - msg_id_0002 ==> 7E00020000660000000002D56FDC7E
2026-03-30 01:29:41 - msg_id_0002 ==> 7E00020000660000000002D570C37E
2026-03-30 01:29:44 - msg_id_0002 ==> 7E00020000660000000002D571C27E
2026-03-30 01:29:48 - msg_id_0002 ==> 7E00020000660000000002D572C17E
2026-03-30 01:29:51 - msg_id_0002 ==> 7E00020000660000000002D573C07E
2026-03-30 01:29:54 - msg_id_0002 ==> 7E00020000660000000002D575C67E
2026-03-30 01:29:57 - msg_id_0002 ==> 7E00020000660000000002D576C57E
2026-03-30 01:30:00 - msg_id_0002 ==> 7E00020000660000000002D577C47E
2026-03-30 01:30:03 - msg_id_0002 ==> 7E00020000660000000002D578CB7E
2026-03-30 01:30:06 - msg_id_0002 ==> 7E00020000660000000002D579CA7E
2026-03-30 01:30:09 - msg_id_0002 ==> 7E00020000660000000002D57AC97E
2026-03-30 01:30:12 - msg_id_0002 ==> 7E00020000660000000002D57BC87E
2026-03-30 01:30:15 - msg_id_0002 ==> 7E00020000660000000002D57CCF7E
2026-03-30 01:30:19 - msg_id_0002 ==> 7E00020000660000000002D57D01CE7E
2026-03-30 01:30:22 - msg_id_0002 ==> 7E00020000660000000002D57D02CD7E
2026-03-30 01:30:29 - msg_id_0002 ==> 7E00020000660000000002D583307E
2026-03-30 01:30:32 - msg_id_0002 ==> 7E00020000660000000002D584377E
2026-03-30 01:30:35 - msg_id_0002 ==> 7E00020000660000000002D585367E
2026-03-30 01:30:38 - msg_id_0002 ==> 7E00020000660000000002D586357E
2026-03-30 01:30:42 - msg_id_0002 ==> 7E00020000660000000002D587347E
2026-03-30 01:30:45 - msg_id_0002 ==> 7E00020000660000000002D5883B7E
2026-03-30 01:30:48 - msg_id_0002 ==> 7E00020000660000000002D5893A7E
2026-03-30 01:30:51 - msg_id_0002 ==> 7E00020000660000000002D58A397E
2026-03-30 01:30:54 - msg_id_0002 ==> 7E00020000660000000002D58B387E
2026-03-30 01:30:57 - msg_id_0002 ==> 7E00020000660000000002D58C3F7E
2026-03-30 01:31:00 - msg_id_0002 ==> 7E00020000660000000002D58E3D7E
2026-03-30 01:31:03 - msg_id_0002 ==> 7E00020000660000000002D58F3C7E
2026-03-30 01:31:06 - msg_id_0002 ==> 7E00020000660000000002D590237E
2026-03-30 01:31:09 - msg_id_0002 ==> 7E00020000660000000002D591227E
2026-03-30 01:31:13 - msg_id_0002 ==> 7E00020000660000000002D592217E
2026-03-30 01:31:16 - msg_id_0002 ==> 7E00020000660000000002D593207E
2026-03-30 01:31:19 - msg_id_0002 ==> 7E00020000660000000002D594277E
2026-03-30 01:31:22 - msg_id_0002 ==> 7E00020000660000000002D595267E
2026-03-30 01:31:25 - msg_id_0002 ==> 7E00020000660000000002D596257E
2026-03-30 01:31:28 - msg_id_0002 ==> 7E00020000660000000002D597247E
2026-03-30 01:31:31 - msg_id_0002 ==> 7E00020000660000000002D5992A7E
2026-03-30 01:31:34 - msg_id_0002 ==> 7E00020000660000000002D59A297E
2026-03-30 01:31:37 - msg_id_0002 ==> 7E00020000660000000002D59B287E
2026-03-30 01:31:40 - msg_id_0002 ==> 7E00020000660000000002D59C2F7E
2026-03-30 01:31:44 - msg_id_0002 ==> 7E00020000660000000002D59D2E7E
2026-03-30 01:31:47 - msg_id_0002 ==> 7E00020000660000000002D59E2D7E
2026-03-30 01:31:50 - msg_id_0002 ==> 7E00020000660000000002D59F2C7E
2026-03-30 01:31:53 - msg_id_0002 ==> 7E00020000660000000002D5A0137E
2026-03-30 01:31:56 - msg_id_0002 ==> 7E00020000660000000002D5A1127E
2026-03-30 01:31:59 - msg_id_0002 ==> 7E00020000660000000002D5A2117E
2026-03-30 01:32:02 - msg_id_0002 ==> 7E00020000660000000002D5A4177E
2026-03-30 01:32:05 - msg_id_0002 ==> 7E00020000660000000002D5A5167E
2026-03-30 01:32:08 - msg_id_0002 ==> 7E00020000660000000002D5A6157E
2026-03-30 01:32:11 - msg_id_0002 ==> 7E00020000660000000002D5A7147E
2026-03-30 01:32:15 - msg_id_0002 ==> 7E00020000660000000002D5A81B7E
2026-03-30 01:32:18 - msg_id_0002 ==> 7E00020000660000000002D5A91A7E
2026-03-30 01:32:21 - msg_id_0002 ==> 7E00020000660000000002D5AA197E
2026-03-30 01:32:24 - msg_id_0002 ==> 7E00020000660000000002D5AB187E
2026-03-30 01:32:27 - msg_id_0002 ==> 7E00020000660000000002D5AC1F7E
2026-03-30 01:32:30 - msg_id_0002 ==> 7E00020000660000000002D5AD1E7E
2026-03-30 01:32:33 - msg_id_0002 ==> 7E00020000660000000002D5AF1C7E
2026-03-30 01:32:36 - msg_id_0002 ==> 7E00020000660000000002D5B0037E
2026-03-30 01:32:39 - msg_id_0002 ==> 7E00020000660000000002D5B1027E
2026-03-30 01:32:42 - msg_id_0002 ==> 7E00020000660000000002D5B2017E
2026-03-30 01:32:46 - msg_id_0002 ==> 7E00020000660000000002D5B3007E
2026-03-30 01:32:49 - msg_id_0002 ==> 7E00020000660000000002D5B4077E
2026-03-30 01:32:52 - msg_id_0002 ==> 7E00020000660000000002D5B5067E
2026-03-30 01:32:55 - msg_id_0002 ==> 7E00020000660000000002D5B6057E
2026-03-30 01:32:58 - msg_id_0002 ==> 7E00020000660000000002D5B7047E
2026-03-30 01:33:01 - msg_id_0002 ==> 7E00020000660000000002D5B80B7E
2026-03-30 01:33:04 - msg_id_0002 ==> 7E00020000660000000002D5BA097E
2026-03-30 01:33:07 - msg_id_0002 ==> 7E00020000660000000002D5BB087E
2026-03-30 01:33:10 - msg_id_0002 ==> 7E00020000660000000002D5BC0F7E
2026-03-30 01:33:13 - msg_id_0002 ==> 7E00020000660000000002D5BD0E7E
2026-03-30 01:33:17 - msg_id_0002 ==> 7E00020000660000000002D5BE0D7E
2026-03-30 01:33:20 - msg_id_0002 ==> 7E00020000660000000002D5BF0C7E
2026-03-30 01:33:23 - msg_id_0002 ==> 7E00020000660000000002D5C0737E
2026-03-30 01:33:26 - msg_id_0002 ==> 7E00020000660000000002D5C1727E
2026-03-30 01:33:29 - msg_id_0002 ==> 7E00020000660000000002D5C2717E
2026-03-30 01:33:32 - msg_id_0002 ==> 7E00020000660000000002D5C3707E
2026-03-30 01:33:35 - msg_id_0002 ==> 7E00020000660000000002D5C5767E
2026-03-30 01:33:38 - msg_id_0002 ==> 7E00020000660000000002D5C6757E
2026-03-30 01:33:41 - msg_id_0002 ==> 7E00020000660000000002D5C7747E
2026-03-30 01:33:44 - msg_id_0002 ==> 7E00020000660000000002D5C87B7E
2026-03-30 01:33:48 - msg_id_0002 ==> 7E00020000660000000002D5C97A7E
2026-03-30 01:33:51 - msg_id_0002 ==> 7E00020000660000000002D5CA797E
2026-03-30 01:33:54 - msg_id_0002 ==> 7E00020000660000000002D5CB787E
2026-03-30 01:33:57 - msg_id_0002 ==> 7E00020000660000000002D5CC7F7E
2026-03-30 01:34:00 - msg_id_0002 ==> 7E00020000660000000002D5CD7D027E
2026-03-30 01:34:03 - msg_id_0002 ==> 7E00020000660000000002D5CE7D017E
2026-03-30 01:34:06 - msg_id_0002 ==> 7E00020000660000000002D5D0637E
2026-03-30 01:34:09 - msg_id_0002 ==> 7E00020000660000000002D5D1627E
2026-03-30 01:34:12 - msg_id_0002 ==> 7E00020000660000000002D5D2617E
2026-03-30 01:34:15 - msg_id_0002 ==> 7E00020000660000000002D5D3607E
2026-03-30 01:34:19 - msg_id_0002 ==> 7E00020000660000000002D5D4677E
2026-03-30 01:34:22 - msg_id_0002 ==> 7E00020000660000000002D5D5667E
2026-03-30 01:34:25 - msg_id_0002 ==> 7E00020000660000000002D5D6657E
2026-03-30 01:34:28 - msg_id_0002 ==> 7E00020000660000000002D5D7647E
2026-03-30 01:34:31 - msg_id_0002 ==> 7E00020000660000000002D5D86B7E
2026-03-30 01:34:34 - msg_id_0002 ==> 7E00020000660000000002D5D96A7E
2026-03-30 01:34:37 - msg_id_0002 ==> 7E00020000660000000002D5DB687E
2026-03-30 01:34:40 - msg_id_0002 ==> 7E00020000660000000002D5DC6F7E
2026-03-30 01:34:43 - msg_id_0002 ==> 7E00020000660000000002D5DD6E7E
2026-03-30 01:34:46 - msg_id_0002 ==> 7E00020000660000000002D5DE6D7E
2026-03-30 01:34:50 - msg_id_0002 ==> 7E00020000660000000002D5DF6C7E
2026-03-30 01:34:53 - msg_id_0002 ==> 7E00020000660000000002D5E0537E
2026-03-30 01:34:56 - msg_id_0002 ==> 7E00020000660000000002D5E1527E
2026-03-30 01:34:59 - msg_id_0002 ==> 7E00020000660000000002D5E2517E
2026-03-30 01:35:02 - msg_id_0002 ==> 7E00020000660000000002D5E3507E
2026-03-30 01:35:05 - msg_id_0002 ==> 7E00020000660000000002D5E4577E
2026-03-30 01:35:08 - msg_id_0002 ==> 7E00020000660000000002D5E6557E
2026-03-30 01:35:11 - msg_id_0002 ==> 7E00020000660000000002D5E7547E
2026-03-30 01:35:14 - msg_id_0002 ==> 7E00020000660000000002D5E85B7E
2026-03-30 01:35:17 - msg_id_0002 ==> 7E00020000660000000002D5E95A7E
2026-03-30 01:35:21 - msg_id_0002 ==> 7E00020000660000000002D5EA597E
2026-03-30 01:35:24 - msg_id_0002 ==> 7E00020000660000000002D5EB587E
2026-03-30 01:35:27 - msg_id_0002 ==> 7E00020000660000000002D5EC5F7E
2026-03-30 01:35:30 - msg_id_0002 ==> 7E00020000660000000002D5ED5E7E
2026-03-30 01:35:33 - msg_id_0002 ==> 7E00020000660000000002D5EE5D7E
2026-03-30 01:35:36 - msg_id_0002 ==> 7E00020000660000000002D5EF5C7E
2026-03-30 01:35:39 - msg_id_0002 ==> 7E00020000660000000002D5F1427E
2026-03-30 01:35:42 - msg_id_0002 ==> 7E00020000660000000002D5F2417E
2026-03-30 01:35:45 - msg_id_0002 ==> 7E00020000660000000002D5F3407E
2026-03-30 01:35:48 - msg_id_0002 ==> 7E00020000660000000002D5F4477E
2026-03-30 01:35:52 - msg_id_0002 ==> 7E00020000660000000002D5F5467E
2026-03-30 01:35:55 - msg_id_0002 ==> 7E00020000660000000002D5F6457E
2026-03-30 01:35:58 - msg_id_0002 ==> 7E00020000660000000002D5F7447E
2026-03-30 01:36:01 - msg_id_0002 ==> 7E00020000660000000002D5F84B7E
2026-03-30 01:36:04 - msg_id_0002 ==> 7E00020000660000000002D5F94A7E
2026-03-30 01:36:07 - msg_id_0002 ==> 7E00020000660000000002D5FA497E
2026-03-30 01:36:10 - msg_id_0002 ==> 7E00020000660000000002D5FC4F7E
2026-03-30 01:36:13 - msg_id_0002 ==> 7E00020000660000000002D5FD4E7E
2026-03-30 01:36:16 - msg_id_0002 ==> 7E00020000660000000002D5FE4D7E
2026-03-30 01:36:19 - msg_id_0002 ==> 7E00020000660000000002D5FF4C7E
2026-03-30 01:36:23 - msg_id_0002 ==> 7E00020000660000000002D600B07E
2026-03-30 01:36:26 - msg_id_0002 ==> 7E00020000660000000002D601B17E
2026-03-30 01:36:29 - msg_id_0002 ==> 7E00020000660000000002D602B27E
2026-03-30 01:36:32 - msg_id_0002 ==> 7E00020000660000000002D603B37E
2026-03-30 01:36:35 - msg_id_0002 ==> 7E00020000660000000002D604B47E
2026-03-30 01:36:38 - msg_id_0002 ==> 7E00020000660000000002D605B57E
2026-03-30 01:36:41 - msg_id_0002 ==> 7E00020000660000000002D607B77E
2026-03-30 01:36:44 - msg_id_0002 ==> 7E00020000660000000002D608B87E
2026-03-30 01:36:47 - msg_id_0002 ==> 7E00020000660000000002D609B97E
2026-03-30 01:36:50 - msg_id_0002 ==> 7E00020000660000000002D60ABA7E
2026-03-30 01:36:54 - msg_id_0002 ==> 7E00020000660000000002D60BBB7E
2026-03-30 01:36:57 - msg_id_0002 ==> 7E00020000660000000002D60CBC7E
2026-03-30 01:37:00 - msg_id_0002 ==> 7E00020000660000000002D60DBD7E
2026-03-30 01:37:03 - msg_id_0002 ==> 7E00020000660000000002D60EBE7E
2026-03-30 01:37:06 - msg_id_0002 ==> 7E00020000660000000002D60FBF7E
2026-03-30 01:37:09 - msg_id_0002 ==> 7E00020000660000000002D610A07E
2026-03-30 01:37:12 - msg_id_0002 ==> 7E00020000660000000002D612A27E
2026-03-30 01:37:15 - msg_id_0002 ==> 7E00020000660000000002D613A37E
2026-03-30 01:37:18 - msg_id_0002 ==> 7E00020000660000000002D614A47E
2026-03-30 01:37:21 - msg_id_0002 ==> 7E00020000660000000002D615A57E
2026-03-30 01:37:25 - msg_id_0002 ==> 7E00020000660000000002D616A67E
2026-03-30 01:37:28 - msg_id_0002 ==> 7E00020000660000000002D617A77E
2026-03-30 01:37:31 - msg_id_0002 ==> 7E00020000660000000002D618A87E
2026-03-30 01:37:34 - msg_id_0002 ==> 7E00020000660000000002D619A97E
2026-03-30 01:37:37 - msg_id_0002 ==> 7E00020000660000000002D61AAA7E
2026-03-30 01:37:40 - msg_id_0002 ==> 7E00020000660000000002D61BAB7E
2026-03-30 01:37:43 - msg_id_0002 ==> 7E00020000660000000002D61DAD7E
2026-03-30 01:37:46 - msg_id_0002 ==> 7E00020000660000000002D61EAE7E
2026-03-30 01:37:49 - msg_id_0002 ==> 7E00020000660000000002D61FAF7E
2026-03-30 01:37:52 - msg_id_0002 ==> 7E00020000660000000002D620907E
2026-03-30 01:37:56 - msg_id_0002 ==> 7E00020000660000000002D621917E
2026-03-30 01:37:59 - msg_id_0002 ==> 7E00020000660000000002D622927E
2026-03-30 01:38:02 - msg_id_0002 ==> 7E00020000660000000002D623937E
2026-03-30 01:38:05 - msg_id_0002 ==> 7E00020000660000000002D624947E
2026-03-30 01:38:08 - msg_id_0002 ==> 7E00020000660000000002D625957E
2026-03-30 01:38:11 - msg_id_0002 ==> 7E00020000660000000002D626967E
2026-03-30 01:38:14 - msg_id_0002 ==> 7E00020000660000000002D628987E
2026-03-30 01:38:17 - msg_id_0002 ==> 7E00020000660000000002D629997E
2026-03-30 01:38:20 - msg_id_0002 ==> 7E00020000660000000002D62A9A7E
2026-03-30 01:38:23 - msg_id_0002 ==> 7E00020000660000000002D62B9B7E
2026-03-30 01:38:27 - msg_id_0002 ==> 7E00020000660000000002D62C9C7E
2026-03-30 01:38:30 - msg_id_0002 ==> 7E00020000660000000002D62D9D7E
2026-03-30 01:38:33 - msg_id_0002 ==> 7E00020000660000000002D62E9E7E
2026-03-30 01:38:36 - msg_id_0002 ==> 7E00020000660000000002D62F9F7E
2026-03-30 01:38:39 - msg_id_0002 ==> 7E00020000660000000002D630807E
2026-03-30 01:38:42 - msg_id_0002 ==> 7E00020000660000000002D631817E
2026-03-30 01:38:45 - msg_id_0002 ==> 7E00020000660000000002D633837E
2026-03-30 01:38:48 - msg_id_0002 ==> 7E00020000660000000002D634847E
2026-03-30 01:38:51 - msg_id_0002 ==> 7E00020000660000000002D635857E
2026-03-30 01:38:54 - msg_id_0002 ==> 7E00020000660000000002D636867E
2026-03-30 01:38:58 - msg_id_0002 ==> 7E00020000660000000002D637877E
2026-03-30 01:39:01 - msg_id_0002 ==> 7E00020000660000000002D638887E
2026-03-30 01:39:04 - msg_id_0002 ==> 7E00020000660000000002D639897E
2026-03-30 01:39:07 - msg_id_0002 ==> 7E00020000660000000002D63A8A7E
2026-03-30 01:39:10 - msg_id_0002 ==> 7E00020000660000000002D63B8B7E
2026-03-30 01:39:13 - msg_id_0002 ==> 7E00020000660000000002D63C8C7E
2026-03-30 01:39:16 - msg_id_0002 ==> 7E00020000660000000002D63E8E7E
2026-03-30 01:39:19 - msg_id_0002 ==> 7E00020000660000000002D63F8F7E
2026-03-30 01:39:22 - msg_id_0002 ==> 7E00020000660000000002D640F07E
2026-03-30 01:39:25 - msg_id_0002 ==> 7E00020000660000000002D641F17E
2026-03-30 01:39:29 - msg_id_0002 ==> 7E00020000660000000002D642F27E
2026-03-30 01:39:32 - msg_id_0002 ==> 7E00020000660000000002D643F37E
2026-03-30 01:39:35 - msg_id_0002 ==> 7E00020000660000000002D644F47E
2026-03-30 01:39:38 - msg_id_0002 ==> 7E00020000660000000002D645F57E
2026-03-30 01:39:41 - msg_id_0002 ==> 7E00020000660000000002D646F67E
2026-03-30 01:39:44 - msg_id_0002 ==> 7E00020000660000000002D647F77E
2026-03-30 01:39:47 - msg_id_0002 ==> 7E00020000660000000002D649F97E
2026-03-30 01:39:50 - msg_id_0002 ==> 7E00020000660000000002D64AFA7E
2026-03-30 01:39:53 - msg_id_0002 ==> 7E00020000660000000002D64BFB7E
2026-03-30 01:39:56 - msg_id_0002 ==> 7E00020000660000000002D64CFC7E
2026-03-30 01:40:00 - msg_id_0002 ==> 7E00020000660000000002D64DFD7E
2026-03-30 01:40:03 - msg_id_0002 ==> 7E00020000660000000002D64EFE7E
2026-03-30 01:40:06 - msg_id_0002 ==> 7E00020000660000000002D64FFF7E
2026-03-30 01:40:09 - msg_id_0002 ==> 7E00020000660000000002D650E07E
2026-03-30 01:40:12 - msg_id_0002 ==> 7E00020000660000000002D651E17E
2026-03-30 01:40:15 - msg_id_0002 ==> 7E00020000660000000002D652E27E
2026-03-30 01:40:18 - msg_id_0002 ==> 7E00020000660000000002D654E47E
2026-03-30 01:40:21 - msg_id_0002 ==> 7E00020000660000000002D655E57E
2026-03-30 01:40:24 - msg_id_0002 ==> 7E00020000660000000002D656E67E
2026-03-30 01:40:27 - msg_id_0002 ==> 7E00020000660000000002D657E77E
2026-03-30 01:40:31 - msg_id_0002 ==> 7E00020000660000000002D658E87E
2026-03-30 01:40:34 - msg_id_0002 ==> 7E00020000660000000002D659E97E
2026-03-30 01:40:37 - msg_id_0002 ==> 7E00020000660000000002D65AEA7E
2026-03-30 01:40:40 - msg_id_0002 ==> 7E00020000660000000002D65BEB7E
2026-03-30 01:40:43 - msg_id_0002 ==> 7E00020000660000000002D65CEC7E
2026-03-30 01:40:46 - msg_id_0002 ==> 7E00020000660000000002D65DED7E
2026-03-30 01:40:49 - msg_id_0002 ==> 7E00020000660000000002D65FEF7E
2026-03-30 01:40:52 - msg_id_0002 ==> 7E00020000660000000002D660D07E
2026-03-30 01:40:55 - msg_id_0002 ==> 7E00020000660000000002D661D17E
2026-03-30 01:40:58 - msg_id_0002 ==> 7E00020000660000000002D662D27E
2026-03-30 01:41:02 - msg_id_0002 ==> 7E00020000660000000002D663D37E
2026-03-30 01:41:05 - msg_id_0002 ==> 7E00020000660000000002D664D47E
2026-03-30 01:41:08 - msg_id_0002 ==> 7E00020000660000000002D665D57E
2026-03-30 01:41:11 - msg_id_0002 ==> 7E00020000660000000002D666D67E
2026-03-30 01:41:14 - msg_id_0002 ==> 7E00020000660000000002D667D77E
2026-03-30 01:41:17 - msg_id_0002 ==> 7E00020000660000000002D668D87E
2026-03-30 01:41:20 - msg_id_0002 ==> 7E00020000660000000002D66ADA7E
2026-03-30 01:41:23 - msg_id_0002 ==> 7E00020000660000000002D66BDB7E
2026-03-30 01:41:26 - msg_id_0002 ==> 7E00020000660000000002D66CDC7E
2026-03-30 01:41:29 - msg_id_0002 ==> 7E00020000660000000002D66DDD7E
2026-03-30 01:41:33 - msg_id_0002 ==> 7E00020000660000000002D66EDE7E
2026-03-30 01:41:36 - msg_id_0002 ==> 7E00020000660000000002D66FDF7E
2026-03-30 01:41:39 - msg_id_0002 ==> 7E00020000660000000002D670C07E
2026-03-30 01:41:42 - msg_id_0002 ==> 7E00020000660000000002D671C17E
2026-03-30 01:41:45 - msg_id_0002 ==> 7E00020000660000000002D672C27E
2026-03-30 01:41:48 - msg_id_0002 ==> 7E00020000660000000002D673C37E
2026-03-30 01:41:51 - msg_id_0002 ==> 7E00020000660000000002D675C57E
2026-03-30 01:41:54 - msg_id_0002 ==> 7E00020000660000000002D676C67E
2026-03-30 01:41:57 - msg_id_0002 ==> 7E00020000660000000002D677C77E
2026-03-30 01:42:00 - msg_id_0002 ==> 7E00020000660000000002D678C87E
2026-03-30 01:42:04 - msg_id_0002 ==> 7E00020000660000000002D679C97E
2026-03-30 01:42:07 - msg_id_0002 ==> 7E00020000660000000002D67ACA7E
2026-03-30 01:42:10 - msg_id_0002 ==> 7E00020000660000000002D67BCB7E
2026-03-30 01:42:13 - msg_id_0002 ==> 7E00020000660000000002D67CCC7E
2026-03-30 01:42:16 - msg_id_0002 ==> 7E00020000660000000002D67D01CD7E
2026-03-30 01:42:19 - msg_id_0002 ==> 7E00020000660000000002D67D02CE7E
2026-03-30 01:42:27 - msg_id_0002 ==> 7E00020000660000000002D683337E
2026-03-30 01:42:30 - msg_id_0002 ==> 7E00020000660000000002D684347E
2026-03-30 01:42:33 - msg_id_0002 ==> 7E00020000660000000002D685357E
2026-03-30 01:42:36 - msg_id_0002 ==> 7E00020000660000000002D686367E
2026-03-30 01:42:39 - msg_id_0002 ==> 7E00020000660000000002D687377E
2026-03-30 01:42:42 - msg_id_0002 ==> 7E00020000660000000002D688387E
2026-03-30 01:42:45 - msg_id_0002 ==> 7E00020000660000000002D689397E
2026-03-30 01:42:48 - msg_id_0002 ==> 7E00020000660000000002D68A3A7E
2026-03-30 01:42:52 - msg_id_0002 ==> 7E00020000660000000002D68B3B7E
2026-03-30 01:42:55 - msg_id_0002 ==> 7E00020000660000000002D68C3C7E
2026-03-30 01:42:58 - msg_id_0002 ==> 7E00020000660000000002D68E3E7E
2026-03-30 01:43:01 - msg_id_0002 ==> 7E00020000660000000002D68F3F7E
2026-03-30 01:43:04 - msg_id_0002 ==> 7E00020000660000000002D690207E
2026-03-30 01:43:07 - msg_id_0002 ==> 7E00020000660000000002D691217E
2026-03-30 01:43:10 - msg_id_0002 ==> 7E00020000660000000002D692227E
2026-03-30 01:43:13 - msg_id_0002 ==> 7E00020000660000000002D693237E
2026-03-30 01:43:16 - msg_id_0002 ==> 7E00020000660000000002D694247E
2026-03-30 01:43:19 - msg_id_0002 ==> 7E00020000660000000002D695257E
2026-03-30 01:43:23 - msg_id_0002 ==> 7E00020000660000000002D696267E
2026-03-30 01:43:26 - msg_id_0002 ==> 7E00020000660000000002D697277E
2026-03-30 01:43:29 - msg_id_0002 ==> 7E00020000660000000002D699297E
2026-03-30 01:43:32 - msg_id_0002 ==> 7E00020000660000000002D69A2A7E
2026-03-30 01:43:35 - msg_id_0002 ==> 7E00020000660000000002D69B2B7E
2026-03-30 01:43:38 - msg_id_0002 ==> 7E00020000660000000002D69C2C7E
2026-03-30 01:43:41 - msg_id_0002 ==> 7E00020000660000000002D69D2D7E
2026-03-30 01:43:44 - msg_id_0002 ==> 7E00020000660000000002D69E2E7E
2026-03-30 01:43:47 - msg_id_0002 ==> 7E00020000660000000002D69F2F7E
2026-03-30 01:43:50 - msg_id_0002 ==> 7E00020000660000000002D6A0107E
2026-03-30 01:43:54 - msg_id_0002 ==> 7E00020000660000000002D6A1117E
2026-03-30 01:43:57 - msg_id_0002 ==> 7E00020000660000000002D6A2127E
2026-03-30 01:44:00 - msg_id_0002 ==> 7E00020000660000000002D6A4147E
2026-03-30 01:44:03 - msg_id_0002 ==> 7E00020000660000000002D6A5157E
2026-03-30 01:44:06 - msg_id_0002 ==> 7E00020000660000000002D6A6167E
2026-03-30 01:44:09 - msg_id_0002 ==> 7E00020000660000000002D6A7177E
2026-03-30 01:44:12 - msg_id_0002 ==> 7E00020000660000000002D6A8187E
2026-03-30 01:44:15 - msg_id_0002 ==> 7E00020000660000000002D6A9197E
2026-03-30 01:44:18 - msg_id_0002 ==> 7E00020000660000000002D6AA1A7E
2026-03-30 01:44:21 - msg_id_0002 ==> 7E00020000660000000002D6AB1B7E
2026-03-30 01:44:25 - msg_id_0002 ==> 7E00020000660000000002D6AC1C7E
2026-03-30 01:44:28 - msg_id_0002 ==> 7E00020000660000000002D6AD1D7E
2026-03-30 01:44:31 - msg_id_0002 ==> 7E00020000660000000002D6AF1F7E
2026-03-30 01:44:34 - msg_id_0002 ==> 7E00020000660000000002D6B0007E
2026-03-30 01:44:37 - msg_id_0002 ==> 7E00020000660000000002D6B1017E
2026-03-30 01:44:40 - msg_id_0002 ==> 7E00020000660000000002D6B2027E
2026-03-30 01:44:43 - msg_id_0002 ==> 7E00020000660000000002D6B3037E
2026-03-30 01:44:46 - msg_id_0002 ==> 7E00020000660000000002D6B4047E
2026-03-30 01:44:49 - msg_id_0002 ==> 7E00020000660000000002D6B5057E
2026-03-30 01:44:52 - msg_id_0002 ==> 7E00020000660000000002D6B6067E
2026-03-30 01:44:56 - msg_id_0002 ==> 7E00020000660000000002D6B7077E
2026-03-30 01:44:59 - msg_id_0002 ==> 7E00020000660000000002D6B8087E
2026-03-30 01:45:02 - msg_id_0002 ==> 7E00020000660000000002D6BA0A7E
2026-03-30 01:45:05 - msg_id_0002 ==> 7E00020000660000000002D6BB0B7E
2026-03-30 01:45:08 - msg_id_0002 ==> 7E00020000660000000002D6BC0C7E
2026-03-30 01:45:11 - msg_id_0002 ==> 7E00020000660000000002D6BD0D7E
2026-03-30 01:45:14 - msg_id_0002 ==> 7E00020000660000000002D6BE0E7E
2026-03-30 01:45:17 - msg_id_0002 ==> 7E00020000660000000002D6BF0F7E
2026-03-30 01:45:20 - msg_id_0002 ==> 7E00020000660000000002D6C0707E
2026-03-30 01:45:23 - msg_id_0002 ==> 7E00020000660000000002D6C1717E
2026-03-30 01:45:27 - msg_id_0002 ==> 7E00020000660000000002D6C2727E
2026-03-30 01:45:30 - msg_id_0002 ==> 7E00020000660000000002D6C3737E
2026-03-30 01:45:33 - msg_id_0002 ==> 7E00020000660000000002D6C5757E
2026-03-30 01:45:36 - msg_id_0002 ==> 7E00020000660000000002D6C6767E
2026-03-30 01:45:39 - msg_id_0002 ==> 7E00020000660000000002D6C7777E
2026-03-30 01:45:42 - msg_id_0002 ==> 7E00020000660000000002D6C8787E
2026-03-30 01:45:45 - msg_id_0002 ==> 7E00020000660000000002D6C9797E
2026-03-30 01:45:48 - msg_id_0002 ==> 7E00020000660000000002D6CA7A7E
2026-03-30 01:45:51 - msg_id_0002 ==> 7E00020000660000000002D6CB7B7E
2026-03-30 01:45:54 - msg_id_0002 ==> 7E00020000660000000002D6CC7C7E
2026-03-30 01:45:58 - msg_id_0002 ==> 7E00020000660000000002D6CD7D017E
2026-03-30 01:46:01 - msg_id_0002 ==> 7E00020000660000000002D6CE7D027E
2026-03-30 01:46:04 - msg_id_0002 ==> 7E00020000660000000002D6D0607E
2026-03-30 01:46:07 - msg_id_0002 ==> 7E00020000660000000002D6D1617E
2026-03-30 01:46:10 - msg_id_0002 ==> 7E00020000660000000002D6D2627E
2026-03-30 01:46:13 - msg_id_0002 ==> 7E00020000660000000002D6D3637E
2026-03-30 01:46:16 - msg_id_0002 ==> 7E00020000660000000002D6D4647E
2026-03-30 01:46:19 - msg_id_0002 ==> 7E00020000660000000002D6D5657E
2026-03-30 01:46:22 - msg_id_0002 ==> 7E00020000660000000002D6D6667E
2026-03-30 01:46:25 - msg_id_0002 ==> 7E00020000660000000002D6D7677E
2026-03-30 01:46:29 - msg_id_0002 ==> 7E00020000660000000002D6D8687E
2026-03-30 01:46:32 - msg_id_0002 ==> 7E00020000660000000002D6D9697E
2026-03-30 01:46:35 - msg_id_0002 ==> 7E00020000660000000002D6DB6B7E
2026-03-30 01:46:38 - msg_id_0002 ==> 7E00020000660000000002D6DC6C7E
2026-03-30 01:46:41 - msg_id_0002 ==> 7E00020000660000000002D6DD6D7E
2026-03-30 01:46:44 - msg_id_0002 ==> 7E00020000660000000002D6DE6E7E
2026-03-30 01:46:47 - msg_id_0002 ==> 7E00020000660000000002D6DF6F7E
2026-03-30 01:46:50 - msg_id_0002 ==> 7E00020000660000000002D6E0507E
2026-03-30 01:46:53 - msg_id_0002 ==> 7E00020000660000000002D6E1517E
2026-03-30 01:46:56 - msg_id_0002 ==> 7E00020000660000000002D6E2527E
2026-03-30 01:47:00 - msg_id_0002 ==> 7E00020000660000000002D6E3537E
2026-03-30 01:47:03 - msg_id_0002 ==> 7E00020000660000000002D6E4547E
2026-03-30 01:47:06 - msg_id_0002 ==> 7E00020000660000000002D6E6567E
2026-03-30 01:47:09 - msg_id_0002 ==> 7E00020000660000000002D6E7577E
2026-03-30 01:47:12 - msg_id_0002 ==> 7E00020000660000000002D6E8587E
2026-03-30 01:47:15 - msg_id_0002 ==> 7E00020000660000000002D6E9597E
2026-03-30 01:47:18 - msg_id_0002 ==> 7E00020000660000000002D6EA5A7E
2026-03-30 01:47:21 - msg_id_0002 ==> 7E00020000660000000002D6EB5B7E
2026-03-30 01:47:24 - msg_id_0002 ==> 7E00020000660000000002D6EC5C7E
2026-03-30 01:47:27 - msg_id_0002 ==> 7E00020000660000000002D6ED5D7E
2026-03-30 01:47:31 - msg_id_0002 ==> 7E00020000660000000002D6EE5E7E
2026-03-30 01:47:34 - msg_id_0002 ==> 7E00020000660000000002D6EF5F7E
2026-03-30 01:47:37 - msg_id_0002 ==> 7E00020000660000000002D6F1417E
2026-03-30 01:47:40 - msg_id_0002 ==> 7E00020000660000000002D6F2427E
2026-03-30 01:47:43 - msg_id_0002 ==> 7E00020000660000000002D6F3437E
2026-03-30 01:47:46 - msg_id_0002 ==> 7E00020000660000000002D6F4447E
2026-03-30 01:47:49 - msg_id_0002 ==> 7E00020000660000000002D6F5457E
2026-03-30 01:47:52 - msg_id_0002 ==> 7E00020000660000000002D6F6467E
2026-03-30 01:47:55 - msg_id_0002 ==> 7E00020000660000000002D6F7477E
2026-03-30 01:47:58 - msg_id_0002 ==> 7E00020000660000000002D6F8487E
2026-03-30 01:48:02 - msg_id_0002 ==> 7E00020000660000000002D6F9497E
2026-03-30 01:48:05 - msg_id_0002 ==> 7E00020000660000000002D6FA4A7E
2026-03-30 01:48:08 - msg_id_0002 ==> 7E00020000660000000002D6FC4C7E
2026-03-30 01:48:11 - msg_id_0002 ==> 7E00020000660000000002D6FD4D7E
2026-03-30 01:48:14 - msg_id_0002 ==> 7E00020000660000000002D6FE4E7E
2026-03-30 01:48:17 - msg_id_0002 ==> 7E00020000660000000002D6FF4F7E
2026-03-30 01:48:20 - msg_id_0002 ==> 7E00020000660000000002D700B17E
2026-03-30 01:48:23 - msg_id_0002 ==> 7E00020000660000000002D701B07E
2026-03-30 01:48:26 - msg_id_0002 ==> 7E00020000660000000002D702B37E
2026-03-30 01:48:29 - msg_id_0002 ==> 7E00020000660000000002D703B27E
2026-03-30 01:48:33 - msg_id_0002 ==> 7E00020000660000000002D704B57E
2026-03-30 01:48:36 - msg_id_0002 ==> 7E00020000660000000002D705B47E
2026-03-30 01:48:39 - msg_id_0002 ==> 7E00020000660000000002D707B67E
2026-03-30 01:48:42 - msg_id_0002 ==> 7E00020000660000000002D708B97E
2026-03-30 01:48:45 - msg_id_0002 ==> 7E00020000660000000002D709B87E
2026-03-30 01:48:48 - msg_id_0002 ==> 7E00020000660000000002D70ABB7E
2026-03-30 01:48:51 - msg_id_0002 ==> 7E00020000660000000002D70BBA7E
2026-03-30 01:48:54 - msg_id_0002 ==> 7E00020000660000000002D70CBD7E
2026-03-30 01:48:57 - msg_id_0002 ==> 7E00020000660000000002D70DBC7E
2026-03-30 01:49:01 - msg_id_0002 ==> 7E00020000660000000002D70EBF7E
2026-03-30 01:49:04 - msg_id_0002 ==> 7E00020000660000000002D70FBE7E
2026-03-30 01:49:07 - msg_id_0002 ==> 7E00020000660000000002D710A17E
2026-03-30 01:49:10 - msg_id_0002 ==> 7E00020000660000000002D712A37E
2026-03-30 01:49:13 - msg_id_0002 ==> 7E00020000660000000002D713A27E
2026-03-30 01:49:16 - msg_id_0002 ==> 7E00020000660000000002D714A57E
2026-03-30 01:49:19 - msg_id_0002 ==> 7E00020000660000000002D715A47E
2026-03-30 01:49:22 - msg_id_0002 ==> 7E00020000660000000002D716A77E
2026-03-30 01:49:25 - msg_id_0002 ==> 7E00020000660000000002D717A67E
2026-03-30 01:49:28 - msg_id_0002 ==> 7E00020000660000000002D718A97E
2026-03-30 01:49:32 - msg_id_0002 ==> 7E00020000660000000002D719A87E
2026-03-30 01:49:35 - msg_id_0002 ==> 7E00020000660000000002D71AAB7E
2026-03-30 01:49:38 - msg_id_0002 ==> 7E00020000660000000002D71BAA7E
2026-03-30 01:49:41 - msg_id_0002 ==> 7E00020000660000000002D71DAC7E
2026-03-30 01:49:44 - msg_id_0002 ==> 7E00020000660000000002D71EAF7E
2026-03-30 01:49:47 - msg_id_0002 ==> 7E00020000660000000002D71FAE7E
2026-03-30 01:49:50 - msg_id_0002 ==> 7E00020000660000000002D720917E
2026-03-30 01:49:53 - msg_id_0002 ==> 7E00020000660000000002D721907E
2026-03-30 01:49:56 - msg_id_0002 ==> 7E00020000660000000002D722937E
2026-03-30 01:49:59 - msg_id_0002 ==> 7E00020000660000000002D723927E
2026-03-30 01:50:03 - msg_id_0002 ==> 7E00020000660000000002D724957E
2026-03-30 01:50:06 - msg_id_0002 ==> 7E00020000660000000002D725947E
2026-03-30 01:50:09 - msg_id_0002 ==> 7E00020000660000000002D726977E
2026-03-30 01:50:12 - msg_id_0002 ==> 7E00020000660000000002D728997E
2026-03-30 01:50:15 - msg_id_0002 ==> 7E00020000660000000002D729987E
2026-03-30 01:50:18 - msg_id_0002 ==> 7E00020000660000000002D72A9B7E
2026-03-30 01:50:21 - msg_id_0002 ==> 7E00020000660000000002D72B9A7E
2026-03-30 01:50:24 - msg_id_0002 ==> 7E00020000660000000002D72C9D7E
2026-03-30 01:50:27 - msg_id_0002 ==> 7E00020000660000000002D72D9C7E
2026-03-30 01:50:30 - msg_id_0002 ==> 7E00020000660000000002D72E9F7E
2026-03-30 01:50:34 - msg_id_0002 ==> 7E00020000660000000002D72F9E7E
2026-03-30 01:50:37 - msg_id_0002 ==> 7E00020000660000000002D730817E
2026-03-30 01:50:40 - msg_id_0002 ==> 7E00020000660000000002D731807E
2026-03-30 01:50:43 - msg_id_0002 ==> 7E00020000660000000002D733827E
2026-03-30 01:50:46 - msg_id_0002 ==> 7E00020000660000000002D734857E
2026-03-30 01:50:49 - msg_id_0002 ==> 7E00020000660000000002D735847E
2026-03-30 01:50:52 - msg_id_0002 ==> 7E00020000660000000002D736877E
2026-03-30 01:50:55 - msg_id_0002 ==> 7E00020000660000000002D737867E
2026-03-30 01:50:58 - msg_id_0002 ==> 7E00020000660000000002D738897E
2026-03-30 01:51:01 - msg_id_0002 ==> 7E00020000660000000002D739887E
2026-03-30 01:51:05 - msg_id_0002 ==> 7E00020000660000000002D73A8B7E
2026-03-30 01:51:08 - msg_id_0002 ==> 7E00020000660000000002D73B8A7E
2026-03-30 01:51:11 - msg_id_0002 ==> 7E00020000660000000002D73C8D7E
2026-03-30 01:51:14 - msg_id_0002 ==> 7E00020000660000000002D73E8F7E
2026-03-30 01:51:17 - msg_id_0002 ==> 7E00020000660000000002D73F8E7E
2026-03-30 01:51:20 - msg_id_0002 ==> 7E00020000660000000002D740F17E
2026-03-30 01:51:23 - msg_id_0002 ==> 7E00020000660000000002D741F07E
2026-03-30 01:51:26 - msg_id_0002 ==> 7E00020000660000000002D742F37E
2026-03-30 01:51:29 - msg_id_0002 ==> 7E00020000660000000002D743F27E
2026-03-30 01:51:32 - msg_id_0002 ==> 7E00020000660000000002D744F57E
2026-03-30 01:51:36 - msg_id_0002 ==> 7E00020000660000000002D745F47E
2026-03-30 01:51:39 - msg_id_0002 ==> 7E00020000660000000002D746F77E
2026-03-30 01:51:42 - msg_id_0002 ==> 7E00020000660000000002D747F67E
2026-03-30 01:51:45 - msg_id_0002 ==> 7E00020000660000000002D749F87E
2026-03-30 01:51:48 - msg_id_0002 ==> 7E00020000660000000002D74AFB7E
2026-03-30 01:51:51 - msg_id_0002 ==> 7E00020000660000000002D74BFA7E
2026-03-30 01:51:54 - msg_id_0002 ==> 7E00020000660000000002D74CFD7E
2026-03-30 01:51:57 - msg_id_0002 ==> 7E00020000660000000002D74DFC7E
2026-03-30 01:52:00 - msg_id_0002 ==> 7E00020000660000000002D74EFF7E
2026-03-30 01:52:03 - msg_id_0002 ==> 7E00020000660000000002D74FFE7E
2026-03-30 01:52:07 - msg_id_0002 ==> 7E00020000660000000002D750E17E
2026-03-30 01:52:10 - msg_id_0002 ==> 7E00020000660000000002D751E07E
2026-03-30 01:52:13 - msg_id_0002 ==> 7E00020000660000000002D752E37E
2026-03-30 01:52:16 - msg_id_0002 ==> 7E00020000660000000002D754E57E
2026-03-30 01:52:19 - msg_id_0002 ==> 7E00020000660000000002D755E47E
2026-03-30 01:52:22 - msg_id_0002 ==> 7E00020000660000000002D756E77E
2026-03-30 01:52:25 - msg_id_0002 ==> 7E00020000660000000002D757E67E
2026-03-30 01:52:28 - msg_id_0002 ==> 7E00020000660000000002D758E97E
2026-03-30 01:52:31 - msg_id_0002 ==> 7E00020000660000000002D759E87E
2026-03-30 01:52:34 - msg_id_0002 ==> 7E00020000660000000002D75AEB7E
2026-03-30 01:52:38 - msg_id_0002 ==> 7E00020000660000000002D75BEA7E
2026-03-30 01:52:41 - msg_id_0002 ==> 7E00020000660000000002D75CED7E
2026-03-30 01:52:44 - msg_id_0002 ==> 7E00020000660000000002D75DEC7E
2026-03-30 01:52:47 - msg_id_0002 ==> 7E00020000660000000002D75FEE7E
2026-03-30 01:52:50 - msg_id_0002 ==> 7E00020000660000000002D760D17E
2026-03-30 01:52:53 - msg_id_0002 ==> 7E00020000660000000002D761D07E
2026-03-30 01:52:56 - msg_id_0002 ==> 7E00020000660000000002D762D37E
2026-03-30 01:52:59 - msg_id_0002 ==> 7E00020000660000000002D763D27E
2026-03-30 01:53:02 - msg_id_0002 ==> 7E00020000660000000002D764D57E
2026-03-30 01:53:05 - msg_id_0002 ==> 7E00020000660000000002D765D47E
2026-03-30 01:53:09 - msg_id_0002 ==> 7E00020000660000000002D766D77E
2026-03-30 01:53:12 - msg_id_0002 ==> 7E00020000660000000002D767D67E
2026-03-30 01:53:15 - msg_id_0002 ==> 7E00020000660000000002D768D97E
2026-03-30 01:53:18 - msg_id_0002 ==> 7E00020000660000000002D76ADB7E
2026-03-30 01:53:21 - msg_id_0002 ==> 7E00020000660000000002D76BDA7E
2026-03-30 01:53:24 - msg_id_0002 ==> 7E00020000660000000002D76CDD7E
2026-03-30 01:53:27 - msg_id_0002 ==> 7E00020000660000000002D76DDC7E
2026-03-30 01:53:30 - msg_id_0002 ==> 7E00020000660000000002D76EDF7E
2026-03-30 01:53:33 - msg_id_0002 ==> 7E00020000660000000002D76FDE7E
2026-03-30 01:53:37 - msg_id_0002 ==> 7E00020000660000000002D770C17E
2026-03-30 01:53:40 - msg_id_0002 ==> 7E00020000660000000002D771C07E
2026-03-30 01:53:43 - msg_id_0002 ==> 7E00020000660000000002D772C37E
2026-03-30 01:53:46 - msg_id_0002 ==> 7E00020000660000000002D773C27E
2026-03-30 01:53:49 - msg_id_0002 ==> 7E00020000660000000002D775C47E
2026-03-30 01:53:52 - msg_id_0002 ==> 7E00020000660000000002D776C77E
2026-03-30 01:53:55 - msg_id_0002 ==> 7E00020000660000000002D777C67E
2026-03-30 01:53:58 - msg_id_0002 ==> 7E00020000660000000002D778C97E
2026-03-30 01:54:01 - msg_id_0002 ==> 7E00020000660000000002D779C87E
2026-03-30 01:54:04 - msg_id_0002 ==> 7E00020000660000000002D77ACB7E
2026-03-30 01:54:08 - msg_id_0002 ==> 7E00020000660000000002D77BCA7E
2026-03-30 01:54:11 - msg_id_0002 ==> 7E00020000660000000002D77CCD7E
2026-03-30 01:54:14 - msg_id_0002 ==> 7E00020000660000000002D77D01CC7E
2026-03-30 01:54:17 - msg_id_0002 ==> 7E00020000660000000002D77D02CF7E
2026-03-30 01:54:24 - msg_id_0002 ==> 7E00020000660000000002D783327E
2026-03-30 01:54:27 - msg_id_0002 ==> 7E00020000660000000002D784357E
2026-03-30 01:54:30 - msg_id_0002 ==> 7E00020000660000000002D785347E
2026-03-30 01:54:34 - msg_id_0002 ==> 7E00020000660000000002D786377E
2026-03-30 01:54:37 - msg_id_0002 ==> 7E00020000660000000002D787367E
2026-03-30 01:54:40 - msg_id_0002 ==> 7E00020000660000000002D788397E
2026-03-30 01:54:43 - msg_id_0002 ==> 7E00020000660000000002D789387E
2026-03-30 01:54:46 - msg_id_0002 ==> 7E00020000660000000002D78A3B7E
2026-03-30 01:54:49 - msg_id_0002 ==> 7E00020000660000000002D78B3A7E
2026-03-30 01:54:52 - msg_id_0002 ==> 7E00020000660000000002D78C3D7E
2026-03-30 01:54:55 - msg_id_0002 ==> 7E00020000660000000002D78E3F7E
2026-03-30 01:54:58 - msg_id_0002 ==> 7E00020000660000000002D78F3E7E
2026-03-30 01:55:01 - msg_id_0002 ==> 7E00020000660000000002D790217E
2026-03-30 01:55:05 - msg_id_0002 ==> 7E00020000660000000002D791207E
2026-03-30 01:55:08 - msg_id_0002 ==> 7E00020000660000000002D792237E
2026-03-30 01:55:11 - msg_id_0002 ==> 7E00020000660000000002D793227E
2026-03-30 01:55:14 - msg_id_0002 ==> 7E00020000660000000002D794257E
2026-03-30 01:55:17 - msg_id_0002 ==> 7E00020000660000000002D795247E
2026-03-30 01:55:20 - msg_id_0002 ==> 7E00020000660000000002D796277E
2026-03-30 01:55:23 - msg_id_0002 ==> 7E00020000660000000002D797267E
2026-03-30 01:55:26 - msg_id_0002 ==> 7E00020000660000000002D799287E
2026-03-30 01:55:29 - msg_id_0002 ==> 7E00020000660000000002D79A2B7E
2026-03-30 01:55:32 - msg_id_0002 ==> 7E00020000660000000002D79B2A7E
2026-03-30 01:55:36 - msg_id_0002 ==> 7E00020000660000000002D79C2D7E
2026-03-30 01:55:39 - msg_id_0002 ==> 7E00020000660000000002D79D2C7E
2026-03-30 01:55:42 - msg_id_0002 ==> 7E00020000660000000002D79E2F7E
2026-03-30 01:55:45 - msg_id_0002 ==> 7E00020000660000000002D79F2E7E
2026-03-30 01:55:48 - msg_id_0002 ==> 7E00020000660000000002D7A0117E
2026-03-30 01:55:51 - msg_id_0002 ==> 7E00020000660000000002D7A1107E
2026-03-30 01:55:54 - msg_id_0002 ==> 7E00020000660000000002D7A2137E
2026-03-30 01:55:57 - msg_id_0002 ==> 7E00020000660000000002D7A4157E
2026-03-30 01:56:00 - msg_id_0002 ==> 7E00020000660000000002D7A5147E
2026-03-30 01:56:03 - msg_id_0002 ==> 7E00020000660000000002D7A6177E
2026-03-30 01:56:07 - msg_id_0002 ==> 7E00020000660000000002D7A7167E
2026-03-30 01:56:10 - msg_id_0002 ==> 7E00020000660000000002D7A8197E
2026-03-30 01:56:13 - msg_id_0002 ==> 7E00020000660000000002D7A9187E
2026-03-30 01:56:16 - msg_id_0002 ==> 7E00020000660000000002D7AA1B7E
2026-03-30 01:56:19 - msg_id_0002 ==> 7E00020000660000000002D7AB1A7E
2026-03-30 01:56:22 - msg_id_0002 ==> 7E00020000660000000002D7AC1D7E
2026-03-30 01:56:25 - msg_id_0002 ==> 7E00020000660000000002D7AD1C7E
2026-03-30 01:56:28 - msg_id_0002 ==> 7E00020000660000000002D7AF1E7E
2026-03-30 01:56:31 - msg_id_0002 ==> 7E00020000660000000002D7B0017E
2026-03-30 01:56:34 - msg_id_0002 ==> 7E00020000660000000002D7B1007E
2026-03-30 01:56:38 - msg_id_0002 ==> 7E00020000660000000002D7B2037E
2026-03-30 01:56:41 - msg_id_0002 ==> 7E00020000660000000002D7B3027E
2026-03-30 01:56:44 - msg_id_0002 ==> 7E00020000660000000002D7B4057E
2026-03-30 01:56:47 - msg_id_0002 ==> 7E00020000660000000002D7B5047E
2026-03-30 01:56:50 - msg_id_0002 ==> 7E00020000660000000002D7B6077E
2026-03-30 01:56:53 - msg_id_0002 ==> 7E00020000660000000002D7B7067E
2026-03-30 01:56:56 - msg_id_0002 ==> 7E00020000660000000002D7B8097E
2026-03-30 01:56:59 - msg_id_0002 ==> 7E00020000660000000002D7BA0B7E
2026-03-30 01:57:02 - msg_id_0002 ==> 7E00020000660000000002D7BB0A7E
2026-03-30 01:57:05 - msg_id_0002 ==> 7E00020000660000000002D7BC0D7E
2026-03-30 01:57:09 - msg_id_0002 ==> 7E00020000660000000002D7BD0C7E
2026-03-30 01:57:12 - msg_id_0002 ==> 7E00020000660000000002D7BE0F7E
2026-03-30 01:57:15 - msg_id_0002 ==> 7E00020000660000000002D7BF0E7E
2026-03-30 01:57:18 - msg_id_0002 ==> 7E00020000660000000002D7C0717E
2026-03-30 01:57:21 - msg_id_0002 ==> 7E00020000660000000002D7C1707E
2026-03-30 01:57:24 - msg_id_0002 ==> 7E00020000660000000002D7C2737E
2026-03-30 01:57:27 - msg_id_0002 ==> 7E00020000660000000002D7C3727E
2026-03-30 01:57:30 - msg_id_0002 ==> 7E00020000660000000002D7C5747E
2026-03-30 01:57:33 - msg_id_0002 ==> 7E00020000660000000002D7C6777E
2026-03-30 01:57:37 - msg_id_0002 ==> 7E00020000660000000002D7C7767E
2026-03-30 01:57:40 - msg_id_0002 ==> 7E00020000660000000002D7C8797E
2026-03-30 01:57:43 - msg_id_0002 ==> 7E00020000660000000002D7C9787E
2026-03-30 01:57:46 - msg_id_0002 ==> 7E00020000660000000002D7CA7B7E
2026-03-30 01:57:49 - msg_id_0002 ==> 7E00020000660000000002D7CB7A7E
2026-03-30 01:57:52 - msg_id_0002 ==> 7E00020000660000000002D7CC7D017E
2026-03-30 01:57:55 - msg_id_0002 ==> 7E00020000660000000002D7CD7C7E
2026-03-30 01:57:58 - msg_id_0002 ==> 7E00020000660000000002D7CE7F7E
2026-03-30 01:58:01 - msg_id_0002 ==> 7E00020000660000000002D7D0617E
2026-03-30 01:58:04 - msg_id_0002 ==> 7E00020000660000000002D7D1607E
2026-03-30 01:58:08 - msg_id_0002 ==> 7E00020000660000000002D7D2637E
2026-03-30 01:58:11 - msg_id_0002 ==> 7E00020000660000000002D7D3627E
2026-03-30 01:58:14 - msg_id_0002 ==> 7E00020000660000000002D7D4657E
2026-03-30 01:58:17 - msg_id_0002 ==> 7E00020000660000000002D7D5647E
2026-03-30 01:58:20 - msg_id_0002 ==> 7E00020000660000000002D7D6677E
2026-03-30 01:58:23 - msg_id_0002 ==> 7E00020000660000000002D7D7667E
2026-03-30 01:58:26 - msg_id_0002 ==> 7E00020000660000000002D7D8697E
2026-03-30 01:58:29 - msg_id_0002 ==> 7E00020000660000000002D7D9687E
2026-03-30 01:58:32 - msg_id_0002 ==> 7E00020000660000000002D7DB6A7E
2026-03-30 01:58:35 - msg_id_0002 ==> 7E00020000660000000002D7DC6D7E
2026-03-30 01:58:39 - msg_id_0002 ==> 7E00020000660000000002D7DD6C7E
2026-03-30 01:58:42 - msg_id_0002 ==> 7E00020000660000000002D7DE6F7E
2026-03-30 01:58:45 - msg_id_0002 ==> 7E00020000660000000002D7DF6E7E
2026-03-30 01:58:48 - msg_id_0002 ==> 7E00020000660000000002D7E0517E
2026-03-30 01:58:51 - msg_id_0002 ==> 7E00020000660000000002D7E1507E
2026-03-30 01:58:54 - msg_id_0002 ==> 7E00020000660000000002D7E2537E
2026-03-30 01:58:57 - msg_id_0002 ==> 7E00020000660000000002D7E3527E
2026-03-30 01:59:00 - msg_id_0002 ==> 7E00020000660000000002D7E4557E
2026-03-30 01:59:03 - msg_id_0002 ==> 7E00020000660000000002D7E6577E
2026-03-30 01:59:06 - msg_id_0002 ==> 7E00020000660000000002D7E7567E
2026-03-30 01:59:10 - msg_id_0002 ==> 7E00020000660000000002D7E8597E
2026-03-30 01:59:13 - msg_id_0002 ==> 7E00020000660000000002D7E9587E
2026-03-30 01:59:16 - msg_id_0002 ==> 7E00020000660000000002D7EA5B7E
2026-03-30 01:59:19 - msg_id_0002 ==> 7E00020000660000000002D7EB5A7E
2026-03-30 01:59:22 - msg_id_0002 ==> 7E00020000660000000002D7EC5D7E
2026-03-30 01:59:25 - msg_id_0002 ==> 7E00020000660000000002D7ED5C7E
2026-03-30 01:59:28 - msg_id_0002 ==> 7E00020000660000000002D7EE5F7E
2026-03-30 01:59:31 - msg_id_0002 ==> 7E00020000660000000002D7EF5E7E
2026-03-30 01:59:34 - msg_id_0002 ==> 7E00020000660000000002D7F1407E
2026-03-30 01:59:37 - msg_id_0002 ==> 7E00020000660000000002D7F2437E
2026-03-30 01:59:41 - msg_id_0002 ==> 7E00020000660000000002D7F3427E
2026-03-30 01:59:44 - msg_id_0002 ==> 7E00020000660000000002D7F4457E
2026-03-30 01:59:47 - msg_id_0002 ==> 7E00020000660000000002D7F5447E
2026-03-30 01:59:50 - msg_id_0002 ==> 7E00020000660000000002D7F6477E
2026-03-30 01:59:53 - msg_id_0002 ==> 7E00020000660000000002D7F7467E
2026-03-30 01:59:56 - msg_id_0002 ==> 7E00020000660000000002D7F8497E
2026-03-30 01:59:59 - msg_id_0002 ==> 7E00020000660000000002D7F9487E
2026-03-30 02:00:02 - msg_id_0002 ==> 7E00020000660000000002D7FA4B7E
2026-03-30 02:00:05 - msg_id_0002 ==> 7E00020000660000000002D7FC4D7E
2026-03-30 02:00:08 - msg_id_0002 ==> 7E00020000660000000002D7FD4C7E
2026-03-30 02:00:12 - msg_id_0002 ==> 7E00020000660000000002D7FE4F7E
2026-03-30 02:00:15 - msg_id_0002 ==> 7E00020000660000000002D7FF4E7E
2026-03-30 02:00:18 - msg_id_0002 ==> 7E00020000660000000002D800BE7E
2026-03-30 02:00:21 - msg_id_0002 ==> 7E00020000660000000002D801BF7E
2026-03-30 02:00:24 - msg_id_0002 ==> 7E00020000660000000002D802BC7E
2026-03-30 02:00:27 - msg_id_0002 ==> 7E00020000660000000002D803BD7E
2026-03-30 02:00:30 - msg_id_0002 ==> 7E00020000660000000002D804BA7E
2026-03-30 02:00:33 - msg_id_0002 ==> 7E00020000660000000002D805BB7E
2026-03-30 02:00:36 - msg_id_0002 ==> 7E00020000660000000002D807B97E
2026-03-30 02:00:39 - msg_id_0002 ==> 7E00020000660000000002D808B67E
2026-03-30 02:00:43 - msg_id_0002 ==> 7E00020000660000000002D809B77E
2026-03-30 02:00:46 - msg_id_0002 ==> 7E00020000660000000002D80AB47E
2026-03-30 02:00:49 - msg_id_0002 ==> 7E00020000660000000002D80BB57E
2026-03-30 02:00:52 - msg_id_0002 ==> 7E00020000660000000002D80CB27E
2026-03-30 02:00:55 - msg_id_0002 ==> 7E00020000660000000002D80DB37E
2026-03-30 02:00:58 - msg_id_0002 ==> 7E00020000660000000002D80EB07E
2026-03-30 02:01:01 - msg_id_0002 ==> 7E00020000660000000002D80FB17E
2026-03-30 02:01:04 - msg_id_0002 ==> 7E00020000660000000002D810AE7E
2026-03-30 02:01:07 - msg_id_0002 ==> 7E00020000660000000002D812AC7E
2026-03-30 02:01:10 - msg_id_0002 ==> 7E00020000660000000002D813AD7E
2026-03-30 02:01:14 - msg_id_0002 ==> 7E00020000660000000002D814AA7E
2026-03-30 02:01:17 - msg_id_0002 ==> 7E00020000660000000002D815AB7E
2026-03-30 02:01:20 - msg_id_0002 ==> 7E00020000660000000002D816A87E
2026-03-30 02:01:23 - msg_id_0002 ==> 7E00020000660000000002D817A97E
2026-03-30 02:01:26 - msg_id_0002 ==> 7E00020000660000000002D818A67E
2026-03-30 02:01:29 - msg_id_0002 ==> 7E00020000660000000002D819A77E
2026-03-30 02:01:32 - msg_id_0002 ==> 7E00020000660000000002D81AA47E
2026-03-30 02:01:35 - msg_id_0002 ==> 7E00020000660000000002D81BA57E
2026-03-30 02:01:38 - msg_id_0002 ==> 7E00020000660000000002D81DA37E
2026-03-30 02:01:42 - msg_id_0002 ==> 7E00020000660000000002D81EA07E
2026-03-30 02:01:45 - msg_id_0002 ==> 7E00020000660000000002D81FA17E
2026-03-30 02:01:48 - msg_id_0002 ==> 7E00020000660000000002D8209E7E
2026-03-30 02:01:51 - msg_id_0002 ==> 7E00020000660000000002D8219F7E
2026-03-30 02:01:54 - msg_id_0002 ==> 7E00020000660000000002D8229C7E
2026-03-30 02:01:57 - msg_id_0002 ==> 7E00020000660000000002D8239D7E
2026-03-30 02:02:00 - msg_id_0002 ==> 7E00020000660000000002D8249A7E
2026-03-30 02:02:03 - msg_id_0002 ==> 7E00020000660000000002D8259B7E
2026-03-30 02:02:06 - msg_id_0002 ==> 7E00020000660000000002D826987E
2026-03-30 02:02:09 - msg_id_0002 ==> 7E00020000660000000002D828967E
2026-03-30 02:02:12 - msg_id_0002 ==> 7E00020000660000000002D829977E
2026-03-30 02:02:16 - msg_id_0002 ==> 7E00020000660000000002D82A947E
2026-03-30 02:02:19 - msg_id_0002 ==> 7E00020000660000000002D82B957E
2026-03-30 02:02:22 - msg_id_0002 ==> 7E00020000660000000002D82C927E
2026-03-30 02:02:25 - msg_id_0002 ==> 7E00020000660000000002D82D937E
2026-03-30 02:02:28 - msg_id_0002 ==> 7E00020000660000000002D82E907E
2026-03-30 02:02:31 - msg_id_0002 ==> 7E00020000660000000002D82F917E
2026-03-30 02:02:34 - msg_id_0002 ==> 7E00020000660000000002D8308E7E
2026-03-30 02:02:37 - msg_id_0002 ==> 7E00020000660000000002D8318F7E
2026-03-30 02:02:40 - msg_id_0002 ==> 7E00020000660000000002D8338D7E
2026-03-30 02:02:44 - msg_id_0002 ==> 7E00020000660000000002D8348A7E
2026-03-30 02:02:47 - msg_id_0002 ==> 7E00020000660000000002D8358B7E
2026-03-30 02:02:50 - msg_id_0002 ==> 7E00020000660000000002D836887E
2026-03-30 02:02:53 - msg_id_0002 ==> 7E00020000660000000002D837897E
2026-03-30 02:02:56 - msg_id_0002 ==> 7E00020000660000000002D838867E
2026-03-30 02:02:59 - msg_id_0002 ==> 7E00020000660000000002D839877E
2026-03-30 02:03:02 - msg_id_0002 ==> 7E00020000660000000002D83A847E
2026-03-30 02:03:05 - msg_id_0002 ==> 7E00020000660000000002D83B857E
2026-03-30 02:03:08 - msg_id_0002 ==> 7E00020000660000000002D83C827E
2026-03-30 02:03:11 - msg_id_0002 ==> 7E00020000660000000002D83E807E
2026-03-30 02:03:15 - msg_id_0002 ==> 7E00020000660000000002D83F817E
2026-03-30 02:03:18 - msg_id_0002 ==> 7E00020000660000000002D840FE7E
2026-03-30 02:03:21 - msg_id_0002 ==> 7E00020000660000000002D841FF7E
2026-03-30 02:03:24 - msg_id_0002 ==> 7E00020000660000000002D842FC7E
2026-03-30 02:03:27 - msg_id_0002 ==> 7E00020000660000000002D843FD7E
2026-03-30 02:03:30 - msg_id_0002 ==> 7E00020000660000000002D844FA7E
2026-03-30 02:03:33 - msg_id_0002 ==> 7E00020000660000000002D845FB7E
2026-03-30 02:03:36 - msg_id_0002 ==> 7E00020000660000000002D846F87E
2026-03-30 02:03:39 - msg_id_0002 ==> 7E00020000660000000002D847F97E
2026-03-30 02:03:42 - msg_id_0002 ==> 7E00020000660000000002D849F77E
2026-03-30 02:03:46 - msg_id_0002 ==> 7E00020000660000000002D84AF47E
2026-03-30 02:03:49 - msg_id_0002 ==> 7E00020000660000000002D84BF57E
2026-03-30 02:03:52 - msg_id_0002 ==> 7E00020000660000000002D84CF27E
2026-03-30 02:03:55 - msg_id_0002 ==> 7E00020000660000000002D84DF37E
2026-03-30 02:03:58 - msg_id_0002 ==> 7E00020000660000000002D84EF07E
2026-03-30 02:04:01 - msg_id_0002 ==> 7E00020000660000000002D84FF17E
2026-03-30 02:04:04 - msg_id_0002 ==> 7E00020000660000000002D850EE7E
2026-03-30 02:04:07 - msg_id_0002 ==> 7E00020000660000000002D851EF7E
2026-03-30 02:04:10 - msg_id_0002 ==> 7E00020000660000000002D852EC7E
2026-03-30 02:04:13 - msg_id_0002 ==> 7E00020000660000000002D854EA7E
2026-03-30 02:04:17 - msg_id_0002 ==> 7E00020000660000000002D855EB7E
2026-03-30 02:04:20 - msg_id_0002 ==> 7E00020000660000000002D856E87E
2026-03-30 02:04:23 - msg_id_0002 ==> 7E00020000660000000002D857E97E
2026-03-30 02:04:26 - msg_id_0002 ==> 7E00020000660000000002D858E67E
2026-03-30 02:04:29 - msg_id_0002 ==> 7E00020000660000000002D859E77E
2026-03-30 02:04:32 - msg_id_0002 ==> 7E00020000660000000002D85AE47E
2026-03-30 02:04:35 - msg_id_0002 ==> 7E00020000660000000002D85BE57E
2026-03-30 02:04:38 - msg_id_0002 ==> 7E00020000660000000002D85CE27E
2026-03-30 02:04:41 - msg_id_0002 ==> 7E00020000660000000002D85DE37E
2026-03-30 02:04:44 - msg_id_0002 ==> 7E00020000660000000002D85FE17E
2026-03-30 02:04:48 - msg_id_0002 ==> 7E00020000660000000002D860DE7E
2026-03-30 02:04:51 - msg_id_0002 ==> 7E00020000660000000002D861DF7E
2026-03-30 02:04:54 - msg_id_0002 ==> 7E00020000660000000002D862DC7E
2026-03-30 02:04:57 - msg_id_0002 ==> 7E00020000660000000002D863DD7E
2026-03-30 02:05:00 - msg_id_0002 ==> 7E00020000660000000002D864DA7E
2026-03-30 02:05:03 - msg_id_0002 ==> 7E00020000660000000002D865DB7E
2026-03-30 02:05:06 - msg_id_0002 ==> 7E00020000660000000002D866D87E
2026-03-30 02:05:09 - msg_id_0002 ==> 7E00020000660000000002D867D97E
2026-03-30 02:05:12 - msg_id_0002 ==> 7E00020000660000000002D868D67E
2026-03-30 02:05:15 - msg_id_0002 ==> 7E00020000660000000002D86AD47E
2026-03-30 02:05:19 - msg_id_0002 ==> 7E00020000660000000002D86BD57E
2026-03-30 02:05:22 - msg_id_0002 ==> 7E00020000660000000002D86CD27E
2026-03-30 02:05:25 - msg_id_0002 ==> 7E00020000660000000002D86DD37E
2026-03-30 02:05:28 - msg_id_0002 ==> 7E00020000660000000002D86ED07E
2026-03-30 02:05:31 - msg_id_0002 ==> 7E00020000660000000002D86FD17E
2026-03-30 02:05:34 - msg_id_0002 ==> 7E00020000660000000002D870CE7E
2026-03-30 02:05:37 - msg_id_0002 ==> 7E00020000660000000002D871CF7E
2026-03-30 02:05:40 - msg_id_0002 ==> 7E00020000660000000002D872CC7E
2026-03-30 02:05:43 - msg_id_0002 ==> 7E00020000660000000002D873CD7E
2026-03-30 02:05:46 - msg_id_0002 ==> 7E00020000660000000002D875CB7E
2026-03-30 02:05:50 - msg_id_0002 ==> 7E00020000660000000002D876C87E
2026-03-30 02:05:53 - msg_id_0002 ==> 7E00020000660000000002D877C97E
2026-03-30 02:05:56 - msg_id_0002 ==> 7E00020000660000000002D878C67E
2026-03-30 02:05:59 - msg_id_0002 ==> 7E00020000660000000002D879C77E
2026-03-30 02:06:02 - msg_id_0002 ==> 7E00020000660000000002D87AC47E
2026-03-30 02:06:05 - msg_id_0002 ==> 7E00020000660000000002D87BC57E
2026-03-30 02:06:08 - msg_id_0002 ==> 7E00020000660000000002D87CC27E
2026-03-30 02:06:11 - msg_id_0002 ==> 7E00020000660000000002D87D01C37E
2026-03-30 02:06:14 - msg_id_0002 ==> 7E00020000660000000002D87D02C07E
2026-03-30 02:06:22 - msg_id_0002 ==> 7E00020000660000000002D8833D7E
2026-03-30 02:06:25 - msg_id_0002 ==> 7E00020000660000000002D8843A7E
2026-03-30 02:06:28 - msg_id_0002 ==> 7E00020000660000000002D8853B7E
2026-03-30 02:06:31 - msg_id_0002 ==> 7E00020000660000000002D886387E
2026-03-30 02:06:34 - msg_id_0002 ==> 7E00020000660000000002D887397E
2026-03-30 02:06:37 - msg_id_0002 ==> 7E00020000660000000002D888367E
2026-03-30 02:06:40 - msg_id_0002 ==> 7E00020000660000000002D889377E
2026-03-30 02:06:43 - msg_id_0002 ==> 7E00020000660000000002D88A347E
2026-03-30 02:06:47 - msg_id_0002 ==> 7E00020000660000000002D88B357E
2026-03-30 02:06:50 - msg_id_0002 ==> 7E00020000660000000002D88C327E
2026-03-30 02:06:53 - msg_id_0002 ==> 7E00020000660000000002D88E307E
2026-03-30 02:06:56 - msg_id_0002 ==> 7E00020000660000000002D88F317E
2026-03-30 02:06:59 - msg_id_0002 ==> 7E00020000660000000002D8902E7E
2026-03-30 02:07:02 - msg_id_0002 ==> 7E00020000660000000002D8912F7E
2026-03-30 02:07:05 - msg_id_0002 ==> 7E00020000660000000002D8922C7E
2026-03-30 02:07:08 - msg_id_0002 ==> 7E00020000660000000002D8932D7E
2026-03-30 02:07:11 - msg_id_0002 ==> 7E00020000660000000002D8942A7E
2026-03-30 02:07:15 - msg_id_0002 ==> 7E00020000660000000002D8952B7E
2026-03-30 02:07:18 - msg_id_0002 ==> 7E00020000660000000002D896287E
2026-03-30 02:07:21 - msg_id_0002 ==> 7E00020000660000000002D897297E
2026-03-30 02:07:24 - msg_id_0002 ==> 7E00020000660000000002D899277E
2026-03-30 02:07:27 - msg_id_0002 ==> 7E00020000660000000002D89A247E
2026-03-30 02:07:30 - msg_id_0002 ==> 7E00020000660000000002D89B257E
2026-03-30 02:07:33 - msg_id_0002 ==> 7E00020000660000000002D89C227E
2026-03-30 02:07:36 - msg_id_0002 ==> 7E00020000660000000002D89D237E
2026-03-30 02:07:39 - msg_id_0002 ==> 7E00020000660000000002D89E207E
2026-03-30 02:07:42 - msg_id_0002 ==> 7E00020000660000000002D89F217E
2026-03-30 02:07:45 - msg_id_0002 ==> 7E00020000660000000002D8A01E7E
2026-03-30 02:07:49 - msg_id_0002 ==> 7E00020000660000000002D8A11F7E
2026-03-30 02:07:52 - msg_id_0002 ==> 7E00020000660000000002D8A21C7E
2026-03-30 02:07:55 - msg_id_0002 ==> 7E00020000660000000002D8A41A7E
2026-03-30 02:07:58 - msg_id_0002 ==> 7E00020000660000000002D8A51B7E
2026-03-30 02:08:01 - msg_id_0002 ==> 7E00020000660000000002D8A6187E
2026-03-30 02:08:04 - msg_id_0002 ==> 7E00020000660000000002D8A7197E
2026-03-30 02:08:07 - msg_id_0002 ==> 7E00020000660000000002D8A8167E
2026-03-30 02:08:10 - msg_id_0002 ==> 7E00020000660000000002D8A9177E
2026-03-30 02:08:13 - msg_id_0002 ==> 7E00020000660000000002D8AA147E
2026-03-30 02:08:16 - msg_id_0002 ==> 7E00020000660000000002D8AB157E
2026-03-30 02:08:20 - msg_id_0002 ==> 7E00020000660000000002D8AC127E
2026-03-30 02:08:23 - msg_id_0002 ==> 7E00020000660000000002D8AD137E
2026-03-30 02:08:26 - msg_id_0002 ==> 7E00020000660000000002D8AF117E
2026-03-30 02:08:29 - msg_id_0002 ==> 7E00020000660000000002D8B00E7E
2026-03-30 02:08:32 - msg_id_0002 ==> 7E00020000660000000002D8B10F7E
2026-03-30 02:08:35 - msg_id_0002 ==> 7E00020000660000000002D8B20C7E
2026-03-30 02:08:38 - msg_id_0002 ==> 7E00020000660000000002D8B30D7E
2026-03-30 02:08:41 - msg_id_0002 ==> 7E00020000660000000002D8B40A7E
2026-03-30 02:08:44 - msg_id_0002 ==> 7E00020000660000000002D8B50B7E
2026-03-30 02:08:47 - msg_id_0002 ==> 7E00020000660000000002D8B6087E
2026-03-30 02:08:51 - msg_id_0002 ==> 7E00020000660000000002D8B7097E
2026-03-30 02:08:54 - msg_id_0002 ==> 7E00020000660000000002D8B8067E
2026-03-30 02:08:57 - msg_id_0002 ==> 7E00020000660000000002D8BA047E
2026-03-30 02:09:00 - msg_id_0002 ==> 7E00020000660000000002D8BB057E
2026-03-30 02:09:03 - msg_id_0002 ==> 7E00020000660000000002D8BC027E
2026-03-30 02:09:06 - msg_id_0002 ==> 7E00020000660000000002D8BD037E
2026-03-30 02:09:09 - msg_id_0002 ==> 7E00020000660000000002D8BE007E
2026-03-30 02:09:12 - msg_id_0002 ==> 7E00020000660000000002D8BF017E
2026-03-30 02:09:15 - msg_id_0002 ==> 7E00020000660000000002D8C07D027E
2026-03-30 02:09:19 - msg_id_0002 ==> 7E00020000660000000002D8C17F7E
2026-03-30 02:09:22 - msg_id_0002 ==> 7E00020000660000000002D8C27C7E
2026-03-30 02:09:25 - msg_id_0002 ==> 7E00020000660000000002D8C37D017E
2026-03-30 02:09:28 - msg_id_0002 ==> 7E00020000660000000002D8C57B7E
2026-03-30 02:09:31 - msg_id_0002 ==> 7E00020000660000000002D8C6787E
2026-03-30 02:09:34 - msg_id_0002 ==> 7E00020000660000000002D8C7797E
2026-03-30 02:09:37 - msg_id_0002 ==> 7E00020000660000000002D8C8767E
2026-03-30 02:09:40 - msg_id_0002 ==> 7E00020000660000000002D8C9777E
2026-03-30 02:09:43 - msg_id_0002 ==> 7E00020000660000000002D8CA747E
2026-03-30 02:09:46 - msg_id_0002 ==> 7E00020000660000000002D8CB757E
2026-03-30 02:09:50 - msg_id_0002 ==> 7E00020000660000000002D8CC727E
2026-03-30 02:09:53 - msg_id_0002 ==> 7E00020000660000000002D8CD737E
2026-03-30 02:09:56 - msg_id_0002 ==> 7E00020000660000000002D8CE707E
2026-03-30 02:09:59 - msg_id_0002 ==> 7E00020000660000000002D8D06E7E
2026-03-30 02:10:02 - msg_id_0002 ==> 7E00020000660000000002D8D16F7E
2026-03-30 02:10:05 - msg_id_0002 ==> 7E00020000660000000002D8D26C7E
2026-03-30 02:10:08 - msg_id_0002 ==> 7E00020000660000000002D8D36D7E
2026-03-30 02:10:11 - msg_id_0002 ==> 7E00020000660000000002D8D46A7E
2026-03-30 02:10:14 - msg_id_0002 ==> 7E00020000660000000002D8D56B7E
2026-03-30 02:10:17 - msg_id_0002 ==> 7E00020000660000000002D8D6687E
2026-03-30 02:10:21 - msg_id_0002 ==> 7E00020000660000000002D8D7697E
2026-03-30 02:10:24 - msg_id_0002 ==> 7E00020000660000000002D8D8667E
2026-03-30 02:10:27 - msg_id_0002 ==> 7E00020000660000000002D8D9677E
2026-03-30 02:10:30 - msg_id_0002 ==> 7E00020000660000000002D8DB657E
2026-03-30 02:10:33 - msg_id_0002 ==> 7E00020000660000000002D8DC627E
2026-03-30 02:10:36 - msg_id_0002 ==> 7E00020000660000000002D8DD637E
2026-03-30 02:10:39 - msg_id_0002 ==> 7E00020000660000000002D8DE607E
2026-03-30 02:10:42 - msg_id_0002 ==> 7E00020000660000000002D8DF617E
2026-03-30 02:10:45 - msg_id_0002 ==> 7E00020000660000000002D8E05E7E
2026-03-30 02:10:48 - msg_id_0002 ==> 7E00020000660000000002D8E15F7E
2026-03-30 02:10:52 - msg_id_0002 ==> 7E00020000660000000002D8E25C7E
2026-03-30 02:10:55 - msg_id_0002 ==> 7E00020000660000000002D8E35D7E
2026-03-30 02:10:58 - msg_id_0002 ==> 7E00020000660000000002D8E45A7E
2026-03-30 02:11:01 - msg_id_0002 ==> 7E00020000660000000002D8E6587E
2026-03-30 02:11:04 - msg_id_0002 ==> 7E00020000660000000002D8E7597E
2026-03-30 02:11:07 - msg_id_0002 ==> 7E00020000660000000002D8E8567E
2026-03-30 02:11:10 - msg_id_0002 ==> 7E00020000660000000002D8E9577E
2026-03-30 02:11:13 - msg_id_0002 ==> 7E00020000660000000002D8EA547E
2026-03-30 02:11:16 - msg_id_0002 ==> 7E00020000660000000002D8EB557E
2026-03-30 02:11:19 - msg_id_0002 ==> 7E00020000660000000002D8EC527E
2026-03-30 02:11:23 - msg_id_0002 ==> 7E00020000660000000002D8ED537E
2026-03-30 02:11:26 - msg_id_0002 ==> 7E00020000660000000002D8EE507E
2026-03-30 02:11:29 - msg_id_0002 ==> 7E00020000660000000002D8EF517E
2026-03-30 02:11:32 - msg_id_0002 ==> 7E00020000660000000002D8F14F7E
2026-03-30 02:11:35 - msg_id_0002 ==> 7E00020000660000000002D8F24C7E
2026-03-30 02:11:38 - msg_id_0002 ==> 7E00020000660000000002D8F34D7E
2026-03-30 02:11:41 - msg_id_0002 ==> 7E00020000660000000002D8F44A7E
2026-03-30 02:11:44 - msg_id_0002 ==> 7E00020000660000000002D8F54B7E
2026-03-30 02:11:47 - msg_id_0002 ==> 7E00020000660000000002D8F6487E
2026-03-30 02:11:50 - msg_id_0002 ==> 7E00020000660000000002D8F7497E
2026-03-30 02:11:54 - msg_id_0002 ==> 7E00020000660000000002D8F8467E
2026-03-30 02:11:57 - msg_id_0002 ==> 7E00020000660000000002D8F9477E
2026-03-30 02:12:00 - msg_id_0002 ==> 7E00020000660000000002D8FA447E
2026-03-30 02:12:03 - msg_id_0002 ==> 7E00020000660000000002D8FC427E
2026-03-30 02:12:06 - msg_id_0002 ==> 7E00020000660000000002D8FD437E
2026-03-30 02:12:09 - msg_id_0002 ==> 7E00020000660000000002D8FE407E
2026-03-30 02:12:12 - msg_id_0002 ==> 7E00020000660000000002D8FF417E
2026-03-30 02:12:15 - msg_id_0002 ==> 7E00020000660000000002D900BF7E
2026-03-30 02:12:18 - msg_id_0002 ==> 7E00020000660000000002D901BE7E
2026-03-30 02:12:21 - msg_id_0002 ==> 7E00020000660000000002D902BD7E
2026-03-30 02:12:25 - msg_id_0002 ==> 7E00020000660000000002D903BC7E
2026-03-30 02:12:28 - msg_id_0002 ==> 7E00020000660000000002D904BB7E
2026-03-30 02:12:31 - msg_id_0002 ==> 7E00020000660000000002D905BA7E
2026-03-30 02:12:34 - msg_id_0002 ==> 7E00020000660000000002D907B87E
2026-03-30 02:12:37 - msg_id_0002 ==> 7E00020000660000000002D908B77E
2026-03-30 02:12:40 - msg_id_0002 ==> 7E00020000660000000002D909B67E
2026-03-30 02:12:43 - msg_id_0002 ==> 7E00020000660000000002D90AB57E
2026-03-30 02:12:46 - msg_id_0002 ==> 7E00020000660000000002D90BB47E
2026-03-30 02:12:49 - msg_id_0002 ==> 7E00020000660000000002D90CB37E
2026-03-30 02:12:52 - msg_id_0002 ==> 7E00020000660000000002D90DB27E
2026-03-30 02:12:56 - msg_id_0002 ==> 7E00020000660000000002D90EB17E
2026-03-30 02:12:59 - msg_id_0002 ==> 7E00020000660000000002D90FB07E
2026-03-30 02:13:02 - msg_id_0002 ==> 7E00020000660000000002D910AF7E
2026-03-30 02:13:05 - msg_id_0002 ==> 7E00020000660000000002D912AD7E
2026-03-30 02:13:08 - msg_id_0002 ==> 7E00020000660000000002D913AC7E
2026-03-30 02:13:11 - msg_id_0002 ==> 7E00020000660000000002D914AB7E
2026-03-30 02:13:14 - msg_id_0002 ==> 7E00020000660000000002D915AA7E
2026-03-30 02:13:17 - msg_id_0002 ==> 7E00020000660000000002D916A97E
2026-03-30 02:13:20 - msg_id_0002 ==> 7E00020000660000000002D917A87E
2026-03-30 02:13:23 - msg_id_0002 ==> 7E00020000660000000002D918A77E
2026-03-30 02:13:27 - msg_id_0002 ==> 7E00020000660000000002D919A67E
2026-03-30 02:13:30 - msg_id_0002 ==> 7E00020000660000000002D91AA57E
2026-03-30 02:13:33 - msg_id_0002 ==> 7E00020000660000000002D91BA47E
2026-03-30 02:13:36 - msg_id_0002 ==> 7E00020000660000000002D91DA27E
2026-03-30 02:13:39 - msg_id_0002 ==> 7E00020000660000000002D91EA17E
2026-03-30 02:13:42 - msg_id_0002 ==> 7E00020000660000000002D91FA07E
2026-03-30 02:13:45 - msg_id_0002 ==> 7E00020000660000000002D9209F7E
2026-03-30 02:13:48 - msg_id_0002 ==> 7E00020000660000000002D9219E7E
2026-03-30 02:13:51 - msg_id_0002 ==> 7E00020000660000000002D9229D7E
2026-03-30 02:13:54 - msg_id_0002 ==> 7E00020000660000000002D9239C7E
2026-03-30 02:13:58 - msg_id_0002 ==> 7E00020000660000000002D9249B7E
2026-03-30 02:14:01 - msg_id_0002 ==> 7E00020000660000000002D9259A7E
2026-03-30 02:14:04 - msg_id_0002 ==> 7E00020000660000000002D926997E
2026-03-30 02:14:07 - msg_id_0002 ==> 7E00020000660000000002D928977E
2026-03-30 02:14:10 - msg_id_0002 ==> 7E00020000660000000002D929967E
2026-03-30 02:14:13 - msg_id_0002 ==> 7E00020000660000000002D92A957E
2026-03-30 02:14:16 - msg_id_0002 ==> 7E00020000660000000002D92B947E
2026-03-30 02:14:19 - msg_id_0002 ==> 7E00020000660000000002D92C937E
2026-03-30 02:14:22 - msg_id_0002 ==> 7E00020000660000000002D92D927E
2026-03-30 02:14:26 - msg_id_0002 ==> 7E00020000660000000002D92E917E
2026-03-30 02:14:29 - msg_id_0002 ==> 7E00020000660000000002D92F907E
2026-03-30 02:14:32 - msg_id_0002 ==> 7E00020000660000000002D9308F7E
2026-03-30 02:14:35 - msg_id_0002 ==> 7E00020000660000000002D9318E7E
2026-03-30 02:14:38 - msg_id_0002 ==> 7E00020000660000000002D9338C7E
2026-03-30 02:14:41 - msg_id_0002 ==> 7E00020000660000000002D9348B7E
2026-03-30 02:14:44 - msg_id_0002 ==> 7E00020000660000000002D9358A7E
2026-03-30 02:14:47 - msg_id_0002 ==> 7E00020000660000000002D936897E
2026-03-30 02:14:50 - msg_id_0002 ==> 7E00020000660000000002D937887E
2026-03-30 02:14:53 - msg_id_0002 ==> 7E00020000660000000002D938877E
2026-03-30 02:14:57 - msg_id_0002 ==> 7E00020000660000000002D939867E
2026-03-30 02:15:00 - msg_id_0002 ==> 7E00020000660000000002D93A857E
2026-03-30 02:15:03 - msg_id_0002 ==> 7E00020000660000000002D93B847E
2026-03-30 02:15:06 - msg_id_0002 ==> 7E00020000660000000002D93C837E
2026-03-30 02:15:09 - msg_id_0002 ==> 7E00020000660000000002D93E817E
2026-03-30 02:15:12 - msg_id_0002 ==> 7E00020000660000000002D93F807E
2026-03-30 02:15:15 - msg_id_0002 ==> 7E00020000660000000002D940FF7E
2026-03-30 02:15:18 - msg_id_0002 ==> 7E00020000660000000002D941FE7E
2026-03-30 02:15:21 - msg_id_0002 ==> 7E00020000660000000002D942FD7E
2026-03-30 02:15:24 - msg_id_0002 ==> 7E00020000660000000002D943FC7E
2026-03-30 02:15:28 - msg_id_0002 ==> 7E00020000660000000002D944FB7E
2026-03-30 02:15:31 - msg_id_0002 ==> 7E00020000660000000002D945FA7E
2026-03-30 02:15:34 - msg_id_0002 ==> 7E00020000660000000002D946F97E
2026-03-30 02:15:37 - msg_id_0002 ==> 7E00020000660000000002D947F87E
2026-03-30 02:15:40 - msg_id_0002 ==> 7E00020000660000000002D949F67E
2026-03-30 02:15:43 - msg_id_0002 ==> 7E00020000660000000002D94AF57E
2026-03-30 02:15:46 - msg_id_0002 ==> 7E00020000660000000002D94BF47E
2026-03-30 02:15:49 - msg_id_0002 ==> 7E00020000660000000002D94CF37E
2026-03-30 02:15:52 - msg_id_0002 ==> 7E00020000660000000002D94DF27E
2026-03-30 02:15:55 - msg_id_0002 ==> 7E00020000660000000002D94EF17E
2026-03-30 02:15:59 - msg_id_0002 ==> 7E00020000660000000002D94FF07E
2026-03-30 02:16:02 - msg_id_0002 ==> 7E00020000660000000002D950EF7E
2026-03-30 02:16:05 - msg_id_0002 ==> 7E00020000660000000002D951EE7E
2026-03-30 02:16:08 - msg_id_0002 ==> 7E00020000660000000002D952ED7E
2026-03-30 02:16:11 - msg_id_0002 ==> 7E00020000660000000002D954EB7E
2026-03-30 02:16:14 - msg_id_0002 ==> 7E00020000660000000002D955EA7E
2026-03-30 02:16:17 - msg_id_0002 ==> 7E00020000660000000002D956E97E
2026-03-30 02:16:20 - msg_id_0002 ==> 7E00020000660000000002D957E87E
2026-03-30 02:16:23 - msg_id_0002 ==> 7E00020000660000000002D958E77E
2026-03-30 02:16:26 - msg_id_0002 ==> 7E00020000660000000002D959E67E
2026-03-30 02:16:30 - msg_id_0002 ==> 7E00020000660000000002D95AE57E
2026-03-30 02:16:33 - msg_id_0002 ==> 7E00020000660000000002D95BE47E
2026-03-30 02:16:36 - msg_id_0002 ==> 7E00020000660000000002D95CE37E
2026-03-30 02:16:39 - msg_id_0002 ==> 7E00020000660000000002D95DE27E
2026-03-30 02:16:42 - msg_id_0002 ==> 7E00020000660000000002D95FE07E
2026-03-30 02:16:45 - msg_id_0002 ==> 7E00020000660000000002D960DF7E
2026-03-30 02:16:48 - msg_id_0002 ==> 7E00020000660000000002D961DE7E
2026-03-30 02:16:51 - msg_id_0002 ==> 7E00020000660000000002D962DD7E
2026-03-30 02:16:54 - msg_id_0002 ==> 7E00020000660000000002D963DC7E
2026-03-30 02:16:57 - msg_id_0002 ==> 7E00020000660000000002D964DB7E
2026-03-30 02:17:01 - msg_id_0002 ==> 7E00020000660000000002D965DA7E
2026-03-30 02:17:04 - msg_id_0002 ==> 7E00020000660000000002D966D97E
2026-03-30 02:17:07 - msg_id_0002 ==> 7E00020000660000000002D967D87E
2026-03-30 02:17:10 - msg_id_0002 ==> 7E00020000660000000002D968D77E
2026-03-30 02:17:13 - msg_id_0002 ==> 7E00020000660000000002D96AD57E
2026-03-30 02:17:16 - msg_id_0002 ==> 7E00020000660000000002D96BD47E
2026-03-30 02:17:19 - msg_id_0002 ==> 7E00020000660000000002D96CD37E
2026-03-30 02:17:22 - msg_id_0002 ==> 7E00020000660000000002D96DD27E
2026-03-30 02:17:25 - msg_id_0002 ==> 7E00020000660000000002D96ED17E
2026-03-30 02:17:28 - msg_id_0002 ==> 7E00020000660000000002D96FD07E
2026-03-30 02:17:32 - msg_id_0002 ==> 7E00020000660000000002D970CF7E
2026-03-30 02:17:35 - msg_id_0002 ==> 7E00020000660000000002D971CE7E
2026-03-30 02:17:38 - msg_id_0002 ==> 7E00020000660000000002D972CD7E
2026-03-30 02:17:41 - msg_id_0002 ==> 7E00020000660000000002D973CC7E
2026-03-30 02:17:44 - msg_id_0002 ==> 7E00020000660000000002D975CA7E
2026-03-30 02:17:47 - msg_id_0002 ==> 7E00020000660000000002D976C97E
2026-03-30 02:17:50 - msg_id_0002 ==> 7E00020000660000000002D977C87E
2026-03-30 02:17:53 - msg_id_0002 ==> 7E00020000660000000002D978C77E
2026-03-30 02:17:56 - msg_id_0002 ==> 7E00020000660000000002D979C67E
2026-03-30 02:17:59 - msg_id_0002 ==> 7E00020000660000000002D97AC57E
2026-03-30 02:18:03 - msg_id_0002 ==> 7E00020000660000000002D97BC47E
2026-03-30 02:18:06 - msg_id_0002 ==> 7E00020000660000000002D97CC37E
2026-03-30 02:18:09 - msg_id_0002 ==> 7E00020000660000000002D97D01C27E
2026-03-30 02:18:12 - msg_id_0002 ==> 7E00020000660000000002D97D02C17E
2026-03-30 02:18:19 - msg_id_0002 ==> 7E00020000660000000002D9833C7E
2026-03-30 02:18:23 - msg_id_0002 ==> 7E00020000660000000002D9843B7E
2026-03-30 02:18:26 - msg_id_0002 ==> 7E00020000660000000002D9853A7E
2026-03-30 02:18:29 - msg_id_0002 ==> 7E00020000660000000002D986397E
2026-03-30 02:18:32 - msg_id_0002 ==> 7E00020000660000000002D987387E
2026-03-30 02:18:35 - msg_id_0002 ==> 7E00020000660000000002D988377E
2026-03-30 02:18:38 - msg_id_0002 ==> 7E00020000660000000002D989367E
2026-03-30 02:18:41 - msg_id_0002 ==> 7E00020000660000000002D98A357E
2026-03-30 02:18:44 - msg_id_0002 ==> 7E00020000660000000002D98B347E
2026-03-30 02:18:47 - msg_id_0002 ==> 7E00020000660000000002D98C337E
2026-03-30 02:18:50 - msg_id_0002 ==> 7E00020000660000000002D98E317E
2026-03-30 02:18:53 - msg_id_0002 ==> 7E00020000660000000002D98F307E
2026-03-30 02:18:57 - msg_id_0002 ==> 7E00020000660000000002D9902F7E
2026-03-30 02:19:00 - msg_id_0002 ==> 7E00020000660000000002D9912E7E
2026-03-30 02:19:03 - msg_id_0002 ==> 7E00020000660000000002D9922D7E
2026-03-30 02:19:06 - msg_id_0002 ==> 7E00020000660000000002D9932C7E
2026-03-30 02:19:09 - msg_id_0002 ==> 7E00020000660000000002D9942B7E
2026-03-30 02:19:12 - msg_id_0002 ==> 7E00020000660000000002D9952A7E
2026-03-30 02:19:15 - msg_id_0002 ==> 7E00020000660000000002D996297E
2026-03-30 02:19:18 - msg_id_0002 ==> 7E00020000660000000002D997287E
2026-03-30 02:19:21 - msg_id_0002 ==> 7E00020000660000000002D999267E
2026-03-30 02:19:24 - msg_id_0002 ==> 7E00020000660000000002D99A257E
2026-03-30 02:19:28 - msg_id_0002 ==> 7E00020000660000000002D99B247E
2026-03-30 02:19:31 - msg_id_0002 ==> 7E00020000660000000002D99C237E
2026-03-30 02:19:34 - msg_id_0002 ==> 7E00020000660000000002D99D227E
2026-03-30 02:19:37 - msg_id_0002 ==> 7E00020000660000000002D99E217E
2026-03-30 02:19:40 - msg_id_0002 ==> 7E00020000660000000002D99F207E
2026-03-30 02:19:43 - msg_id_0002 ==> 7E00020000660000000002D9A01F7E
2026-03-30 02:19:46 - msg_id_0002 ==> 7E00020000660000000002D9A11E7E
2026-03-30 02:19:49 - msg_id_0002 ==> 7E00020000660000000002D9A21D7E
2026-03-30 02:19:52 - msg_id_0002 ==> 7E00020000660000000002D9A41B7E
2026-03-30 02:19:55 - msg_id_0002 ==> 7E00020000660000000002D9A51A7E
2026-03-30 02:19:59 - msg_id_0002 ==> 7E00020000660000000002D9A6197E
2026-03-30 02:20:02 - msg_id_0002 ==> 7E00020000660000000002D9A7187E
2026-03-30 02:20:05 - msg_id_0002 ==> 7E00020000660000000002D9A8177E
2026-03-30 02:20:08 - msg_id_0002 ==> 7E00020000660000000002D9A9167E
2026-03-30 02:20:11 - msg_id_0002 ==> 7E00020000660000000002D9AA157E
2026-03-30 02:20:14 - msg_id_0002 ==> 7E00020000660000000002D9AB147E
2026-03-30 02:20:17 - msg_id_0002 ==> 7E00020000660000000002D9AC137E
2026-03-30 02:20:20 - msg_id_0002 ==> 7E00020000660000000002D9AD127E
2026-03-30 02:20:23 - msg_id_0002 ==> 7E00020000660000000002D9AF107E
2026-03-30 02:20:26 - msg_id_0002 ==> 7E00020000660000000002D9B00F7E
2026-03-30 02:20:30 - msg_id_0002 ==> 7E00020000660000000002D9B10E7E
2026-03-30 02:20:33 - msg_id_0002 ==> 7E00020000660000000002D9B20D7E
2026-03-30 02:20:36 - msg_id_0002 ==> 7E00020000660000000002D9B30C7E
2026-03-30 02:20:39 - msg_id_0002 ==> 7E00020000660000000002D9B40B7E
2026-03-30 02:20:42 - msg_id_0002 ==> 7E00020000660000000002D9B50A7E
2026-03-30 02:20:45 - msg_id_0002 ==> 7E00020000660000000002D9B6097E
2026-03-30 02:20:48 - msg_id_0002 ==> 7E00020000660000000002D9B7087E
2026-03-30 02:20:51 - msg_id_0002 ==> 7E00020000660000000002D9B8077E
2026-03-30 02:20:54 - msg_id_0002 ==> 7E00020000660000000002D9BA057E
2026-03-30 02:20:58 - msg_id_0002 ==> 7E00020000660000000002D9BB047E
2026-03-30 02:21:01 - msg_id_0002 ==> 7E00020000660000000002D9BC037E
2026-03-30 02:21:04 - msg_id_0002 ==> 7E00020000660000000002D9BD027E
2026-03-30 02:21:07 - msg_id_0002 ==> 7E00020000660000000002D9BE017E
2026-03-30 02:21:10 - msg_id_0002 ==> 7E00020000660000000002D9BF007E
2026-03-30 02:21:13 - msg_id_0002 ==> 7E00020000660000000002D9C07F7E
2026-03-30 02:21:16 - msg_id_0002 ==> 7E00020000660000000002D9C17D027E
2026-03-30 02:21:19 - msg_id_0002 ==> 7E00020000660000000002D9C27D017E
2026-03-30 02:21:22 - msg_id_0002 ==> 7E00020000660000000002D9C37C7E
2026-03-30 02:21:25 - msg_id_0002 ==> 7E00020000660000000002D9C57A7E
2026-03-30 02:21:28 - msg_id_0002 ==> 7E00020000660000000002D9C6797E
2026-03-30 02:21:32 - msg_id_0002 ==> 7E00020000660000000002D9C7787E
2026-03-30 02:21:35 - msg_id_0002 ==> 7E00020000660000000002D9C8777E
2026-03-30 02:21:38 - msg_id_0002 ==> 7E00020000660000000002D9C9767E
2026-03-30 02:21:41 - msg_id_0002 ==> 7E00020000660000000002D9CA757E
2026-03-30 02:21:44 - msg_id_0002 ==> 7E00020000660000000002D9CB747E
2026-03-30 02:21:47 - msg_id_0002 ==> 7E00020000660000000002D9CC737E
2026-03-30 02:21:50 - msg_id_0002 ==> 7E00020000660000000002D9CD727E
2026-03-30 02:21:53 - msg_id_0002 ==> 7E00020000660000000002D9CE717E
2026-03-30 02:21:56 - msg_id_0002 ==> 7E00020000660000000002D9D06F7E
2026-03-30 02:21:59 - msg_id_0002 ==> 7E00020000660000000002D9D16E7E
2026-03-30 02:22:03 - msg_id_0002 ==> 7E00020000660000000002D9D26D7E
2026-03-30 02:22:06 - msg_id_0002 ==> 7E00020000660000000002D9D36C7E
2026-03-30 02:22:09 - msg_id_0002 ==> 7E00020000660000000002D9D46B7E
2026-03-30 02:22:12 - msg_id_0002 ==> 7E00020000660000000002D9D56A7E
2026-03-30 02:22:15 - msg_id_0002 ==> 7E00020000660000000002D9D6697E
2026-03-30 02:22:18 - msg_id_0002 ==> 7E00020000660000000002D9D7687E
2026-03-30 02:22:21 - msg_id_0002 ==> 7E00020000660000000002D9D8677E
2026-03-30 02:22:24 - msg_id_0002 ==> 7E00020000660000000002D9D9667E
2026-03-30 02:22:27 - msg_id_0002 ==> 7E00020000660000000002D9DB647E
2026-03-30 02:22:30 - msg_id_0002 ==> 7E00020000660000000002D9DC637E
2026-03-30 02:22:34 - msg_id_0002 ==> 7E00020000660000000002D9DD627E
2026-03-30 02:22:37 - msg_id_0002 ==> 7E00020000660000000002D9DE617E
2026-03-30 02:22:40 - msg_id_0002 ==> 7E00020000660000000002D9DF607E
2026-03-30 02:22:43 - msg_id_0002 ==> 7E00020000660000000002D9E05F7E
2026-03-30 02:22:46 - msg_id_0002 ==> 7E00020000660000000002D9E15E7E
2026-03-30 02:22:49 - msg_id_0002 ==> 7E00020000660000000002D9E25D7E
2026-03-30 02:22:52 - msg_id_0002 ==> 7E00020000660000000002D9E35C7E
2026-03-30 02:22:55 - msg_id_0002 ==> 7E00020000660000000002D9E45B7E
2026-03-30 02:22:58 - msg_id_0002 ==> 7E00020000660000000002D9E6597E
2026-03-30 02:23:01 - msg_id_0002 ==> 7E00020000660000000002D9E7587E
2026-03-30 02:23:05 - msg_id_0002 ==> 7E00020000660000000002D9E8577E
2026-03-30 02:23:08 - msg_id_0002 ==> 7E00020000660000000002D9E9567E
2026-03-30 02:23:11 - msg_id_0002 ==> 7E00020000660000000002D9EA557E
2026-03-30 02:23:14 - msg_id_0002 ==> 7E00020000660000000002D9EB547E
2026-03-30 02:23:17 - msg_id_0002 ==> 7E00020000660000000002D9EC537E
2026-03-30 02:23:20 - msg_id_0002 ==> 7E00020000660000000002D9ED527E
2026-03-30 02:23:23 - msg_id_0002 ==> 7E00020000660000000002D9EE517E
2026-03-30 02:23:26 - msg_id_0002 ==> 7E00020000660000000002D9EF507E
2026-03-30 02:23:29 - msg_id_0002 ==> 7E00020000660000000002D9F14E7E
2026-03-30 02:23:32 - msg_id_0002 ==> 7E00020000660000000002D9F24D7E
2026-03-30 02:23:36 - msg_id_0002 ==> 7E00020000660000000002D9F34C7E
2026-03-30 02:23:39 - msg_id_0002 ==> 7E00020000660000000002D9F44B7E
2026-03-30 02:23:42 - msg_id_0002 ==> 7E00020000660000000002D9F54A7E
2026-03-30 02:23:45 - msg_id_0002 ==> 7E00020000660000000002D9F6497E
2026-03-30 02:23:48 - msg_id_0002 ==> 7E00020000660000000002D9F7487E
2026-03-30 02:23:51 - msg_id_0002 ==> 7E00020000660000000002D9F8477E
2026-03-30 02:23:54 - msg_id_0002 ==> 7E00020000660000000002D9F9467E
2026-03-30 02:23:57 - msg_id_0002 ==> 7E00020000660000000002D9FA457E
2026-03-30 02:24:00 - msg_id_0002 ==> 7E00020000660000000002D9FC437E
2026-03-30 02:24:03 - msg_id_0002 ==> 7E00020000660000000002D9FD427E
2026-03-30 02:24:07 - msg_id_0002 ==> 7E00020000660000000002D9FE417E
2026-03-30 02:24:10 - msg_id_0002 ==> 7E00020000660000000002D9FF407E
2026-03-30 02:24:13 - msg_id_0002 ==> 7E00020000660000000002DA00BC7E
2026-03-30 02:24:16 - msg_id_0002 ==> 7E00020000660000000002DA01BD7E
2026-03-30 02:24:19 - msg_id_0002 ==> 7E00020000660000000002DA02BE7E
2026-03-30 02:24:22 - msg_id_0002 ==> 7E00020000660000000002DA03BF7E
2026-03-30 02:24:25 - msg_id_0002 ==> 7E00020000660000000002DA04B87E
2026-03-30 02:24:28 - msg_id_0002 ==> 7E00020000660000000002DA05B97E
2026-03-30 02:24:31 - msg_id_0002 ==> 7E00020000660000000002DA07BB7E
2026-03-30 02:24:34 - msg_id_0002 ==> 7E00020000660000000002DA08B47E
2026-03-30 02:24:38 - msg_id_0002 ==> 7E00020000660000000002DA09B57E
2026-03-30 02:24:41 - msg_id_0002 ==> 7E00020000660000000002DA0AB67E
2026-03-30 02:24:44 - msg_id_0002 ==> 7E00020000660000000002DA0BB77E
2026-03-30 02:24:47 - msg_id_0002 ==> 7E00020000660000000002DA0CB07E
2026-03-30 02:24:50 - msg_id_0002 ==> 7E00020000660000000002DA0DB17E
2026-03-30 02:24:53 - msg_id_0002 ==> 7E00020000660000000002DA0EB27E
2026-03-30 02:24:56 - msg_id_0002 ==> 7E00020000660000000002DA0FB37E
2026-03-30 02:24:59 - msg_id_0002 ==> 7E00020000660000000002DA10AC7E
2026-03-30 02:25:02 - msg_id_0002 ==> 7E00020000660000000002DA12AE7E
2026-03-30 02:25:06 - msg_id_0002 ==> 7E00020000660000000002DA13AF7E
2026-03-30 02:25:09 - msg_id_0002 ==> 7E00020000660000000002DA14A87E
2026-03-30 02:25:12 - msg_id_0002 ==> 7E00020000660000000002DA15A97E
2026-03-30 02:25:15 - msg_id_0002 ==> 7E00020000660000000002DA16AA7E
2026-03-30 02:25:18 - msg_id_0002 ==> 7E00020000660000000002DA17AB7E
2026-03-30 02:25:21 - msg_id_0002 ==> 7E00020000660000000002DA18A47E
2026-03-30 02:25:24 - msg_id_0002 ==> 7E00020000660000000002DA19A57E
2026-03-30 02:25:27 - msg_id_0002 ==> 7E00020000660000000002DA1AA67E
2026-03-30 02:25:30 - msg_id_0002 ==> 7E00020000660000000002DA1BA77E
2026-03-30 02:25:33 - msg_id_0002 ==> 7E00020000660000000002DA1DA17E
2026-03-30 02:25:36 - msg_id_0002 ==> 7E00020000660000000002DA1EA27E
2026-03-30 02:25:40 - msg_id_0002 ==> 7E00020000660000000002DA1FA37E
2026-03-30 02:25:43 - msg_id_0002 ==> 7E00020000660000000002DA209C7E
2026-03-30 02:25:46 - msg_id_0002 ==> 7E00020000660000000002DA219D7E
2026-03-30 02:25:49 - msg_id_0002 ==> 7E00020000660000000002DA229E7E
2026-03-30 02:25:52 - msg_id_0002 ==> 7E00020000660000000002DA239F7E
2026-03-30 02:25:55 - msg_id_0002 ==> 7E00020000660000000002DA24987E
2026-03-30 02:25:58 - msg_id_0002 ==> 7E00020000660000000002DA25997E
2026-03-30 02:26:01 - msg_id_0002 ==> 7E00020000660000000002DA269A7E
2026-03-30 02:26:04 - msg_id_0002 ==> 7E00020000660000000002DA28947E
2026-03-30 02:26:07 - msg_id_0002 ==> 7E00020000660000000002DA29957E
2026-03-30 02:26:11 - msg_id_0002 ==> 7E00020000660000000002DA2A967E
2026-03-30 02:26:14 - msg_id_0002 ==> 7E00020000660000000002DA2B977E
2026-03-30 02:26:17 - msg_id_0002 ==> 7E00020000660000000002DA2C907E
2026-03-30 02:26:20 - msg_id_0002 ==> 7E00020000660000000002DA2D917E
2026-03-30 02:26:23 - msg_id_0002 ==> 7E00020000660000000002DA2E927E
2026-03-30 02:26:26 - msg_id_0002 ==> 7E00020000660000000002DA2F937E
2026-03-30 02:26:29 - msg_id_0002 ==> 7E00020000660000000002DA308C7E
2026-03-30 02:26:32 - msg_id_0002 ==> 7E00020000660000000002DA318D7E
2026-03-30 02:26:35 - msg_id_0002 ==> 7E00020000660000000002DA338F7E
2026-03-30 02:26:38 - msg_id_0002 ==> 7E00020000660000000002DA34887E
2026-03-30 02:26:42 - msg_id_0002 ==> 7E00020000660000000002DA35897E
2026-03-30 02:26:45 - msg_id_0002 ==> 7E00020000660000000002DA368A7E
2026-03-30 02:26:48 - msg_id_0002 ==> 7E00020000660000000002DA378B7E
2026-03-30 02:26:51 - msg_id_0002 ==> 7E00020000660000000002DA38847E
2026-03-30 02:26:54 - msg_id_0002 ==> 7E00020000660000000002DA39857E
2026-03-30 02:26:57 - msg_id_0002 ==> 7E00020000660000000002DA3A867E
2026-03-30 02:27:00 - msg_id_0002 ==> 7E00020000660000000002DA3B877E
2026-03-30 02:27:03 - msg_id_0002 ==> 7E00020000660000000002DA3C807E
2026-03-30 02:27:06 - msg_id_0002 ==> 7E00020000660000000002DA3E827E
2026-03-30 02:27:09 - msg_id_0002 ==> 7E00020000660000000002DA3F837E
2026-03-30 02:27:13 - msg_id_0002 ==> 7E00020000660000000002DA40FC7E
2026-03-30 02:27:16 - msg_id_0002 ==> 7E00020000660000000002DA41FD7E
2026-03-30 02:27:19 - msg_id_0002 ==> 7E00020000660000000002DA42FE7E
2026-03-30 02:27:22 - msg_id_0002 ==> 7E00020000660000000002DA43FF7E
2026-03-30 02:27:25 - msg_id_0002 ==> 7E00020000660000000002DA44F87E
2026-03-30 02:27:28 - msg_id_0002 ==> 7E00020000660000000002DA45F97E
2026-03-30 02:27:31 - msg_id_0002 ==> 7E00020000660000000002DA46FA7E
2026-03-30 02:27:34 - msg_id_0002 ==> 7E00020000660000000002DA47FB7E
2026-03-30 02:27:37 - msg_id_0002 ==> 7E00020000660000000002DA49F57E
2026-03-30 02:27:40 - msg_id_0002 ==> 7E00020000660000000002DA4AF67E
2026-03-30 02:27:44 - msg_id_0002 ==> 7E00020000660000000002DA4BF77E
2026-03-30 02:27:47 - msg_id_0002 ==> 7E00020000660000000002DA4CF07E
2026-03-30 02:27:50 - msg_id_0002 ==> 7E00020000660000000002DA4DF17E
2026-03-30 02:27:53 - msg_id_0002 ==> 7E00020000660000000002DA4EF27E
2026-03-30 02:27:56 - msg_id_0002 ==> 7E00020000660000000002DA4FF37E
2026-03-30 02:27:59 - msg_id_0002 ==> 7E00020000660000000002DA50EC7E
2026-03-30 02:28:02 - msg_id_0002 ==> 7E00020000660000000002DA51ED7E
2026-03-30 02:28:05 - msg_id_0002 ==> 7E00020000660000000002DA52EE7E
2026-03-30 02:28:08 - msg_id_0002 ==> 7E00020000660000000002DA54E87E
2026-03-30 02:28:11 - msg_id_0002 ==> 7E00020000660000000002DA55E97E
2026-03-30 02:28:15 - msg_id_0002 ==> 7E00020000660000000002DA56EA7E
2026-03-30 02:28:18 - msg_id_0002 ==> 7E00020000660000000002DA57EB7E
2026-03-30 02:28:21 - msg_id_0002 ==> 7E00020000660000000002DA58E47E
2026-03-30 02:28:24 - msg_id_0002 ==> 7E00020000660000000002DA59E57E
2026-03-30 02:28:27 - msg_id_0002 ==> 7E00020000660000000002DA5AE67E
2026-03-30 02:28:30 - msg_id_0002 ==> 7E00020000660000000002DA5BE77E
2026-03-30 02:28:33 - msg_id_0002 ==> 7E00020000660000000002DA5CE07E
2026-03-30 02:28:36 - msg_id_0002 ==> 7E00020000660000000002DA5DE17E
2026-03-30 02:28:39 - msg_id_0002 ==> 7E00020000660000000002DA5FE37E
2026-03-30 02:28:42 - msg_id_0002 ==> 7E00020000660000000002DA60DC7E
2026-03-30 02:28:46 - msg_id_0002 ==> 7E00020000660000000002DA61DD7E
2026-03-30 02:28:49 - msg_id_0002 ==> 7E00020000660000000002DA62DE7E
2026-03-30 02:28:52 - msg_id_0002 ==> 7E00020000660000000002DA63DF7E
2026-03-30 02:28:55 - msg_id_0002 ==> 7E00020000660000000002DA64D87E
2026-03-30 02:28:58 - msg_id_0002 ==> 7E00020000660000000002DA65D97E
2026-03-30 02:29:01 - msg_id_0002 ==> 7E00020000660000000002DA66DA7E
2026-03-30 02:29:04 - msg_id_0002 ==> 7E00020000660000000002DA67DB7E
2026-03-30 02:29:07 - msg_id_0002 ==> 7E00020000660000000002DA68D47E
2026-03-30 02:29:10 - msg_id_0002 ==> 7E00020000660000000002DA6AD67E
2026-03-30 02:29:13 - msg_id_0002 ==> 7E00020000660000000002DA6BD77E
2026-03-30 02:29:17 - msg_id_0002 ==> 7E00020000660000000002DA6CD07E
2026-03-30 02:29:20 - msg_id_0002 ==> 7E00020000660000000002DA6DD17E
2026-03-30 02:29:23 - msg_id_0002 ==> 7E00020000660000000002DA6ED27E
2026-03-30 02:29:26 - msg_id_0002 ==> 7E00020000660000000002DA6FD37E
2026-03-30 02:29:29 - msg_id_0002 ==> 7E00020000660000000002DA70CC7E
2026-03-30 02:29:32 - msg_id_0002 ==> 7E00020000660000000002DA71CD7E
2026-03-30 02:29:35 - msg_id_0002 ==> 7E00020000660000000002DA72CE7E
2026-03-30 02:29:38 - msg_id_0002 ==> 7E00020000660000000002DA73CF7E
2026-03-30 02:29:41 - msg_id_0002 ==> 7E00020000660000000002DA75C97E
2026-03-30 02:29:44 - msg_id_0002 ==> 7E00020000660000000002DA76CA7E
2026-03-30 02:29:48 - msg_id_0002 ==> 7E00020000660000000002DA77CB7E
2026-03-30 02:29:51 - msg_id_0002 ==> 7E00020000660000000002DA78C47E
2026-03-30 02:29:54 - msg_id_0002 ==> 7E00020000660000000002DA79C57E
2026-03-30 02:29:57 - msg_id_0002 ==> 7E00020000660000000002DA7AC67E
2026-03-30 02:30:00 - msg_id_0002 ==> 7E00020000660000000002DA7BC77E
2026-03-30 02:30:03 - msg_id_0002 ==> 7E00020000660000000002DA7CC07E
2026-03-30 02:30:06 - msg_id_0002 ==> 7E00020000660000000002DA7D01C17E
2026-03-30 02:30:09 - msg_id_0002 ==> 7E00020000660000000002DA7D02C27E
2026-03-30 02:30:17 - msg_id_0002 ==> 7E00020000660000000002DA833F7E
2026-03-30 02:30:20 - msg_id_0002 ==> 7E00020000660000000002DA84387E
2026-03-30 02:30:23 - msg_id_0002 ==> 7E00020000660000000002DA85397E
2026-03-30 02:30:26 - msg_id_0002 ==> 7E00020000660000000002DA863A7E
2026-03-30 02:30:29 - msg_id_0002 ==> 7E00020000660000000002DA873B7E
2026-03-30 02:30:32 - msg_id_0002 ==> 7E00020000660000000002DA88347E
2026-03-30 02:30:36 - msg_id_0002 ==> 7E00020000660000000002DA89357E
2026-03-30 02:30:39 - msg_id_0002 ==> 7E00020000660000000002DA8A367E
2026-03-30 02:30:42 - msg_id_0002 ==> 7E00020000660000000002DA8B377E
2026-03-30 02:30:45 - msg_id_0002 ==> 7E00020000660000000002DA8C307E
2026-03-30 02:30:48 - msg_id_0002 ==> 7E00020000660000000002DA8E327E
2026-03-30 02:30:51 - msg_id_0002 ==> 7E00020000660000000002DA8F337E
2026-03-30 02:30:54 - msg_id_0002 ==> 7E00020000660000000002DA902C7E
2026-03-30 02:30:57 - msg_id_0002 ==> 7E00020000660000000002DA912D7E
2026-03-30 02:31:00 - msg_id_0002 ==> 7E00020000660000000002DA922E7E
2026-03-30 02:31:03 - msg_id_0002 ==> 7E00020000660000000002DA932F7E
2026-03-30 02:31:07 - msg_id_0002 ==> 7E00020000660000000002DA94287E
2026-03-30 02:31:10 - msg_id_0002 ==> 7E00020000660000000002DA95297E
2026-03-30 02:31:13 - msg_id_0002 ==> 7E00020000660000000002DA962A7E
2026-03-30 02:31:16 - msg_id_0002 ==> 7E00020000660000000002DA972B7E
2026-03-30 02:31:19 - msg_id_0002 ==> 7E00020000660000000002DA99257E
2026-03-30 02:31:22 - msg_id_0002 ==> 7E00020000660000000002DA9A267E
2026-03-30 02:31:25 - msg_id_0002 ==> 7E00020000660000000002DA9B277E
2026-03-30 02:31:28 - msg_id_0002 ==> 7E00020000660000000002DA9C207E
2026-03-30 02:31:31 - msg_id_0002 ==> 7E00020000660000000002DA9D217E
2026-03-30 02:31:35 - msg_id_0002 ==> 7E00020000660000000002DA9E227E
2026-03-30 02:31:38 - msg_id_0002 ==> 7E00020000660000000002DA9F237E
2026-03-30 02:31:41 - msg_id_0002 ==> 7E00020000660000000002DAA01C7E
2026-03-30 02:31:44 - msg_id_0002 ==> 7E00020000660000000002DAA11D7E
2026-03-30 02:31:47 - msg_id_0002 ==> 7E00020000660000000002DAA21E7E
2026-03-30 02:31:50 - msg_id_0002 ==> 7E00020000660000000002DAA4187E
2026-03-30 02:31:53 - msg_id_0002 ==> 7E00020000660000000002DAA5197E
2026-03-30 02:31:56 - msg_id_0002 ==> 7E00020000660000000002DAA61A7E
2026-03-30 02:31:59 - msg_id_0002 ==> 7E00020000660000000002DAA71B7E
2026-03-30 02:32:02 - msg_id_0002 ==> 7E00020000660000000002DAA8147E
2026-03-30 02:32:06 - msg_id_0002 ==> 7E00020000660000000002DAA9157E
2026-03-30 02:32:09 - msg_id_0002 ==> 7E00020000660000000002DAAA167E
2026-03-30 02:32:12 - msg_id_0002 ==> 7E00020000660000000002DAAB177E
2026-03-30 02:32:15 - msg_id_0002 ==> 7E00020000660000000002DAAC107E
2026-03-30 02:32:18 - msg_id_0002 ==> 7E00020000660000000002DAAD117E
2026-03-30 02:32:21 - msg_id_0002 ==> 7E00020000660000000002DAAF137E
2026-03-30 02:32:24 - msg_id_0002 ==> 7E00020000660000000002DAB00C7E
2026-03-30 02:32:27 - msg_id_0002 ==> 7E00020000660000000002DAB10D7E
2026-03-30 02:32:30 - msg_id_0002 ==> 7E00020000660000000002DAB20E7E
2026-03-30 02:32:33 - msg_id_0002 ==> 7E00020000660000000002DAB30F7E
2026-03-30 02:32:37 - msg_id_0002 ==> 7E00020000660000000002DAB4087E
2026-03-30 02:32:40 - msg_id_0002 ==> 7E00020000660000000002DAB5097E
2026-03-30 02:32:43 - msg_id_0002 ==> 7E00020000660000000002DAB60A7E
2026-03-30 02:32:46 - msg_id_0002 ==> 7E00020000660000000002DAB70B7E
2026-03-30 02:32:49 - msg_id_0002 ==> 7E00020000660000000002DAB8047E
2026-03-30 02:32:52 - msg_id_0002 ==> 7E00020000660000000002DABA067E
2026-03-30 02:32:55 - msg_id_0002 ==> 7E00020000660000000002DABB077E
2026-03-30 02:32:58 - msg_id_0002 ==> 7E00020000660000000002DABC007E
2026-03-30 02:33:01 - msg_id_0002 ==> 7E00020000660000000002DABD017E
2026-03-30 02:33:04 - msg_id_0002 ==> 7E00020000660000000002DABE027E
2026-03-30 02:33:08 - msg_id_0002 ==> 7E00020000660000000002DABF037E
2026-03-30 02:33:11 - msg_id_0002 ==> 7E00020000660000000002DAC07C7E
2026-03-30 02:33:14 - msg_id_0002 ==> 7E00020000660000000002DAC17D017E
2026-03-30 02:33:17 - msg_id_0002 ==> 7E00020000660000000002DAC27D027E
2026-03-30 02:33:20 - msg_id_0002 ==> 7E00020000660000000002DAC37F7E
2026-03-30 02:33:23 - msg_id_0002 ==> 7E00020000660000000002DAC5797E
2026-03-30 02:33:26 - msg_id_0002 ==> 7E00020000660000000002DAC67A7E
2026-03-30 02:33:29 - msg_id_0002 ==> 7E00020000660000000002DAC77B7E
2026-03-30 02:33:32 - msg_id_0002 ==> 7E00020000660000000002DAC8747E
2026-03-30 02:33:35 - msg_id_0002 ==> 7E00020000660000000002DAC9757E
2026-03-30 02:33:39 - msg_id_0002 ==> 7E00020000660000000002DACA767E
2026-03-30 02:33:42 - msg_id_0002 ==> 7E00020000660000000002DACB777E
2026-03-30 02:33:45 - msg_id_0002 ==> 7E00020000660000000002DACC707E
2026-03-30 02:33:48 - msg_id_0002 ==> 7E00020000660000000002DACD717E
2026-03-30 02:33:51 - msg_id_0002 ==> 7E00020000660000000002DACE727E
2026-03-30 02:33:54 - msg_id_0002 ==> 7E00020000660000000002DAD06C7E
2026-03-30 02:33:57 - msg_id_0002 ==> 7E00020000660000000002DAD16D7E
2026-03-30 02:34:00 - msg_id_0002 ==> 7E00020000660000000002DAD26E7E
2026-03-30 02:34:03 - msg_id_0002 ==> 7E00020000660000000002DAD36F7E
2026-03-30 02:34:06 - msg_id_0002 ==> 7E00020000660000000002DAD4687E
2026-03-30 02:34:10 - msg_id_0002 ==> 7E00020000660000000002DAD5697E
2026-03-30 02:34:13 - msg_id_0002 ==> 7E00020000660000000002DAD66A7E
2026-03-30 02:34:16 - msg_id_0002 ==> 7E00020000660000000002DAD76B7E
2026-03-30 02:34:19 - msg_id_0002 ==> 7E00020000660000000002DAD8647E
2026-03-30 02:34:22 - msg_id_0002 ==> 7E00020000660000000002DAD9657E
2026-03-30 02:34:25 - msg_id_0002 ==> 7E00020000660000000002DADB677E
2026-03-30 02:34:28 - msg_id_0002 ==> 7E00020000660000000002DADC607E
2026-03-30 02:34:31 - msg_id_0002 ==> 7E00020000660000000002DADD617E
2026-03-30 02:34:34 - msg_id_0002 ==> 7E00020000660000000002DADE627E
2026-03-30 02:34:37 - msg_id_0002 ==> 7E00020000660000000002DADF637E
2026-03-30 02:34:41 - msg_id_0002 ==> 7E00020000660000000002DAE05C7E
2026-03-30 02:34:44 - msg_id_0002 ==> 7E00020000660000000002DAE15D7E
2026-03-30 02:34:47 - msg_id_0002 ==> 7E00020000660000000002DAE25E7E
2026-03-30 02:34:50 - msg_id_0002 ==> 7E00020000660000000002DAE35F7E
2026-03-30 02:34:53 - msg_id_0002 ==> 7E00020000660000000002DAE4587E
2026-03-30 02:34:56 - msg_id_0002 ==> 7E00020000660000000002DAE65A7E
2026-03-30 02:34:59 - msg_id_0002 ==> 7E00020000660000000002DAE75B7E
2026-03-30 02:35:02 - msg_id_0002 ==> 7E00020000660000000002DAE8547E
2026-03-30 02:35:05 - msg_id_0002 ==> 7E00020000660000000002DAE9557E
2026-03-30 02:35:08 - msg_id_0002 ==> 7E00020000660000000002DAEA567E
2026-03-30 02:35:12 - msg_id_0002 ==> 7E00020000660000000002DAEB577E
2026-03-30 02:35:15 - msg_id_0002 ==> 7E00020000660000000002DAEC507E
2026-03-30 02:35:18 - msg_id_0002 ==> 7E00020000660000000002DAED517E
2026-03-30 02:35:21 - msg_id_0002 ==> 7E00020000660000000002DAEE527E
2026-03-30 02:35:24 - msg_id_0002 ==> 7E00020000660000000002DAEF537E
2026-03-30 02:35:27 - msg_id_0002 ==> 7E00020000660000000002DAF14D7E
2026-03-30 02:35:30 - msg_id_0002 ==> 7E00020000660000000002DAF24E7E
2026-03-30 02:35:33 - msg_id_0002 ==> 7E00020000660000000002DAF34F7E
2026-03-30 02:35:36 - msg_id_0002 ==> 7E00020000660000000002DAF4487E
2026-03-30 02:35:39 - msg_id_0002 ==> 7E00020000660000000002DAF5497E
2026-03-30 02:35:43 - msg_id_0002 ==> 7E00020000660000000002DAF64A7E
2026-03-30 02:35:46 - msg_id_0002 ==> 7E00020000660000000002DAF74B7E
2026-03-30 02:35:49 - msg_id_0002 ==> 7E00020000660000000002DAF8447E
2026-03-30 02:35:52 - msg_id_0002 ==> 7E00020000660000000002DAF9457E
2026-03-30 02:35:55 - msg_id_0002 ==> 7E00020000660000000002DAFA467E
2026-03-30 02:35:58 - msg_id_0002 ==> 7E00020000660000000002DAFC407E
2026-03-30 02:36:01 - msg_id_0002 ==> 7E00020000660000000002DAFD417E
2026-03-30 02:36:04 - msg_id_0002 ==> 7E00020000660000000002DAFE427E
2026-03-30 02:36:07 - msg_id_0002 ==> 7E00020000660000000002DAFF437E
2026-03-30 02:36:10 - msg_id_0002 ==> 7E00020000660000000002DB00BD7E
2026-03-30 02:36:14 - msg_id_0002 ==> 7E00020000660000000002DB01BC7E
2026-03-30 02:36:17 - msg_id_0002 ==> 7E00020000660000000002DB02BF7E
2026-03-30 02:36:20 - msg_id_0002 ==> 7E00020000660000000002DB03BE7E
2026-03-30 02:36:23 - msg_id_0002 ==> 7E00020000660000000002DB04B97E
2026-03-30 02:36:26 - msg_id_0002 ==> 7E00020000660000000002DB05B87E
2026-03-30 02:36:29 - msg_id_0002 ==> 7E00020000660000000002DB07BA7E
2026-03-30 02:36:32 - msg_id_0002 ==> 7E00020000660000000002DB08B57E
2026-03-30 02:36:35 - msg_id_0002 ==> 7E00020000660000000002DB09B47E
2026-03-30 02:36:38 - msg_id_0002 ==> 7E00020000660000000002DB0AB77E
2026-03-30 02:36:41 - msg_id_0002 ==> 7E00020000660000000002DB0BB67E
2026-03-30 02:36:45 - msg_id_0002 ==> 7E00020000660000000002DB0CB17E
2026-03-30 02:36:48 - msg_id_0002 ==> 7E00020000660000000002DB0DB07E
2026-03-30 02:36:51 - msg_id_0002 ==> 7E00020000660000000002DB0EB37E
2026-03-30 02:36:54 - msg_id_0002 ==> 7E00020000660000000002DB0FB27E
2026-03-30 02:36:57 - msg_id_0002 ==> 7E00020000660000000002DB10AD7E
2026-03-30 02:37:00 - msg_id_0002 ==> 7E00020000660000000002DB12AF7E
2026-03-30 02:37:03 - msg_id_0002 ==> 7E00020000660000000002DB13AE7E
2026-03-30 02:37:06 - msg_id_0002 ==> 7E00020000660000000002DB14A97E
2026-03-30 02:37:09 - msg_id_0002 ==> 7E00020000660000000002DB15A87E
2026-03-30 02:37:12 - msg_id_0002 ==> 7E00020000660000000002DB16AB7E
2026-03-30 02:37:16 - msg_id_0002 ==> 7E00020000660000000002DB17AA7E
2026-03-30 02:37:19 - msg_id_0002 ==> 7E00020000660000000002DB18A57E
2026-03-30 02:37:22 - msg_id_0002 ==> 7E00020000660000000002DB19A47E
2026-03-30 02:37:25 - msg_id_0002 ==> 7E00020000660000000002DB1AA77E
2026-03-30 02:37:28 - msg_id_0002 ==> 7E00020000660000000002DB1BA67E
2026-03-30 02:37:31 - msg_id_0002 ==> 7E00020000660000000002DB1DA07E
2026-03-30 02:37:34 - msg_id_0002 ==> 7E00020000660000000002DB1EA37E
2026-03-30 02:37:37 - msg_id_0002 ==> 7E00020000660000000002DB1FA27E
2026-03-30 02:37:40 - msg_id_0002 ==> 7E00020000660000000002DB209D7E
2026-03-30 02:37:44 - msg_id_0002 ==> 7E00020000660000000002DB219C7E
2026-03-30 02:37:47 - msg_id_0002 ==> 7E00020000660000000002DB229F7E
2026-03-30 02:37:50 - msg_id_0002 ==> 7E00020000660000000002DB239E7E
2026-03-30 02:37:53 - msg_id_0002 ==> 7E00020000660000000002DB24997E
2026-03-30 02:37:56 - msg_id_0002 ==> 7E00020000660000000002DB25987E
2026-03-30 02:37:59 - msg_id_0002 ==> 7E00020000660000000002DB269B7E
2026-03-30 02:38:02 - msg_id_0002 ==> 7E00020000660000000002DB28957E
2026-03-30 02:38:05 - msg_id_0002 ==> 7E00020000660000000002DB29947E
2026-03-30 02:38:08 - msg_id_0002 ==> 7E00020000660000000002DB2A977E
2026-03-30 02:38:11 - msg_id_0002 ==> 7E00020000660000000002DB2B967E
2026-03-30 02:38:15 - msg_id_0002 ==> 7E00020000660000000002DB2C917E
2026-03-30 02:38:18 - msg_id_0002 ==> 7E00020000660000000002DB2D907E
2026-03-30 02:38:21 - msg_id_0002 ==> 7E00020000660000000002DB2E937E
2026-03-30 02:38:24 - msg_id_0002 ==> 7E00020000660000000002DB2F927E
2026-03-30 02:38:27 - msg_id_0002 ==> 7E00020000660000000002DB308D7E
2026-03-30 02:38:30 - msg_id_0002 ==> 7E00020000660000000002DB318C7E
2026-03-30 02:38:33 - msg_id_0002 ==> 7E00020000660000000002DB338E7E
2026-03-30 02:38:36 - msg_id_0002 ==> 7E00020000660000000002DB34897E
2026-03-30 02:38:39 - msg_id_0002 ==> 7E00020000660000000002DB35887E
2026-03-30 02:38:42 - msg_id_0002 ==> 7E00020000660000000002DB368B7E
2026-03-30 02:38:46 - msg_id_0002 ==> 7E00020000660000000002DB378A7E
2026-03-30 02:38:49 - msg_id_0002 ==> 7E00020000660000000002DB38857E
2026-03-30 02:38:52 - msg_id_0002 ==> 7E00020000660000000002DB39847E
2026-03-30 02:38:55 - msg_id_0002 ==> 7E00020000660000000002DB3A877E
2026-03-30 02:38:58 - msg_id_0002 ==> 7E00020000660000000002DB3B867E
2026-03-30 02:39:01 - msg_id_0002 ==> 7E00020000660000000002DB3C817E
2026-03-30 02:39:04 - msg_id_0002 ==> 7E00020000660000000002DB3E837E
2026-03-30 02:39:07 - msg_id_0002 ==> 7E00020000660000000002DB3F827E
2026-03-30 02:39:10 - msg_id_0002 ==> 7E00020000660000000002DB40FD7E
2026-03-30 02:39:13 - msg_id_0002 ==> 7E00020000660000000002DB41FC7E
2026-03-30 02:39:17 - msg_id_0002 ==> 7E00020000660000000002DB42FF7E
2026-03-30 02:39:20 - msg_id_0002 ==> 7E00020000660000000002DB43FE7E
2026-03-30 02:39:23 - msg_id_0002 ==> 7E00020000660000000002DB44F97E
2026-03-30 02:39:26 - msg_id_0002 ==> 7E00020000660000000002DB45F87E
2026-03-30 02:39:29 - msg_id_0002 ==> 7E00020000660000000002DB46FB7E
2026-03-30 02:39:32 - msg_id_0002 ==> 7E00020000660000000002DB47FA7E
2026-03-30 02:39:35 - msg_id_0002 ==> 7E00020000660000000002DB49F47E
2026-03-30 02:39:38 - msg_id_0002 ==> 7E00020000660000000002DB4AF77E
2026-03-30 02:39:41 - msg_id_0002 ==> 7E00020000660000000002DB4BF67E
2026-03-30 02:39:44 - msg_id_0002 ==> 7E00020000660000000002DB4CF17E
2026-03-30 02:39:48 - msg_id_0002 ==> 7E00020000660000000002DB4DF07E
2026-03-30 02:39:51 - msg_id_0002 ==> 7E00020000660000000002DB4EF37E
2026-03-30 02:39:54 - msg_id_0002 ==> 7E00020000660000000002DB4FF27E
2026-03-30 02:39:57 - msg_id_0002 ==> 7E00020000660000000002DB50ED7E
2026-03-30 02:40:00 - msg_id_0002 ==> 7E00020000660000000002DB51EC7E
2026-03-30 02:40:03 - msg_id_0002 ==> 7E00020000660000000002DB52EF7E
2026-03-30 02:40:06 - msg_id_0002 ==> 7E00020000660000000002DB54E97E
2026-03-30 02:40:09 - msg_id_0002 ==> 7E00020000660000000002DB55E87E
2026-03-30 02:40:12 - msg_id_0002 ==> 7E00020000660000000002DB56EB7E
2026-03-30 02:40:15 - msg_id_0002 ==> 7E00020000660000000002DB57EA7E
2026-03-30 02:40:19 - msg_id_0002 ==> 7E00020000660000000002DB58E57E
2026-03-30 02:40:22 - msg_id_0002 ==> 7E00020000660000000002DB59E47E
2026-03-30 02:40:25 - msg_id_0002 ==> 7E00020000660000000002DB5AE77E
2026-03-30 02:40:28 - msg_id_0002 ==> 7E00020000660000000002DB5BE67E
2026-03-30 02:40:31 - msg_id_0002 ==> 7E00020000660000000002DB5CE17E
2026-03-30 02:40:34 - msg_id_0002 ==> 7E00020000660000000002DB5DE07E
2026-03-30 02:40:37 - msg_id_0002 ==> 7E00020000660000000002DB5FE27E
2026-03-30 02:40:40 - msg_id_0002 ==> 7E00020000660000000002DB60DD7E
2026-03-30 02:40:43 - msg_id_0002 ==> 7E00020000660000000002DB61DC7E
2026-03-30 02:40:46 - msg_id_0002 ==> 7E00020000660000000002DB62DF7E
2026-03-30 02:40:50 - msg_id_0002 ==> 7E00020000660000000002DB63DE7E
2026-03-30 02:40:53 - msg_id_0002 ==> 7E00020000660000000002DB64D97E
2026-03-30 02:40:56 - msg_id_0002 ==> 7E00020000660000000002DB65D87E
2026-03-30 02:40:59 - msg_id_0002 ==> 7E00020000660000000002DB66DB7E
2026-03-30 02:41:02 - msg_id_0002 ==> 7E00020000660000000002DB67DA7E
2026-03-30 02:41:05 - msg_id_0002 ==> 7E00020000660000000002DB68D57E
2026-03-30 02:41:08 - msg_id_0002 ==> 7E00020000660000000002DB6AD77E
2026-03-30 02:41:11 - msg_id_0002 ==> 7E00020000660000000002DB6BD67E
2026-03-30 02:41:14 - msg_id_0002 ==> 7E00020000660000000002DB6CD17E
2026-03-30 02:41:17 - msg_id_0002 ==> 7E00020000660000000002DB6DD07E
2026-03-30 02:41:21 - msg_id_0002 ==> 7E00020000660000000002DB6ED37E
2026-03-30 02:41:24 - msg_id_0002 ==> 7E00020000660000000002DB6FD27E
2026-03-30 02:41:27 - msg_id_0002 ==> 7E00020000660000000002DB70CD7E
2026-03-30 02:41:30 - msg_id_0002 ==> 7E00020000660000000002DB71CC7E
2026-03-30 02:41:33 - msg_id_0002 ==> 7E00020000660000000002DB72CF7E
2026-03-30 02:41:36 - msg_id_0002 ==> 7E00020000660000000002DB73CE7E
2026-03-30 02:41:39 - msg_id_0002 ==> 7E00020000660000000002DB75C87E
2026-03-30 02:41:42 - msg_id_0002 ==> 7E00020000660000000002DB76CB7E
2026-03-30 02:41:45 - msg_id_0002 ==> 7E00020000660000000002DB77CA7E
2026-03-30 02:41:48 - msg_id_0002 ==> 7E00020000660000000002DB78C57E
2026-03-30 02:41:52 - msg_id_0002 ==> 7E00020000660000000002DB79C47E
2026-03-30 02:41:55 - msg_id_0002 ==> 7E00020000660000000002DB7AC77E
2026-03-30 02:41:58 - msg_id_0002 ==> 7E00020000660000000002DB7BC67E
2026-03-30 02:42:01 - msg_id_0002 ==> 7E00020000660000000002DB7CC17E
2026-03-30 02:42:04 - msg_id_0002 ==> 7E00020000660000000002DB7D01C07E
2026-03-30 02:42:07 - msg_id_0002 ==> 7E00020000660000000002DB7D02C37E
2026-03-30 02:42:15 - msg_id_0002 ==> 7E00020000660000000002DB833E7E
2026-03-30 02:42:18 - msg_id_0002 ==> 7E00020000660000000002DB84397E
2026-03-30 02:42:21 - msg_id_0002 ==> 7E00020000660000000002DB85387E
2026-03-30 02:42:24 - msg_id_0002 ==> 7E00020000660000000002DB863B7E
2026-03-30 02:42:27 - msg_id_0002 ==> 7E00020000660000000002DB873A7E
2026-03-30 02:42:30 - msg_id_0002 ==> 7E00020000660000000002DB88357E
2026-03-30 02:42:33 - msg_id_0002 ==> 7E00020000660000000002DB89347E
2026-03-30 02:42:36 - msg_id_0002 ==> 7E00020000660000000002DB8A377E
2026-03-30 02:42:39 - msg_id_0002 ==> 7E00020000660000000002DB8B367E
2026-03-30 02:42:43 - msg_id_0002 ==> 7E00020000660000000002DB8C317E
2026-03-30 02:42:46 - msg_id_0002 ==> 7E00020000660000000002DB8E337E
2026-03-30 02:42:49 - msg_id_0002 ==> 7E00020000660000000002DB8F327E
2026-03-30 02:42:52 - msg_id_0002 ==> 7E00020000660000000002DB902D7E
2026-03-30 02:42:55 - msg_id_0002 ==> 7E00020000660000000002DB912C7E
2026-03-30 02:42:58 - msg_id_0002 ==> 7E00020000660000000002DB922F7E
2026-03-30 02:43:01 - msg_id_0002 ==> 7E00020000660000000002DB932E7E
2026-03-30 02:43:04 - msg_id_0002 ==> 7E00020000660000000002DB94297E
2026-03-30 02:43:07 - msg_id_0002 ==> 7E00020000660000000002DB95287E
2026-03-30 02:43:10 - msg_id_0002 ==> 7E00020000660000000002DB962B7E
2026-03-30 02:43:14 - msg_id_0002 ==> 7E00020000660000000002DB972A7E
2026-03-30 02:43:17 - msg_id_0002 ==> 7E00020000660000000002DB99247E
2026-03-30 02:43:20 - msg_id_0002 ==> 7E00020000660000000002DB9A277E
2026-03-30 02:43:23 - msg_id_0002 ==> 7E00020000660000000002DB9B267E
2026-03-30 02:43:26 - msg_id_0002 ==> 7E00020000660000000002DB9C217E
2026-03-30 02:43:29 - msg_id_0002 ==> 7E00020000660000000002DB9D207E
2026-03-30 02:43:32 - msg_id_0002 ==> 7E00020000660000000002DB9E237E
2026-03-30 02:43:35 - msg_id_0002 ==> 7E00020000660000000002DB9F227E
2026-03-30 02:43:38 - msg_id_0002 ==> 7E00020000660000000002DBA01D7E
2026-03-30 02:43:41 - msg_id_0002 ==> 7E00020000660000000002DBA11C7E
2026-03-30 02:43:45 - msg_id_0002 ==> 7E00020000660000000002DBA21F7E
2026-03-30 02:43:48 - msg_id_0002 ==> 7E00020000660000000002DBA4197E
2026-03-30 02:43:51 - msg_id_0002 ==> 7E00020000660000000002DBA5187E
2026-03-30 02:43:54 - msg_id_0002 ==> 7E00020000660000000002DBA61B7E
2026-03-30 02:43:57 - msg_id_0002 ==> 7E00020000660000000002DBA71A7E
2026-03-30 02:44:00 - msg_id_0002 ==> 7E00020000660000000002DBA8157E
2026-03-30 02:44:03 - msg_id_0002 ==> 7E00020000660000000002DBA9147E
2026-03-30 02:44:06 - msg_id_0002 ==> 7E00020000660000000002DBAA177E
2026-03-30 02:44:09 - msg_id_0002 ==> 7E00020000660000000002DBAB167E
2026-03-30 02:44:12 - msg_id_0002 ==> 7E00020000660000000002DBAC117E
2026-03-30 02:44:16 - msg_id_0002 ==> 7E00020000660000000002DBAD107E
2026-03-30 02:44:19 - msg_id_0002 ==> 7E00020000660000000002DBAF127E
2026-03-30 02:44:22 - msg_id_0002 ==> 7E00020000660000000002DBB00D7E
2026-03-30 02:44:25 - msg_id_0002 ==> 7E00020000660000000002DBB10C7E
2026-03-30 02:44:28 - msg_id_0002 ==> 7E00020000660000000002DBB20F7E
2026-03-30 02:44:31 - msg_id_0002 ==> 7E00020000660000000002DBB30E7E
2026-03-30 02:44:34 - msg_id_0002 ==> 7E00020000660000000002DBB4097E
2026-03-30 02:44:37 - msg_id_0002 ==> 7E00020000660000000002DBB5087E
2026-03-30 02:44:40 - msg_id_0002 ==> 7E00020000660000000002DBB60B7E
2026-03-30 02:44:43 - msg_id_0002 ==> 7E00020000660000000002DBB70A7E
2026-03-30 02:44:47 - msg_id_0002 ==> 7E00020000660000000002DBB8057E
2026-03-30 02:44:50 - msg_id_0002 ==> 7E00020000660000000002DBBA077E
2026-03-30 02:44:53 - msg_id_0002 ==> 7E00020000660000000002DBBB067E
2026-03-30 02:44:56 - msg_id_0002 ==> 7E00020000660000000002DBBC017E
2026-03-30 02:44:59 - msg_id_0002 ==> 7E00020000660000000002DBBD007E
2026-03-30 02:45:02 - msg_id_0002 ==> 7E00020000660000000002DBBE037E
2026-03-30 02:45:05 - msg_id_0002 ==> 7E00020000660000000002DBBF027E
2026-03-30 02:45:08 - msg_id_0002 ==> 7E00020000660000000002DBC07D017E
2026-03-30 02:45:11 - msg_id_0002 ==> 7E00020000660000000002DBC17C7E
2026-03-30 02:45:15 - msg_id_0002 ==> 7E00020000660000000002DBC27F7E
2026-03-30 02:45:18 - msg_id_0002 ==> 7E00020000660000000002DBC37D027E
2026-03-30 02:45:21 - msg_id_0002 ==> 7E00020000660000000002DBC5787E
2026-03-30 02:45:24 - msg_id_0002 ==> 7E00020000660000000002DBC67B7E
2026-03-30 02:45:27 - msg_id_0002 ==> 7E00020000660000000002DBC77A7E
2026-03-30 02:45:30 - msg_id_0002 ==> 7E00020000660000000002DBC8757E
2026-03-30 02:45:33 - msg_id_0002 ==> 7E00020000660000000002DBC9747E
2026-03-30 02:45:36 - msg_id_0002 ==> 7E00020000660000000002DBCA777E
2026-03-30 02:45:39 - msg_id_0002 ==> 7E00020000660000000002DBCB767E
2026-03-30 02:45:42 - msg_id_0002 ==> 7E00020000660000000002DBCC717E
2026-03-30 02:45:46 - msg_id_0002 ==> 7E00020000660000000002DBCD707E
2026-03-30 02:45:49 - msg_id_0002 ==> 7E00020000660000000002DBCE737E
2026-03-30 02:45:52 - msg_id_0002 ==> 7E00020000660000000002DBD06D7E
2026-03-30 02:45:55 - msg_id_0002 ==> 7E00020000660000000002DBD16C7E
2026-03-30 02:45:58 - msg_id_0002 ==> 7E00020000660000000002DBD26F7E
2026-03-30 02:46:01 - msg_id_0002 ==> 7E00020000660000000002DBD36E7E
2026-03-30 02:46:04 - msg_id_0002 ==> 7E00020000660000000002DBD4697E
2026-03-30 02:46:07 - msg_id_0002 ==> 7E00020000660000000002DBD5687E
2026-03-30 02:46:10 - msg_id_0002 ==> 7E00020000660000000002DBD66B7E
2026-03-30 02:46:13 - msg_id_0002 ==> 7E00020000660000000002DBD76A7E
2026-03-30 02:46:17 - msg_id_0002 ==> 7E00020000660000000002DBD8657E
2026-03-30 02:46:20 - msg_id_0002 ==> 7E00020000660000000002DBD9647E
2026-03-30 02:46:23 - msg_id_0002 ==> 7E00020000660000000002DBDB667E
2026-03-30 02:46:26 - msg_id_0002 ==> 7E00020000660000000002DBDC617E
2026-03-30 02:46:29 - msg_id_0002 ==> 7E00020000660000000002DBDD607E
2026-03-30 02:46:32 - msg_id_0002 ==> 7E00020000660000000002DBDE637E
2026-03-30 02:46:35 - msg_id_0002 ==> 7E00020000660000000002DBDF627E
2026-03-30 02:46:38 - msg_id_0002 ==> 7E00020000660000000002DBE05D7E
2026-03-30 02:46:41 - msg_id_0002 ==> 7E00020000660000000002DBE15C7E
2026-03-30 02:46:44 - msg_id_0002 ==> 7E00020000660000000002DBE25F7E
2026-03-30 02:46:48 - msg_id_0002 ==> 7E00020000660000000002DBE35E7E
2026-03-30 02:46:51 - msg_id_0002 ==> 7E00020000660000000002DBE4597E
2026-03-30 02:46:54 - msg_id_0002 ==> 7E00020000660000000002DBE65B7E
2026-03-30 02:46:57 - msg_id_0002 ==> 7E00020000660000000002DBE75A7E
2026-03-30 02:47:00 - msg_id_0002 ==> 7E00020000660000000002DBE8557E
2026-03-30 02:47:03 - msg_id_0002 ==> 7E00020000660000000002DBE9547E
2026-03-30 02:47:06 - msg_id_0002 ==> 7E00020000660000000002DBEA577E
2026-03-30 02:47:09 - msg_id_0002 ==> 7E00020000660000000002DBEB567E
2026-03-30 02:47:12 - msg_id_0002 ==> 7E00020000660000000002DBEC517E
2026-03-30 02:47:15 - msg_id_0002 ==> 7E00020000660000000002DBED507E
2026-03-30 02:47:19 - msg_id_0002 ==> 7E00020000660000000002DBEE537E
2026-03-30 02:47:22 - msg_id_0002 ==> 7E00020000660000000002DBEF527E
2026-03-30 02:47:25 - msg_id_0002 ==> 7E00020000660000000002DBF14C7E
2026-03-30 02:47:28 - msg_id_0002 ==> 7E00020000660000000002DBF24F7E
2026-03-30 02:47:31 - msg_id_0002 ==> 7E00020000660000000002DBF34E7E
2026-03-30 02:47:34 - msg_id_0002 ==> 7E00020000660000000002DBF4497E
2026-03-30 02:47:37 - msg_id_0002 ==> 7E00020000660000000002DBF5487E
2026-03-30 02:47:40 - msg_id_0002 ==> 7E00020000660000000002DBF64B7E
2026-03-30 02:47:43 - msg_id_0002 ==> 7E00020000660000000002DBF74A7E
2026-03-30 02:47:47 - msg_id_0002 ==> 7E00020000660000000002DBF8457E
2026-03-30 02:47:50 - msg_id_0002 ==> 7E00020000660000000002DBF9447E
2026-03-30 02:47:53 - msg_id_0002 ==> 7E00020000660000000002DBFA477E
2026-03-30 02:47:56 - msg_id_0002 ==> 7E00020000660000000002DBFC417E
2026-03-30 02:47:59 - msg_id_0002 ==> 7E00020000660000000002DBFD407E
2026-03-30 02:48:02 - msg_id_0002 ==> 7E00020000660000000002DBFE437E
2026-03-30 02:48:05 - msg_id_0002 ==> 7E00020000660000000002DBFF427E
2026-03-30 02:48:08 - msg_id_0002 ==> 7E00020000660000000002DC00BA7E
2026-03-30 02:48:11 - msg_id_0002 ==> 7E00020000660000000002DC01BB7E
2026-03-30 02:48:14 - msg_id_0002 ==> 7E00020000660000000002DC02B87E
2026-03-30 02:48:18 - msg_id_0002 ==> 7E00020000660000000002DC03B97E
2026-03-30 02:48:21 - msg_id_0002 ==> 7E00020000660000000002DC04BE7E
2026-03-30 02:48:24 - msg_id_0002 ==> 7E00020000660000000002DC05BF7E
2026-03-30 02:48:27 - msg_id_0002 ==> 7E00020000660000000002DC07BD7E
2026-03-30 02:48:30 - msg_id_0002 ==> 7E00020000660000000002DC08B27E
2026-03-30 02:48:33 - msg_id_0002 ==> 7E00020000660000000002DC09B37E
2026-03-30 02:48:36 - msg_id_0002 ==> 7E00020000660000000002DC0AB07E
2026-03-30 02:48:39 - msg_id_0002 ==> 7E00020000660000000002DC0BB17E
2026-03-30 02:48:42 - msg_id_0002 ==> 7E00020000660000000002DC0CB67E
2026-03-30 02:48:45 - msg_id_0002 ==> 7E00020000660000000002DC0DB77E
2026-03-30 02:48:49 - msg_id_0002 ==> 7E00020000660000000002DC0EB47E
2026-03-30 02:48:52 - msg_id_0002 ==> 7E00020000660000000002DC0FB57E
2026-03-30 02:48:55 - msg_id_0002 ==> 7E00020000660000000002DC10AA7E
2026-03-30 02:48:58 - msg_id_0002 ==> 7E00020000660000000002DC12A87E
2026-03-30 02:49:01 - msg_id_0002 ==> 7E00020000660000000002DC13A97E
2026-03-30 02:49:04 - msg_id_0002 ==> 7E00020000660000000002DC14AE7E
2026-03-30 02:49:07 - msg_id_0002 ==> 7E00020000660000000002DC15AF7E
2026-03-30 02:49:10 - msg_id_0002 ==> 7E00020000660000000002DC16AC7E
2026-03-30 02:49:13 - msg_id_0002 ==> 7E00020000660000000002DC17AD7E
2026-03-30 02:49:16 - msg_id_0002 ==> 7E00020000660000000002DC18A27E
2026-03-30 02:49:20 - msg_id_0002 ==> 7E00020000660000000002DC19A37E
2026-03-30 02:49:23 - msg_id_0002 ==> 7E00020000660000000002DC1AA07E
2026-03-30 02:49:26 - msg_id_0002 ==> 7E00020000660000000002DC1BA17E
2026-03-30 02:49:29 - msg_id_0002 ==> 7E00020000660000000002DC1DA77E
2026-03-30 02:49:32 - msg_id_0002 ==> 7E00020000660000000002DC1EA47E
2026-03-30 02:49:35 - msg_id_0002 ==> 7E00020000660000000002DC1FA57E
2026-03-30 02:49:38 - msg_id_0002 ==> 7E00020000660000000002DC209A7E
2026-03-30 02:49:41 - msg_id_0002 ==> 7E00020000660000000002DC219B7E
2026-03-30 02:49:44 - msg_id_0002 ==> 7E00020000660000000002DC22987E
2026-03-30 02:49:47 - msg_id_0002 ==> 7E00020000660000000002DC23997E
2026-03-30 02:49:51 - msg_id_0002 ==> 7E00020000660000000002DC249E7E
2026-03-30 02:49:54 - msg_id_0002 ==> 7E00020000660000000002DC259F7E
2026-03-30 02:49:57 - msg_id_0002 ==> 7E00020000660000000002DC269C7E
2026-03-30 02:50:00 - msg_id_0002 ==> 7E00020000660000000002DC28927E
2026-03-30 02:50:03 - msg_id_0002 ==> 7E00020000660000000002DC29937E
2026-03-30 02:50:06 - msg_id_0002 ==> 7E00020000660000000002DC2A907E
2026-03-30 02:50:09 - msg_id_0002 ==> 7E00020000660000000002DC2B917E
2026-03-30 02:50:12 - msg_id_0002 ==> 7E00020000660000000002DC2C967E
2026-03-30 02:50:15 - msg_id_0002 ==> 7E00020000660000000002DC2D977E
2026-03-30 02:50:18 - msg_id_0002 ==> 7E00020000660000000002DC2E947E
2026-03-30 02:50:22 - msg_id_0002 ==> 7E00020000660000000002DC2F957E
2026-03-30 02:50:25 - msg_id_0002 ==> 7E00020000660000000002DC308A7E
2026-03-30 02:50:28 - msg_id_0002 ==> 7E00020000660000000002DC318B7E
2026-03-30 02:50:31 - msg_id_0002 ==> 7E00020000660000000002DC33897E
2026-03-30 02:50:34 - msg_id_0002 ==> 7E00020000660000000002DC348E7E
2026-03-30 02:50:37 - msg_id_0002 ==> 7E00020000660000000002DC358F7E
2026-03-30 02:50:40 - msg_id_0002 ==> 7E00020000660000000002DC368C7E
2026-03-30 02:50:43 - msg_id_0002 ==> 7E00020000660000000002DC378D7E
2026-03-30 02:50:46 - msg_id_0002 ==> 7E00020000660000000002DC38827E
2026-03-30 02:50:49 - msg_id_0002 ==> 7E00020000660000000002DC39837E
2026-03-30 02:50:53 - msg_id_0002 ==> 7E00020000660000000002DC3A807E
2026-03-30 02:50:56 - msg_id_0002 ==> 7E00020000660000000002DC3B817E
2026-03-30 02:50:59 - msg_id_0002 ==> 7E00020000660000000002DC3C867E
2026-03-30 02:51:02 - msg_id_0002 ==> 7E00020000660000000002DC3E847E
2026-03-30 02:51:05 - msg_id_0002 ==> 7E00020000660000000002DC3F857E
2026-03-30 02:51:08 - msg_id_0002 ==> 7E00020000660000000002DC40FA7E
2026-03-30 02:51:11 - msg_id_0002 ==> 7E00020000660000000002DC41FB7E
2026-03-30 02:51:14 - msg_id_0002 ==> 7E00020000660000000002DC42F87E
2026-03-30 02:51:17 - msg_id_0002 ==> 7E00020000660000000002DC43F97E
2026-03-30 02:51:20 - msg_id_0002 ==> 7E00020000660000000002DC44FE7E
2026-03-30 02:51:24 - msg_id_0002 ==> 7E00020000660000000002DC45FF7E
2026-03-30 02:51:27 - msg_id_0002 ==> 7E00020000660000000002DC46FC7E
2026-03-30 02:51:30 - msg_id_0002 ==> 7E00020000660000000002DC47FD7E
2026-03-30 02:51:33 - msg_id_0002 ==> 7E00020000660000000002DC49F37E
2026-03-30 02:51:36 - msg_id_0002 ==> 7E00020000660000000002DC4AF07E
2026-03-30 02:51:39 - msg_id_0002 ==> 7E00020000660000000002DC4BF17E
2026-03-30 02:51:42 - msg_id_0002 ==> 7E00020000660000000002DC4CF67E
2026-03-30 02:51:45 - msg_id_0002 ==> 7E00020000660000000002DC4DF77E
2026-03-30 02:51:48 - msg_id_0002 ==> 7E00020000660000000002DC4EF47E
2026-03-30 02:51:51 - msg_id_0002 ==> 7E00020000660000000002DC4FF57E
2026-03-30 02:51:55 - msg_id_0002 ==> 7E00020000660000000002DC50EA7E
2026-03-30 02:51:58 - msg_id_0002 ==> 7E00020000660000000002DC51EB7E
2026-03-30 02:52:01 - msg_id_0002 ==> 7E00020000660000000002DC52E87E
2026-03-30 02:52:04 - msg_id_0002 ==> 7E00020000660000000002DC54EE7E
2026-03-30 02:52:07 - msg_id_0002 ==> 7E00020000660000000002DC55EF7E
2026-03-30 02:52:10 - msg_id_0002 ==> 7E00020000660000000002DC56EC7E
2026-03-30 02:52:13 - msg_id_0002 ==> 7E00020000660000000002DC57ED7E
2026-03-30 02:52:16 - msg_id_0002 ==> 7E00020000660000000002DC58E27E
2026-03-30 02:52:19 - msg_id_0002 ==> 7E00020000660000000002DC59E37E
2026-03-30 02:52:22 - msg_id_0002 ==> 7E00020000660000000002DC5AE07E
2026-03-30 02:52:26 - msg_id_0002 ==> 7E00020000660000000002DC5BE17E
2026-03-30 02:52:29 - msg_id_0002 ==> 7E00020000660000000002DC5CE67E
2026-03-30 02:52:32 - msg_id_0002 ==> 7E00020000660000000002DC5DE77E
2026-03-30 02:52:35 - msg_id_0002 ==> 7E00020000660000000002DC5FE57E
2026-03-30 02:52:38 - msg_id_0002 ==> 7E00020000660000000002DC60DA7E
2026-03-30 02:52:41 - msg_id_0002 ==> 7E00020000660000000002DC61DB7E
2026-03-30 02:52:44 - msg_id_0002 ==> 7E00020000660000000002DC62D87E
2026-03-30 02:52:47 - msg_id_0002 ==> 7E00020000660000000002DC63D97E
2026-03-30 02:52:50 - msg_id_0002 ==> 7E00020000660000000002DC64DE7E
2026-03-30 02:52:53 - msg_id_0002 ==> 7E00020000660000000002DC65DF7E
2026-03-30 02:52:57 - msg_id_0002 ==> 7E00020000660000000002DC66DC7E
2026-03-30 02:53:00 - msg_id_0002 ==> 7E00020000660000000002DC67DD7E
2026-03-30 02:53:03 - msg_id_0002 ==> 7E00020000660000000002DC68D27E
2026-03-30 02:53:06 - msg_id_0002 ==> 7E00020000660000000002DC6AD07E
2026-03-30 02:53:09 - msg_id_0002 ==> 7E00020000660000000002DC6BD17E
2026-03-30 02:53:12 - msg_id_0002 ==> 7E00020000660000000002DC6CD67E
2026-03-30 02:53:15 - msg_id_0002 ==> 7E00020000660000000002DC6DD77E
2026-03-30 02:53:18 - msg_id_0002 ==> 7E00020000660000000002DC6ED47E
2026-03-30 02:53:21 - msg_id_0002 ==> 7E00020000660000000002DC6FD57E
2026-03-30 02:53:24 - msg_id_0002 ==> 7E00020000660000000002DC70CA7E
2026-03-30 02:53:28 - msg_id_0002 ==> 7E00020000660000000002DC71CB7E
2026-03-30 02:53:31 - msg_id_0002 ==> 7E00020000660000000002DC72C87E
2026-03-30 02:53:34 - msg_id_0002 ==> 7E00020000660000000002DC73C97E
2026-03-30 02:53:37 - msg_id_0002 ==> 7E00020000660000000002DC75CF7E
2026-03-30 02:53:40 - msg_id_0002 ==> 7E00020000660000000002DC76CC7E
2026-03-30 02:53:43 - msg_id_0002 ==> 7E00020000660000000002DC77CD7E
2026-03-30 02:53:46 - msg_id_0002 ==> 7E00020000660000000002DC78C27E
2026-03-30 02:53:49 - msg_id_0002 ==> 7E00020000660000000002DC79C37E
2026-03-30 02:53:52 - msg_id_0002 ==> 7E00020000660000000002DC7AC07E
2026-03-30 02:53:55 - msg_id_0002 ==> 7E00020000660000000002DC7BC17E
2026-03-30 02:53:59 - msg_id_0002 ==> 7E00020000660000000002DC7CC67E
2026-03-30 02:54:02 - msg_id_0002 ==> 7E00020000660000000002DC7D01C77E
2026-03-30 02:54:05 - msg_id_0002 ==> 7E00020000660000000002DC7D02C47E
2026-03-30 02:54:12 - msg_id_0002 ==> 7E00020000660000000002DC83397E
2026-03-30 02:54:15 - msg_id_0002 ==> 7E00020000660000000002DC843E7E
2026-03-30 02:54:18 - msg_id_0002 ==> 7E00020000660000000002DC853F7E
2026-03-30 02:54:22 - msg_id_0002 ==> 7E00020000660000000002DC863C7E
2026-03-30 02:54:25 - msg_id_0002 ==> 7E00020000660000000002DC873D7E
2026-03-30 02:54:28 - msg_id_0002 ==> 7E00020000660000000002DC88327E
2026-03-30 02:54:31 - msg_id_0002 ==> 7E00020000660000000002DC89337E
2026-03-30 02:54:34 - msg_id_0002 ==> 7E00020000660000000002DC8A307E
2026-03-30 02:54:37 - msg_id_0002 ==> 7E00020000660000000002DC8B317E
2026-03-30 02:54:40 - msg_id_0002 ==> 7E00020000660000000002DC8C367E
2026-03-30 02:54:43 - msg_id_0002 ==> 7E00020000660000000002DC8E347E
2026-03-30 02:54:46 - msg_id_0002 ==> 7E00020000660000000002DC8F357E
2026-03-30 02:54:49 - msg_id_0002 ==> 7E00020000660000000002DC902A7E
2026-03-30 02:54:53 - msg_id_0002 ==> 7E00020000660000000002DC912B7E
2026-03-30 02:54:56 - msg_id_0002 ==> 7E00020000660000000002DC92287E
2026-03-30 02:54:59 - msg_id_0002 ==> 7E00020000660000000002DC93297E
2026-03-30 02:55:02 - msg_id_0002 ==> 7E00020000660000000002DC942E7E
2026-03-30 02:55:05 - msg_id_0002 ==> 7E00020000660000000002DC952F7E
2026-03-30 02:55:08 - msg_id_0002 ==> 7E00020000660000000002DC962C7E
2026-03-30 02:55:11 - msg_id_0002 ==> 7E00020000660000000002DC972D7E
2026-03-30 02:55:14 - msg_id_0002 ==> 7E00020000660000000002DC99237E
2026-03-30 02:55:17 - msg_id_0002 ==> 7E00020000660000000002DC9A207E
2026-03-30 02:55:20 - msg_id_0002 ==> 7E00020000660000000002DC9B217E
2026-03-30 02:55:24 - msg_id_0002 ==> 7E00020000660000000002DC9C267E
2026-03-30 02:55:27 - msg_id_0002 ==> 7E00020000660000000002DC9D277E
2026-03-30 02:55:30 - msg_id_0002 ==> 7E00020000660000000002DC9E247E
2026-03-30 02:55:33 - msg_id_0002 ==> 7E00020000660000000002DC9F257E
2026-03-30 02:55:36 - msg_id_0002 ==> 7E00020000660000000002DCA01A7E
2026-03-30 02:55:39 - msg_id_0002 ==> 7E00020000660000000002DCA11B7E
2026-03-30 02:55:42 - msg_id_0002 ==> 7E00020000660000000002DCA2187E
2026-03-30 02:55:45 - msg_id_0002 ==> 7E00020000660000000002DCA41E7E
2026-03-30 02:55:48 - msg_id_0002 ==> 7E00020000660000000002DCA51F7E
2026-03-30 02:55:51 - msg_id_0002 ==> 7E00020000660000000002DCA61C7E
2026-03-30 02:55:55 - msg_id_0002 ==> 7E00020000660000000002DCA71D7E
2026-03-30 02:55:58 - msg_id_0002 ==> 7E00020000660000000002DCA8127E
2026-03-30 02:56:01 - msg_id_0002 ==> 7E00020000660000000002DCA9137E
2026-03-30 02:56:04 - msg_id_0002 ==> 7E00020000660000000002DCAA107E
2026-03-30 02:56:07 - msg_id_0002 ==> 7E00020000660000000002DCAB117E
2026-03-30 02:56:10 - msg_id_0002 ==> 7E00020000660000000002DCAC167E
2026-03-30 02:56:13 - msg_id_0002 ==> 7E00020000660000000002DCAD177E
2026-03-30 02:56:16 - msg_id_0002 ==> 7E00020000660000000002DCAF157E
2026-03-30 02:56:19 - msg_id_0002 ==> 7E00020000660000000002DCB00A7E
2026-03-30 02:56:22 - msg_id_0002 ==> 7E00020000660000000002DCB10B7E
2026-03-30 02:56:26 - msg_id_0002 ==> 7E00020000660000000002DCB2087E
2026-03-30 02:56:29 - msg_id_0002 ==> 7E00020000660000000002DCB3097E
2026-03-30 02:56:32 - msg_id_0002 ==> 7E00020000660000000002DCB40E7E
2026-03-30 02:56:35 - msg_id_0002 ==> 7E00020000660000000002DCB50F7E
2026-03-30 02:56:38 - msg_id_0002 ==> 7E00020000660000000002DCB60C7E
2026-03-30 02:56:41 - msg_id_0002 ==> 7E00020000660000000002DCB70D7E
2026-03-30 02:56:44 - msg_id_0002 ==> 7E00020000660000000002DCB8027E
2026-03-30 02:56:47 - msg_id_0002 ==> 7E00020000660000000002DCBA007E
2026-03-30 02:56:50 - msg_id_0002 ==> 7E00020000660000000002DCBB017E
2026-03-30 02:56:53 - msg_id_0002 ==> 7E00020000660000000002DCBC067E
2026-03-30 02:56:57 - msg_id_0002 ==> 7E00020000660000000002DCBD077E
2026-03-30 02:57:00 - msg_id_0002 ==> 7E00020000660000000002DCBE047E
2026-03-30 02:57:03 - msg_id_0002 ==> 7E00020000660000000002DCBF057E
2026-03-30 02:57:06 - msg_id_0002 ==> 7E00020000660000000002DCC07A7E
2026-03-30 02:57:09 - msg_id_0002 ==> 7E00020000660000000002DCC17B7E
2026-03-30 02:57:12 - msg_id_0002 ==> 7E00020000660000000002DCC2787E
2026-03-30 02:57:15 - msg_id_0002 ==> 7E00020000660000000002DCC3797E
2026-03-30 02:57:18 - msg_id_0002 ==> 7E00020000660000000002DCC57F7E
2026-03-30 02:57:21 - msg_id_0002 ==> 7E00020000660000000002DCC67C7E
2026-03-30 02:57:24 - msg_id_0002 ==> 7E00020000660000000002DCC77D017E
2026-03-30 02:57:28 - msg_id_0002 ==> 7E00020000660000000002DCC8727E
2026-03-30 02:57:31 - msg_id_0002 ==> 7E00020000660000000002DCC9737E
2026-03-30 02:57:34 - msg_id_0002 ==> 7E00020000660000000002DCCA707E
2026-03-30 02:57:37 - msg_id_0002 ==> 7E00020000660000000002DCCB717E
2026-03-30 02:57:40 - msg_id_0002 ==> 7E00020000660000000002DCCC767E
2026-03-30 02:57:43 - msg_id_0002 ==> 7E00020000660000000002DCCD777E
2026-03-30 02:57:46 - msg_id_0002 ==> 7E00020000660000000002DCCE747E
2026-03-30 02:57:49 - msg_id_0002 ==> 7E00020000660000000002DCD06A7E
2026-03-30 02:57:52 - msg_id_0002 ==> 7E00020000660000000002DCD16B7E
2026-03-30 02:57:55 - msg_id_0002 ==> 7E00020000660000000002DCD2687E
2026-03-30 02:57:59 - msg_id_0002 ==> 7E00020000660000000002DCD3697E
2026-03-30 02:58:02 - msg_id_0002 ==> 7E00020000660000000002DCD46E7E
2026-03-30 02:58:05 - msg_id_0002 ==> 7E00020000660000000002DCD56F7E
2026-03-30 02:58:08 - msg_id_0002 ==> 7E00020000660000000002DCD66C7E
2026-03-30 02:58:11 - msg_id_0002 ==> 7E00020000660000000002DCD76D7E
2026-03-30 02:58:14 - msg_id_0002 ==> 7E00020000660000000002DCD8627E
2026-03-30 02:58:17 - msg_id_0002 ==> 7E00020000660000000002DCD9637E
2026-03-30 02:58:20 - msg_id_0002 ==> 7E00020000660000000002DCDB617E
2026-03-30 02:58:23 - msg_id_0002 ==> 7E00020000660000000002DCDC667E
2026-03-30 02:58:27 - msg_id_0002 ==> 7E00020000660000000002DCDD677E
2026-03-30 02:58:30 - msg_id_0002 ==> 7E00020000660000000002DCDE647E
2026-03-30 02:58:33 - msg_id_0002 ==> 7E00020000660000000002DCDF657E
2026-03-30 02:58:36 - msg_id_0002 ==> 7E00020000660000000002DCE05A7E
2026-03-30 02:58:39 - msg_id_0002 ==> 7E00020000660000000002DCE15B7E
2026-03-30 02:58:42 - msg_id_0002 ==> 7E00020000660000000002DCE2587E
2026-03-30 02:58:45 - msg_id_0002 ==> 7E00020000660000000002DCE3597E
2026-03-30 02:58:48 - msg_id_0002 ==> 7E00020000660000000002DCE45E7E
2026-03-30 02:58:51 - msg_id_0002 ==> 7E00020000660000000002DCE65C7E
2026-03-30 02:58:54 - msg_id_0002 ==> 7E00020000660000000002DCE75D7E
2026-03-30 02:58:58 - msg_id_0002 ==> 7E00020000660000000002DCE8527E
2026-03-30 02:59:01 - msg_id_0002 ==> 7E00020000660000000002DCE9537E
2026-03-30 02:59:04 - msg_id_0002 ==> 7E00020000660000000002DCEA507E
2026-03-30 02:59:07 - msg_id_0002 ==> 7E00020000660000000002DCEB517E
2026-03-30 02:59:10 - msg_id_0002 ==> 7E00020000660000000002DCEC567E
2026-03-30 02:59:13 - msg_id_0002 ==> 7E00020000660000000002DCED577E
2026-03-30 02:59:16 - msg_id_0002 ==> 7E00020000660000000002DCEE547E
2026-03-30 02:59:19 - msg_id_0002 ==> 7E00020000660000000002DCEF557E
2026-03-30 02:59:22 - msg_id_0002 ==> 7E00020000660000000002DCF14B7E
2026-03-30 02:59:25 - msg_id_0002 ==> 7E00020000660000000002DCF2487E
2026-03-30 02:59:29 - msg_id_0002 ==> 7E00020000660000000002DCF3497E
2026-03-30 02:59:32 - msg_id_0002 ==> 7E00020000660000000002DCF44E7E
2026-03-30 02:59:35 - msg_id_0002 ==> 7E00020000660000000002DCF54F7E
2026-03-30 02:59:38 - msg_id_0002 ==> 7E00020000660000000002DCF64C7E
2026-03-30 02:59:41 - msg_id_0002 ==> 7E00020000660000000002DCF74D7E
2026-03-30 02:59:44 - msg_id_0002 ==> 7E00020000660000000002DCF8427E
2026-03-30 02:59:47 - msg_id_0002 ==> 7E00020000660000000002DCF9437E
2026-03-30 02:59:50 - msg_id_0002 ==> 7E00020000660000000002DCFA407E
2026-03-30 02:59:53 - msg_id_0002 ==> 7E00020000660000000002DCFC467E
2026-03-30 02:59:56 - msg_id_0002 ==> 7E00020000660000000002DCFD477E
2026-03-30 02:59:59 - msg_id_0002 ==> 7E00020000660000000002DCFE447E
2026-03-30 03:00:03 - msg_id_0002 ==> 7E00020000660000000002DCFF457E
2026-03-30 03:00:06 - msg_id_0002 ==> 7E00020000660000000002DD00BB7E
2026-03-30 03:00:09 - msg_id_0002 ==> 7E00020000660000000002DD01BA7E
2026-03-30 03:00:12 - msg_id_0002 ==> 7E00020000660000000002DD02B97E
2026-03-30 03:00:15 - msg_id_0002 ==> 7E00020000660000000002DD03B87E
2026-03-30 03:00:18 - msg_id_0002 ==> 7E00020000660000000002DD04BF7E
2026-03-30 03:00:21 - msg_id_0002 ==> 7E00020000660000000002DD05BE7E
2026-03-30 03:00:24 - msg_id_0002 ==> 7E00020000660000000002DD07BC7E
2026-03-30 03:00:27 - msg_id_0002 ==> 7E00020000660000000002DD08B37E
2026-03-30 03:00:31 - msg_id_0002 ==> 7E00020000660000000002DD09B27E
2026-03-30 03:00:34 - msg_id_0002 ==> 7E00020000660000000002DD0AB17E
2026-03-30 03:00:37 - msg_id_0002 ==> 7E00020000660000000002DD0BB07E
2026-03-30 03:00:40 - msg_id_0002 ==> 7E00020000660000000002DD0CB77E
2026-03-30 03:00:43 - msg_id_0002 ==> 7E00020000660000000002DD0DB67E
2026-03-30 03:00:46 - msg_id_0002 ==> 7E00020000660000000002DD0EB57E
2026-03-30 03:00:49 - msg_id_0002 ==> 7E00020000660000000002DD0FB47E
2026-03-30 03:00:52 - msg_id_0002 ==> 7E00020000660000000002DD10AB7E
2026-03-30 03:00:55 - msg_id_0002 ==> 7E00020000660000000002DD12A97E
2026-03-30 03:00:58 - msg_id_0002 ==> 7E00020000660000000002DD13A87E
2026-03-30 03:01:02 - msg_id_0002 ==> 7E00020000660000000002DD14AF7E
2026-03-30 03:01:05 - msg_id_0002 ==> 7E00020000660000000002DD15AE7E
2026-03-30 03:01:08 - msg_id_0002 ==> 7E00020000660000000002DD16AD7E
2026-03-30 03:01:11 - msg_id_0002 ==> 7E00020000660000000002DD17AC7E
2026-03-30 03:01:14 - msg_id_0002 ==> 7E00020000660000000002DD18A37E
2026-03-30 03:01:17 - msg_id_0002 ==> 7E00020000660000000002DD19A27E
2026-03-30 03:01:20 - msg_id_0002 ==> 7E00020000660000000002DD1AA17E
2026-03-30 03:01:23 - msg_id_0002 ==> 7E00020000660000000002DD1BA07E
2026-03-30 03:01:26 - msg_id_0002 ==> 7E00020000660000000002DD1DA67E
2026-03-30 03:01:29 - msg_id_0002 ==> 7E00020000660000000002DD1EA57E
2026-03-30 03:01:33 - msg_id_0002 ==> 7E00020000660000000002DD1FA47E
2026-03-30 03:01:36 - msg_id_0002 ==> 7E00020000660000000002DD209B7E
2026-03-30 03:01:39 - msg_id_0002 ==> 7E00020000660000000002DD219A7E
2026-03-30 03:01:42 - msg_id_0002 ==> 7E00020000660000000002DD22997E
2026-03-30 03:01:45 - msg_id_0002 ==> 7E00020000660000000002DD23987E
2026-03-30 03:01:48 - msg_id_0002 ==> 7E00020000660000000002DD249F7E
2026-03-30 03:01:51 - msg_id_0002 ==> 7E00020000660000000002DD259E7E
2026-03-30 03:01:54 - msg_id_0002 ==> 7E00020000660000000002DD269D7E
2026-03-30 03:01:57 - msg_id_0002 ==> 7E00020000660000000002DD28937E
2026-03-30 03:02:00 - msg_id_0002 ==> 7E00020000660000000002DD29927E
2026-03-30 03:02:04 - msg_id_0002 ==> 7E00020000660000000002DD2A917E
2026-03-30 03:02:07 - msg_id_0002 ==> 7E00020000660000000002DD2B907E
2026-03-30 03:02:10 - msg_id_0002 ==> 7E00020000660000000002DD2C977E
2026-03-30 03:02:13 - msg_id_0002 ==> 7E00020000660000000002DD2D967E
2026-03-30 03:02:16 - msg_id_0002 ==> 7E00020000660000000002DD2E957E
2026-03-30 03:02:19 - msg_id_0002 ==> 7E00020000660000000002DD2F947E
2026-03-30 03:02:22 - msg_id_0002 ==> 7E00020000660000000002DD308B7E
2026-03-30 03:02:25 - msg_id_0002 ==> 7E00020000660000000002DD318A7E
2026-03-30 03:02:28 - msg_id_0002 ==> 7E00020000660000000002DD33887E
2026-03-30 03:02:31 - msg_id_0002 ==> 7E00020000660000000002DD348F7E
2026-03-30 03:02:35 - msg_id_0002 ==> 7E00020000660000000002DD358E7E
2026-03-30 03:02:38 - msg_id_0002 ==> 7E00020000660000000002DD368D7E
2026-03-30 03:02:41 - msg_id_0002 ==> 7E00020000660000000002DD378C7E
2026-03-30 03:02:44 - msg_id_0002 ==> 7E00020000660000000002DD38837E
2026-03-30 03:02:47 - msg_id_0002 ==> 7E00020000660000000002DD39827E
2026-03-30 03:02:50 - msg_id_0002 ==> 7E00020000660000000002DD3A817E
2026-03-30 03:02:53 - msg_id_0002 ==> 7E00020000660000000002DD3B807E
2026-03-30 03:02:56 - msg_id_0002 ==> 7E00020000660000000002DD3C877E
2026-03-30 03:02:59 - msg_id_0002 ==> 7E00020000660000000002DD3E857E
2026-03-30 03:03:02 - msg_id_0002 ==> 7E00020000660000000002DD3F847E
2026-03-30 03:03:06 - msg_id_0002 ==> 7E00020000660000000002DD40FB7E
2026-03-30 03:03:09 - msg_id_0002 ==> 7E00020000660000000002DD41FA7E
2026-03-30 03:03:12 - msg_id_0002 ==> 7E00020000660000000002DD42F97E
2026-03-30 03:03:15 - msg_id_0002 ==> 7E00020000660000000002DD43F87E
2026-03-30 03:03:18 - msg_id_0002 ==> 7E00020000660000000002DD44FF7E
2026-03-30 03:03:21 - msg_id_0002 ==> 7E00020000660000000002DD45FE7E
2026-03-30 03:03:24 - msg_id_0002 ==> 7E00020000660000000002DD46FD7E
2026-03-30 03:03:27 - msg_id_0002 ==> 7E00020000660000000002DD47FC7E
2026-03-30 03:03:30 - msg_id_0002 ==> 7E00020000660000000002DD49F27E
2026-03-30 03:03:33 - msg_id_0002 ==> 7E00020000660000000002DD4AF17E
2026-03-30 03:03:37 - msg_id_0002 ==> 7E00020000660000000002DD4BF07E
2026-03-30 03:03:40 - msg_id_0002 ==> 7E00020000660000000002DD4CF77E
2026-03-30 03:03:43 - msg_id_0002 ==> 7E00020000660000000002DD4DF67E
2026-03-30 03:03:46 - msg_id_0002 ==> 7E00020000660000000002DD4EF57E
2026-03-30 03:03:49 - msg_id_0002 ==> 7E00020000660000000002DD4FF47E
2026-03-30 03:03:52 - msg_id_0002 ==> 7E00020000660000000002DD50EB7E
2026-03-30 03:03:55 - msg_id_0002 ==> 7E00020000660000000002DD51EA7E
2026-03-30 03:03:58 - msg_id_0002 ==> 7E00020000660000000002DD52E97E
2026-03-30 03:04:01 - msg_id_0002 ==> 7E00020000660000000002DD54EF7E
2026-03-30 03:04:04 - msg_id_0002 ==> 7E00020000660000000002DD55EE7E
2026-03-30 03:04:08 - msg_id_0002 ==> 7E00020000660000000002DD56ED7E
2026-03-30 03:04:11 - msg_id_0002 ==> 7E00020000660000000002DD57EC7E
2026-03-30 03:04:14 - msg_id_0002 ==> 7E00020000660000000002DD58E37E
2026-03-30 03:04:17 - msg_id_0002 ==> 7E00020000660000000002DD59E27E
2026-03-30 03:04:20 - msg_id_0002 ==> 7E00020000660000000002DD5AE17E
2026-03-30 03:04:23 - msg_id_0002 ==> 7E00020000660000000002DD5BE07E
2026-03-30 03:04:26 - msg_id_0002 ==> 7E00020000660000000002DD5CE77E
2026-03-30 03:04:29 - msg_id_0002 ==> 7E00020000660000000002DD5DE67E
2026-03-30 03:04:32 - msg_id_0002 ==> 7E00020000660000000002DD5FE47E
2026-03-30 03:04:36 - msg_id_0002 ==> 7E00020000660000000002DD60DB7E
2026-03-30 03:04:39 - msg_id_0002 ==> 7E00020000660000000002DD61DA7E
2026-03-30 03:04:42 - msg_id_0002 ==> 7E00020000660000000002DD62D97E
2026-03-30 03:04:45 - msg_id_0002 ==> 7E00020000660000000002DD63D87E
2026-03-30 03:04:48 - msg_id_0002 ==> 7E00020000660000000002DD64DF7E
2026-03-30 03:04:51 - msg_id_0002 ==> 7E00020000660000000002DD65DE7E
2026-03-30 03:04:54 - msg_id_0002 ==> 7E00020000660000000002DD66DD7E
2026-03-30 03:04:57 - msg_id_0002 ==> 7E00020000660000000002DD67DC7E
2026-03-30 03:05:00 - msg_id_0002 ==> 7E00020000660000000002DD68D37E
2026-03-30 03:05:03 - msg_id_0002 ==> 7E00020000660000000002DD6AD17E
2026-03-30 03:05:07 - msg_id_0002 ==> 7E00020000660000000002DD6BD07E
2026-03-30 03:05:10 - msg_id_0002 ==> 7E00020000660000000002DD6CD77E
2026-03-30 03:05:13 - msg_id_0002 ==> 7E00020000660000000002DD6DD67E
2026-03-30 03:05:16 - msg_id_0002 ==> 7E00020000660000000002DD6ED57E
2026-03-30 03:05:19 - msg_id_0002 ==> 7E00020000660000000002DD6FD47E
2026-03-30 03:05:22 - msg_id_0002 ==> 7E00020000660000000002DD70CB7E
2026-03-30 03:05:25 - msg_id_0002 ==> 7E00020000660000000002DD71CA7E
2026-03-30 03:05:28 - msg_id_0002 ==> 7E00020000660000000002DD72C97E
2026-03-30 03:05:31 - msg_id_0002 ==> 7E00020000660000000002DD73C87E
2026-03-30 03:05:34 - msg_id_0002 ==> 7E00020000660000000002DD75CE7E
2026-03-30 03:05:38 - msg_id_0002 ==> 7E00020000660000000002DD76CD7E
2026-03-30 03:05:41 - msg_id_0002 ==> 7E00020000660000000002DD77CC7E
2026-03-30 03:05:44 - msg_id_0002 ==> 7E00020000660000000002DD78C37E
2026-03-30 03:05:47 - msg_id_0002 ==> 7E00020000660000000002DD79C27E
2026-03-30 03:05:50 - msg_id_0002 ==> 7E00020000660000000002DD7AC17E
2026-03-30 03:05:53 - msg_id_0002 ==> 7E00020000660000000002DD7BC07E
2026-03-30 03:05:56 - msg_id_0002 ==> 7E00020000660000000002DD7CC77E
2026-03-30 03:05:59 - msg_id_0002 ==> 7E00020000660000000002DD7D01C67E
2026-03-30 03:06:02 - msg_id_0002 ==> 7E00020000660000000002DD7D02C57E
2026-03-30 03:06:10 - msg_id_0002 ==> 7E00020000660000000002DD83387E
2026-03-30 03:06:13 - msg_id_0002 ==> 7E00020000660000000002DD843F7E
2026-03-30 03:06:16 - msg_id_0002 ==> 7E00020000660000000002DD853E7E
2026-03-30 03:06:19 - msg_id_0002 ==> 7E00020000660000000002DD863D7E
2026-03-30 03:06:22 - msg_id_0002 ==> 7E00020000660000000002DD873C7E
2026-03-30 03:06:25 - msg_id_0002 ==> 7E00020000660000000002DD88337E
2026-03-30 03:06:28 - msg_id_0002 ==> 7E00020000660000000002DD89327E
2026-03-30 03:06:31 - msg_id_0002 ==> 7E00020000660000000002DD8A317E
2026-03-30 03:06:35 - msg_id_0002 ==> 7E00020000660000000002DD8B307E
2026-03-30 03:06:38 - msg_id_0002 ==> 7E00020000660000000002DD8C377E
2026-03-30 03:06:41 - msg_id_0002 ==> 7E00020000660000000002DD8E357E
2026-03-30 03:06:44 - msg_id_0002 ==> 7E00020000660000000002DD8F347E
2026-03-30 03:06:47 - msg_id_0002 ==> 7E00020000660000000002DD902B7E
2026-03-30 03:06:50 - msg_id_0002 ==> 7E00020000660000000002DD912A7E
2026-03-30 03:06:53 - msg_id_0002 ==> 7E00020000660000000002DD92297E
2026-03-30 03:06:56 - msg_id_0002 ==> 7E00020000660000000002DD93287E
2026-03-30 03:06:59 - msg_id_0002 ==> 7E00020000660000000002DD942F7E
2026-03-30 03:07:02 - msg_id_0002 ==> 7E00020000660000000002DD952E7E
2026-03-30 03:07:06 - msg_id_0002 ==> 7E00020000660000000002DD962D7E
2026-03-30 03:07:09 - msg_id_0002 ==> 7E00020000660000000002DD972C7E
2026-03-30 03:07:12 - msg_id_0002 ==> 7E00020000660000000002DD99227E
2026-03-30 03:07:15 - msg_id_0002 ==> 7E00020000660000000002DD9A217E
2026-03-30 03:07:18 - msg_id_0002 ==> 7E00020000660000000002DD9B207E
2026-03-30 03:07:21 - msg_id_0002 ==> 7E00020000660000000002DD9C277E
2026-03-30 03:07:24 - msg_id_0002 ==> 7E00020000660000000002DD9D267E
2026-03-30 03:07:27 - msg_id_0002 ==> 7E00020000660000000002DD9E257E
2026-03-30 03:07:30 - msg_id_0002 ==> 7E00020000660000000002DD9F247E
2026-03-30 03:07:33 - msg_id_0002 ==> 7E00020000660000000002DDA01B7E
2026-03-30 03:07:37 - msg_id_0002 ==> 7E00020000660000000002DDA11A7E
2026-03-30 03:07:40 - msg_id_0002 ==> 7E00020000660000000002DDA2197E
2026-03-30 03:07:43 - msg_id_0002 ==> 7E00020000660000000002DDA41F7E
2026-03-30 03:07:46 - msg_id_0002 ==> 7E00020000660000000002DDA51E7E
2026-03-30 03:07:49 - msg_id_0002 ==> 7E00020000660000000002DDA61D7E
2026-03-30 03:07:52 - msg_id_0002 ==> 7E00020000660000000002DDA71C7E
2026-03-30 03:07:55 - msg_id_0002 ==> 7E00020000660000000002DDA8137E
2026-03-30 03:07:58 - msg_id_0002 ==> 7E00020000660000000002DDA9127E
2026-03-30 03:08:01 - msg_id_0002 ==> 7E00020000660000000002DDAA117E
2026-03-30 03:08:04 - msg_id_0002 ==> 7E00020000660000000002DDAB107E
2026-03-30 03:08:08 - msg_id_0002 ==> 7E00020000660000000002DDAC177E
2026-03-30 03:08:11 - msg_id_0002 ==> 7E00020000660000000002DDAD167E
2026-03-30 03:08:14 - msg_id_0002 ==> 7E00020000660000000002DDAF147E
2026-03-30 03:08:17 - msg_id_0002 ==> 7E00020000660000000002DDB00B7E
2026-03-30 03:08:20 - msg_id_0002 ==> 7E00020000660000000002DDB10A7E
2026-03-30 03:08:23 - msg_id_0002 ==> 7E00020000660000000002DDB2097E
2026-03-30 03:08:26 - msg_id_0002 ==> 7E00020000660000000002DDB3087E
2026-03-30 03:08:29 - msg_id_0002 ==> 7E00020000660000000002DDB40F7E
2026-03-30 03:08:32 - msg_id_0002 ==> 7E00020000660000000002DDB50E7E
2026-03-30 03:08:35 - msg_id_0002 ==> 7E00020000660000000002DDB60D7E
2026-03-30 03:08:39 - msg_id_0002 ==> 7E00020000660000000002DDB70C7E
2026-03-30 03:08:42 - msg_id_0002 ==> 7E00020000660000000002DDB8037E
2026-03-30 03:08:45 - msg_id_0002 ==> 7E00020000660000000002DDBA017E
2026-03-30 03:08:48 - msg_id_0002 ==> 7E00020000660000000002DDBB007E
2026-03-30 03:08:51 - msg_id_0002 ==> 7E00020000660000000002DDBC077E
2026-03-30 03:08:54 - msg_id_0002 ==> 7E00020000660000000002DDBD067E
2026-03-30 03:08:57 - msg_id_0002 ==> 7E00020000660000000002DDBE057E
2026-03-30 03:09:00 - msg_id_0002 ==> 7E00020000660000000002DDBF047E
2026-03-30 03:09:03 - msg_id_0002 ==> 7E00020000660000000002DDC07B7E
2026-03-30 03:09:06 - msg_id_0002 ==> 7E00020000660000000002DDC17A7E
2026-03-30 03:09:10 - msg_id_0002 ==> 7E00020000660000000002DDC2797E
2026-03-30 03:09:13 - msg_id_0002 ==> 7E00020000660000000002DDC3787E
2026-03-30 03:09:16 - msg_id_0002 ==> 7E00020000660000000002DDC57D027E
2026-03-30 03:09:19 - msg_id_0002 ==> 7E00020000660000000002DDC67D017E
2026-03-30 03:09:22 - msg_id_0002 ==> 7E00020000660000000002DDC77C7E
2026-03-30 03:09:25 - msg_id_0002 ==> 7E00020000660000000002DDC8737E
2026-03-30 03:09:28 - msg_id_0002 ==> 7E00020000660000000002DDC9727E
2026-03-30 03:09:31 - msg_id_0002 ==> 7E00020000660000000002DDCA717E
2026-03-30 03:09:34 - msg_id_0002 ==> 7E00020000660000000002DDCB707E
2026-03-30 03:09:37 - msg_id_0002 ==> 7E00020000660000000002DDCC777E
2026-03-30 03:09:41 - msg_id_0002 ==> 7E00020000660000000002DDCD767E
2026-03-30 03:09:44 - msg_id_0002 ==> 7E00020000660000000002DDCE757E
2026-03-30 03:09:47 - msg_id_0002 ==> 7E00020000660000000002DDD06B7E
2026-03-30 03:09:50 - msg_id_0002 ==> 7E00020000660000000002DDD16A7E
2026-03-30 03:09:53 - msg_id_0002 ==> 7E00020000660000000002DDD2697E
2026-03-30 03:09:56 - msg_id_0002 ==> 7E00020000660000000002DDD3687E
2026-03-30 03:09:59 - msg_id_0002 ==> 7E00020000660000000002DDD46F7E
2026-03-30 03:10:02 - msg_id_0002 ==> 7E00020000660000000002DDD56E7E
2026-03-30 03:10:05 - msg_id_0002 ==> 7E00020000660000000002DDD66D7E
2026-03-30 03:10:08 - msg_id_0002 ==> 7E00020000660000000002DDD76C7E
2026-03-30 03:10:12 - msg_id_0002 ==> 7E00020000660000000002DDD8637E
2026-03-30 03:10:15 - msg_id_0002 ==> 7E00020000660000000002DDD9627E
2026-03-30 03:10:18 - msg_id_0002 ==> 7E00020000660000000002DDDB607E
2026-03-30 03:10:21 - msg_id_0002 ==> 7E00020000660000000002DDDC677E
2026-03-30 03:10:24 - msg_id_0002 ==> 7E00020000660000000002DDDD667E
2026-03-30 03:10:27 - msg_id_0002 ==> 7E00020000660000000002DDDE657E
2026-03-30 03:10:30 - msg_id_0002 ==> 7E00020000660000000002DDDF647E
2026-03-30 03:10:33 - msg_id_0002 ==> 7E00020000660000000002DDE05B7E
2026-03-30 03:10:36 - msg_id_0002 ==> 7E00020000660000000002DDE15A7E
2026-03-30 03:10:39 - msg_id_0002 ==> 7E00020000660000000002DDE2597E
2026-03-30 03:10:43 - msg_id_0002 ==> 7E00020000660000000002DDE3587E
2026-03-30 03:10:46 - msg_id_0002 ==> 7E00020000660000000002DDE45F7E
2026-03-30 03:10:49 - msg_id_0002 ==> 7E00020000660000000002DDE65D7E
2026-03-30 03:10:52 - msg_id_0002 ==> 7E00020000660000000002DDE75C7E
2026-03-30 03:10:55 - msg_id_0002 ==> 7E00020000660000000002DDE8537E
2026-03-30 03:10:58 - msg_id_0002 ==> 7E00020000660000000002DDE9527E
2026-03-30 03:11:01 - msg_id_0002 ==> 7E00020000660000000002DDEA517E
2026-03-30 03:11:04 - msg_id_0002 ==> 7E00020000660000000002DDEB507E
2026-03-30 03:11:07 - msg_id_0002 ==> 7E00020000660000000002DDEC577E
2026-03-30 03:11:10 - msg_id_0002 ==> 7E00020000660000000002DDED567E
2026-03-30 03:11:14 - msg_id_0002 ==> 7E00020000660000000002DDEE557E
2026-03-30 03:11:17 - msg_id_0002 ==> 7E00020000660000000002DDEF547E
2026-03-30 03:11:20 - msg_id_0002 ==> 7E00020000660000000002DDF14A7E
2026-03-30 03:11:23 - msg_id_0002 ==> 7E00020000660000000002DDF2497E
2026-03-30 03:11:26 - msg_id_0002 ==> 7E00020000660000000002DDF3487E
2026-03-30 03:11:29 - msg_id_0002 ==> 7E00020000660000000002DDF44F7E
2026-03-30 03:11:32 - msg_id_0002 ==> 7E00020000660000000002DDF54E7E
2026-03-30 03:11:35 - msg_id_0002 ==> 7E00020000660000000002DDF64D7E
2026-03-30 03:11:38 - msg_id_0002 ==> 7E00020000660000000002DDF74C7E
2026-03-30 03:11:41 - msg_id_0002 ==> 7E00020000660000000002DDF8437E
2026-03-30 03:11:45 - msg_id_0002 ==> 7E00020000660000000002DDF9427E
2026-03-30 03:11:48 - msg_id_0002 ==> 7E00020000660000000002DDFA417E
2026-03-30 03:11:51 - msg_id_0002 ==> 7E00020000660000000002DDFC477E
2026-03-30 03:11:54 - msg_id_0002 ==> 7E00020000660000000002DDFD467E
2026-03-30 03:11:57 - msg_id_0002 ==> 7E00020000660000000002DDFE457E
2026-03-30 03:12:00 - msg_id_0002 ==> 7E00020000660000000002DDFF447E
2026-03-30 03:12:03 - msg_id_0002 ==> 7E00020000660000000002DE00B87E
2026-03-30 03:12:06 - msg_id_0002 ==> 7E00020000660000000002DE01B97E
2026-03-30 03:12:09 - msg_id_0002 ==> 7E00020000660000000002DE02BA7E
2026-03-30 03:12:12 - msg_id_0002 ==> 7E00020000660000000002DE03BB7E
2026-03-30 03:12:16 - msg_id_0002 ==> 7E00020000660000000002DE04BC7E
2026-03-30 03:12:19 - msg_id_0002 ==> 7E00020000660000000002DE05BD7E
2026-03-30 03:12:22 - msg_id_0002 ==> 7E00020000660000000002DE07BF7E
2026-03-30 03:12:25 - msg_id_0002 ==> 7E00020000660000000002DE08B07E
2026-03-30 03:12:28 - msg_id_0002 ==> 7E00020000660000000002DE09B17E
2026-03-30 03:12:31 - msg_id_0002 ==> 7E00020000660000000002DE0AB27E
2026-03-30 03:12:34 - msg_id_0002 ==> 7E00020000660000000002DE0BB37E
2026-03-30 03:12:37 - msg_id_0002 ==> 7E00020000660000000002DE0CB47E
2026-03-30 03:12:40 - msg_id_0002 ==> 7E00020000660000000002DE0DB57E
2026-03-30 03:12:43 - msg_id_0002 ==> 7E00020000660000000002DE0EB67E
2026-03-30 03:12:47 - msg_id_0002 ==> 7E00020000660000000002DE0FB77E
2026-03-30 03:12:50 - msg_id_0002 ==> 7E00020000660000000002DE10A87E
2026-03-30 03:12:53 - msg_id_0002 ==> 7E00020000660000000002DE12AA7E
2026-03-30 03:12:56 - msg_id_0002 ==> 7E00020000660000000002DE13AB7E
2026-03-30 03:12:59 - msg_id_0002 ==> 7E00020000660000000002DE14AC7E
2026-03-30 03:13:02 - msg_id_0002 ==> 7E00020000660000000002DE15AD7E
2026-03-30 03:13:05 - msg_id_0002 ==> 7E00020000660000000002DE16AE7E
2026-03-30 03:13:08 - msg_id_0002 ==> 7E00020000660000000002DE17AF7E
2026-03-30 03:13:11 - msg_id_0002 ==> 7E00020000660000000002DE18A07E
2026-03-30 03:13:15 - msg_id_0002 ==> 7E00020000660000000002DE19A17E
2026-03-30 03:13:18 - msg_id_0002 ==> 7E00020000660000000002DE1AA27E
2026-03-30 03:13:21 - msg_id_0002 ==> 7E00020000660000000002DE1BA37E
2026-03-30 03:13:24 - msg_id_0002 ==> 7E00020000660000000002DE1DA57E
2026-03-30 03:13:27 - msg_id_0002 ==> 7E00020000660000000002DE1EA67E
2026-03-30 03:13:30 - msg_id_0002 ==> 7E00020000660000000002DE1FA77E
2026-03-30 03:13:33 - msg_id_0002 ==> 7E00020000660000000002DE20987E
2026-03-30 03:13:36 - msg_id_0002 ==> 7E00020000660000000002DE21997E
2026-03-30 03:13:39 - msg_id_0002 ==> 7E00020000660000000002DE229A7E
2026-03-30 03:13:42 - msg_id_0002 ==> 7E00020000660000000002DE239B7E
2026-03-30 03:13:45 - msg_id_0002 ==> 7E00020000660000000002DE249C7E
2026-03-30 03:13:49 - msg_id_0002 ==> 7E00020000660000000002DE259D7E
2026-03-30 03:13:52 - msg_id_0002 ==> 7E00020000660000000002DE269E7E
2026-03-30 03:13:55 - msg_id_0002 ==> 7E00020000660000000002DE28907E
2026-03-30 03:13:58 - msg_id_0002 ==> 7E00020000660000000002DE29917E
2026-03-30 03:14:01 - msg_id_0002 ==> 7E00020000660000000002DE2A927E
2026-03-30 03:14:04 - msg_id_0002 ==> 7E00020000660000000002DE2B937E
2026-03-30 03:14:07 - msg_id_0002 ==> 7E00020000660000000002DE2C947E
2026-03-30 03:14:10 - msg_id_0002 ==> 7E00020000660000000002DE2D957E
2026-03-30 03:14:13 - msg_id_0002 ==> 7E00020000660000000002DE2E967E
2026-03-30 03:14:16 - msg_id_0002 ==> 7E00020000660000000002DE2F977E
2026-03-30 03:14:20 - msg_id_0002 ==> 7E00020000660000000002DE30887E
2026-03-30 03:14:23 - msg_id_0002 ==> 7E00020000660000000002DE31897E
2026-03-30 03:14:26 - msg_id_0002 ==> 7E00020000660000000002DE338B7E
2026-03-30 03:14:29 - msg_id_0002 ==> 7E00020000660000000002DE348C7E
2026-03-30 03:14:32 - msg_id_0002 ==> 7E00020000660000000002DE358D7E
2026-03-30 03:14:35 - msg_id_0002 ==> 7E00020000660000000002DE368E7E
2026-03-30 03:14:38 - msg_id_0002 ==> 7E00020000660000000002DE378F7E
2026-03-30 03:14:41 - msg_id_0002 ==> 7E00020000660000000002DE38807E
2026-03-30 03:14:44 - msg_id_0002 ==> 7E00020000660000000002DE39817E
2026-03-30 03:14:47 - msg_id_0002 ==> 7E00020000660000000002DE3A827E
2026-03-30 03:14:51 - msg_id_0002 ==> 7E00020000660000000002DE3B837E
2026-03-30 03:14:54 - msg_id_0002 ==> 7E00020000660000000002DE3C847E
2026-03-30 03:14:57 - msg_id_0002 ==> 7E00020000660000000002DE3E867E
2026-03-30 03:15:00 - msg_id_0002 ==> 7E00020000660000000002DE3F877E
2026-03-30 03:15:03 - msg_id_0002 ==> 7E00020000660000000002DE40F87E
2026-03-30 03:15:06 - msg_id_0002 ==> 7E00020000660000000002DE41F97E
2026-03-30 03:15:09 - msg_id_0002 ==> 7E00020000660000000002DE42FA7E
2026-03-30 03:15:12 - msg_id_0002 ==> 7E00020000660000000002DE43FB7E
2026-03-30 03:15:15 - msg_id_0002 ==> 7E00020000660000000002DE44FC7E
2026-03-30 03:15:18 - msg_id_0002 ==> 7E00020000660000000002DE45FD7E
2026-03-30 03:15:22 - msg_id_0002 ==> 7E00020000660000000002DE46FE7E
2026-03-30 03:15:25 - msg_id_0002 ==> 7E00020000660000000002DE47FF7E
2026-03-30 03:15:28 - msg_id_0002 ==> 7E00020000660000000002DE49F17E
2026-03-30 03:15:31 - msg_id_0002 ==> 7E00020000660000000002DE4AF27E
2026-03-30 03:15:34 - msg_id_0002 ==> 7E00020000660000000002DE4BF37E
2026-03-30 03:15:37 - msg_id_0002 ==> 7E00020000660000000002DE4CF47E
2026-03-30 03:15:40 - msg_id_0002 ==> 7E00020000660000000002DE4DF57E
2026-03-30 03:15:43 - msg_id_0002 ==> 7E00020000660000000002DE4EF67E
2026-03-30 03:15:46 - msg_id_0002 ==> 7E00020000660000000002DE4FF77E
2026-03-30 03:15:49 - msg_id_0002 ==> 7E00020000660000000002DE50E87E
2026-03-30 03:15:53 - msg_id_0002 ==> 7E00020000660000000002DE51E97E
2026-03-30 03:15:56 - msg_id_0002 ==> 7E00020000660000000002DE52EA7E
2026-03-30 03:15:59 - msg_id_0002 ==> 7E00020000660000000002DE54EC7E
2026-03-30 03:16:02 - msg_id_0002 ==> 7E00020000660000000002DE55ED7E
2026-03-30 03:16:05 - msg_id_0002 ==> 7E00020000660000000002DE56EE7E
2026-03-30 03:16:08 - msg_id_0002 ==> 7E00020000660000000002DE57EF7E
2026-03-30 03:16:11 - msg_id_0002 ==> 7E00020000660000000002DE58E07E
2026-03-30 03:16:14 - msg_id_0002 ==> 7E00020000660000000002DE59E17E
2026-03-30 03:16:17 - msg_id_0002 ==> 7E00020000660000000002DE5AE27E
2026-03-30 03:16:20 - msg_id_0002 ==> 7E00020000660000000002DE5BE37E
2026-03-30 03:16:24 - msg_id_0002 ==> 7E00020000660000000002DE5CE47E
2026-03-30 03:16:27 - msg_id_0002 ==> 7E00020000660000000002DE5DE57E
2026-03-30 03:16:30 - msg_id_0002 ==> 7E00020000660000000002DE5FE77E
2026-03-30 03:16:33 - msg_id_0002 ==> 7E00020000660000000002DE60D87E
2026-03-30 03:16:36 - msg_id_0002 ==> 7E00020000660000000002DE61D97E
2026-03-30 03:16:39 - msg_id_0002 ==> 7E00020000660000000002DE62DA7E
2026-03-30 03:16:42 - msg_id_0002 ==> 7E00020000660000000002DE63DB7E
2026-03-30 03:16:45 - msg_id_0002 ==> 7E00020000660000000002DE64DC7E
2026-03-30 03:16:48 - msg_id_0002 ==> 7E00020000660000000002DE65DD7E
2026-03-30 03:16:51 - msg_id_0002 ==> 7E00020000660000000002DE66DE7E
2026-03-30 03:16:55 - msg_id_0002 ==> 7E00020000660000000002DE67DF7E
2026-03-30 03:16:58 - msg_id_0002 ==> 7E00020000660000000002DE68D07E
2026-03-30 03:17:01 - msg_id_0002 ==> 7E00020000660000000002DE6AD27E
2026-03-30 03:17:04 - msg_id_0002 ==> 7E00020000660000000002DE6BD37E
2026-03-30 03:17:07 - msg_id_0002 ==> 7E00020000660000000002DE6CD47E
2026-03-30 03:17:10 - msg_id_0002 ==> 7E00020000660000000002DE6DD57E
2026-03-30 03:17:13 - msg_id_0002 ==> 7E00020000660000000002DE6ED67E
2026-03-30 03:17:16 - msg_id_0002 ==> 7E00020000660000000002DE6FD77E
2026-03-30 03:17:19 - msg_id_0002 ==> 7E00020000660000000002DE70C87E
2026-03-30 03:17:22 - msg_id_0002 ==> 7E00020000660000000002DE71C97E
2026-03-30 03:17:26 - msg_id_0002 ==> 7E00020000660000000002DE72CA7E
2026-03-30 03:17:29 - msg_id_0002 ==> 7E00020000660000000002DE73CB7E
2026-03-30 03:17:32 - msg_id_0002 ==> 7E00020000660000000002DE75CD7E
2026-03-30 03:17:35 - msg_id_0002 ==> 7E00020000660000000002DE76CE7E
2026-03-30 03:17:38 - msg_id_0002 ==> 7E00020000660000000002DE77CF7E
2026-03-30 03:17:41 - msg_id_0002 ==> 7E00020000660000000002DE78C07E
2026-03-30 03:17:44 - msg_id_0002 ==> 7E00020000660000000002DE79C17E
2026-03-30 03:17:47 - msg_id_0002 ==> 7E00020000660000000002DE7AC27E
2026-03-30 03:17:50 - msg_id_0002 ==> 7E00020000660000000002DE7BC37E
2026-03-30 03:17:53 - msg_id_0002 ==> 7E00020000660000000002DE7CC47E
2026-03-30 03:17:57 - msg_id_0002 ==> 7E00020000660000000002DE7D01C57E
2026-03-30 03:18:00 - msg_id_0002 ==> 7E00020000660000000002DE7D02C67E
2026-03-30 03:18:07 - msg_id_0002 ==> 7E00020000660000000002DE833B7E
2026-03-30 03:18:10 - msg_id_0002 ==> 7E00020000660000000002DE843C7E
2026-03-30 03:18:13 - msg_id_0002 ==> 7E00020000660000000002DE853D7E
2026-03-30 03:18:17 - msg_id_0002 ==> 7E00020000660000000002DE863E7E
2026-03-30 03:18:20 - msg_id_0002 ==> 7E00020000660000000002DE873F7E
2026-03-30 03:18:23 - msg_id_0002 ==> 7E00020000660000000002DE88307E
2026-03-30 03:18:26 - msg_id_0002 ==> 7E00020000660000000002DE89317E
2026-03-30 03:18:29 - msg_id_0002 ==> 7E00020000660000000002DE8A327E
2026-03-30 03:18:32 - msg_id_0002 ==> 7E00020000660000000002DE8B337E
2026-03-30 03:18:35 - msg_id_0002 ==> 7E00020000660000000002DE8C347E
2026-03-30 03:18:38 - msg_id_0002 ==> 7E00020000660000000002DE8E367E
2026-03-30 03:18:41 - msg_id_0002 ==> 7E00020000660000000002DE8F377E
2026-03-30 03:18:44 - msg_id_0002 ==> 7E00020000660000000002DE90287E
2026-03-30 03:18:48 - msg_id_0002 ==> 7E00020000660000000002DE91297E
2026-03-30 03:18:51 - msg_id_0002 ==> 7E00020000660000000002DE922A7E
2026-03-30 03:18:54 - msg_id_0002 ==> 7E00020000660000000002DE932B7E
2026-03-30 03:18:57 - msg_id_0002 ==> 7E00020000660000000002DE942C7E
2026-03-30 03:19:00 - msg_id_0002 ==> 7E00020000660000000002DE952D7E
2026-03-30 03:19:03 - msg_id_0002 ==> 7E00020000660000000002DE962E7E
2026-03-30 03:19:06 - msg_id_0002 ==> 7E00020000660000000002DE972F7E
2026-03-30 03:19:09 - msg_id_0002 ==> 7E00020000660000000002DE99217E
2026-03-30 03:19:12 - msg_id_0002 ==> 7E00020000660000000002DE9A227E
2026-03-30 03:19:15 - msg_id_0002 ==> 7E00020000660000000002DE9B237E
2026-03-30 03:19:19 - msg_id_0002 ==> 7E00020000660000000002DE9C247E
2026-03-30 03:19:22 - msg_id_0002 ==> 7E00020000660000000002DE9D257E
2026-03-30 03:19:25 - msg_id_0002 ==> 7E00020000660000000002DE9E267E
2026-03-30 03:19:28 - msg_id_0002 ==> 7E00020000660000000002DE9F277E
2026-03-30 03:19:31 - msg_id_0002 ==> 7E00020000660000000002DEA0187E
2026-03-30 03:19:34 - msg_id_0002 ==> 7E00020000660000000002DEA1197E
2026-03-30 03:19:37 - msg_id_0002 ==> 7E00020000660000000002DEA21A7E
2026-03-30 03:19:40 - msg_id_0002 ==> 7E00020000660000000002DEA41C7E
2026-03-30 03:19:43 - msg_id_0002 ==> 7E00020000660000000002DEA51D7E
2026-03-30 03:19:46 - msg_id_0002 ==> 7E00020000660000000002DEA61E7E
2026-03-30 03:19:50 - msg_id_0002 ==> 7E00020000660000000002DEA71F7E
2026-03-30 03:19:53 - msg_id_0002 ==> 7E00020000660000000002DEA8107E
2026-03-30 03:19:56 - msg_id_0002 ==> 7E00020000660000000002DEA9117E
2026-03-30 03:19:59 - msg_id_0002 ==> 7E00020000660000000002DEAA127E
2026-03-30 03:20:02 - msg_id_0002 ==> 7E00020000660000000002DEAB137E
2026-03-30 03:20:05 - msg_id_0002 ==> 7E00020000660000000002DEAC147E
2026-03-30 03:20:08 - msg_id_0002 ==> 7E00020000660000000002DEAD157E
2026-03-30 03:20:11 - msg_id_0002 ==> 7E00020000660000000002DEAF177E
2026-03-30 03:20:14 - msg_id_0002 ==> 7E00020000660000000002DEB0087E
2026-03-30 03:20:17 - msg_id_0002 ==> 7E00020000660000000002DEB1097E
2026-03-30 03:20:21 - msg_id_0002 ==> 7E00020000660000000002DEB20A7E
2026-03-30 03:20:24 - msg_id_0002 ==> 7E00020000660000000002DEB30B7E
2026-03-30 03:20:27 - msg_id_0002 ==> 7E00020000660000000002DEB40C7E
2026-03-30 03:20:30 - msg_id_0002 ==> 7E00020000660000000002DEB50D7E
2026-03-30 03:20:33 - msg_id_0002 ==> 7E00020000660000000002DEB60E7E
2026-03-30 03:20:36 - msg_id_0002 ==> 7E00020000660000000002DEB70F7E
2026-03-30 03:20:39 - msg_id_0002 ==> 7E00020000660000000002DEB8007E
2026-03-30 03:20:42 - msg_id_0002 ==> 7E00020000660000000002DEBA027E
2026-03-30 03:20:45 - msg_id_0002 ==> 7E00020000660000000002DEBB037E
2026-03-30 03:20:48 - msg_id_0002 ==> 7E00020000660000000002DEBC047E
2026-03-30 03:20:52 - msg_id_0002 ==> 7E00020000660000000002DEBD057E
2026-03-30 03:20:55 - msg_id_0002 ==> 7E00020000660000000002DEBE067E
2026-03-30 03:20:58 - msg_id_0002 ==> 7E00020000660000000002DEBF077E
2026-03-30 03:21:01 - msg_id_0002 ==> 7E00020000660000000002DEC0787E
2026-03-30 03:21:04 - msg_id_0002 ==> 7E00020000660000000002DEC1797E
2026-03-30 03:21:07 - msg_id_0002 ==> 7E00020000660000000002DEC27A7E
2026-03-30 03:21:10 - msg_id_0002 ==> 7E00020000660000000002DEC37B7E
2026-03-30 03:21:13 - msg_id_0002 ==> 7E00020000660000000002DEC57D017E
2026-03-30 03:21:16 - msg_id_0002 ==> 7E00020000660000000002DEC67D027E
2026-03-30 03:21:19 - msg_id_0002 ==> 7E00020000660000000002DEC77F7E
2026-03-30 03:21:23 - msg_id_0002 ==> 7E00020000660000000002DEC8707E
2026-03-30 03:21:26 - msg_id_0002 ==> 7E00020000660000000002DEC9717E
2026-03-30 03:21:29 - msg_id_0002 ==> 7E00020000660000000002DECA727E
2026-03-30 03:21:32 - msg_id_0002 ==> 7E00020000660000000002DECB737E
2026-03-30 03:21:35 - msg_id_0002 ==> 7E00020000660000000002DECC747E
2026-03-30 03:21:38 - msg_id_0002 ==> 7E00020000660000000002DECD757E
2026-03-30 03:21:41 - msg_id_0002 ==> 7E00020000660000000002DECE767E
2026-03-30 03:21:44 - msg_id_0002 ==> 7E00020000660000000002DED0687E
2026-03-30 03:21:47 - msg_id_0002 ==> 7E00020000660000000002DED1697E
2026-03-30 03:21:50 - msg_id_0002 ==> 7E00020000660000000002DED26A7E
2026-03-30 03:21:54 - msg_id_0002 ==> 7E00020000660000000002DED36B7E
2026-03-30 03:21:57 - msg_id_0002 ==> 7E00020000660000000002DED46C7E
2026-03-30 03:22:00 - msg_id_0002 ==> 7E00020000660000000002DED56D7E
2026-03-30 03:22:03 - msg_id_0002 ==> 7E00020000660000000002DED66E7E
2026-03-30 03:22:06 - msg_id_0002 ==> 7E00020000660000000002DED76F7E
2026-03-30 03:22:09 - msg_id_0002 ==> 7E00020000660000000002DED8607E
2026-03-30 03:22:12 - msg_id_0002 ==> 7E00020000660000000002DED9617E
2026-03-30 03:22:15 - msg_id_0002 ==> 7E00020000660000000002DEDB637E
2026-03-30 03:22:18 - msg_id_0002 ==> 7E00020000660000000002DEDC647E
2026-03-30 03:22:21 - msg_id_0002 ==> 7E00020000660000000002DEDD657E
2026-03-30 03:22:25 - msg_id_0002 ==> 7E00020000660000000002DEDE667E
2026-03-30 03:22:28 - msg_id_0002 ==> 7E00020000660000000002DEDF677E
2026-03-30 03:22:31 - msg_id_0002 ==> 7E00020000660000000002DEE0587E
2026-03-30 03:22:34 - msg_id_0002 ==> 7E00020000660000000002DEE1597E
2026-03-30 03:22:37 - msg_id_0002 ==> 7E00020000660000000002DEE25A7E
2026-03-30 03:22:40 - msg_id_0002 ==> 7E00020000660000000002DEE35B7E
2026-03-30 03:22:43 - msg_id_0002 ==> 7E00020000660000000002DEE45C7E
2026-03-30 03:22:46 - msg_id_0002 ==> 7E00020000660000000002DEE65E7E
2026-03-30 03:22:49 - msg_id_0002 ==> 7E00020000660000000002DEE75F7E
2026-03-30 03:22:52 - msg_id_0002 ==> 7E00020000660000000002DEE8507E
2026-03-30 03:22:56 - msg_id_0002 ==> 7E00020000660000000002DEE9517E
2026-03-30 03:22:59 - msg_id_0002 ==> 7E00020000660000000002DEEA527E
2026-03-30 03:23:02 - msg_id_0002 ==> 7E00020000660000000002DEEB537E
2026-03-30 03:23:05 - msg_id_0002 ==> 7E00020000660000000002DEEC547E
2026-03-30 03:23:08 - msg_id_0002 ==> 7E00020000660000000002DEED557E
2026-03-30 03:23:11 - msg_id_0002 ==> 7E00020000660000000002DEEE567E
2026-03-30 03:23:14 - msg_id_0002 ==> 7E00020000660000000002DEEF577E
2026-03-30 03:23:17 - msg_id_0002 ==> 7E00020000660000000002DEF1497E
2026-03-30 03:23:20 - msg_id_0002 ==> 7E00020000660000000002DEF24A7E
2026-03-30 03:23:23 - msg_id_0002 ==> 7E00020000660000000002DEF34B7E
2026-03-30 03:23:27 - msg_id_0002 ==> 7E00020000660000000002DEF44C7E
2026-03-30 03:23:30 - msg_id_0002 ==> 7E00020000660000000002DEF54D7E
2026-03-30 03:23:33 - msg_id_0002 ==> 7E00020000660000000002DEF64E7E
2026-03-30 03:23:36 - msg_id_0002 ==> 7E00020000660000000002DEF74F7E
2026-03-30 03:23:39 - msg_id_0002 ==> 7E00020000660000000002DEF8407E
2026-03-30 03:23:42 - msg_id_0002 ==> 7E00020000660000000002DEF9417E
2026-03-30 03:23:45 - msg_id_0002 ==> 7E00020000660000000002DEFA427E
2026-03-30 03:23:48 - msg_id_0002 ==> 7E00020000660000000002DEFC447E
2026-03-30 03:23:51 - msg_id_0002 ==> 7E00020000660000000002DEFD457E
2026-03-30 03:23:54 - msg_id_0002 ==> 7E00020000660000000002DEFE467E
2026-03-30 03:23:58 - msg_id_0002 ==> 7E00020000660000000002DEFF477E
2026-03-30 03:24:01 - msg_id_0002 ==> 7E00020000660000000002DF00B97E
2026-03-30 03:24:04 - msg_id_0002 ==> 7E00020000660000000002DF01B87E
2026-03-30 03:24:07 - msg_id_0002 ==> 7E00020000660000000002DF02BB7E
2026-03-30 03:24:10 - msg_id_0002 ==> 7E00020000660000000002DF03BA7E
2026-03-30 03:24:13 - msg_id_0002 ==> 7E00020000660000000002DF04BD7E
2026-03-30 03:24:16 - msg_id_0002 ==> 7E00020000660000000002DF05BC7E
2026-03-30 03:24:19 - msg_id_0002 ==> 7E00020000660000000002DF07BE7E
2026-03-30 03:24:22 - msg_id_0002 ==> 7E00020000660000000002DF08B17E
2026-03-30 03:24:25 - msg_id_0002 ==> 7E00020000660000000002DF09B07E
2026-03-30 03:24:29 - msg_id_0002 ==> 7E00020000660000000002DF0AB37E
2026-03-30 03:24:32 - msg_id_0002 ==> 7E00020000660000000002DF0BB27E
2026-03-30 03:24:35 - msg_id_0002 ==> 7E00020000660000000002DF0CB57E
2026-03-30 03:24:38 - msg_id_0002 ==> 7E00020000660000000002DF0DB47E
2026-03-30 03:24:41 - msg_id_0002 ==> 7E00020000660000000002DF0EB77E
2026-03-30 03:24:44 - msg_id_0002 ==> 7E00020000660000000002DF0FB67E
2026-03-30 03:24:47 - msg_id_0002 ==> 7E00020000660000000002DF10A97E
2026-03-30 03:24:50 - msg_id_0002 ==> 7E00020000660000000002DF12AB7E
2026-03-30 03:24:53 - msg_id_0002 ==> 7E00020000660000000002DF13AA7E
2026-03-30 03:24:56 - msg_id_0002 ==> 7E00020000660000000002DF14AD7E
2026-03-30 03:25:00 - msg_id_0002 ==> 7E00020000660000000002DF15AC7E
2026-03-30 03:25:03 - msg_id_0002 ==> 7E00020000660000000002DF16AF7E
2026-03-30 03:25:06 - msg_id_0002 ==> 7E00020000660000000002DF17AE7E
2026-03-30 03:25:09 - msg_id_0002 ==> 7E00020000660000000002DF18A17E
2026-03-30 03:25:12 - msg_id_0002 ==> 7E00020000660000000002DF19A07E
2026-03-30 03:25:15 - msg_id_0002 ==> 7E00020000660000000002DF1AA37E
2026-03-30 03:25:18 - msg_id_0002 ==> 7E00020000660000000002DF1BA27E
2026-03-30 03:25:21 - msg_id_0002 ==> 7E00020000660000000002DF1DA47E
2026-03-30 03:25:24 - msg_id_0002 ==> 7E00020000660000000002DF1EA77E
2026-03-30 03:25:27 - msg_id_0002 ==> 7E00020000660000000002DF1FA67E
2026-03-30 03:25:30 - msg_id_0002 ==> 7E00020000660000000002DF20997E
2026-03-30 03:25:34 - msg_id_0002 ==> 7E00020000660000000002DF21987E
2026-03-30 03:25:37 - msg_id_0002 ==> 7E00020000660000000002DF229B7E
2026-03-30 03:25:40 - msg_id_0002 ==> 7E00020000660000000002DF239A7E
2026-03-30 03:25:43 - msg_id_0002 ==> 7E00020000660000000002DF249D7E
2026-03-30 03:25:46 - msg_id_0002 ==> 7E00020000660000000002DF259C7E
2026-03-30 03:25:49 - msg_id_0002 ==> 7E00020000660000000002DF269F7E
2026-03-30 03:25:52 - msg_id_0002 ==> 7E00020000660000000002DF28917E
2026-03-30 03:25:55 - msg_id_0002 ==> 7E00020000660000000002DF29907E
2026-03-30 03:25:58 - msg_id_0002 ==> 7E00020000660000000002DF2A937E
2026-03-30 03:26:02 - msg_id_0002 ==> 7E00020000660000000002DF2B927E
2026-03-30 03:26:05 - msg_id_0002 ==> 7E00020000660000000002DF2C957E
2026-03-30 03:26:08 - msg_id_0002 ==> 7E00020000660000000002DF2D947E
2026-03-30 03:26:11 - msg_id_0002 ==> 7E00020000660000000002DF2E977E
2026-03-30 03:26:14 - msg_id_0002 ==> 7E00020000660000000002DF2F967E
2026-03-30 03:26:17 - msg_id_0002 ==> 7E00020000660000000002DF30897E
2026-03-30 03:26:20 - msg_id_0002 ==> 7E00020000660000000002DF31887E
2026-03-30 03:26:23 - msg_id_0002 ==> 7E00020000660000000002DF338A7E
2026-03-30 03:26:26 - msg_id_0002 ==> 7E00020000660000000002DF348D7E
2026-03-30 03:26:29 - msg_id_0002 ==> 7E00020000660000000002DF358C7E
2026-03-30 03:26:32 - msg_id_0002 ==> 7E00020000660000000002DF368F7E
2026-03-30 03:26:36 - msg_id_0002 ==> 7E00020000660000000002DF378E7E
2026-03-30 03:26:39 - msg_id_0002 ==> 7E00020000660000000002DF38817E
2026-03-30 03:26:42 - msg_id_0002 ==> 7E00020000660000000002DF39807E
2026-03-30 03:26:45 - msg_id_0002 ==> 7E00020000660000000002DF3A837E
2026-03-30 03:26:48 - msg_id_0002 ==> 7E00020000660000000002DF3B827E
2026-03-30 03:26:51 - msg_id_0002 ==> 7E00020000660000000002DF3C857E
2026-03-30 03:26:54 - msg_id_0002 ==> 7E00020000660000000002DF3E877E
2026-03-30 03:26:57 - msg_id_0002 ==> 7E00020000660000000002DF3F867E
2026-03-30 03:27:00 - msg_id_0002 ==> 7E00020000660000000002DF40F97E
2026-03-30 03:27:03 - msg_id_0002 ==> 7E00020000660000000002DF41F87E
2026-03-30 03:27:07 - msg_id_0002 ==> 7E00020000660000000002DF42FB7E
2026-03-30 03:27:10 - msg_id_0002 ==> 7E00020000660000000002DF43FA7E
2026-03-30 03:27:13 - msg_id_0002 ==> 7E00020000660000000002DF44FD7E
2026-03-30 03:27:16 - msg_id_0002 ==> 7E00020000660000000002DF45FC7E
2026-03-30 03:27:19 - msg_id_0002 ==> 7E00020000660000000002DF46FF7E
2026-03-30 03:27:22 - msg_id_0002 ==> 7E00020000660000000002DF47FE7E
2026-03-30 03:27:25 - msg_id_0002 ==> 7E00020000660000000002DF49F07E
2026-03-30 03:27:28 - msg_id_0002 ==> 7E00020000660000000002DF4AF37E
2026-03-30 03:27:31 - msg_id_0002 ==> 7E00020000660000000002DF4BF27E
2026-03-30 03:27:34 - msg_id_0002 ==> 7E00020000660000000002DF4CF57E
2026-03-30 03:27:38 - msg_id_0002 ==> 7E00020000660000000002DF4DF47E
2026-03-30 03:27:41 - msg_id_0002 ==> 7E00020000660000000002DF4EF77E
2026-03-30 03:27:44 - msg_id_0002 ==> 7E00020000660000000002DF4FF67E
2026-03-30 03:27:47 - msg_id_0002 ==> 7E00020000660000000002DF50E97E
2026-03-30 03:27:50 - msg_id_0002 ==> 7E00020000660000000002DF51E87E
2026-03-30 03:27:53 - msg_id_0002 ==> 7E00020000660000000002DF52EB7E
2026-03-30 03:27:56 - msg_id_0002 ==> 7E00020000660000000002DF54ED7E
2026-03-30 03:27:59 - msg_id_0002 ==> 7E00020000660000000002DF55EC7E
2026-03-30 03:28:02 - msg_id_0002 ==> 7E00020000660000000002DF56EF7E
2026-03-30 03:28:05 - msg_id_0002 ==> 7E00020000660000000002DF57EE7E
2026-03-30 03:28:09 - msg_id_0002 ==> 7E00020000660000000002DF58E17E
2026-03-30 03:28:12 - msg_id_0002 ==> 7E00020000660000000002DF59E07E
2026-03-30 03:28:15 - msg_id_0002 ==> 7E00020000660000000002DF5AE37E
2026-03-30 03:28:18 - msg_id_0002 ==> 7E00020000660000000002DF5BE27E
2026-03-30 03:28:21 - msg_id_0002 ==> 7E00020000660000000002DF5CE57E
2026-03-30 03:28:24 - msg_id_0002 ==> 7E00020000660000000002DF5DE47E
2026-03-30 03:28:27 - msg_id_0002 ==> 7E00020000660000000002DF5FE67E
2026-03-30 03:28:30 - msg_id_0002 ==> 7E00020000660000000002DF60D97E
2026-03-30 03:28:33 - msg_id_0002 ==> 7E00020000660000000002DF61D87E
2026-03-30 03:28:36 - msg_id_0002 ==> 7E00020000660000000002DF62DB7E
2026-03-30 03:28:40 - msg_id_0002 ==> 7E00020000660000000002DF63DA7E
2026-03-30 03:28:43 - msg_id_0002 ==> 7E00020000660000000002DF64DD7E
2026-03-30 03:28:46 - msg_id_0002 ==> 7E00020000660000000002DF65DC7E
2026-03-30 03:28:49 - msg_id_0002 ==> 7E00020000660000000002DF66DF7E
2026-03-30 03:28:52 - msg_id_0002 ==> 7E00020000660000000002DF67DE7E
2026-03-30 03:28:55 - msg_id_0002 ==> 7E00020000660000000002DF68D17E
2026-03-30 03:28:58 - msg_id_0002 ==> 7E00020000660000000002DF6AD37E
2026-03-30 03:29:01 - msg_id_0002 ==> 7E00020000660000000002DF6BD27E
2026-03-30 03:29:04 - msg_id_0002 ==> 7E00020000660000000002DF6CD57E
2026-03-30 03:29:07 - msg_id_0002 ==> 7E00020000660000000002DF6DD47E
2026-03-30 03:29:11 - msg_id_0002 ==> 7E00020000660000000002DF6ED77E
2026-03-30 03:29:14 - msg_id_0002 ==> 7E00020000660000000002DF6FD67E
2026-03-30 03:29:17 - msg_id_0002 ==> 7E00020000660000000002DF70C97E
2026-03-30 03:29:20 - msg_id_0002 ==> 7E00020000660000000002DF71C87E
2026-03-30 03:29:23 - msg_id_0002 ==> 7E00020000660000000002DF72CB7E
2026-03-30 03:29:26 - msg_id_0002 ==> 7E00020000660000000002DF73CA7E
2026-03-30 03:29:29 - msg_id_0002 ==> 7E00020000660000000002DF75CC7E
2026-03-30 03:29:32 - msg_id_0002 ==> 7E00020000660000000002DF76CF7E
2026-03-30 03:29:35 - msg_id_0002 ==> 7E00020000660000000002DF77CE7E
2026-03-30 03:29:38 - msg_id_0002 ==> 7E00020000660000000002DF78C17E
2026-03-30 03:29:42 - msg_id_0002 ==> 7E00020000660000000002DF79C07E
2026-03-30 03:29:45 - msg_id_0002 ==> 7E00020000660000000002DF7AC37E
2026-03-30 03:29:48 - msg_id_0002 ==> 7E00020000660000000002DF7BC27E
2026-03-30 03:29:51 - msg_id_0002 ==> 7E00020000660000000002DF7CC57E
2026-03-30 03:29:54 - msg_id_0002 ==> 7E00020000660000000002DF7D01C47E
2026-03-30 03:29:57 - msg_id_0002 ==> 7E00020000660000000002DF7D02C77E
2026-03-30 03:30:05 - msg_id_0002 ==> 7E00020000660000000002DF833A7E
2026-03-30 03:30:08 - msg_id_0002 ==> 7E00020000660000000002DF843D7E
2026-03-30 03:30:11 - msg_id_0002 ==> 7E00020000660000000002DF853C7E
2026-03-30 03:30:14 - msg_id_0002 ==> 7E00020000660000000002DF863F7E
2026-03-30 03:30:17 - msg_id_0002 ==> 7E00020000660000000002DF873E7E
2026-03-30 03:30:20 - msg_id_0002 ==> 7E00020000660000000002DF88317E
2026-03-30 03:30:23 - msg_id_0002 ==> 7E00020000660000000002DF89307E
2026-03-30 03:30:26 - msg_id_0002 ==> 7E00020000660000000002DF8A337E
2026-03-30 03:30:30 - msg_id_0002 ==> 7E00020000660000000002DF8B327E
2026-03-30 03:30:33 - msg_id_0002 ==> 7E00020000660000000002DF8C357E
2026-03-30 03:30:36 - msg_id_0002 ==> 7E00020000660000000002DF8E377E
2026-03-30 03:30:39 - msg_id_0002 ==> 7E00020000660000000002DF8F367E
2026-03-30 03:30:42 - msg_id_0002 ==> 7E00020000660000000002DF90297E
2026-03-30 03:30:45 - msg_id_0002 ==> 7E00020000660000000002DF91287E
2026-03-30 03:30:48 - msg_id_0002 ==> 7E00020000660000000002DF922B7E
2026-03-30 03:30:51 - msg_id_0002 ==> 7E00020000660000000002DF932A7E
2026-03-30 03:30:54 - msg_id_0002 ==> 7E00020000660000000002DF942D7E
2026-03-30 03:30:57 - msg_id_0002 ==> 7E00020000660000000002DF952C7E
2026-03-30 03:31:01 - msg_id_0002 ==> 7E00020000660000000002DF962F7E
2026-03-30 03:31:04 - msg_id_0002 ==> 7E00020000660000000002DF972E7E
2026-03-30 03:31:07 - msg_id_0002 ==> 7E00020000660000000002DF99207E
2026-03-30 03:31:10 - msg_id_0002 ==> 7E00020000660000000002DF9A237E
2026-03-30 03:31:13 - msg_id_0002 ==> 7E00020000660000000002DF9B227E
2026-03-30 03:31:16 - msg_id_0002 ==> 7E00020000660000000002DF9C257E
2026-03-30 03:31:19 - msg_id_0002 ==> 7E00020000660000000002DF9D247E
2026-03-30 03:31:22 - msg_id_0002 ==> 7E00020000660000000002DF9E277E
2026-03-30 03:31:25 - msg_id_0002 ==> 7E00020000660000000002DF9F267E
2026-03-30 03:31:28 - msg_id_0002 ==> 7E00020000660000000002DFA0197E
2026-03-30 03:31:32 - msg_id_0002 ==> 7E00020000660000000002DFA1187E
2026-03-30 03:31:35 - msg_id_0002 ==> 7E00020000660000000002DFA21B7E
2026-03-30 03:31:38 - msg_id_0002 ==> 7E00020000660000000002DFA41D7E
2026-03-30 03:31:41 - msg_id_0002 ==> 7E00020000660000000002DFA51C7E
2026-03-30 03:31:44 - msg_id_0002 ==> 7E00020000660000000002DFA61F7E
2026-03-30 03:31:47 - msg_id_0002 ==> 7E00020000660000000002DFA71E7E
2026-03-30 03:31:50 - msg_id_0002 ==> 7E00020000660000000002DFA8117E
2026-03-30 03:31:53 - msg_id_0002 ==> 7E00020000660000000002DFA9107E
2026-03-30 03:31:56 - msg_id_0002 ==> 7E00020000660000000002DFAA137E
2026-03-30 03:31:59 - msg_id_0002 ==> 7E00020000660000000002DFAB127E
2026-03-30 03:32:03 - msg_id_0002 ==> 7E00020000660000000002DFAC157E
2026-03-30 03:32:06 - msg_id_0002 ==> 7E00020000660000000002DFAD147E
2026-03-30 03:32:09 - msg_id_0002 ==> 7E00020000660000000002DFAF167E
2026-03-30 03:32:12 - msg_id_0002 ==> 7E00020000660000000002DFB0097E
2026-03-30 03:32:15 - msg_id_0002 ==> 7E00020000660000000002DFB1087E
2026-03-30 03:32:18 - msg_id_0002 ==> 7E00020000660000000002DFB20B7E
2026-03-30 03:32:21 - msg_id_0002 ==> 7E00020000660000000002DFB30A7E
2026-03-30 03:32:24 - msg_id_0002 ==> 7E00020000660000000002DFB40D7E
2026-03-30 03:32:27 - msg_id_0002 ==> 7E00020000660000000002DFB50C7E
2026-03-30 03:32:30 - msg_id_0002 ==> 7E00020000660000000002DFB60F7E
2026-03-30 03:32:34 - msg_id_0002 ==> 7E00020000660000000002DFB70E7E
2026-03-30 03:32:37 - msg_id_0002 ==> 7E00020000660000000002DFB8017E
2026-03-30 03:32:40 - msg_id_0002 ==> 7E00020000660000000002DFBA037E
2026-03-30 03:32:43 - msg_id_0002 ==> 7E00020000660000000002DFBB027E
2026-03-30 03:32:46 - msg_id_0002 ==> 7E00020000660000000002DFBC057E
2026-03-30 03:32:49 - msg_id_0002 ==> 7E00020000660000000002DFBD047E
2026-03-30 03:32:52 - msg_id_0002 ==> 7E00020000660000000002DFBE077E
2026-03-30 03:32:55 - msg_id_0002 ==> 7E00020000660000000002DFBF067E
2026-03-30 03:32:58 - msg_id_0002 ==> 7E00020000660000000002DFC0797E
2026-03-30 03:33:01 - msg_id_0002 ==> 7E00020000660000000002DFC1787E
2026-03-30 03:33:04 - msg_id_0002 ==> 7E00020000660000000002DFC27B7E
2026-03-30 03:33:08 - msg_id_0002 ==> 7E00020000660000000002DFC37A7E
2026-03-30 03:33:11 - msg_id_0002 ==> 7E00020000660000000002DFC57C7E
2026-03-30 03:33:14 - msg_id_0002 ==> 7E00020000660000000002DFC67F7E
2026-03-30 03:33:17 - msg_id_0002 ==> 7E00020000660000000002DFC77D027E
2026-03-30 03:33:20 - msg_id_0002 ==> 7E00020000660000000002DFC8717E
2026-03-30 03:33:23 - msg_id_0002 ==> 7E00020000660000000002DFC9707E
2026-03-30 03:33:26 - msg_id_0002 ==> 7E00020000660000000002DFCA737E
2026-03-30 03:33:29 - msg_id_0002 ==> 7E00020000660000000002DFCB727E
2026-03-30 03:33:32 - msg_id_0002 ==> 7E00020000660000000002DFCC757E
2026-03-30 03:33:36 - msg_id_0002 ==> 7E00020000660000000002DFCD747E
2026-03-30 03:33:39 - msg_id_0002 ==> 7E00020000660000000002DFCE777E
2026-03-30 03:33:42 - msg_id_0002 ==> 7E00020000660000000002DFD0697E
2026-03-30 03:33:45 - msg_id_0002 ==> 7E00020000660000000002DFD1687E
2026-03-30 03:33:48 - msg_id_0002 ==> 7E00020000660000000002DFD26B7E
2026-03-30 03:33:51 - msg_id_0002 ==> 7E00020000660000000002DFD36A7E
2026-03-30 03:33:54 - msg_id_0002 ==> 7E00020000660000000002DFD46D7E
2026-03-30 03:33:57 - msg_id_0002 ==> 7E00020000660000000002DFD56C7E
2026-03-30 03:34:00 - msg_id_0002 ==> 7E00020000660000000002DFD66F7E
2026-03-30 03:34:03 - msg_id_0002 ==> 7E00020000660000000002DFD76E7E
2026-03-30 03:34:07 - msg_id_0002 ==> 7E00020000660000000002DFD8617E
2026-03-30 03:34:10 - msg_id_0002 ==> 7E00020000660000000002DFD9607E
2026-03-30 03:34:13 - msg_id_0002 ==> 7E00020000660000000002DFDB627E
2026-03-30 03:34:16 - msg_id_0002 ==> 7E00020000660000000002DFDC657E
2026-03-30 03:34:19 - msg_id_0002 ==> 7E00020000660000000002DFDD647E
2026-03-30 03:34:22 - msg_id_0002 ==> 7E00020000660000000002DFDE677E
2026-03-30 03:34:25 - msg_id_0002 ==> 7E00020000660000000002DFDF667E
2026-03-30 03:34:28 - msg_id_0002 ==> 7E00020000660000000002DFE0597E
2026-03-30 03:34:31 - msg_id_0002 ==> 7E00020000660000000002DFE1587E
2026-03-30 03:34:34 - msg_id_0002 ==> 7E00020000660000000002DFE25B7E
2026-03-30 03:34:38 - msg_id_0002 ==> 7E00020000660000000002DFE35A7E
2026-03-30 03:34:41 - msg_id_0002 ==> 7E00020000660000000002DFE45D7E
2026-03-30 03:34:44 - msg_id_0002 ==> 7E00020000660000000002DFE65F7E
2026-03-30 03:34:47 - msg_id_0002 ==> 7E00020000660000000002DFE75E7E
2026-03-30 03:34:50 - msg_id_0002 ==> 7E00020000660000000002DFE8517E
2026-03-30 03:34:53 - msg_id_0002 ==> 7E00020000660000000002DFE9507E
2026-03-30 03:34:56 - msg_id_0002 ==> 7E00020000660000000002DFEA537E
2026-03-30 03:34:59 - msg_id_0002 ==> 7E00020000660000000002DFEB527E
2026-03-30 03:35:02 - msg_id_0002 ==> 7E00020000660000000002DFEC557E
2026-03-30 03:35:05 - msg_id_0002 ==> 7E00020000660000000002DFED547E
2026-03-30 03:35:09 - msg_id_0002 ==> 7E00020000660000000002DFEE577E
2026-03-30 03:35:12 - msg_id_0002 ==> 7E00020000660000000002DFEF567E
2026-03-30 03:35:15 - msg_id_0002 ==> 7E00020000660000000002DFF1487E
2026-03-30 03:35:18 - msg_id_0002 ==> 7E00020000660000000002DFF24B7E
2026-03-30 03:35:21 - msg_id_0002 ==> 7E00020000660000000002DFF34A7E
2026-03-30 03:35:24 - msg_id_0002 ==> 7E00020000660000000002DFF44D7E
2026-03-30 03:35:27 - msg_id_0002 ==> 7E00020000660000000002DFF54C7E
2026-03-30 03:35:30 - msg_id_0002 ==> 7E00020000660000000002DFF64F7E
2026-03-30 03:35:33 - msg_id_0002 ==> 7E00020000660000000002DFF74E7E
2026-03-30 03:35:36 - msg_id_0002 ==> 7E00020000660000000002DFF8417E
2026-03-30 03:35:40 - msg_id_0002 ==> 7E00020000660000000002DFF9407E
2026-03-30 03:35:43 - msg_id_0002 ==> 7E00020000660000000002DFFA437E
2026-03-30 03:35:46 - msg_id_0002 ==> 7E00020000660000000002DFFC457E
2026-03-30 03:35:49 - msg_id_0002 ==> 7E00020000660000000002DFFD447E
2026-03-30 03:35:52 - msg_id_0002 ==> 7E00020000660000000002DFFE477E
2026-03-30 03:35:55 - msg_id_0002 ==> 7E00020000660000000002DFFF467E
2026-03-30 03:35:58 - msg_id_0002 ==> 7E00020000660000000002E000867E
2026-03-30 03:36:01 - msg_id_0002 ==> 7E00020000660000000002E001877E
2026-03-30 03:36:04 - msg_id_0002 ==> 7E00020000660000000002E002847E
2026-03-30 03:36:07 - msg_id_0002 ==> 7E00020000660000000002E003857E
2026-03-30 03:36:11 - msg_id_0002 ==> 7E00020000660000000002E004827E
2026-03-30 03:36:14 - msg_id_0002 ==> 7E00020000660000000002E005837E
2026-03-30 03:36:17 - msg_id_0002 ==> 7E00020000660000000002E007817E
2026-03-30 03:36:20 - msg_id_0002 ==> 7E00020000660000000002E0088E7E
2026-03-30 03:36:23 - msg_id_0002 ==> 7E00020000660000000002E0098F7E
2026-03-30 03:36:26 - msg_id_0002 ==> 7E00020000660000000002E00A8C7E
2026-03-30 03:36:29 - msg_id_0002 ==> 7E00020000660000000002E00B8D7E
2026-03-30 03:36:32 - msg_id_0002 ==> 7E00020000660000000002E00C8A7E
2026-03-30 03:36:35 - msg_id_0002 ==> 7E00020000660000000002E00D8B7E
2026-03-30 03:36:38 - msg_id_0002 ==> 7E00020000660000000002E00E887E
2026-03-30 03:36:42 - msg_id_0002 ==> 7E00020000660000000002E00F897E
2026-03-30 03:36:45 - msg_id_0002 ==> 7E00020000660000000002E010967E
2026-03-30 03:36:48 - msg_id_0002 ==> 7E00020000660000000002E012947E
2026-03-30 03:36:51 - msg_id_0002 ==> 7E00020000660000000002E013957E
2026-03-30 03:36:54 - msg_id_0002 ==> 7E00020000660000000002E014927E
2026-03-30 03:36:57 - msg_id_0002 ==> 7E00020000660000000002E015937E
2026-03-30 03:37:00 - msg_id_0002 ==> 7E00020000660000000002E016907E
2026-03-30 03:37:03 - msg_id_0002 ==> 7E00020000660000000002E017917E
2026-03-30 03:37:06 - msg_id_0002 ==> 7E00020000660000000002E0189E7E
2026-03-30 03:37:09 - msg_id_0002 ==> 7E00020000660000000002E0199F7E
2026-03-30 03:37:13 - msg_id_0002 ==> 7E00020000660000000002E01A9C7E
2026-03-30 03:37:16 - msg_id_0002 ==> 7E00020000660000000002E01B9D7E
2026-03-30 03:37:19 - msg_id_0002 ==> 7E00020000660000000002E01D9B7E
2026-03-30 03:37:22 - msg_id_0002 ==> 7E00020000660000000002E01E987E
2026-03-30 03:37:25 - msg_id_0002 ==> 7E00020000660000000002E01F997E
2026-03-30 03:37:28 - msg_id_0002 ==> 7E00020000660000000002E020A67E
2026-03-30 03:37:31 - msg_id_0002 ==> 7E00020000660000000002E021A77E
2026-03-30 03:37:34 - msg_id_0002 ==> 7E00020000660000000002E022A47E
2026-03-30 03:37:37 - msg_id_0002 ==> 7E00020000660000000002E023A57E
2026-03-30 03:37:40 - msg_id_0002 ==> 7E00020000660000000002E024A27E
2026-03-30 03:37:44 - msg_id_0002 ==> 7E00020000660000000002E025A37E
2026-03-30 03:37:47 - msg_id_0002 ==> 7E00020000660000000002E026A07E
2026-03-30 03:37:50 - msg_id_0002 ==> 7E00020000660000000002E028AE7E
2026-03-30 03:37:53 - msg_id_0002 ==> 7E00020000660000000002E029AF7E
2026-03-30 03:37:56 - msg_id_0002 ==> 7E00020000660000000002E02AAC7E
2026-03-30 03:37:59 - msg_id_0002 ==> 7E00020000660000000002E02BAD7E
2026-03-30 03:38:02 - msg_id_0002 ==> 7E00020000660000000002E02CAA7E
2026-03-30 03:38:05 - msg_id_0002 ==> 7E00020000660000000002E02DAB7E
2026-03-30 03:38:08 - msg_id_0002 ==> 7E00020000660000000002E02EA87E
2026-03-30 03:38:11 - msg_id_0002 ==> 7E00020000660000000002E02FA97E
2026-03-30 03:38:15 - msg_id_0002 ==> 7E00020000660000000002E030B67E
2026-03-30 03:38:18 - msg_id_0002 ==> 7E00020000660000000002E031B77E
2026-03-30 03:38:21 - msg_id_0002 ==> 7E00020000660000000002E033B57E
2026-03-30 03:38:24 - msg_id_0002 ==> 7E00020000660000000002E034B27E
2026-03-30 03:38:27 - msg_id_0002 ==> 7E00020000660000000002E035B37E
2026-03-30 03:38:30 - msg_id_0002 ==> 7E00020000660000000002E036B07E
2026-03-30 03:38:33 - msg_id_0002 ==> 7E00020000660000000002E037B17E
2026-03-30 03:38:36 - msg_id_0002 ==> 7E00020000660000000002E038BE7E
2026-03-30 03:38:39 - msg_id_0002 ==> 7E00020000660000000002E039BF7E
2026-03-30 03:38:42 - msg_id_0002 ==> 7E00020000660000000002E03ABC7E
2026-03-30 03:38:46 - msg_id_0002 ==> 7E00020000660000000002E03BBD7E
2026-03-30 03:38:49 - msg_id_0002 ==> 7E00020000660000000002E03CBA7E
2026-03-30 03:38:52 - msg_id_0002 ==> 7E00020000660000000002E03EB87E
2026-03-30 03:38:55 - msg_id_0002 ==> 7E00020000660000000002E03FB97E
2026-03-30 03:38:58 - msg_id_0002 ==> 7E00020000660000000002E040C67E
2026-03-30 03:39:01 - msg_id_0002 ==> 7E00020000660000000002E041C77E
2026-03-30 03:39:04 - msg_id_0002 ==> 7E00020000660000000002E042C47E
2026-03-30 03:39:07 - msg_id_0002 ==> 7E00020000660000000002E043C57E
2026-03-30 03:39:10 - msg_id_0002 ==> 7E00020000660000000002E044C27E
2026-03-30 03:39:13 - msg_id_0002 ==> 7E00020000660000000002E045C37E
2026-03-30 03:39:17 - msg_id_0002 ==> 7E00020000660000000002E046C07E
2026-03-30 03:39:20 - msg_id_0002 ==> 7E00020000660000000002E047C17E
2026-03-30 03:39:23 - msg_id_0002 ==> 7E00020000660000000002E049CF7E
2026-03-30 03:39:26 - msg_id_0002 ==> 7E00020000660000000002E04ACC7E
2026-03-30 03:39:29 - msg_id_0002 ==> 7E00020000660000000002E04BCD7E
2026-03-30 03:39:32 - msg_id_0002 ==> 7E00020000660000000002E04CCA7E
2026-03-30 03:39:35 - msg_id_0002 ==> 7E00020000660000000002E04DCB7E
2026-03-30 03:39:38 - msg_id_0002 ==> 7E00020000660000000002E04EC87E
2026-03-30 03:39:41 - msg_id_0002 ==> 7E00020000660000000002E04FC97E
2026-03-30 03:39:45 - msg_id_0002 ==> 7E00020000660000000002E050D67E
2026-03-30 03:39:48 - msg_id_0002 ==> 7E00020000660000000002E051D77E
2026-03-30 03:39:51 - msg_id_0002 ==> 7E00020000660000000002E052D47E
2026-03-30 03:39:54 - msg_id_0002 ==> 7E00020000660000000002E054D27E
2026-03-30 03:39:57 - msg_id_0002 ==> 7E00020000660000000002E055D37E
2026-03-30 03:40:00 - msg_id_0002 ==> 7E00020000660000000002E056D07E
2026-03-30 03:40:03 - msg_id_0002 ==> 7E00020000660000000002E057D17E
2026-03-30 03:40:06 - msg_id_0002 ==> 7E00020000660000000002E058DE7E
2026-03-30 03:40:09 - msg_id_0002 ==> 7E00020000660000000002E059DF7E
2026-03-30 03:40:12 - msg_id_0002 ==> 7E00020000660000000002E05ADC7E
2026-03-30 03:40:16 - msg_id_0002 ==> 7E00020000660000000002E05BDD7E
2026-03-30 03:40:19 - msg_id_0002 ==> 7E00020000660000000002E05CDA7E
2026-03-30 03:40:22 - msg_id_0002 ==> 7E00020000660000000002E05DDB7E
2026-03-30 03:40:25 - msg_id_0002 ==> 7E00020000660000000002E05FD97E
2026-03-30 03:40:28 - msg_id_0002 ==> 7E00020000660000000002E060E67E
2026-03-30 03:40:31 - msg_id_0002 ==> 7E00020000660000000002E061E77E
2026-03-30 03:40:34 - msg_id_0002 ==> 7E00020000660000000002E062E47E
2026-03-30 03:40:37 - msg_id_0002 ==> 7E00020000660000000002E063E57E
2026-03-30 03:40:40 - msg_id_0002 ==> 7E00020000660000000002E064E27E
2026-03-30 03:40:43 - msg_id_0002 ==> 7E00020000660000000002E065E37E
2026-03-30 03:40:47 - msg_id_0002 ==> 7E00020000660000000002E066E07E
2026-03-30 03:40:50 - msg_id_0002 ==> 7E00020000660000000002E067E17E
2026-03-30 03:40:53 - msg_id_0002 ==> 7E00020000660000000002E068EE7E
2026-03-30 03:40:56 - msg_id_0002 ==> 7E00020000660000000002E06AEC7E
2026-03-30 03:40:59 - msg_id_0002 ==> 7E00020000660000000002E06BED7E
2026-03-30 03:41:02 - msg_id_0002 ==> 7E00020000660000000002E06CEA7E
2026-03-30 03:41:05 - msg_id_0002 ==> 7E00020000660000000002E06DEB7E
2026-03-30 03:41:08 - msg_id_0002 ==> 7E00020000660000000002E06EE87E
2026-03-30 03:41:11 - msg_id_0002 ==> 7E00020000660000000002E06FE97E
2026-03-30 03:41:14 - msg_id_0002 ==> 7E00020000660000000002E070F67E
2026-03-30 03:41:18 - msg_id_0002 ==> 7E00020000660000000002E071F77E
2026-03-30 03:41:21 - msg_id_0002 ==> 7E00020000660000000002E072F47E
2026-03-30 03:41:24 - msg_id_0002 ==> 7E00020000660000000002E073F57E
2026-03-30 03:41:27 - msg_id_0002 ==> 7E00020000660000000002E075F37E
2026-03-30 03:41:30 - msg_id_0002 ==> 7E00020000660000000002E076F07E
2026-03-30 03:41:33 - msg_id_0002 ==> 7E00020000660000000002E077F17E
2026-03-30 03:41:36 - msg_id_0002 ==> 7E00020000660000000002E078FE7E
2026-03-30 03:41:39 - msg_id_0002 ==> 7E00020000660000000002E079FF7E
2026-03-30 03:41:42 - msg_id_0002 ==> 7E00020000660000000002E07AFC7E
2026-03-30 03:41:45 - msg_id_0002 ==> 7E00020000660000000002E07BFD7E
2026-03-30 03:41:49 - msg_id_0002 ==> 7E00020000660000000002E07CFA7E
2026-03-30 03:41:52 - msg_id_0002 ==> 7E00020000660000000002E07D01FB7E
2026-03-30 03:41:55 - msg_id_0002 ==> 7E00020000660000000002E07D02F87E
2026-03-30 03:42:02 - msg_id_0002 ==> 7E00020000660000000002E083057E
2026-03-30 03:42:05 - msg_id_0002 ==> 7E00020000660000000002E084027E
2026-03-30 03:42:08 - msg_id_0002 ==> 7E00020000660000000002E085037E
2026-03-30 03:42:12 - msg_id_0002 ==> 7E00020000660000000002E086007E
2026-03-30 03:42:15 - msg_id_0002 ==> 7E00020000660000000002E087017E
2026-03-30 03:42:18 - msg_id_0002 ==> 7E00020000660000000002E0880E7E
2026-03-30 03:42:21 - msg_id_0002 ==> 7E00020000660000000002E0890F7E
2026-03-30 03:42:24 - msg_id_0002 ==> 7E00020000660000000002E08A0C7E
2026-03-30 03:42:27 - msg_id_0002 ==> 7E00020000660000000002E08B0D7E
2026-03-30 03:42:30 - msg_id_0002 ==> 7E00020000660000000002E08C0A7E
2026-03-30 03:42:33 - msg_id_0002 ==> 7E00020000660000000002E08E087E
2026-03-30 03:42:36 - msg_id_0002 ==> 7E00020000660000000002E08F097E
2026-03-30 03:42:39 - msg_id_0002 ==> 7E00020000660000000002E090167E
2026-03-30 03:42:43 - msg_id_0002 ==> 7E00020000660000000002E091177E
2026-03-30 03:42:46 - msg_id_0002 ==> 7E00020000660000000002E092147E
2026-03-30 03:42:49 - msg_id_0002 ==> 7E00020000660000000002E093157E
2026-03-30 03:42:52 - msg_id_0002 ==> 7E00020000660000000002E094127E
2026-03-30 03:42:55 - msg_id_0002 ==> 7E00020000660000000002E095137E
2026-03-30 03:42:58 - msg_id_0002 ==> 7E00020000660000000002E096107E
2026-03-30 03:43:01 - msg_id_0002 ==> 7E00020000660000000002E097117E
2026-03-30 03:43:04 - msg_id_0002 ==> 7E00020000660000000002E0991F7E
2026-03-30 03:43:07 - msg_id_0002 ==> 7E00020000660000000002E09A1C7E
2026-03-30 03:43:10 - msg_id_0002 ==> 7E00020000660000000002E09B1D7E
2026-03-30 03:43:14 - msg_id_0002 ==> 7E00020000660000000002E09C1A7E
2026-03-30 03:43:17 - msg_id_0002 ==> 7E00020000660000000002E09D1B7E
2026-03-30 03:43:20 - msg_id_0002 ==> 7E00020000660000000002E09E187E
2026-03-30 03:43:23 - msg_id_0002 ==> 7E00020000660000000002E09F197E
2026-03-30 03:43:26 - msg_id_0002 ==> 7E00020000660000000002E0A0267E
2026-03-30 03:43:29 - msg_id_0002 ==> 7E00020000660000000002E0A1277E
2026-03-30 03:43:32 - msg_id_0002 ==> 7E00020000660000000002E0A2247E
2026-03-30 03:43:35 - msg_id_0002 ==> 7E00020000660000000002E0A4227E
2026-03-30 03:43:38 - msg_id_0002 ==> 7E00020000660000000002E0A5237E
2026-03-30 03:43:41 - msg_id_0002 ==> 7E00020000660000000002E0A6207E
2026-03-30 03:43:45 - msg_id_0002 ==> 7E00020000660000000002E0A7217E
2026-03-30 03:43:48 - msg_id_0002 ==> 7E00020000660000000002E0A82E7E
2026-03-30 03:43:51 - msg_id_0002 ==> 7E00020000660000000002E0A92F7E
2026-03-30 03:43:54 - msg_id_0002 ==> 7E00020000660000000002E0AA2C7E
2026-03-30 03:43:57 - msg_id_0002 ==> 7E00020000660000000002E0AB2D7E
2026-03-30 03:44:00 - msg_id_0002 ==> 7E00020000660000000002E0AC2A7E
2026-03-30 03:44:03 - msg_id_0002 ==> 7E00020000660000000002E0AD2B7E
2026-03-30 03:44:06 - msg_id_0002 ==> 7E00020000660000000002E0AF297E
2026-03-30 03:44:09 - msg_id_0002 ==> 7E00020000660000000002E0B0367E
2026-03-30 03:44:12 - msg_id_0002 ==> 7E00020000660000000002E0B1377E
2026-03-30 03:44:16 - msg_id_0002 ==> 7E00020000660000000002E0B2347E
2026-03-30 03:44:19 - msg_id_0002 ==> 7E00020000660000000002E0B3357E
2026-03-30 03:44:22 - msg_id_0002 ==> 7E00020000660000000002E0B4327E
2026-03-30 03:44:25 - msg_id_0002 ==> 7E00020000660000000002E0B5337E
2026-03-30 03:44:28 - msg_id_0002 ==> 7E00020000660000000002E0B6307E
2026-03-30 03:44:31 - msg_id_0002 ==> 7E00020000660000000002E0B7317E
2026-03-30 03:44:34 - msg_id_0002 ==> 7E00020000660000000002E0B83E7E
2026-03-30 03:44:37 - msg_id_0002 ==> 7E00020000660000000002E0BA3C7E
2026-03-30 03:44:40 - msg_id_0002 ==> 7E00020000660000000002E0BB3D7E
2026-03-30 03:44:43 - msg_id_0002 ==> 7E00020000660000000002E0BC3A7E
2026-03-30 03:44:47 - msg_id_0002 ==> 7E00020000660000000002E0BD3B7E
2026-03-30 03:44:50 - msg_id_0002 ==> 7E00020000660000000002E0BE387E
2026-03-30 03:44:53 - msg_id_0002 ==> 7E00020000660000000002E0BF397E
2026-03-30 03:44:56 - msg_id_0002 ==> 7E00020000660000000002E0C0467E
2026-03-30 03:44:59 - msg_id_0002 ==> 7E00020000660000000002E0C1477E
2026-03-30 03:45:02 - msg_id_0002 ==> 7E00020000660000000002E0C2447E
2026-03-30 03:45:05 - msg_id_0002 ==> 7E00020000660000000002E0C3457E
2026-03-30 03:45:08 - msg_id_0002 ==> 7E00020000660000000002E0C5437E
2026-03-30 03:45:11 - msg_id_0002 ==> 7E00020000660000000002E0C6407E
2026-03-30 03:45:14 - msg_id_0002 ==> 7E00020000660000000002E0C7417E
2026-03-30 03:45:18 - msg_id_0002 ==> 7E00020000660000000002E0C84E7E
2026-03-30 03:45:21 - msg_id_0002 ==> 7E00020000660000000002E0C94F7E
2026-03-30 03:45:24 - msg_id_0002 ==> 7E00020000660000000002E0CA4C7E
2026-03-30 03:45:27 - msg_id_0002 ==> 7E00020000660000000002E0CB4D7E
2026-03-30 03:45:30 - msg_id_0002 ==> 7E00020000660000000002E0CC4A7E
2026-03-30 03:45:33 - msg_id_0002 ==> 7E00020000660000000002E0CD4B7E
2026-03-30 03:45:36 - msg_id_0002 ==> 7E00020000660000000002E0CE487E
2026-03-30 03:45:39 - msg_id_0002 ==> 7E00020000660000000002E0D0567E
2026-03-30 03:45:42 - msg_id_0002 ==> 7E00020000660000000002E0D1577E
2026-03-30 03:45:45 - msg_id_0002 ==> 7E00020000660000000002E0D2547E
2026-03-30 03:45:49 - msg_id_0002 ==> 7E00020000660000000002E0D3557E
2026-03-30 03:45:52 - msg_id_0002 ==> 7E00020000660000000002E0D4527E
2026-03-30 03:45:55 - msg_id_0002 ==> 7E00020000660000000002E0D5537E
2026-03-30 03:45:58 - msg_id_0002 ==> 7E00020000660000000002E0D6507E
2026-03-30 03:46:01 - msg_id_0002 ==> 7E00020000660000000002E0D7517E
2026-03-30 03:46:04 - msg_id_0002 ==> 7E00020000660000000002E0D85E7E
2026-03-30 03:46:07 - msg_id_0002 ==> 7E00020000660000000002E0D95F7E
2026-03-30 03:46:10 - msg_id_0002 ==> 7E00020000660000000002E0DB5D7E
2026-03-30 03:46:13 - msg_id_0002 ==> 7E00020000660000000002E0DC5A7E
2026-03-30 03:46:16 - msg_id_0002 ==> 7E00020000660000000002E0DD5B7E
2026-03-30 03:46:20 - msg_id_0002 ==> 7E00020000660000000002E0DE587E
2026-03-30 03:46:23 - msg_id_0002 ==> 7E00020000660000000002E0DF597E
2026-03-30 03:46:26 - msg_id_0002 ==> 7E00020000660000000002E0E0667E
2026-03-30 03:46:29 - msg_id_0002 ==> 7E00020000660000000002E0E1677E
2026-03-30 03:46:32 - msg_id_0002 ==> 7E00020000660000000002E0E2647E
2026-03-30 03:46:35 - msg_id_0002 ==> 7E00020000660000000002E0E3657E
2026-03-30 03:46:38 - msg_id_0002 ==> 7E00020000660000000002E0E4627E
2026-03-30 03:46:41 - msg_id_0002 ==> 7E00020000660000000002E0E6607E
2026-03-30 03:46:44 - msg_id_0002 ==> 7E00020000660000000002E0E7617E
2026-03-30 03:46:48 - msg_id_0002 ==> 7E00020000660000000002E0E86E7E
2026-03-30 03:46:51 - msg_id_0002 ==> 7E00020000660000000002E0E96F7E
2026-03-30 03:46:54 - msg_id_0002 ==> 7E00020000660000000002E0EA6C7E
2026-03-30 03:46:57 - msg_id_0002 ==> 7E00020000660000000002E0EB6D7E
2026-03-30 03:47:00 - msg_id_0002 ==> 7E00020000660000000002E0EC6A7E
2026-03-30 03:47:03 - msg_id_0002 ==> 7E00020000660000000002E0ED6B7E
2026-03-30 03:47:06 - msg_id_0002 ==> 7E00020000660000000002E0EE687E
2026-03-30 03:47:09 - msg_id_0002 ==> 7E00020000660000000002E0EF697E
2026-03-30 03:47:12 - msg_id_0002 ==> 7E00020000660000000002E0F1777E
2026-03-30 03:47:15 - msg_id_0002 ==> 7E00020000660000000002E0F2747E
2026-03-30 03:47:19 - msg_id_0002 ==> 7E00020000660000000002E0F3757E
2026-03-30 03:47:22 - msg_id_0002 ==> 7E00020000660000000002E0F4727E
2026-03-30 03:47:25 - msg_id_0002 ==> 7E00020000660000000002E0F5737E
2026-03-30 03:47:28 - msg_id_0002 ==> 7E00020000660000000002E0F6707E
2026-03-30 03:47:31 - msg_id_0002 ==> 7E00020000660000000002E0F7717E
2026-03-30 03:47:34 - msg_id_0002 ==> 7E00020000660000000002E0F87D027E
2026-03-30 03:47:37 - msg_id_0002 ==> 7E00020000660000000002E0F97F7E
2026-03-30 03:47:40 - msg_id_0002 ==> 7E00020000660000000002E0FA7C7E
2026-03-30 03:47:43 - msg_id_0002 ==> 7E00020000660000000002E0FC7A7E
2026-03-30 03:47:46 - msg_id_0002 ==> 7E00020000660000000002E0FD7B7E
2026-03-30 03:47:50 - msg_id_0002 ==> 7E00020000660000000002E0FE787E
2026-03-30 03:47:53 - msg_id_0002 ==> 7E00020000660000000002E0FF797E
2026-03-30 03:47:56 - msg_id_0002 ==> 7E00020000660000000002E100877E
2026-03-30 03:47:59 - msg_id_0002 ==> 7E00020000660000000002E101867E
2026-03-30 03:48:02 - msg_id_0002 ==> 7E00020000660000000002E102857E
2026-03-30 03:48:05 - msg_id_0002 ==> 7E00020000660000000002E103847E
2026-03-30 03:48:08 - msg_id_0002 ==> 7E00020000660000000002E104837E
2026-03-30 03:48:11 - msg_id_0002 ==> 7E00020000660000000002E105827E
2026-03-30 03:48:14 - msg_id_0002 ==> 7E00020000660000000002E107807E
2026-03-30 03:48:17 - msg_id_0002 ==> 7E00020000660000000002E1088F7E
2026-03-30 03:48:21 - msg_id_0002 ==> 7E00020000660000000002E1098E7E
2026-03-30 03:48:24 - msg_id_0002 ==> 7E00020000660000000002E10A8D7E
2026-03-30 03:48:27 - msg_id_0002 ==> 7E00020000660000000002E10B8C7E
2026-03-30 03:48:30 - msg_id_0002 ==> 7E00020000660000000002E10C8B7E
2026-03-30 03:48:33 - msg_id_0002 ==> 7E00020000660000000002E10D8A7E
2026-03-30 03:48:36 - msg_id_0002 ==> 7E00020000660000000002E10E897E
2026-03-30 03:48:39 - msg_id_0002 ==> 7E00020000660000000002E10F887E
2026-03-30 03:48:42 - msg_id_0002 ==> 7E00020000660000000002E110977E
2026-03-30 03:48:45 - msg_id_0002 ==> 7E00020000660000000002E112957E
2026-03-30 03:48:48 - msg_id_0002 ==> 7E00020000660000000002E113947E
2026-03-30 03:48:52 - msg_id_0002 ==> 7E00020000660000000002E114937E
2026-03-30 03:48:55 - msg_id_0002 ==> 7E00020000660000000002E115927E
2026-03-30 03:48:58 - msg_id_0002 ==> 7E00020000660000000002E116917E
2026-03-30 03:49:01 - msg_id_0002 ==> 7E00020000660000000002E117907E
2026-03-30 03:49:04 - msg_id_0002 ==> 7E00020000660000000002E1189F7E
2026-03-30 03:49:07 - msg_id_0002 ==> 7E00020000660000000002E1199E7E
2026-03-30 03:49:10 - msg_id_0002 ==> 7E00020000660000000002E11A9D7E
2026-03-30 03:49:13 - msg_id_0002 ==> 7E00020000660000000002E11B9C7E
2026-03-30 03:49:16 - msg_id_0002 ==> 7E00020000660000000002E11D9A7E
2026-03-30 03:49:19 - msg_id_0002 ==> 7E00020000660000000002E11E997E
2026-03-30 03:49:23 - msg_id_0002 ==> 7E00020000660000000002E11F987E
2026-03-30 03:49:26 - msg_id_0002 ==> 7E00020000660000000002E120A77E
2026-03-30 03:49:29 - msg_id_0002 ==> 7E00020000660000000002E121A67E
2026-03-30 03:49:32 - msg_id_0002 ==> 7E00020000660000000002E122A57E
2026-03-30 03:49:35 - msg_id_0002 ==> 7E00020000660000000002E123A47E
2026-03-30 03:49:38 - msg_id_0002 ==> 7E00020000660000000002E124A37E
2026-03-30 03:49:41 - msg_id_0002 ==> 7E00020000660000000002E125A27E
2026-03-30 03:49:44 - msg_id_0002 ==> 7E00020000660000000002E126A17E
2026-03-30 03:49:47 - msg_id_0002 ==> 7E00020000660000000002E128AF7E
2026-03-30 03:49:50 - msg_id_0002 ==> 7E00020000660000000002E129AE7E
2026-03-30 03:49:54 - msg_id_0002 ==> 7E00020000660000000002E12AAD7E
2026-03-30 03:49:57 - msg_id_0002 ==> 7E00020000660000000002E12BAC7E
2026-03-30 03:50:00 - msg_id_0002 ==> 7E00020000660000000002E12CAB7E
2026-03-30 03:50:03 - msg_id_0002 ==> 7E00020000660000000002E12DAA7E
2026-03-30 03:50:06 - msg_id_0002 ==> 7E00020000660000000002E12EA97E
2026-03-30 03:50:09 - msg_id_0002 ==> 7E00020000660000000002E12FA87E
2026-03-30 03:50:12 - msg_id_0002 ==> 7E00020000660000000002E130B77E
2026-03-30 03:50:15 - msg_id_0002 ==> 7E00020000660000000002E131B67E
2026-03-30 03:50:18 - msg_id_0002 ==> 7E00020000660000000002E133B47E
2026-03-30 03:50:21 - msg_id_0002 ==> 7E00020000660000000002E134B37E
2026-03-30 03:50:25 - msg_id_0002 ==> 7E00020000660000000002E135B27E
2026-03-30 03:50:28 - msg_id_0002 ==> 7E00020000660000000002E136B17E
2026-03-30 03:50:31 - msg_id_0002 ==> 7E00020000660000000002E137B07E
2026-03-30 03:50:34 - msg_id_0002 ==> 7E00020000660000000002E138BF7E
2026-03-30 03:50:37 - msg_id_0002 ==> 7E00020000660000000002E139BE7E
2026-03-30 03:50:40 - msg_id_0002 ==> 7E00020000660000000002E13ABD7E
2026-03-30 03:50:43 - msg_id_0002 ==> 7E00020000660000000002E13BBC7E
2026-03-30 03:50:46 - msg_id_0002 ==> 7E00020000660000000002E13CBB7E
2026-03-30 03:50:49 - msg_id_0002 ==> 7E00020000660000000002E13EB97E
2026-03-30 03:50:52 - msg_id_0002 ==> 7E00020000660000000002E13FB87E
2026-03-30 03:50:56 - msg_id_0002 ==> 7E00020000660000000002E140C77E
2026-03-30 03:50:59 - msg_id_0002 ==> 7E00020000660000000002E141C67E
2026-03-30 03:51:02 - msg_id_0002 ==> 7E00020000660000000002E142C57E
2026-03-30 03:51:05 - msg_id_0002 ==> 7E00020000660000000002E143C47E
2026-03-30 03:51:08 - msg_id_0002 ==> 7E00020000660000000002E144C37E
2026-03-30 03:51:11 - msg_id_0002 ==> 7E00020000660000000002E145C27E
2026-03-30 03:51:14 - msg_id_0002 ==> 7E00020000660000000002E146C17E
2026-03-30 03:51:17 - msg_id_0002 ==> 7E00020000660000000002E147C07E
2026-03-30 03:51:20 - msg_id_0002 ==> 7E00020000660000000002E149CE7E
2026-03-30 03:51:23 - msg_id_0002 ==> 7E00020000660000000002E14ACD7E
2026-03-30 03:51:27 - msg_id_0002 ==> 7E00020000660000000002E14BCC7E
2026-03-30 03:51:30 - msg_id_0002 ==> 7E00020000660000000002E14CCB7E
2026-03-30 03:51:33 - msg_id_0002 ==> 7E00020000660000000002E14DCA7E
2026-03-30 03:51:36 - msg_id_0002 ==> 7E00020000660000000002E14EC97E
2026-03-30 03:51:39 - msg_id_0002 ==> 7E00020000660000000002E14FC87E
2026-03-30 03:51:42 - msg_id_0002 ==> 7E00020000660000000002E150D77E
2026-03-30 03:51:45 - msg_id_0002 ==> 7E00020000660000000002E151D67E
2026-03-30 03:51:48 - msg_id_0002 ==> 7E00020000660000000002E152D57E
2026-03-30 03:51:51 - msg_id_0002 ==> 7E00020000660000000002E154D37E
2026-03-30 03:51:54 - msg_id_0002 ==> 7E00020000660000000002E155D27E
2026-03-30 03:51:58 - msg_id_0002 ==> 7E00020000660000000002E156D17E
2026-03-30 03:52:01 - msg_id_0002 ==> 7E00020000660000000002E157D07E
2026-03-30 03:52:04 - msg_id_0002 ==> 7E00020000660000000002E158DF7E
2026-03-30 03:52:07 - msg_id_0002 ==> 7E00020000660000000002E159DE7E
2026-03-30 03:52:10 - msg_id_0002 ==> 7E00020000660000000002E15ADD7E
2026-03-30 03:52:13 - msg_id_0002 ==> 7E00020000660000000002E15BDC7E
2026-03-30 03:52:16 - msg_id_0002 ==> 7E00020000660000000002E15CDB7E
2026-03-30 03:52:19 - msg_id_0002 ==> 7E00020000660000000002E15DDA7E
2026-03-30 03:52:22 - msg_id_0002 ==> 7E00020000660000000002E15FD87E
2026-03-30 03:52:26 - msg_id_0002 ==> 7E00020000660000000002E160E77E
2026-03-30 03:52:29 - msg_id_0002 ==> 7E00020000660000000002E161E67E
2026-03-30 03:52:32 - msg_id_0002 ==> 7E00020000660000000002E162E57E
2026-03-30 03:52:35 - msg_id_0002 ==> 7E00020000660000000002E163E47E
2026-03-30 03:52:38 - msg_id_0002 ==> 7E00020000660000000002E164E37E
2026-03-30 03:52:41 - msg_id_0002 ==> 7E00020000660000000002E165E27E
2026-03-30 03:52:44 - msg_id_0002 ==> 7E00020000660000000002E166E17E
2026-03-30 03:52:47 - msg_id_0002 ==> 7E00020000660000000002E167E07E
2026-03-30 03:52:50 - msg_id_0002 ==> 7E00020000660000000002E168EF7E
2026-03-30 03:52:53 - msg_id_0002 ==> 7E00020000660000000002E16AED7E
2026-03-30 03:52:57 - msg_id_0002 ==> 7E00020000660000000002E16BEC7E
2026-03-30 03:53:00 - msg_id_0002 ==> 7E00020000660000000002E16CEB7E
2026-03-30 03:53:03 - msg_id_0002 ==> 7E00020000660000000002E16DEA7E
2026-03-30 03:53:06 - msg_id_0002 ==> 7E00020000660000000002E16EE97E
2026-03-30 03:53:09 - msg_id_0002 ==> 7E00020000660000000002E16FE87E
2026-03-30 03:53:12 - msg_id_0002 ==> 7E00020000660000000002E170F77E
2026-03-30 03:53:15 - msg_id_0002 ==> 7E00020000660000000002E171F67E
2026-03-30 03:53:18 - msg_id_0002 ==> 7E00020000660000000002E172F57E
2026-03-30 03:53:21 - msg_id_0002 ==> 7E00020000660000000002E173F47E
2026-03-30 03:53:24 - msg_id_0002 ==> 7E00020000660000000002E175F27E
2026-03-30 03:53:28 - msg_id_0002 ==> 7E00020000660000000002E176F17E
2026-03-30 03:53:31 - msg_id_0002 ==> 7E00020000660000000002E177F07E
2026-03-30 03:53:34 - msg_id_0002 ==> 7E00020000660000000002E178FF7E
2026-03-30 03:53:37 - msg_id_0002 ==> 7E00020000660000000002E179FE7E
2026-03-30 03:53:40 - msg_id_0002 ==> 7E00020000660000000002E17AFD7E
2026-03-30 03:53:43 - msg_id_0002 ==> 7E00020000660000000002E17BFC7E
2026-03-30 03:53:46 - msg_id_0002 ==> 7E00020000660000000002E17CFB7E
2026-03-30 03:53:49 - msg_id_0002 ==> 7E00020000660000000002E17D01FA7E
2026-03-30 03:53:52 - msg_id_0002 ==> 7E00020000660000000002E17D02F97E
2026-03-30 03:54:00 - msg_id_0002 ==> 7E00020000660000000002E183047E
2026-03-30 03:54:03 - msg_id_0002 ==> 7E00020000660000000002E184037E
2026-03-30 03:54:06 - msg_id_0002 ==> 7E00020000660000000002E185027E
2026-03-30 03:54:09 - msg_id_0002 ==> 7E00020000660000000002E186017E
2026-03-30 03:54:12 - msg_id_0002 ==> 7E00020000660000000002E187007E
2026-03-30 03:54:15 - msg_id_0002 ==> 7E00020000660000000002E1880F7E
2026-03-30 03:54:18 - msg_id_0002 ==> 7E00020000660000000002E1890E7E
2026-03-30 03:54:22 - msg_id_0002 ==> 7E00020000660000000002E18A0D7E
2026-03-30 03:54:25 - msg_id_0002 ==> 7E00020000660000000002E18B0C7E
2026-03-30 03:54:28 - msg_id_0002 ==> 7E00020000660000000002E18C0B7E
2026-03-30 03:54:31 - msg_id_0002 ==> 7E00020000660000000002E18E097E
2026-03-30 03:54:34 - msg_id_0002 ==> 7E00020000660000000002E18F087E
2026-03-30 03:54:37 - msg_id_0002 ==> 7E00020000660000000002E190177E
2026-03-30 03:54:40 - msg_id_0002 ==> 7E00020000660000000002E191167E
2026-03-30 03:54:43 - msg_id_0002 ==> 7E00020000660000000002E192157E
2026-03-30 03:54:46 - msg_id_0002 ==> 7E00020000660000000002E193147E
2026-03-30 03:54:49 - msg_id_0002 ==> 7E00020000660000000002E194137E
2026-03-30 03:54:53 - msg_id_0002 ==> 7E00020000660000000002E195127E
2026-03-30 03:54:56 - msg_id_0002 ==> 7E00020000660000000002E196117E
2026-03-30 03:54:59 - msg_id_0002 ==> 7E00020000660000000002E197107E
2026-03-30 03:55:02 - msg_id_0002 ==> 7E00020000660000000002E1991E7E
2026-03-30 03:55:05 - msg_id_0002 ==> 7E00020000660000000002E19A1D7E
2026-03-30 03:55:08 - msg_id_0002 ==> 7E00020000660000000002E19B1C7E
2026-03-30 03:55:11 - msg_id_0002 ==> 7E00020000660000000002E19C1B7E
2026-03-30 03:55:14 - msg_id_0002 ==> 7E00020000660000000002E19D1A7E
2026-03-30 03:55:17 - msg_id_0002 ==> 7E00020000660000000002E19E197E
2026-03-30 03:55:20 - msg_id_0002 ==> 7E00020000660000000002E19F187E
2026-03-30 03:55:24 - msg_id_0002 ==> 7E00020000660000000002E1A0277E
2026-03-30 03:55:27 - msg_id_0002 ==> 7E00020000660000000002E1A1267E
2026-03-30 03:55:30 - msg_id_0002 ==> 7E00020000660000000002E1A2257E
2026-03-30 03:55:33 - msg_id_0002 ==> 7E00020000660000000002E1A4237E
2026-03-30 03:55:36 - msg_id_0002 ==> 7E00020000660000000002E1A5227E
2026-03-30 03:55:39 - msg_id_0002 ==> 7E00020000660000000002E1A6217E
2026-03-30 03:55:42 - msg_id_0002 ==> 7E00020000660000000002E1A7207E
2026-03-30 03:55:45 - msg_id_0002 ==> 7E00020000660000000002E1A82F7E
2026-03-30 03:55:48 - msg_id_0002 ==> 7E00020000660000000002E1A92E7E
2026-03-30 03:55:51 - msg_id_0002 ==> 7E00020000660000000002E1AA2D7E
2026-03-30 03:55:55 - msg_id_0002 ==> 7E00020000660000000002E1AB2C7E
2026-03-30 03:55:58 - msg_id_0002 ==> 7E00020000660000000002E1AC2B7E
2026-03-30 03:56:01 - msg_id_0002 ==> 7E00020000660000000002E1AD2A7E
2026-03-30 03:56:04 - msg_id_0002 ==> 7E00020000660000000002E1AF287E
2026-03-30 03:56:07 - msg_id_0002 ==> 7E00020000660000000002E1B0377E
2026-03-30 03:56:10 - msg_id_0002 ==> 7E00020000660000000002E1B1367E
2026-03-30 03:56:13 - msg_id_0002 ==> 7E00020000660000000002E1B2357E
2026-03-30 03:56:16 - msg_id_0002 ==> 7E00020000660000000002E1B3347E
2026-03-30 03:56:19 - msg_id_0002 ==> 7E00020000660000000002E1B4337E
2026-03-30 03:56:22 - msg_id_0002 ==> 7E00020000660000000002E1B5327E
2026-03-30 03:56:26 - msg_id_0002 ==> 7E00020000660000000002E1B6317E
2026-03-30 03:56:29 - msg_id_0002 ==> 7E00020000660000000002E1B7307E
2026-03-30 03:56:32 - msg_id_0002 ==> 7E00020000660000000002E1B83F7E
2026-03-30 03:56:35 - msg_id_0002 ==> 7E00020000660000000002E1BA3D7E
2026-03-30 03:56:38 - msg_id_0002 ==> 7E00020000660000000002E1BB3C7E
2026-03-30 03:56:41 - msg_id_0002 ==> 7E00020000660000000002E1BC3B7E
2026-03-30 03:56:44 - msg_id_0002 ==> 7E00020000660000000002E1BD3A7E
2026-03-30 03:56:47 - msg_id_0002 ==> 7E00020000660000000002E1BE397E
2026-03-30 03:56:50 - msg_id_0002 ==> 7E00020000660000000002E1BF387E
2026-03-30 03:56:53 - msg_id_0002 ==> 7E00020000660000000002E1C0477E
2026-03-30 03:56:57 - msg_id_0002 ==> 7E00020000660000000002E1C1467E
2026-03-30 03:57:00 - msg_id_0002 ==> 7E00020000660000000002E1C2457E
2026-03-30 03:57:03 - msg_id_0002 ==> 7E00020000660000000002E1C3447E
2026-03-30 03:57:06 - msg_id_0002 ==> 7E00020000660000000002E1C5427E
2026-03-30 03:57:09 - msg_id_0002 ==> 7E00020000660000000002E1C6417E
2026-03-30 03:57:12 - msg_id_0002 ==> 7E00020000660000000002E1C7407E
2026-03-30 03:57:15 - msg_id_0002 ==> 7E00020000660000000002E1C84F7E
2026-03-30 03:57:18 - msg_id_0002 ==> 7E00020000660000000002E1C94E7E
2026-03-30 03:57:21 - msg_id_0002 ==> 7E00020000660000000002E1CA4D7E
2026-03-30 03:57:24 - msg_id_0002 ==> 7E00020000660000000002E1CB4C7E
2026-03-30 03:57:28 - msg_id_0002 ==> 7E00020000660000000002E1CC4B7E
2026-03-30 03:57:31 - msg_id_0002 ==> 7E00020000660000000002E1CD4A7E
2026-03-30 03:57:34 - msg_id_0002 ==> 7E00020000660000000002E1CE497E
2026-03-30 03:57:37 - msg_id_0002 ==> 7E00020000660000000002E1D0577E
2026-03-30 03:57:40 - msg_id_0002 ==> 7E00020000660000000002E1D1567E
2026-03-30 03:57:43 - msg_id_0002 ==> 7E00020000660000000002E1D2557E
2026-03-30 03:57:46 - msg_id_0002 ==> 7E00020000660000000002E1D3547E
2026-03-30 03:57:49 - msg_id_0002 ==> 7E00020000660000000002E1D4537E
2026-03-30 03:57:52 - msg_id_0002 ==> 7E00020000660000000002E1D5527E
2026-03-30 03:57:55 - msg_id_0002 ==> 7E00020000660000000002E1D6517E
2026-03-30 03:57:59 - msg_id_0002 ==> 7E00020000660000000002E1D7507E
2026-03-30 03:58:02 - msg_id_0002 ==> 7E00020000660000000002E1D85F7E
2026-03-30 03:58:05 - msg_id_0002 ==> 7E00020000660000000002E1D95E7E
2026-03-30 03:58:08 - msg_id_0002 ==> 7E00020000660000000002E1DB5C7E
2026-03-30 03:58:11 - msg_id_0002 ==> 7E00020000660000000002E1DC5B7E
2026-03-30 03:58:14 - msg_id_0002 ==> 7E00020000660000000002E1DD5A7E
2026-03-30 03:58:17 - msg_id_0002 ==> 7E00020000660000000002E1DE597E
2026-03-30 03:58:20 - msg_id_0002 ==> 7E00020000660000000002E1DF587E
2026-03-30 03:58:23 - msg_id_0002 ==> 7E00020000660000000002E1E0677E
2026-03-30 03:58:26 - msg_id_0002 ==> 7E00020000660000000002E1E1667E
2026-03-30 03:58:30 - msg_id_0002 ==> 7E00020000660000000002E1E2657E
2026-03-30 03:58:33 - msg_id_0002 ==> 7E00020000660000000002E1E3647E
2026-03-30 03:58:36 - msg_id_0002 ==> 7E00020000660000000002E1E4637E
2026-03-30 03:58:39 - msg_id_0002 ==> 7E00020000660000000002E1E6617E
2026-03-30 03:58:42 - msg_id_0002 ==> 7E00020000660000000002E1E7607E
2026-03-30 03:58:45 - msg_id_0002 ==> 7E00020000660000000002E1E86F7E
2026-03-30 03:58:48 - msg_id_0002 ==> 7E00020000660000000002E1E96E7E
2026-03-30 03:58:51 - msg_id_0002 ==> 7E00020000660000000002E1EA6D7E
2026-03-30 03:58:54 - msg_id_0002 ==> 7E00020000660000000002E1EB6C7E
2026-03-30 03:58:57 - msg_id_0002 ==> 7E00020000660000000002E1EC6B7E
2026-03-30 03:59:01 - msg_id_0002 ==> 7E00020000660000000002E1ED6A7E
2026-03-30 03:59:04 - msg_id_0002 ==> 7E00020000660000000002E1EE697E
2026-03-30 03:59:07 - msg_id_0002 ==> 7E00020000660000000002E1EF687E
2026-03-30 03:59:10 - msg_id_0002 ==> 7E00020000660000000002E1F1767E
2026-03-30 03:59:13 - msg_id_0002 ==> 7E00020000660000000002E1F2757E
2026-03-30 03:59:16 - msg_id_0002 ==> 7E00020000660000000002E1F3747E
2026-03-30 03:59:19 - msg_id_0002 ==> 7E00020000660000000002E1F4737E
2026-03-30 03:59:22 - msg_id_0002 ==> 7E00020000660000000002E1F5727E
2026-03-30 03:59:25 - msg_id_0002 ==> 7E00020000660000000002E1F6717E
2026-03-30 03:59:28 - msg_id_0002 ==> 7E00020000660000000002E1F7707E
2026-03-30 03:59:32 - msg_id_0002 ==> 7E00020000660000000002E1F87F7E
2026-03-30 03:59:35 - msg_id_0002 ==> 7E00020000660000000002E1F97D027E
2026-03-30 03:59:38 - msg_id_0002 ==> 7E00020000660000000002E1FA7D017E
2026-03-30 03:59:41 - msg_id_0002 ==> 7E00020000660000000002E1FC7B7E
2026-03-30 03:59:44 - msg_id_0002 ==> 7E00020000660000000002E1FD7A7E
2026-03-30 03:59:47 - msg_id_0002 ==> 7E00020000660000000002E1FE797E
2026-03-30 03:59:50 - msg_id_0002 ==> 7E00020000660000000002E1FF787E
2026-03-30 03:59:53 - msg_id_0002 ==> 7E00020000660000000002E200847E
2026-03-30 03:59:56 - msg_id_0002 ==> 7E00020000660000000002E201857E
2026-03-30 03:59:59 - msg_id_0002 ==> 7E00020000660000000002E202867E
2026-03-30 04:00:03 - msg_id_0002 ==> 7E00020000660000000002E203877E
2026-03-30 04:00:06 - msg_id_0002 ==> 7E00020000660000000002E204807E
2026-03-30 04:00:09 - msg_id_0002 ==> 7E00020000660000000002E205817E
2026-03-30 04:00:12 - msg_id_0002 ==> 7E00020000660000000002E207837E
2026-03-30 04:00:15 - msg_id_0002 ==> 7E00020000660000000002E2088C7E
2026-03-30 04:00:18 - msg_id_0002 ==> 7E00020000660000000002E2098D7E
2026-03-30 04:00:21 - msg_id_0002 ==> 7E00020000660000000002E20A8E7E
2026-03-30 04:00:24 - msg_id_0002 ==> 7E00020000660000000002E20B8F7E
2026-03-30 04:00:27 - msg_id_0002 ==> 7E00020000660000000002E20C887E
2026-03-30 04:00:30 - msg_id_0002 ==> 7E00020000660000000002E20D897E
2026-03-30 04:00:34 - msg_id_0002 ==> 7E00020000660000000002E20E8A7E
2026-03-30 04:00:37 - msg_id_0002 ==> 7E00020000660000000002E20F8B7E
2026-03-30 04:00:40 - msg_id_0002 ==> 7E00020000660000000002E210947E
2026-03-30 04:00:43 - msg_id_0002 ==> 7E00020000660000000002E212967E
2026-03-30 04:00:46 - msg_id_0002 ==> 7E00020000660000000002E213977E
2026-03-30 04:00:49 - msg_id_0002 ==> 7E00020000660000000002E214907E
2026-03-30 04:00:52 - msg_id_0002 ==> 7E00020000660000000002E215917E
2026-03-30 04:00:55 - msg_id_0002 ==> 7E00020000660000000002E216927E
2026-03-30 04:00:58 - msg_id_0002 ==> 7E00020000660000000002E217937E
2026-03-30 04:01:02 - msg_id_0002 ==> 7E00020000660000000002E2189C7E
2026-03-30 04:01:05 - msg_id_0002 ==> 7E00020000660000000002E2199D7E
2026-03-30 04:01:08 - msg_id_0002 ==> 7E00020000660000000002E21A9E7E
2026-03-30 04:01:11 - msg_id_0002 ==> 7E00020000660000000002E21B9F7E
2026-03-30 04:01:14 - msg_id_0002 ==> 7E00020000660000000002E21D997E
2026-03-30 04:01:17 - msg_id_0002 ==> 7E00020000660000000002E21E9A7E
2026-03-30 04:01:20 - msg_id_0002 ==> 7E00020000660000000002E21F9B7E
2026-03-30 04:01:23 - msg_id_0002 ==> 7E00020000660000000002E220A47E
2026-03-30 04:01:26 - msg_id_0002 ==> 7E00020000660000000002E221A57E
2026-03-30 04:01:29 - msg_id_0002 ==> 7E00020000660000000002E222A67E
2026-03-30 04:01:33 - msg_id_0002 ==> 7E00020000660000000002E223A77E
2026-03-30 04:01:36 - msg_id_0002 ==> 7E00020000660000000002E224A07E
2026-03-30 04:01:39 - msg_id_0002 ==> 7E00020000660000000002E225A17E
2026-03-30 04:01:42 - msg_id_0002 ==> 7E00020000660000000002E226A27E
2026-03-30 04:01:45 - msg_id_0002 ==> 7E00020000660000000002E228AC7E
2026-03-30 04:01:48 - msg_id_0002 ==> 7E00020000660000000002E229AD7E
2026-03-30 04:01:51 - msg_id_0002 ==> 7E00020000660000000002E22AAE7E
2026-03-30 04:01:54 - msg_id_0002 ==> 7E00020000660000000002E22BAF7E
2026-03-30 04:01:57 - msg_id_0002 ==> 7E00020000660000000002E22CA87E
2026-03-30 04:02:00 - msg_id_0002 ==> 7E00020000660000000002E22DA97E
2026-03-30 04:02:04 - msg_id_0002 ==> 7E00020000660000000002E22EAA7E
2026-03-30 04:02:07 - msg_id_0002 ==> 7E00020000660000000002E22FAB7E
2026-03-30 04:02:10 - msg_id_0002 ==> 7E00020000660000000002E230B47E
2026-03-30 04:02:13 - msg_id_0002 ==> 7E00020000660000000002E231B57E
2026-03-30 04:02:16 - msg_id_0002 ==> 7E00020000660000000002E233B77E
2026-03-30 04:02:19 - msg_id_0002 ==> 7E00020000660000000002E234B07E
2026-03-30 04:02:22 - msg_id_0002 ==> 7E00020000660000000002E235B17E
2026-03-30 04:02:25 - msg_id_0002 ==> 7E00020000660000000002E236B27E
2026-03-30 04:02:28 - msg_id_0002 ==> 7E00020000660000000002E237B37E
2026-03-30 04:02:31 - msg_id_0002 ==> 7E00020000660000000002E238BC7E
2026-03-30 04:02:35 - msg_id_0002 ==> 7E00020000660000000002E239BD7E
2026-03-30 04:02:38 - msg_id_0002 ==> 7E00020000660000000002E23ABE7E
2026-03-30 04:02:41 - msg_id_0002 ==> 7E00020000660000000002E23BBF7E
2026-03-30 04:02:44 - msg_id_0002 ==> 7E00020000660000000002E23CB87E
2026-03-30 04:02:47 - msg_id_0002 ==> 7E00020000660000000002E23EBA7E
2026-03-30 04:02:50 - msg_id_0002 ==> 7E00020000660000000002E23FBB7E
2026-03-30 04:02:53 - msg_id_0002 ==> 7E00020000660000000002E240C47E
2026-03-30 04:02:56 - msg_id_0002 ==> 7E00020000660000000002E241C57E
2026-03-30 04:02:59 - msg_id_0002 ==> 7E00020000660000000002E242C67E
2026-03-30 04:03:02 - msg_id_0002 ==> 7E00020000660000000002E243C77E
2026-03-30 04:03:06 - msg_id_0002 ==> 7E00020000660000000002E244C07E
2026-03-30 04:03:09 - msg_id_0002 ==> 7E00020000660000000002E245C17E
2026-03-30 04:03:12 - msg_id_0002 ==> 7E00020000660000000002E246C27E
2026-03-30 04:03:15 - msg_id_0002 ==> 7E00020000660000000002E247C37E
2026-03-30 04:03:18 - msg_id_0002 ==> 7E00020000660000000002E249CD7E
2026-03-30 04:03:21 - msg_id_0002 ==> 7E00020000660000000002E24ACE7E
2026-03-30 04:03:24 - msg_id_0002 ==> 7E00020000660000000002E24BCF7E
2026-03-30 04:03:27 - msg_id_0002 ==> 7E00020000660000000002E24CC87E
2026-03-30 04:03:30 - msg_id_0002 ==> 7E00020000660000000002E24DC97E
2026-03-30 04:03:33 - msg_id_0002 ==> 7E00020000660000000002E24ECA7E
2026-03-30 04:03:37 - msg_id_0002 ==> 7E00020000660000000002E24FCB7E
2026-03-30 04:03:40 - msg_id_0002 ==> 7E00020000660000000002E250D47E
2026-03-30 04:03:43 - msg_id_0002 ==> 7E00020000660000000002E251D57E
2026-03-30 04:03:46 - msg_id_0002 ==> 7E00020000660000000002E252D67E
2026-03-30 04:03:49 - msg_id_0002 ==> 7E00020000660000000002E254D07E
2026-03-30 04:03:52 - msg_id_0002 ==> 7E00020000660000000002E255D17E
2026-03-30 04:03:55 - msg_id_0002 ==> 7E00020000660000000002E256D27E
2026-03-30 04:03:58 - msg_id_0002 ==> 7E00020000660000000002E257D37E
2026-03-30 04:04:01 - msg_id_0002 ==> 7E00020000660000000002E258DC7E
2026-03-30 04:04:04 - msg_id_0002 ==> 7E00020000660000000002E259DD7E
2026-03-30 04:04:08 - msg_id_0002 ==> 7E00020000660000000002E25ADE7E
2026-03-30 04:04:11 - msg_id_0002 ==> 7E00020000660000000002E25BDF7E
2026-03-30 04:04:14 - msg_id_0002 ==> 7E00020000660000000002E25CD87E
2026-03-30 04:04:17 - msg_id_0002 ==> 7E00020000660000000002E25DD97E
2026-03-30 04:04:20 - msg_id_0002 ==> 7E00020000660000000002E25FDB7E
2026-03-30 04:04:23 - msg_id_0002 ==> 7E00020000660000000002E260E47E
2026-03-30 04:04:26 - msg_id_0002 ==> 7E00020000660000000002E261E57E
2026-03-30 04:04:29 - msg_id_0002 ==> 7E00020000660000000002E262E67E
2026-03-30 04:04:32 - msg_id_0002 ==> 7E00020000660000000002E263E77E
2026-03-30 04:04:35 - msg_id_0002 ==> 7E00020000660000000002E264E07E
2026-03-30 04:04:39 - msg_id_0002 ==> 7E00020000660000000002E265E17E
2026-03-30 04:04:42 - msg_id_0002 ==> 7E00020000660000000002E266E27E
2026-03-30 04:04:45 - msg_id_0002 ==> 7E00020000660000000002E267E37E
2026-03-30 04:04:48 - msg_id_0002 ==> 7E00020000660000000002E268EC7E
2026-03-30 04:04:51 - msg_id_0002 ==> 7E00020000660000000002E26AEE7E
2026-03-30 04:04:54 - msg_id_0002 ==> 7E00020000660000000002E26BEF7E
2026-03-30 04:04:57 - msg_id_0002 ==> 7E00020000660000000002E26CE87E
2026-03-30 04:05:00 - msg_id_0002 ==> 7E00020000660000000002E26DE97E
2026-03-30 04:05:03 - msg_id_0002 ==> 7E00020000660000000002E26EEA7E
2026-03-30 04:05:06 - msg_id_0002 ==> 7E00020000660000000002E26FEB7E
2026-03-30 04:05:10 - msg_id_0002 ==> 7E00020000660000000002E270F47E
2026-03-30 04:05:13 - msg_id_0002 ==> 7E00020000660000000002E271F57E
2026-03-30 04:05:16 - msg_id_0002 ==> 7E00020000660000000002E272F67E
2026-03-30 04:05:19 - msg_id_0002 ==> 7E00020000660000000002E273F77E
2026-03-30 04:05:22 - msg_id_0002 ==> 7E00020000660000000002E275F17E
2026-03-30 04:05:25 - msg_id_0002 ==> 7E00020000660000000002E276F27E
2026-03-30 04:05:28 - msg_id_0002 ==> 7E00020000660000000002E277F37E
2026-03-30 04:05:31 - msg_id_0002 ==> 7E00020000660000000002E278FC7E
2026-03-30 04:05:34 - msg_id_0002 ==> 7E00020000660000000002E279FD7E
2026-03-30 04:05:37 - msg_id_0002 ==> 7E00020000660000000002E27AFE7E
2026-03-30 04:05:41 - msg_id_0002 ==> 7E00020000660000000002E27BFF7E
2026-03-30 04:05:44 - msg_id_0002 ==> 7E00020000660000000002E27CF87E
2026-03-30 04:05:47 - msg_id_0002 ==> 7E00020000660000000002E27D01F97E
2026-03-30 04:05:50 - msg_id_0002 ==> 7E00020000660000000002E27D02FA7E
2026-03-30 04:05:57 - msg_id_0002 ==> 7E00020000660000000002E283077E
2026-03-30 04:06:00 - msg_id_0002 ==> 7E00020000660000000002E284007E
2026-03-30 04:06:04 - msg_id_0002 ==> 7E00020000660000000002E285017E
2026-03-30 04:06:07 - msg_id_0002 ==> 7E00020000660000000002E286027E
2026-03-30 04:06:10 - msg_id_0002 ==> 7E00020000660000000002E287037E
2026-03-30 04:06:13 - msg_id_0002 ==> 7E00020000660000000002E2880C7E
2026-03-30 04:06:16 - msg_id_0002 ==> 7E00020000660000000002E2890D7E
2026-03-30 04:06:19 - msg_id_0002 ==> 7E00020000660000000002E28A0E7E
2026-03-30 04:06:22 - msg_id_0002 ==> 7E00020000660000000002E28B0F7E
2026-03-30 04:06:25 - msg_id_0002 ==> 7E00020000660000000002E28C087E
2026-03-30 04:06:28 - msg_id_0002 ==> 7E00020000660000000002E28E0A7E
2026-03-30 04:06:31 - msg_id_0002 ==> 7E00020000660000000002E28F0B7E
2026-03-30 04:06:35 - msg_id_0002 ==> 7E00020000660000000002E290147E
2026-03-30 04:06:38 - msg_id_0002 ==> 7E00020000660000000002E291157E
2026-03-30 04:06:41 - msg_id_0002 ==> 7E00020000660000000002E292167E
2026-03-30 04:06:44 - msg_id_0002 ==> 7E00020000660000000002E293177E
2026-03-30 04:06:47 - msg_id_0002 ==> 7E00020000660000000002E294107E
2026-03-30 04:06:50 - msg_id_0002 ==> 7E00020000660000000002E295117E
2026-03-30 04:06:53 - msg_id_0002 ==> 7E00020000660000000002E296127E
2026-03-30 04:06:56 - msg_id_0002 ==> 7E00020000660000000002E297137E
2026-03-30 04:06:59 - msg_id_0002 ==> 7E00020000660000000002E2991D7E
2026-03-30 04:07:02 - msg_id_0002 ==> 7E00020000660000000002E29A1E7E
2026-03-30 04:07:06 - msg_id_0002 ==> 7E00020000660000000002E29B1F7E
2026-03-30 04:07:09 - msg_id_0002 ==> 7E00020000660000000002E29C187E
2026-03-30 04:07:12 - msg_id_0002 ==> 7E00020000660000000002E29D197E
2026-03-30 04:07:15 - msg_id_0002 ==> 7E00020000660000000002E29E1A7E
2026-03-30 04:07:18 - msg_id_0002 ==> 7E00020000660000000002E29F1B7E
2026-03-30 04:07:21 - msg_id_0002 ==> 7E00020000660000000002E2A0247E
2026-03-30 04:07:24 - msg_id_0002 ==> 7E00020000660000000002E2A1257E
2026-03-30 04:07:27 - msg_id_0002 ==> 7E00020000660000000002E2A2267E
2026-03-30 04:07:30 - msg_id_0002 ==> 7E00020000660000000002E2A4207E
2026-03-30 04:07:33 - msg_id_0002 ==> 7E00020000660000000002E2A5217E
2026-03-30 04:07:37 - msg_id_0002 ==> 7E00020000660000000002E2A6227E
2026-03-30 04:07:40 - msg_id_0002 ==> 7E00020000660000000002E2A7237E
2026-03-30 04:07:43 - msg_id_0002 ==> 7E00020000660000000002E2A82C7E
2026-03-30 04:07:46 - msg_id_0002 ==> 7E00020000660000000002E2A92D7E
2026-03-30 04:07:49 - msg_id_0002 ==> 7E00020000660000000002E2AA2E7E
2026-03-30 04:07:52 - msg_id_0002 ==> 7E00020000660000000002E2AB2F7E
2026-03-30 04:07:55 - msg_id_0002 ==> 7E00020000660000000002E2AC287E
2026-03-30 04:07:58 - msg_id_0002 ==> 7E00020000660000000002E2AD297E
2026-03-30 04:08:01 - msg_id_0002 ==> 7E00020000660000000002E2AF2B7E
2026-03-30 04:08:04 - msg_id_0002 ==> 7E00020000660000000002E2B0347E
2026-03-30 04:08:08 - msg_id_0002 ==> 7E00020000660000000002E2B1357E
2026-03-30 04:08:11 - msg_id_0002 ==> 7E00020000660000000002E2B2367E
2026-03-30 04:08:14 - msg_id_0002 ==> 7E00020000660000000002E2B3377E
2026-03-30 04:08:17 - msg_id_0002 ==> 7E00020000660000000002E2B4307E
2026-03-30 04:08:20 - msg_id_0002 ==> 7E00020000660000000002E2B5317E
2026-03-30 04:08:23 - msg_id_0002 ==> 7E00020000660000000002E2B6327E
2026-03-30 04:08:26 - msg_id_0002 ==> 7E00020000660000000002E2B7337E
2026-03-30 04:08:29 - msg_id_0002 ==> 7E00020000660000000002E2B83C7E
2026-03-30 04:08:32 - msg_id_0002 ==> 7E00020000660000000002E2BA3E7E
2026-03-30 04:08:35 - msg_id_0002 ==> 7E00020000660000000002E2BB3F7E
2026-03-30 04:08:39 - msg_id_0002 ==> 7E00020000660000000002E2BC387E
2026-03-30 04:08:42 - msg_id_0002 ==> 7E00020000660000000002E2BD397E
2026-03-30 04:08:45 - msg_id_0002 ==> 7E00020000660000000002E2BE3A7E
2026-03-30 04:08:48 - msg_id_0002 ==> 7E00020000660000000002E2BF3B7E
2026-03-30 04:08:51 - msg_id_0002 ==> 7E00020000660000000002E2C0447E
2026-03-30 04:08:54 - msg_id_0002 ==> 7E00020000660000000002E2C1457E
2026-03-30 04:08:57 - msg_id_0002 ==> 7E00020000660000000002E2C2467E
2026-03-30 04:09:00 - msg_id_0002 ==> 7E00020000660000000002E2C3477E
2026-03-30 04:09:03 - msg_id_0002 ==> 7E00020000660000000002E2C5417E
2026-03-30 04:09:06 - msg_id_0002 ==> 7E00020000660000000002E2C6427E
2026-03-30 04:09:10 - msg_id_0002 ==> 7E00020000660000000002E2C7437E
2026-03-30 04:09:13 - msg_id_0002 ==> 7E00020000660000000002E2C84C7E
2026-03-30 04:09:16 - msg_id_0002 ==> 7E00020000660000000002E2C94D7E
2026-03-30 04:09:19 - msg_id_0002 ==> 7E00020000660000000002E2CA4E7E
2026-03-30 04:09:22 - msg_id_0002 ==> 7E00020000660000000002E2CB4F7E
2026-03-30 04:09:25 - msg_id_0002 ==> 7E00020000660000000002E2CC487E
2026-03-30 04:09:28 - msg_id_0002 ==> 7E00020000660000000002E2CD497E
2026-03-30 04:09:31 - msg_id_0002 ==> 7E00020000660000000002E2CE4A7E
2026-03-30 04:09:34 - msg_id_0002 ==> 7E00020000660000000002E2D0547E
2026-03-30 04:09:37 - msg_id_0002 ==> 7E00020000660000000002E2D1557E
2026-03-30 04:09:41 - msg_id_0002 ==> 7E00020000660000000002E2D2567E
2026-03-30 04:09:44 - msg_id_0002 ==> 7E00020000660000000002E2D3577E
2026-03-30 04:09:47 - msg_id_0002 ==> 7E00020000660000000002E2D4507E
2026-03-30 04:09:50 - msg_id_0002 ==> 7E00020000660000000002E2D5517E
2026-03-30 04:09:53 - msg_id_0002 ==> 7E00020000660000000002E2D6527E
2026-03-30 04:09:56 - msg_id_0002 ==> 7E00020000660000000002E2D7537E
2026-03-30 04:09:59 - msg_id_0002 ==> 7E00020000660000000002E2D85C7E
2026-03-30 04:10:02 - msg_id_0002 ==> 7E00020000660000000002E2D95D7E
2026-03-30 04:10:05 - msg_id_0002 ==> 7E00020000660000000002E2DB5F7E
2026-03-30 04:10:08 - msg_id_0002 ==> 7E00020000660000000002E2DC587E
2026-03-30 04:10:12 - msg_id_0002 ==> 7E00020000660000000002E2DD597E
2026-03-30 04:10:15 - msg_id_0002 ==> 7E00020000660000000002E2DE5A7E
2026-03-30 04:10:18 - msg_id_0002 ==> 7E00020000660000000002E2DF5B7E
2026-03-30 04:10:21 - msg_id_0002 ==> 7E00020000660000000002E2E0647E
2026-03-30 04:10:24 - msg_id_0002 ==> 7E00020000660000000002E2E1657E
2026-03-30 04:10:27 - msg_id_0002 ==> 7E00020000660000000002E2E2667E
2026-03-30 04:10:30 - msg_id_0002 ==> 7E00020000660000000002E2E3677E
2026-03-30 04:10:33 - msg_id_0002 ==> 7E00020000660000000002E2E4607E
2026-03-30 04:10:36 - msg_id_0002 ==> 7E00020000660000000002E2E6627E
2026-03-30 04:10:39 - msg_id_0002 ==> 7E00020000660000000002E2E7637E
2026-03-30 04:10:43 - msg_id_0002 ==> 7E00020000660000000002E2E86C7E
2026-03-30 04:10:46 - msg_id_0002 ==> 7E00020000660000000002E2E96D7E
2026-03-30 04:10:49 - msg_id_0002 ==> 7E00020000660000000002E2EA6E7E
2026-03-30 04:10:52 - msg_id_0002 ==> 7E00020000660000000002E2EB6F7E
2026-03-30 04:10:55 - msg_id_0002 ==> 7E00020000660000000002E2EC687E
2026-03-30 04:10:58 - msg_id_0002 ==> 7E00020000660000000002E2ED697E
2026-03-30 04:11:01 - msg_id_0002 ==> 7E00020000660000000002E2EE6A7E
2026-03-30 04:11:04 - msg_id_0002 ==> 7E00020000660000000002E2EF6B7E
2026-03-30 04:11:07 - msg_id_0002 ==> 7E00020000660000000002E2F1757E
2026-03-30 04:11:11 - msg_id_0002 ==> 7E00020000660000000002E2F2767E
2026-03-30 04:11:14 - msg_id_0002 ==> 7E00020000660000000002E2F3777E
2026-03-30 04:11:17 - msg_id_0002 ==> 7E00020000660000000002E2F4707E
2026-03-30 04:11:20 - msg_id_0002 ==> 7E00020000660000000002E2F5717E
2026-03-30 04:11:23 - msg_id_0002 ==> 7E00020000660000000002E2F6727E
2026-03-30 04:11:26 - msg_id_0002 ==> 7E00020000660000000002E2F7737E
2026-03-30 04:11:29 - msg_id_0002 ==> 7E00020000660000000002E2F87C7E
2026-03-30 04:11:32 - msg_id_0002 ==> 7E00020000660000000002E2F97D017E
2026-03-30 04:11:35 - msg_id_0002 ==> 7E00020000660000000002E2FA7D027E
2026-03-30 04:11:38 - msg_id_0002 ==> 7E00020000660000000002E2FC787E
2026-03-30 04:11:42 - msg_id_0002 ==> 7E00020000660000000002E2FD797E
2026-03-30 04:11:45 - msg_id_0002 ==> 7E00020000660000000002E2FE7A7E
2026-03-30 04:11:48 - msg_id_0002 ==> 7E00020000660000000002E2FF7B7E
2026-03-30 04:11:51 - msg_id_0002 ==> 7E00020000660000000002E300857E
2026-03-30 04:11:54 - msg_id_0002 ==> 7E00020000660000000002E301847E
2026-03-30 04:11:57 - msg_id_0002 ==> 7E00020000660000000002E302877E
2026-03-30 04:12:00 - msg_id_0002 ==> 7E00020000660000000002E303867E
2026-03-30 04:12:03 - msg_id_0002 ==> 7E00020000660000000002E304817E
2026-03-30 04:12:06 - msg_id_0002 ==> 7E00020000660000000002E305807E
2026-03-30 04:12:09 - msg_id_0002 ==> 7E00020000660000000002E307827E
2026-03-30 04:12:13 - msg_id_0002 ==> 7E00020000660000000002E3088D7E
2026-03-30 04:12:16 - msg_id_0002 ==> 7E00020000660000000002E3098C7E
2026-03-30 04:12:19 - msg_id_0002 ==> 7E00020000660000000002E30A8F7E
2026-03-30 04:12:22 - msg_id_0002 ==> 7E00020000660000000002E30B8E7E
2026-03-30 04:12:25 - msg_id_0002 ==> 7E00020000660000000002E30C897E
2026-03-30 04:12:28 - msg_id_0002 ==> 7E00020000660000000002E30D887E
2026-03-30 04:12:31 - msg_id_0002 ==> 7E00020000660000000002E30E8B7E
2026-03-30 04:12:34 - msg_id_0002 ==> 7E00020000660000000002E30F8A7E
2026-03-30 04:12:37 - msg_id_0002 ==> 7E00020000660000000002E310957E
2026-03-30 04:12:40 - msg_id_0002 ==> 7E00020000660000000002E312977E
2026-03-30 04:12:44 - msg_id_0002 ==> 7E00020000660000000002E313967E
2026-03-30 04:12:47 - msg_id_0002 ==> 7E00020000660000000002E314917E
2026-03-30 04:12:50 - msg_id_0002 ==> 7E00020000660000000002E315907E
2026-03-30 04:12:53 - msg_id_0002 ==> 7E00020000660000000002E316937E
2026-03-30 04:12:56 - msg_id_0002 ==> 7E00020000660000000002E317927E
2026-03-30 04:12:59 - msg_id_0002 ==> 7E00020000660000000002E3189D7E
2026-03-30 04:13:02 - msg_id_0002 ==> 7E00020000660000000002E3199C7E
2026-03-30 04:13:05 - msg_id_0002 ==> 7E00020000660000000002E31A9F7E
2026-03-30 04:13:08 - msg_id_0002 ==> 7E00020000660000000002E31B9E7E
2026-03-30 04:13:11 - msg_id_0002 ==> 7E00020000660000000002E31D987E
2026-03-30 04:13:15 - msg_id_0002 ==> 7E00020000660000000002E31E9B7E
2026-03-30 04:13:18 - msg_id_0002 ==> 7E00020000660000000002E31F9A7E
2026-03-30 04:13:21 - msg_id_0002 ==> 7E00020000660000000002E320A57E
2026-03-30 04:13:24 - msg_id_0002 ==> 7E00020000660000000002E321A47E
2026-03-30 04:13:27 - msg_id_0002 ==> 7E00020000660000000002E322A77E
2026-03-30 04:13:30 - msg_id_0002 ==> 7E00020000660000000002E323A67E
2026-03-30 04:13:33 - msg_id_0002 ==> 7E00020000660000000002E324A17E
2026-03-30 04:13:36 - msg_id_0002 ==> 7E00020000660000000002E325A07E
2026-03-30 04:13:39 - msg_id_0002 ==> 7E00020000660000000002E326A37E
2026-03-30 04:13:42 - msg_id_0002 ==> 7E00020000660000000002E328AD7E
2026-03-30 04:13:46 - msg_id_0002 ==> 7E00020000660000000002E329AC7E
2026-03-30 04:13:49 - msg_id_0002 ==> 7E00020000660000000002E32AAF7E
2026-03-30 04:13:52 - msg_id_0002 ==> 7E00020000660000000002E32BAE7E
2026-03-30 04:13:55 - msg_id_0002 ==> 7E00020000660000000002E32CA97E
2026-03-30 04:13:58 - msg_id_0002 ==> 7E00020000660000000002E32DA87E
2026-03-30 04:14:01 - msg_id_0002 ==> 7E00020000660000000002E32EAB7E
2026-03-30 04:14:04 - msg_id_0002 ==> 7E00020000660000000002E32FAA7E
2026-03-30 04:14:07 - msg_id_0002 ==> 7E00020000660000000002E330B57E
2026-03-30 04:14:10 - msg_id_0002 ==> 7E00020000660000000002E331B47E
2026-03-30 04:14:13 - msg_id_0002 ==> 7E00020000660000000002E333B67E
2026-03-30 04:14:17 - msg_id_0002 ==> 7E00020000660000000002E334B17E
2026-03-30 04:14:20 - msg_id_0002 ==> 7E00020000660000000002E335B07E
2026-03-30 04:14:23 - msg_id_0002 ==> 7E00020000660000000002E336B37E
2026-03-30 04:14:26 - msg_id_0002 ==> 7E00020000660000000002E337B27E
2026-03-30 04:14:29 - msg_id_0002 ==> 7E00020000660000000002E338BD7E
2026-03-30 04:14:32 - msg_id_0002 ==> 7E00020000660000000002E339BC7E
2026-03-30 04:14:35 - msg_id_0002 ==> 7E00020000660000000002E33ABF7E
2026-03-30 04:14:38 - msg_id_0002 ==> 7E00020000660000000002E33BBE7E
2026-03-30 04:14:41 - msg_id_0002 ==> 7E00020000660000000002E33CB97E
2026-03-30 04:14:45 - msg_id_0002 ==> 7E00020000660000000002E33EBB7E
2026-03-30 04:14:48 - msg_id_0002 ==> 7E00020000660000000002E33FBA7E
2026-03-30 04:14:51 - msg_id_0002 ==> 7E00020000660000000002E340C57E
2026-03-30 04:14:54 - msg_id_0002 ==> 7E00020000660000000002E341C47E
2026-03-30 04:14:57 - msg_id_0002 ==> 7E00020000660000000002E342C77E
2026-03-30 04:15:00 - msg_id_0002 ==> 7E00020000660000000002E343C67E
2026-03-30 04:15:03 - msg_id_0002 ==> 7E00020000660000000002E344C17E
2026-03-30 04:15:06 - msg_id_0002 ==> 7E00020000660000000002E345C07E
2026-03-30 04:15:09 - msg_id_0002 ==> 7E00020000660000000002E346C37E
2026-03-30 04:15:12 - msg_id_0002 ==> 7E00020000660000000002E347C27E
2026-03-30 04:15:16 - msg_id_0002 ==> 7E00020000660000000002E349CC7E
2026-03-30 04:15:19 - msg_id_0002 ==> 7E00020000660000000002E34ACF7E
2026-03-30 04:15:22 - msg_id_0002 ==> 7E00020000660000000002E34BCE7E
2026-03-30 04:15:25 - msg_id_0002 ==> 7E00020000660000000002E34CC97E
2026-03-30 04:15:28 - msg_id_0002 ==> 7E00020000660000000002E34DC87E
2026-03-30 04:15:31 - msg_id_0002 ==> 7E00020000660000000002E34ECB7E
2026-03-30 04:15:34 - msg_id_0002 ==> 7E00020000660000000002E34FCA7E
2026-03-30 04:15:37 - msg_id_0002 ==> 7E00020000660000000002E350D57E
2026-03-30 04:15:40 - msg_id_0002 ==> 7E00020000660000000002E351D47E
2026-03-30 04:15:43 - msg_id_0002 ==> 7E00020000660000000002E352D77E
2026-03-30 04:15:47 - msg_id_0002 ==> 7E00020000660000000002E354D17E
2026-03-30 04:15:50 - msg_id_0002 ==> 7E00020000660000000002E355D07E
2026-03-30 04:15:53 - msg_id_0002 ==> 7E00020000660000000002E356D37E
2026-03-30 04:15:56 - msg_id_0002 ==> 7E00020000660000000002E357D27E
2026-03-30 04:15:59 - msg_id_0002 ==> 7E00020000660000000002E358DD7E
2026-03-30 04:16:02 - msg_id_0002 ==> 7E00020000660000000002E359DC7E
2026-03-30 04:16:05 - msg_id_0002 ==> 7E00020000660000000002E35ADF7E
2026-03-30 04:16:08 - msg_id_0002 ==> 7E00020000660000000002E35BDE7E
2026-03-30 04:16:11 - msg_id_0002 ==> 7E00020000660000000002E35CD97E
2026-03-30 04:16:14 - msg_id_0002 ==> 7E00020000660000000002E35DD87E
2026-03-30 04:16:17 - msg_id_0002 ==> 7E00020000660000000002E35FDA7E
2026-03-30 04:16:21 - msg_id_0002 ==> 7E00020000660000000002E360E57E
2026-03-30 04:16:24 - msg_id_0002 ==> 7E00020000660000000002E361E47E
2026-03-30 04:16:27 - msg_id_0002 ==> 7E00020000660000000002E362E77E
2026-03-30 04:16:30 - msg_id_0002 ==> 7E00020000660000000002E363E67E
2026-03-30 04:16:33 - msg_id_0002 ==> 7E00020000660000000002E364E17E
2026-03-30 04:16:36 - msg_id_0002 ==> 7E00020000660000000002E365E07E
2026-03-30 04:16:39 - msg_id_0002 ==> 7E00020000660000000002E366E37E
2026-03-30 04:16:42 - msg_id_0002 ==> 7E00020000660000000002E367E27E
2026-03-30 04:16:45 - msg_id_0002 ==> 7E00020000660000000002E368ED7E
2026-03-30 04:16:48 - msg_id_0002 ==> 7E00020000660000000002E36AEF7E
2026-03-30 04:16:52 - msg_id_0002 ==> 7E00020000660000000002E36BEE7E
2026-03-30 04:16:55 - msg_id_0002 ==> 7E00020000660000000002E36CE97E
2026-03-30 04:16:58 - msg_id_0002 ==> 7E00020000660000000002E36DE87E
2026-03-30 04:17:01 - msg_id_0002 ==> 7E00020000660000000002E36EEB7E
2026-03-30 04:17:04 - msg_id_0002 ==> 7E00020000660000000002E36FEA7E
2026-03-30 04:17:07 - msg_id_0002 ==> 7E00020000660000000002E370F57E
2026-03-30 04:17:10 - msg_id_0002 ==> 7E00020000660000000002E371F47E
2026-03-30 04:17:13 - msg_id_0002 ==> 7E00020000660000000002E372F77E
2026-03-30 04:17:16 - msg_id_0002 ==> 7E00020000660000000002E373F67E
2026-03-30 04:17:19 - msg_id_0002 ==> 7E00020000660000000002E375F07E
2026-03-30 04:17:23 - msg_id_0002 ==> 7E00020000660000000002E376F37E
2026-03-30 04:17:26 - msg_id_0002 ==> 7E00020000660000000002E377F27E
2026-03-30 04:17:29 - msg_id_0002 ==> 7E00020000660000000002E378FD7E
2026-03-30 04:17:32 - msg_id_0002 ==> 7E00020000660000000002E379FC7E
2026-03-30 04:17:35 - msg_id_0002 ==> 7E00020000660000000002E37AFF7E
2026-03-30 04:17:38 - msg_id_0002 ==> 7E00020000660000000002E37BFE7E
2026-03-30 04:17:41 - msg_id_0002 ==> 7E00020000660000000002E37CF97E
2026-03-30 04:17:44 - msg_id_0002 ==> 7E00020000660000000002E37D01F87E
2026-03-30 04:17:47 - msg_id_0002 ==> 7E00020000660000000002E37D02FB7E
2026-03-30 04:17:55 - msg_id_0002 ==> 7E00020000660000000002E383067E
2026-03-30 04:17:58 - msg_id_0002 ==> 7E00020000660000000002E384017E
2026-03-30 04:18:01 - msg_id_0002 ==> 7E00020000660000000002E385007E
2026-03-30 04:18:04 - msg_id_0002 ==> 7E00020000660000000002E386037E
2026-03-30 04:18:07 - msg_id_0002 ==> 7E00020000660000000002E387027E
2026-03-30 04:18:10 - msg_id_0002 ==> 7E00020000660000000002E3880D7E
2026-03-30 04:18:13 - msg_id_0002 ==> 7E00020000660000000002E3890C7E
2026-03-30 04:18:17 - msg_id_0002 ==> 7E00020000660000000002E38A0F7E
2026-03-30 04:18:20 - msg_id_0002 ==> 7E00020000660000000002E38B0E7E
2026-03-30 04:18:23 - msg_id_0002 ==> 7E00020000660000000002E38C097E
2026-03-30 04:18:26 - msg_id_0002 ==> 7E00020000660000000002E38E0B7E
2026-03-30 04:18:29 - msg_id_0002 ==> 7E00020000660000000002E38F0A7E
2026-03-30 04:18:32 - msg_id_0002 ==> 7E00020000660000000002E390157E
2026-03-30 04:18:35 - msg_id_0002 ==> 7E00020000660000000002E391147E
2026-03-30 04:18:38 - msg_id_0002 ==> 7E00020000660000000002E392177E
2026-03-30 04:18:41 - msg_id_0002 ==> 7E00020000660000000002E393167E
2026-03-30 04:18:44 - msg_id_0002 ==> 7E00020000660000000002E394117E
2026-03-30 04:18:48 - msg_id_0002 ==> 7E00020000660000000002E395107E
2026-03-30 04:18:51 - msg_id_0002 ==> 7E00020000660000000002E396137E
2026-03-30 04:18:54 - msg_id_0002 ==> 7E00020000660000000002E397127E
2026-03-30 04:18:57 - msg_id_0002 ==> 7E00020000660000000002E3991C7E
2026-03-30 04:19:00 - msg_id_0002 ==> 7E00020000660000000002E39A1F7E
2026-03-30 04:19:03 - msg_id_0002 ==> 7E00020000660000000002E39B1E7E
2026-03-30 04:19:06 - msg_id_0002 ==> 7E00020000660000000002E39C197E
2026-03-30 04:19:09 - msg_id_0002 ==> 7E00020000660000000002E39D187E
2026-03-30 04:19:12 - msg_id_0002 ==> 7E00020000660000000002E39E1B7E
2026-03-30 04:19:15 - msg_id_0002 ==> 7E00020000660000000002E39F1A7E
2026-03-30 04:19:19 - msg_id_0002 ==> 7E00020000660000000002E3A0257E
2026-03-30 04:19:22 - msg_id_0002 ==> 7E00020000660000000002E3A1247E
2026-03-30 04:19:25 - msg_id_0002 ==> 7E00020000660000000002E3A2277E
2026-03-30 04:19:28 - msg_id_0002 ==> 7E00020000660000000002E3A4217E
2026-03-30 04:19:31 - msg_id_0002 ==> 7E00020000660000000002E3A5207E
2026-03-30 04:19:34 - msg_id_0002 ==> 7E00020000660000000002E3A6237E
2026-03-30 04:19:37 - msg_id_0002 ==> 7E00020000660000000002E3A7227E
2026-03-30 04:19:40 - msg_id_0002 ==> 7E00020000660000000002E3A82D7E
2026-03-30 04:19:43 - msg_id_0002 ==> 7E00020000660000000002E3A92C7E
2026-03-30 04:19:46 - msg_id_0002 ==> 7E00020000660000000002E3AA2F7E
2026-03-30 04:19:50 - msg_id_0002 ==> 7E00020000660000000002E3AB2E7E
2026-03-30 04:19:53 - msg_id_0002 ==> 7E00020000660000000002E3AC297E
2026-03-30 04:19:56 - msg_id_0002 ==> 7E00020000660000000002E3AD287E
2026-03-30 04:19:59 - msg_id_0002 ==> 7E00020000660000000002E3AF2A7E
2026-03-30 04:20:02 - msg_id_0002 ==> 7E00020000660000000002E3B0357E
2026-03-30 04:20:05 - msg_id_0002 ==> 7E00020000660000000002E3B1347E
2026-03-30 04:20:08 - msg_id_0002 ==> 7E00020000660000000002E3B2377E
2026-03-30 04:20:11 - msg_id_0002 ==> 7E00020000660000000002E3B3367E
2026-03-30 04:20:14 - msg_id_0002 ==> 7E00020000660000000002E3B4317E
2026-03-30 04:20:17 - msg_id_0002 ==> 7E00020000660000000002E3B5307E
2026-03-30 04:20:21 - msg_id_0002 ==> 7E00020000660000000002E3B6337E
2026-03-30 04:20:24 - msg_id_0002 ==> 7E00020000660000000002E3B7327E
2026-03-30 04:20:27 - msg_id_0002 ==> 7E00020000660000000002E3B83D7E
2026-03-30 04:20:30 - msg_id_0002 ==> 7E00020000660000000002E3BA3F7E
2026-03-30 04:20:33 - msg_id_0002 ==> 7E00020000660000000002E3BB3E7E
2026-03-30 04:20:36 - msg_id_0002 ==> 7E00020000660000000002E3BC397E
2026-03-30 04:20:39 - msg_id_0002 ==> 7E00020000660000000002E3BD387E
2026-03-30 04:20:42 - msg_id_0002 ==> 7E00020000660000000002E3BE3B7E
2026-03-30 04:20:45 - msg_id_0002 ==> 7E00020000660000000002E3BF3A7E
2026-03-30 04:20:48 - msg_id_0002 ==> 7E00020000660000000002E3C0457E
2026-03-30 04:20:52 - msg_id_0002 ==> 7E00020000660000000002E3C1447E
2026-03-30 04:20:55 - msg_id_0002 ==> 7E00020000660000000002E3C2477E
2026-03-30 04:20:58 - msg_id_0002 ==> 7E00020000660000000002E3C3467E
2026-03-30 04:21:01 - msg_id_0002 ==> 7E00020000660000000002E3C5407E
2026-03-30 04:21:04 - msg_id_0002 ==> 7E00020000660000000002E3C6437E
2026-03-30 04:21:07 - msg_id_0002 ==> 7E00020000660000000002E3C7427E
2026-03-30 04:21:10 - msg_id_0002 ==> 7E00020000660000000002E3C84D7E
2026-03-30 04:21:13 - msg_id_0002 ==> 7E00020000660000000002E3C94C7E
2026-03-30 04:21:16 - msg_id_0002 ==> 7E00020000660000000002E3CA4F7E
2026-03-30 04:21:19 - msg_id_0002 ==> 7E00020000660000000002E3CB4E7E
2026-03-30 04:21:23 - msg_id_0002 ==> 7E00020000660000000002E3CC497E
2026-03-30 04:21:26 - msg_id_0002 ==> 7E00020000660000000002E3CD487E
2026-03-30 04:21:29 - msg_id_0002 ==> 7E00020000660000000002E3CE4B7E
2026-03-30 04:21:32 - msg_id_0002 ==> 7E00020000660000000002E3D0557E
2026-03-30 04:21:35 - msg_id_0002 ==> 7E00020000660000000002E3D1547E
2026-03-30 04:21:38 - msg_id_0002 ==> 7E00020000660000000002E3D2577E
2026-03-30 04:21:41 - msg_id_0002 ==> 7E00020000660000000002E3D3567E
2026-03-30 04:21:44 - msg_id_0002 ==> 7E00020000660000000002E3D4517E
2026-03-30 04:21:47 - msg_id_0002 ==> 7E00020000660000000002E3D5507E
2026-03-30 04:21:50 - msg_id_0002 ==> 7E00020000660000000002E3D6537E
2026-03-30 04:21:54 - msg_id_0002 ==> 7E00020000660000000002E3D7527E
2026-03-30 04:21:57 - msg_id_0002 ==> 7E00020000660000000002E3D85D7E
2026-03-30 04:22:00 - msg_id_0002 ==> 7E00020000660000000002E3D95C7E
2026-03-30 04:22:03 - msg_id_0002 ==> 7E00020000660000000002E3DB5E7E
2026-03-30 04:22:06 - msg_id_0002 ==> 7E00020000660000000002E3DC597E
2026-03-30 04:22:09 - msg_id_0002 ==> 7E00020000660000000002E3DD587E
2026-03-30 04:22:12 - msg_id_0002 ==> 7E00020000660000000002E3DE5B7E
2026-03-30 04:22:15 - msg_id_0002 ==> 7E00020000660000000002E3DF5A7E
2026-03-30 04:22:18 - msg_id_0002 ==> 7E00020000660000000002E3E0657E
2026-03-30 04:22:21 - msg_id_0002 ==> 7E00020000660000000002E3E1647E
2026-03-30 04:22:25 - msg_id_0002 ==> 7E00020000660000000002E3E2677E
2026-03-30 04:22:28 - msg_id_0002 ==> 7E00020000660000000002E3E3667E
2026-03-30 04:22:31 - msg_id_0002 ==> 7E00020000660000000002E3E4617E
2026-03-30 04:22:34 - msg_id_0002 ==> 7E00020000660000000002E3E6637E
2026-03-30 04:22:37 - msg_id_0002 ==> 7E00020000660000000002E3E7627E
2026-03-30 04:22:40 - msg_id_0002 ==> 7E00020000660000000002E3E86D7E
2026-03-30 04:22:43 - msg_id_0002 ==> 7E00020000660000000002E3E96C7E
2026-03-30 04:22:46 - msg_id_0002 ==> 7E00020000660000000002E3EA6F7E
2026-03-30 04:22:49 - msg_id_0002 ==> 7E00020000660000000002E3EB6E7E
2026-03-30 04:22:52 - msg_id_0002 ==> 7E00020000660000000002E3EC697E
2026-03-30 04:22:56 - msg_id_0002 ==> 7E00020000660000000002E3ED687E
2026-03-30 04:22:59 - msg_id_0002 ==> 7E00020000660000000002E3EE6B7E
2026-03-30 04:23:02 - msg_id_0002 ==> 7E00020000660000000002E3EF6A7E
2026-03-30 04:23:05 - msg_id_0002 ==> 7E00020000660000000002E3F1747E
2026-03-30 04:23:08 - msg_id_0002 ==> 7E00020000660000000002E3F2777E
2026-03-30 04:23:11 - msg_id_0002 ==> 7E00020000660000000002E3F3767E
2026-03-30 04:23:14 - msg_id_0002 ==> 7E00020000660000000002E3F4717E
2026-03-30 04:23:17 - msg_id_0002 ==> 7E00020000660000000002E3F5707E
2026-03-30 04:23:20 - msg_id_0002 ==> 7E00020000660000000002E3F6737E
2026-03-30 04:23:23 - msg_id_0002 ==> 7E00020000660000000002E3F7727E
2026-03-30 04:23:27 - msg_id_0002 ==> 7E00020000660000000002E3F87D017E
2026-03-30 04:23:30 - msg_id_0002 ==> 7E00020000660000000002E3F97C7E
2026-03-30 04:23:33 - msg_id_0002 ==> 7E00020000660000000002E3FA7F7E
2026-03-30 04:23:36 - msg_id_0002 ==> 7E00020000660000000002E3FC797E
2026-03-30 04:23:39 - msg_id_0002 ==> 7E00020000660000000002E3FD787E
2026-03-30 04:23:42 - msg_id_0002 ==> 7E00020000660000000002E3FE7B7E
2026-03-30 04:23:45 - msg_id_0002 ==> 7E00020000660000000002E3FF7A7E
2026-03-30 04:23:48 - msg_id_0002 ==> 7E00020000660000000002E400827E
2026-03-30 04:23:51 - msg_id_0002 ==> 7E00020000660000000002E401837E
2026-03-30 04:23:55 - msg_id_0002 ==> 7E00020000660000000002E402807E
2026-03-30 04:23:58 - msg_id_0002 ==> 7E00020000660000000002E403817E
2026-03-30 04:24:01 - msg_id_0002 ==> 7E00020000660000000002E404867E
2026-03-30 04:24:04 - msg_id_0002 ==> 7E00020000660000000002E405877E
2026-03-30 04:24:07 - msg_id_0002 ==> 7E00020000660000000002E407857E
2026-03-30 04:24:10 - msg_id_0002 ==> 7E00020000660000000002E4088A7E
2026-03-30 04:24:13 - msg_id_0002 ==> 7E00020000660000000002E4098B7E
2026-03-30 04:24:16 - msg_id_0002 ==> 7E00020000660000000002E40A887E
2026-03-30 04:24:19 - msg_id_0002 ==> 7E00020000660000000002E40B897E
2026-03-30 04:24:22 - msg_id_0002 ==> 7E00020000660000000002E40C8E7E
2026-03-30 04:24:25 - msg_id_0002 ==> 7E00020000660000000002E40D8F7E
2026-03-30 04:24:29 - msg_id_0002 ==> 7E00020000660000000002E40E8C7E
2026-03-30 04:24:32 - msg_id_0002 ==> 7E00020000660000000002E40F8D7E
2026-03-30 04:24:35 - msg_id_0002 ==> 7E00020000660000000002E410927E
2026-03-30 04:24:38 - msg_id_0002 ==> 7E00020000660000000002E412907E
2026-03-30 04:24:41 - msg_id_0002 ==> 7E00020000660000000002E413917E
2026-03-30 04:24:44 - msg_id_0002 ==> 7E00020000660000000002E414967E
2026-03-30 04:24:47 - msg_id_0002 ==> 7E00020000660000000002E415977E
2026-03-30 04:24:50 - msg_id_0002 ==> 7E00020000660000000002E416947E
2026-03-30 04:24:53 - msg_id_0002 ==> 7E00020000660000000002E417957E
2026-03-30 04:24:56 - msg_id_0002 ==> 7E00020000660000000002E4189A7E
2026-03-30 04:25:00 - msg_id_0002 ==> 7E00020000660000000002E4199B7E
2026-03-30 04:25:03 - msg_id_0002 ==> 7E00020000660000000002E41A987E
2026-03-30 04:25:06 - msg_id_0002 ==> 7E00020000660000000002E41B997E
2026-03-30 04:25:09 - msg_id_0002 ==> 7E00020000660000000002E41D9F7E
2026-03-30 04:25:12 - msg_id_0002 ==> 7E00020000660000000002E41E9C7E
2026-03-30 04:25:15 - msg_id_0002 ==> 7E00020000660000000002E41F9D7E
2026-03-30 04:25:18 - msg_id_0002 ==> 7E00020000660000000002E420A27E
2026-03-30 04:25:21 - msg_id_0002 ==> 7E00020000660000000002E421A37E
2026-03-30 04:25:24 - msg_id_0002 ==> 7E00020000660000000002E422A07E
2026-03-30 04:25:27 - msg_id_0002 ==> 7E00020000660000000002E423A17E
2026-03-30 04:25:31 - msg_id_0002 ==> 7E00020000660000000002E424A67E
2026-03-30 04:25:34 - msg_id_0002 ==> 7E00020000660000000002E425A77E
2026-03-30 04:25:37 - msg_id_0002 ==> 7E00020000660000000002E426A47E
2026-03-30 04:25:40 - msg_id_0002 ==> 7E00020000660000000002E428AA7E
2026-03-30 04:25:43 - msg_id_0002 ==> 7E00020000660000000002E429AB7E
2026-03-30 04:25:46 - msg_id_0002 ==> 7E00020000660000000002E42AA87E
2026-03-30 04:25:49 - msg_id_0002 ==> 7E00020000660000000002E42BA97E
2026-03-30 04:25:52 - msg_id_0002 ==> 7E00020000660000000002E42CAE7E
2026-03-30 04:25:55 - msg_id_0002 ==> 7E00020000660000000002E42DAF7E
2026-03-30 04:25:59 - msg_id_0002 ==> 7E00020000660000000002E42EAC7E
2026-03-30 04:26:02 - msg_id_0002 ==> 7E00020000660000000002E42FAD7E
2026-03-30 04:26:05 - msg_id_0002 ==> 7E00020000660000000002E430B27E
2026-03-30 04:26:08 - msg_id_0002 ==> 7E00020000660000000002E431B37E
2026-03-30 04:26:11 - msg_id_0002 ==> 7E00020000660000000002E433B17E
2026-03-30 04:26:14 - msg_id_0002 ==> 7E00020000660000000002E434B67E
2026-03-30 04:26:17 - msg_id_0002 ==> 7E00020000660000000002E435B77E
2026-03-30 04:26:20 - msg_id_0002 ==> 7E00020000660000000002E436B47E
2026-03-30 04:26:23 - msg_id_0002 ==> 7E00020000660000000002E437B57E
2026-03-30 04:26:26 - msg_id_0002 ==> 7E00020000660000000002E438BA7E
2026-03-30 04:26:29 - msg_id_0002 ==> 7E00020000660000000002E439BB7E
2026-03-30 04:26:33 - msg_id_0002 ==> 7E00020000660000000002E43AB87E
2026-03-30 04:26:36 - msg_id_0002 ==> 7E00020000660000000002E43BB97E
2026-03-30 04:26:39 - msg_id_0002 ==> 7E00020000660000000002E43CBE7E
2026-03-30 04:26:42 - msg_id_0002 ==> 7E00020000660000000002E43EBC7E
2026-03-30 04:26:45 - msg_id_0002 ==> 7E00020000660000000002E43FBD7E
2026-03-30 04:26:48 - msg_id_0002 ==> 7E00020000660000000002E440C27E
2026-03-30 04:26:51 - msg_id_0002 ==> 7E00020000660000000002E441C37E
2026-03-30 04:26:54 - msg_id_0002 ==> 7E00020000660000000002E442C07E
2026-03-30 04:26:57 - msg_id_0002 ==> 7E00020000660000000002E443C17E
2026-03-30 04:27:00 - msg_id_0002 ==> 7E00020000660000000002E444C67E
2026-03-30 04:27:04 - msg_id_0002 ==> 7E00020000660000000002E445C77E
2026-03-30 04:27:07 - msg_id_0002 ==> 7E00020000660000000002E446C47E
2026-03-30 04:27:10 - msg_id_0002 ==> 7E00020000660000000002E447C57E
2026-03-30 04:27:13 - msg_id_0002 ==> 7E00020000660000000002E449CB7E
2026-03-30 04:27:16 - msg_id_0002 ==> 7E00020000660000000002E44AC87E
2026-03-30 04:27:19 - msg_id_0002 ==> 7E00020000660000000002E44BC97E
2026-03-30 04:27:22 - msg_id_0002 ==> 7E00020000660000000002E44CCE7E
2026-03-30 04:27:25 - msg_id_0002 ==> 7E00020000660000000002E44DCF7E
2026-03-30 04:27:28 - msg_id_0002 ==> 7E00020000660000000002E44ECC7E
2026-03-30 04:27:31 - msg_id_0002 ==> 7E00020000660000000002E44FCD7E
2026-03-30 04:27:35 - msg_id_0002 ==> 7E00020000660000000002E450D27E
2026-03-30 04:27:38 - msg_id_0002 ==> 7E00020000660000000002E451D37E
2026-03-30 04:27:41 - msg_id_0002 ==> 7E00020000660000000002E452D07E
2026-03-30 04:27:44 - msg_id_0002 ==> 7E00020000660000000002E454D67E
2026-03-30 04:27:47 - msg_id_0002 ==> 7E00020000660000000002E455D77E
2026-03-30 04:27:50 - msg_id_0002 ==> 7E00020000660000000002E456D47E
2026-03-30 04:27:53 - msg_id_0002 ==> 7E00020000660000000002E457D57E
2026-03-30 04:27:56 - msg_id_0002 ==> 7E00020000660000000002E458DA7E
2026-03-30 04:27:59 - msg_id_0002 ==> 7E00020000660000000002E459DB7E
2026-03-30 04:28:02 - msg_id_0002 ==> 7E00020000660000000002E45AD87E
2026-03-30 04:28:06 - msg_id_0002 ==> 7E00020000660000000002E45BD97E
2026-03-30 04:28:09 - msg_id_0002 ==> 7E00020000660000000002E45CDE7E
2026-03-30 04:28:12 - msg_id_0002 ==> 7E00020000660000000002E45DDF7E
2026-03-30 04:28:15 - msg_id_0002 ==> 7E00020000660000000002E45FDD7E
2026-03-30 04:28:18 - msg_id_0002 ==> 7E00020000660000000002E460E27E
2026-03-30 04:28:21 - msg_id_0002 ==> 7E00020000660000000002E461E37E
2026-03-30 04:28:24 - msg_id_0002 ==> 7E00020000660000000002E462E07E
2026-03-30 04:28:27 - msg_id_0002 ==> 7E00020000660000000002E463E17E
2026-03-30 04:28:30 - msg_id_0002 ==> 7E00020000660000000002E464E67E
2026-03-30 04:28:34 - msg_id_0002 ==> 7E00020000660000000002E465E77E
2026-03-30 04:28:37 - msg_id_0002 ==> 7E00020000660000000002E466E47E
2026-03-30 04:28:40 - msg_id_0002 ==> 7E00020000660000000002E467E57E
2026-03-30 04:28:43 - msg_id_0002 ==> 7E00020000660000000002E468EA7E
2026-03-30 04:28:46 - msg_id_0002 ==> 7E00020000660000000002E46AE87E
2026-03-30 04:28:49 - msg_id_0002 ==> 7E00020000660000000002E46BE97E
2026-03-30 04:28:52 - msg_id_0002 ==> 7E00020000660000000002E46CEE7E
2026-03-30 04:28:55 - msg_id_0002 ==> 7E00020000660000000002E46DEF7E
2026-03-30 04:28:58 - msg_id_0002 ==> 7E00020000660000000002E46EEC7E
2026-03-30 04:29:01 - msg_id_0002 ==> 7E00020000660000000002E46FED7E
2026-03-30 04:29:04 - msg_id_0002 ==> 7E00020000660000000002E470F27E
2026-03-30 04:29:08 - msg_id_0002 ==> 7E00020000660000000002E471F37E
2026-03-30 04:29:11 - msg_id_0002 ==> 7E00020000660000000002E472F07E
2026-03-30 04:29:14 - msg_id_0002 ==> 7E00020000660000000002E473F17E
2026-03-30 04:29:17 - msg_id_0002 ==> 7E00020000660000000002E475F77E
2026-03-30 04:29:20 - msg_id_0002 ==> 7E00020000660000000002E476F47E
2026-03-30 04:29:23 - msg_id_0002 ==> 7E00020000660000000002E477F57E
2026-03-30 04:29:26 - msg_id_0002 ==> 7E00020000660000000002E478FA7E
2026-03-30 04:29:29 - msg_id_0002 ==> 7E00020000660000000002E479FB7E
2026-03-30 04:29:32 - msg_id_0002 ==> 7E00020000660000000002E47AF87E
2026-03-30 04:29:35 - msg_id_0002 ==> 7E00020000660000000002E47BF97E
2026-03-30 04:29:39 - msg_id_0002 ==> 7E00020000660000000002E47CFE7E
2026-03-30 04:29:42 - msg_id_0002 ==> 7E00020000660000000002E47D01FF7E
2026-03-30 04:29:45 - msg_id_0002 ==> 7E00020000660000000002E47D02FC7E
2026-03-30 04:29:52 - msg_id_0002 ==> 7E00020000660000000002E483017E
2026-03-30 04:29:56 - msg_id_0002 ==> 7E00020000660000000002E484067E
2026-03-30 04:29:59 - msg_id_0002 ==> 7E00020000660000000002E485077E
2026-03-30 04:30:02 - msg_id_0002 ==> 7E00020000660000000002E486047E
2026-03-30 04:30:05 - msg_id_0002 ==> 7E00020000660000000002E487057E
2026-03-30 04:30:08 - msg_id_0002 ==> 7E00020000660000000002E4880A7E
2026-03-30 04:30:11 - msg_id_0002 ==> 7E00020000660000000002E4890B7E
2026-03-30 04:30:14 - msg_id_0002 ==> 7E00020000660000000002E48A087E
2026-03-30 04:30:17 - msg_id_0002 ==> 7E00020000660000000002E48B097E
2026-03-30 04:30:20 - msg_id_0002 ==> 7E00020000660000000002E48C0E7E
2026-03-30 04:30:23 - msg_id_0002 ==> 7E00020000660000000002E48E0C7E
2026-03-30 04:30:27 - msg_id_0002 ==> 7E00020000660000000002E48F0D7E
2026-03-30 04:30:30 - msg_id_0002 ==> 7E00020000660000000002E490127E
2026-03-30 04:30:33 - msg_id_0002 ==> 7E00020000660000000002E491137E
2026-03-30 04:30:36 - msg_id_0002 ==> 7E00020000660000000002E492107E
2026-03-30 04:30:39 - msg_id_0002 ==> 7E00020000660000000002E493117E
2026-03-30 04:30:42 - msg_id_0002 ==> 7E00020000660000000002E494167E
2026-03-30 04:30:45 - msg_id_0002 ==> 7E00020000660000000002E495177E
2026-03-30 04:30:48 - msg_id_0002 ==> 7E00020000660000000002E496147E
2026-03-30 04:30:51 - msg_id_0002 ==> 7E00020000660000000002E497157E
2026-03-30 04:30:54 - msg_id_0002 ==> 7E00020000660000000002E4991B7E
2026-03-30 04:30:58 - msg_id_0002 ==> 7E00020000660000000002E49A187E
2026-03-30 04:31:01 - msg_id_0002 ==> 7E00020000660000000002E49B197E
2026-03-30 04:31:04 - msg_id_0002 ==> 7E00020000660000000002E49C1E7E
2026-03-30 04:31:07 - msg_id_0002 ==> 7E00020000660000000002E49D1F7E
2026-03-30 04:31:10 - msg_id_0002 ==> 7E00020000660000000002E49E1C7E
2026-03-30 04:31:13 - msg_id_0002 ==> 7E00020000660000000002E49F1D7E
2026-03-30 04:31:16 - msg_id_0002 ==> 7E00020000660000000002E4A0227E
2026-03-30 04:31:19 - msg_id_0002 ==> 7E00020000660000000002E4A1237E
2026-03-30 04:31:22 - msg_id_0002 ==> 7E00020000660000000002E4A2207E
2026-03-30 04:31:25 - msg_id_0002 ==> 7E00020000660000000002E4A4267E
2026-03-30 04:31:29 - msg_id_0002 ==> 7E00020000660000000002E4A5277E
2026-03-30 04:31:32 - msg_id_0002 ==> 7E00020000660000000002E4A6247E
2026-03-30 04:31:35 - msg_id_0002 ==> 7E00020000660000000002E4A7257E
2026-03-30 04:31:38 - msg_id_0002 ==> 7E00020000660000000002E4A82A7E
2026-03-30 04:31:41 - msg_id_0002 ==> 7E00020000660000000002E4A92B7E
2026-03-30 04:31:44 - msg_id_0002 ==> 7E00020000660000000002E4AA287E
2026-03-30 04:31:47 - msg_id_0002 ==> 7E00020000660000000002E4AB297E
2026-03-30 04:31:50 - msg_id_0002 ==> 7E00020000660000000002E4AC2E7E
2026-03-30 04:31:53 - msg_id_0002 ==> 7E00020000660000000002E4AD2F7E
2026-03-30 04:31:56 - msg_id_0002 ==> 7E00020000660000000002E4AF2D7E
2026-03-30 04:32:00 - msg_id_0002 ==> 7E00020000660000000002E4B0327E
2026-03-30 04:32:03 - msg_id_0002 ==> 7E00020000660000000002E4B1337E
2026-03-30 04:32:06 - msg_id_0002 ==> 7E00020000660000000002E4B2307E
2026-03-30 04:32:09 - msg_id_0002 ==> 7E00020000660000000002E4B3317E
2026-03-30 04:32:12 - msg_id_0002 ==> 7E00020000660000000002E4B4367E
2026-03-30 04:32:15 - msg_id_0002 ==> 7E00020000660000000002E4B5377E
2026-03-30 04:32:18 - msg_id_0002 ==> 7E00020000660000000002E4B6347E
2026-03-30 04:32:21 - msg_id_0002 ==> 7E00020000660000000002E4B7357E
2026-03-30 04:32:24 - msg_id_0002 ==> 7E00020000660000000002E4B83A7E
2026-03-30 04:32:28 - msg_id_0002 ==> 7E00020000660000000002E4BA387E
2026-03-30 04:32:31 - msg_id_0002 ==> 7E00020000660000000002E4BB397E
2026-03-30 04:32:34 - msg_id_0002 ==> 7E00020000660000000002E4BC3E7E
2026-03-30 04:32:37 - msg_id_0002 ==> 7E00020000660000000002E4BD3F7E
2026-03-30 04:32:40 - msg_id_0002 ==> 7E00020000660000000002E4BE3C7E
2026-03-30 04:32:43 - msg_id_0002 ==> 7E00020000660000000002E4BF3D7E
2026-03-30 04:32:46 - msg_id_0002 ==> 7E00020000660000000002E4C0427E
2026-03-30 04:32:49 - msg_id_0002 ==> 7E00020000660000000002E4C1437E
2026-03-30 04:32:52 - msg_id_0002 ==> 7E00020000660000000002E4C2407E
2026-03-30 04:32:55 - msg_id_0002 ==> 7E00020000660000000002E4C3417E
2026-03-30 04:32:59 - msg_id_0002 ==> 7E00020000660000000002E4C5477E
2026-03-30 04:33:02 - msg_id_0002 ==> 7E00020000660000000002E4C6447E
2026-03-30 04:33:05 - msg_id_0002 ==> 7E00020000660000000002E4C7457E
2026-03-30 04:33:08 - msg_id_0002 ==> 7E00020000660000000002E4C84A7E
2026-03-30 04:33:11 - msg_id_0002 ==> 7E00020000660000000002E4C94B7E
2026-03-30 04:33:14 - msg_id_0002 ==> 7E00020000660000000002E4CA487E
2026-03-30 04:33:17 - msg_id_0002 ==> 7E00020000660000000002E4CB497E
2026-03-30 04:33:20 - msg_id_0002 ==> 7E00020000660000000002E4CC4E7E
2026-03-30 04:33:23 - msg_id_0002 ==> 7E00020000660000000002E4CD4F7E
2026-03-30 04:33:26 - msg_id_0002 ==> 7E00020000660000000002E4CE4C7E
2026-03-30 04:33:30 - msg_id_0002 ==> 7E00020000660000000002E4D0527E
2026-03-30 04:33:33 - msg_id_0002 ==> 7E00020000660000000002E4D1537E
2026-03-30 04:33:36 - msg_id_0002 ==> 7E00020000660000000002E4D2507E
2026-03-30 04:33:39 - msg_id_0002 ==> 7E00020000660000000002E4D3517E
2026-03-30 04:33:42 - msg_id_0002 ==> 7E00020000660000000002E4D4567E
2026-03-30 04:33:45 - msg_id_0002 ==> 7E00020000660000000002E4D5577E
2026-03-30 04:33:48 - msg_id_0002 ==> 7E00020000660000000002E4D6547E
2026-03-30 04:33:51 - msg_id_0002 ==> 7E00020000660000000002E4D7557E
2026-03-30 04:33:54 - msg_id_0002 ==> 7E00020000660000000002E4D85A7E
2026-03-30 04:33:57 - msg_id_0002 ==> 7E00020000660000000002E4D95B7E
2026-03-30 04:34:01 - msg_id_0002 ==> 7E00020000660000000002E4DB597E
2026-03-30 04:34:04 - msg_id_0002 ==> 7E00020000660000000002E4DC5E7E
2026-03-30 04:34:07 - msg_id_0002 ==> 7E00020000660000000002E4DD5F7E
2026-03-30 04:34:10 - msg_id_0002 ==> 7E00020000660000000002E4DE5C7E
2026-03-30 04:34:13 - msg_id_0002 ==> 7E00020000660000000002E4DF5D7E
2026-03-30 04:34:16 - msg_id_0002 ==> 7E00020000660000000002E4E0627E
2026-03-30 04:34:19 - msg_id_0002 ==> 7E00020000660000000002E4E1637E
2026-03-30 04:34:22 - msg_id_0002 ==> 7E00020000660000000002E4E2607E
2026-03-30 04:34:25 - msg_id_0002 ==> 7E00020000660000000002E4E3617E
2026-03-30 04:34:28 - msg_id_0002 ==> 7E00020000660000000002E4E4667E
2026-03-30 04:34:32 - msg_id_0002 ==> 7E00020000660000000002E4E6647E
2026-03-30 04:34:35 - msg_id_0002 ==> 7E00020000660000000002E4E7657E
2026-03-30 04:34:38 - msg_id_0002 ==> 7E00020000660000000002E4E86A7E
2026-03-30 04:34:41 - msg_id_0002 ==> 7E00020000660000000002E4E96B7E
2026-03-30 04:34:44 - msg_id_0002 ==> 7E00020000660000000002E4EA687E
2026-03-30 04:34:47 - msg_id_0002 ==> 7E00020000660000000002E4EB697E
2026-03-30 04:34:50 - msg_id_0002 ==> 7E00020000660000000002E4EC6E7E
2026-03-30 04:34:53 - msg_id_0002 ==> 7E00020000660000000002E4ED6F7E
2026-03-30 04:34:56 - msg_id_0002 ==> 7E00020000660000000002E4EE6C7E
2026-03-30 04:34:59 - msg_id_0002 ==> 7E00020000660000000002E4EF6D7E
2026-03-30 04:35:03 - msg_id_0002 ==> 7E00020000660000000002E4F1737E
2026-03-30 04:35:06 - msg_id_0002 ==> 7E00020000660000000002E4F2707E
2026-03-30 04:35:09 - msg_id_0002 ==> 7E00020000660000000002E4F3717E
2026-03-30 04:35:12 - msg_id_0002 ==> 7E00020000660000000002E4F4767E
2026-03-30 04:35:15 - msg_id_0002 ==> 7E00020000660000000002E4F5777E
2026-03-30 04:35:18 - msg_id_0002 ==> 7E00020000660000000002E4F6747E
2026-03-30 04:35:21 - msg_id_0002 ==> 7E00020000660000000002E4F7757E
2026-03-30 04:35:24 - msg_id_0002 ==> 7E00020000660000000002E4F87A7E
2026-03-30 04:35:27 - msg_id_0002 ==> 7E00020000660000000002E4F97B7E
2026-03-30 04:35:30 - msg_id_0002 ==> 7E00020000660000000002E4FA787E
2026-03-30 04:35:34 - msg_id_0002 ==> 7E00020000660000000002E4FC7D027E
2026-03-30 04:35:37 - msg_id_0002 ==> 7E00020000660000000002E4FD7F7E
2026-03-30 04:35:40 - msg_id_0002 ==> 7E00020000660000000002E4FE7C7E
2026-03-30 04:35:43 - msg_id_0002 ==> 7E00020000660000000002E4FF7D017E
2026-03-30 04:35:46 - msg_id_0002 ==> 7E00020000660000000002E500837E
2026-03-30 04:35:49 - msg_id_0002 ==> 7E00020000660000000002E501827E
2026-03-30 04:35:52 - msg_id_0002 ==> 7E00020000660000000002E502817E
2026-03-30 04:35:55 - msg_id_0002 ==> 7E00020000660000000002E503807E
2026-03-30 04:35:58 - msg_id_0002 ==> 7E00020000660000000002E504877E
2026-03-30 04:36:01 - msg_id_0002 ==> 7E00020000660000000002E505867E
2026-03-30 04:36:05 - msg_id_0002 ==> 7E00020000660000000002E507847E
2026-03-30 04:36:08 - msg_id_0002 ==> 7E00020000660000000002E5088B7E
2026-03-30 04:36:11 - msg_id_0002 ==> 7E00020000660000000002E5098A7E
2026-03-30 04:36:14 - msg_id_0002 ==> 7E00020000660000000002E50A897E
2026-03-30 04:36:17 - msg_id_0002 ==> 7E00020000660000000002E50B887E
2026-03-30 04:36:20 - msg_id_0002 ==> 7E00020000660000000002E50C8F7E
2026-03-30 04:36:23 - msg_id_0002 ==> 7E00020000660000000002E50D8E7E
2026-03-30 04:36:26 - msg_id_0002 ==> 7E00020000660000000002E50E8D7E
2026-03-30 04:36:29 - msg_id_0002 ==> 7E00020000660000000002E50F8C7E
2026-03-30 04:36:32 - msg_id_0002 ==> 7E00020000660000000002E510937E
2026-03-30 04:36:36 - msg_id_0002 ==> 7E00020000660000000002E512917E
2026-03-30 04:36:39 - msg_id_0002 ==> 7E00020000660000000002E513907E
2026-03-30 04:36:42 - msg_id_0002 ==> 7E00020000660000000002E514977E
2026-03-30 04:36:45 - msg_id_0002 ==> 7E00020000660000000002E515967E
2026-03-30 04:36:48 - msg_id_0002 ==> 7E00020000660000000002E516957E
2026-03-30 04:36:51 - msg_id_0002 ==> 7E00020000660000000002E517947E
2026-03-30 04:36:54 - msg_id_0002 ==> 7E00020000660000000002E5189B7E
2026-03-30 04:36:57 - msg_id_0002 ==> 7E00020000660000000002E5199A7E
2026-03-30 04:37:00 - msg_id_0002 ==> 7E00020000660000000002E51A997E
2026-03-30 04:37:03 - msg_id_0002 ==> 7E00020000660000000002E51B987E
2026-03-30 04:37:07 - msg_id_0002 ==> 7E00020000660000000002E51D9E7E
2026-03-30 04:37:10 - msg_id_0002 ==> 7E00020000660000000002E51E9D7E
2026-03-30 04:37:13 - msg_id_0002 ==> 7E00020000660000000002E51F9C7E
2026-03-30 04:37:16 - msg_id_0002 ==> 7E00020000660000000002E520A37E
2026-03-30 04:37:19 - msg_id_0002 ==> 7E00020000660000000002E521A27E
2026-03-30 04:37:22 - msg_id_0002 ==> 7E00020000660000000002E522A17E
2026-03-30 04:37:25 - msg_id_0002 ==> 7E00020000660000000002E523A07E
2026-03-30 04:37:28 - msg_id_0002 ==> 7E00020000660000000002E524A77E
2026-03-30 04:37:31 - msg_id_0002 ==> 7E00020000660000000002E525A67E
2026-03-30 04:37:34 - msg_id_0002 ==> 7E00020000660000000002E526A57E
2026-03-30 04:37:38 - msg_id_0002 ==> 7E00020000660000000002E528AB7E
2026-03-30 04:37:41 - msg_id_0002 ==> 7E00020000660000000002E529AA7E
2026-03-30 04:37:44 - msg_id_0002 ==> 7E00020000660000000002E52AA97E
2026-03-30 04:37:47 - msg_id_0002 ==> 7E00020000660000000002E52BA87E
2026-03-30 04:37:50 - msg_id_0002 ==> 7E00020000660000000002E52CAF7E
2026-03-30 04:37:53 - msg_id_0002 ==> 7E00020000660000000002E52DAE7E
2026-03-30 04:37:56 - msg_id_0002 ==> 7E00020000660000000002E52EAD7E
2026-03-30 04:37:59 - msg_id_0002 ==> 7E00020000660000000002E52FAC7E
2026-03-30 04:38:02 - msg_id_0002 ==> 7E00020000660000000002E530B37E
2026-03-30 04:38:05 - msg_id_0002 ==> 7E00020000660000000002E531B27E
2026-03-30 04:38:09 - msg_id_0002 ==> 7E00020000660000000002E533B07E
2026-03-30 04:38:12 - msg_id_0002 ==> 7E00020000660000000002E534B77E
2026-03-30 04:38:15 - msg_id_0002 ==> 7E00020000660000000002E535B67E
2026-03-30 04:38:18 - msg_id_0002 ==> 7E00020000660000000002E536B57E
2026-03-30 04:38:21 - msg_id_0002 ==> 7E00020000660000000002E537B47E
2026-03-30 04:38:24 - msg_id_0002 ==> 7E00020000660000000002E538BB7E
2026-03-30 04:38:27 - msg_id_0002 ==> 7E00020000660000000002E539BA7E
2026-03-30 04:38:30 - msg_id_0002 ==> 7E00020000660000000002E53AB97E
2026-03-30 04:38:33 - msg_id_0002 ==> 7E00020000660000000002E53BB87E
2026-03-30 04:38:36 - msg_id_0002 ==> 7E00020000660000000002E53CBF7E
2026-03-30 04:38:40 - msg_id_0002 ==> 7E00020000660000000002E53EBD7E
2026-03-30 04:38:43 - msg_id_0002 ==> 7E00020000660000000002E53FBC7E
2026-03-30 04:38:46 - msg_id_0002 ==> 7E00020000660000000002E540C37E
2026-03-30 04:38:49 - msg_id_0002 ==> 7E00020000660000000002E541C27E
2026-03-30 04:38:52 - msg_id_0002 ==> 7E00020000660000000002E542C17E
2026-03-30 04:38:55 - msg_id_0002 ==> 7E00020000660000000002E543C07E
2026-03-30 04:38:58 - msg_id_0002 ==> 7E00020000660000000002E544C77E
2026-03-30 04:39:01 - msg_id_0002 ==> 7E00020000660000000002E545C67E
2026-03-30 04:39:04 - msg_id_0002 ==> 7E00020000660000000002E546C57E
2026-03-30 04:39:07 - msg_id_0002 ==> 7E00020000660000000002E547C47E
2026-03-30 04:39:11 - msg_id_0002 ==> 7E00020000660000000002E549CA7E
2026-03-30 04:39:14 - msg_id_0002 ==> 7E00020000660000000002E54AC97E
2026-03-30 04:39:17 - msg_id_0002 ==> 7E00020000660000000002E54BC87E
2026-03-30 04:39:20 - msg_id_0002 ==> 7E00020000660000000002E54CCF7E
2026-03-30 04:39:23 - msg_id_0002 ==> 7E00020000660000000002E54DCE7E
2026-03-30 04:39:26 - msg_id_0002 ==> 7E00020000660000000002E54ECD7E
2026-03-30 04:39:29 - msg_id_0002 ==> 7E00020000660000000002E54FCC7E
2026-03-30 04:39:32 - msg_id_0002 ==> 7E00020000660000000002E550D37E
2026-03-30 04:39:35 - msg_id_0002 ==> 7E00020000660000000002E551D27E
2026-03-30 04:39:38 - msg_id_0002 ==> 7E00020000660000000002E552D17E
2026-03-30 04:39:42 - msg_id_0002 ==> 7E00020000660000000002E554D77E
2026-03-30 04:39:45 - msg_id_0002 ==> 7E00020000660000000002E555D67E
2026-03-30 04:39:48 - msg_id_0002 ==> 7E00020000660000000002E556D57E
2026-03-30 04:39:51 - msg_id_0002 ==> 7E00020000660000000002E557D47E
2026-03-30 04:39:54 - msg_id_0002 ==> 7E00020000660000000002E558DB7E
2026-03-30 04:39:57 - msg_id_0002 ==> 7E00020000660000000002E559DA7E
2026-03-30 04:40:00 - msg_id_0002 ==> 7E00020000660000000002E55AD97E
2026-03-30 04:40:03 - msg_id_0002 ==> 7E00020000660000000002E55BD87E
2026-03-30 04:40:06 - msg_id_0002 ==> 7E00020000660000000002E55CDF7E
2026-03-30 04:40:09 - msg_id_0002 ==> 7E00020000660000000002E55DDE7E
2026-03-30 04:40:13 - msg_id_0002 ==> 7E00020000660000000002E55FDC7E
2026-03-30 04:40:16 - msg_id_0002 ==> 7E00020000660000000002E560E37E
2026-03-30 04:40:19 - msg_id_0002 ==> 7E00020000660000000002E561E27E
2026-03-30 04:40:22 - msg_id_0002 ==> 7E00020000660000000002E562E17E
2026-03-30 04:40:25 - msg_id_0002 ==> 7E00020000660000000002E563E07E
2026-03-30 04:40:28 - msg_id_0002 ==> 7E00020000660000000002E564E77E
2026-03-30 04:40:31 - msg_id_0002 ==> 7E00020000660000000002E565E67E
2026-03-30 04:40:34 - msg_id_0002 ==> 7E00020000660000000002E566E57E
2026-03-30 04:40:37 - msg_id_0002 ==> 7E00020000660000000002E567E47E
2026-03-30 04:40:40 - msg_id_0002 ==> 7E00020000660000000002E568EB7E
2026-03-30 04:40:44 - msg_id_0002 ==> 7E00020000660000000002E56AE97E
2026-03-30 04:40:47 - msg_id_0002 ==> 7E00020000660000000002E56BE87E
2026-03-30 04:40:50 - msg_id_0002 ==> 7E00020000660000000002E56CEF7E
2026-03-30 04:40:53 - msg_id_0002 ==> 7E00020000660000000002E56DEE7E
2026-03-30 04:40:56 - msg_id_0002 ==> 7E00020000660000000002E56EED7E
2026-03-30 04:40:59 - msg_id_0002 ==> 7E00020000660000000002E56FEC7E
2026-03-30 04:41:02 - msg_id_0002 ==> 7E00020000660000000002E570F37E
2026-03-30 04:41:05 - msg_id_0002 ==> 7E00020000660000000002E571F27E
2026-03-30 04:41:08 - msg_id_0002 ==> 7E00020000660000000002E572F17E
2026-03-30 04:41:12 - msg_id_0002 ==> 7E00020000660000000002E573F07E
2026-03-30 04:41:15 - msg_id_0002 ==> 7E00020000660000000002E575F67E
2026-03-30 04:41:18 - msg_id_0002 ==> 7E00020000660000000002E576F57E
2026-03-30 04:41:21 - msg_id_0002 ==> 7E00020000660000000002E577F47E
2026-03-30 04:41:24 - msg_id_0002 ==> 7E00020000660000000002E578FB7E
2026-03-30 04:41:27 - msg_id_0002 ==> 7E00020000660000000002E579FA7E
2026-03-30 04:41:30 - msg_id_0002 ==> 7E00020000660000000002E57AF97E
2026-03-30 04:41:33 - msg_id_0002 ==> 7E00020000660000000002E57BF87E
2026-03-30 04:41:36 - msg_id_0002 ==> 7E00020000660000000002E57CFF7E
2026-03-30 04:41:39 - msg_id_0002 ==> 7E00020000660000000002E57D01FE7E
2026-03-30 04:41:42 - msg_id_0002 ==> 7E00020000660000000002E57D02FD7E
2026-03-30 04:41:50 - msg_id_0002 ==> 7E00020000660000000002E583007E
2026-03-30 04:41:53 - msg_id_0002 ==> 7E00020000660000000002E584077E
2026-03-30 04:41:56 - msg_id_0002 ==> 7E00020000660000000002E585067E
2026-03-30 04:41:59 - msg_id_0002 ==> 7E00020000660000000002E586057E
2026-03-30 04:42:02 - msg_id_0002 ==> 7E00020000660000000002E587047E
2026-03-30 04:42:05 - msg_id_0002 ==> 7E00020000660000000002E5880B7E
2026-03-30 04:42:09 - msg_id_0002 ==> 7E00020000660000000002E5890A7E
2026-03-30 04:42:12 - msg_id_0002 ==> 7E00020000660000000002E58A097E
2026-03-30 04:42:15 - msg_id_0002 ==> 7E00020000660000000002E58B087E
2026-03-30 04:42:18 - msg_id_0002 ==> 7E00020000660000000002E58C0F7E
2026-03-30 04:42:21 - msg_id_0002 ==> 7E00020000660000000002E58E0D7E
2026-03-30 04:42:24 - msg_id_0002 ==> 7E00020000660000000002E58F0C7E
2026-03-30 04:42:27 - msg_id_0002 ==> 7E00020000660000000002E590137E
2026-03-30 04:42:30 - msg_id_0002 ==> 7E00020000660000000002E591127E
2026-03-30 04:42:33 - msg_id_0002 ==> 7E00020000660000000002E592117E
2026-03-30 04:42:37 - msg_id_0002 ==> 7E00020000660000000002E593107E
2026-03-30 04:42:40 - msg_id_0002 ==> 7E00020000660000000002E594177E
2026-03-30 04:42:43 - msg_id_0002 ==> 7E00020000660000000002E595167E
2026-03-30 04:42:46 - msg_id_0002 ==> 7E00020000660000000002E596157E
2026-03-30 04:42:49 - msg_id_0002 ==> 7E00020000660000000002E597147E
2026-03-30 04:42:52 - msg_id_0002 ==> 7E00020000660000000002E5991A7E
2026-03-30 04:42:55 - msg_id_0002 ==> 7E00020000660000000002E59A197E
2026-03-30 04:42:58 - msg_id_0002 ==> 7E00020000660000000002E59B187E
2026-03-30 04:43:01 - msg_id_0002 ==> 7E00020000660000000002E59C1F7E
2026-03-30 04:43:04 - msg_id_0002 ==> 7E00020000660000000002E59D1E7E
2026-03-30 04:43:08 - msg_id_0002 ==> 7E00020000660000000002E59E1D7E
2026-03-30 04:43:11 - msg_id_0002 ==> 7E00020000660000000002E59F1C7E
2026-03-30 04:43:14 - msg_id_0002 ==> 7E00020000660000000002E5A0237E
2026-03-30 04:43:17 - msg_id_0002 ==> 7E00020000660000000002E5A1227E
2026-03-30 04:43:20 - msg_id_0002 ==> 7E00020000660000000002E5A2217E
2026-03-30 04:43:23 - msg_id_0002 ==> 7E00020000660000000002E5A4277E
2026-03-30 04:43:26 - msg_id_0002 ==> 7E00020000660000000002E5A5267E
2026-03-30 04:43:29 - msg_id_0002 ==> 7E00020000660000000002E5A6257E
2026-03-30 04:43:32 - msg_id_0002 ==> 7E00020000660000000002E5A7247E
2026-03-30 04:43:35 - msg_id_0002 ==> 7E00020000660000000002E5A82B7E
2026-03-30 04:43:39 - msg_id_0002 ==> 7E00020000660000000002E5A92A7E
2026-03-30 04:43:42 - msg_id_0002 ==> 7E00020000660000000002E5AA297E
2026-03-30 04:43:45 - msg_id_0002 ==> 7E00020000660000000002E5AB287E
2026-03-30 04:43:48 - msg_id_0002 ==> 7E00020000660000000002E5AC2F7E
2026-03-30 04:43:51 - msg_id_0002 ==> 7E00020000660000000002E5AD2E7E
2026-03-30 04:43:54 - msg_id_0002 ==> 7E00020000660000000002E5AF2C7E
2026-03-30 04:43:57 - msg_id_0002 ==> 7E00020000660000000002E5B0337E
2026-03-30 04:44:00 - msg_id_0002 ==> 7E00020000660000000002E5B1327E
2026-03-30 04:44:03 - msg_id_0002 ==> 7E00020000660000000002E5B2317E
2026-03-30 04:44:06 - msg_id_0002 ==> 7E00020000660000000002E5B3307E
2026-03-30 04:44:10 - msg_id_0002 ==> 7E00020000660000000002E5B4377E
2026-03-30 04:44:13 - msg_id_0002 ==> 7E00020000660000000002E5B5367E
2026-03-30 04:44:16 - msg_id_0002 ==> 7E00020000660000000002E5B6357E
2026-03-30 04:44:19 - msg_id_0002 ==> 7E00020000660000000002E5B7347E
2026-03-30 04:44:22 - msg_id_0002 ==> 7E00020000660000000002E5B83B7E
2026-03-30 04:44:25 - msg_id_0002 ==> 7E00020000660000000002E5BA397E
2026-03-30 04:44:28 - msg_id_0002 ==> 7E00020000660000000002E5BB387E
2026-03-30 04:44:31 - msg_id_0002 ==> 7E00020000660000000002E5BC3F7E
2026-03-30 04:44:34 - msg_id_0002 ==> 7E00020000660000000002E5BD3E7E
2026-03-30 04:44:37 - msg_id_0002 ==> 7E00020000660000000002E5BE3D7E
2026-03-30 04:44:41 - msg_id_0002 ==> 7E00020000660000000002E5BF3C7E
2026-03-30 04:44:44 - msg_id_0002 ==> 7E00020000660000000002E5C0437E
2026-03-30 04:44:47 - msg_id_0002 ==> 7E00020000660000000002E5C1427E
2026-03-30 04:44:50 - msg_id_0002 ==> 7E00020000660000000002E5C2417E
2026-03-30 04:44:53 - msg_id_0002 ==> 7E00020000660000000002E5C3407E
2026-03-30 04:44:56 - msg_id_0002 ==> 7E00020000660000000002E5C5467E
2026-03-30 04:44:59 - msg_id_0002 ==> 7E00020000660000000002E5C6457E
2026-03-30 04:45:02 - msg_id_0002 ==> 7E00020000660000000002E5C7447E
2026-03-30 04:45:05 - msg_id_0002 ==> 7E00020000660000000002E5C84B7E
2026-03-30 04:45:08 - msg_id_0002 ==> 7E00020000660000000002E5C94A7E
2026-03-30 04:45:12 - msg_id_0002 ==> 7E00020000660000000002E5CA497E
2026-03-30 04:45:15 - msg_id_0002 ==> 7E00020000660000000002E5CB487E
2026-03-30 04:45:18 - msg_id_0002 ==> 7E00020000660000000002E5CC4F7E
2026-03-30 04:45:21 - msg_id_0002 ==> 7E00020000660000000002E5CD4E7E
2026-03-30 04:45:24 - msg_id_0002 ==> 7E00020000660000000002E5CE4D7E
2026-03-30 04:45:27 - msg_id_0002 ==> 7E00020000660000000002E5D0537E
2026-03-30 04:45:30 - msg_id_0002 ==> 7E00020000660000000002E5D1527E
2026-03-30 04:45:33 - msg_id_0002 ==> 7E00020000660000000002E5D2517E
2026-03-30 04:45:36 - msg_id_0002 ==> 7E00020000660000000002E5D3507E
2026-03-30 04:45:39 - msg_id_0002 ==> 7E00020000660000000002E5D4577E
2026-03-30 04:45:43 - msg_id_0002 ==> 7E00020000660000000002E5D5567E
2026-03-30 04:45:46 - msg_id_0002 ==> 7E00020000660000000002E5D6557E
2026-03-30 04:45:49 - msg_id_0002 ==> 7E00020000660000000002E5D7547E
2026-03-30 04:45:52 - msg_id_0002 ==> 7E00020000660000000002E5D85B7E
2026-03-30 04:45:55 - msg_id_0002 ==> 7E00020000660000000002E5D95A7E
2026-03-30 04:45:58 - msg_id_0002 ==> 7E00020000660000000002E5DB587E
2026-03-30 04:46:01 - msg_id_0002 ==> 7E00020000660000000002E5DC5F7E
2026-03-30 04:46:04 - msg_id_0002 ==> 7E00020000660000000002E5DD5E7E
2026-03-30 04:46:07 - msg_id_0002 ==> 7E00020000660000000002E5DE5D7E
2026-03-30 04:46:10 - msg_id_0002 ==> 7E00020000660000000002E5DF5C7E
2026-03-30 04:46:14 - msg_id_0002 ==> 7E00020000660000000002E5E0637E
2026-03-30 04:46:17 - msg_id_0002 ==> 7E00020000660000000002E5E1627E
2026-03-30 04:46:20 - msg_id_0002 ==> 7E00020000660000000002E5E2617E
2026-03-30 04:46:23 - msg_id_0002 ==> 7E00020000660000000002E5E3607E
2026-03-30 04:46:26 - msg_id_0002 ==> 7E00020000660000000002E5E4677E
2026-03-30 04:46:29 - msg_id_0002 ==> 7E00020000660000000002E5E6657E
2026-03-30 04:46:32 - msg_id_0002 ==> 7E00020000660000000002E5E7647E
2026-03-30 04:46:35 - msg_id_0002 ==> 7E00020000660000000002E5E86B7E
2026-03-30 04:46:38 - msg_id_0002 ==> 7E00020000660000000002E5E96A7E
2026-03-30 04:46:41 - msg_id_0002 ==> 7E00020000660000000002E5EA697E
2026-03-30 04:46:45 - msg_id_0002 ==> 7E00020000660000000002E5EB687E
2026-03-30 04:46:48 - msg_id_0002 ==> 7E00020000660000000002E5EC6F7E
2026-03-30 04:46:51 - msg_id_0002 ==> 7E00020000660000000002E5ED6E7E
2026-03-30 04:46:54 - msg_id_0002 ==> 7E00020000660000000002E5EE6D7E
2026-03-30 04:46:57 - msg_id_0002 ==> 7E00020000660000000002E5EF6C7E
2026-03-30 04:47:00 - msg_id_0002 ==> 7E00020000660000000002E5F1727E
2026-03-30 04:47:03 - msg_id_0002 ==> 7E00020000660000000002E5F2717E
2026-03-30 04:47:06 - msg_id_0002 ==> 7E00020000660000000002E5F3707E
2026-03-30 04:47:09 - msg_id_0002 ==> 7E00020000660000000002E5F4777E
2026-03-30 04:47:12 - msg_id_0002 ==> 7E00020000660000000002E5F5767E
2026-03-30 04:47:16 - msg_id_0002 ==> 7E00020000660000000002E5F6757E
2026-03-30 04:47:19 - msg_id_0002 ==> 7E00020000660000000002E5F7747E
2026-03-30 04:47:22 - msg_id_0002 ==> 7E00020000660000000002E5F87B7E
2026-03-30 04:47:25 - msg_id_0002 ==> 7E00020000660000000002E5F97A7E
2026-03-30 04:47:28 - msg_id_0002 ==> 7E00020000660000000002E5FA797E
2026-03-30 04:47:31 - msg_id_0002 ==> 7E00020000660000000002E5FC7F7E
2026-03-30 04:47:34 - msg_id_0002 ==> 7E00020000660000000002E5FD7D027E
2026-03-30 04:47:37 - msg_id_0002 ==> 7E00020000660000000002E5FE7D017E
2026-03-30 04:47:40 - msg_id_0002 ==> 7E00020000660000000002E5FF7C7E
2026-03-30 04:47:43 - msg_id_0002 ==> 7E00020000660000000002E600807E
2026-03-30 04:47:47 - msg_id_0002 ==> 7E00020000660000000002E601817E
2026-03-30 04:47:50 - msg_id_0002 ==> 7E00020000660000000002E602827E
2026-03-30 04:47:53 - msg_id_0002 ==> 7E00020000660000000002E603837E
2026-03-30 04:47:56 - msg_id_0002 ==> 7E00020000660000000002E604847E
2026-03-30 04:47:59 - msg_id_0002 ==> 7E00020000660000000002E605857E
2026-03-30 04:48:02 - msg_id_0002 ==> 7E00020000660000000002E607877E
2026-03-30 04:48:05 - msg_id_0002 ==> 7E00020000660000000002E608887E
2026-03-30 04:48:08 - msg_id_0002 ==> 7E00020000660000000002E609897E
2026-03-30 04:48:11 - msg_id_0002 ==> 7E00020000660000000002E60A8A7E
2026-03-30 04:48:14 - msg_id_0002 ==> 7E00020000660000000002E60B8B7E
2026-03-30 04:48:18 - msg_id_0002 ==> 7E00020000660000000002E60C8C7E
2026-03-30 04:48:21 - msg_id_0002 ==> 7E00020000660000000002E60D8D7E
2026-03-30 04:48:24 - msg_id_0002 ==> 7E00020000660000000002E60E8E7E
2026-03-30 04:48:27 - msg_id_0002 ==> 7E00020000660000000002E60F8F7E
2026-03-30 04:48:30 - msg_id_0002 ==> 7E00020000660000000002E610907E
2026-03-30 04:48:33 - msg_id_0002 ==> 7E00020000660000000002E612927E
2026-03-30 04:48:36 - msg_id_0002 ==> 7E00020000660000000002E613937E
2026-03-30 04:48:39 - msg_id_0002 ==> 7E00020000660000000002E614947E
2026-03-30 04:48:42 - msg_id_0002 ==> 7E00020000660000000002E615957E
2026-03-30 04:48:45 - msg_id_0002 ==> 7E00020000660000000002E616967E
2026-03-30 04:48:49 - msg_id_0002 ==> 7E00020000660000000002E617977E
2026-03-30 04:48:52 - msg_id_0002 ==> 7E00020000660000000002E618987E
2026-03-30 04:48:55 - msg_id_0002 ==> 7E00020000660000000002E619997E
2026-03-30 04:48:58 - msg_id_0002 ==> 7E00020000660000000002E61A9A7E
2026-03-30 04:49:01 - msg_id_0002 ==> 7E00020000660000000002E61B9B7E
2026-03-30 04:49:04 - msg_id_0002 ==> 7E00020000660000000002E61D9D7E
2026-03-30 04:49:07 - msg_id_0002 ==> 7E00020000660000000002E61E9E7E
2026-03-30 04:49:10 - msg_id_0002 ==> 7E00020000660000000002E61F9F7E
2026-03-30 04:49:13 - msg_id_0002 ==> 7E00020000660000000002E620A07E
2026-03-30 04:49:16 - msg_id_0002 ==> 7E00020000660000000002E621A17E
2026-03-30 04:49:20 - msg_id_0002 ==> 7E00020000660000000002E622A27E
2026-03-30 04:49:23 - msg_id_0002 ==> 7E00020000660000000002E623A37E
2026-03-30 04:49:26 - msg_id_0002 ==> 7E00020000660000000002E624A47E
2026-03-30 04:49:29 - msg_id_0002 ==> 7E00020000660000000002E625A57E
2026-03-30 04:49:32 - msg_id_0002 ==> 7E00020000660000000002E626A67E
2026-03-30 04:49:35 - msg_id_0002 ==> 7E00020000660000000002E628A87E
2026-03-30 04:49:38 - msg_id_0002 ==> 7E00020000660000000002E629A97E
2026-03-30 04:49:41 - msg_id_0002 ==> 7E00020000660000000002E62AAA7E
2026-03-30 04:49:44 - msg_id_0002 ==> 7E00020000660000000002E62BAB7E
2026-03-30 04:49:47 - msg_id_0002 ==> 7E00020000660000000002E62CAC7E
2026-03-30 04:49:51 - msg_id_0002 ==> 7E00020000660000000002E62DAD7E
2026-03-30 04:49:54 - msg_id_0002 ==> 7E00020000660000000002E62EAE7E
2026-03-30 04:49:57 - msg_id_0002 ==> 7E00020000660000000002E62FAF7E
2026-03-30 04:50:00 - msg_id_0002 ==> 7E00020000660000000002E630B07E
2026-03-30 04:50:03 - msg_id_0002 ==> 7E00020000660000000002E631B17E
2026-03-30 04:50:06 - msg_id_0002 ==> 7E00020000660000000002E633B37E
2026-03-30 04:50:09 - msg_id_0002 ==> 7E00020000660000000002E634B47E
2026-03-30 04:50:12 - msg_id_0002 ==> 7E00020000660000000002E635B57E
2026-03-30 04:50:15 - msg_id_0002 ==> 7E00020000660000000002E636B67E
2026-03-30 04:50:18 - msg_id_0002 ==> 7E00020000660000000002E637B77E
2026-03-30 04:50:22 - msg_id_0002 ==> 7E00020000660000000002E638B87E
2026-03-30 04:50:25 - msg_id_0002 ==> 7E00020000660000000002E639B97E
2026-03-30 04:50:28 - msg_id_0002 ==> 7E00020000660000000002E63ABA7E
2026-03-30 04:50:31 - msg_id_0002 ==> 7E00020000660000000002E63BBB7E
2026-03-30 04:50:34 - msg_id_0002 ==> 7E00020000660000000002E63CBC7E
2026-03-30 04:50:37 - msg_id_0002 ==> 7E00020000660000000002E63EBE7E
2026-03-30 04:50:40 - msg_id_0002 ==> 7E00020000660000000002E63FBF7E
2026-03-30 04:50:43 - msg_id_0002 ==> 7E00020000660000000002E640C07E
2026-03-30 04:50:46 - msg_id_0002 ==> 7E00020000660000000002E641C17E
2026-03-30 04:50:49 - msg_id_0002 ==> 7E00020000660000000002E642C27E
2026-03-30 04:50:53 - msg_id_0002 ==> 7E00020000660000000002E643C37E
2026-03-30 04:50:56 - msg_id_0002 ==> 7E00020000660000000002E644C47E
2026-03-30 04:50:59 - msg_id_0002 ==> 7E00020000660000000002E645C57E
2026-03-30 04:51:02 - msg_id_0002 ==> 7E00020000660000000002E646C67E
2026-03-30 04:51:05 - msg_id_0002 ==> 7E00020000660000000002E647C77E
2026-03-30 04:51:08 - msg_id_0002 ==> 7E00020000660000000002E649C97E
2026-03-30 04:51:11 - msg_id_0002 ==> 7E00020000660000000002E64ACA7E
2026-03-30 04:51:14 - msg_id_0002 ==> 7E00020000660000000002E64BCB7E
2026-03-30 04:51:17 - msg_id_0002 ==> 7E00020000660000000002E64CCC7E
2026-03-30 04:51:20 - msg_id_0002 ==> 7E00020000660000000002E64DCD7E
2026-03-30 04:51:24 - msg_id_0002 ==> 7E00020000660000000002E64ECE7E
2026-03-30 04:51:27 - msg_id_0002 ==> 7E00020000660000000002E64FCF7E
2026-03-30 04:51:30 - msg_id_0002 ==> 7E00020000660000000002E650D07E
2026-03-30 04:51:33 - msg_id_0002 ==> 7E00020000660000000002E651D17E
2026-03-30 04:51:36 - msg_id_0002 ==> 7E00020000660000000002E652D27E
2026-03-30 04:51:39 - msg_id_0002 ==> 7E00020000660000000002E654D47E
2026-03-30 04:51:42 - msg_id_0002 ==> 7E00020000660000000002E655D57E
2026-03-30 04:51:45 - msg_id_0002 ==> 7E00020000660000000002E656D67E
2026-03-30 04:51:48 - msg_id_0002 ==> 7E00020000660000000002E657D77E
2026-03-30 04:51:51 - msg_id_0002 ==> 7E00020000660000000002E658D87E
2026-03-30 04:51:55 - msg_id_0002 ==> 7E00020000660000000002E659D97E
2026-03-30 04:51:58 - msg_id_0002 ==> 7E00020000660000000002E65ADA7E
2026-03-30 04:52:01 - msg_id_0002 ==> 7E00020000660000000002E65BDB7E
2026-03-30 04:52:04 - msg_id_0002 ==> 7E00020000660000000002E65CDC7E
2026-03-30 04:52:07 - msg_id_0002 ==> 7E00020000660000000002E65DDD7E
2026-03-30 04:52:10 - msg_id_0002 ==> 7E00020000660000000002E65FDF7E
2026-03-30 04:52:13 - msg_id_0002 ==> 7E00020000660000000002E660E07E
2026-03-30 04:52:16 - msg_id_0002 ==> 7E00020000660000000002E661E17E
2026-03-30 04:52:19 - msg_id_0002 ==> 7E00020000660000000002E662E27E
2026-03-30 04:52:22 - msg_id_0002 ==> 7E00020000660000000002E663E37E
2026-03-30 04:52:26 - msg_id_0002 ==> 7E00020000660000000002E664E47E
2026-03-30 04:52:29 - msg_id_0002 ==> 7E00020000660000000002E665E57E
2026-03-30 04:52:32 - msg_id_0002 ==> 7E00020000660000000002E666E67E
2026-03-30 04:52:35 - msg_id_0002 ==> 7E00020000660000000002E667E77E
2026-03-30 04:52:38 - msg_id_0002 ==> 7E00020000660000000002E668E87E
2026-03-30 04:52:41 - msg_id_0002 ==> 7E00020000660000000002E66AEA7E
2026-03-30 04:52:44 - msg_id_0002 ==> 7E00020000660000000002E66BEB7E
2026-03-30 04:52:47 - msg_id_0002 ==> 7E00020000660000000002E66CEC7E
2026-03-30 04:52:50 - msg_id_0002 ==> 7E00020000660000000002E66DED7E
2026-03-30 04:52:53 - msg_id_0002 ==> 7E00020000660000000002E66EEE7E
2026-03-30 04:52:57 - msg_id_0002 ==> 7E00020000660000000002E66FEF7E
2026-03-30 04:53:00 - msg_id_0002 ==> 7E00020000660000000002E670F07E
2026-03-30 04:53:03 - msg_id_0002 ==> 7E00020000660000000002E671F17E
2026-03-30 04:53:06 - msg_id_0002 ==> 7E00020000660000000002E672F27E
2026-03-30 04:53:09 - msg_id_0002 ==> 7E00020000660000000002E673F37E
2026-03-30 04:53:12 - msg_id_0002 ==> 7E00020000660000000002E675F57E
2026-03-30 04:53:15 - msg_id_0002 ==> 7E00020000660000000002E676F67E
2026-03-30 04:53:18 - msg_id_0002 ==> 7E00020000660000000002E677F77E
2026-03-30 04:53:21 - msg_id_0002 ==> 7E00020000660000000002E678F87E
2026-03-30 04:53:24 - msg_id_0002 ==> 7E00020000660000000002E679F97E
2026-03-30 04:53:28 - msg_id_0002 ==> 7E00020000660000000002E67AFA7E
2026-03-30 04:53:31 - msg_id_0002 ==> 7E00020000660000000002E67BFB7E
2026-03-30 04:53:34 - msg_id_0002 ==> 7E00020000660000000002E67CFC7E
2026-03-30 04:53:37 - msg_id_0002 ==> 7E00020000660000000002E67D01FD7E
2026-03-30 04:53:40 - msg_id_0002 ==> 7E00020000660000000002E67D02FE7E
2026-03-30 04:53:48 - msg_id_0002 ==> 7E00020000660000000002E683037E
2026-03-30 04:53:51 - msg_id_0002 ==> 7E00020000660000000002E684047E
2026-03-30 04:53:54 - msg_id_0002 ==> 7E00020000660000000002E685057E
2026-03-30 04:53:57 - msg_id_0002 ==> 7E00020000660000000002E686067E
2026-03-30 04:54:00 - msg_id_0002 ==> 7E00020000660000000002E687077E
2026-03-30 04:54:03 - msg_id_0002 ==> 7E00020000660000000002E688087E
2026-03-30 04:54:06 - msg_id_0002 ==> 7E00020000660000000002E689097E
2026-03-30 04:54:09 - msg_id_0002 ==> 7E00020000660000000002E68A0A7E
2026-03-30 04:54:12 - msg_id_0002 ==> 7E00020000660000000002E68B0B7E
2026-03-30 04:54:15 - msg_id_0002 ==> 7E00020000660000000002E68C0C7E
2026-03-30 04:54:19 - msg_id_0002 ==> 7E00020000660000000002E68E0E7E
2026-03-30 04:54:22 - msg_id_0002 ==> 7E00020000660000000002E68F0F7E
2026-03-30 04:54:25 - msg_id_0002 ==> 7E00020000660000000002E690107E
2026-03-30 04:54:28 - msg_id_0002 ==> 7E00020000660000000002E691117E
2026-03-30 04:54:31 - msg_id_0002 ==> 7E00020000660000000002E692127E
2026-03-30 04:54:34 - msg_id_0002 ==> 7E00020000660000000002E693137E
2026-03-30 04:54:37 - msg_id_0002 ==> 7E00020000660000000002E694147E
2026-03-30 04:54:40 - msg_id_0002 ==> 7E00020000660000000002E695157E
2026-03-30 04:54:43 - msg_id_0002 ==> 7E00020000660000000002E696167E
2026-03-30 04:54:46 - msg_id_0002 ==> 7E00020000660000000002E697177E
2026-03-30 04:54:50 - msg_id_0002 ==> 7E00020000660000000002E699197E
2026-03-30 04:54:53 - msg_id_0002 ==> 7E00020000660000000002E69A1A7E
2026-03-30 04:54:56 - msg_id_0002 ==> 7E00020000660000000002E69B1B7E
2026-03-30 04:54:59 - msg_id_0002 ==> 7E00020000660000000002E69C1C7E
2026-03-30 04:55:02 - msg_id_0002 ==> 7E00020000660000000002E69D1D7E
2026-03-30 04:55:05 - msg_id_0002 ==> 7E00020000660000000002E69E1E7E
2026-03-30 04:55:08 - msg_id_0002 ==> 7E00020000660000000002E69F1F7E
2026-03-30 04:55:11 - msg_id_0002 ==> 7E00020000660000000002E6A0207E
2026-03-30 04:55:14 - msg_id_0002 ==> 7E00020000660000000002E6A1217E
2026-03-30 04:55:17 - msg_id_0002 ==> 7E00020000660000000002E6A2227E
2026-03-30 04:55:21 - msg_id_0002 ==> 7E00020000660000000002E6A4247E
2026-03-30 04:55:24 - msg_id_0002 ==> 7E00020000660000000002E6A5257E
2026-03-30 04:55:27 - msg_id_0002 ==> 7E00020000660000000002E6A6267E
2026-03-30 04:55:30 - msg_id_0002 ==> 7E00020000660000000002E6A7277E
2026-03-30 04:55:33 - msg_id_0002 ==> 7E00020000660000000002E6A8287E
2026-03-30 04:55:36 - msg_id_0002 ==> 7E00020000660000000002E6A9297E
2026-03-30 04:55:39 - msg_id_0002 ==> 7E00020000660000000002E6AA2A7E
2026-03-30 04:55:42 - msg_id_0002 ==> 7E00020000660000000002E6AB2B7E
2026-03-30 04:55:45 - msg_id_0002 ==> 7E00020000660000000002E6AC2C7E
2026-03-30 04:55:49 - msg_id_0002 ==> 7E00020000660000000002E6AD2D7E
2026-03-30 04:55:52 - msg_id_0002 ==> 7E00020000660000000002E6AF2F7E
2026-03-30 04:55:55 - msg_id_0002 ==> 7E00020000660000000002E6B0307E
2026-03-30 04:55:58 - msg_id_0002 ==> 7E00020000660000000002E6B1317E
2026-03-30 04:56:01 - msg_id_0002 ==> 7E00020000660000000002E6B2327E
2026-03-30 04:56:04 - msg_id_0002 ==> 7E00020000660000000002E6B3337E
2026-03-30 04:56:07 - msg_id_0002 ==> 7E00020000660000000002E6B4347E
2026-03-30 04:56:10 - msg_id_0002 ==> 7E00020000660000000002E6B5357E
2026-03-30 04:56:13 - msg_id_0002 ==> 7E00020000660000000002E6B6367E
2026-03-30 04:56:16 - msg_id_0002 ==> 7E00020000660000000002E6B7377E
2026-03-30 04:56:19 - msg_id_0002 ==> 7E00020000660000000002E6B8387E
2026-03-30 04:56:23 - msg_id_0002 ==> 7E00020000660000000002E6BA3A7E
2026-03-30 04:56:26 - msg_id_0002 ==> 7E00020000660000000002E6BB3B7E
2026-03-30 04:56:29 - msg_id_0002 ==> 7E00020000660000000002E6BC3C7E
2026-03-30 04:56:32 - msg_id_0002 ==> 7E00020000660000000002E6BD3D7E
2026-03-30 04:56:35 - msg_id_0002 ==> 7E00020000660000000002E6BE3E7E
2026-03-30 04:56:38 - msg_id_0002 ==> 7E00020000660000000002E6BF3F7E
2026-03-30 04:56:41 - msg_id_0002 ==> 7E00020000660000000002E6C0407E
2026-03-30 04:56:44 - msg_id_0002 ==> 7E00020000660000000002E6C1417E
2026-03-30 04:56:47 - msg_id_0002 ==> 7E00020000660000000002E6C2427E
2026-03-30 04:56:50 - msg_id_0002 ==> 7E00020000660000000002E6C3437E
2026-03-30 04:56:54 - msg_id_0002 ==> 7E00020000660000000002E6C5457E
2026-03-30 04:56:57 - msg_id_0002 ==> 7E00020000660000000002E6C6467E
2026-03-30 04:57:00 - msg_id_0002 ==> 7E00020000660000000002E6C7477E
2026-03-30 04:57:03 - msg_id_0002 ==> 7E00020000660000000002E6C8487E
2026-03-30 04:57:06 - msg_id_0002 ==> 7E00020000660000000002E6C9497E
2026-03-30 04:57:09 - msg_id_0002 ==> 7E00020000660000000002E6CA4A7E
2026-03-30 04:57:12 - msg_id_0002 ==> 7E00020000660000000002E6CB4B7E
2026-03-30 04:57:15 - msg_id_0002 ==> 7E00020000660000000002E6CC4C7E
2026-03-30 04:57:18 - msg_id_0002 ==> 7E00020000660000000002E6CD4D7E
2026-03-30 04:57:22 - msg_id_0002 ==> 7E00020000660000000002E6CE4E7E
2026-03-30 04:57:25 - msg_id_0002 ==> 7E00020000660000000002E6D0507E
2026-03-30 04:57:28 - msg_id_0002 ==> 7E00020000660000000002E6D1517E
2026-03-30 04:57:31 - msg_id_0002 ==> 7E00020000660000000002E6D2527E
2026-03-30 04:57:34 - msg_id_0002 ==> 7E00020000660000000002E6D3537E
2026-03-30 04:57:37 - msg_id_0002 ==> 7E00020000660000000002E6D4547E
2026-03-30 04:57:40 - msg_id_0002 ==> 7E00020000660000000002E6D5557E
2026-03-30 04:57:43 - msg_id_0002 ==> 7E00020000660000000002E6D6567E
2026-03-30 04:57:46 - msg_id_0002 ==> 7E00020000660000000002E6D7577E
2026-03-30 04:57:49 - msg_id_0002 ==> 7E00020000660000000002E6D8587E
2026-03-30 04:57:53 - msg_id_0002 ==> 7E00020000660000000002E6D9597E
2026-03-30 04:57:56 - msg_id_0002 ==> 7E00020000660000000002E6DB5B7E
2026-03-30 04:57:59 - msg_id_0002 ==> 7E00020000660000000002E6DC5C7E
2026-03-30 04:58:02 - msg_id_0002 ==> 7E00020000660000000002E6DD5D7E
2026-03-30 04:58:05 - msg_id_0002 ==> 7E00020000660000000002E6DE5E7E
2026-03-30 04:58:08 - msg_id_0002 ==> 7E00020000660000000002E6DF5F7E
2026-03-30 04:58:11 - msg_id_0002 ==> 7E00020000660000000002E6E0607E
2026-03-30 04:58:14 - msg_id_0002 ==> 7E00020000660000000002E6E1617E
2026-03-30 04:58:17 - msg_id_0002 ==> 7E00020000660000000002E6E2627E
2026-03-30 04:58:20 - msg_id_0002 ==> 7E00020000660000000002E6E3637E
2026-03-30 04:58:24 - msg_id_0002 ==> 7E00020000660000000002E6E4647E
2026-03-30 04:58:27 - msg_id_0002 ==> 7E00020000660000000002E6E6667E
2026-03-30 04:58:30 - msg_id_0002 ==> 7E00020000660000000002E6E7677E
2026-03-30 04:58:33 - msg_id_0002 ==> 7E00020000660000000002E6E8687E
2026-03-30 04:58:36 - msg_id_0002 ==> 7E00020000660000000002E6E9697E
2026-03-30 04:58:39 - msg_id_0002 ==> 7E00020000660000000002E6EA6A7E
2026-03-30 04:58:42 - msg_id_0002 ==> 7E00020000660000000002E6EB6B7E
2026-03-30 04:58:45 - msg_id_0002 ==> 7E00020000660000000002E6EC6C7E
2026-03-30 04:58:48 - msg_id_0002 ==> 7E00020000660000000002E6ED6D7E
2026-03-30 04:58:51 - msg_id_0002 ==> 7E00020000660000000002E6EE6E7E
2026-03-30 04:58:55 - msg_id_0002 ==> 7E00020000660000000002E6EF6F7E
2026-03-30 04:58:58 - msg_id_0002 ==> 7E00020000660000000002E6F1717E
2026-03-30 04:59:01 - msg_id_0002 ==> 7E00020000660000000002E6F2727E
2026-03-30 04:59:04 - msg_id_0002 ==> 7E00020000660000000002E6F3737E
2026-03-30 04:59:07 - msg_id_0002 ==> 7E00020000660000000002E6F4747E
2026-03-30 04:59:10 - msg_id_0002 ==> 7E00020000660000000002E6F5757E
2026-03-30 04:59:13 - msg_id_0002 ==> 7E00020000660000000002E6F6767E
2026-03-30 04:59:16 - msg_id_0002 ==> 7E00020000660000000002E6F7777E
2026-03-30 04:59:19 - msg_id_0002 ==> 7E00020000660000000002E6F8787E
2026-03-30 04:59:22 - msg_id_0002 ==> 7E00020000660000000002E6F9797E
2026-03-30 04:59:26 - msg_id_0002 ==> 7E00020000660000000002E6FA7A7E
2026-03-30 04:59:29 - msg_id_0002 ==> 7E00020000660000000002E6FC7C7E
2026-03-30 04:59:32 - msg_id_0002 ==> 7E00020000660000000002E6FD7D017E
2026-03-30 04:59:35 - msg_id_0002 ==> 7E00020000660000000002E6FE7D027E
2026-03-30 04:59:38 - msg_id_0002 ==> 7E00020000660000000002E6FF7F7E
2026-03-30 04:59:41 - msg_id_0002 ==> 7E00020000660000000002E700817E
2026-03-30 04:59:44 - msg_id_0002 ==> 7E00020000660000000002E701807E
2026-03-30 04:59:47 - msg_id_0002 ==> 7E00020000660000000002E702837E
2026-03-30 04:59:50 - msg_id_0002 ==> 7E00020000660000000002E703827E
2026-03-30 04:59:53 - msg_id_0002 ==> 7E00020000660000000002E704857E
2026-03-30 04:59:57 - msg_id_0002 ==> 7E00020000660000000002E705847E
2026-03-30 05:00:00 - msg_id_0002 ==> 7E00020000660000000002E707867E
2026-03-30 05:00:03 - msg_id_0002 ==> 7E00020000660000000002E708897E
2026-03-30 05:00:06 - msg_id_0002 ==> 7E00020000660000000002E709887E
2026-03-30 05:00:09 - msg_id_0002 ==> 7E00020000660000000002E70A8B7E
2026-03-30 05:00:12 - msg_id_0002 ==> 7E00020000660000000002E70B8A7E
2026-03-30 05:00:15 - msg_id_0002 ==> 7E00020000660000000002E70C8D7E
2026-03-30 05:00:18 - msg_id_0002 ==> 7E00020000660000000002E70D8C7E
2026-03-30 05:00:21 - msg_id_0002 ==> 7E00020000660000000002E70E8F7E
2026-03-30 05:00:24 - msg_id_0002 ==> 7E00020000660000000002E70F8E7E
2026-03-30 05:00:28 - msg_id_0002 ==> 7E00020000660000000002E710917E
2026-03-30 05:00:31 - msg_id_0002 ==> 7E00020000660000000002E712937E
2026-03-30 05:00:34 - msg_id_0002 ==> 7E00020000660000000002E713927E
2026-03-30 05:00:37 - msg_id_0002 ==> 7E00020000660000000002E714957E
2026-03-30 05:00:40 - msg_id_0002 ==> 7E00020000660000000002E715947E
2026-03-30 05:00:43 - msg_id_0002 ==> 7E00020000660000000002E716977E
2026-03-30 05:00:46 - msg_id_0002 ==> 7E00020000660000000002E717967E
2026-03-30 05:00:49 - msg_id_0002 ==> 7E00020000660000000002E718997E
2026-03-30 05:00:52 - msg_id_0002 ==> 7E00020000660000000002E719987E
2026-03-30 05:00:55 - msg_id_0002 ==> 7E00020000660000000002E71A9B7E
2026-03-30 05:00:59 - msg_id_0002 ==> 7E00020000660000000002E71B9A7E
2026-03-30 05:01:02 - msg_id_0002 ==> 7E00020000660000000002E71D9C7E
2026-03-30 05:01:05 - msg_id_0002 ==> 7E00020000660000000002E71E9F7E
2026-03-30 05:01:08 - msg_id_0002 ==> 7E00020000660000000002E71F9E7E
2026-03-30 05:01:11 - msg_id_0002 ==> 7E00020000660000000002E720A17E
2026-03-30 05:01:14 - msg_id_0002 ==> 7E00020000660000000002E721A07E
2026-03-30 05:01:17 - msg_id_0002 ==> 7E00020000660000000002E722A37E
2026-03-30 05:01:20 - msg_id_0002 ==> 7E00020000660000000002E723A27E
2026-03-30 05:01:23 - msg_id_0002 ==> 7E00020000660000000002E724A57E
2026-03-30 05:01:26 - msg_id_0002 ==> 7E00020000660000000002E725A47E
2026-03-30 05:01:30 - msg_id_0002 ==> 7E00020000660000000002E726A77E
2026-03-30 05:01:33 - msg_id_0002 ==> 7E00020000660000000002E728A97E
2026-03-30 05:01:36 - msg_id_0002 ==> 7E00020000660000000002E729A87E
2026-03-30 05:01:39 - msg_id_0002 ==> 7E00020000660000000002E72AAB7E
2026-03-30 05:01:42 - msg_id_0002 ==> 7E00020000660000000002E72BAA7E
2026-03-30 05:01:45 - msg_id_0002 ==> 7E00020000660000000002E72CAD7E
2026-03-30 05:01:48 - msg_id_0002 ==> 7E00020000660000000002E72DAC7E
2026-03-30 05:01:51 - msg_id_0002 ==> 7E00020000660000000002E72EAF7E
2026-03-30 05:01:54 - msg_id_0002 ==> 7E00020000660000000002E72FAE7E
2026-03-30 05:01:57 - msg_id_0002 ==> 7E00020000660000000002E730B17E
2026-03-30 05:02:01 - msg_id_0002 ==> 7E00020000660000000002E731B07E
2026-03-30 05:02:04 - msg_id_0002 ==> 7E00020000660000000002E733B27E
2026-03-30 05:02:07 - msg_id_0002 ==> 7E00020000660000000002E734B57E
2026-03-30 05:02:10 - msg_id_0002 ==> 7E00020000660000000002E735B47E
2026-03-30 05:02:13 - msg_id_0002 ==> 7E00020000660000000002E736B77E
2026-03-30 05:02:16 - msg_id_0002 ==> 7E00020000660000000002E737B67E
2026-03-30 05:02:19 - msg_id_0002 ==> 7E00020000660000000002E738B97E
2026-03-30 05:02:22 - msg_id_0002 ==> 7E00020000660000000002E739B87E
2026-03-30 05:02:25 - msg_id_0002 ==> 7E00020000660000000002E73ABB7E
2026-03-30 05:02:29 - msg_id_0002 ==> 7E00020000660000000002E73BBA7E
2026-03-30 05:02:32 - msg_id_0002 ==> 7E00020000660000000002E73CBD7E
2026-03-30 05:02:35 - msg_id_0002 ==> 7E00020000660000000002E73EBF7E
2026-03-30 05:02:38 - msg_id_0002 ==> 7E00020000660000000002E73FBE7E
2026-03-30 05:02:41 - msg_id_0002 ==> 7E00020000660000000002E740C17E
2026-03-30 05:02:44 - msg_id_0002 ==> 7E00020000660000000002E741C07E
2026-03-30 05:02:47 - msg_id_0002 ==> 7E00020000660000000002E742C37E
2026-03-30 05:02:50 - msg_id_0002 ==> 7E00020000660000000002E743C27E
2026-03-30 05:02:53 - msg_id_0002 ==> 7E00020000660000000002E744C57E
2026-03-30 05:02:56 - msg_id_0002 ==> 7E00020000660000000002E745C47E
2026-03-30 05:03:00 - msg_id_0002 ==> 7E00020000660000000002E746C77E
2026-03-30 05:03:03 - msg_id_0002 ==> 7E00020000660000000002E747C67E
2026-03-30 05:03:06 - msg_id_0002 ==> 7E00020000660000000002E749C87E
2026-03-30 05:03:09 - msg_id_0002 ==> 7E00020000660000000002E74ACB7E
2026-03-30 05:03:12 - msg_id_0002 ==> 7E00020000660000000002E74BCA7E
2026-03-30 05:03:15 - msg_id_0002 ==> 7E00020000660000000002E74CCD7E
2026-03-30 05:03:18 - msg_id_0002 ==> 7E00020000660000000002E74DCC7E
2026-03-30 05:03:21 - msg_id_0002 ==> 7E00020000660000000002E74ECF7E
2026-03-30 05:03:24 - msg_id_0002 ==> 7E00020000660000000002E74FCE7E
2026-03-30 05:03:27 - msg_id_0002 ==> 7E00020000660000000002E750D17E
2026-03-30 05:03:31 - msg_id_0002 ==> 7E00020000660000000002E751D07E
2026-03-30 05:03:34 - msg_id_0002 ==> 7E00020000660000000002E752D37E
2026-03-30 05:03:37 - msg_id_0002 ==> 7E00020000660000000002E754D57E
2026-03-30 05:03:40 - msg_id_0002 ==> 7E00020000660000000002E755D47E
2026-03-30 05:03:43 - msg_id_0002 ==> 7E00020000660000000002E756D77E
2026-03-30 05:03:46 - msg_id_0002 ==> 7E00020000660000000002E757D67E
2026-03-30 05:03:49 - msg_id_0002 ==> 7E00020000660000000002E758D97E
2026-03-30 05:03:52 - msg_id_0002 ==> 7E00020000660000000002E759D87E
2026-03-30 05:03:55 - msg_id_0002 ==> 7E00020000660000000002E75ADB7E
2026-03-30 05:03:58 - msg_id_0002 ==> 7E00020000660000000002E75BDA7E
2026-03-30 05:04:02 - msg_id_0002 ==> 7E00020000660000000002E75CDD7E
2026-03-30 05:04:05 - msg_id_0002 ==> 7E00020000660000000002E75DDC7E
2026-03-30 05:04:08 - msg_id_0002 ==> 7E00020000660000000002E75FDE7E
2026-03-30 05:04:11 - msg_id_0002 ==> 7E00020000660000000002E760E17E
2026-03-30 05:04:14 - msg_id_0002 ==> 7E00020000660000000002E761E07E
2026-03-30 05:04:17 - msg_id_0002 ==> 7E00020000660000000002E762E37E
2026-03-30 05:04:20 - msg_id_0002 ==> 7E00020000660000000002E763E27E
2026-03-30 05:04:23 - msg_id_0002 ==> 7E00020000660000000002E764E57E
2026-03-30 05:04:26 - msg_id_0002 ==> 7E00020000660000000002E765E47E
2026-03-30 05:04:29 - msg_id_0002 ==> 7E00020000660000000002E766E77E
2026-03-30 05:04:33 - msg_id_0002 ==> 7E00020000660000000002E767E67E
2026-03-30 05:04:36 - msg_id_0002 ==> 7E00020000660000000002E768E97E
2026-03-30 05:04:39 - msg_id_0002 ==> 7E00020000660000000002E76AEB7E
2026-03-30 05:04:42 - msg_id_0002 ==> 7E00020000660000000002E76BEA7E
2026-03-30 05:04:45 - msg_id_0002 ==> 7E00020000660000000002E76CED7E
2026-03-30 05:04:48 - msg_id_0002 ==> 7E00020000660000000002E76DEC7E
2026-03-30 05:04:51 - msg_id_0002 ==> 7E00020000660000000002E76EEF7E
2026-03-30 05:04:54 - msg_id_0002 ==> 7E00020000660000000002E76FEE7E
2026-03-30 05:04:57 - msg_id_0002 ==> 7E00020000660000000002E770F17E
2026-03-30 05:05:00 - msg_id_0002 ==> 7E00020000660000000002E771F07E
2026-03-30 05:05:04 - msg_id_0002 ==> 7E00020000660000000002E772F37E
2026-03-30 05:05:07 - msg_id_0002 ==> 7E00020000660000000002E773F27E
2026-03-30 05:05:10 - msg_id_0002 ==> 7E00020000660000000002E775F47E
2026-03-30 05:05:13 - msg_id_0002 ==> 7E00020000660000000002E776F77E
2026-03-30 05:05:16 - msg_id_0002 ==> 7E00020000660000000002E777F67E
2026-03-30 05:05:19 - msg_id_0002 ==> 7E00020000660000000002E778F97E
2026-03-30 05:05:22 - msg_id_0002 ==> 7E00020000660000000002E779F87E
2026-03-30 05:05:25 - msg_id_0002 ==> 7E00020000660000000002E77AFB7E
2026-03-30 05:05:28 - msg_id_0002 ==> 7E00020000660000000002E77BFA7E
2026-03-30 05:05:31 - msg_id_0002 ==> 7E00020000660000000002E77CFD7E
2026-03-30 05:05:35 - msg_id_0002 ==> 7E00020000660000000002E77D01FC7E
2026-03-30 05:05:38 - msg_id_0002 ==> 7E00020000660000000002E77D02FF7E
2026-03-30 05:05:45 - msg_id_0002 ==> 7E00020000660000000002E783027E
2026-03-30 05:05:48 - msg_id_0002 ==> 7E00020000660000000002E784057E
2026-03-30 05:05:51 - msg_id_0002 ==> 7E00020000660000000002E785047E
2026-03-30 05:05:54 - msg_id_0002 ==> 7E00020000660000000002E786077E
2026-03-30 05:05:58 - msg_id_0002 ==> 7E00020000660000000002E787067E
2026-03-30 05:06:01 - msg_id_0002 ==> 7E00020000660000000002E788097E
2026-03-30 05:06:04 - msg_id_0002 ==> 7E00020000660000000002E789087E
2026-03-30 05:06:07 - msg_id_0002 ==> 7E00020000660000000002E78A0B7E
2026-03-30 05:06:10 - msg_id_0002 ==> 7E00020000660000000002E78B0A7E
2026-03-30 05:06:13 - msg_id_0002 ==> 7E00020000660000000002E78C0D7E
2026-03-30 05:06:16 - msg_id_0002 ==> 7E00020000660000000002E78E0F7E
2026-03-30 05:06:19 - msg_id_0002 ==> 7E00020000660000000002E78F0E7E
2026-03-30 05:06:22 - msg_id_0002 ==> 7E00020000660000000002E790117E
2026-03-30 05:06:25 - msg_id_0002 ==> 7E00020000660000000002E791107E
2026-03-30 05:06:29 - msg_id_0002 ==> 7E00020000660000000002E792137E
2026-03-30 05:06:32 - msg_id_0002 ==> 7E00020000660000000002E793127E
2026-03-30 05:06:35 - msg_id_0002 ==> 7E00020000660000000002E794157E
2026-03-30 05:06:38 - msg_id_0002 ==> 7E00020000660000000002E795147E
2026-03-30 05:06:41 - msg_id_0002 ==> 7E00020000660000000002E796177E
2026-03-30 05:06:44 - msg_id_0002 ==> 7E00020000660000000002E797167E
2026-03-30 05:06:47 - msg_id_0002 ==> 7E00020000660000000002E799187E
2026-03-30 05:06:50 - msg_id_0002 ==> 7E00020000660000000002E79A1B7E
2026-03-30 05:06:53 - msg_id_0002 ==> 7E00020000660000000002E79B1A7E
2026-03-30 05:06:56 - msg_id_0002 ==> 7E00020000660000000002E79C1D7E
2026-03-30 05:07:00 - msg_id_0002 ==> 7E00020000660000000002E79D1C7E
2026-03-30 05:07:03 - msg_id_0002 ==> 7E00020000660000000002E79E1F7E
2026-03-30 05:07:06 - msg_id_0002 ==> 7E00020000660000000002E79F1E7E
2026-03-30 05:07:09 - msg_id_0002 ==> 7E00020000660000000002E7A0217E
2026-03-30 05:07:12 - msg_id_0002 ==> 7E00020000660000000002E7A1207E
2026-03-30 05:07:15 - msg_id_0002 ==> 7E00020000660000000002E7A2237E
2026-03-30 05:07:18 - msg_id_0002 ==> 7E00020000660000000002E7A4257E
2026-03-30 05:07:21 - msg_id_0002 ==> 7E00020000660000000002E7A5247E
2026-03-30 05:07:24 - msg_id_0002 ==> 7E00020000660000000002E7A6277E
2026-03-30 05:07:27 - msg_id_0002 ==> 7E00020000660000000002E7A7267E
2026-03-30 05:07:31 - msg_id_0002 ==> 7E00020000660000000002E7A8297E
2026-03-30 05:07:34 - msg_id_0002 ==> 7E00020000660000000002E7A9287E
2026-03-30 05:07:37 - msg_id_0002 ==> 7E00020000660000000002E7AA2B7E
2026-03-30 05:07:40 - msg_id_0002 ==> 7E00020000660000000002E7AB2A7E
2026-03-30 05:07:43 - msg_id_0002 ==> 7E00020000660000000002E7AC2D7E
2026-03-30 05:07:46 - msg_id_0002 ==> 7E00020000660000000002E7AD2C7E
2026-03-30 05:07:49 - msg_id_0002 ==> 7E00020000660000000002E7AF2E7E
2026-03-30 05:07:52 - msg_id_0002 ==> 7E00020000660000000002E7B0317E
2026-03-30 05:07:55 - msg_id_0002 ==> 7E00020000660000000002E7B1307E
2026-03-30 05:07:58 - msg_id_0002 ==> 7E00020000660000000002E7B2337E
2026-03-30 05:08:02 - msg_id_0002 ==> 7E00020000660000000002E7B3327E
2026-03-30 05:08:05 - msg_id_0002 ==> 7E00020000660000000002E7B4357E
2026-03-30 05:08:08 - msg_id_0002 ==> 7E00020000660000000002E7B5347E
2026-03-30 05:08:11 - msg_id_0002 ==> 7E00020000660000000002E7B6377E
2026-03-30 05:08:14 - msg_id_0002 ==> 7E00020000660000000002E7B7367E
2026-03-30 05:08:17 - msg_id_0002 ==> 7E00020000660000000002E7B8397E
2026-03-30 05:08:20 - msg_id_0002 ==> 7E00020000660000000002E7BA3B7E
2026-03-30 05:08:23 - msg_id_0002 ==> 7E00020000660000000002E7BB3A7E
2026-03-30 05:08:26 - msg_id_0002 ==> 7E00020000660000000002E7BC3D7E
2026-03-30 05:08:29 - msg_id_0002 ==> 7E00020000660000000002E7BD3C7E
2026-03-30 05:08:33 - msg_id_0002 ==> 7E00020000660000000002E7BE3F7E
2026-03-30 05:08:36 - msg_id_0002 ==> 7E00020000660000000002E7BF3E7E
2026-03-30 05:08:39 - msg_id_0002 ==> 7E00020000660000000002E7C0417E
2026-03-30 05:08:42 - msg_id_0002 ==> 7E00020000660000000002E7C1407E
2026-03-30 05:08:45 - msg_id_0002 ==> 7E00020000660000000002E7C2437E
2026-03-30 05:08:48 - msg_id_0002 ==> 7E00020000660000000002E7C3427E
2026-03-30 05:08:51 - msg_id_0002 ==> 7E00020000660000000002E7C5447E
2026-03-30 05:08:54 - msg_id_0002 ==> 7E00020000660000000002E7C6477E
2026-03-30 05:08:57 - msg_id_0002 ==> 7E00020000660000000002E7C7467E
2026-03-30 05:09:00 - msg_id_0002 ==> 7E00020000660000000002E7C8497E
2026-03-30 05:09:04 - msg_id_0002 ==> 7E00020000660000000002E7C9487E
2026-03-30 05:09:07 - msg_id_0002 ==> 7E00020000660000000002E7CA4B7E
2026-03-30 05:09:10 - msg_id_0002 ==> 7E00020000660000000002E7CB4A7E
2026-03-30 05:09:13 - msg_id_0002 ==> 7E00020000660000000002E7CC4D7E
2026-03-30 05:09:16 - msg_id_0002 ==> 7E00020000660000000002E7CD4C7E
2026-03-30 05:09:19 - msg_id_0002 ==> 7E00020000660000000002E7CE4F7E
2026-03-30 05:09:22 - msg_id_0002 ==> 7E00020000660000000002E7D0517E
2026-03-30 05:09:25 - msg_id_0002 ==> 7E00020000660000000002E7D1507E
2026-03-30 05:09:28 - msg_id_0002 ==> 7E00020000660000000002E7D2537E
2026-03-30 05:09:31 - msg_id_0002 ==> 7E00020000660000000002E7D3527E
2026-03-30 05:09:35 - msg_id_0002 ==> 7E00020000660000000002E7D4557E
2026-03-30 05:09:38 - msg_id_0002 ==> 7E00020000660000000002E7D5547E
2026-03-30 05:09:41 - msg_id_0002 ==> 7E00020000660000000002E7D6577E
2026-03-30 05:09:44 - msg_id_0002 ==> 7E00020000660000000002E7D7567E
2026-03-30 05:09:47 - msg_id_0002 ==> 7E00020000660000000002E7D8597E
2026-03-30 05:09:50 - msg_id_0002 ==> 7E00020000660000000002E7D9587E
2026-03-30 05:09:53 - msg_id_0002 ==> 7E00020000660000000002E7DB5A7E
2026-03-30 05:09:56 - msg_id_0002 ==> 7E00020000660000000002E7DC5D7E
2026-03-30 05:09:59 - msg_id_0002 ==> 7E00020000660000000002E7DD5C7E
2026-03-30 05:10:02 - msg_id_0002 ==> 7E00020000660000000002E7DE5F7E
2026-03-30 05:10:06 - msg_id_0002 ==> 7E00020000660000000002E7DF5E7E
2026-03-30 05:10:09 - msg_id_0002 ==> 7E00020000660000000002E7E0617E
2026-03-30 05:10:12 - msg_id_0002 ==> 7E00020000660000000002E7E1607E
2026-03-30 05:10:15 - msg_id_0002 ==> 7E00020000660000000002E7E2637E
2026-03-30 05:10:18 - msg_id_0002 ==> 7E00020000660000000002E7E3627E
2026-03-30 05:10:21 - msg_id_0002 ==> 7E00020000660000000002E7E4657E
2026-03-30 05:10:24 - msg_id_0002 ==> 7E00020000660000000002E7E6677E
2026-03-30 05:10:27 - msg_id_0002 ==> 7E00020000660000000002E7E7667E
2026-03-30 05:10:30 - msg_id_0002 ==> 7E00020000660000000002E7E8697E
2026-03-30 05:10:33 - msg_id_0002 ==> 7E00020000660000000002E7E9687E
2026-03-30 05:10:37 - msg_id_0002 ==> 7E00020000660000000002E7EA6B7E
2026-03-30 05:10:40 - msg_id_0002 ==> 7E00020000660000000002E7EB6A7E
2026-03-30 05:10:43 - msg_id_0002 ==> 7E00020000660000000002E7EC6D7E
2026-03-30 05:10:46 - msg_id_0002 ==> 7E00020000660000000002E7ED6C7E
2026-03-30 05:10:49 - msg_id_0002 ==> 7E00020000660000000002E7EE6F7E
2026-03-30 05:10:52 - msg_id_0002 ==> 7E00020000660000000002E7EF6E7E
2026-03-30 05:10:55 - msg_id_0002 ==> 7E00020000660000000002E7F1707E
2026-03-30 05:10:58 - msg_id_0002 ==> 7E00020000660000000002E7F2737E
2026-03-30 05:11:01 - msg_id_0002 ==> 7E00020000660000000002E7F3727E
2026-03-30 05:11:04 - msg_id_0002 ==> 7E00020000660000000002E7F4757E
2026-03-30 05:11:08 - msg_id_0002 ==> 7E00020000660000000002E7F5747E
2026-03-30 05:11:11 - msg_id_0002 ==> 7E00020000660000000002E7F6777E
2026-03-30 05:11:14 - msg_id_0002 ==> 7E00020000660000000002E7F7767E
2026-03-30 05:11:17 - msg_id_0002 ==> 7E00020000660000000002E7F8797E
2026-03-30 05:11:20 - msg_id_0002 ==> 7E00020000660000000002E7F9787E
2026-03-30 05:11:23 - msg_id_0002 ==> 7E00020000660000000002E7FA7B7E
2026-03-30 05:11:26 - msg_id_0002 ==> 7E00020000660000000002E7FC7D017E
2026-03-30 05:11:29 - msg_id_0002 ==> 7E00020000660000000002E7FD7C7E
2026-03-30 05:11:32 - msg_id_0002 ==> 7E00020000660000000002E7FE7F7E
2026-03-30 05:11:35 - msg_id_0002 ==> 7E00020000660000000002E7FF7D027E
2026-03-30 05:11:39 - msg_id_0002 ==> 7E00020000660000000002E8008E7E
2026-03-30 05:11:42 - msg_id_0002 ==> 7E00020000660000000002E8018F7E
2026-03-30 05:11:45 - msg_id_0002 ==> 7E00020000660000000002E8028C7E
2026-03-30 05:11:48 - msg_id_0002 ==> 7E00020000660000000002E8038D7E
2026-03-30 05:11:51 - msg_id_0002 ==> 7E00020000660000000002E8048A7E
2026-03-30 05:11:54 - msg_id_0002 ==> 7E00020000660000000002E8058B7E
2026-03-30 05:11:57 - msg_id_0002 ==> 7E00020000660000000002E807897E
2026-03-30 05:12:00 - msg_id_0002 ==> 7E00020000660000000002E808867E
2026-03-30 05:12:03 - msg_id_0002 ==> 7E00020000660000000002E809877E
2026-03-30 05:12:06 - msg_id_0002 ==> 7E00020000660000000002E80A847E
2026-03-30 05:12:10 - msg_id_0002 ==> 7E00020000660000000002E80B857E
2026-03-30 05:12:13 - msg_id_0002 ==> 7E00020000660000000002E80C827E
2026-03-30 05:12:16 - msg_id_0002 ==> 7E00020000660000000002E80D837E
2026-03-30 05:12:19 - msg_id_0002 ==> 7E00020000660000000002E80E807E
2026-03-30 05:12:22 - msg_id_0002 ==> 7E00020000660000000002E80F817E
2026-03-30 05:12:25 - msg_id_0002 ==> 7E00020000660000000002E8109E7E
2026-03-30 05:12:28 - msg_id_0002 ==> 7E00020000660000000002E8129C7E
2026-03-30 05:12:31 - msg_id_0002 ==> 7E00020000660000000002E8139D7E
2026-03-30 05:12:34 - msg_id_0002 ==> 7E00020000660000000002E8149A7E
2026-03-30 05:12:37 - msg_id_0002 ==> 7E00020000660000000002E8159B7E
2026-03-30 05:12:41 - msg_id_0002 ==> 7E00020000660000000002E816987E
2026-03-30 05:12:44 - msg_id_0002 ==> 7E00020000660000000002E817997E
2026-03-30 05:12:47 - msg_id_0002 ==> 7E00020000660000000002E818967E
2026-03-30 05:12:50 - msg_id_0002 ==> 7E00020000660000000002E819977E
2026-03-30 05:12:53 - msg_id_0002 ==> 7E00020000660000000002E81A947E
2026-03-30 05:12:56 - msg_id_0002 ==> 7E00020000660000000002E81B957E
2026-03-30 05:12:59 - msg_id_0002 ==> 7E00020000660000000002E81D937E
2026-03-30 05:13:02 - msg_id_0002 ==> 7E00020000660000000002E81E907E
2026-03-30 05:13:05 - msg_id_0002 ==> 7E00020000660000000002E81F917E
2026-03-30 05:13:08 - msg_id_0002 ==> 7E00020000660000000002E820AE7E
2026-03-30 05:13:12 - msg_id_0002 ==> 7E00020000660000000002E821AF7E
2026-03-30 05:13:15 - msg_id_0002 ==> 7E00020000660000000002E822AC7E
2026-03-30 05:13:18 - msg_id_0002 ==> 7E00020000660000000002E823AD7E
2026-03-30 05:13:21 - msg_id_0002 ==> 7E00020000660000000002E824AA7E
2026-03-30 05:13:24 - msg_id_0002 ==> 7E00020000660000000002E825AB7E
2026-03-30 05:13:27 - msg_id_0002 ==> 7E00020000660000000002E826A87E
2026-03-30 05:13:30 - msg_id_0002 ==> 7E00020000660000000002E828A67E
2026-03-30 05:13:33 - msg_id_0002 ==> 7E00020000660000000002E829A77E
2026-03-30 05:13:36 - msg_id_0002 ==> 7E00020000660000000002E82AA47E
2026-03-30 05:13:39 - msg_id_0002 ==> 7E00020000660000000002E82BA57E
2026-03-30 05:13:43 - msg_id_0002 ==> 7E00020000660000000002E82CA27E
2026-03-30 05:13:46 - msg_id_0002 ==> 7E00020000660000000002E82DA37E
2026-03-30 05:13:49 - msg_id_0002 ==> 7E00020000660000000002E82EA07E
2026-03-30 05:13:52 - msg_id_0002 ==> 7E00020000660000000002E82FA17E
2026-03-30 05:13:55 - msg_id_0002 ==> 7E00020000660000000002E830BE7E
2026-03-30 05:13:58 - msg_id_0002 ==> 7E00020000660000000002E831BF7E
2026-03-30 05:14:01 - msg_id_0002 ==> 7E00020000660000000002E833BD7E
2026-03-30 05:14:04 - msg_id_0002 ==> 7E00020000660000000002E834BA7E
2026-03-30 05:14:07 - msg_id_0002 ==> 7E00020000660000000002E835BB7E
2026-03-30 05:14:10 - msg_id_0002 ==> 7E00020000660000000002E836B87E
2026-03-30 05:14:14 - msg_id_0002 ==> 7E00020000660000000002E837B97E
2026-03-30 05:14:17 - msg_id_0002 ==> 7E00020000660000000002E838B67E
2026-03-30 05:14:20 - msg_id_0002 ==> 7E00020000660000000002E839B77E
2026-03-30 05:14:23 - msg_id_0002 ==> 7E00020000660000000002E83AB47E
2026-03-30 05:14:26 - msg_id_0002 ==> 7E00020000660000000002E83BB57E
2026-03-30 05:14:29 - msg_id_0002 ==> 7E00020000660000000002E83CB27E
2026-03-30 05:14:32 - msg_id_0002 ==> 7E00020000660000000002E83EB07E
2026-03-30 05:14:35 - msg_id_0002 ==> 7E00020000660000000002E83FB17E
2026-03-30 05:14:38 - msg_id_0002 ==> 7E00020000660000000002E840CE7E
2026-03-30 05:14:41 - msg_id_0002 ==> 7E00020000660000000002E841CF7E
2026-03-30 05:14:45 - msg_id_0002 ==> 7E00020000660000000002E842CC7E
2026-03-30 05:14:48 - msg_id_0002 ==> 7E00020000660000000002E843CD7E
2026-03-30 05:14:51 - msg_id_0002 ==> 7E00020000660000000002E844CA7E
2026-03-30 05:14:54 - msg_id_0002 ==> 7E00020000660000000002E845CB7E
2026-03-30 05:14:57 - msg_id_0002 ==> 7E00020000660000000002E846C87E
2026-03-30 05:15:00 - msg_id_0002 ==> 7E00020000660000000002E847C97E
2026-03-30 05:15:03 - msg_id_0002 ==> 7E00020000660000000002E849C77E
2026-03-30 05:15:06 - msg_id_0002 ==> 7E00020000660000000002E84AC47E
2026-03-30 05:15:09 - msg_id_0002 ==> 7E00020000660000000002E84BC57E
2026-03-30 05:15:12 - msg_id_0002 ==> 7E00020000660000000002E84CC27E
2026-03-30 05:15:16 - msg_id_0002 ==> 7E00020000660000000002E84DC37E
2026-03-30 05:15:19 - msg_id_0002 ==> 7E00020000660000000002E84EC07E
2026-03-30 05:15:22 - msg_id_0002 ==> 7E00020000660000000002E84FC17E
2026-03-30 05:15:25 - msg_id_0002 ==> 7E00020000660000000002E850DE7E
2026-03-30 05:15:28 - msg_id_0002 ==> 7E00020000660000000002E851DF7E
2026-03-30 05:15:31 - msg_id_0002 ==> 7E00020000660000000002E852DC7E
2026-03-30 05:15:34 - msg_id_0002 ==> 7E00020000660000000002E854DA7E
2026-03-30 05:15:37 - msg_id_0002 ==> 7E00020000660000000002E855DB7E
2026-03-30 05:15:40 - msg_id_0002 ==> 7E00020000660000000002E856D87E
2026-03-30 05:15:43 - msg_id_0002 ==> 7E00020000660000000002E857D97E
2026-03-30 05:15:47 - msg_id_0002 ==> 7E00020000660000000002E858D67E
2026-03-30 05:15:50 - msg_id_0002 ==> 7E00020000660000000002E859D77E
2026-03-30 05:15:53 - msg_id_0002 ==> 7E00020000660000000002E85AD47E
2026-03-30 05:15:56 - msg_id_0002 ==> 7E00020000660000000002E85BD57E
2026-03-30 05:15:59 - msg_id_0002 ==> 7E00020000660000000002E85CD27E
2026-03-30 05:16:02 - msg_id_0002 ==> 7E00020000660000000002E85DD37E
2026-03-30 05:16:05 - msg_id_0002 ==> 7E00020000660000000002E85FD17E
2026-03-30 05:16:08 - msg_id_0002 ==> 7E00020000660000000002E860EE7E
2026-03-30 05:16:11 - msg_id_0002 ==> 7E00020000660000000002E861EF7E
2026-03-30 05:16:14 - msg_id_0002 ==> 7E00020000660000000002E862EC7E
2026-03-30 05:16:18 - msg_id_0002 ==> 7E00020000660000000002E863ED7E
2026-03-30 05:16:21 - msg_id_0002 ==> 7E00020000660000000002E864EA7E
2026-03-30 05:16:24 - msg_id_0002 ==> 7E00020000660000000002E865EB7E
2026-03-30 05:16:27 - msg_id_0002 ==> 7E00020000660000000002E866E87E
2026-03-30 05:16:30 - msg_id_0002 ==> 7E00020000660000000002E867E97E
2026-03-30 05:16:33 - msg_id_0002 ==> 7E00020000660000000002E868E67E
2026-03-30 05:16:36 - msg_id_0002 ==> 7E00020000660000000002E86AE47E
2026-03-30 05:16:39 - msg_id_0002 ==> 7E00020000660000000002E86BE57E
2026-03-30 05:16:42 - msg_id_0002 ==> 7E00020000660000000002E86CE27E
2026-03-30 05:16:46 - msg_id_0002 ==> 7E00020000660000000002E86DE37E
2026-03-30 05:16:49 - msg_id_0002 ==> 7E00020000660000000002E86EE07E
2026-03-30 05:16:52 - msg_id_0002 ==> 7E00020000660000000002E86FE17E
2026-03-30 05:16:55 - msg_id_0002 ==> 7E00020000660000000002E870FE7E
2026-03-30 05:16:58 - msg_id_0002 ==> 7E00020000660000000002E871FF7E
2026-03-30 05:17:01 - msg_id_0002 ==> 7E00020000660000000002E872FC7E
2026-03-30 05:17:04 - msg_id_0002 ==> 7E00020000660000000002E873FD7E
2026-03-30 05:17:07 - msg_id_0002 ==> 7E00020000660000000002E875FB7E
2026-03-30 05:17:10 - msg_id_0002 ==> 7E00020000660000000002E876F87E
2026-03-30 05:17:13 - msg_id_0002 ==> 7E00020000660000000002E877F97E
2026-03-30 05:17:17 - msg_id_0002 ==> 7E00020000660000000002E878F67E
2026-03-30 05:17:20 - msg_id_0002 ==> 7E00020000660000000002E879F77E
2026-03-30 05:17:23 - msg_id_0002 ==> 7E00020000660000000002E87AF47E
2026-03-30 05:17:26 - msg_id_0002 ==> 7E00020000660000000002E87BF57E
2026-03-30 05:17:29 - msg_id_0002 ==> 7E00020000660000000002E87CF27E
2026-03-30 05:17:32 - msg_id_0002 ==> 7E00020000660000000002E87D01F37E
2026-03-30 05:17:35 - msg_id_0002 ==> 7E00020000660000000002E87D02F07E
2026-03-30 05:17:43 - msg_id_0002 ==> 7E00020000660000000002E8830D7E
2026-03-30 05:17:46 - msg_id_0002 ==> 7E00020000660000000002E8840A7E
2026-03-30 05:17:49 - msg_id_0002 ==> 7E00020000660000000002E8850B7E
2026-03-30 05:17:52 - msg_id_0002 ==> 7E00020000660000000002E886087E
2026-03-30 05:17:55 - msg_id_0002 ==> 7E00020000660000000002E887097E
2026-03-30 05:17:58 - msg_id_0002 ==> 7E00020000660000000002E888067E
2026-03-30 05:18:01 - msg_id_0002 ==> 7E00020000660000000002E889077E
2026-03-30 05:18:04 - msg_id_0002 ==> 7E00020000660000000002E88A047E
2026-03-30 05:18:08 - msg_id_0002 ==> 7E00020000660000000002E88B057E
2026-03-30 05:18:11 - msg_id_0002 ==> 7E00020000660000000002E88C027E
2026-03-30 05:18:14 - msg_id_0002 ==> 7E00020000660000000002E88E007E
2026-03-30 05:18:17 - msg_id_0002 ==> 7E00020000660000000002E88F017E
2026-03-30 05:18:20 - msg_id_0002 ==> 7E00020000660000000002E8901E7E
2026-03-30 05:18:23 - msg_id_0002 ==> 7E00020000660000000002E8911F7E
2026-03-30 05:18:26 - msg_id_0002 ==> 7E00020000660000000002E8921C7E
2026-03-30 05:18:29 - msg_id_0002 ==> 7E00020000660000000002E8931D7E
2026-03-30 05:18:32 - msg_id_0002 ==> 7E00020000660000000002E8941A7E
2026-03-30 05:18:35 - msg_id_0002 ==> 7E00020000660000000002E8951B7E
2026-03-30 05:18:39 - msg_id_0002 ==> 7E00020000660000000002E896187E
2026-03-30 05:18:42 - msg_id_0002 ==> 7E00020000660000000002E897197E
2026-03-30 05:18:45 - msg_id_0002 ==> 7E00020000660000000002E899177E
2026-03-30 05:18:48 - msg_id_0002 ==> 7E00020000660000000002E89A147E
2026-03-30 05:18:51 - msg_id_0002 ==> 7E00020000660000000002E89B157E
2026-03-30 05:18:54 - msg_id_0002 ==> 7E00020000660000000002E89C127E
2026-03-30 05:18:57 - msg_id_0002 ==> 7E00020000660000000002E89D137E
2026-03-30 05:19:00 - msg_id_0002 ==> 7E00020000660000000002E89E107E
2026-03-30 05:19:03 - msg_id_0002 ==> 7E00020000660000000002E89F117E
2026-03-30 05:19:06 - msg_id_0002 ==> 7E00020000660000000002E8A02E7E
2026-03-30 05:19:10 - msg_id_0002 ==> 7E00020000660000000002E8A12F7E
2026-03-30 05:19:13 - msg_id_0002 ==> 7E00020000660000000002E8A22C7E
2026-03-30 05:19:16 - msg_id_0002 ==> 7E00020000660000000002E8A42A7E
2026-03-30 05:19:19 - msg_id_0002 ==> 7E00020000660000000002E8A52B7E
2026-03-30 05:19:22 - msg_id_0002 ==> 7E00020000660000000002E8A6287E
2026-03-30 05:19:25 - msg_id_0002 ==> 7E00020000660000000002E8A7297E
2026-03-30 05:19:28 - msg_id_0002 ==> 7E00020000660000000002E8A8267E
2026-03-30 05:19:31 - msg_id_0002 ==> 7E00020000660000000002E8A9277E
2026-03-30 05:19:34 - msg_id_0002 ==> 7E00020000660000000002E8AA247E
2026-03-30 05:19:37 - msg_id_0002 ==> 7E00020000660000000002E8AB257E
2026-03-30 05:19:41 - msg_id_0002 ==> 7E00020000660000000002E8AC227E
2026-03-30 05:19:44 - msg_id_0002 ==> 7E00020000660000000002E8AD237E
2026-03-30 05:19:47 - msg_id_0002 ==> 7E00020000660000000002E8AF217E
2026-03-30 05:19:50 - msg_id_0002 ==> 7E00020000660000000002E8B03E7E
2026-03-30 05:19:53 - msg_id_0002 ==> 7E00020000660000000002E8B13F7E
2026-03-30 05:19:56 - msg_id_0002 ==> 7E00020000660000000002E8B23C7E
2026-03-30 05:19:59 - msg_id_0002 ==> 7E00020000660000000002E8B33D7E
2026-03-30 05:20:02 - msg_id_0002 ==> 7E00020000660000000002E8B43A7E
2026-03-30 05:20:05 - msg_id_0002 ==> 7E00020000660000000002E8B53B7E
2026-03-30 05:20:08 - msg_id_0002 ==> 7E00020000660000000002E8B6387E
2026-03-30 05:20:12 - msg_id_0002 ==> 7E00020000660000000002E8B7397E
2026-03-30 05:20:15 - msg_id_0002 ==> 7E00020000660000000002E8B8367E
2026-03-30 05:20:18 - msg_id_0002 ==> 7E00020000660000000002E8BA347E
2026-03-30 05:20:21 - msg_id_0002 ==> 7E00020000660000000002E8BB357E
2026-03-30 05:20:24 - msg_id_0002 ==> 7E00020000660000000002E8BC327E
2026-03-30 05:20:27 - msg_id_0002 ==> 7E00020000660000000002E8BD337E
2026-03-30 05:20:30 - msg_id_0002 ==> 7E00020000660000000002E8BE307E
2026-03-30 05:20:33 - msg_id_0002 ==> 7E00020000660000000002E8BF317E
2026-03-30 05:20:36 - msg_id_0002 ==> 7E00020000660000000002E8C04E7E
2026-03-30 05:20:39 - msg_id_0002 ==> 7E00020000660000000002E8C14F7E
2026-03-30 05:20:43 - msg_id_0002 ==> 7E00020000660000000002E8C24C7E
2026-03-30 05:20:46 - msg_id_0002 ==> 7E00020000660000000002E8C34D7E
2026-03-30 05:20:49 - msg_id_0002 ==> 7E00020000660000000002E8C54B7E
2026-03-30 05:20:52 - msg_id_0002 ==> 7E00020000660000000002E8C6487E
2026-03-30 05:20:55 - msg_id_0002 ==> 7E00020000660000000002E8C7497E
2026-03-30 05:20:58 - msg_id_0002 ==> 7E00020000660000000002E8C8467E
2026-03-30 05:21:01 - msg_id_0002 ==> 7E00020000660000000002E8C9477E
2026-03-30 05:21:04 - msg_id_0002 ==> 7E00020000660000000002E8CA447E
2026-03-30 05:21:07 - msg_id_0002 ==> 7E00020000660000000002E8CB457E
2026-03-30 05:21:10 - msg_id_0002 ==> 7E00020000660000000002E8CC427E
2026-03-30 05:21:14 - msg_id_0002 ==> 7E00020000660000000002E8CD437E
2026-03-30 05:21:17 - msg_id_0002 ==> 7E00020000660000000002E8CE407E
2026-03-30 05:21:20 - msg_id_0002 ==> 7E00020000660000000002E8D05E7E
2026-03-30 05:21:23 - msg_id_0002 ==> 7E00020000660000000002E8D15F7E
2026-03-30 05:21:26 - msg_id_0002 ==> 7E00020000660000000002E8D25C7E
2026-03-30 05:21:29 - msg_id_0002 ==> 7E00020000660000000002E8D35D7E
2026-03-30 05:21:32 - msg_id_0002 ==> 7E00020000660000000002E8D45A7E
2026-03-30 05:21:35 - msg_id_0002 ==> 7E00020000660000000002E8D55B7E
2026-03-30 05:21:38 - msg_id_0002 ==> 7E00020000660000000002E8D6587E
2026-03-30 05:21:41 - msg_id_0002 ==> 7E00020000660000000002E8D7597E
2026-03-30 05:21:45 - msg_id_0002 ==> 7E00020000660000000002E8D8567E
2026-03-30 05:21:48 - msg_id_0002 ==> 7E00020000660000000002E8D9577E
2026-03-30 05:21:51 - msg_id_0002 ==> 7E00020000660000000002E8DB557E
2026-03-30 05:21:54 - msg_id_0002 ==> 7E00020000660000000002E8DC527E
2026-03-30 05:21:57 - msg_id_0002 ==> 7E00020000660000000002E8DD537E
2026-03-30 05:22:00 - msg_id_0002 ==> 7E00020000660000000002E8DE507E
2026-03-30 05:22:03 - msg_id_0002 ==> 7E00020000660000000002E8DF517E
2026-03-30 05:22:06 - msg_id_0002 ==> 7E00020000660000000002E8E06E7E
2026-03-30 05:22:09 - msg_id_0002 ==> 7E00020000660000000002E8E16F7E
2026-03-30 05:22:12 - msg_id_0002 ==> 7E00020000660000000002E8E26C7E
2026-03-30 05:22:16 - msg_id_0002 ==> 7E00020000660000000002E8E36D7E
2026-03-30 05:22:19 - msg_id_0002 ==> 7E00020000660000000002E8E46A7E
2026-03-30 05:22:22 - msg_id_0002 ==> 7E00020000660000000002E8E6687E
2026-03-30 05:22:25 - msg_id_0002 ==> 7E00020000660000000002E8E7697E
2026-03-30 05:22:28 - msg_id_0002 ==> 7E00020000660000000002E8E8667E
2026-03-30 05:22:31 - msg_id_0002 ==> 7E00020000660000000002E8E9677E
2026-03-30 05:22:34 - msg_id_0002 ==> 7E00020000660000000002E8EA647E
2026-03-30 05:22:37 - msg_id_0002 ==> 7E00020000660000000002E8EB657E
2026-03-30 05:22:40 - msg_id_0002 ==> 7E00020000660000000002E8EC627E
2026-03-30 05:22:43 - msg_id_0002 ==> 7E00020000660000000002E8ED637E
2026-03-30 05:22:47 - msg_id_0002 ==> 7E00020000660000000002E8EE607E
2026-03-30 05:22:50 - msg_id_0002 ==> 7E00020000660000000002E8EF617E
2026-03-30 05:22:53 - msg_id_0002 ==> 7E00020000660000000002E8F17F7E
2026-03-30 05:22:56 - msg_id_0002 ==> 7E00020000660000000002E8F27C7E
2026-03-30 05:22:59 - msg_id_0002 ==> 7E00020000660000000002E8F37D017E
2026-03-30 05:23:02 - msg_id_0002 ==> 7E00020000660000000002E8F47A7E
2026-03-30 05:23:05 - msg_id_0002 ==> 7E00020000660000000002E8F57B7E
2026-03-30 05:23:08 - msg_id_0002 ==> 7E00020000660000000002E8F6787E
2026-03-30 05:23:11 - msg_id_0002 ==> 7E00020000660000000002E8F7797E
2026-03-30 05:23:14 - msg_id_0002 ==> 7E00020000660000000002E8F8767E
2026-03-30 05:23:18 - msg_id_0002 ==> 7E00020000660000000002E8F9777E
2026-03-30 05:23:21 - msg_id_0002 ==> 7E00020000660000000002E8FA747E
2026-03-30 05:23:24 - msg_id_0002 ==> 7E00020000660000000002E8FC727E
2026-03-30 05:23:27 - msg_id_0002 ==> 7E00020000660000000002E8FD737E
2026-03-30 05:23:30 - msg_id_0002 ==> 7E00020000660000000002E8FE707E
2026-03-30 05:23:33 - msg_id_0002 ==> 7E00020000660000000002E8FF717E
2026-03-30 05:23:36 - msg_id_0002 ==> 7E00020000660000000002E9008F7E
2026-03-30 05:23:39 - msg_id_0002 ==> 7E00020000660000000002E9018E7E
2026-03-30 05:23:42 - msg_id_0002 ==> 7E00020000660000000002E9028D7E
2026-03-30 05:23:45 - msg_id_0002 ==> 7E00020000660000000002E9038C7E
2026-03-30 05:23:49 - msg_id_0002 ==> 7E00020000660000000002E9048B7E
2026-03-30 05:23:52 - msg_id_0002 ==> 7E00020000660000000002E9058A7E
2026-03-30 05:23:55 - msg_id_0002 ==> 7E00020000660000000002E907887E
2026-03-30 05:23:58 - msg_id_0002 ==> 7E00020000660000000002E908877E
2026-03-30 05:24:01 - msg_id_0002 ==> 7E00020000660000000002E909867E
2026-03-30 05:24:04 - msg_id_0002 ==> 7E00020000660000000002E90A857E
2026-03-30 05:24:07 - msg_id_0002 ==> 7E00020000660000000002E90B847E
2026-03-30 05:24:10 - msg_id_0002 ==> 7E00020000660000000002E90C837E
2026-03-30 05:24:13 - msg_id_0002 ==> 7E00020000660000000002E90D827E
2026-03-30 05:24:16 - msg_id_0002 ==> 7E00020000660000000002E90E817E
2026-03-30 05:24:20 - msg_id_0002 ==> 7E00020000660000000002E90F807E
2026-03-30 05:24:23 - msg_id_0002 ==> 7E00020000660000000002E9109F7E
2026-03-30 05:24:26 - msg_id_0002 ==> 7E00020000660000000002E9129D7E
2026-03-30 05:24:29 - msg_id_0002 ==> 7E00020000660000000002E9139C7E
2026-03-30 05:24:32 - msg_id_0002 ==> 7E00020000660000000002E9149B7E
2026-03-30 05:24:35 - msg_id_0002 ==> 7E00020000660000000002E9159A7E
2026-03-30 05:24:38 - msg_id_0002 ==> 7E00020000660000000002E916997E
2026-03-30 05:24:41 - msg_id_0002 ==> 7E00020000660000000002E917987E
2026-03-30 05:24:44 - msg_id_0002 ==> 7E00020000660000000002E918977E
2026-03-30 05:24:47 - msg_id_0002 ==> 7E00020000660000000002E919967E
2026-03-30 05:24:51 - msg_id_0002 ==> 7E00020000660000000002E91A957E
2026-03-30 05:24:54 - msg_id_0002 ==> 7E00020000660000000002E91B947E
2026-03-30 05:24:57 - msg_id_0002 ==> 7E00020000660000000002E91D927E
2026-03-30 05:25:00 - msg_id_0002 ==> 7E00020000660000000002E91E917E
2026-03-30 05:25:03 - msg_id_0002 ==> 7E00020000660000000002E91F907E
2026-03-30 05:25:06 - msg_id_0002 ==> 7E00020000660000000002E920AF7E
2026-03-30 05:25:09 - msg_id_0002 ==> 7E00020000660000000002E921AE7E
2026-03-30 05:25:12 - msg_id_0002 ==> 7E00020000660000000002E922AD7E
2026-03-30 05:25:15 - msg_id_0002 ==> 7E00020000660000000002E923AC7E
2026-03-30 05:25:18 - msg_id_0002 ==> 7E00020000660000000002E924AB7E
2026-03-30 05:25:22 - msg_id_0002 ==> 7E00020000660000000002E925AA7E
2026-03-30 05:25:25 - msg_id_0002 ==> 7E00020000660000000002E926A97E
2026-03-30 05:25:28 - msg_id_0002 ==> 7E00020000660000000002E928A77E
2026-03-30 05:25:31 - msg_id_0002 ==> 7E00020000660000000002E929A67E
2026-03-30 05:25:34 - msg_id_0002 ==> 7E00020000660000000002E92AA57E
2026-03-30 05:25:37 - msg_id_0002 ==> 7E00020000660000000002E92BA47E
2026-03-30 05:25:40 - msg_id_0002 ==> 7E00020000660000000002E92CA37E
2026-03-30 05:25:43 - msg_id_0002 ==> 7E00020000660000000002E92DA27E
2026-03-30 05:25:46 - msg_id_0002 ==> 7E00020000660000000002E92EA17E
2026-03-30 05:25:49 - msg_id_0002 ==> 7E00020000660000000002E92FA07E
2026-03-30 05:25:53 - msg_id_0002 ==> 7E00020000660000000002E930BF7E
2026-03-30 05:25:56 - msg_id_0002 ==> 7E00020000660000000002E931BE7E
2026-03-30 05:25:59 - msg_id_0002 ==> 7E00020000660000000002E933BC7E
2026-03-30 05:26:02 - msg_id_0002 ==> 7E00020000660000000002E934BB7E
2026-03-30 05:26:05 - msg_id_0002 ==> 7E00020000660000000002E935BA7E
2026-03-30 05:26:08 - msg_id_0002 ==> 7E00020000660000000002E936B97E
2026-03-30 05:26:11 - msg_id_0002 ==> 7E00020000660000000002E937B87E
2026-03-30 05:26:14 - msg_id_0002 ==> 7E00020000660000000002E938B77E
2026-03-30 05:26:17 - msg_id_0002 ==> 7E00020000660000000002E939B67E
2026-03-30 05:26:20 - msg_id_0002 ==> 7E00020000660000000002E93AB57E
2026-03-30 05:26:24 - msg_id_0002 ==> 7E00020000660000000002E93BB47E
2026-03-30 05:26:27 - msg_id_0002 ==> 7E00020000660000000002E93CB37E
2026-03-30 05:26:30 - msg_id_0002 ==> 7E00020000660000000002E93EB17E
2026-03-30 05:26:33 - msg_id_0002 ==> 7E00020000660000000002E93FB07E
2026-03-30 05:26:36 - msg_id_0002 ==> 7E00020000660000000002E940CF7E
2026-03-30 05:26:39 - msg_id_0002 ==> 7E00020000660000000002E941CE7E
2026-03-30 05:26:42 - msg_id_0002 ==> 7E00020000660000000002E942CD7E
2026-03-30 05:26:45 - msg_id_0002 ==> 7E00020000660000000002E943CC7E
2026-03-30 05:26:48 - msg_id_0002 ==> 7E00020000660000000002E944CB7E
2026-03-30 05:26:51 - msg_id_0002 ==> 7E00020000660000000002E945CA7E
2026-03-30 05:26:55 - msg_id_0002 ==> 7E00020000660000000002E946C97E
2026-03-30 05:26:58 - msg_id_0002 ==> 7E00020000660000000002E947C87E
2026-03-30 05:27:01 - msg_id_0002 ==> 7E00020000660000000002E949C67E
2026-03-30 05:27:04 - msg_id_0002 ==> 7E00020000660000000002E94AC57E
2026-03-30 05:27:07 - msg_id_0002 ==> 7E00020000660000000002E94BC47E
2026-03-30 05:27:10 - msg_id_0002 ==> 7E00020000660000000002E94CC37E
2026-03-30 05:27:13 - msg_id_0002 ==> 7E00020000660000000002E94DC27E
2026-03-30 05:27:16 - msg_id_0002 ==> 7E00020000660000000002E94EC17E
2026-03-30 05:27:19 - msg_id_0002 ==> 7E00020000660000000002E94FC07E
2026-03-30 05:27:22 - msg_id_0002 ==> 7E00020000660000000002E950DF7E
2026-03-30 05:27:26 - msg_id_0002 ==> 7E00020000660000000002E951DE7E
2026-03-30 05:27:29 - msg_id_0002 ==> 7E00020000660000000002E952DD7E
2026-03-30 05:27:32 - msg_id_0002 ==> 7E00020000660000000002E954DB7E
2026-03-30 05:27:35 - msg_id_0002 ==> 7E00020000660000000002E955DA7E
2026-03-30 05:27:38 - msg_id_0002 ==> 7E00020000660000000002E956D97E
2026-03-30 05:27:41 - msg_id_0002 ==> 7E00020000660000000002E957D87E
2026-03-30 05:27:44 - msg_id_0002 ==> 7E00020000660000000002E958D77E
2026-03-30 05:27:47 - msg_id_0002 ==> 7E00020000660000000002E959D67E
2026-03-30 05:27:50 - msg_id_0002 ==> 7E00020000660000000002E95AD57E
2026-03-30 05:27:53 - msg_id_0002 ==> 7E00020000660000000002E95BD47E
2026-03-30 05:27:57 - msg_id_0002 ==> 7E00020000660000000002E95CD37E
2026-03-30 05:28:00 - msg_id_0002 ==> 7E00020000660000000002E95DD27E
2026-03-30 05:28:03 - msg_id_0002 ==> 7E00020000660000000002E95FD07E
2026-03-30 05:28:06 - msg_id_0002 ==> 7E00020000660000000002E960EF7E
2026-03-30 05:28:09 - msg_id_0002 ==> 7E00020000660000000002E961EE7E
2026-03-30 05:28:12 - msg_id_0002 ==> 7E00020000660000000002E962ED7E
2026-03-30 05:28:15 - msg_id_0002 ==> 7E00020000660000000002E963EC7E
2026-03-30 05:28:18 - msg_id_0002 ==> 7E00020000660000000002E964EB7E
2026-03-30 05:28:21 - msg_id_0002 ==> 7E00020000660000000002E965EA7E
2026-03-30 05:28:24 - msg_id_0002 ==> 7E00020000660000000002E966E97E
2026-03-30 05:28:28 - msg_id_0002 ==> 7E00020000660000000002E967E87E
2026-03-30 05:28:31 - msg_id_0002 ==> 7E00020000660000000002E968E77E
2026-03-30 05:28:34 - msg_id_0002 ==> 7E00020000660000000002E96AE57E
2026-03-30 05:28:37 - msg_id_0002 ==> 7E00020000660000000002E96BE47E
2026-03-30 05:28:40 - msg_id_0002 ==> 7E00020000660000000002E96CE37E
2026-03-30 05:28:43 - msg_id_0002 ==> 7E00020000660000000002E96DE27E
2026-03-30 05:28:46 - msg_id_0002 ==> 7E00020000660000000002E96EE17E
2026-03-30 05:28:49 - msg_id_0002 ==> 7E00020000660000000002E96FE07E
2026-03-30 05:28:52 - msg_id_0002 ==> 7E00020000660000000002E970FF7E
2026-03-30 05:28:56 - msg_id_0002 ==> 7E00020000660000000002E971FE7E
2026-03-30 05:28:59 - msg_id_0002 ==> 7E00020000660000000002E972FD7E
2026-03-30 05:29:02 - msg_id_0002 ==> 7E00020000660000000002E973FC7E
2026-03-30 05:29:05 - msg_id_0002 ==> 7E00020000660000000002E975FA7E
2026-03-30 05:29:08 - msg_id_0002 ==> 7E00020000660000000002E976F97E
2026-03-30 05:29:11 - msg_id_0002 ==> 7E00020000660000000002E977F87E
2026-03-30 05:29:14 - msg_id_0002 ==> 7E00020000660000000002E978F77E
2026-03-30 05:29:17 - msg_id_0002 ==> 7E00020000660000000002E979F67E
2026-03-30 05:29:20 - msg_id_0002 ==> 7E00020000660000000002E97AF57E
2026-03-30 05:29:23 - msg_id_0002 ==> 7E00020000660000000002E97BF47E
2026-03-30 05:29:27 - msg_id_0002 ==> 7E00020000660000000002E97CF37E
2026-03-30 05:29:30 - msg_id_0002 ==> 7E00020000660000000002E97D01F27E
2026-03-30 05:29:33 - msg_id_0002 ==> 7E00020000660000000002E97D02F17E
2026-03-30 05:29:40 - msg_id_0002 ==> 7E00020000660000000002E9830C7E
2026-03-30 05:29:43 - msg_id_0002 ==> 7E00020000660000000002E9840B7E
2026-03-30 05:29:46 - msg_id_0002 ==> 7E00020000660000000002E9850A7E
2026-03-30 05:29:49 - msg_id_0002 ==> 7E00020000660000000002E986097E
2026-03-30 05:29:53 - msg_id_0002 ==> 7E00020000660000000002E987087E
2026-03-30 05:29:56 - msg_id_0002 ==> 7E00020000660000000002E988077E
2026-03-30 05:29:59 - msg_id_0002 ==> 7E00020000660000000002E989067E
2026-03-30 05:30:02 - msg_id_0002 ==> 7E00020000660000000002E98A057E
2026-03-30 05:30:05 - msg_id_0002 ==> 7E00020000660000000002E98B047E
2026-03-30 05:30:08 - msg_id_0002 ==> 7E00020000660000000002E98C037E
2026-03-30 05:30:11 - msg_id_0002 ==> 7E00020000660000000002E98E017E
2026-03-30 05:30:14 - msg_id_0002 ==> 7E00020000660000000002E98F007E
2026-03-30 05:30:17 - msg_id_0002 ==> 7E00020000660000000002E9901F7E
2026-03-30 05:30:20 - msg_id_0002 ==> 7E00020000660000000002E9911E7E
2026-03-30 05:30:24 - msg_id_0002 ==> 7E00020000660000000002E9921D7E
2026-03-30 05:30:27 - msg_id_0002 ==> 7E00020000660000000002E9931C7E
2026-03-30 05:30:30 - msg_id_0002 ==> 7E00020000660000000002E9941B7E
2026-03-30 05:30:33 - msg_id_0002 ==> 7E00020000660000000002E9951A7E
2026-03-30 05:30:36 - msg_id_0002 ==> 7E00020000660000000002E996197E
2026-03-30 05:30:39 - msg_id_0002 ==> 7E00020000660000000002E997187E
2026-03-30 05:30:42 - msg_id_0002 ==> 7E00020000660000000002E999167E
2026-03-30 05:30:45 - msg_id_0002 ==> 7E00020000660000000002E99A157E
2026-03-30 05:30:48 - msg_id_0002 ==> 7E00020000660000000002E99B147E
2026-03-30 05:30:51 - msg_id_0002 ==> 7E00020000660000000002E99C137E
2026-03-30 05:30:55 - msg_id_0002 ==> 7E00020000660000000002E99D127E
2026-03-30 05:30:58 - msg_id_0002 ==> 7E00020000660000000002E99E117E
2026-03-30 05:31:01 - msg_id_0002 ==> 7E00020000660000000002E99F107E
2026-03-30 05:31:04 - msg_id_0002 ==> 7E00020000660000000002E9A02F7E
2026-03-30 05:31:07 - msg_id_0002 ==> 7E00020000660000000002E9A12E7E
2026-03-30 05:31:10 - msg_id_0002 ==> 7E00020000660000000002E9A22D7E
2026-03-30 05:31:13 - msg_id_0002 ==> 7E00020000660000000002E9A42B7E
2026-03-30 05:31:16 - msg_id_0002 ==> 7E00020000660000000002E9A52A7E
2026-03-30 05:31:19 - msg_id_0002 ==> 7E00020000660000000002E9A6297E
2026-03-30 05:31:22 - msg_id_0002 ==> 7E00020000660000000002E9A7287E
2026-03-30 05:31:26 - msg_id_0002 ==> 7E00020000660000000002E9A8277E
2026-03-30 05:31:29 - msg_id_0002 ==> 7E00020000660000000002E9A9267E
2026-03-30 05:31:32 - msg_id_0002 ==> 7E00020000660000000002E9AA257E
2026-03-30 05:31:35 - msg_id_0002 ==> 7E00020000660000000002E9AB247E
2026-03-30 05:31:38 - msg_id_0002 ==> 7E00020000660000000002E9AC237E
2026-03-30 05:31:41 - msg_id_0002 ==> 7E00020000660000000002E9AD227E
2026-03-30 05:31:44 - msg_id_0002 ==> 7E00020000660000000002E9AF207E
2026-03-30 05:31:47 - msg_id_0002 ==> 7E00020000660000000002E9B03F7E
2026-03-30 05:31:50 - msg_id_0002 ==> 7E00020000660000000002E9B13E7E
2026-03-30 05:31:53 - msg_id_0002 ==> 7E00020000660000000002E9B23D7E
2026-03-30 05:31:57 - msg_id_0002 ==> 7E00020000660000000002E9B33C7E
2026-03-30 05:32:00 - msg_id_0002 ==> 7E00020000660000000002E9B43B7E
2026-03-30 05:32:03 - msg_id_0002 ==> 7E00020000660000000002E9B53A7E
2026-03-30 05:32:06 - msg_id_0002 ==> 7E00020000660000000002E9B6397E
2026-03-30 05:32:09 - msg_id_0002 ==> 7E00020000660000000002E9B7387E
2026-03-30 05:32:12 - msg_id_0002 ==> 7E00020000660000000002E9B8377E
2026-03-30 05:32:15 - msg_id_0002 ==> 7E00020000660000000002E9BA357E
2026-03-30 05:32:18 - msg_id_0002 ==> 7E00020000660000000002E9BB347E
2026-03-30 05:32:21 - msg_id_0002 ==> 7E00020000660000000002E9BC337E
2026-03-30 05:32:24 - msg_id_0002 ==> 7E00020000660000000002E9BD327E
2026-03-30 05:32:28 - msg_id_0002 ==> 7E00020000660000000002E9BE317E
2026-03-30 05:32:31 - msg_id_0002 ==> 7E00020000660000000002E9BF307E
2026-03-30 05:32:34 - msg_id_0002 ==> 7E00020000660000000002E9C04F7E
2026-03-30 05:32:37 - msg_id_0002 ==> 7E00020000660000000002E9C14E7E
2026-03-30 05:32:40 - msg_id_0002 ==> 7E00020000660000000002E9C24D7E
2026-03-30 05:32:43 - msg_id_0002 ==> 7E00020000660000000002E9C34C7E
2026-03-30 05:32:46 - msg_id_0002 ==> 7E00020000660000000002E9C54A7E
2026-03-30 05:32:49 - msg_id_0002 ==> 7E00020000660000000002E9C6497E
2026-03-30 05:32:52 - msg_id_0002 ==> 7E00020000660000000002E9C7487E
2026-03-30 05:32:55 - msg_id_0002 ==> 7E00020000660000000002E9C8477E
2026-03-30 05:32:59 - msg_id_0002 ==> 7E00020000660000000002E9C9467E
2026-03-30 05:33:02 - msg_id_0002 ==> 7E00020000660000000002E9CA457E
2026-03-30 05:33:05 - msg_id_0002 ==> 7E00020000660000000002E9CB447E
2026-03-30 05:33:08 - msg_id_0002 ==> 7E00020000660000000002E9CC437E
2026-03-30 05:33:11 - msg_id_0002 ==> 7E00020000660000000002E9CD427E
2026-03-30 05:33:14 - msg_id_0002 ==> 7E00020000660000000002E9CE417E
2026-03-30 05:33:17 - msg_id_0002 ==> 7E00020000660000000002E9D05F7E
2026-03-30 05:33:20 - msg_id_0002 ==> 7E00020000660000000002E9D15E7E
2026-03-30 05:33:23 - msg_id_0002 ==> 7E00020000660000000002E9D25D7E
2026-03-30 05:33:27 - msg_id_0002 ==> 7E00020000660000000002E9D35C7E
2026-03-30 05:33:30 - msg_id_0002 ==> 7E00020000660000000002E9D45B7E
2026-03-30 05:33:33 - msg_id_0002 ==> 7E00020000660000000002E9D55A7E
2026-03-30 05:33:36 - msg_id_0002 ==> 7E00020000660000000002E9D6597E
2026-03-30 05:33:39 - msg_id_0002 ==> 7E00020000660000000002E9D7587E
2026-03-30 05:33:42 - msg_id_0002 ==> 7E00020000660000000002E9D8577E
2026-03-30 05:33:45 - msg_id_0002 ==> 7E00020000660000000002E9D9567E
2026-03-30 05:33:48 - msg_id_0002 ==> 7E00020000660000000002E9DB547E
2026-03-30 05:33:51 - msg_id_0002 ==> 7E00020000660000000002E9DC537E
2026-03-30 05:33:54 - msg_id_0002 ==> 7E00020000660000000002E9DD527E
2026-03-30 05:33:58 - msg_id_0002 ==> 7E00020000660000000002E9DE517E
2026-03-30 05:34:01 - msg_id_0002 ==> 7E00020000660000000002E9DF507E
2026-03-30 05:34:04 - msg_id_0002 ==> 7E00020000660000000002E9E06F7E
2026-03-30 05:34:07 - msg_id_0002 ==> 7E00020000660000000002E9E16E7E
2026-03-30 05:34:10 - msg_id_0002 ==> 7E00020000660000000002E9E26D7E
2026-03-30 05:34:13 - msg_id_0002 ==> 7E00020000660000000002E9E36C7E
2026-03-30 05:34:16 - msg_id_0002 ==> 7E00020000660000000002E9E46B7E
2026-03-30 05:34:19 - msg_id_0002 ==> 7E00020000660000000002E9E6697E
2026-03-30 05:34:22 - msg_id_0002 ==> 7E00020000660000000002E9E7687E
2026-03-30 05:34:25 - msg_id_0002 ==> 7E00020000660000000002E9E8677E
2026-03-30 05:34:29 - msg_id_0002 ==> 7E00020000660000000002E9E9667E
2026-03-30 05:34:32 - msg_id_0002 ==> 7E00020000660000000002E9EA657E
2026-03-30 05:34:35 - msg_id_0002 ==> 7E00020000660000000002E9EB647E
2026-03-30 05:34:38 - msg_id_0002 ==> 7E00020000660000000002E9EC637E
2026-03-30 05:34:41 - msg_id_0002 ==> 7E00020000660000000002E9ED627E
2026-03-30 05:34:44 - msg_id_0002 ==> 7E00020000660000000002E9EE617E
2026-03-30 05:34:47 - msg_id_0002 ==> 7E00020000660000000002E9EF607E
2026-03-30 05:34:50 - msg_id_0002 ==> 7E00020000660000000002E9F17D027E
2026-03-30 05:34:53 - msg_id_0002 ==> 7E00020000660000000002E9F27D017E
2026-03-30 05:34:56 - msg_id_0002 ==> 7E00020000660000000002E9F37C7E
2026-03-30 05:35:00 - msg_id_0002 ==> 7E00020000660000000002E9F47B7E
2026-03-30 05:35:03 - msg_id_0002 ==> 7E00020000660000000002E9F57A7E
2026-03-30 05:35:06 - msg_id_0002 ==> 7E00020000660000000002E9F6797E
2026-03-30 05:35:09 - msg_id_0002 ==> 7E00020000660000000002E9F7787E
2026-03-30 05:35:12 - msg_id_0002 ==> 7E00020000660000000002E9F8777E
2026-03-30 05:35:15 - msg_id_0002 ==> 7E00020000660000000002E9F9767E
2026-03-30 05:35:18 - msg_id_0002 ==> 7E00020000660000000002E9FA757E
2026-03-30 05:35:21 - msg_id_0002 ==> 7E00020000660000000002E9FC737E
2026-03-30 05:35:24 - msg_id_0002 ==> 7E00020000660000000002E9FD727E
2026-03-30 05:35:27 - msg_id_0002 ==> 7E00020000660000000002E9FE717E
2026-03-30 05:35:31 - msg_id_0002 ==> 7E00020000660000000002E9FF707E
2026-03-30 05:35:34 - msg_id_0002 ==> 7E00020000660000000002EA008C7E
2026-03-30 05:35:37 - msg_id_0002 ==> 7E00020000660000000002EA018D7E
2026-03-30 05:35:40 - msg_id_0002 ==> 7E00020000660000000002EA028E7E
2026-03-30 05:35:43 - msg_id_0002 ==> 7E00020000660000000002EA038F7E
2026-03-30 05:35:46 - msg_id_0002 ==> 7E00020000660000000002EA04887E
2026-03-30 05:35:49 - msg_id_0002 ==> 7E00020000660000000002EA05897E
2026-03-30 05:35:52 - msg_id_0002 ==> 7E00020000660000000002EA078B7E
2026-03-30 05:35:55 - msg_id_0002 ==> 7E00020000660000000002EA08847E
2026-03-30 05:35:58 - msg_id_0002 ==> 7E00020000660000000002EA09857E
2026-03-30 05:36:02 - msg_id_0002 ==> 7E00020000660000000002EA0A867E
2026-03-30 05:36:05 - msg_id_0002 ==> 7E00020000660000000002EA0B877E
2026-03-30 05:36:08 - msg_id_0002 ==> 7E00020000660000000002EA0C807E
2026-03-30 05:36:11 - msg_id_0002 ==> 7E00020000660000000002EA0D817E
2026-03-30 05:36:14 - msg_id_0002 ==> 7E00020000660000000002EA0E827E
2026-03-30 05:36:17 - msg_id_0002 ==> 7E00020000660000000002EA0F837E
2026-03-30 05:36:20 - msg_id_0002 ==> 7E00020000660000000002EA109C7E
2026-03-30 05:36:23 - msg_id_0002 ==> 7E00020000660000000002EA129E7E
2026-03-30 05:36:26 - msg_id_0002 ==> 7E00020000660000000002EA139F7E
2026-03-30 05:36:29 - msg_id_0002 ==> 7E00020000660000000002EA14987E
2026-03-30 05:36:33 - msg_id_0002 ==> 7E00020000660000000002EA15997E
2026-03-30 05:36:36 - msg_id_0002 ==> 7E00020000660000000002EA169A7E
2026-03-30 05:36:39 - msg_id_0002 ==> 7E00020000660000000002EA179B7E
2026-03-30 05:36:42 - msg_id_0002 ==> 7E00020000660000000002EA18947E
2026-03-30 05:36:45 - msg_id_0002 ==> 7E00020000660000000002EA19957E
2026-03-30 05:36:48 - msg_id_0002 ==> 7E00020000660000000002EA1A967E
2026-03-30 05:36:51 - msg_id_0002 ==> 7E00020000660000000002EA1B977E
2026-03-30 05:36:54 - msg_id_0002 ==> 7E00020000660000000002EA1D917E
2026-03-30 05:36:57 - msg_id_0002 ==> 7E00020000660000000002EA1E927E
2026-03-30 05:37:00 - msg_id_0002 ==> 7E00020000660000000002EA1F937E
2026-03-30 05:37:04 - msg_id_0002 ==> 7E00020000660000000002EA20AC7E
2026-03-30 05:37:07 - msg_id_0002 ==> 7E00020000660000000002EA21AD7E
2026-03-30 05:37:10 - msg_id_0002 ==> 7E00020000660000000002EA22AE7E
2026-03-30 05:37:13 - msg_id_0002 ==> 7E00020000660000000002EA23AF7E
2026-03-30 05:37:16 - msg_id_0002 ==> 7E00020000660000000002EA24A87E
2026-03-30 05:37:19 - msg_id_0002 ==> 7E00020000660000000002EA25A97E
2026-03-30 05:37:22 - msg_id_0002 ==> 7E00020000660000000002EA26AA7E
2026-03-30 05:37:25 - msg_id_0002 ==> 7E00020000660000000002EA28A47E
2026-03-30 05:37:28 - msg_id_0002 ==> 7E00020000660000000002EA29A57E
2026-03-30 05:37:31 - msg_id_0002 ==> 7E00020000660000000002EA2AA67E
2026-03-30 05:37:35 - msg_id_0002 ==> 7E00020000660000000002EA2BA77E
2026-03-30 05:37:38 - msg_id_0002 ==> 7E00020000660000000002EA2CA07E
2026-03-30 05:37:41 - msg_id_0002 ==> 7E00020000660000000002EA2DA17E
2026-03-30 05:37:44 - msg_id_0002 ==> 7E00020000660000000002EA2EA27E
2026-03-30 05:37:47 - msg_id_0002 ==> 7E00020000660000000002EA2FA37E
2026-03-30 05:37:50 - msg_id_0002 ==> 7E00020000660000000002EA30BC7E
2026-03-30 05:37:53 - msg_id_0002 ==> 7E00020000660000000002EA31BD7E
2026-03-30 05:37:56 - msg_id_0002 ==> 7E00020000660000000002EA33BF7E
2026-03-30 05:37:59 - msg_id_0002 ==> 7E00020000660000000002EA34B87E
2026-03-30 05:38:02 - msg_id_0002 ==> 7E00020000660000000002EA35B97E
2026-03-30 05:38:06 - msg_id_0002 ==> 7E00020000660000000002EA36BA7E
2026-03-30 05:38:09 - msg_id_0002 ==> 7E00020000660000000002EA37BB7E
2026-03-30 05:38:12 - msg_id_0002 ==> 7E00020000660000000002EA38B47E
2026-03-30 05:38:15 - msg_id_0002 ==> 7E00020000660000000002EA39B57E
2026-03-30 05:38:18 - msg_id_0002 ==> 7E00020000660000000002EA3AB67E
2026-03-30 05:38:21 - msg_id_0002 ==> 7E00020000660000000002EA3BB77E
2026-03-30 05:38:24 - msg_id_0002 ==> 7E00020000660000000002EA3CB07E
2026-03-30 05:38:27 - msg_id_0002 ==> 7E00020000660000000002EA3EB27E
2026-03-30 05:38:30 - msg_id_0002 ==> 7E00020000660000000002EA3FB37E
2026-03-30 05:38:33 - msg_id_0002 ==> 7E00020000660000000002EA40CC7E
2026-03-30 05:38:37 - msg_id_0002 ==> 7E00020000660000000002EA41CD7E
2026-03-30 05:38:40 - msg_id_0002 ==> 7E00020000660000000002EA42CE7E
2026-03-30 05:38:43 - msg_id_0002 ==> 7E00020000660000000002EA43CF7E
2026-03-30 05:38:46 - msg_id_0002 ==> 7E00020000660000000002EA44C87E
2026-03-30 05:38:49 - msg_id_0002 ==> 7E00020000660000000002EA45C97E
2026-03-30 05:38:52 - msg_id_0002 ==> 7E00020000660000000002EA46CA7E
2026-03-30 05:38:55 - msg_id_0002 ==> 7E00020000660000000002EA47CB7E
2026-03-30 05:38:58 - msg_id_0002 ==> 7E00020000660000000002EA49C57E
2026-03-30 05:39:01 - msg_id_0002 ==> 7E00020000660000000002EA4AC67E
2026-03-30 05:39:04 - msg_id_0002 ==> 7E00020000660000000002EA4BC77E
2026-03-30 05:39:08 - msg_id_0002 ==> 7E00020000660000000002EA4CC07E
2026-03-30 05:39:11 - msg_id_0002 ==> 7E00020000660000000002EA4DC17E
2026-03-30 05:39:14 - msg_id_0002 ==> 7E00020000660000000002EA4EC27E
2026-03-30 05:39:17 - msg_id_0002 ==> 7E00020000660000000002EA4FC37E
2026-03-30 05:39:20 - msg_id_0002 ==> 7E00020000660000000002EA50DC7E
2026-03-30 05:39:23 - msg_id_0002 ==> 7E00020000660000000002EA51DD7E
2026-03-30 05:39:26 - msg_id_0002 ==> 7E00020000660000000002EA52DE7E
2026-03-30 05:39:29 - msg_id_0002 ==> 7E00020000660000000002EA54D87E
2026-03-30 05:39:32 - msg_id_0002 ==> 7E00020000660000000002EA55D97E
2026-03-30 05:39:35 - msg_id_0002 ==> 7E00020000660000000002EA56DA7E
2026-03-30 05:39:39 - msg_id_0002 ==> 7E00020000660000000002EA57DB7E
2026-03-30 05:39:42 - msg_id_0002 ==> 7E00020000660000000002EA58D47E
2026-03-30 05:39:45 - msg_id_0002 ==> 7E00020000660000000002EA59D57E
2026-03-30 05:39:48 - msg_id_0002 ==> 7E00020000660000000002EA5AD67E
2026-03-30 05:39:51 - msg_id_0002 ==> 7E00020000660000000002EA5BD77E
2026-03-30 05:39:54 - msg_id_0002 ==> 7E00020000660000000002EA5CD07E
2026-03-30 05:39:57 - msg_id_0002 ==> 7E00020000660000000002EA5DD17E
2026-03-30 05:40:00 - msg_id_0002 ==> 7E00020000660000000002EA5FD37E
2026-03-30 05:40:03 - msg_id_0002 ==> 7E00020000660000000002EA60EC7E
2026-03-30 05:40:06 - msg_id_0002 ==> 7E00020000660000000002EA61ED7E
2026-03-30 05:40:10 - msg_id_0002 ==> 7E00020000660000000002EA62EE7E
2026-03-30 05:40:13 - msg_id_0002 ==> 7E00020000660000000002EA63EF7E
2026-03-30 05:40:16 - msg_id_0002 ==> 7E00020000660000000002EA64E87E
2026-03-30 05:40:19 - msg_id_0002 ==> 7E00020000660000000002EA65E97E
2026-03-30 05:40:22 - msg_id_0002 ==> 7E00020000660000000002EA66EA7E
2026-03-30 05:40:25 - msg_id_0002 ==> 7E00020000660000000002EA67EB7E
2026-03-30 05:40:28 - msg_id_0002 ==> 7E00020000660000000002EA68E47E
2026-03-30 05:40:31 - msg_id_0002 ==> 7E00020000660000000002EA6AE67E
2026-03-30 05:40:34 - msg_id_0002 ==> 7E00020000660000000002EA6BE77E
2026-03-30 05:40:37 - msg_id_0002 ==> 7E00020000660000000002EA6CE07E
2026-03-30 05:40:41 - msg_id_0002 ==> 7E00020000660000000002EA6DE17E
2026-03-30 05:40:44 - msg_id_0002 ==> 7E00020000660000000002EA6EE27E
2026-03-30 05:40:47 - msg_id_0002 ==> 7E00020000660000000002EA6FE37E
2026-03-30 05:40:50 - msg_id_0002 ==> 7E00020000660000000002EA70FC7E
2026-03-30 05:40:53 - msg_id_0002 ==> 7E00020000660000000002EA71FD7E
2026-03-30 05:40:56 - msg_id_0002 ==> 7E00020000660000000002EA72FE7E
2026-03-30 05:40:59 - msg_id_0002 ==> 7E00020000660000000002EA73FF7E
2026-03-30 05:41:02 - msg_id_0002 ==> 7E00020000660000000002EA75F97E
2026-03-30 05:41:05 - msg_id_0002 ==> 7E00020000660000000002EA76FA7E
2026-03-30 05:41:08 - msg_id_0002 ==> 7E00020000660000000002EA77FB7E
2026-03-30 05:41:12 - msg_id_0002 ==> 7E00020000660000000002EA78F47E
2026-03-30 05:41:15 - msg_id_0002 ==> 7E00020000660000000002EA79F57E
2026-03-30 05:41:18 - msg_id_0002 ==> 7E00020000660000000002EA7AF67E
2026-03-30 05:41:21 - msg_id_0002 ==> 7E00020000660000000002EA7BF77E
2026-03-30 05:41:24 - msg_id_0002 ==> 7E00020000660000000002EA7CF07E
2026-03-30 05:41:27 - msg_id_0002 ==> 7E00020000660000000002EA7D01F17E
2026-03-30 05:41:30 - msg_id_0002 ==> 7E00020000660000000002EA7D02F27E
2026-03-30 05:41:38 - msg_id_0002 ==> 7E00020000660000000002EA830F7E
2026-03-30 05:41:41 - msg_id_0002 ==> 7E00020000660000000002EA84087E
2026-03-30 05:41:44 - msg_id_0002 ==> 7E00020000660000000002EA85097E
2026-03-30 05:41:47 - msg_id_0002 ==> 7E00020000660000000002EA860A7E
2026-03-30 05:41:50 - msg_id_0002 ==> 7E00020000660000000002EA870B7E
2026-03-30 05:41:53 - msg_id_0002 ==> 7E00020000660000000002EA88047E
2026-03-30 05:41:56 - msg_id_0002 ==> 7E00020000660000000002EA89057E
2026-03-30 05:42:00 - msg_id_0002 ==> 7E00020000660000000002EA8A067E
2026-03-30 05:42:03 - msg_id_0002 ==> 7E00020000660000000002EA8B077E
2026-03-30 05:42:06 - msg_id_0002 ==> 7E00020000660000000002EA8C007E
2026-03-30 05:42:09 - msg_id_0002 ==> 7E00020000660000000002EA8E027E
2026-03-30 05:42:12 - msg_id_0002 ==> 7E00020000660000000002EA8F037E
2026-03-30 05:42:15 - msg_id_0002 ==> 7E00020000660000000002EA901C7E
2026-03-30 05:42:18 - msg_id_0002 ==> 7E00020000660000000002EA911D7E
2026-03-30 05:42:21 - msg_id_0002 ==> 7E00020000660000000002EA921E7E
2026-03-30 05:42:24 - msg_id_0002 ==> 7E00020000660000000002EA931F7E
2026-03-30 05:42:27 - msg_id_0002 ==> 7E00020000660000000002EA94187E
2026-03-30 05:42:31 - msg_id_0002 ==> 7E00020000660000000002EA95197E
2026-03-30 05:42:34 - msg_id_0002 ==> 7E00020000660000000002EA961A7E
2026-03-30 05:42:37 - msg_id_0002 ==> 7E00020000660000000002EA971B7E
2026-03-30 05:42:40 - msg_id_0002 ==> 7E00020000660000000002EA99157E
2026-03-30 05:42:43 - msg_id_0002 ==> 7E00020000660000000002EA9A167E
2026-03-30 05:42:46 - msg_id_0002 ==> 7E00020000660000000002EA9B177E
2026-03-30 05:42:49 - msg_id_0002 ==> 7E00020000660000000002EA9C107E
2026-03-30 05:42:52 - msg_id_0002 ==> 7E00020000660000000002EA9D117E
2026-03-30 05:42:55 - msg_id_0002 ==> 7E00020000660000000002EA9E127E
2026-03-30 05:42:58 - msg_id_0002 ==> 7E00020000660000000002EA9F137E
2026-03-30 05:43:02 - msg_id_0002 ==> 7E00020000660000000002EAA02C7E
2026-03-30 05:43:05 - msg_id_0002 ==> 7E00020000660000000002EAA12D7E
2026-03-30 05:43:08 - msg_id_0002 ==> 7E00020000660000000002EAA22E7E
2026-03-30 05:43:11 - msg_id_0002 ==> 7E00020000660000000002EAA4287E
2026-03-30 05:43:14 - msg_id_0002 ==> 7E00020000660000000002EAA5297E
2026-03-30 05:43:17 - msg_id_0002 ==> 7E00020000660000000002EAA62A7E
2026-03-30 05:43:20 - msg_id_0002 ==> 7E00020000660000000002EAA72B7E
2026-03-30 05:43:23 - msg_id_0002 ==> 7E00020000660000000002EAA8247E
2026-03-30 05:43:26 - msg_id_0002 ==> 7E00020000660000000002EAA9257E
2026-03-30 05:43:29 - msg_id_0002 ==> 7E00020000660000000002EAAA267E
2026-03-30 05:43:33 - msg_id_0002 ==> 7E00020000660000000002EAAB277E
2026-03-30 05:43:36 - msg_id_0002 ==> 7E00020000660000000002EAAC207E
2026-03-30 05:43:39 - msg_id_0002 ==> 7E00020000660000000002EAAD217E
2026-03-30 05:43:42 - msg_id_0002 ==> 7E00020000660000000002EAAF237E
2026-03-30 05:43:45 - msg_id_0002 ==> 7E00020000660000000002EAB03C7E
2026-03-30 05:43:48 - msg_id_0002 ==> 7E00020000660000000002EAB13D7E
2026-03-30 05:43:51 - msg_id_0002 ==> 7E00020000660000000002EAB23E7E
2026-03-30 05:43:54 - msg_id_0002 ==> 7E00020000660000000002EAB33F7E
2026-03-30 05:43:57 - msg_id_0002 ==> 7E00020000660000000002EAB4387E
2026-03-30 05:44:00 - msg_id_0002 ==> 7E00020000660000000002EAB5397E
2026-03-30 05:44:04 - msg_id_0002 ==> 7E00020000660000000002EAB63A7E
2026-03-30 05:44:07 - msg_id_0002 ==> 7E00020000660000000002EAB73B7E
2026-03-30 05:44:10 - msg_id_0002 ==> 7E00020000660000000002EAB8347E
2026-03-30 05:44:13 - msg_id_0002 ==> 7E00020000660000000002EABA367E
2026-03-30 05:44:16 - msg_id_0002 ==> 7E00020000660000000002EABB377E
2026-03-30 05:44:19 - msg_id_0002 ==> 7E00020000660000000002EABC307E
2026-03-30 05:44:22 - msg_id_0002 ==> 7E00020000660000000002EABD317E
2026-03-30 05:44:25 - msg_id_0002 ==> 7E00020000660000000002EABE327E
2026-03-30 05:44:28 - msg_id_0002 ==> 7E00020000660000000002EABF337E
2026-03-30 05:44:31 - msg_id_0002 ==> 7E00020000660000000002EAC04C7E
2026-03-30 05:44:35 - msg_id_0002 ==> 7E00020000660000000002EAC14D7E
2026-03-30 05:44:38 - msg_id_0002 ==> 7E00020000660000000002EAC24E7E
2026-03-30 05:44:41 - msg_id_0002 ==> 7E00020000660000000002EAC34F7E
2026-03-30 05:44:44 - msg_id_0002 ==> 7E00020000660000000002EAC5497E
2026-03-30 05:44:47 - msg_id_0002 ==> 7E00020000660000000002EAC64A7E
2026-03-30 05:44:50 - msg_id_0002 ==> 7E00020000660000000002EAC74B7E
2026-03-30 05:44:53 - msg_id_0002 ==> 7E00020000660000000002EAC8447E
2026-03-30 05:44:56 - msg_id_0002 ==> 7E00020000660000000002EAC9457E
2026-03-30 05:44:59 - msg_id_0002 ==> 7E00020000660000000002EACA467E
2026-03-30 05:45:02 - msg_id_0002 ==> 7E00020000660000000002EACB477E
2026-03-30 05:45:06 - msg_id_0002 ==> 7E00020000660000000002EACC407E
2026-03-30 05:45:09 - msg_id_0002 ==> 7E00020000660000000002EACD417E
2026-03-30 05:45:12 - msg_id_0002 ==> 7E00020000660000000002EACE427E
2026-03-30 05:45:15 - msg_id_0002 ==> 7E00020000660000000002EAD05C7E
2026-03-30 05:45:18 - msg_id_0002 ==> 7E00020000660000000002EAD15D7E
2026-03-30 05:45:21 - msg_id_0002 ==> 7E00020000660000000002EAD25E7E
2026-03-30 05:45:24 - msg_id_0002 ==> 7E00020000660000000002EAD35F7E
2026-03-30 05:45:27 - msg_id_0002 ==> 7E00020000660000000002EAD4587E
2026-03-30 05:45:30 - msg_id_0002 ==> 7E00020000660000000002EAD5597E
2026-03-30 05:45:33 - msg_id_0002 ==> 7E00020000660000000002EAD65A7E
2026-03-30 05:45:37 - msg_id_0002 ==> 7E00020000660000000002EAD75B7E
2026-03-30 05:45:40 - msg_id_0002 ==> 7E00020000660000000002EAD8547E
2026-03-30 05:45:43 - msg_id_0002 ==> 7E00020000660000000002EAD9557E
2026-03-30 05:45:46 - msg_id_0002 ==> 7E00020000660000000002EADB577E
2026-03-30 05:45:49 - msg_id_0002 ==> 7E00020000660000000002EADC507E
2026-03-30 05:45:52 - msg_id_0002 ==> 7E00020000660000000002EADD517E
2026-03-30 05:45:55 - msg_id_0002 ==> 7E00020000660000000002EADE527E
2026-03-30 05:45:58 - msg_id_0002 ==> 7E00020000660000000002EADF537E
2026-03-30 05:46:01 - msg_id_0002 ==> 7E00020000660000000002EAE06C7E
2026-03-30 05:46:05 - msg_id_0002 ==> 7E00020000660000000002EAE16D7E
2026-03-30 05:46:08 - msg_id_0002 ==> 7E00020000660000000002EAE26E7E
2026-03-30 05:46:11 - msg_id_0002 ==> 7E00020000660000000002EAE36F7E
2026-03-30 05:46:14 - msg_id_0002 ==> 7E00020000660000000002EAE4687E
2026-03-30 05:46:17 - msg_id_0002 ==> 7E00020000660000000002EAE66A7E
2026-03-30 05:46:20 - msg_id_0002 ==> 7E00020000660000000002EAE76B7E
2026-03-30 05:46:23 - msg_id_0002 ==> 7E00020000660000000002EAE8647E
2026-03-30 05:46:26 - msg_id_0002 ==> 7E00020000660000000002EAE9657E
2026-03-30 05:46:29 - msg_id_0002 ==> 7E00020000660000000002EAEA667E
2026-03-30 05:46:32 - msg_id_0002 ==> 7E00020000660000000002EAEB677E
2026-03-30 05:46:36 - msg_id_0002 ==> 7E00020000660000000002EAEC607E
2026-03-30 05:46:39 - msg_id_0002 ==> 7E00020000660000000002EAED617E
2026-03-30 05:46:42 - msg_id_0002 ==> 7E00020000660000000002EAEE627E
2026-03-30 05:46:45 - msg_id_0002 ==> 7E00020000660000000002EAEF637E
2026-03-30 05:46:48 - msg_id_0002 ==> 7E00020000660000000002EAF17D017E
2026-03-30 05:46:51 - msg_id_0002 ==> 7E00020000660000000002EAF27D027E
2026-03-30 05:46:54 - msg_id_0002 ==> 7E00020000660000000002EAF37F7E
2026-03-30 05:46:57 - msg_id_0002 ==> 7E00020000660000000002EAF4787E
2026-03-30 05:47:00 - msg_id_0002 ==> 7E00020000660000000002EAF5797E
2026-03-30 05:47:03 - msg_id_0002 ==> 7E00020000660000000002EAF67A7E
2026-03-30 05:47:07 - msg_id_0002 ==> 7E00020000660000000002EAF77B7E
2026-03-30 05:47:10 - msg_id_0002 ==> 7E00020000660000000002EAF8747E
2026-03-30 05:47:13 - msg_id_0002 ==> 7E00020000660000000002EAF9757E
2026-03-30 05:47:16 - msg_id_0002 ==> 7E00020000660000000002EAFA767E
2026-03-30 05:47:19 - msg_id_0002 ==> 7E00020000660000000002EAFC707E
2026-03-30 05:47:22 - msg_id_0002 ==> 7E00020000660000000002EAFD717E
2026-03-30 05:47:25 - msg_id_0002 ==> 7E00020000660000000002EAFE727E
2026-03-30 05:47:28 - msg_id_0002 ==> 7E00020000660000000002EAFF737E
2026-03-30 05:47:31 - msg_id_0002 ==> 7E00020000660000000002EB008D7E
2026-03-30 05:47:34 - msg_id_0002 ==> 7E00020000660000000002EB018C7E
2026-03-30 05:47:38 - msg_id_0002 ==> 7E00020000660000000002EB028F7E
2026-03-30 05:47:41 - msg_id_0002 ==> 7E00020000660000000002EB038E7E
2026-03-30 05:47:44 - msg_id_0002 ==> 7E00020000660000000002EB04897E
2026-03-30 05:47:47 - msg_id_0002 ==> 7E00020000660000000002EB05887E
2026-03-30 05:47:50 - msg_id_0002 ==> 7E00020000660000000002EB078A7E
2026-03-30 05:47:53 - msg_id_0002 ==> 7E00020000660000000002EB08857E
2026-03-30 05:47:56 - msg_id_0002 ==> 7E00020000660000000002EB09847E
2026-03-30 05:47:59 - msg_id_0002 ==> 7E00020000660000000002EB0A877E
2026-03-30 05:48:02 - msg_id_0002 ==> 7E00020000660000000002EB0B867E
2026-03-30 05:48:05 - msg_id_0002 ==> 7E00020000660000000002EB0C817E
2026-03-30 05:48:09 - msg_id_0002 ==> 7E00020000660000000002EB0D807E
2026-03-30 05:48:12 - msg_id_0002 ==> 7E00020000660000000002EB0E837E
2026-03-30 05:48:15 - msg_id_0002 ==> 7E00020000660000000002EB0F827E
2026-03-30 05:48:18 - msg_id_0002 ==> 7E00020000660000000002EB109D7E
2026-03-30 05:48:21 - msg_id_0002 ==> 7E00020000660000000002EB129F7E
2026-03-30 05:48:24 - msg_id_0002 ==> 7E00020000660000000002EB139E7E
2026-03-30 05:48:27 - msg_id_0002 ==> 7E00020000660000000002EB14997E
2026-03-30 05:48:30 - msg_id_0002 ==> 7E00020000660000000002EB15987E
2026-03-30 05:48:33 - msg_id_0002 ==> 7E00020000660000000002EB169B7E
2026-03-30 05:48:36 - msg_id_0002 ==> 7E00020000660000000002EB179A7E
2026-03-30 05:48:40 - msg_id_0002 ==> 7E00020000660000000002EB18957E
2026-03-30 05:48:43 - msg_id_0002 ==> 7E00020000660000000002EB19947E
2026-03-30 05:48:46 - msg_id_0002 ==> 7E00020000660000000002EB1A977E
2026-03-30 05:48:49 - msg_id_0002 ==> 7E00020000660000000002EB1B967E
2026-03-30 05:48:52 - msg_id_0002 ==> 7E00020000660000000002EB1D907E
2026-03-30 05:48:55 - msg_id_0002 ==> 7E00020000660000000002EB1E937E
2026-03-30 05:48:58 - msg_id_0002 ==> 7E00020000660000000002EB1F927E
2026-03-30 05:49:01 - msg_id_0002 ==> 7E00020000660000000002EB20AD7E
2026-03-30 05:49:04 - msg_id_0002 ==> 7E00020000660000000002EB21AC7E
2026-03-30 05:49:08 - msg_id_0002 ==> 7E00020000660000000002EB22AF7E
2026-03-30 05:49:11 - msg_id_0002 ==> 7E00020000660000000002EB23AE7E
2026-03-30 05:49:14 - msg_id_0002 ==> 7E00020000660000000002EB24A97E
2026-03-30 05:49:17 - msg_id_0002 ==> 7E00020000660000000002EB25A87E
2026-03-30 05:49:20 - msg_id_0002 ==> 7E00020000660000000002EB26AB7E
2026-03-30 05:49:23 - msg_id_0002 ==> 7E00020000660000000002EB28A57E
2026-03-30 05:49:26 - msg_id_0002 ==> 7E00020000660000000002EB29A47E
2026-03-30 05:49:29 - msg_id_0002 ==> 7E00020000660000000002EB2AA77E
2026-03-30 05:49:32 - msg_id_0002 ==> 7E00020000660000000002EB2BA67E
2026-03-30 05:49:35 - msg_id_0002 ==> 7E00020000660000000002EB2CA17E
2026-03-30 05:49:38 - msg_id_0002 ==> 7E00020000660000000002EB2DA07E
2026-03-30 05:49:42 - msg_id_0002 ==> 7E00020000660000000002EB2EA37E
2026-03-30 05:49:45 - msg_id_0002 ==> 7E00020000660000000002EB2FA27E
2026-03-30 05:49:48 - msg_id_0002 ==> 7E00020000660000000002EB30BD7E
2026-03-30 05:49:51 - msg_id_0002 ==> 7E00020000660000000002EB31BC7E
2026-03-30 05:49:54 - msg_id_0002 ==> 7E00020000660000000002EB33BE7E
2026-03-30 05:49:57 - msg_id_0002 ==> 7E00020000660000000002EB34B97E
2026-03-30 05:50:00 - msg_id_0002 ==> 7E00020000660000000002EB35B87E
2026-03-30 05:50:03 - msg_id_0002 ==> 7E00020000660000000002EB36BB7E
2026-03-30 05:50:06 - msg_id_0002 ==> 7E00020000660000000002EB37BA7E
2026-03-30 05:50:09 - msg_id_0002 ==> 7E00020000660000000002EB38B57E
2026-03-30 05:50:13 - msg_id_0002 ==> 7E00020000660000000002EB39B47E
2026-03-30 05:50:16 - msg_id_0002 ==> 7E00020000660000000002EB3AB77E
2026-03-30 05:50:19 - msg_id_0002 ==> 7E00020000660000000002EB3BB67E
2026-03-30 05:50:22 - msg_id_0002 ==> 7E00020000660000000002EB3CB17E
2026-03-30 05:50:25 - msg_id_0002 ==> 7E00020000660000000002EB3EB37E
2026-03-30 05:50:28 - msg_id_0002 ==> 7E00020000660000000002EB3FB27E
2026-03-30 05:50:31 - msg_id_0002 ==> 7E00020000660000000002EB40CD7E
2026-03-30 05:50:34 - msg_id_0002 ==> 7E00020000660000000002EB41CC7E
2026-03-30 05:50:37 - msg_id_0002 ==> 7E00020000660000000002EB42CF7E
2026-03-30 05:50:40 - msg_id_0002 ==> 7E00020000660000000002EB43CE7E
2026-03-30 05:50:44 - msg_id_0002 ==> 7E00020000660000000002EB44C97E
2026-03-30 05:50:47 - msg_id_0002 ==> 7E00020000660000000002EB45C87E
2026-03-30 05:50:50 - msg_id_0002 ==> 7E00020000660000000002EB46CB7E
2026-03-30 05:50:53 - msg_id_0002 ==> 7E00020000660000000002EB47CA7E
2026-03-30 05:50:56 - msg_id_0002 ==> 7E00020000660000000002EB49C47E
2026-03-30 05:50:59 - msg_id_0002 ==> 7E00020000660000000002EB4AC77E
2026-03-30 05:51:02 - msg_id_0002 ==> 7E00020000660000000002EB4BC67E
2026-03-30 05:51:05 - msg_id_0002 ==> 7E00020000660000000002EB4CC17E
2026-03-30 05:51:08 - msg_id_0002 ==> 7E00020000660000000002EB4DC07E
2026-03-30 05:51:11 - msg_id_0002 ==> 7E00020000660000000002EB4EC37E
2026-03-30 05:51:15 - msg_id_0002 ==> 7E00020000660000000002EB4FC27E
2026-03-30 05:51:18 - msg_id_0002 ==> 7E00020000660000000002EB50DD7E
2026-03-30 05:51:21 - msg_id_0002 ==> 7E00020000660000000002EB51DC7E
2026-03-30 05:51:24 - msg_id_0002 ==> 7E00020000660000000002EB52DF7E
2026-03-30 05:51:27 - msg_id_0002 ==> 7E00020000660000000002EB54D97E
2026-03-30 05:51:30 - msg_id_0002 ==> 7E00020000660000000002EB55D87E
2026-03-30 05:51:33 - msg_id_0002 ==> 7E00020000660000000002EB56DB7E
2026-03-30 05:51:36 - msg_id_0002 ==> 7E00020000660000000002EB57DA7E
2026-03-30 05:51:39 - msg_id_0002 ==> 7E00020000660000000002EB58D57E
2026-03-30 05:51:42 - msg_id_0002 ==> 7E00020000660000000002EB59D47E
2026-03-30 05:51:46 - msg_id_0002 ==> 7E00020000660000000002EB5AD77E
2026-03-30 05:51:49 - msg_id_0002 ==> 7E00020000660000000002EB5BD67E
2026-03-30 05:51:52 - msg_id_0002 ==> 7E00020000660000000002EB5CD17E
2026-03-30 05:51:55 - msg_id_0002 ==> 7E00020000660000000002EB5DD07E
2026-03-30 05:51:58 - msg_id_0002 ==> 7E00020000660000000002EB5FD27E
2026-03-30 05:52:01 - msg_id_0002 ==> 7E00020000660000000002EB60ED7E
2026-03-30 05:52:04 - msg_id_0002 ==> 7E00020000660000000002EB61EC7E
2026-03-30 05:52:07 - msg_id_0002 ==> 7E00020000660000000002EB62EF7E
2026-03-30 05:52:10 - msg_id_0002 ==> 7E00020000660000000002EB63EE7E
2026-03-30 05:52:13 - msg_id_0002 ==> 7E00020000660000000002EB64E97E
2026-03-30 05:52:17 - msg_id_0002 ==> 7E00020000660000000002EB65E87E
2026-03-30 05:52:20 - msg_id_0002 ==> 7E00020000660000000002EB66EB7E
2026-03-30 05:52:23 - msg_id_0002 ==> 7E00020000660000000002EB67EA7E
2026-03-30 05:52:26 - msg_id_0002 ==> 7E00020000660000000002EB68E57E
2026-03-30 05:52:29 - msg_id_0002 ==> 7E00020000660000000002EB6AE77E
2026-03-30 05:52:32 - msg_id_0002 ==> 7E00020000660000000002EB6BE67E
2026-03-30 05:52:35 - msg_id_0002 ==> 7E00020000660000000002EB6CE17E
2026-03-30 05:52:38 - msg_id_0002 ==> 7E00020000660000000002EB6DE07E
2026-03-30 05:52:41 - msg_id_0002 ==> 7E00020000660000000002EB6EE37E
2026-03-30 05:52:44 - msg_id_0002 ==> 7E00020000660000000002EB6FE27E
2026-03-30 05:52:48 - msg_id_0002 ==> 7E00020000660000000002EB70FD7E
2026-03-30 05:52:51 - msg_id_0002 ==> 7E00020000660000000002EB71FC7E
2026-03-30 05:52:54 - msg_id_0002 ==> 7E00020000660000000002EB72FF7E
2026-03-30 05:52:57 - msg_id_0002 ==> 7E00020000660000000002EB73FE7E
2026-03-30 05:53:00 - msg_id_0002 ==> 7E00020000660000000002EB75F87E
2026-03-30 05:53:03 - msg_id_0002 ==> 7E00020000660000000002EB76FB7E
2026-03-30 05:53:06 - msg_id_0002 ==> 7E00020000660000000002EB77FA7E
2026-03-30 05:53:09 - msg_id_0002 ==> 7E00020000660000000002EB78F57E
2026-03-30 05:53:12 - msg_id_0002 ==> 7E00020000660000000002EB79F47E
2026-03-30 05:53:15 - msg_id_0002 ==> 7E00020000660000000002EB7AF77E
2026-03-30 05:53:19 - msg_id_0002 ==> 7E00020000660000000002EB7BF67E
2026-03-30 05:53:22 - msg_id_0002 ==> 7E00020000660000000002EB7CF17E
2026-03-30 05:53:25 - msg_id_0002 ==> 7E00020000660000000002EB7D01F07E
2026-03-30 05:53:28 - msg_id_0002 ==> 7E00020000660000000002EB7D02F37E
2026-03-30 05:53:35 - msg_id_0002 ==> 7E00020000660000000002EB830E7E
2026-03-30 05:53:38 - msg_id_0002 ==> 7E00020000660000000002EB84097E
2026-03-30 05:53:42 - msg_id_0002 ==> 7E00020000660000000002EB85087E
2026-03-30 05:53:45 - msg_id_0002 ==> 7E00020000660000000002EB860B7E
2026-03-30 05:53:48 - msg_id_0002 ==> 7E00020000660000000002EB870A7E
2026-03-30 05:53:51 - msg_id_0002 ==> 7E00020000660000000002EB88057E
2026-03-30 05:53:54 - msg_id_0002 ==> 7E00020000660000000002EB89047E
2026-03-30 05:53:57 - msg_id_0002 ==> 7E00020000660000000002EB8A077E
2026-03-30 05:54:00 - msg_id_0002 ==> 7E00020000660000000002EB8B067E
2026-03-30 05:54:03 - msg_id_0002 ==> 7E00020000660000000002EB8C017E
2026-03-30 05:54:06 - msg_id_0002 ==> 7E00020000660000000002EB8E037E
2026-03-30 05:54:09 - msg_id_0002 ==> 7E00020000660000000002EB8F027E
2026-03-30 05:54:13 - msg_id_0002 ==> 7E00020000660000000002EB901D7E
2026-03-30 05:54:16 - msg_id_0002 ==> 7E00020000660000000002EB911C7E
2026-03-30 05:54:19 - msg_id_0002 ==> 7E00020000660000000002EB921F7E
2026-03-30 05:54:22 - msg_id_0002 ==> 7E00020000660000000002EB931E7E
2026-03-30 05:54:25 - msg_id_0002 ==> 7E00020000660000000002EB94197E
2026-03-30 05:54:28 - msg_id_0002 ==> 7E00020000660000000002EB95187E
2026-03-30 05:54:31 - msg_id_0002 ==> 7E00020000660000000002EB961B7E
2026-03-30 05:54:34 - msg_id_0002 ==> 7E00020000660000000002EB971A7E
2026-03-30 05:54:37 - msg_id_0002 ==> 7E00020000660000000002EB99147E
2026-03-30 05:54:40 - msg_id_0002 ==> 7E00020000660000000002EB9A177E
2026-03-30 05:54:44 - msg_id_0002 ==> 7E00020000660000000002EB9B167E
2026-03-30 05:54:47 - msg_id_0002 ==> 7E00020000660000000002EB9C117E
2026-03-30 05:54:50 - msg_id_0002 ==> 7E00020000660000000002EB9D107E
2026-03-30 05:54:53 - msg_id_0002 ==> 7E00020000660000000002EB9E137E
2026-03-30 05:54:56 - msg_id_0002 ==> 7E00020000660000000002EB9F127E
2026-03-30 05:54:59 - msg_id_0002 ==> 7E00020000660000000002EBA02D7E
2026-03-30 05:55:02 - msg_id_0002 ==> 7E00020000660000000002EBA12C7E
2026-03-30 05:55:05 - msg_id_0002 ==> 7E00020000660000000002EBA22F7E
2026-03-30 05:55:08 - msg_id_0002 ==> 7E00020000660000000002EBA4297E
2026-03-30 05:55:11 - msg_id_0002 ==> 7E00020000660000000002EBA5287E
2026-03-30 05:55:15 - msg_id_0002 ==> 7E00020000660000000002EBA62B7E
2026-03-30 05:55:18 - msg_id_0002 ==> 7E00020000660000000002EBA72A7E
2026-03-30 05:55:21 - msg_id_0002 ==> 7E00020000660000000002EBA8257E
2026-03-30 05:55:24 - msg_id_0002 ==> 7E00020000660000000002EBA9247E
2026-03-30 05:55:27 - msg_id_0002 ==> 7E00020000660000000002EBAA277E
2026-03-30 05:55:30 - msg_id_0002 ==> 7E00020000660000000002EBAB267E
2026-03-30 05:55:33 - msg_id_0002 ==> 7E00020000660000000002EBAC217E
2026-03-30 05:55:36 - msg_id_0002 ==> 7E00020000660000000002EBAD207E
2026-03-30 05:55:39 - msg_id_0002 ==> 7E00020000660000000002EBAF227E
2026-03-30 05:55:42 - msg_id_0002 ==> 7E00020000660000000002EBB03D7E
2026-03-30 05:55:46 - msg_id_0002 ==> 7E00020000660000000002EBB13C7E
2026-03-30 05:55:49 - msg_id_0002 ==> 7E00020000660000000002EBB23F7E
2026-03-30 05:55:52 - msg_id_0002 ==> 7E00020000660000000002EBB33E7E
2026-03-30 05:55:55 - msg_id_0002 ==> 7E00020000660000000002EBB4397E
2026-03-30 05:55:58 - msg_id_0002 ==> 7E00020000660000000002EBB5387E
2026-03-30 05:56:01 - msg_id_0002 ==> 7E00020000660000000002EBB63B7E
2026-03-30 05:56:04 - msg_id_0002 ==> 7E00020000660000000002EBB73A7E
2026-03-30 05:56:07 - msg_id_0002 ==> 7E00020000660000000002EBB8357E
2026-03-30 05:56:10 - msg_id_0002 ==> 7E00020000660000000002EBBA377E
2026-03-30 05:56:13 - msg_id_0002 ==> 7E00020000660000000002EBBB367E
2026-03-30 05:56:17 - msg_id_0002 ==> 7E00020000660000000002EBBC317E
2026-03-30 05:56:20 - msg_id_0002 ==> 7E00020000660000000002EBBD307E
2026-03-30 05:56:23 - msg_id_0002 ==> 7E00020000660000000002EBBE337E
2026-03-30 05:56:26 - msg_id_0002 ==> 7E00020000660000000002EBBF327E
2026-03-30 05:56:29 - msg_id_0002 ==> 7E00020000660000000002EBC04D7E
2026-03-30 05:56:32 - msg_id_0002 ==> 7E00020000660000000002EBC14C7E
2026-03-30 05:56:35 - msg_id_0002 ==> 7E00020000660000000002EBC24F7E
2026-03-30 05:56:38 - msg_id_0002 ==> 7E00020000660000000002EBC34E7E
2026-03-30 05:56:41 - msg_id_0002 ==> 7E00020000660000000002EBC5487E
2026-03-30 05:56:44 - msg_id_0002 ==> 7E00020000660000000002EBC64B7E
2026-03-30 05:56:48 - msg_id_0002 ==> 7E00020000660000000002EBC74A7E
2026-03-30 05:56:51 - msg_id_0002 ==> 7E00020000660000000002EBC8457E
2026-03-30 05:56:54 - msg_id_0002 ==> 7E00020000660000000002EBC9447E
2026-03-30 05:56:57 - msg_id_0002 ==> 7E00020000660000000002EBCA477E
2026-03-30 05:57:00 - msg_id_0002 ==> 7E00020000660000000002EBCB467E
2026-03-30 05:57:03 - msg_id_0002 ==> 7E00020000660000000002EBCC417E
2026-03-30 05:57:06 - msg_id_0002 ==> 7E00020000660000000002EBCD407E
2026-03-30 05:57:09 - msg_id_0002 ==> 7E00020000660000000002EBCE437E
2026-03-30 05:57:12 - msg_id_0002 ==> 7E00020000660000000002EBD05D7E
2026-03-30 05:57:15 - msg_id_0002 ==> 7E00020000660000000002EBD15C7E
2026-03-30 05:57:19 - msg_id_0002 ==> 7E00020000660000000002EBD25F7E
2026-03-30 05:57:22 - msg_id_0002 ==> 7E00020000660000000002EBD35E7E
2026-03-30 05:57:25 - msg_id_0002 ==> 7E00020000660000000002EBD4597E
2026-03-30 05:57:28 - msg_id_0002 ==> 7E00020000660000000002EBD5587E
2026-03-30 05:57:31 - msg_id_0002 ==> 7E00020000660000000002EBD65B7E
2026-03-30 05:57:34 - msg_id_0002 ==> 7E00020000660000000002EBD75A7E
2026-03-30 05:57:37 - msg_id_0002 ==> 7E00020000660000000002EBD8557E
2026-03-30 05:57:40 - msg_id_0002 ==> 7E00020000660000000002EBD9547E
2026-03-30 05:57:43 - msg_id_0002 ==> 7E00020000660000000002EBDB567E
2026-03-30 05:57:46 - msg_id_0002 ==> 7E00020000660000000002EBDC517E
2026-03-30 05:57:50 - msg_id_0002 ==> 7E00020000660000000002EBDD507E
2026-03-30 05:57:53 - msg_id_0002 ==> 7E00020000660000000002EBDE537E
2026-03-30 05:57:56 - msg_id_0002 ==> 7E00020000660000000002EBDF527E
2026-03-30 05:57:59 - msg_id_0002 ==> 7E00020000660000000002EBE06D7E
2026-03-30 05:58:02 - msg_id_0002 ==> 7E00020000660000000002EBE16C7E
2026-03-30 05:58:05 - msg_id_0002 ==> 7E00020000660000000002EBE26F7E
2026-03-30 05:58:08 - msg_id_0002 ==> 7E00020000660000000002EBE36E7E
2026-03-30 05:58:11 - msg_id_0002 ==> 7E00020000660000000002EBE4697E
2026-03-30 05:58:14 - msg_id_0002 ==> 7E00020000660000000002EBE66B7E
2026-03-30 05:58:17 - msg_id_0002 ==> 7E00020000660000000002EBE76A7E
2026-03-30 05:58:21 - msg_id_0002 ==> 7E00020000660000000002EBE8657E
2026-03-30 05:58:24 - msg_id_0002 ==> 7E00020000660000000002EBE9647E
2026-03-30 05:58:27 - msg_id_0002 ==> 7E00020000660000000002EBEA677E
2026-03-30 05:58:30 - msg_id_0002 ==> 7E00020000660000000002EBEB667E
2026-03-30 05:58:33 - msg_id_0002 ==> 7E00020000660000000002EBEC617E
2026-03-30 05:58:36 - msg_id_0002 ==> 7E00020000660000000002EBED607E
2026-03-30 05:58:39 - msg_id_0002 ==> 7E00020000660000000002EBEE637E
2026-03-30 05:58:42 - msg_id_0002 ==> 7E00020000660000000002EBEF627E
2026-03-30 05:58:45 - msg_id_0002 ==> 7E00020000660000000002EBF17C7E
2026-03-30 05:58:48 - msg_id_0002 ==> 7E00020000660000000002EBF27F7E
2026-03-30 05:58:52 - msg_id_0002 ==> 7E00020000660000000002EBF37D027E
2026-03-30 05:58:55 - msg_id_0002 ==> 7E00020000660000000002EBF4797E
2026-03-30 05:58:58 - msg_id_0002 ==> 7E00020000660000000002EBF5787E
2026-03-30 05:59:01 - msg_id_0002 ==> 7E00020000660000000002EBF67B7E
2026-03-30 05:59:04 - msg_id_0002 ==> 7E00020000660000000002EBF77A7E
2026-03-30 05:59:07 - msg_id_0002 ==> 7E00020000660000000002EBF8757E
2026-03-30 05:59:10 - msg_id_0002 ==> 7E00020000660000000002EBF9747E
2026-03-30 05:59:13 - msg_id_0002 ==> 7E00020000660000000002EBFA777E
2026-03-30 05:59:16 - msg_id_0002 ==> 7E00020000660000000002EBFC717E
2026-03-30 05:59:19 - msg_id_0002 ==> 7E00020000660000000002EBFD707E
2026-03-30 05:59:23 - msg_id_0002 ==> 7E00020000660000000002EBFE737E
2026-03-30 05:59:26 - msg_id_0002 ==> 7E00020000660000000002EBFF727E
2026-03-30 05:59:29 - msg_id_0002 ==> 7E00020000660000000002EC008A7E
2026-03-30 05:59:32 - msg_id_0002 ==> 7E00020000660000000002EC018B7E
2026-03-30 05:59:35 - msg_id_0002 ==> 7E00020000660000000002EC02887E
2026-03-30 05:59:38 - msg_id_0002 ==> 7E00020000660000000002EC03897E
2026-03-30 05:59:41 - msg_id_0002 ==> 7E00020000660000000002EC048E7E
2026-03-30 05:59:44 - msg_id_0002 ==> 7E00020000660000000002EC058F7E
2026-03-30 05:59:47 - msg_id_0002 ==> 7E00020000660000000002EC078D7E
2026-03-30 05:59:50 - msg_id_0002 ==> 7E00020000660000000002EC08827E
2026-03-30 05:59:54 - msg_id_0002 ==> 7E00020000660000000002EC09837E
2026-03-30 05:59:57 - msg_id_0002 ==> 7E00020000660000000002EC0A807E
2026-03-30 06:00:00 - msg_id_0002 ==> 7E00020000660000000002EC0B817E
2026-03-30 06:00:03 - msg_id_0002 ==> 7E00020000660000000002EC0C867E
2026-03-30 06:00:06 - msg_id_0002 ==> 7E00020000660000000002EC0D877E
2026-03-30 06:00:09 - msg_id_0002 ==> 7E00020000660000000002EC0E847E
2026-03-30 06:00:12 - msg_id_0002 ==> 7E00020000660000000002EC0F857E
2026-03-30 06:00:15 - msg_id_0002 ==> 7E00020000660000000002EC109A7E
2026-03-30 06:00:18 - msg_id_0002 ==> 7E00020000660000000002EC12987E
2026-03-30 06:00:21 - msg_id_0002 ==> 7E00020000660000000002EC13997E
2026-03-30 06:00:25 - msg_id_0002 ==> 7E00020000660000000002EC149E7E
2026-03-30 06:00:28 - msg_id_0002 ==> 7E00020000660000000002EC159F7E
2026-03-30 06:00:31 - msg_id_0002 ==> 7E00020000660000000002EC169C7E
2026-03-30 06:00:34 - msg_id_0002 ==> 7E00020000660000000002EC179D7E
2026-03-30 06:00:37 - msg_id_0002 ==> 7E00020000660000000002EC18927E
2026-03-30 06:00:40 - msg_id_0002 ==> 7E00020000660000000002EC19937E
2026-03-30 06:00:43 - msg_id_0002 ==> 7E00020000660000000002EC1A907E
2026-03-30 06:00:46 - msg_id_0002 ==> 7E00020000660000000002EC1B917E
2026-03-30 06:00:49 - msg_id_0002 ==> 7E00020000660000000002EC1D977E
2026-03-30 06:00:52 - msg_id_0002 ==> 7E00020000660000000002EC1E947E
2026-03-30 06:00:56 - msg_id_0002 ==> 7E00020000660000000002EC1F957E
2026-03-30 06:00:59 - msg_id_0002 ==> 7E00020000660000000002EC20AA7E
2026-03-30 06:01:02 - msg_id_0002 ==> 7E00020000660000000002EC21AB7E
2026-03-30 06:01:05 - msg_id_0002 ==> 7E00020000660000000002EC22A87E
2026-03-30 06:01:08 - msg_id_0002 ==> 7E00020000660000000002EC23A97E
2026-03-30 06:01:11 - msg_id_0002 ==> 7E00020000660000000002EC24AE7E
2026-03-30 06:01:14 - msg_id_0002 ==> 7E00020000660000000002EC25AF7E
2026-03-30 06:01:17 - msg_id_0002 ==> 7E00020000660000000002EC26AC7E
2026-03-30 06:01:20 - msg_id_0002 ==> 7E00020000660000000002EC28A27E
2026-03-30 06:01:23 - msg_id_0002 ==> 7E00020000660000000002EC29A37E
2026-03-30 06:01:27 - msg_id_0002 ==> 7E00020000660000000002EC2AA07E
2026-03-30 06:01:30 - msg_id_0002 ==> 7E00020000660000000002EC2BA17E
2026-03-30 06:01:33 - msg_id_0002 ==> 7E00020000660000000002EC2CA67E
2026-03-30 06:01:36 - msg_id_0002 ==> 7E00020000660000000002EC2DA77E
2026-03-30 06:01:39 - msg_id_0002 ==> 7E00020000660000000002EC2EA47E
2026-03-30 06:01:42 - msg_id_0002 ==> 7E00020000660000000002EC2FA57E
2026-03-30 06:01:45 - msg_id_0002 ==> 7E00020000660000000002EC30BA7E
2026-03-30 06:01:48 - msg_id_0002 ==> 7E00020000660000000002EC31BB7E
2026-03-30 06:01:51 - msg_id_0002 ==> 7E00020000660000000002EC33B97E
2026-03-30 06:01:54 - msg_id_0002 ==> 7E00020000660000000002EC34BE7E
2026-03-30 06:01:58 - msg_id_0002 ==> 7E00020000660000000002EC35BF7E
2026-03-30 06:02:01 - msg_id_0002 ==> 7E00020000660000000002EC36BC7E
2026-03-30 06:02:04 - msg_id_0002 ==> 7E00020000660000000002EC37BD7E
2026-03-30 06:02:07 - msg_id_0002 ==> 7E00020000660000000002EC38B27E
2026-03-30 06:02:10 - msg_id_0002 ==> 7E00020000660000000002EC39B37E
2026-03-30 06:02:13 - msg_id_0002 ==> 7E00020000660000000002EC3AB07E
2026-03-30 06:02:16 - msg_id_0002 ==> 7E00020000660000000002EC3BB17E
2026-03-30 06:02:19 - msg_id_0002 ==> 7E00020000660000000002EC3CB67E
2026-03-30 06:02:22 - msg_id_0002 ==> 7E00020000660000000002EC3EB47E
2026-03-30 06:02:25 - msg_id_0002 ==> 7E00020000660000000002EC3FB57E
2026-03-30 06:02:29 - msg_id_0002 ==> 7E00020000660000000002EC40CA7E
2026-03-30 06:02:32 - msg_id_0002 ==> 7E00020000660000000002EC41CB7E
2026-03-30 06:02:35 - msg_id_0002 ==> 7E00020000660000000002EC42C87E
2026-03-30 06:02:38 - msg_id_0002 ==> 7E00020000660000000002EC43C97E
2026-03-30 06:02:41 - msg_id_0002 ==> 7E00020000660000000002EC44CE7E
2026-03-30 06:02:44 - msg_id_0002 ==> 7E00020000660000000002EC45CF7E
2026-03-30 06:02:47 - msg_id_0002 ==> 7E00020000660000000002EC46CC7E
2026-03-30 06:02:50 - msg_id_0002 ==> 7E00020000660000000002EC47CD7E
2026-03-30 06:02:53 - msg_id_0002 ==> 7E00020000660000000002EC49C37E
2026-03-30 06:02:56 - msg_id_0002 ==> 7E00020000660000000002EC4AC07E
2026-03-30 06:03:00 - msg_id_0002 ==> 7E00020000660000000002EC4BC17E
2026-03-30 06:03:03 - msg_id_0002 ==> 7E00020000660000000002EC4CC67E
2026-03-30 06:03:06 - msg_id_0002 ==> 7E00020000660000000002EC4DC77E
2026-03-30 06:03:09 - msg_id_0002 ==> 7E00020000660000000002EC4EC47E
2026-03-30 06:03:12 - msg_id_0002 ==> 7E00020000660000000002EC4FC57E
2026-03-30 06:03:15 - msg_id_0002 ==> 7E00020000660000000002EC50DA7E
2026-03-30 06:03:18 - msg_id_0002 ==> 7E00020000660000000002EC51DB7E
2026-03-30 06:03:21 - msg_id_0002 ==> 7E00020000660000000002EC52D87E
2026-03-30 06:03:24 - msg_id_0002 ==> 7E00020000660000000002EC54DE7E
2026-03-30 06:03:27 - msg_id_0002 ==> 7E00020000660000000002EC55DF7E
2026-03-30 06:03:31 - msg_id_0002 ==> 7E00020000660000000002EC56DC7E
2026-03-30 06:03:34 - msg_id_0002 ==> 7E00020000660000000002EC57DD7E
2026-03-30 06:03:37 - msg_id_0002 ==> 7E00020000660000000002EC58D27E
2026-03-30 06:03:40 - msg_id_0002 ==> 7E00020000660000000002EC59D37E
2026-03-30 06:03:43 - msg_id_0002 ==> 7E00020000660000000002EC5AD07E
2026-03-30 06:03:46 - msg_id_0002 ==> 7E00020000660000000002EC5BD17E
2026-03-30 06:03:49 - msg_id_0002 ==> 7E00020000660000000002EC5CD67E
2026-03-30 06:03:52 - msg_id_0002 ==> 7E00020000660000000002EC5DD77E
2026-03-30 06:03:55 - msg_id_0002 ==> 7E00020000660000000002EC5FD57E
2026-03-30 06:03:59 - msg_id_0002 ==> 7E00020000660000000002EC60EA7E
2026-03-30 06:04:02 - msg_id_0002 ==> 7E00020000660000000002EC61EB7E
2026-03-30 06:04:05 - msg_id_0002 ==> 7E00020000660000000002EC62E87E
2026-03-30 06:04:08 - msg_id_0002 ==> 7E00020000660000000002EC63E97E
2026-03-30 06:04:11 - msg_id_0002 ==> 7E00020000660000000002EC64EE7E
2026-03-30 06:04:14 - msg_id_0002 ==> 7E00020000660000000002EC65EF7E
2026-03-30 06:04:17 - msg_id_0002 ==> 7E00020000660000000002EC66EC7E
2026-03-30 06:04:20 - msg_id_0002 ==> 7E00020000660000000002EC67ED7E
2026-03-30 06:04:23 - msg_id_0002 ==> 7E00020000660000000002EC68E27E
2026-03-30 06:04:26 - msg_id_0002 ==> 7E00020000660000000002EC6AE07E
2026-03-30 06:04:30 - msg_id_0002 ==> 7E00020000660000000002EC6BE17E
2026-03-30 06:04:33 - msg_id_0002 ==> 7E00020000660000000002EC6CE67E
2026-03-30 06:04:36 - msg_id_0002 ==> 7E00020000660000000002EC6DE77E
2026-03-30 06:04:39 - msg_id_0002 ==> 7E00020000660000000002EC6EE47E
2026-03-30 06:04:42 - msg_id_0002 ==> 7E00020000660000000002EC6FE57E
2026-03-30 06:04:45 - msg_id_0002 ==> 7E00020000660000000002EC70FA7E
2026-03-30 06:04:48 - msg_id_0002 ==> 7E00020000660000000002EC71FB7E
2026-03-30 06:04:51 - msg_id_0002 ==> 7E00020000660000000002EC72F87E
2026-03-30 06:04:54 - msg_id_0002 ==> 7E00020000660000000002EC73F97E
2026-03-30 06:04:57 - msg_id_0002 ==> 7E00020000660000000002EC75FF7E
2026-03-30 06:05:00 - msg_id_0002 ==> 7E00020000660000000002EC76FC7E
2026-03-30 06:05:04 - msg_id_0002 ==> 7E00020000660000000002EC77FD7E
2026-03-30 06:05:07 - msg_id_0002 ==> 7E00020000660000000002EC78F27E
2026-03-30 06:05:10 - msg_id_0002 ==> 7E00020000660000000002EC79F37E
2026-03-30 06:05:13 - msg_id_0002 ==> 7E00020000660000000002EC7AF07E
2026-03-30 06:05:16 - msg_id_0002 ==> 7E00020000660000000002EC7BF17E
2026-03-30 06:05:19 - msg_id_0002 ==> 7E00020000660000000002EC7CF67E
2026-03-30 06:05:22 - msg_id_0002 ==> 7E00020000660000000002EC7D01F77E
2026-03-30 06:05:25 - msg_id_0002 ==> 7E00020000660000000002EC7D02F47E
2026-03-30 06:05:33 - msg_id_0002 ==> 7E00020000660000000002EC83097E
2026-03-30 06:05:36 - msg_id_0002 ==> 7E00020000660000000002EC840E7E
2026-03-30 06:05:39 - msg_id_0002 ==> 7E00020000660000000002EC850F7E
2026-03-30 06:05:42 - msg_id_0002 ==> 7E00020000660000000002EC860C7E
2026-03-30 06:05:45 - msg_id_0002 ==> 7E00020000660000000002EC870D7E
2026-03-30 06:05:48 - msg_id_0002 ==> 7E00020000660000000002EC88027E
2026-03-30 06:05:52 - msg_id_0002 ==> 7E00020000660000000002EC89037E
2026-03-30 06:05:55 - msg_id_0002 ==> 7E00020000660000000002EC8A007E
2026-03-30 06:05:58 - msg_id_0002 ==> 7E00020000660000000002EC8B017E
2026-03-30 06:06:01 - msg_id_0002 ==> 7E00020000660000000002EC8C067E
2026-03-30 06:06:04 - msg_id_0002 ==> 7E00020000660000000002EC8E047E
2026-03-30 06:06:07 - msg_id_0002 ==> 7E00020000660000000002EC8F057E
2026-03-30 06:06:10 - msg_id_0002 ==> 7E00020000660000000002EC901A7E
2026-03-30 06:06:13 - msg_id_0002 ==> 7E00020000660000000002EC911B7E
2026-03-30 06:06:16 - msg_id_0002 ==> 7E00020000660000000002EC92187E
2026-03-30 06:06:19 - msg_id_0002 ==> 7E00020000660000000002EC93197E
2026-03-30 06:06:23 - msg_id_0002 ==> 7E00020000660000000002EC941E7E
2026-03-30 06:06:26 - msg_id_0002 ==> 7E00020000660000000002EC951F7E
2026-03-30 06:06:29 - msg_id_0002 ==> 7E00020000660000000002EC961C7E
2026-03-30 06:06:32 - msg_id_0002 ==> 7E00020000660000000002EC971D7E
2026-03-30 06:06:35 - msg_id_0002 ==> 7E00020000660000000002EC99137E
2026-03-30 06:06:38 - msg_id_0002 ==> 7E00020000660000000002EC9A107E
2026-03-30 06:06:41 - msg_id_0002 ==> 7E00020000660000000002EC9B117E
2026-03-30 06:06:44 - msg_id_0002 ==> 7E00020000660000000002EC9C167E
2026-03-30 06:06:47 - msg_id_0002 ==> 7E00020000660000000002EC9D177E
2026-03-30 06:06:50 - msg_id_0002 ==> 7E00020000660000000002EC9E147E
2026-03-30 06:06:54 - msg_id_0002 ==> 7E00020000660000000002EC9F157E
2026-03-30 06:06:57 - msg_id_0002 ==> 7E00020000660000000002ECA02A7E
2026-03-30 06:07:00 - msg_id_0002 ==> 7E00020000660000000002ECA12B7E
2026-03-30 06:07:03 - msg_id_0002 ==> 7E00020000660000000002ECA2287E
2026-03-30 06:07:06 - msg_id_0002 ==> 7E00020000660000000002ECA42E7E
2026-03-30 06:07:09 - msg_id_0002 ==> 7E00020000660000000002ECA52F7E
2026-03-30 06:07:12 - msg_id_0002 ==> 7E00020000660000000002ECA62C7E
2026-03-30 06:07:15 - msg_id_0002 ==> 7E00020000660000000002ECA72D7E
2026-03-30 06:07:18 - msg_id_0002 ==> 7E00020000660000000002ECA8227E
2026-03-30 06:07:21 - msg_id_0002 ==> 7E00020000660000000002ECA9237E
2026-03-30 06:07:25 - msg_id_0002 ==> 7E00020000660000000002ECAA207E
2026-03-30 06:07:28 - msg_id_0002 ==> 7E00020000660000000002ECAB217E
2026-03-30 06:07:31 - msg_id_0002 ==> 7E00020000660000000002ECAC267E
2026-03-30 06:07:34 - msg_id_0002 ==> 7E00020000660000000002ECAD277E
2026-03-30 06:07:37 - msg_id_0002 ==> 7E00020000660000000002ECAF257E
2026-03-30 06:07:40 - msg_id_0002 ==> 7E00020000660000000002ECB03A7E
2026-03-30 06:07:43 - msg_id_0002 ==> 7E00020000660000000002ECB13B7E
2026-03-30 06:07:46 - msg_id_0002 ==> 7E00020000660000000002ECB2387E
2026-03-30 06:07:49 - msg_id_0002 ==> 7E00020000660000000002ECB3397E
2026-03-30 06:07:52 - msg_id_0002 ==> 7E00020000660000000002ECB43E7E
2026-03-30 06:07:56 - msg_id_0002 ==> 7E00020000660000000002ECB53F7E
2026-03-30 06:07:59 - msg_id_0002 ==> 7E00020000660000000002ECB63C7E
2026-03-30 06:08:02 - msg_id_0002 ==> 7E00020000660000000002ECB73D7E
2026-03-30 06:08:05 - msg_id_0002 ==> 7E00020000660000000002ECB8327E
2026-03-30 06:08:08 - msg_id_0002 ==> 7E00020000660000000002ECBA307E
2026-03-30 06:08:11 - msg_id_0002 ==> 7E00020000660000000002ECBB317E
2026-03-30 06:08:14 - msg_id_0002 ==> 7E00020000660000000002ECBC367E
2026-03-30 06:08:17 - msg_id_0002 ==> 7E00020000660000000002ECBD377E
2026-03-30 06:08:20 - msg_id_0002 ==> 7E00020000660000000002ECBE347E
2026-03-30 06:08:23 - msg_id_0002 ==> 7E00020000660000000002ECBF357E
2026-03-30 06:08:27 - msg_id_0002 ==> 7E00020000660000000002ECC04A7E
2026-03-30 06:08:30 - msg_id_0002 ==> 7E00020000660000000002ECC14B7E
2026-03-30 06:08:33 - msg_id_0002 ==> 7E00020000660000000002ECC2487E
2026-03-30 06:08:36 - msg_id_0002 ==> 7E00020000660000000002ECC3497E
2026-03-30 06:08:39 - msg_id_0002 ==> 7E00020000660000000002ECC54F7E
2026-03-30 06:08:42 - msg_id_0002 ==> 7E00020000660000000002ECC64C7E
2026-03-30 06:08:45 - msg_id_0002 ==> 7E00020000660000000002ECC74D7E
2026-03-30 06:08:48 - msg_id_0002 ==> 7E00020000660000000002ECC8427E
2026-03-30 06:08:51 - msg_id_0002 ==> 7E00020000660000000002ECC9437E
2026-03-30 06:08:54 - msg_id_0002 ==> 7E00020000660000000002ECCA407E
2026-03-30 06:08:58 - msg_id_0002 ==> 7E00020000660000000002ECCB417E
2026-03-30 06:09:01 - msg_id_0002 ==> 7E00020000660000000002ECCC467E
2026-03-30 06:09:04 - msg_id_0002 ==> 7E00020000660000000002ECCD477E
2026-03-30 06:09:07 - msg_id_0002 ==> 7E00020000660000000002ECCE447E
2026-03-30 06:09:10 - msg_id_0002 ==> 7E00020000660000000002ECD05A7E
2026-03-30 06:09:13 - msg_id_0002 ==> 7E00020000660000000002ECD15B7E
2026-03-30 06:09:16 - msg_id_0002 ==> 7E00020000660000000002ECD2587E
2026-03-30 06:09:19 - msg_id_0002 ==> 7E00020000660000000002ECD3597E
2026-03-30 06:09:22 - msg_id_0002 ==> 7E00020000660000000002ECD45E7E
2026-03-30 06:09:25 - msg_id_0002 ==> 7E00020000660000000002ECD55F7E
2026-03-30 06:09:29 - msg_id_0002 ==> 7E00020000660000000002ECD65C7E
2026-03-30 06:09:32 - msg_id_0002 ==> 7E00020000660000000002ECD75D7E
2026-03-30 06:09:35 - msg_id_0002 ==> 7E00020000660000000002ECD8527E
2026-03-30 06:09:38 - msg_id_0002 ==> 7E00020000660000000002ECD9537E
2026-03-30 06:09:41 - msg_id_0002 ==> 7E00020000660000000002ECDB517E
2026-03-30 06:09:44 - msg_id_0002 ==> 7E00020000660000000002ECDC567E
2026-03-30 06:09:47 - msg_id_0002 ==> 7E00020000660000000002ECDD577E
2026-03-30 06:09:50 - msg_id_0002 ==> 7E00020000660000000002ECDE547E
2026-03-30 06:09:53 - msg_id_0002 ==> 7E00020000660000000002ECDF557E
2026-03-30 06:09:56 - msg_id_0002 ==> 7E00020000660000000002ECE06A7E
2026-03-30 06:10:00 - msg_id_0002 ==> 7E00020000660000000002ECE16B7E
2026-03-30 06:10:03 - msg_id_0002 ==> 7E00020000660000000002ECE2687E
2026-03-30 06:10:06 - msg_id_0002 ==> 7E00020000660000000002ECE3697E
2026-03-30 06:10:09 - msg_id_0002 ==> 7E00020000660000000002ECE46E7E
2026-03-30 06:10:12 - msg_id_0002 ==> 7E00020000660000000002ECE66C7E
2026-03-30 06:10:15 - msg_id_0002 ==> 7E00020000660000000002ECE76D7E
2026-03-30 06:10:18 - msg_id_0002 ==> 7E00020000660000000002ECE8627E
2026-03-30 06:10:21 - msg_id_0002 ==> 7E00020000660000000002ECE9637E
2026-03-30 06:10:24 - msg_id_0002 ==> 7E00020000660000000002ECEA607E
2026-03-30 06:10:27 - msg_id_0002 ==> 7E00020000660000000002ECEB617E
2026-03-30 06:10:31 - msg_id_0002 ==> 7E00020000660000000002ECEC667E
2026-03-30 06:10:34 - msg_id_0002 ==> 7E00020000660000000002ECED677E
2026-03-30 06:10:37 - msg_id_0002 ==> 7E00020000660000000002ECEE647E
2026-03-30 06:10:40 - msg_id_0002 ==> 7E00020000660000000002ECEF657E
2026-03-30 06:10:43 - msg_id_0002 ==> 7E00020000660000000002ECF17B7E
2026-03-30 06:10:46 - msg_id_0002 ==> 7E00020000660000000002ECF2787E
2026-03-30 06:10:49 - msg_id_0002 ==> 7E00020000660000000002ECF3797E
2026-03-30 06:10:52 - msg_id_0002 ==> 7E00020000660000000002ECF47D027E
2026-03-30 06:10:55 - msg_id_0002 ==> 7E00020000660000000002ECF57F7E
2026-03-30 06:10:59 - msg_id_0002 ==> 7E00020000660000000002ECF67C7E
2026-03-30 06:11:02 - msg_id_0002 ==> 7E00020000660000000002ECF77D017E
2026-03-30 06:11:05 - msg_id_0002 ==> 7E00020000660000000002ECF8727E
2026-03-30 06:11:08 - msg_id_0002 ==> 7E00020000660000000002ECF9737E
2026-03-30 06:11:11 - msg_id_0002 ==> 7E00020000660000000002ECFA707E
2026-03-30 06:11:14 - msg_id_0002 ==> 7E00020000660000000002ECFC767E
2026-03-30 06:11:17 - msg_id_0002 ==> 7E00020000660000000002ECFD777E
2026-03-30 06:11:20 - msg_id_0002 ==> 7E00020000660000000002ECFE747E
2026-03-30 06:11:23 - msg_id_0002 ==> 7E00020000660000000002ECFF757E
2026-03-30 06:11:26 - msg_id_0002 ==> 7E00020000660000000002ED008B7E
2026-03-30 06:11:30 - msg_id_0002 ==> 7E00020000660000000002ED018A7E
2026-03-30 06:11:33 - msg_id_0002 ==> 7E00020000660000000002ED02897E
2026-03-30 06:11:36 - msg_id_0002 ==> 7E00020000660000000002ED03887E
2026-03-30 06:11:39 - msg_id_0002 ==> 7E00020000660000000002ED048F7E
2026-03-30 06:11:42 - msg_id_0002 ==> 7E00020000660000000002ED058E7E
2026-03-30 06:11:45 - msg_id_0002 ==> 7E00020000660000000002ED078C7E
2026-03-30 06:11:48 - msg_id_0002 ==> 7E00020000660000000002ED08837E
2026-03-30 06:11:51 - msg_id_0002 ==> 7E00020000660000000002ED09827E
2026-03-30 06:11:54 - msg_id_0002 ==> 7E00020000660000000002ED0A817E
2026-03-30 06:11:57 - msg_id_0002 ==> 7E00020000660000000002ED0B807E
2026-03-30 06:12:01 - msg_id_0002 ==> 7E00020000660000000002ED0C877E
2026-03-30 06:12:04 - msg_id_0002 ==> 7E00020000660000000002ED0D867E
2026-03-30 06:12:07 - msg_id_0002 ==> 7E00020000660000000002ED0E857E
2026-03-30 06:12:10 - msg_id_0002 ==> 7E00020000660000000002ED0F847E
2026-03-30 06:12:13 - msg_id_0002 ==> 7E00020000660000000002ED109B7E
2026-03-30 06:12:16 - msg_id_0002 ==> 7E00020000660000000002ED12997E
2026-03-30 06:12:19 - msg_id_0002 ==> 7E00020000660000000002ED13987E
2026-03-30 06:12:22 - msg_id_0002 ==> 7E00020000660000000002ED149F7E
2026-03-30 06:12:25 - msg_id_0002 ==> 7E00020000660000000002ED159E7E
2026-03-30 06:12:28 - msg_id_0002 ==> 7E00020000660000000002ED169D7E
2026-03-30 06:12:32 - msg_id_0002 ==> 7E00020000660000000002ED179C7E
2026-03-30 06:12:35 - msg_id_0002 ==> 7E00020000660000000002ED18937E
2026-03-30 06:12:38 - msg_id_0002 ==> 7E00020000660000000002ED19927E
2026-03-30 06:12:41 - msg_id_0002 ==> 7E00020000660000000002ED1A917E
2026-03-30 06:12:44 - msg_id_0002 ==> 7E00020000660000000002ED1B907E
2026-03-30 06:12:47 - msg_id_0002 ==> 7E00020000660000000002ED1D967E
2026-03-30 06:12:50 - msg_id_0002 ==> 7E00020000660000000002ED1E957E
2026-03-30 06:12:53 - msg_id_0002 ==> 7E00020000660000000002ED1F947E
2026-03-30 06:12:56 - msg_id_0002 ==> 7E00020000660000000002ED20AB7E
2026-03-30 06:12:59 - msg_id_0002 ==> 7E00020000660000000002ED21AA7E
2026-03-30 06:13:03 - msg_id_0002 ==> 7E00020000660000000002ED22A97E
2026-03-30 06:13:06 - msg_id_0002 ==> 7E00020000660000000002ED23A87E
2026-03-30 06:13:09 - msg_id_0002 ==> 7E00020000660000000002ED24AF7E
2026-03-30 06:13:12 - msg_id_0002 ==> 7E00020000660000000002ED25AE7E
2026-03-30 06:13:15 - msg_id_0002 ==> 7E00020000660000000002ED26AD7E
2026-03-30 06:13:18 - msg_id_0002 ==> 7E00020000660000000002ED28A37E
2026-03-30 06:13:21 - msg_id_0002 ==> 7E00020000660000000002ED29A27E
2026-03-30 06:13:24 - msg_id_0002 ==> 7E00020000660000000002ED2AA17E
2026-03-30 06:13:27 - msg_id_0002 ==> 7E00020000660000000002ED2BA07E
2026-03-30 06:13:30 - msg_id_0002 ==> 7E00020000660000000002ED2CA77E
2026-03-30 06:13:34 - msg_id_0002 ==> 7E00020000660000000002ED2DA67E
2026-03-30 06:13:37 - msg_id_0002 ==> 7E00020000660000000002ED2EA57E
2026-03-30 06:13:40 - msg_id_0002 ==> 7E00020000660000000002ED2FA47E
2026-03-30 06:13:43 - msg_id_0002 ==> 7E00020000660000000002ED30BB7E
2026-03-30 06:13:46 - msg_id_0002 ==> 7E00020000660000000002ED31BA7E
2026-03-30 06:13:49 - msg_id_0002 ==> 7E00020000660000000002ED33B87E
2026-03-30 06:13:52 - msg_id_0002 ==> 7E00020000660000000002ED34BF7E
2026-03-30 06:13:55 - msg_id_0002 ==> 7E00020000660000000002ED35BE7E
2026-03-30 06:13:58 - msg_id_0002 ==> 7E00020000660000000002ED36BD7E
2026-03-30 06:14:01 - msg_id_0002 ==> 7E00020000660000000002ED37BC7E
2026-03-30 06:14:05 - msg_id_0002 ==> 7E00020000660000000002ED38B37E
2026-03-30 06:14:08 - msg_id_0002 ==> 7E00020000660000000002ED39B27E
2026-03-30 06:14:11 - msg_id_0002 ==> 7E00020000660000000002ED3AB17E
2026-03-30 06:14:14 - msg_id_0002 ==> 7E00020000660000000002ED3BB07E
2026-03-30 06:14:17 - msg_id_0002 ==> 7E00020000660000000002ED3CB77E
2026-03-30 06:14:20 - msg_id_0002 ==> 7E00020000660000000002ED3EB57E
2026-03-30 06:14:23 - msg_id_0002 ==> 7E00020000660000000002ED3FB47E
2026-03-30 06:14:26 - msg_id_0002 ==> 7E00020000660000000002ED40CB7E
2026-03-30 06:14:29 - msg_id_0002 ==> 7E00020000660000000002ED41CA7E
2026-03-30 06:14:33 - msg_id_0002 ==> 7E00020000660000000002ED42C97E
2026-03-30 06:14:36 - msg_id_0002 ==> 7E00020000660000000002ED43C87E
2026-03-30 06:14:39 - msg_id_0002 ==> 7E00020000660000000002ED44CF7E
2026-03-30 06:14:42 - msg_id_0002 ==> 7E00020000660000000002ED45CE7E
2026-03-30 06:14:45 - msg_id_0002 ==> 7E00020000660000000002ED46CD7E
2026-03-30 06:14:48 - msg_id_0002 ==> 7E00020000660000000002ED47CC7E
2026-03-30 06:14:51 - msg_id_0002 ==> 7E00020000660000000002ED49C27E
2026-03-30 06:14:54 - msg_id_0002 ==> 7E00020000660000000002ED4AC17E
2026-03-30 06:14:57 - msg_id_0002 ==> 7E00020000660000000002ED4BC07E
2026-03-30 06:15:00 - msg_id_0002 ==> 7E00020000660000000002ED4CC77E
2026-03-30 06:15:03 - msg_id_0002 ==> 7E00020000660000000002ED4DC67E
2026-03-30 06:15:07 - msg_id_0002 ==> 7E00020000660000000002ED4EC57E
2026-03-30 06:15:10 - msg_id_0002 ==> 7E00020000660000000002ED4FC47E
2026-03-30 06:15:13 - msg_id_0002 ==> 7E00020000660000000002ED50DB7E
2026-03-30 06:15:16 - msg_id_0002 ==> 7E00020000660000000002ED51DA7E
2026-03-30 06:15:19 - msg_id_0002 ==> 7E00020000660000000002ED52D97E
2026-03-30 06:15:22 - msg_id_0002 ==> 7E00020000660000000002ED54DF7E
2026-03-30 06:15:25 - msg_id_0002 ==> 7E00020000660000000002ED55DE7E
2026-03-30 06:15:28 - msg_id_0002 ==> 7E00020000660000000002ED56DD7E
2026-03-30 06:15:31 - msg_id_0002 ==> 7E00020000660000000002ED57DC7E
2026-03-30 06:15:34 - msg_id_0002 ==> 7E00020000660000000002ED58D37E
2026-03-30 06:15:38 - msg_id_0002 ==> 7E00020000660000000002ED59D27E
2026-03-30 06:15:41 - msg_id_0002 ==> 7E00020000660000000002ED5AD17E
2026-03-30 06:15:44 - msg_id_0002 ==> 7E00020000660000000002ED5BD07E
2026-03-30 06:15:47 - msg_id_0002 ==> 7E00020000660000000002ED5CD77E
2026-03-30 06:15:50 - msg_id_0002 ==> 7E00020000660000000002ED5DD67E
2026-03-30 06:15:53 - msg_id_0002 ==> 7E00020000660000000002ED5FD47E
2026-03-30 06:15:56 - msg_id_0002 ==> 7E00020000660000000002ED60EB7E
2026-03-30 06:15:59 - msg_id_0002 ==> 7E00020000660000000002ED61EA7E
2026-03-30 06:16:02 - msg_id_0002 ==> 7E00020000660000000002ED62E97E
2026-03-30 06:16:06 - msg_id_0002 ==> 7E00020000660000000002ED63E87E
2026-03-30 06:16:09 - msg_id_0002 ==> 7E00020000660000000002ED64EF7E
2026-03-30 06:16:12 - msg_id_0002 ==> 7E00020000660000000002ED65EE7E
2026-03-30 06:16:15 - msg_id_0002 ==> 7E00020000660000000002ED66ED7E
2026-03-30 06:16:18 - msg_id_0002 ==> 7E00020000660000000002ED67EC7E
2026-03-30 06:16:21 - msg_id_0002 ==> 7E00020000660000000002ED68E37E
2026-03-30 06:16:24 - msg_id_0002 ==> 7E00020000660000000002ED6AE17E
2026-03-30 06:16:27 - msg_id_0002 ==> 7E00020000660000000002ED6BE07E
2026-03-30 06:16:30 - msg_id_0002 ==> 7E00020000660000000002ED6CE77E
2026-03-30 06:16:33 - msg_id_0002 ==> 7E00020000660000000002ED6DE67E
2026-03-30 06:16:37 - msg_id_0002 ==> 7E00020000660000000002ED6EE57E
2026-03-30 06:16:40 - msg_id_0002 ==> 7E00020000660000000002ED6FE47E
2026-03-30 06:16:43 - msg_id_0002 ==> 7E00020000660000000002ED70FB7E
2026-03-30 06:16:46 - msg_id_0002 ==> 7E00020000660000000002ED71FA7E
2026-03-30 06:16:49 - msg_id_0002 ==> 7E00020000660000000002ED72F97E
2026-03-30 06:16:52 - msg_id_0002 ==> 7E00020000660000000002ED73F87E
2026-03-30 06:16:55 - msg_id_0002 ==> 7E00020000660000000002ED75FE7E
2026-03-30 06:16:58 - msg_id_0002 ==> 7E00020000660000000002ED76FD7E
2026-03-30 06:17:01 - msg_id_0002 ==> 7E00020000660000000002ED77FC7E
2026-03-30 06:17:04 - msg_id_0002 ==> 7E00020000660000000002ED78F37E
2026-03-30 06:17:08 - msg_id_0002 ==> 7E00020000660000000002ED79F27E
2026-03-30 06:17:11 - msg_id_0002 ==> 7E00020000660000000002ED7AF17E
2026-03-30 06:17:14 - msg_id_0002 ==> 7E00020000660000000002ED7BF07E
2026-03-30 06:17:17 - msg_id_0002 ==> 7E00020000660000000002ED7CF77E
2026-03-30 06:17:20 - msg_id_0002 ==> 7E00020000660000000002ED7D01F67E
2026-03-30 06:17:23 - msg_id_0002 ==> 7E00020000660000000002ED7D02F57E
2026-03-30 06:17:30 - msg_id_0002 ==> 7E00020000660000000002ED83087E
2026-03-30 06:17:33 - msg_id_0002 ==> 7E00020000660000000002ED840F7E
2026-03-30 06:17:37 - msg_id_0002 ==> 7E00020000660000000002ED850E7E
2026-03-30 06:17:40 - msg_id_0002 ==> 7E00020000660000000002ED860D7E
2026-03-30 06:17:43 - msg_id_0002 ==> 7E00020000660000000002ED870C7E
2026-03-30 06:17:46 - msg_id_0002 ==> 7E00020000660000000002ED88037E
2026-03-30 06:17:49 - msg_id_0002 ==> 7E00020000660000000002ED89027E
2026-03-30 06:17:52 - msg_id_0002 ==> 7E00020000660000000002ED8A017E
2026-03-30 06:17:55 - msg_id_0002 ==> 7E00020000660000000002ED8B007E
2026-03-30 06:17:58 - msg_id_0002 ==> 7E00020000660000000002ED8C077E
2026-03-30 06:18:01 - msg_id_0002 ==> 7E00020000660000000002ED8E057E
2026-03-30 06:18:04 - msg_id_0002 ==> 7E00020000660000000002ED8F047E
2026-03-30 06:18:08 - msg_id_0002 ==> 7E00020000660000000002ED901B7E
2026-03-30 06:18:11 - msg_id_0002 ==> 7E00020000660000000002ED911A7E
2026-03-30 06:18:14 - msg_id_0002 ==> 7E00020000660000000002ED92197E
2026-03-30 06:18:17 - msg_id_0002 ==> 7E00020000660000000002ED93187E
2026-03-30 06:18:20 - msg_id_0002 ==> 7E00020000660000000002ED941F7E
2026-03-30 06:18:23 - msg_id_0002 ==> 7E00020000660000000002ED951E7E
2026-03-30 06:18:26 - msg_id_0002 ==> 7E00020000660000000002ED961D7E
2026-03-30 06:18:29 - msg_id_0002 ==> 7E00020000660000000002ED971C7E
2026-03-30 06:18:32 - msg_id_0002 ==> 7E00020000660000000002ED99127E
2026-03-30 06:18:35 - msg_id_0002 ==> 7E00020000660000000002ED9A117E
2026-03-30 06:18:39 - msg_id_0002 ==> 7E00020000660000000002ED9B107E
2026-03-30 06:18:42 - msg_id_0002 ==> 7E00020000660000000002ED9C177E
2026-03-30 06:18:45 - msg_id_0002 ==> 7E00020000660000000002ED9D167E
2026-03-30 06:18:48 - msg_id_0002 ==> 7E00020000660000000002ED9E157E
2026-03-30 06:18:51 - msg_id_0002 ==> 7E00020000660000000002ED9F147E
2026-03-30 06:18:54 - msg_id_0002 ==> 7E00020000660000000002EDA02B7E
2026-03-30 06:18:57 - msg_id_0002 ==> 7E00020000660000000002EDA12A7E
2026-03-30 06:19:00 - msg_id_0002 ==> 7E00020000660000000002EDA2297E
2026-03-30 06:19:03 - msg_id_0002 ==> 7E00020000660000000002EDA42F7E
2026-03-30 06:19:06 - msg_id_0002 ==> 7E00020000660000000002EDA52E7E
2026-03-30 06:19:10 - msg_id_0002 ==> 7E00020000660000000002EDA62D7E
2026-03-30 06:19:13 - msg_id_0002 ==> 7E00020000660000000002EDA72C7E
2026-03-30 06:19:16 - msg_id_0002 ==> 7E00020000660000000002EDA8237E
2026-03-30 06:19:19 - msg_id_0002 ==> 7E00020000660000000002EDA9227E
2026-03-30 06:19:22 - msg_id_0002 ==> 7E00020000660000000002EDAA217E
2026-03-30 06:19:25 - msg_id_0002 ==> 7E00020000660000000002EDAB207E
2026-03-30 06:19:28 - msg_id_0002 ==> 7E00020000660000000002EDAC277E
2026-03-30 06:19:31 - msg_id_0002 ==> 7E00020000660000000002EDAD267E
2026-03-30 06:19:34 - msg_id_0002 ==> 7E00020000660000000002EDAF247E
2026-03-30 06:19:37 - msg_id_0002 ==> 7E00020000660000000002EDB03B7E
2026-03-30 06:19:41 - msg_id_0002 ==> 7E00020000660000000002EDB13A7E
2026-03-30 06:19:44 - msg_id_0002 ==> 7E00020000660000000002EDB2397E
2026-03-30 06:19:47 - msg_id_0002 ==> 7E00020000660000000002EDB3387E
2026-03-30 06:19:50 - msg_id_0002 ==> 7E00020000660000000002EDB43F7E
2026-03-30 06:19:53 - msg_id_0002 ==> 7E00020000660000000002EDB53E7E
2026-03-30 06:19:56 - msg_id_0002 ==> 7E00020000660000000002EDB63D7E
2026-03-30 06:19:59 - msg_id_0002 ==> 7E00020000660000000002EDB73C7E
2026-03-30 06:20:02 - msg_id_0002 ==> 7E00020000660000000002EDB8337E
2026-03-30 06:20:05 - msg_id_0002 ==> 7E00020000660000000002EDBA317E
2026-03-30 06:20:08 - msg_id_0002 ==> 7E00020000660000000002EDBB307E
2026-03-30 06:20:12 - msg_id_0002 ==> 7E00020000660000000002EDBC377E
2026-03-30 06:20:15 - msg_id_0002 ==> 7E00020000660000000002EDBD367E
2026-03-30 06:20:18 - msg_id_0002 ==> 7E00020000660000000002EDBE357E
2026-03-30 06:20:21 - msg_id_0002 ==> 7E00020000660000000002EDBF347E
2026-03-30 06:20:24 - msg_id_0002 ==> 7E00020000660000000002EDC04B7E
2026-03-30 06:20:27 - msg_id_0002 ==> 7E00020000660000000002EDC14A7E
2026-03-30 06:20:30 - msg_id_0002 ==> 7E00020000660000000002EDC2497E
2026-03-30 06:20:33 - msg_id_0002 ==> 7E00020000660000000002EDC3487E
2026-03-30 06:20:36 - msg_id_0002 ==> 7E00020000660000000002EDC54E7E
2026-03-30 06:20:39 - msg_id_0002 ==> 7E00020000660000000002EDC64D7E
2026-03-30 06:20:43 - msg_id_0002 ==> 7E00020000660000000002EDC74C7E
2026-03-30 06:20:46 - msg_id_0002 ==> 7E00020000660000000002EDC8437E
2026-03-30 06:20:49 - msg_id_0002 ==> 7E00020000660000000002EDC9427E
2026-03-30 06:20:52 - msg_id_0002 ==> 7E00020000660000000002EDCA417E
2026-03-30 06:20:55 - msg_id_0002 ==> 7E00020000660000000002EDCB407E
2026-03-30 06:20:58 - msg_id_0002 ==> 7E00020000660000000002EDCC477E
2026-03-30 06:21:01 - msg_id_0002 ==> 7E00020000660000000002EDCD467E
2026-03-30 06:21:04 - msg_id_0002 ==> 7E00020000660000000002EDCE457E
2026-03-30 06:21:07 - msg_id_0002 ==> 7E00020000660000000002EDD05B7E
2026-03-30 06:21:10 - msg_id_0002 ==> 7E00020000660000000002EDD15A7E
2026-03-30 06:21:14 - msg_id_0002 ==> 7E00020000660000000002EDD2597E
2026-03-30 06:21:17 - msg_id_0002 ==> 7E00020000660000000002EDD3587E
2026-03-30 06:21:20 - msg_id_0002 ==> 7E00020000660000000002EDD45F7E
2026-03-30 06:21:23 - msg_id_0002 ==> 7E00020000660000000002EDD55E7E
2026-03-30 06:21:26 - msg_id_0002 ==> 7E00020000660000000002EDD65D7E
2026-03-30 06:21:29 - msg_id_0002 ==> 7E00020000660000000002EDD75C7E
2026-03-30 06:21:32 - msg_id_0002 ==> 7E00020000660000000002EDD8537E
2026-03-30 06:21:35 - msg_id_0002 ==> 7E00020000660000000002EDD9527E
2026-03-30 06:21:38 - msg_id_0002 ==> 7E00020000660000000002EDDB507E
2026-03-30 06:21:41 - msg_id_0002 ==> 7E00020000660000000002EDDC577E
2026-03-30 06:21:45 - msg_id_0002 ==> 7E00020000660000000002EDDD567E
2026-03-30 06:21:48 - msg_id_0002 ==> 7E00020000660000000002EDDE557E
2026-03-30 06:21:51 - msg_id_0002 ==> 7E00020000660000000002EDDF547E
2026-03-30 06:21:54 - msg_id_0002 ==> 7E00020000660000000002EDE06B7E
2026-03-30 06:21:57 - msg_id_0002 ==> 7E00020000660000000002EDE16A7E
2026-03-30 06:22:00 - msg_id_0002 ==> 7E00020000660000000002EDE2697E
2026-03-30 06:22:03 - msg_id_0002 ==> 7E00020000660000000002EDE3687E
2026-03-30 06:22:06 - msg_id_0002 ==> 7E00020000660000000002EDE46F7E
2026-03-30 06:22:09 - msg_id_0002 ==> 7E00020000660000000002EDE66D7E
2026-03-30 06:22:12 - msg_id_0002 ==> 7E00020000660000000002EDE76C7E
2026-03-30 06:22:16 - msg_id_0002 ==> 7E00020000660000000002EDE8637E
2026-03-30 06:22:19 - msg_id_0002 ==> 7E00020000660000000002EDE9627E
2026-03-30 06:22:22 - msg_id_0002 ==> 7E00020000660000000002EDEA617E
2026-03-30 06:22:25 - msg_id_0002 ==> 7E00020000660000000002EDEB607E
2026-03-30 06:22:28 - msg_id_0002 ==> 7E00020000660000000002EDEC677E
2026-03-30 06:22:31 - msg_id_0002 ==> 7E00020000660000000002EDED667E
2026-03-30 06:22:34 - msg_id_0002 ==> 7E00020000660000000002EDEE657E
2026-03-30 06:22:37 - msg_id_0002 ==> 7E00020000660000000002EDEF647E
2026-03-30 06:22:40 - msg_id_0002 ==> 7E00020000660000000002EDF17A7E
2026-03-30 06:22:43 - msg_id_0002 ==> 7E00020000660000000002EDF2797E
2026-03-30 06:22:47 - msg_id_0002 ==> 7E00020000660000000002EDF3787E
2026-03-30 06:22:50 - msg_id_0002 ==> 7E00020000660000000002EDF47F7E
2026-03-30 06:22:53 - msg_id_0002 ==> 7E00020000660000000002EDF57D027E
2026-03-30 06:22:56 - msg_id_0002 ==> 7E00020000660000000002EDF67D017E
2026-03-30 06:22:59 - msg_id_0002 ==> 7E00020000660000000002EDF77C7E
2026-03-30 06:23:02 - msg_id_0002 ==> 7E00020000660000000002EDF8737E
2026-03-30 06:23:05 - msg_id_0002 ==> 7E00020000660000000002EDF9727E
2026-03-30 06:23:08 - msg_id_0002 ==> 7E00020000660000000002EDFA717E
2026-03-30 06:23:11 - msg_id_0002 ==> 7E00020000660000000002EDFC777E
2026-03-30 06:23:14 - msg_id_0002 ==> 7E00020000660000000002EDFD767E
2026-03-30 06:23:18 - msg_id_0002 ==> 7E00020000660000000002EDFE757E
2026-03-30 06:23:21 - msg_id_0002 ==> 7E00020000660000000002EDFF747E
2026-03-30 06:23:24 - msg_id_0002 ==> 7E00020000660000000002EE00887E
2026-03-30 06:23:27 - msg_id_0002 ==> 7E00020000660000000002EE01897E
2026-03-30 06:23:30 - msg_id_0002 ==> 7E00020000660000000002EE028A7E
2026-03-30 06:23:33 - msg_id_0002 ==> 7E00020000660000000002EE038B7E
2026-03-30 06:23:36 - msg_id_0002 ==> 7E00020000660000000002EE048C7E
2026-03-30 06:23:39 - msg_id_0002 ==> 7E00020000660000000002EE058D7E
2026-03-30 06:23:42 - msg_id_0002 ==> 7E00020000660000000002EE078F7E
2026-03-30 06:23:45 - msg_id_0002 ==> 7E00020000660000000002EE08807E
2026-03-30 06:23:49 - msg_id_0002 ==> 7E00020000660000000002EE09817E
2026-03-30 06:23:52 - msg_id_0002 ==> 7E00020000660000000002EE0A827E
2026-03-30 06:23:55 - msg_id_0002 ==> 7E00020000660000000002EE0B837E
2026-03-30 06:23:58 - msg_id_0002 ==> 7E00020000660000000002EE0C847E
2026-03-30 06:24:01 - msg_id_0002 ==> 7E00020000660000000002EE0D857E
2026-03-30 06:24:04 - msg_id_0002 ==> 7E00020000660000000002EE0E867E
2026-03-30 06:24:07 - msg_id_0002 ==> 7E00020000660000000002EE0F877E
2026-03-30 06:24:10 - msg_id_0002 ==> 7E00020000660000000002EE10987E
2026-03-30 06:24:13 - msg_id_0002 ==> 7E00020000660000000002EE129A7E
2026-03-30 06:24:16 - msg_id_0002 ==> 7E00020000660000000002EE139B7E
2026-03-30 06:24:20 - msg_id_0002 ==> 7E00020000660000000002EE149C7E
2026-03-30 06:24:23 - msg_id_0002 ==> 7E00020000660000000002EE159D7E
2026-03-30 06:24:26 - msg_id_0002 ==> 7E00020000660000000002EE169E7E
2026-03-30 06:24:29 - msg_id_0002 ==> 7E00020000660000000002EE179F7E
2026-03-30 06:24:32 - msg_id_0002 ==> 7E00020000660000000002EE18907E
2026-03-30 06:24:35 - msg_id_0002 ==> 7E00020000660000000002EE19917E
2026-03-30 06:24:38 - msg_id_0002 ==> 7E00020000660000000002EE1A927E
2026-03-30 06:24:41 - msg_id_0002 ==> 7E00020000660000000002EE1B937E
2026-03-30 06:24:44 - msg_id_0002 ==> 7E00020000660000000002EE1D957E
2026-03-30 06:24:48 - msg_id_0002 ==> 7E00020000660000000002EE1E967E
2026-03-30 06:24:51 - msg_id_0002 ==> 7E00020000660000000002EE1F977E
2026-03-30 06:24:54 - msg_id_0002 ==> 7E00020000660000000002EE20A87E
2026-03-30 06:24:57 - msg_id_0002 ==> 7E00020000660000000002EE21A97E
2026-03-30 06:25:00 - msg_id_0002 ==> 7E00020000660000000002EE22AA7E
2026-03-30 06:25:03 - msg_id_0002 ==> 7E00020000660000000002EE23AB7E
2026-03-30 06:25:06 - msg_id_0002 ==> 7E00020000660000000002EE24AC7E
2026-03-30 06:25:09 - msg_id_0002 ==> 7E00020000660000000002EE25AD7E
2026-03-30 06:25:12 - msg_id_0002 ==> 7E00020000660000000002EE26AE7E
2026-03-30 06:25:15 - msg_id_0002 ==> 7E00020000660000000002EE28A07E
2026-03-30 06:25:19 - msg_id_0002 ==> 7E00020000660000000002EE29A17E
2026-03-30 06:25:22 - msg_id_0002 ==> 7E00020000660000000002EE2AA27E
2026-03-30 06:25:25 - msg_id_0002 ==> 7E00020000660000000002EE2BA37E
2026-03-30 06:25:28 - msg_id_0002 ==> 7E00020000660000000002EE2CA47E
2026-03-30 06:25:31 - msg_id_0002 ==> 7E00020000660000000002EE2DA57E
2026-03-30 06:25:34 - msg_id_0002 ==> 7E00020000660000000002EE2EA67E
2026-03-30 06:25:37 - msg_id_0002 ==> 7E00020000660000000002EE2FA77E
2026-03-30 06:25:40 - msg_id_0002 ==> 7E00020000660000000002EE30B87E
2026-03-30 06:25:43 - msg_id_0002 ==> 7E00020000660000000002EE31B97E
2026-03-30 06:25:46 - msg_id_0002 ==> 7E00020000660000000002EE33BB7E
2026-03-30 06:25:50 - msg_id_0002 ==> 7E00020000660000000002EE34BC7E
2026-03-30 06:25:53 - msg_id_0002 ==> 7E00020000660000000002EE35BD7E
2026-03-30 06:25:56 - msg_id_0002 ==> 7E00020000660000000002EE36BE7E
2026-03-30 06:25:59 - msg_id_0002 ==> 7E00020000660000000002EE37BF7E
2026-03-30 06:26:02 - msg_id_0002 ==> 7E00020000660000000002EE38B07E
2026-03-30 06:26:05 - msg_id_0002 ==> 7E00020000660000000002EE39B17E
2026-03-30 06:26:08 - msg_id_0002 ==> 7E00020000660000000002EE3AB27E
2026-03-30 06:26:11 - msg_id_0002 ==> 7E00020000660000000002EE3BB37E
2026-03-30 06:26:14 - msg_id_0002 ==> 7E00020000660000000002EE3CB47E
2026-03-30 06:26:17 - msg_id_0002 ==> 7E00020000660000000002EE3EB67E
2026-03-30 06:26:21 - msg_id_0002 ==> 7E00020000660000000002EE3FB77E
2026-03-30 06:26:24 - msg_id_0002 ==> 7E00020000660000000002EE40C87E
2026-03-30 06:26:27 - msg_id_0002 ==> 7E00020000660000000002EE41C97E
2026-03-30 06:26:30 - msg_id_0002 ==> 7E00020000660000000002EE42CA7E
2026-03-30 06:26:33 - msg_id_0002 ==> 7E00020000660000000002EE43CB7E
2026-03-30 06:26:36 - msg_id_0002 ==> 7E00020000660000000002EE44CC7E
2026-03-30 06:26:39 - msg_id_0002 ==> 7E00020000660000000002EE45CD7E
2026-03-30 06:26:42 - msg_id_0002 ==> 7E00020000660000000002EE46CE7E
2026-03-30 06:26:45 - msg_id_0002 ==> 7E00020000660000000002EE47CF7E
2026-03-30 06:26:48 - msg_id_0002 ==> 7E00020000660000000002EE49C17E
2026-03-30 06:26:52 - msg_id_0002 ==> 7E00020000660000000002EE4AC27E
2026-03-30 06:26:55 - msg_id_0002 ==> 7E00020000660000000002EE4BC37E
2026-03-30 06:26:58 - msg_id_0002 ==> 7E00020000660000000002EE4CC47E
2026-03-30 06:27:01 - msg_id_0002 ==> 7E00020000660000000002EE4DC57E
2026-03-30 06:27:04 - msg_id_0002 ==> 7E00020000660000000002EE4EC67E
2026-03-30 06:27:07 - msg_id_0002 ==> 7E00020000660000000002EE4FC77E
2026-03-30 06:27:10 - msg_id_0002 ==> 7E00020000660000000002EE50D87E
2026-03-30 06:27:13 - msg_id_0002 ==> 7E00020000660000000002EE51D97E
2026-03-30 06:27:16 - msg_id_0002 ==> 7E00020000660000000002EE52DA7E
2026-03-30 06:27:19 - msg_id_0002 ==> 7E00020000660000000002EE54DC7E
2026-03-30 06:27:23 - msg_id_0002 ==> 7E00020000660000000002EE55DD7E
2026-03-30 06:27:26 - msg_id_0002 ==> 7E00020000660000000002EE56DE7E
2026-03-30 06:27:29 - msg_id_0002 ==> 7E00020000660000000002EE57DF7E
2026-03-30 06:27:32 - msg_id_0002 ==> 7E00020000660000000002EE58D07E
2026-03-30 06:27:35 - msg_id_0002 ==> 7E00020000660000000002EE59D17E
2026-03-30 06:27:38 - msg_id_0002 ==> 7E00020000660000000002EE5AD27E
2026-03-30 06:27:41 - msg_id_0002 ==> 7E00020000660000000002EE5BD37E
2026-03-30 06:27:44 - msg_id_0002 ==> 7E00020000660000000002EE5CD47E
2026-03-30 06:27:47 - msg_id_0002 ==> 7E00020000660000000002EE5DD57E
2026-03-30 06:27:50 - msg_id_0002 ==> 7E00020000660000000002EE5FD77E
2026-03-30 06:27:54 - msg_id_0002 ==> 7E00020000660000000002EE60E87E
2026-03-30 06:27:57 - msg_id_0002 ==> 7E00020000660000000002EE61E97E
2026-03-30 06:28:00 - msg_id_0002 ==> 7E00020000660000000002EE62EA7E
2026-03-30 06:28:03 - msg_id_0002 ==> 7E00020000660000000002EE63EB7E
2026-03-30 06:28:06 - msg_id_0002 ==> 7E00020000660000000002EE64EC7E
2026-03-30 06:28:09 - msg_id_0002 ==> 7E00020000660000000002EE65ED7E
2026-03-30 06:28:12 - msg_id_0002 ==> 7E00020000660000000002EE66EE7E
2026-03-30 06:28:15 - msg_id_0002 ==> 7E00020000660000000002EE67EF7E
2026-03-30 06:28:18 - msg_id_0002 ==> 7E00020000660000000002EE68E07E
2026-03-30 06:28:21 - msg_id_0002 ==> 7E00020000660000000002EE6AE27E
2026-03-30 06:28:25 - msg_id_0002 ==> 7E00020000660000000002EE6BE37E
2026-03-30 06:28:28 - msg_id_0002 ==> 7E00020000660000000002EE6CE47E
2026-03-30 06:28:31 - msg_id_0002 ==> 7E00020000660000000002EE6DE57E
2026-03-30 06:28:34 - msg_id_0002 ==> 7E00020000660000000002EE6EE67E
2026-03-30 06:28:37 - msg_id_0002 ==> 7E00020000660000000002EE6FE77E
2026-03-30 06:28:40 - msg_id_0002 ==> 7E00020000660000000002EE70F87E
2026-03-30 06:28:43 - msg_id_0002 ==> 7E00020000660000000002EE71F97E
2026-03-30 06:28:46 - msg_id_0002 ==> 7E00020000660000000002EE72FA7E
2026-03-30 06:28:49 - msg_id_0002 ==> 7E00020000660000000002EE73FB7E
2026-03-30 06:28:52 - msg_id_0002 ==> 7E00020000660000000002EE75FD7E
2026-03-30 06:28:56 - msg_id_0002 ==> 7E00020000660000000002EE76FE7E
2026-03-30 06:28:59 - msg_id_0002 ==> 7E00020000660000000002EE77FF7E
2026-03-30 06:29:02 - msg_id_0002 ==> 7E00020000660000000002EE78F07E
2026-03-30 06:29:05 - msg_id_0002 ==> 7E00020000660000000002EE79F17E
2026-03-30 06:29:08 - msg_id_0002 ==> 7E00020000660000000002EE7AF27E
2026-03-30 06:29:11 - msg_id_0002 ==> 7E00020000660000000002EE7BF37E
2026-03-30 06:29:14 - msg_id_0002 ==> 7E00020000660000000002EE7CF47E
2026-03-30 06:29:17 - msg_id_0002 ==> 7E00020000660000000002EE7D01F57E
2026-03-30 06:29:20 - msg_id_0002 ==> 7E00020000660000000002EE7D02F67E
2026-03-30 06:29:28 - msg_id_0002 ==> 7E00020000660000000002EE830B7E
2026-03-30 06:29:31 - msg_id_0002 ==> 7E00020000660000000002EE840C7E
2026-03-30 06:29:34 - msg_id_0002 ==> 7E00020000660000000002EE850D7E
2026-03-30 06:29:37 - msg_id_0002 ==> 7E00020000660000000002EE860E7E
2026-03-30 06:29:40 - msg_id_0002 ==> 7E00020000660000000002EE870F7E
2026-03-30 06:29:43 - msg_id_0002 ==> 7E00020000660000000002EE88007E
2026-03-30 06:29:47 - msg_id_0002 ==> 7E00020000660000000002EE89017E
2026-03-30 06:29:50 - msg_id_0002 ==> 7E00020000660000000002EE8A027E
2026-03-30 06:29:53 - msg_id_0002 ==> 7E00020000660000000002EE8B037E
2026-03-30 06:29:56 - msg_id_0002 ==> 7E00020000660000000002EE8C047E
2026-03-30 06:29:59 - msg_id_0002 ==> 7E00020000660000000002EE8E067E
2026-03-30 06:30:02 - msg_id_0002 ==> 7E00020000660000000002EE8F077E
2026-03-30 06:30:05 - msg_id_0002 ==> 7E00020000660000000002EE90187E
2026-03-30 06:30:08 - msg_id_0002 ==> 7E00020000660000000002EE91197E
2026-03-30 06:30:11 - msg_id_0002 ==> 7E00020000660000000002EE921A7E
2026-03-30 06:30:14 - msg_id_0002 ==> 7E00020000660000000002EE931B7E
2026-03-30 06:30:18 - msg_id_0002 ==> 7E00020000660000000002EE941C7E
2026-03-30 06:30:21 - msg_id_0002 ==> 7E00020000660000000002EE951D7E
2026-03-30 06:30:24 - msg_id_0002 ==> 7E00020000660000000002EE961E7E
2026-03-30 06:30:27 - msg_id_0002 ==> 7E00020000660000000002EE971F7E
2026-03-30 06:30:30 - msg_id_0002 ==> 7E00020000660000000002EE99117E
2026-03-30 06:30:33 - msg_id_0002 ==> 7E00020000660000000002EE9A127E
2026-03-30 06:30:36 - msg_id_0002 ==> 7E00020000660000000002EE9B137E
2026-03-30 06:30:39 - msg_id_0002 ==> 7E00020000660000000002EE9C147E
2026-03-30 06:30:42 - msg_id_0002 ==> 7E00020000660000000002EE9D157E
2026-03-30 06:30:45 - msg_id_0002 ==> 7E00020000660000000002EE9E167E
2026-03-30 06:30:49 - msg_id_0002 ==> 7E00020000660000000002EE9F177E
2026-03-30 06:30:52 - msg_id_0002 ==> 7E00020000660000000002EEA0287E
2026-03-30 06:30:55 - msg_id_0002 ==> 7E00020000660000000002EEA1297E
2026-03-30 06:30:58 - msg_id_0002 ==> 7E00020000660000000002EEA22A7E
2026-03-30 06:31:01 - msg_id_0002 ==> 7E00020000660000000002EEA42C7E
2026-03-30 06:31:04 - msg_id_0002 ==> 7E00020000660000000002EEA52D7E
2026-03-30 06:31:07 - msg_id_0002 ==> 7E00020000660000000002EEA62E7E
2026-03-30 06:31:10 - msg_id_0002 ==> 7E00020000660000000002EEA72F7E
2026-03-30 06:31:13 - msg_id_0002 ==> 7E00020000660000000002EEA8207E
2026-03-30 06:31:16 - msg_id_0002 ==> 7E00020000660000000002EEA9217E
2026-03-30 06:31:20 - msg_id_0002 ==> 7E00020000660000000002EEAA227E
2026-03-30 06:31:23 - msg_id_0002 ==> 7E00020000660000000002EEAB237E
2026-03-30 06:31:26 - msg_id_0002 ==> 7E00020000660000000002EEAC247E
2026-03-30 06:31:29 - msg_id_0002 ==> 7E00020000660000000002EEAD257E
2026-03-30 06:31:32 - msg_id_0002 ==> 7E00020000660000000002EEAF277E
2026-03-30 06:31:35 - msg_id_0002 ==> 7E00020000660000000002EEB0387E
2026-03-30 06:31:38 - msg_id_0002 ==> 7E00020000660000000002EEB1397E
2026-03-30 06:31:41 - msg_id_0002 ==> 7E00020000660000000002EEB23A7E
2026-03-30 06:31:44 - msg_id_0002 ==> 7E00020000660000000002EEB33B7E
2026-03-30 06:31:47 - msg_id_0002 ==> 7E00020000660000000002EEB43C7E
2026-03-30 06:31:51 - msg_id_0002 ==> 7E00020000660000000002EEB53D7E
2026-03-30 06:31:54 - msg_id_0002 ==> 7E00020000660000000002EEB63E7E
2026-03-30 06:31:57 - msg_id_0002 ==> 7E00020000660000000002EEB73F7E
2026-03-30 06:32:00 - msg_id_0002 ==> 7E00020000660000000002EEB8307E
2026-03-30 06:32:03 - msg_id_0002 ==> 7E00020000660000000002EEBA327E
2026-03-30 06:32:06 - msg_id_0002 ==> 7E00020000660000000002EEBB337E
2026-03-30 06:32:09 - msg_id_0002 ==> 7E00020000660000000002EEBC347E
2026-03-30 06:32:12 - msg_id_0002 ==> 7E00020000660000000002EEBD357E
2026-03-30 06:32:15 - msg_id_0002 ==> 7E00020000660000000002EEBE367E
2026-03-30 06:32:18 - msg_id_0002 ==> 7E00020000660000000002EEBF377E
2026-03-30 06:32:22 - msg_id_0002 ==> 7E00020000660000000002EEC0487E
2026-03-30 06:32:25 - msg_id_0002 ==> 7E00020000660000000002EEC1497E
2026-03-30 06:32:28 - msg_id_0002 ==> 7E00020000660000000002EEC24A7E
2026-03-30 06:32:31 - msg_id_0002 ==> 7E00020000660000000002EEC34B7E
2026-03-30 06:32:34 - msg_id_0002 ==> 7E00020000660000000002EEC54D7E
2026-03-30 06:32:37 - msg_id_0002 ==> 7E00020000660000000002EEC64E7E
2026-03-30 06:32:40 - msg_id_0002 ==> 7E00020000660000000002EEC74F7E
2026-03-30 06:32:43 - msg_id_0002 ==> 7E00020000660000000002EEC8407E
2026-03-30 06:32:46 - msg_id_0002 ==> 7E00020000660000000002EEC9417E
2026-03-30 06:32:49 - msg_id_0002 ==> 7E00020000660000000002EECA427E
2026-03-30 06:32:53 - msg_id_0002 ==> 7E00020000660000000002EECB437E
2026-03-30 06:32:56 - msg_id_0002 ==> 7E00020000660000000002EECC447E
2026-03-30 06:32:59 - msg_id_0002 ==> 7E00020000660000000002EECD457E
2026-03-30 06:33:02 - msg_id_0002 ==> 7E00020000660000000002EECE467E
2026-03-30 06:33:05 - msg_id_0002 ==> 7E00020000660000000002EED0587E
2026-03-30 06:33:08 - msg_id_0002 ==> 7E00020000660000000002EED1597E
2026-03-30 06:33:11 - msg_id_0002 ==> 7E00020000660000000002EED25A7E
2026-03-30 06:33:14 - msg_id_0002 ==> 7E00020000660000000002EED35B7E
2026-03-30 06:33:17 - msg_id_0002 ==> 7E00020000660000000002EED45C7E
2026-03-30 06:33:20 - msg_id_0002 ==> 7E00020000660000000002EED55D7E
2026-03-30 06:33:24 - msg_id_0002 ==> 7E00020000660000000002EED65E7E
2026-03-30 06:33:27 - msg_id_0002 ==> 7E00020000660000000002EED75F7E
2026-03-30 06:33:30 - msg_id_0002 ==> 7E00020000660000000002EED8507E
2026-03-30 06:33:33 - msg_id_0002 ==> 7E00020000660000000002EED9517E
2026-03-30 06:33:36 - msg_id_0002 ==> 7E00020000660000000002EEDB537E
2026-03-30 06:33:39 - msg_id_0002 ==> 7E00020000660000000002EEDC547E
2026-03-30 06:33:42 - msg_id_0002 ==> 7E00020000660000000002EEDD557E
2026-03-30 06:33:45 - msg_id_0002 ==> 7E00020000660000000002EEDE567E
2026-03-30 06:33:48 - msg_id_0002 ==> 7E00020000660000000002EEDF577E
2026-03-30 06:33:51 - msg_id_0002 ==> 7E00020000660000000002EEE0687E
2026-03-30 06:33:55 - msg_id_0002 ==> 7E00020000660000000002EEE1697E
2026-03-30 06:33:58 - msg_id_0002 ==> 7E00020000660000000002EEE26A7E
2026-03-30 06:34:01 - msg_id_0002 ==> 7E00020000660000000002EEE36B7E
2026-03-30 06:34:04 - msg_id_0002 ==> 7E00020000660000000002EEE46C7E
2026-03-30 06:34:07 - msg_id_0002 ==> 7E00020000660000000002EEE66E7E
2026-03-30 06:34:10 - msg_id_0002 ==> 7E00020000660000000002EEE76F7E
2026-03-30 06:34:13 - msg_id_0002 ==> 7E00020000660000000002EEE8607E
2026-03-30 06:34:16 - msg_id_0002 ==> 7E00020000660000000002EEE9617E
2026-03-30 06:34:19 - msg_id_0002 ==> 7E00020000660000000002EEEA627E
2026-03-30 06:34:22 - msg_id_0002 ==> 7E00020000660000000002EEEB637E
2026-03-30 06:34:26 - msg_id_0002 ==> 7E00020000660000000002EEEC647E
2026-03-30 06:34:29 - msg_id_0002 ==> 7E00020000660000000002EEED657E
2026-03-30 06:34:32 - msg_id_0002 ==> 7E00020000660000000002EEEE667E
2026-03-30 06:34:35 - msg_id_0002 ==> 7E00020000660000000002EEEF677E
2026-03-30 06:34:38 - msg_id_0002 ==> 7E00020000660000000002EEF1797E
2026-03-30 06:34:41 - msg_id_0002 ==> 7E00020000660000000002EEF27A7E
2026-03-30 06:34:44 - msg_id_0002 ==> 7E00020000660000000002EEF37B7E
2026-03-30 06:34:47 - msg_id_0002 ==> 7E00020000660000000002EEF47C7E
2026-03-30 06:34:50 - msg_id_0002 ==> 7E00020000660000000002EEF57D017E
2026-03-30 06:34:53 - msg_id_0002 ==> 7E00020000660000000002EEF67D027E
2026-03-30 06:34:57 - msg_id_0002 ==> 7E00020000660000000002EEF77F7E
2026-03-30 06:35:00 - msg_id_0002 ==> 7E00020000660000000002EEF8707E
2026-03-30 06:35:03 - msg_id_0002 ==> 7E00020000660000000002EEF9717E
2026-03-30 06:35:06 - msg_id_0002 ==> 7E00020000660000000002EEFA727E
2026-03-30 06:35:09 - msg_id_0002 ==> 7E00020000660000000002EEFC747E
2026-03-30 06:35:12 - msg_id_0002 ==> 7E00020000660000000002EEFD757E
2026-03-30 06:35:15 - msg_id_0002 ==> 7E00020000660000000002EEFE767E
2026-03-30 06:35:18 - msg_id_0002 ==> 7E00020000660000000002EEFF777E
2026-03-30 06:35:21 - msg_id_0002 ==> 7E00020000660000000002EF00897E
2026-03-30 06:35:24 - msg_id_0002 ==> 7E00020000660000000002EF01887E
2026-03-30 06:35:28 - msg_id_0002 ==> 7E00020000660000000002EF028B7E
2026-03-30 06:35:31 - msg_id_0002 ==> 7E00020000660000000002EF038A7E
2026-03-30 06:35:34 - msg_id_0002 ==> 7E00020000660000000002EF048D7E
2026-03-30 06:35:37 - msg_id_0002 ==> 7E00020000660000000002EF058C7E
2026-03-30 06:35:40 - msg_id_0002 ==> 7E00020000660000000002EF078E7E
2026-03-30 06:35:43 - msg_id_0002 ==> 7E00020000660000000002EF08817E
2026-03-30 06:35:46 - msg_id_0002 ==> 7E00020000660000000002EF09807E
2026-03-30 06:35:49 - msg_id_0002 ==> 7E00020000660000000002EF0A837E
2026-03-30 06:35:52 - msg_id_0002 ==> 7E00020000660000000002EF0B827E
2026-03-30 06:35:55 - msg_id_0002 ==> 7E00020000660000000002EF0C857E
2026-03-30 06:35:59 - msg_id_0002 ==> 7E00020000660000000002EF0D847E
2026-03-30 06:36:02 - msg_id_0002 ==> 7E00020000660000000002EF0E877E
2026-03-30 06:36:05 - msg_id_0002 ==> 7E00020000660000000002EF0F867E
2026-03-30 06:36:08 - msg_id_0002 ==> 7E00020000660000000002EF10997E
2026-03-30 06:36:11 - msg_id_0002 ==> 7E00020000660000000002EF129B7E
2026-03-30 06:36:14 - msg_id_0002 ==> 7E00020000660000000002EF139A7E
2026-03-30 06:36:17 - msg_id_0002 ==> 7E00020000660000000002EF149D7E
2026-03-30 06:36:20 - msg_id_0002 ==> 7E00020000660000000002EF159C7E
2026-03-30 06:36:23 - msg_id_0002 ==> 7E00020000660000000002EF169F7E
2026-03-30 06:36:26 - msg_id_0002 ==> 7E00020000660000000002EF179E7E
2026-03-30 06:36:30 - msg_id_0002 ==> 7E00020000660000000002EF18917E
2026-03-30 06:36:33 - msg_id_0002 ==> 7E00020000660000000002EF19907E
2026-03-30 06:36:36 - msg_id_0002 ==> 7E00020000660000000002EF1A937E
2026-03-30 06:36:39 - msg_id_0002 ==> 7E00020000660000000002EF1B927E
2026-03-30 06:36:42 - msg_id_0002 ==> 7E00020000660000000002EF1D947E
2026-03-30 06:36:45 - msg_id_0002 ==> 7E00020000660000000002EF1E977E
2026-03-30 06:36:48 - msg_id_0002 ==> 7E00020000660000000002EF1F967E
2026-03-30 06:36:51 - msg_id_0002 ==> 7E00020000660000000002EF20A97E
2026-03-30 06:36:54 - msg_id_0002 ==> 7E00020000660000000002EF21A87E
2026-03-30 06:36:58 - msg_id_0002 ==> 7E00020000660000000002EF22AB7E
2026-03-30 06:37:01 - msg_id_0002 ==> 7E00020000660000000002EF23AA7E
2026-03-30 06:37:04 - msg_id_0002 ==> 7E00020000660000000002EF24AD7E
2026-03-30 06:37:07 - msg_id_0002 ==> 7E00020000660000000002EF25AC7E
2026-03-30 06:37:10 - msg_id_0002 ==> 7E00020000660000000002EF26AF7E
2026-03-30 06:37:13 - msg_id_0002 ==> 7E00020000660000000002EF28A17E
2026-03-30 06:37:16 - msg_id_0002 ==> 7E00020000660000000002EF29A07E
2026-03-30 06:37:19 - msg_id_0002 ==> 7E00020000660000000002EF2AA37E
2026-03-30 06:37:22 - msg_id_0002 ==> 7E00020000660000000002EF2BA27E
2026-03-30 06:37:25 - msg_id_0002 ==> 7E00020000660000000002EF2CA57E
2026-03-30 06:37:29 - msg_id_0002 ==> 7E00020000660000000002EF2DA47E
2026-03-30 06:37:32 - msg_id_0002 ==> 7E00020000660000000002EF2EA77E
2026-03-30 06:37:35 - msg_id_0002 ==> 7E00020000660000000002EF2FA67E
2026-03-30 06:37:38 - msg_id_0002 ==> 7E00020000660000000002EF30B97E
2026-03-30 06:37:41 - msg_id_0002 ==> 7E00020000660000000002EF31B87E
2026-03-30 06:37:44 - msg_id_0002 ==> 7E00020000660000000002EF33BA7E
2026-03-30 06:37:47 - msg_id_0002 ==> 7E00020000660000000002EF34BD7E
2026-03-30 06:37:50 - msg_id_0002 ==> 7E00020000660000000002EF35BC7E
2026-03-30 06:37:53 - msg_id_0002 ==> 7E00020000660000000002EF36BF7E
2026-03-30 06:37:56 - msg_id_0002 ==> 7E00020000660000000002EF37BE7E
2026-03-30 06:38:00 - msg_id_0002 ==> 7E00020000660000000002EF38B17E
2026-03-30 06:38:03 - msg_id_0002 ==> 7E00020000660000000002EF39B07E
2026-03-30 06:38:06 - msg_id_0002 ==> 7E00020000660000000002EF3AB37E
2026-03-30 06:38:09 - msg_id_0002 ==> 7E00020000660000000002EF3BB27E
2026-03-30 06:38:12 - msg_id_0002 ==> 7E00020000660000000002EF3CB57E
2026-03-30 06:38:15 - msg_id_0002 ==> 7E00020000660000000002EF3EB77E
2026-03-30 06:38:18 - msg_id_0002 ==> 7E00020000660000000002EF3FB67E
2026-03-30 06:38:21 - msg_id_0002 ==> 7E00020000660000000002EF40C97E
2026-03-30 06:38:24 - msg_id_0002 ==> 7E00020000660000000002EF41C87E
2026-03-30 06:38:27 - msg_id_0002 ==> 7E00020000660000000002EF42CB7E
2026-03-30 06:38:31 - msg_id_0002 ==> 7E00020000660000000002EF43CA7E
2026-03-30 06:38:34 - msg_id_0002 ==> 7E00020000660000000002EF44CD7E
2026-03-30 06:38:37 - msg_id_0002 ==> 7E00020000660000000002EF45CC7E
2026-03-30 06:38:40 - msg_id_0002 ==> 7E00020000660000000002EF46CF7E
2026-03-30 06:38:43 - msg_id_0002 ==> 7E00020000660000000002EF47CE7E
2026-03-30 06:38:46 - msg_id_0002 ==> 7E00020000660000000002EF49C07E
2026-03-30 06:38:49 - msg_id_0002 ==> 7E00020000660000000002EF4AC37E
2026-03-30 06:38:52 - msg_id_0002 ==> 7E00020000660000000002EF4BC27E
2026-03-30 06:38:55 - msg_id_0002 ==> 7E00020000660000000002EF4CC57E
2026-03-30 06:38:58 - msg_id_0002 ==> 7E00020000660000000002EF4DC47E
2026-03-30 06:39:02 - msg_id_0002 ==> 7E00020000660000000002EF4EC77E
2026-03-30 06:39:05 - msg_id_0002 ==> 7E00020000660000000002EF4FC67E
2026-03-30 06:39:08 - msg_id_0002 ==> 7E00020000660000000002EF50D97E
2026-03-30 06:39:11 - msg_id_0002 ==> 7E00020000660000000002EF51D87E
2026-03-30 06:39:14 - msg_id_0002 ==> 7E00020000660000000002EF52DB7E
2026-03-30 06:39:17 - msg_id_0002 ==> 7E00020000660000000002EF54DD7E
2026-03-30 06:39:20 - msg_id_0002 ==> 7E00020000660000000002EF55DC7E
2026-03-30 06:39:23 - msg_id_0002 ==> 7E00020000660000000002EF56DF7E
2026-03-30 06:39:26 - msg_id_0002 ==> 7E00020000660000000002EF57DE7E
2026-03-30 06:39:29 - msg_id_0002 ==> 7E00020000660000000002EF58D17E
2026-03-30 06:39:33 - msg_id_0002 ==> 7E00020000660000000002EF59D07E
2026-03-30 06:39:36 - msg_id_0002 ==> 7E00020000660000000002EF5AD37E
2026-03-30 06:39:39 - msg_id_0002 ==> 7E00020000660000000002EF5BD27E
2026-03-30 06:39:42 - msg_id_0002 ==> 7E00020000660000000002EF5CD57E
2026-03-30 06:39:45 - msg_id_0002 ==> 7E00020000660000000002EF5DD47E
2026-03-30 06:39:48 - msg_id_0002 ==> 7E00020000660000000002EF5FD67E
2026-03-30 06:39:51 - msg_id_0002 ==> 7E00020000660000000002EF60E97E
2026-03-30 06:39:54 - msg_id_0002 ==> 7E00020000660000000002EF61E87E
2026-03-30 06:39:57 - msg_id_0002 ==> 7E00020000660000000002EF62EB7E
2026-03-30 06:40:00 - msg_id_0002 ==> 7E00020000660000000002EF63EA7E
2026-03-30 06:40:04 - msg_id_0002 ==> 7E00020000660000000002EF64ED7E
2026-03-30 06:40:07 - msg_id_0002 ==> 7E00020000660000000002EF65EC7E
2026-03-30 06:40:10 - msg_id_0002 ==> 7E00020000660000000002EF66EF7E
2026-03-30 06:40:13 - msg_id_0002 ==> 7E00020000660000000002EF67EE7E
2026-03-30 06:40:16 - msg_id_0002 ==> 7E00020000660000000002EF68E17E
2026-03-30 06:40:19 - msg_id_0002 ==> 7E00020000660000000002EF6AE37E
2026-03-30 06:40:22 - msg_id_0002 ==> 7E00020000660000000002EF6BE27E
2026-03-30 06:40:25 - msg_id_0002 ==> 7E00020000660000000002EF6CE57E
2026-03-30 06:40:28 - msg_id_0002 ==> 7E00020000660000000002EF6DE47E
2026-03-30 06:40:31 - msg_id_0002 ==> 7E00020000660000000002EF6EE77E
2026-03-30 06:40:35 - msg_id_0002 ==> 7E00020000660000000002EF6FE67E
2026-03-30 06:40:38 - msg_id_0002 ==> 7E00020000660000000002EF70F97E
2026-03-30 06:40:41 - msg_id_0002 ==> 7E00020000660000000002EF71F87E
2026-03-30 06:40:44 - msg_id_0002 ==> 7E00020000660000000002EF72FB7E
2026-03-30 06:40:47 - msg_id_0002 ==> 7E00020000660000000002EF73FA7E
2026-03-30 06:40:50 - msg_id_0002 ==> 7E00020000660000000002EF75FC7E
2026-03-30 06:40:53 - msg_id_0002 ==> 7E00020000660000000002EF76FF7E
2026-03-30 06:40:56 - msg_id_0002 ==> 7E00020000660000000002EF77FE7E
2026-03-30 06:40:59 - msg_id_0002 ==> 7E00020000660000000002EF78F17E
2026-03-30 06:41:02 - msg_id_0002 ==> 7E00020000660000000002EF79F07E
2026-03-30 06:41:06 - msg_id_0002 ==> 7E00020000660000000002EF7AF37E
2026-03-30 06:41:09 - msg_id_0002 ==> 7E00020000660000000002EF7BF27E
2026-03-30 06:41:12 - msg_id_0002 ==> 7E00020000660000000002EF7CF57E
2026-03-30 06:41:15 - msg_id_0002 ==> 7E00020000660000000002EF7D01F47E
2026-03-30 06:41:18 - msg_id_0002 ==> 7E00020000660000000002EF7D02F77E
2026-03-30 06:41:26 - msg_id_0002 ==> 7E00020000660000000002EF830A7E
2026-03-30 06:41:29 - msg_id_0002 ==> 7E00020000660000000002EF840D7E
2026-03-30 06:41:32 - msg_id_0002 ==> 7E00020000660000000002EF850C7E
2026-03-30 06:41:35 - msg_id_0002 ==> 7E00020000660000000002EF860F7E
2026-03-30 06:41:38 - msg_id_0002 ==> 7E00020000660000000002EF870E7E
2026-03-30 06:41:41 - msg_id_0002 ==> 7E00020000660000000002EF88017E
2026-03-30 06:41:44 - msg_id_0002 ==> 7E00020000660000000002EF89007E
2026-03-30 06:41:47 - msg_id_0002 ==> 7E00020000660000000002EF8A037E
2026-03-30 06:41:50 - msg_id_0002 ==> 7E00020000660000000002EF8B027E
2026-03-30 06:41:53 - msg_id_0002 ==> 7E00020000660000000002EF8C057E
2026-03-30 06:41:57 - msg_id_0002 ==> 7E00020000660000000002EF8E077E
2026-03-30 06:42:00 - msg_id_0002 ==> 7E00020000660000000002EF8F067E
2026-03-30 06:42:03 - msg_id_0002 ==> 7E00020000660000000002EF90197E
2026-03-30 06:42:06 - msg_id_0002 ==> 7E00020000660000000002EF91187E
2026-03-30 06:42:09 - msg_id_0002 ==> 7E00020000660000000002EF921B7E
2026-03-30 06:42:12 - msg_id_0002 ==> 7E00020000660000000002EF931A7E
2026-03-30 06:42:15 - msg_id_0002 ==> 7E00020000660000000002EF941D7E
2026-03-30 06:42:18 - msg_id_0002 ==> 7E00020000660000000002EF951C7E
2026-03-30 06:42:21 - msg_id_0002 ==> 7E00020000660000000002EF961F7E
2026-03-30 06:42:24 - msg_id_0002 ==> 7E00020000660000000002EF971E7E
2026-03-30 06:42:28 - msg_id_0002 ==> 7E00020000660000000002EF99107E
2026-03-30 06:42:31 - msg_id_0002 ==> 7E00020000660000000002EF9A137E
2026-03-30 06:42:34 - msg_id_0002 ==> 7E00020000660000000002EF9B127E
2026-03-30 06:42:37 - msg_id_0002 ==> 7E00020000660000000002EF9C157E
2026-03-30 06:42:40 - msg_id_0002 ==> 7E00020000660000000002EF9D147E
2026-03-30 06:42:43 - msg_id_0002 ==> 7E00020000660000000002EF9E177E
2026-03-30 06:42:46 - msg_id_0002 ==> 7E00020000660000000002EF9F167E
2026-03-30 06:42:49 - msg_id_0002 ==> 7E00020000660000000002EFA0297E
2026-03-30 06:42:52 - msg_id_0002 ==> 7E00020000660000000002EFA1287E
2026-03-30 06:42:55 - msg_id_0002 ==> 7E00020000660000000002EFA22B7E
2026-03-30 06:42:59 - msg_id_0002 ==> 7E00020000660000000002EFA42D7E
2026-03-30 06:43:02 - msg_id_0002 ==> 7E00020000660000000002EFA52C7E
2026-03-30 06:43:05 - msg_id_0002 ==> 7E00020000660000000002EFA62F7E
2026-03-30 06:43:08 - msg_id_0002 ==> 7E00020000660000000002EFA72E7E
2026-03-30 06:43:11 - msg_id_0002 ==> 7E00020000660000000002EFA8217E
2026-03-30 06:43:14 - msg_id_0002 ==> 7E00020000660000000002EFA9207E
2026-03-30 06:43:17 - msg_id_0002 ==> 7E00020000660000000002EFAA237E
2026-03-30 06:43:20 - msg_id_0002 ==> 7E00020000660000000002EFAB227E
2026-03-30 06:43:23 - msg_id_0002 ==> 7E00020000660000000002EFAC257E
2026-03-30 06:43:26 - msg_id_0002 ==> 7E00020000660000000002EFAD247E
2026-03-30 06:43:30 - msg_id_0002 ==> 7E00020000660000000002EFAF267E
2026-03-30 06:43:33 - msg_id_0002 ==> 7E00020000660000000002EFB0397E
2026-03-30 06:43:36 - msg_id_0002 ==> 7E00020000660000000002EFB1387E
2026-03-30 06:43:39 - msg_id_0002 ==> 7E00020000660000000002EFB23B7E
2026-03-30 06:43:42 - msg_id_0002 ==> 7E00020000660000000002EFB33A7E
2026-03-30 06:43:45 - msg_id_0002 ==> 7E00020000660000000002EFB43D7E
2026-03-30 06:43:48 - msg_id_0002 ==> 7E00020000660000000002EFB53C7E
2026-03-30 06:43:51 - msg_id_0002 ==> 7E00020000660000000002EFB63F7E
2026-03-30 06:43:54 - msg_id_0002 ==> 7E00020000660000000002EFB73E7E
2026-03-30 06:43:57 - msg_id_0002 ==> 7E00020000660000000002EFB8317E
2026-03-30 06:44:01 - msg_id_0002 ==> 7E00020000660000000002EFBA337E
2026-03-30 06:44:04 - msg_id_0002 ==> 7E00020000660000000002EFBB327E
2026-03-30 06:44:07 - msg_id_0002 ==> 7E00020000660000000002EFBC357E
2026-03-30 06:44:10 - msg_id_0002 ==> 7E00020000660000000002EFBD347E
2026-03-30 06:44:13 - msg_id_0002 ==> 7E00020000660000000002EFBE377E
2026-03-30 06:44:16 - msg_id_0002 ==> 7E00020000660000000002EFBF367E
2026-03-30 06:44:19 - msg_id_0002 ==> 7E00020000660000000002EFC0497E
2026-03-30 06:44:22 - msg_id_0002 ==> 7E00020000660000000002EFC1487E
2026-03-30 06:44:25 - msg_id_0002 ==> 7E00020000660000000002EFC24B7E
2026-03-30 06:44:28 - msg_id_0002 ==> 7E00020000660000000002EFC34A7E
2026-03-30 06:44:32 - msg_id_0002 ==> 7E00020000660000000002EFC54C7E
2026-03-30 06:44:35 - msg_id_0002 ==> 7E00020000660000000002EFC64F7E
2026-03-30 06:44:38 - msg_id_0002 ==> 7E00020000660000000002EFC74E7E
2026-03-30 06:44:41 - msg_id_0002 ==> 7E00020000660000000002EFC8417E
2026-03-30 06:44:44 - msg_id_0002 ==> 7E00020000660000000002EFC9407E
2026-03-30 06:44:47 - msg_id_0002 ==> 7E00020000660000000002EFCA437E
2026-03-30 06:44:50 - msg_id_0002 ==> 7E00020000660000000002EFCB427E
2026-03-30 06:44:53 - msg_id_0002 ==> 7E00020000660000000002EFCC457E
2026-03-30 06:44:56 - msg_id_0002 ==> 7E00020000660000000002EFCD447E
2026-03-30 06:44:59 - msg_id_0002 ==> 7E00020000660000000002EFCE477E
2026-03-30 06:45:03 - msg_id_0002 ==> 7E00020000660000000002EFD0597E
2026-03-30 06:45:06 - msg_id_0002 ==> 7E00020000660000000002EFD1587E
2026-03-30 06:45:09 - msg_id_0002 ==> 7E00020000660000000002EFD25B7E
2026-03-30 06:45:12 - msg_id_0002 ==> 7E00020000660000000002EFD35A7E
2026-03-30 06:45:15 - msg_id_0002 ==> 7E00020000660000000002EFD45D7E
2026-03-30 06:45:18 - msg_id_0002 ==> 7E00020000660000000002EFD55C7E
2026-03-30 06:45:21 - msg_id_0002 ==> 7E00020000660000000002EFD65F7E
2026-03-30 06:45:24 - msg_id_0002 ==> 7E00020000660000000002EFD75E7E
2026-03-30 06:45:27 - msg_id_0002 ==> 7E00020000660000000002EFD8517E
2026-03-30 06:45:31 - msg_id_0002 ==> 7E00020000660000000002EFD9507E
2026-03-30 06:45:34 - msg_id_0002 ==> 7E00020000660000000002EFDB527E
2026-03-30 06:45:37 - msg_id_0002 ==> 7E00020000660000000002EFDC557E
2026-03-30 06:45:40 - msg_id_0002 ==> 7E00020000660000000002EFDD547E
2026-03-30 06:45:43 - msg_id_0002 ==> 7E00020000660000000002EFDE577E
2026-03-30 06:45:46 - msg_id_0002 ==> 7E00020000660000000002EFDF567E
2026-03-30 06:45:49 - msg_id_0002 ==> 7E00020000660000000002EFE0697E
2026-03-30 06:45:52 - msg_id_0002 ==> 7E00020000660000000002EFE1687E
2026-03-30 06:45:55 - msg_id_0002 ==> 7E00020000660000000002EFE26B7E
2026-03-30 06:45:58 - msg_id_0002 ==> 7E00020000660000000002EFE36A7E
2026-03-30 06:46:02 - msg_id_0002 ==> 7E00020000660000000002EFE46D7E
2026-03-30 06:46:05 - msg_id_0002 ==> 7E00020000660000000002EFE66F7E
2026-03-30 06:46:08 - msg_id_0002 ==> 7E00020000660000000002EFE76E7E
2026-03-30 06:46:11 - msg_id_0002 ==> 7E00020000660000000002EFE8617E
2026-03-30 06:46:14 - msg_id_0002 ==> 7E00020000660000000002EFE9607E
2026-03-30 06:46:17 - msg_id_0002 ==> 7E00020000660000000002EFEA637E
2026-03-30 06:46:20 - msg_id_0002 ==> 7E00020000660000000002EFEB627E
2026-03-30 06:46:23 - msg_id_0002 ==> 7E00020000660000000002EFEC657E
2026-03-30 06:46:26 - msg_id_0002 ==> 7E00020000660000000002EFED647E
2026-03-30 06:46:29 - msg_id_0002 ==> 7E00020000660000000002EFEE677E
2026-03-30 06:46:33 - msg_id_0002 ==> 7E00020000660000000002EFEF667E
2026-03-30 06:46:36 - msg_id_0002 ==> 7E00020000660000000002EFF1787E
2026-03-30 06:46:39 - msg_id_0002 ==> 7E00020000660000000002EFF27B7E
2026-03-30 06:46:42 - msg_id_0002 ==> 7E00020000660000000002EFF37A7E
2026-03-30 06:46:45 - msg_id_0002 ==> 7E00020000660000000002EFF47D017E
2026-03-30 06:46:48 - msg_id_0002 ==> 7E00020000660000000002EFF57C7E
2026-03-30 06:46:51 - msg_id_0002 ==> 7E00020000660000000002EFF67F7E
2026-03-30 06:46:54 - msg_id_0002 ==> 7E00020000660000000002EFF77D027E
2026-03-30 06:46:57 - msg_id_0002 ==> 7E00020000660000000002EFF8717E
2026-03-30 06:47:00 - msg_id_0002 ==> 7E00020000660000000002EFF9707E
2026-03-30 06:47:04 - msg_id_0002 ==> 7E00020000660000000002EFFA737E
2026-03-30 06:47:07 - msg_id_0002 ==> 7E00020000660000000002EFFC757E
2026-03-30 06:47:10 - msg_id_0002 ==> 7E00020000660000000002EFFD747E
2026-03-30 06:47:13 - msg_id_0002 ==> 7E00020000660000000002EFFE777E
2026-03-30 06:47:16 - msg_id_0002 ==> 7E00020000660000000002EFFF767E
2026-03-30 06:47:19 - msg_id_0002 ==> 7E00020000660000000002F000967E
2026-03-30 06:47:22 - msg_id_0002 ==> 7E00020000660000000002F001977E
2026-03-30 06:47:25 - msg_id_0002 ==> 7E00020000660000000002F002947E
2026-03-30 06:47:28 - msg_id_0002 ==> 7E00020000660000000002F003957E
2026-03-30 06:47:31 - msg_id_0002 ==> 7E00020000660000000002F004927E
2026-03-30 06:47:35 - msg_id_0002 ==> 7E00020000660000000002F005937E
2026-03-30 06:47:38 - msg_id_0002 ==> 7E00020000660000000002F007917E
2026-03-30 06:47:41 - msg_id_0002 ==> 7E00020000660000000002F0089E7E
2026-03-30 06:47:44 - msg_id_0002 ==> 7E00020000660000000002F0099F7E
2026-03-30 06:47:47 - msg_id_0002 ==> 7E00020000660000000002F00A9C7E
2026-03-30 06:47:50 - msg_id_0002 ==> 7E00020000660000000002F00B9D7E
2026-03-30 06:47:53 - msg_id_0002 ==> 7E00020000660000000002F00C9A7E
2026-03-30 06:47:56 - msg_id_0002 ==> 7E00020000660000000002F00D9B7E
2026-03-30 06:47:59 - msg_id_0002 ==> 7E00020000660000000002F00E987E
2026-03-30 06:48:02 - msg_id_0002 ==> 7E00020000660000000002F00F997E
2026-03-30 06:48:06 - msg_id_0002 ==> 7E00020000660000000002F010867E
2026-03-30 06:48:09 - msg_id_0002 ==> 7E00020000660000000002F012847E
2026-03-30 06:48:12 - msg_id_0002 ==> 7E00020000660000000002F013857E
2026-03-30 06:48:15 - msg_id_0002 ==> 7E00020000660000000002F014827E
2026-03-30 06:48:18 - msg_id_0002 ==> 7E00020000660000000002F015837E
2026-03-30 06:48:21 - msg_id_0002 ==> 7E00020000660000000002F016807E
2026-03-30 06:48:24 - msg_id_0002 ==> 7E00020000660000000002F017817E
2026-03-30 06:48:27 - msg_id_0002 ==> 7E00020000660000000002F0188E7E
2026-03-30 06:48:30 - msg_id_0002 ==> 7E00020000660000000002F0198F7E
2026-03-30 06:48:33 - msg_id_0002 ==> 7E00020000660000000002F01A8C7E
2026-03-30 06:48:37 - msg_id_0002 ==> 7E00020000660000000002F01B8D7E
2026-03-30 06:48:40 - msg_id_0002 ==> 7E00020000660000000002F01D8B7E
2026-03-30 06:48:43 - msg_id_0002 ==> 7E00020000660000000002F01E887E
2026-03-30 06:48:46 - msg_id_0002 ==> 7E00020000660000000002F01F897E
2026-03-30 06:48:49 - msg_id_0002 ==> 7E00020000660000000002F020B67E
2026-03-30 06:48:52 - msg_id_0002 ==> 7E00020000660000000002F021B77E
2026-03-30 06:48:55 - msg_id_0002 ==> 7E00020000660000000002F022B47E
2026-03-30 06:48:58 - msg_id_0002 ==> 7E00020000660000000002F023B57E
2026-03-30 06:49:01 - msg_id_0002 ==> 7E00020000660000000002F024B27E
2026-03-30 06:49:05 - msg_id_0002 ==> 7E00020000660000000002F025B37E
2026-03-30 06:49:08 - msg_id_0002 ==> 7E00020000660000000002F026B07E
2026-03-30 06:49:11 - msg_id_0002 ==> 7E00020000660000000002F028BE7E
2026-03-30 06:49:14 - msg_id_0002 ==> 7E00020000660000000002F029BF7E
2026-03-30 06:49:17 - msg_id_0002 ==> 7E00020000660000000002F02ABC7E
2026-03-30 06:49:20 - msg_id_0002 ==> 7E00020000660000000002F02BBD7E
2026-03-30 06:49:23 - msg_id_0002 ==> 7E00020000660000000002F02CBA7E
2026-03-30 06:49:26 - msg_id_0002 ==> 7E00020000660000000002F02DBB7E
2026-03-30 06:49:29 - msg_id_0002 ==> 7E00020000660000000002F02EB87E
2026-03-30 06:49:32 - msg_id_0002 ==> 7E00020000660000000002F02FB97E
2026-03-30 06:49:36 - msg_id_0002 ==> 7E00020000660000000002F030A67E
2026-03-30 06:49:39 - msg_id_0002 ==> 7E00020000660000000002F031A77E
2026-03-30 06:49:42 - msg_id_0002 ==> 7E00020000660000000002F033A57E
2026-03-30 06:49:45 - msg_id_0002 ==> 7E00020000660000000002F034A27E
2026-03-30 06:49:48 - msg_id_0002 ==> 7E00020000660000000002F035A37E
2026-03-30 06:49:51 - msg_id_0002 ==> 7E00020000660000000002F036A07E
2026-03-30 06:49:54 - msg_id_0002 ==> 7E00020000660000000002F037A17E
2026-03-30 06:49:57 - msg_id_0002 ==> 7E00020000660000000002F038AE7E
2026-03-30 06:50:00 - msg_id_0002 ==> 7E00020000660000000002F039AF7E
2026-03-30 06:50:03 - msg_id_0002 ==> 7E00020000660000000002F03AAC7E
2026-03-30 06:50:07 - msg_id_0002 ==> 7E00020000660000000002F03BAD7E
2026-03-30 06:50:10 - msg_id_0002 ==> 7E00020000660000000002F03CAA7E
2026-03-30 06:50:13 - msg_id_0002 ==> 7E00020000660000000002F03EA87E
2026-03-30 06:50:16 - msg_id_0002 ==> 7E00020000660000000002F03FA97E
2026-03-30 06:50:19 - msg_id_0002 ==> 7E00020000660000000002F040D67E
2026-03-30 06:50:22 - msg_id_0002 ==> 7E00020000660000000002F041D77E
2026-03-30 06:50:25 - msg_id_0002 ==> 7E00020000660000000002F042D47E
2026-03-30 06:50:28 - msg_id_0002 ==> 7E00020000660000000002F043D57E
2026-03-30 06:50:31 - msg_id_0002 ==> 7E00020000660000000002F044D27E
2026-03-30 06:50:34 - msg_id_0002 ==> 7E00020000660000000002F045D37E
2026-03-30 06:50:38 - msg_id_0002 ==> 7E00020000660000000002F046D07E
2026-03-30 06:50:41 - msg_id_0002 ==> 7E00020000660000000002F047D17E
2026-03-30 06:50:44 - msg_id_0002 ==> 7E00020000660000000002F049DF7E
2026-03-30 06:50:47 - msg_id_0002 ==> 7E00020000660000000002F04ADC7E
2026-03-30 06:50:50 - msg_id_0002 ==> 7E00020000660000000002F04BDD7E
2026-03-30 06:50:53 - msg_id_0002 ==> 7E00020000660000000002F04CDA7E
2026-03-30 06:50:56 - msg_id_0002 ==> 7E00020000660000000002F04DDB7E
2026-03-30 06:50:59 - msg_id_0002 ==> 7E00020000660000000002F04ED87E
2026-03-30 06:51:02 - msg_id_0002 ==> 7E00020000660000000002F04FD97E
2026-03-30 06:51:05 - msg_id_0002 ==> 7E00020000660000000002F050C67E
2026-03-30 06:51:09 - msg_id_0002 ==> 7E00020000660000000002F051C77E
2026-03-30 06:51:12 - msg_id_0002 ==> 7E00020000660000000002F052C47E
2026-03-30 06:51:15 - msg_id_0002 ==> 7E00020000660000000002F054C27E
2026-03-30 06:51:18 - msg_id_0002 ==> 7E00020000660000000002F055C37E
2026-03-30 06:51:21 - msg_id_0002 ==> 7E00020000660000000002F056C07E
2026-03-30 06:51:24 - msg_id_0002 ==> 7E00020000660000000002F057C17E
2026-03-30 06:51:27 - msg_id_0002 ==> 7E00020000660000000002F058CE7E
2026-03-30 06:51:30 - msg_id_0002 ==> 7E00020000660000000002F059CF7E
2026-03-30 06:51:33 - msg_id_0002 ==> 7E00020000660000000002F05ACC7E
2026-03-30 06:51:36 - msg_id_0002 ==> 7E00020000660000000002F05BCD7E
2026-03-30 06:51:40 - msg_id_0002 ==> 7E00020000660000000002F05CCA7E
2026-03-30 06:51:43 - msg_id_0002 ==> 7E00020000660000000002F05DCB7E
2026-03-30 06:51:46 - msg_id_0002 ==> 7E00020000660000000002F05FC97E
2026-03-30 06:51:49 - msg_id_0002 ==> 7E00020000660000000002F060F67E
2026-03-30 06:51:52 - msg_id_0002 ==> 7E00020000660000000002F061F77E
2026-03-30 06:51:55 - msg_id_0002 ==> 7E00020000660000000002F062F47E
2026-03-30 06:51:58 - msg_id_0002 ==> 7E00020000660000000002F063F57E
2026-03-30 06:52:01 - msg_id_0002 ==> 7E00020000660000000002F064F27E
2026-03-30 06:52:04 - msg_id_0002 ==> 7E00020000660000000002F065F37E
2026-03-30 06:52:07 - msg_id_0002 ==> 7E00020000660000000002F066F07E
2026-03-30 06:52:11 - msg_id_0002 ==> 7E00020000660000000002F067F17E
2026-03-30 06:52:14 - msg_id_0002 ==> 7E00020000660000000002F068FE7E
2026-03-30 06:52:17 - msg_id_0002 ==> 7E00020000660000000002F06AFC7E
2026-03-30 06:52:20 - msg_id_0002 ==> 7E00020000660000000002F06BFD7E
2026-03-30 06:52:23 - msg_id_0002 ==> 7E00020000660000000002F06CFA7E
2026-03-30 06:52:26 - msg_id_0002 ==> 7E00020000660000000002F06DFB7E
2026-03-30 06:52:29 - msg_id_0002 ==> 7E00020000660000000002F06EF87E
2026-03-30 06:52:32 - msg_id_0002 ==> 7E00020000660000000002F06FF97E
2026-03-30 06:52:35 - msg_id_0002 ==> 7E00020000660000000002F070E67E
2026-03-30 06:52:38 - msg_id_0002 ==> 7E00020000660000000002F071E77E
2026-03-30 06:52:42 - msg_id_0002 ==> 7E00020000660000000002F072E47E
2026-03-30 06:52:45 - msg_id_0002 ==> 7E00020000660000000002F073E57E
2026-03-30 06:52:48 - msg_id_0002 ==> 7E00020000660000000002F075E37E
2026-03-30 06:52:51 - msg_id_0002 ==> 7E00020000660000000002F076E07E
2026-03-30 06:52:54 - msg_id_0002 ==> 7E00020000660000000002F077E17E
2026-03-30 06:52:57 - msg_id_0002 ==> 7E00020000660000000002F078EE7E
2026-03-30 06:53:00 - msg_id_0002 ==> 7E00020000660000000002F079EF7E
2026-03-30 06:53:03 - msg_id_0002 ==> 7E00020000660000000002F07AEC7E
2026-03-30 06:53:06 - msg_id_0002 ==> 7E00020000660000000002F07BED7E
2026-03-30 06:53:09 - msg_id_0002 ==> 7E00020000660000000002F07CEA7E
2026-03-30 06:53:13 - msg_id_0002 ==> 7E00020000660000000002F07D01EB7E
2026-03-30 06:53:16 - msg_id_0002 ==> 7E00020000660000000002F07D02E87E
2026-03-30 06:53:23 - msg_id_0002 ==> 7E00020000660000000002F083157E
2026-03-30 06:53:26 - msg_id_0002 ==> 7E00020000660000000002F084127E
2026-03-30 06:53:29 - msg_id_0002 ==> 7E00020000660000000002F085137E
2026-03-30 06:53:32 - msg_id_0002 ==> 7E00020000660000000002F086107E
2026-03-30 06:53:35 - msg_id_0002 ==> 7E00020000660000000002F087117E
2026-03-30 06:53:39 - msg_id_0002 ==> 7E00020000660000000002F0881E7E
2026-03-30 06:53:42 - msg_id_0002 ==> 7E00020000660000000002F0891F7E
2026-03-30 06:53:45 - msg_id_0002 ==> 7E00020000660000000002F08A1C7E
2026-03-30 06:53:48 - msg_id_0002 ==> 7E00020000660000000002F08B1D7E
2026-03-30 06:53:51 - msg_id_0002 ==> 7E00020000660000000002F08C1A7E
2026-03-30 06:53:54 - msg_id_0002 ==> 7E00020000660000000002F08E187E
2026-03-30 06:53:57 - msg_id_0002 ==> 7E00020000660000000002F08F197E
2026-03-30 06:54:00 - msg_id_0002 ==> 7E00020000660000000002F090067E
2026-03-30 06:54:03 - msg_id_0002 ==> 7E00020000660000000002F091077E
2026-03-30 06:54:06 - msg_id_0002 ==> 7E00020000660000000002F092047E
2026-03-30 06:54:10 - msg_id_0002 ==> 7E00020000660000000002F093057E
2026-03-30 06:54:13 - msg_id_0002 ==> 7E00020000660000000002F094027E
2026-03-30 06:54:16 - msg_id_0002 ==> 7E00020000660000000002F095037E
2026-03-30 06:54:19 - msg_id_0002 ==> 7E00020000660000000002F096007E
2026-03-30 06:54:22 - msg_id_0002 ==> 7E00020000660000000002F097017E
2026-03-30 06:54:25 - msg_id_0002 ==> 7E00020000660000000002F0990F7E
2026-03-30 06:54:28 - msg_id_0002 ==> 7E00020000660000000002F09A0C7E
2026-03-30 06:54:31 - msg_id_0002 ==> 7E00020000660000000002F09B0D7E
2026-03-30 06:54:34 - msg_id_0002 ==> 7E00020000660000000002F09C0A7E
2026-03-30 06:54:37 - msg_id_0002 ==> 7E00020000660000000002F09D0B7E
2026-03-30 06:54:41 - msg_id_0002 ==> 7E00020000660000000002F09E087E
2026-03-30 06:54:44 - msg_id_0002 ==> 7E00020000660000000002F09F097E
2026-03-30 06:54:47 - msg_id_0002 ==> 7E00020000660000000002F0A0367E
2026-03-30 06:54:50 - msg_id_0002 ==> 7E00020000660000000002F0A1377E
2026-03-30 06:54:53 - msg_id_0002 ==> 7E00020000660000000002F0A2347E
2026-03-30 06:54:56 - msg_id_0002 ==> 7E00020000660000000002F0A4327E
2026-03-30 06:54:59 - msg_id_0002 ==> 7E00020000660000000002F0A5337E
2026-03-30 06:55:02 - msg_id_0002 ==> 7E00020000660000000002F0A6307E
2026-03-30 06:55:05 - msg_id_0002 ==> 7E00020000660000000002F0A7317E
2026-03-30 06:55:08 - msg_id_0002 ==> 7E00020000660000000002F0A83E7E
2026-03-30 06:55:12 - msg_id_0002 ==> 7E00020000660000000002F0A93F7E
2026-03-30 06:55:15 - msg_id_0002 ==> 7E00020000660000000002F0AA3C7E
2026-03-30 06:55:18 - msg_id_0002 ==> 7E00020000660000000002F0AB3D7E
2026-03-30 06:55:21 - msg_id_0002 ==> 7E00020000660000000002F0AC3A7E
2026-03-30 06:55:24 - msg_id_0002 ==> 7E00020000660000000002F0AD3B7E
2026-03-30 06:55:27 - msg_id_0002 ==> 7E00020000660000000002F0AF397E
2026-03-30 06:55:30 - msg_id_0002 ==> 7E00020000660000000002F0B0267E
2026-03-30 06:55:33 - msg_id_0002 ==> 7E00020000660000000002F0B1277E
2026-03-30 06:55:36 - msg_id_0002 ==> 7E00020000660000000002F0B2247E
2026-03-30 06:55:39 - msg_id_0002 ==> 7E00020000660000000002F0B3257E
2026-03-30 06:55:43 - msg_id_0002 ==> 7E00020000660000000002F0B4227E
2026-03-30 06:55:46 - msg_id_0002 ==> 7E00020000660000000002F0B5237E
2026-03-30 06:55:49 - msg_id_0002 ==> 7E00020000660000000002F0B6207E
2026-03-30 06:55:52 - msg_id_0002 ==> 7E00020000660000000002F0B7217E
2026-03-30 06:55:55 - msg_id_0002 ==> 7E00020000660000000002F0B82E7E
2026-03-30 06:55:58 - msg_id_0002 ==> 7E00020000660000000002F0BA2C7E
2026-03-30 06:56:01 - msg_id_0002 ==> 7E00020000660000000002F0BB2D7E
2026-03-30 06:56:04 - msg_id_0002 ==> 7E00020000660000000002F0BC2A7E
2026-03-30 06:56:07 - msg_id_0002 ==> 7E00020000660000000002F0BD2B7E
2026-03-30 06:56:10 - msg_id_0002 ==> 7E00020000660000000002F0BE287E
2026-03-30 06:56:14 - msg_id_0002 ==> 7E00020000660000000002F0BF297E
2026-03-30 06:56:17 - msg_id_0002 ==> 7E00020000660000000002F0C0567E
2026-03-30 06:56:20 - msg_id_0002 ==> 7E00020000660000000002F0C1577E
2026-03-30 06:56:23 - msg_id_0002 ==> 7E00020000660000000002F0C2547E
2026-03-30 06:56:26 - msg_id_0002 ==> 7E00020000660000000002F0C3557E
2026-03-30 06:56:29 - msg_id_0002 ==> 7E00020000660000000002F0C5537E
2026-03-30 06:56:32 - msg_id_0002 ==> 7E00020000660000000002F0C6507E
2026-03-30 06:56:35 - msg_id_0002 ==> 7E00020000660000000002F0C7517E
2026-03-30 06:56:38 - msg_id_0002 ==> 7E00020000660000000002F0C85E7E
2026-03-30 06:56:41 - msg_id_0002 ==> 7E00020000660000000002F0C95F7E
2026-03-30 06:56:45 - msg_id_0002 ==> 7E00020000660000000002F0CA5C7E
2026-03-30 06:56:48 - msg_id_0002 ==> 7E00020000660000000002F0CB5D7E
2026-03-30 06:56:51 - msg_id_0002 ==> 7E00020000660000000002F0CC5A7E
2026-03-30 06:56:54 - msg_id_0002 ==> 7E00020000660000000002F0CD5B7E
2026-03-30 06:56:57 - msg_id_0002 ==> 7E00020000660000000002F0CE587E
2026-03-30 06:57:00 - msg_id_0002 ==> 7E00020000660000000002F0D0467E
2026-03-30 06:57:03 - msg_id_0002 ==> 7E00020000660000000002F0D1477E
2026-03-30 06:57:06 - msg_id_0002 ==> 7E00020000660000000002F0D2447E
2026-03-30 06:57:09 - msg_id_0002 ==> 7E00020000660000000002F0D3457E
2026-03-30 06:57:13 - msg_id_0002 ==> 7E00020000660000000002F0D4427E
2026-03-30 06:57:16 - msg_id_0002 ==> 7E00020000660000000002F0D5437E
2026-03-30 06:57:19 - msg_id_0002 ==> 7E00020000660000000002F0D6407E
2026-03-30 06:57:22 - msg_id_0002 ==> 7E00020000660000000002F0D7417E
2026-03-30 06:57:25 - msg_id_0002 ==> 7E00020000660000000002F0D84E7E
2026-03-30 06:57:28 - msg_id_0002 ==> 7E00020000660000000002F0D94F7E
2026-03-30 06:57:31 - msg_id_0002 ==> 7E00020000660000000002F0DB4D7E
2026-03-30 06:57:34 - msg_id_0002 ==> 7E00020000660000000002F0DC4A7E
2026-03-30 06:57:37 - msg_id_0002 ==> 7E00020000660000000002F0DD4B7E
2026-03-30 06:57:40 - msg_id_0002 ==> 7E00020000660000000002F0DE487E
2026-03-30 06:57:43 - msg_id_0002 ==> 7E00020000660000000002F0DF497E
2026-03-30 06:57:47 - msg_id_0002 ==> 7E00020000660000000002F0E0767E
2026-03-30 06:57:50 - msg_id_0002 ==> 7E00020000660000000002F0E1777E
2026-03-30 06:57:53 - msg_id_0002 ==> 7E00020000660000000002F0E2747E
2026-03-30 06:57:56 - msg_id_0002 ==> 7E00020000660000000002F0E3757E
2026-03-30 06:57:59 - msg_id_0002 ==> 7E00020000660000000002F0E4727E
2026-03-30 06:58:02 - msg_id_0002 ==> 7E00020000660000000002F0E6707E
2026-03-30 06:58:05 - msg_id_0002 ==> 7E00020000660000000002F0E7717E
2026-03-30 06:58:08 - msg_id_0002 ==> 7E00020000660000000002F0E87D027E
2026-03-30 06:58:17 - msg_id_0002 ==> 7E00020000660000000002F0E97F7E
2026-03-30 06:58:17 - msg_id_0002 ==> 7E00020000660000000002F0EA7C7E
2026-03-30 06:58:18 - msg_id_0002 ==> 7E00020000660000000002F0EB7D017E
2026-03-30 06:58:27 - msg_id_0002 ==> 7E00020000660000000002F0EC7A7E
2026-03-30 06:58:27 - msg_id_0002 ==> 7E00020000660000000002F0ED7B7E
2026-03-30 06:58:27 - msg_id_0002 ==> 7E00020000660000000002F0EE787E
2026-03-30 06:58:30 - msg_id_0002 ==> 7E00020000660000000002F0EF797E
2026-03-30 06:58:33 - msg_id_0002 ==> 7E00020000660000000002F0F1677E
2026-03-30 06:58:36 - msg_id_0002 ==> 7E00020000660000000002F0F2647E
2026-03-30 06:58:39 - msg_id_0002 ==> 7E00020000660000000002F0F3657E
2026-03-30 06:58:42 - msg_id_0002 ==> 7E00020000660000000002F0F4627E
2026-03-30 06:58:45 - msg_id_0002 ==> 7E00020000660000000002F0F5637E
2026-03-30 06:58:49 - msg_id_0002 ==> 7E00020000660000000002F0F6607E
2026-03-30 06:58:52 - msg_id_0002 ==> 7E00020000660000000002F0F7617E
2026-03-30 06:58:55 - msg_id_0002 ==> 7E00020000660000000002F0F86E7E
2026-03-30 06:58:58 - msg_id_0002 ==> 7E00020000660000000002F0F96F7E
2026-03-30 06:59:01 - msg_id_0002 ==> 7E00020000660000000002F0FA6C7E
2026-03-30 06:59:04 - msg_id_0002 ==> 7E00020000660000000002F0FC6A7E
2026-03-30 06:59:07 - msg_id_0002 ==> 7E00020000660000000002F0FD6B7E
2026-03-30 06:59:10 - msg_id_0002 ==> 7E00020000660000000002F0FE687E
2026-03-30 06:59:13 - msg_id_0002 ==> 7E00020000660000000002F0FF697E
2026-03-30 06:59:16 - msg_id_0002 ==> 7E00020000660000000002F100977E
2026-03-30 06:59:20 - msg_id_0002 ==> 7E00020000660000000002F101967E
2026-03-30 06:59:23 - msg_id_0002 ==> 7E00020000660000000002F102957E
2026-03-30 06:59:26 - msg_id_0002 ==> 7E00020000660000000002F103947E
2026-03-30 06:59:29 - msg_id_0002 ==> 7E00020000660000000002F104937E
2026-03-30 06:59:32 - msg_id_0002 ==> 7E00020000660000000002F105927E
2026-03-30 06:59:35 - msg_id_0002 ==> 7E00020000660000000002F107907E
2026-03-30 06:59:38 - msg_id_0002 ==> 7E00020000660000000002F1089F7E
2026-03-30 06:59:41 - msg_id_0002 ==> 7E00020000660000000002F1099E7E
2026-03-30 06:59:44 - msg_id_0002 ==> 7E00020000660000000002F10A9D7E
2026-03-30 06:59:47 - msg_id_0002 ==> 7E00020000660000000002F10B9C7E
2026-03-30 06:59:51 - msg_id_0002 ==> 7E00020000660000000002F10C9B7E
2026-03-30 06:59:54 - msg_id_0002 ==> 7E00020000660000000002F10D9A7E
2026-03-30 06:59:57 - msg_id_0002 ==> 7E00020000660000000002F10E997E
2026-03-30 07:00:00 - msg_id_0002 ==> 7E00020000660000000002F10F987E
2026-03-30 07:00:03 - msg_id_0002 ==> 7E00020000660000000002F110877E
2026-03-30 07:00:06 - msg_id_0002 ==> 7E00020000660000000002F112857E
2026-03-30 07:00:09 - msg_id_0002 ==> 7E00020000660000000002F113847E
2026-03-30 07:00:12 - msg_id_0002 ==> 7E00020000660000000002F114837E
2026-03-30 07:00:15 - msg_id_0002 ==> 7E00020000660000000002F115827E
2026-03-30 07:00:18 - msg_id_0002 ==> 7E00020000660000000002F116817E
2026-03-30 07:00:22 - msg_id_0002 ==> 7E00020000660000000002F117807E
2026-03-30 07:00:25 - msg_id_0002 ==> 7E00020000660000000002F1188F7E
2026-03-30 07:00:28 - msg_id_0002 ==> 7E00020000660000000002F1198E7E
2026-03-30 07:00:31 - msg_id_0002 ==> 7E00020000660000000002F11A8D7E
2026-03-30 07:00:34 - msg_id_0002 ==> 7E00020000660000000002F11B8C7E
2026-03-30 07:00:37 - msg_id_0002 ==> 7E00020000660000000002F11D8A7E
2026-03-30 07:00:40 - msg_id_0002 ==> 7E00020000660000000002F11E897E
2026-03-30 07:00:43 - msg_id_0002 ==> 7E00020000660000000002F11F887E
2026-03-30 07:00:46 - msg_id_0002 ==> 7E00020000660000000002F120B77E
2026-03-30 07:00:50 - msg_id_0002 ==> 7E00020000660000000002F121B67E
2026-03-30 07:00:53 - msg_id_0002 ==> 7E00020000660000000002F122B57E
2026-03-30 07:00:56 - msg_id_0002 ==> 7E00020000660000000002F123B47E
2026-03-30 07:00:59 - msg_id_0002 ==> 7E00020000660000000002F124B37E
2026-03-30 07:01:02 - msg_id_0002 ==> 7E00020000660000000002F125B27E
2026-03-30 07:01:05 - msg_id_0002 ==> 7E00020000660000000002F126B17E
2026-03-30 07:01:08 - msg_id_0002 ==> 7E00020000660000000002F128BF7E
2026-03-30 07:01:11 - msg_id_0002 ==> 7E00020000660000000002F129BE7E
2026-03-30 07:01:14 - msg_id_0002 ==> 7E00020000660000000002F12ABD7E
2026-03-30 07:01:17 - msg_id_0002 ==> 7E00020000660000000002F12BBC7E
2026-03-30 07:01:21 - msg_id_0002 ==> 7E00020000660000000002F12CBB7E
2026-03-30 07:01:24 - msg_id_0002 ==> 7E00020000660000000002F12DBA7E
2026-03-30 07:01:27 - msg_id_0002 ==> 7E00020000660000000002F12EB97E
2026-03-30 07:01:30 - msg_id_0002 ==> 7E00020000660000000002F12FB87E
2026-03-30 07:01:33 - msg_id_0002 ==> 7E00020000660000000002F130A77E
2026-03-30 07:01:36 - msg_id_0002 ==> 7E00020000660000000002F131A67E
2026-03-30 07:01:39 - msg_id_0002 ==> 7E00020000660000000002F133A47E
2026-03-30 07:01:42 - msg_id_0002 ==> 7E00020000660000000002F134A37E
2026-03-30 07:01:45 - msg_id_0002 ==> 7E00020000660000000002F135A27E
2026-03-30 07:01:48 - msg_id_0002 ==> 7E00020000660000000002F136A17E
2026-03-30 07:01:52 - msg_id_0002 ==> 7E00020000660000000002F137A07E
2026-03-30 07:01:55 - msg_id_0002 ==> 7E00020000660000000002F138AF7E
2026-03-30 07:01:58 - msg_id_0002 ==> 7E00020000660000000002F139AE7E
2026-03-30 07:02:01 - msg_id_0002 ==> 7E00020000660000000002F13AAD7E
2026-03-30 07:02:04 - msg_id_0002 ==> 7E00020000660000000002F13BAC7E
2026-03-30 07:02:07 - msg_id_0002 ==> 7E00020000660000000002F13CAB7E
2026-03-30 07:02:10 - msg_id_0002 ==> 7E00020000660000000002F13EA97E
2026-03-30 07:02:13 - msg_id_0002 ==> 7E00020000660000000002F13FA87E
2026-03-30 07:02:16 - msg_id_0002 ==> 7E00020000660000000002F140D77E
2026-03-30 07:02:19 - msg_id_0002 ==> 7E00020000660000000002F141D67E
2026-03-30 07:02:23 - msg_id_0002 ==> 7E00020000660000000002F142D57E
2026-03-30 07:02:26 - msg_id_0002 ==> 7E00020000660000000002F143D47E
2026-03-30 07:02:29 - msg_id_0002 ==> 7E00020000660000000002F144D37E
2026-03-30 07:02:32 - msg_id_0002 ==> 7E00020000660000000002F145D27E
2026-03-30 07:02:35 - msg_id_0002 ==> 7E00020000660000000002F146D17E
2026-03-30 07:02:38 - msg_id_0002 ==> 7E00020000660000000002F147D07E
2026-03-30 07:02:41 - msg_id_0002 ==> 7E00020000660000000002F149DE7E
2026-03-30 07:02:44 - msg_id_0002 ==> 7E00020000660000000002F14ADD7E
2026-03-30 07:02:47 - msg_id_0002 ==> 7E00020000660000000002F14BDC7E
2026-03-30 07:02:50 - msg_id_0002 ==> 7E00020000660000000002F14CDB7E
2026-03-30 07:02:54 - msg_id_0002 ==> 7E00020000660000000002F14DDA7E
2026-03-30 07:02:57 - msg_id_0002 ==> 7E00020000660000000002F14ED97E
2026-03-30 07:03:00 - msg_id_0002 ==> 7E00020000660000000002F14FD87E
2026-03-30 07:03:03 - msg_id_0002 ==> 7E00020000660000000002F150C77E
2026-03-30 07:03:06 - msg_id_0002 ==> 7E00020000660000000002F151C67E
2026-03-30 07:03:09 - msg_id_0002 ==> 7E00020000660000000002F152C57E
2026-03-30 07:03:12 - msg_id_0002 ==> 7E00020000660000000002F154C37E
2026-03-30 07:03:15 - msg_id_0002 ==> 7E00020000660000000002F155C27E
2026-03-30 07:03:18 - msg_id_0002 ==> 7E00020000660000000002F156C17E
2026-03-30 07:03:21 - msg_id_0002 ==> 7E00020000660000000002F157C07E
2026-03-30 07:03:25 - msg_id_0002 ==> 7E00020000660000000002F158CF7E
2026-03-30 07:03:28 - msg_id_0002 ==> 7E00020000660000000002F159CE7E
2026-03-30 07:03:31 - msg_id_0002 ==> 7E00020000660000000002F15ACD7E
2026-03-30 07:03:34 - msg_id_0002 ==> 7E00020000660000000002F15BCC7E
2026-03-30 07:03:37 - msg_id_0002 ==> 7E00020000660000000002F15CCB7E
2026-03-30 07:03:40 - msg_id_0002 ==> 7E00020000660000000002F15DCA7E
2026-03-30 07:03:43 - msg_id_0002 ==> 7E00020000660000000002F15FC87E
2026-03-30 07:03:46 - msg_id_0002 ==> 7E00020000660000000002F160F77E
2026-03-30 07:03:49 - msg_id_0002 ==> 7E00020000660000000002F161F67E
2026-03-30 07:03:52 - msg_id_0002 ==> 7E00020000660000000002F162F57E
2026-03-30 07:03:56 - msg_id_0002 ==> 7E00020000660000000002F163F47E
2026-03-30 07:03:59 - msg_id_0002 ==> 7E00020000660000000002F164F37E
2026-03-30 07:04:02 - msg_id_0002 ==> 7E00020000660000000002F165F27E
2026-03-30 07:04:05 - msg_id_0002 ==> 7E00020000660000000002F166F17E
2026-03-30 07:04:08 - msg_id_0002 ==> 7E00020000660000000002F167F07E
2026-03-30 07:04:11 - msg_id_0002 ==> 7E00020000660000000002F168FF7E
2026-03-30 07:04:14 - msg_id_0002 ==> 7E00020000660000000002F16AFD7E
2026-03-30 07:04:17 - msg_id_0002 ==> 7E00020000660000000002F16BFC7E
2026-03-30 07:04:20 - msg_id_0002 ==> 7E00020000660000000002F16CFB7E
2026-03-30 07:04:23 - msg_id_0002 ==> 7E00020000660000000002F16DFA7E
2026-03-30 07:04:27 - msg_id_0002 ==> 7E00020000660000000002F16EF97E
2026-03-30 07:04:30 - msg_id_0002 ==> 7E00020000660000000002F16FF87E
2026-03-30 07:04:33 - msg_id_0002 ==> 7E00020000660000000002F170E77E
2026-03-30 07:04:36 - msg_id_0002 ==> 7E00020000660000000002F171E67E
2026-03-30 07:04:39 - msg_id_0002 ==> 7E00020000660000000002F172E57E
2026-03-30 07:04:42 - msg_id_0002 ==> 7E00020000660000000002F173E47E
2026-03-30 07:04:45 - msg_id_0002 ==> 7E00020000660000000002F175E27E
2026-03-30 07:04:48 - msg_id_0002 ==> 7E00020000660000000002F176E17E
2026-03-30 07:04:51 - msg_id_0002 ==> 7E00020000660000000002F177E07E
2026-03-30 07:04:54 - msg_id_0002 ==> 7E00020000660000000002F178EF7E
2026-03-30 07:04:58 - msg_id_0002 ==> 7E00020000660000000002F179EE7E
2026-03-30 07:05:01 - msg_id_0002 ==> 7E00020000660000000002F17AED7E
2026-03-30 07:05:04 - msg_id_0002 ==> 7E00020000660000000002F17BEC7E
2026-03-30 07:05:07 - msg_id_0002 ==> 7E00020000660000000002F17CEB7E
2026-03-30 07:05:10 - msg_id_0002 ==> 7E00020000660000000002F17D01EA7E
2026-03-30 07:05:13 - msg_id_0002 ==> 7E00020000660000000002F17D02E97E
2026-03-30 07:05:21 - msg_id_0002 ==> 7E00020000660000000002F183147E
2026-03-30 07:05:24 - msg_id_0002 ==> 7E00020000660000000002F184137E
2026-03-30 07:05:27 - msg_id_0002 ==> 7E00020000660000000002F185127E
2026-03-30 07:05:30 - msg_id_0002 ==> 7E00020000660000000002F186117E
2026-03-30 07:05:33 - msg_id_0002 ==> 7E00020000660000000002F187107E
2026-03-30 07:05:36 - msg_id_0002 ==> 7E00020000660000000002F1881F7E
2026-03-30 07:05:39 - msg_id_0002 ==> 7E00020000660000000002F1891E7E
2026-03-30 07:05:42 - msg_id_0002 ==> 7E00020000660000000002F18A1D7E
2026-03-30 07:05:45 - msg_id_0002 ==> 7E00020000660000000002F18B1C7E
2026-03-30 07:05:48 - msg_id_0002 ==> 7E00020000660000000002F18C1B7E
2026-03-30 07:05:52 - msg_id_0002 ==> 7E00020000660000000002F18E197E
2026-03-30 07:05:55 - msg_id_0002 ==> 7E00020000660000000002F18F187E
2026-03-30 07:05:58 - msg_id_0002 ==> 7E00020000660000000002F190077E
2026-03-30 07:06:01 - msg_id_0002 ==> 7E00020000660000000002F191067E
2026-03-30 07:06:04 - msg_id_0002 ==> 7E00020000660000000002F192057E
2026-03-30 07:06:07 - msg_id_0002 ==> 7E00020000660000000002F193047E
2026-03-30 07:06:10 - msg_id_0002 ==> 7E00020000660000000002F194037E
2026-03-30 07:06:13 - msg_id_0002 ==> 7E00020000660000000002F195027E
2026-03-30 07:06:16 - msg_id_0002 ==> 7E00020000660000000002F196017E
2026-03-30 07:06:19 - msg_id_0002 ==> 7E00020000660000000002F197007E
2026-03-30 07:06:23 - msg_id_0002 ==> 7E00020000660000000002F1990E7E
2026-03-30 07:06:26 - msg_id_0002 ==> 7E00020000660000000002F19A0D7E
2026-03-30 07:06:29 - msg_id_0002 ==> 7E00020000660000000002F19B0C7E
2026-03-30 07:06:32 - msg_id_0002 ==> 7E00020000660000000002F19C0B7E
2026-03-30 07:06:35 - msg_id_0002 ==> 7E00020000660000000002F19D0A7E
2026-03-30 07:06:38 - msg_id_0002 ==> 7E00020000660000000002F19E097E
2026-03-30 07:06:41 - msg_id_0002 ==> 7E00020000660000000002F19F087E
2026-03-30 07:06:44 - msg_id_0002 ==> 7E00020000660000000002F1A0377E
2026-03-30 07:06:47 - msg_id_0002 ==> 7E00020000660000000002F1A1367E
2026-03-30 07:06:50 - msg_id_0002 ==> 7E00020000660000000002F1A2357E
2026-03-30 07:06:54 - msg_id_0002 ==> 7E00020000660000000002F1A4337E
2026-03-30 07:06:57 - msg_id_0002 ==> 7E00020000660000000002F1A5327E
2026-03-30 07:07:00 - msg_id_0002 ==> 7E00020000660000000002F1A6317E
2026-03-30 07:07:03 - msg_id_0002 ==> 7E00020000660000000002F1A7307E
2026-03-30 07:07:06 - msg_id_0002 ==> 7E00020000660000000002F1A83F7E
2026-03-30 07:07:09 - msg_id_0002 ==> 7E00020000660000000002F1A93E7E
2026-03-30 07:07:12 - msg_id_0002 ==> 7E00020000660000000002F1AA3D7E
2026-03-30 07:07:15 - msg_id_0002 ==> 7E00020000660000000002F1AB3C7E
2026-03-30 07:07:18 - msg_id_0002 ==> 7E00020000660000000002F1AC3B7E
2026-03-30 07:07:21 - msg_id_0002 ==> 7E00020000660000000002F1AD3A7E
2026-03-30 07:07:25 - msg_id_0002 ==> 7E00020000660000000002F1AF387E
2026-03-30 07:07:28 - msg_id_0002 ==> 7E00020000660000000002F1B0277E
2026-03-30 07:07:31 - msg_id_0002 ==> 7E00020000660000000002F1B1267E
2026-03-30 07:07:34 - msg_id_0002 ==> 7E00020000660000000002F1B2257E
2026-03-30 07:07:37 - msg_id_0002 ==> 7E00020000660000000002F1B3247E
2026-03-30 07:07:40 - msg_id_0002 ==> 7E00020000660000000002F1B4237E
2026-03-30 07:07:43 - msg_id_0002 ==> 7E00020000660000000002F1B5227E
2026-03-30 07:07:46 - msg_id_0002 ==> 7E00020000660000000002F1B6217E
2026-03-30 07:07:49 - msg_id_0002 ==> 7E00020000660000000002F1B7207E
2026-03-30 07:07:52 - msg_id_0002 ==> 7E00020000660000000002F1B82F7E
2026-03-30 07:07:56 - msg_id_0002 ==> 7E00020000660000000002F1BA2D7E
2026-03-30 07:07:59 - msg_id_0002 ==> 7E00020000660000000002F1BB2C7E
2026-03-30 07:08:02 - msg_id_0002 ==> 7E00020000660000000002F1BC2B7E
2026-03-30 07:08:05 - msg_id_0002 ==> 7E00020000660000000002F1BD2A7E
2026-03-30 07:08:08 - msg_id_0002 ==> 7E00020000660000000002F1BE297E
2026-03-30 07:08:11 - msg_id_0002 ==> 7E00020000660000000002F1BF287E
2026-03-30 07:08:14 - msg_id_0002 ==> 7E00020000660000000002F1C0577E
2026-03-30 07:08:17 - msg_id_0002 ==> 7E00020000660000000002F1C1567E
2026-03-30 07:08:20 - msg_id_0002 ==> 7E00020000660000000002F1C2557E
2026-03-30 07:08:23 - msg_id_0002 ==> 7E00020000660000000002F1C3547E
2026-03-30 07:08:27 - msg_id_0002 ==> 7E00020000660000000002F1C5527E
2026-03-30 07:08:30 - msg_id_0002 ==> 7E00020000660000000002F1C6517E
2026-03-30 07:08:33 - msg_id_0002 ==> 7E00020000660000000002F1C7507E
2026-03-30 07:08:36 - msg_id_0002 ==> 7E00020000660000000002F1C85F7E
2026-03-30 07:08:39 - msg_id_0002 ==> 7E00020000660000000002F1C95E7E
2026-03-30 07:08:42 - msg_id_0002 ==> 7E00020000660000000002F1CA5D7E
2026-03-30 07:08:45 - msg_id_0002 ==> 7E00020000660000000002F1CB5C7E
2026-03-30 07:08:48 - msg_id_0002 ==> 7E00020000660000000002F1CC5B7E
2026-03-30 07:08:51 - msg_id_0002 ==> 7E00020000660000000002F1CD5A7E
2026-03-30 07:08:54 - msg_id_0002 ==> 7E00020000660000000002F1CE597E
2026-03-30 07:08:58 - msg_id_0002 ==> 7E00020000660000000002F1D0477E
2026-03-30 07:09:01 - msg_id_0002 ==> 7E00020000660000000002F1D1467E
2026-03-30 07:09:04 - msg_id_0002 ==> 7E00020000660000000002F1D2457E
2026-03-30 07:09:07 - msg_id_0002 ==> 7E00020000660000000002F1D3447E
2026-03-30 07:09:10 - msg_id_0002 ==> 7E00020000660000000002F1D4437E
2026-03-30 07:09:13 - msg_id_0002 ==> 7E00020000660000000002F1D5427E
2026-03-30 07:09:16 - msg_id_0002 ==> 7E00020000660000000002F1D6417E
2026-03-30 07:09:19 - msg_id_0002 ==> 7E00020000660000000002F1D7407E
2026-03-30 07:09:22 - msg_id_0002 ==> 7E00020000660000000002F1D84F7E
2026-03-30 07:09:25 - msg_id_0002 ==> 7E00020000660000000002F1D94E7E
2026-03-30 07:09:29 - msg_id_0002 ==> 7E00020000660000000002F1DB4C7E
2026-03-30 07:09:32 - msg_id_0002 ==> 7E00020000660000000002F1DC4B7E
2026-03-30 07:09:35 - msg_id_0002 ==> 7E00020000660000000002F1DD4A7E
2026-03-30 07:09:38 - msg_id_0002 ==> 7E00020000660000000002F1DE497E
2026-03-30 07:09:41 - msg_id_0002 ==> 7E00020000660000000002F1DF487E
2026-03-30 07:09:44 - msg_id_0002 ==> 7E00020000660000000002F1E0777E
2026-03-30 07:09:47 - msg_id_0002 ==> 7E00020000660000000002F1E1767E
2026-03-30 07:09:50 - msg_id_0002 ==> 7E00020000660000000002F1E2757E
2026-03-30 07:09:53 - msg_id_0002 ==> 7E00020000660000000002F1E3747E
2026-03-30 07:09:57 - msg_id_0002 ==> 7E00020000660000000002F1E4737E
2026-03-30 07:10:00 - msg_id_0002 ==> 7E00020000660000000002F1E6717E
2026-03-30 07:10:03 - msg_id_0002 ==> 7E00020000660000000002F1E7707E
2026-03-30 07:10:06 - msg_id_0002 ==> 7E00020000660000000002F1E87F7E
2026-03-30 07:10:09 - msg_id_0002 ==> 7E00020000660000000002F1E97D027E
2026-03-30 07:10:12 - msg_id_0002 ==> 7E00020000660000000002F1EA7D017E
2026-03-30 07:10:15 - msg_id_0002 ==> 7E00020000660000000002F1EB7C7E
2026-03-30 07:10:18 - msg_id_0002 ==> 7E00020000660000000002F1EC7B7E
2026-03-30 07:10:21 - msg_id_0002 ==> 7E00020000660000000002F1ED7A7E
2026-03-30 07:10:24 - msg_id_0002 ==> 7E00020000660000000002F1EE797E
2026-03-30 07:10:28 - msg_id_0002 ==> 7E00020000660000000002F1EF787E
2026-03-30 07:10:31 - msg_id_0002 ==> 7E00020000660000000002F1F1667E
2026-03-30 07:10:34 - msg_id_0002 ==> 7E00020000660000000002F1F2657E
2026-03-30 07:10:37 - msg_id_0002 ==> 7E00020000660000000002F1F3647E
2026-03-30 07:10:40 - msg_id_0002 ==> 7E00020000660000000002F1F4637E
2026-03-30 07:10:43 - msg_id_0002 ==> 7E00020000660000000002F1F5627E
2026-03-30 07:10:46 - msg_id_0002 ==> 7E00020000660000000002F1F6617E
2026-03-30 07:10:49 - msg_id_0002 ==> 7E00020000660000000002F1F7607E
2026-03-30 07:10:52 - msg_id_0002 ==> 7E00020000660000000002F1F86F7E
2026-03-30 07:10:55 - msg_id_0002 ==> 7E00020000660000000002F1F96E7E
2026-03-30 07:10:59 - msg_id_0002 ==> 7E00020000660000000002F1FA6D7E
2026-03-30 07:11:02 - msg_id_0002 ==> 7E00020000660000000002F1FC6B7E
2026-03-30 07:11:05 - msg_id_0002 ==> 7E00020000660000000002F1FD6A7E
2026-03-30 07:11:08 - msg_id_0002 ==> 7E00020000660000000002F1FE697E
2026-03-30 07:11:11 - msg_id_0002 ==> 7E00020000660000000002F1FF687E
2026-03-30 07:11:14 - msg_id_0002 ==> 7E00020000660000000002F200947E
2026-03-30 07:11:17 - msg_id_0002 ==> 7E00020000660000000002F201957E
2026-03-30 07:11:20 - msg_id_0002 ==> 7E00020000660000000002F202967E
2026-03-30 07:11:23 - msg_id_0002 ==> 7E00020000660000000002F203977E
2026-03-30 07:11:26 - msg_id_0002 ==> 7E00020000660000000002F204907E
2026-03-30 07:11:30 - msg_id_0002 ==> 7E00020000660000000002F205917E
2026-03-30 07:11:33 - msg_id_0002 ==> 7E00020000660000000002F207937E
2026-03-30 07:11:36 - msg_id_0002 ==> 7E00020000660000000002F2089C7E
2026-03-30 07:11:39 - msg_id_0002 ==> 7E00020000660000000002F2099D7E
2026-03-30 07:11:42 - msg_id_0002 ==> 7E00020000660000000002F20A9E7E
2026-03-30 07:11:45 - msg_id_0002 ==> 7E00020000660000000002F20B9F7E
2026-03-30 07:11:48 - msg_id_0002 ==> 7E00020000660000000002F20C987E
2026-03-30 07:11:51 - msg_id_0002 ==> 7E00020000660000000002F20D997E
2026-03-30 07:11:54 - msg_id_0002 ==> 7E00020000660000000002F20E9A7E
2026-03-30 07:11:57 - msg_id_0002 ==> 7E00020000660000000002F20F9B7E
2026-03-30 07:12:01 - msg_id_0002 ==> 7E00020000660000000002F210847E
2026-03-30 07:12:04 - msg_id_0002 ==> 7E00020000660000000002F212867E
2026-03-30 07:12:07 - msg_id_0002 ==> 7E00020000660000000002F213877E
2026-03-30 07:12:10 - msg_id_0002 ==> 7E00020000660000000002F214807E
2026-03-30 07:12:13 - msg_id_0002 ==> 7E00020000660000000002F215817E
2026-03-30 07:12:16 - msg_id_0002 ==> 7E00020000660000000002F216827E
2026-03-30 07:12:19 - msg_id_0002 ==> 7E00020000660000000002F217837E
2026-03-30 07:12:22 - msg_id_0002 ==> 7E00020000660000000002F2188C7E
2026-03-30 07:12:25 - msg_id_0002 ==> 7E00020000660000000002F2198D7E
2026-03-30 07:12:28 - msg_id_0002 ==> 7E00020000660000000002F21A8E7E
2026-03-30 07:12:32 - msg_id_0002 ==> 7E00020000660000000002F21B8F7E
2026-03-30 07:12:35 - msg_id_0002 ==> 7E00020000660000000002F21D897E
2026-03-30 07:12:38 - msg_id_0002 ==> 7E00020000660000000002F21E8A7E
2026-03-30 07:12:41 - msg_id_0002 ==> 7E00020000660000000002F21F8B7E
2026-03-30 07:12:44 - msg_id_0002 ==> 7E00020000660000000002F220B47E
2026-03-30 07:12:47 - msg_id_0002 ==> 7E00020000660000000002F221B57E
2026-03-30 07:12:50 - msg_id_0002 ==> 7E00020000660000000002F222B67E
2026-03-30 07:12:53 - msg_id_0002 ==> 7E00020000660000000002F223B77E
2026-03-30 07:12:56 - msg_id_0002 ==> 7E00020000660000000002F224B07E
2026-03-30 07:12:59 - msg_id_0002 ==> 7E00020000660000000002F225B17E
2026-03-30 07:13:03 - msg_id_0002 ==> 7E00020000660000000002F226B27E
2026-03-30 07:13:06 - msg_id_0002 ==> 7E00020000660000000002F228BC7E
2026-03-30 07:13:09 - msg_id_0002 ==> 7E00020000660000000002F229BD7E
2026-03-30 07:13:12 - msg_id_0002 ==> 7E00020000660000000002F22ABE7E
2026-03-30 07:13:15 - msg_id_0002 ==> 7E00020000660000000002F22BBF7E
2026-03-30 07:13:18 - msg_id_0002 ==> 7E00020000660000000002F22CB87E
2026-03-30 07:13:21 - msg_id_0002 ==> 7E00020000660000000002F22DB97E
2026-03-30 07:13:24 - msg_id_0002 ==> 7E00020000660000000002F22EBA7E
2026-03-30 07:13:27 - msg_id_0002 ==> 7E00020000660000000002F22FBB7E
2026-03-30 07:13:30 - msg_id_0002 ==> 7E00020000660000000002F230A47E
2026-03-30 07:13:34 - msg_id_0002 ==> 7E00020000660000000002F231A57E
2026-03-30 07:13:37 - msg_id_0002 ==> 7E00020000660000000002F233A77E
2026-03-30 07:13:40 - msg_id_0002 ==> 7E00020000660000000002F234A07E
2026-03-30 07:13:43 - msg_id_0002 ==> 7E00020000660000000002F235A17E
2026-03-30 07:13:46 - msg_id_0002 ==> 7E00020000660000000002F236A27E
2026-03-30 07:13:49 - msg_id_0002 ==> 7E00020000660000000002F237A37E
2026-03-30 07:13:52 - msg_id_0002 ==> 7E00020000660000000002F238AC7E
2026-03-30 07:13:55 - msg_id_0002 ==> 7E00020000660000000002F239AD7E
2026-03-30 07:13:58 - msg_id_0002 ==> 7E00020000660000000002F23AAE7E
2026-03-30 07:14:01 - msg_id_0002 ==> 7E00020000660000000002F23BAF7E
2026-03-30 07:14:04 - msg_id_0002 ==> 7E00020000660000000002F23CA87E
2026-03-30 07:14:08 - msg_id_0002 ==> 7E00020000660000000002F23EAA7E
2026-03-30 07:14:11 - msg_id_0002 ==> 7E00020000660000000002F23FAB7E
2026-03-30 07:14:14 - msg_id_0002 ==> 7E00020000660000000002F240D47E
2026-03-30 07:14:17 - msg_id_0002 ==> 7E00020000660000000002F241D57E
2026-03-30 07:14:20 - msg_id_0002 ==> 7E00020000660000000002F242D67E
2026-03-30 07:14:23 - msg_id_0002 ==> 7E00020000660000000002F243D77E
2026-03-30 07:14:26 - msg_id_0002 ==> 7E00020000660000000002F244D07E
2026-03-30 07:14:29 - msg_id_0002 ==> 7E00020000660000000002F245D17E
2026-03-30 07:14:32 - msg_id_0002 ==> 7E00020000660000000002F246D27E
2026-03-30 07:14:36 - msg_id_0002 ==> 7E00020000660000000002F247D37E
2026-03-30 07:14:39 - msg_id_0002 ==> 7E00020000660000000002F249DD7E
2026-03-30 07:14:42 - msg_id_0002 ==> 7E00020000660000000002F24ADE7E
2026-03-30 07:14:45 - msg_id_0002 ==> 7E00020000660000000002F24BDF7E
2026-03-30 07:14:48 - msg_id_0002 ==> 7E00020000660000000002F24CD87E
2026-03-30 07:14:51 - msg_id_0002 ==> 7E00020000660000000002F24DD97E
2026-03-30 07:14:54 - msg_id_0002 ==> 7E00020000660000000002F24EDA7E
2026-03-30 07:14:57 - msg_id_0002 ==> 7E00020000660000000002F24FDB7E
2026-03-30 07:15:00 - msg_id_0002 ==> 7E00020000660000000002F250C47E
2026-03-30 07:15:03 - msg_id_0002 ==> 7E00020000660000000002F251C57E
2026-03-30 07:15:06 - msg_id_0002 ==> 7E00020000660000000002F252C67E
2026-03-30 07:15:10 - msg_id_0002 ==> 7E00020000660000000002F254C07E
2026-03-30 07:15:13 - msg_id_0002 ==> 7E00020000660000000002F255C17E
2026-03-30 07:15:16 - msg_id_0002 ==> 7E00020000660000000002F256C27E
2026-03-30 07:15:19 - msg_id_0002 ==> 7E00020000660000000002F257C37E
2026-03-30 07:15:22 - msg_id_0002 ==> 7E00020000660000000002F258CC7E
2026-03-30 07:15:25 - msg_id_0002 ==> 7E00020000660000000002F259CD7E
2026-03-30 07:15:28 - msg_id_0002 ==> 7E00020000660000000002F25ACE7E
2026-03-30 07:15:31 - msg_id_0002 ==> 7E00020000660000000002F25BCF7E
2026-03-30 07:15:34 - msg_id_0002 ==> 7E00020000660000000002F25CC87E
2026-03-30 07:15:37 - msg_id_0002 ==> 7E00020000660000000002F25DC97E
2026-03-30 07:15:41 - msg_id_0002 ==> 7E00020000660000000002F25FCB7E
2026-03-30 07:15:44 - msg_id_0002 ==> 7E00020000660000000002F260F47E
2026-03-30 07:15:47 - msg_id_0002 ==> 7E00020000660000000002F261F57E
2026-03-30 07:15:50 - msg_id_0002 ==> 7E00020000660000000002F262F67E
2026-03-30 07:15:53 - msg_id_0002 ==> 7E00020000660000000002F263F77E
2026-03-30 07:15:56 - msg_id_0002 ==> 7E00020000660000000002F264F07E
2026-03-30 07:15:59 - msg_id_0002 ==> 7E00020000660000000002F265F17E
2026-03-30 07:16:02 - msg_id_0002 ==> 7E00020000660000000002F266F27E
2026-03-30 07:16:05 - msg_id_0002 ==> 7E00020000660000000002F267F37E
2026-03-30 07:16:09 - msg_id_0002 ==> 7E00020000660000000002F268FC7E
2026-03-30 07:16:12 - msg_id_0002 ==> 7E00020000660000000002F26AFE7E
2026-03-30 07:16:15 - msg_id_0002 ==> 7E00020000660000000002F26BFF7E
2026-03-30 07:16:18 - msg_id_0002 ==> 7E00020000660000000002F26CF87E
2026-03-30 07:16:21 - msg_id_0002 ==> 7E00020000660000000002F26DF97E
2026-03-30 07:16:24 - msg_id_0002 ==> 7E00020000660000000002F26EFA7E
2026-03-30 07:16:27 - msg_id_0002 ==> 7E00020000660000000002F26FFB7E
2026-03-30 07:16:30 - msg_id_0002 ==> 7E00020000660000000002F270E47E
2026-03-30 07:16:33 - msg_id_0002 ==> 7E00020000660000000002F271E57E
2026-03-30 07:16:36 - msg_id_0002 ==> 7E00020000660000000002F272E67E
2026-03-30 07:16:40 - msg_id_0002 ==> 7E00020000660000000002F273E77E
2026-03-30 07:16:43 - msg_id_0002 ==> 7E00020000660000000002F275E17E
2026-03-30 07:16:46 - msg_id_0002 ==> 7E00020000660000000002F276E27E
2026-03-30 07:16:49 - msg_id_0002 ==> 7E00020000660000000002F277E37E
2026-03-30 07:16:52 - msg_id_0002 ==> 7E00020000660000000002F278EC7E
2026-03-30 07:16:55 - msg_id_0002 ==> 7E00020000660000000002F279ED7E
2026-03-30 07:16:58 - msg_id_0002 ==> 7E00020000660000000002F27AEE7E
2026-03-30 07:17:01 - msg_id_0002 ==> 7E00020000660000000002F27BEF7E
2026-03-30 07:17:04 - msg_id_0002 ==> 7E00020000660000000002F27CE87E
2026-03-30 07:17:07 - msg_id_0002 ==> 7E00020000660000000002F27D01E97E
2026-03-30 07:17:11 - msg_id_0002 ==> 7E00020000660000000002F27D02EA7E
2026-03-30 07:17:18 - msg_id_0002 ==> 7E00020000660000000002F283177E
2026-03-30 07:17:21 - msg_id_0002 ==> 7E00020000660000000002F284107E
2026-03-30 07:17:24 - msg_id_0002 ==> 7E00020000660000000002F285117E
2026-03-30 07:17:27 - msg_id_0002 ==> 7E00020000660000000002F286127E
2026-03-30 07:17:31 - msg_id_0002 ==> 7E00020000660000000002F287137E
2026-03-30 07:17:34 - msg_id_0002 ==> 7E00020000660000000002F2881C7E
2026-03-30 07:17:37 - msg_id_0002 ==> 7E00020000660000000002F2891D7E
2026-03-30 07:17:40 - msg_id_0002 ==> 7E00020000660000000002F28A1E7E
2026-03-30 07:17:43 - msg_id_0002 ==> 7E00020000660000000002F28B1F7E
2026-03-30 07:17:46 - msg_id_0002 ==> 7E00020000660000000002F28C187E
2026-03-30 07:17:49 - msg_id_0002 ==> 7E00020000660000000002F28E1A7E
2026-03-30 07:17:52 - msg_id_0002 ==> 7E00020000660000000002F28F1B7E
2026-03-30 07:17:55 - msg_id_0002 ==> 7E00020000660000000002F290047E
2026-03-30 07:17:58 - msg_id_0002 ==> 7E00020000660000000002F291057E
2026-03-30 07:18:02 - msg_id_0002 ==> 7E00020000660000000002F292067E
2026-03-30 07:18:05 - msg_id_0002 ==> 7E00020000660000000002F293077E
2026-03-30 07:18:08 - msg_id_0002 ==> 7E00020000660000000002F294007E
2026-03-30 07:18:11 - msg_id_0002 ==> 7E00020000660000000002F295017E
2026-03-30 07:18:14 - msg_id_0002 ==> 7E00020000660000000002F296027E
2026-03-30 07:18:17 - msg_id_0002 ==> 7E00020000660000000002F297037E
2026-03-30 07:18:20 - msg_id_0002 ==> 7E00020000660000000002F2990D7E
2026-03-30 07:18:23 - msg_id_0002 ==> 7E00020000660000000002F29A0E7E
2026-03-30 07:18:26 - msg_id_0002 ==> 7E00020000660000000002F29B0F7E
2026-03-30 07:18:29 - msg_id_0002 ==> 7E00020000660000000002F29C087E
2026-03-30 07:18:33 - msg_id_0002 ==> 7E00020000660000000002F29D097E
2026-03-30 07:18:36 - msg_id_0002 ==> 7E00020000660000000002F29E0A7E
2026-03-30 07:18:39 - msg_id_0002 ==> 7E00020000660000000002F29F0B7E
2026-03-30 07:18:42 - msg_id_0002 ==> 7E00020000660000000002F2A0347E
2026-03-30 07:18:45 - msg_id_0002 ==> 7E00020000660000000002F2A1357E
2026-03-30 07:18:48 - msg_id_0002 ==> 7E00020000660000000002F2A2367E
2026-03-30 07:18:51 - msg_id_0002 ==> 7E00020000660000000002F2A4307E
2026-03-30 07:18:54 - msg_id_0002 ==> 7E00020000660000000002F2A5317E
2026-03-30 07:18:57 - msg_id_0002 ==> 7E00020000660000000002F2A6327E
2026-03-30 07:19:00 - msg_id_0002 ==> 7E00020000660000000002F2A7337E
2026-03-30 07:19:04 - msg_id_0002 ==> 7E00020000660000000002F2A83C7E
2026-03-30 07:19:07 - msg_id_0002 ==> 7E00020000660000000002F2A93D7E
2026-03-30 07:19:10 - msg_id_0002 ==> 7E00020000660000000002F2AA3E7E
2026-03-30 07:19:13 - msg_id_0002 ==> 7E00020000660000000002F2AB3F7E
2026-03-30 07:19:16 - msg_id_0002 ==> 7E00020000660000000002F2AC387E
2026-03-30 07:19:19 - msg_id_0002 ==> 7E00020000660000000002F2AD397E
2026-03-30 07:19:22 - msg_id_0002 ==> 7E00020000660000000002F2AF3B7E
2026-03-30 07:19:25 - msg_id_0002 ==> 7E00020000660000000002F2B0247E
2026-03-30 07:19:28 - msg_id_0002 ==> 7E00020000660000000002F2B1257E
2026-03-30 07:19:32 - msg_id_0002 ==> 7E00020000660000000002F2B2267E
2026-03-30 07:19:35 - msg_id_0002 ==> 7E00020000660000000002F2B3277E
2026-03-30 07:19:38 - msg_id_0002 ==> 7E00020000660000000002F2B4207E
2026-03-30 07:19:41 - msg_id_0002 ==> 7E00020000660000000002F2B5217E
2026-03-30 07:19:44 - msg_id_0002 ==> 7E00020000660000000002F2B6227E
2026-03-30 07:19:47 - msg_id_0002 ==> 7E00020000660000000002F2B7237E
2026-03-30 07:19:50 - msg_id_0002 ==> 7E00020000660000000002F2B82C7E
2026-03-30 07:19:53 - msg_id_0002 ==> 7E00020000660000000002F2BA2E7E
2026-03-30 07:19:56 - msg_id_0002 ==> 7E00020000660000000002F2BB2F7E
2026-03-30 07:19:59 - msg_id_0002 ==> 7E00020000660000000002F2BC287E
2026-03-30 07:20:03 - msg_id_0002 ==> 7E00020000660000000002F2BD297E
2026-03-30 07:20:06 - msg_id_0002 ==> 7E00020000660000000002F2BE2A7E
2026-03-30 07:20:09 - msg_id_0002 ==> 7E00020000660000000002F2BF2B7E
2026-03-30 07:20:12 - msg_id_0002 ==> 7E00020000660000000002F2C0547E
2026-03-30 07:20:15 - msg_id_0002 ==> 7E00020000660000000002F2C1557E
2026-03-30 07:20:18 - msg_id_0002 ==> 7E00020000660000000002F2C2567E
2026-03-30 07:20:21 - msg_id_0002 ==> 7E00020000660000000002F2C3577E
2026-03-30 07:20:24 - msg_id_0002 ==> 7E00020000660000000002F2C5517E
2026-03-30 07:20:27 - msg_id_0002 ==> 7E00020000660000000002F2C6527E
2026-03-30 07:20:30 - msg_id_0002 ==> 7E00020000660000000002F2C7537E
2026-03-30 07:20:34 - msg_id_0002 ==> 7E00020000660000000002F2C85C7E
2026-03-30 07:20:37 - msg_id_0002 ==> 7E00020000660000000002F2C95D7E
2026-03-30 07:20:40 - msg_id_0002 ==> 7E00020000660000000002F2CA5E7E
2026-03-30 07:20:43 - msg_id_0002 ==> 7E00020000660000000002F2CB5F7E
2026-03-30 07:20:46 - msg_id_0002 ==> 7E00020000660000000002F2CC587E
2026-03-30 07:20:49 - msg_id_0002 ==> 7E00020000660000000002F2CD597E
2026-03-30 07:20:52 - msg_id_0002 ==> 7E00020000660000000002F2CE5A7E
2026-03-30 07:20:55 - msg_id_0002 ==> 7E00020000660000000002F2D0447E
2026-03-30 07:20:58 - msg_id_0002 ==> 7E00020000660000000002F2D1457E
2026-03-30 07:21:01 - msg_id_0002 ==> 7E00020000660000000002F2D2467E
2026-03-30 07:21:05 - msg_id_0002 ==> 7E00020000660000000002F2D3477E
2026-03-30 07:21:08 - msg_id_0002 ==> 7E00020000660000000002F2D4407E
2026-03-30 07:21:11 - msg_id_0002 ==> 7E00020000660000000002F2D5417E
2026-03-30 07:21:14 - msg_id_0002 ==> 7E00020000660000000002F2D6427E
2026-03-30 07:21:17 - msg_id_0002 ==> 7E00020000660000000002F2D7437E
2026-03-30 07:21:20 - msg_id_0002 ==> 7E00020000660000000002F2D84C7E
2026-03-30 07:21:23 - msg_id_0002 ==> 7E00020000660000000002F2D94D7E
2026-03-30 07:21:26 - msg_id_0002 ==> 7E00020000660000000002F2DB4F7E
2026-03-30 07:21:29 - msg_id_0002 ==> 7E00020000660000000002F2DC487E
2026-03-30 07:21:32 - msg_id_0002 ==> 7E00020000660000000002F2DD497E
2026-03-30 07:21:35 - msg_id_0002 ==> 7E00020000660000000002F2DE4A7E
2026-03-30 07:21:39 - msg_id_0002 ==> 7E00020000660000000002F2DF4B7E
2026-03-30 07:21:42 - msg_id_0002 ==> 7E00020000660000000002F2E0747E
2026-03-30 07:21:45 - msg_id_0002 ==> 7E00020000660000000002F2E1757E
2026-03-30 07:21:48 - msg_id_0002 ==> 7E00020000660000000002F2E2767E
2026-03-30 07:21:51 - msg_id_0002 ==> 7E00020000660000000002F2E3777E
2026-03-30 07:21:54 - msg_id_0002 ==> 7E00020000660000000002F2E4707E
2026-03-30 07:21:57 - msg_id_0002 ==> 7E00020000660000000002F2E6727E
2026-03-30 07:22:00 - msg_id_0002 ==> 7E00020000660000000002F2E7737E
2026-03-30 07:22:03 - msg_id_0002 ==> 7E00020000660000000002F2E87C7E
2026-03-30 07:22:07 - msg_id_0002 ==> 7E00020000660000000002F2E97D017E
2026-03-30 07:22:10 - msg_id_0002 ==> 7E00020000660000000002F2EA7D027E
2026-03-30 07:22:13 - msg_id_0002 ==> 7E00020000660000000002F2EB7F7E
2026-03-30 07:22:16 - msg_id_0002 ==> 7E00020000660000000002F2EC787E
2026-03-30 07:22:19 - msg_id_0002 ==> 7E00020000660000000002F2ED797E
2026-03-30 07:22:22 - msg_id_0002 ==> 7E00020000660000000002F2EE7A7E
2026-03-30 07:22:25 - msg_id_0002 ==> 7E00020000660000000002F2EF7B7E
2026-03-30 07:22:28 - msg_id_0002 ==> 7E00020000660000000002F2F1657E
2026-03-30 07:22:31 - msg_id_0002 ==> 7E00020000660000000002F2F2667E
2026-03-30 07:22:34 - msg_id_0002 ==> 7E00020000660000000002F2F3677E
2026-03-30 07:22:38 - msg_id_0002 ==> 7E00020000660000000002F2F4607E
2026-03-30 07:22:41 - msg_id_0002 ==> 7E00020000660000000002F2F5617E
2026-03-30 07:22:44 - msg_id_0002 ==> 7E00020000660000000002F2F6627E
2026-03-30 07:22:47 - msg_id_0002 ==> 7E00020000660000000002F2F7637E
2026-03-30 07:22:50 - msg_id_0002 ==> 7E00020000660000000002F2F86C7E
2026-03-30 07:22:53 - msg_id_0002 ==> 7E00020000660000000002F2F96D7E
2026-03-30 07:22:56 - msg_id_0002 ==> 7E00020000660000000002F2FA6E7E
2026-03-30 07:22:59 - msg_id_0002 ==> 7E00020000660000000002F2FC687E
2026-03-30 07:23:02 - msg_id_0002 ==> 7E00020000660000000002F2FD697E
2026-03-30 07:23:05 - msg_id_0002 ==> 7E00020000660000000002F2FE6A7E
2026-03-30 07:23:09 - msg_id_0002 ==> 7E00020000660000000002F2FF6B7E
2026-03-30 07:23:12 - msg_id_0002 ==> 7E00020000660000000002F300957E
2026-03-30 07:23:15 - msg_id_0002 ==> 7E00020000660000000002F301947E
2026-03-30 07:23:18 - msg_id_0002 ==> 7E00020000660000000002F302977E
2026-03-30 07:23:21 - msg_id_0002 ==> 7E00020000660000000002F303967E
2026-03-30 07:23:24 - msg_id_0002 ==> 7E00020000660000000002F304917E
2026-03-30 07:23:27 - msg_id_0002 ==> 7E00020000660000000002F305907E
2026-03-30 07:23:30 - msg_id_0002 ==> 7E00020000660000000002F307927E
2026-03-30 07:23:33 - msg_id_0002 ==> 7E00020000660000000002F3089D7E
2026-03-30 07:23:36 - msg_id_0002 ==> 7E00020000660000000002F3099C7E
2026-03-30 07:23:39 - msg_id_0002 ==> 7E00020000660000000002F30A9F7E
2026-03-30 07:23:43 - msg_id_0002 ==> 7E00020000660000000002F30B9E7E
2026-03-30 07:23:46 - msg_id_0002 ==> 7E00020000660000000002F30C997E
2026-03-30 07:23:49 - msg_id_0002 ==> 7E00020000660000000002F30D987E
2026-03-30 07:23:52 - msg_id_0002 ==> 7E00020000660000000002F30E9B7E
2026-03-30 07:23:55 - msg_id_0002 ==> 7E00020000660000000002F30F9A7E
2026-03-30 07:23:58 - msg_id_0002 ==> 7E00020000660000000002F310857E
2026-03-30 07:24:01 - msg_id_0002 ==> 7E00020000660000000002F312877E
2026-03-30 07:24:04 - msg_id_0002 ==> 7E00020000660000000002F313867E
2026-03-30 07:24:07 - msg_id_0002 ==> 7E00020000660000000002F314817E
2026-03-30 07:24:10 - msg_id_0002 ==> 7E00020000660000000002F315807E
2026-03-30 07:24:14 - msg_id_0002 ==> 7E00020000660000000002F316837E
2026-03-30 07:24:17 - msg_id_0002 ==> 7E00020000660000000002F317827E
2026-03-30 07:24:20 - msg_id_0002 ==> 7E00020000660000000002F3188D7E
2026-03-30 07:24:23 - msg_id_0002 ==> 7E00020000660000000002F3198C7E
2026-03-30 07:24:26 - msg_id_0002 ==> 7E00020000660000000002F31A8F7E
2026-03-30 07:24:29 - msg_id_0002 ==> 7E00020000660000000002F31B8E7E
2026-03-30 07:24:32 - msg_id_0002 ==> 7E00020000660000000002F31D887E
2026-03-30 07:24:35 - msg_id_0002 ==> 7E00020000660000000002F31E8B7E
2026-03-30 07:24:38 - msg_id_0002 ==> 7E00020000660000000002F31F8A7E
2026-03-30 07:24:42 - msg_id_0002 ==> 7E00020000660000000002F320B57E
2026-03-30 07:24:45 - msg_id_0002 ==> 7E00020000660000000002F321B47E
2026-03-30 07:24:48 - msg_id_0002 ==> 7E00020000660000000002F322B77E
2026-03-30 07:24:51 - msg_id_0002 ==> 7E00020000660000000002F323B67E
2026-03-30 07:24:54 - msg_id_0002 ==> 7E00020000660000000002F324B17E
2026-03-30 07:24:57 - msg_id_0002 ==> 7E00020000660000000002F325B07E
2026-03-30 07:25:00 - msg_id_0002 ==> 7E00020000660000000002F326B37E
2026-03-30 07:25:03 - msg_id_0002 ==> 7E00020000660000000002F328BD7E
2026-03-30 07:25:06 - msg_id_0002 ==> 7E00020000660000000002F329BC7E
2026-03-30 07:25:09 - msg_id_0002 ==> 7E00020000660000000002F32ABF7E
2026-03-30 07:25:13 - msg_id_0002 ==> 7E00020000660000000002F32BBE7E
2026-03-30 07:25:16 - msg_id_0002 ==> 7E00020000660000000002F32CB97E
2026-03-30 07:25:19 - msg_id_0002 ==> 7E00020000660000000002F32DB87E
2026-03-30 07:25:22 - msg_id_0002 ==> 7E00020000660000000002F32EBB7E
2026-03-30 07:25:25 - msg_id_0002 ==> 7E00020000660000000002F32FBA7E
2026-03-30 07:25:28 - msg_id_0002 ==> 7E00020000660000000002F330A57E
2026-03-30 07:25:31 - msg_id_0002 ==> 7E00020000660000000002F331A47E
2026-03-30 07:25:34 - msg_id_0002 ==> 7E00020000660000000002F333A67E
2026-03-30 07:25:37 - msg_id_0002 ==> 7E00020000660000000002F334A17E
2026-03-30 07:25:40 - msg_id_0002 ==> 7E00020000660000000002F335A07E
2026-03-30 07:25:44 - msg_id_0002 ==> 7E00020000660000000002F336A37E
2026-03-30 07:25:47 - msg_id_0002 ==> 7E00020000660000000002F337A27E
2026-03-30 07:25:50 - msg_id_0002 ==> 7E00020000660000000002F338AD7E
2026-03-30 07:25:53 - msg_id_0002 ==> 7E00020000660000000002F339AC7E
2026-03-30 07:25:56 - msg_id_0002 ==> 7E00020000660000000002F33AAF7E
2026-03-30 07:25:59 - msg_id_0002 ==> 7E00020000660000000002F33BAE7E
2026-03-30 07:26:02 - msg_id_0002 ==> 7E00020000660000000002F33CA97E
2026-03-30 07:26:05 - msg_id_0002 ==> 7E00020000660000000002F33EAB7E
2026-03-30 07:26:08 - msg_id_0002 ==> 7E00020000660000000002F33FAA7E
2026-03-30 07:26:11 - msg_id_0002 ==> 7E00020000660000000002F340D57E
2026-03-30 07:26:15 - msg_id_0002 ==> 7E00020000660000000002F341D47E
2026-03-30 07:26:18 - msg_id_0002 ==> 7E00020000660000000002F342D77E
2026-03-30 07:26:21 - msg_id_0002 ==> 7E00020000660000000002F343D67E
2026-03-30 07:26:24 - msg_id_0002 ==> 7E00020000660000000002F344D17E
2026-03-30 07:26:27 - msg_id_0002 ==> 7E00020000660000000002F345D07E
2026-03-30 07:26:30 - msg_id_0002 ==> 7E00020000660000000002F346D37E
2026-03-30 07:26:33 - msg_id_0002 ==> 7E00020000660000000002F347D27E
2026-03-30 07:26:36 - msg_id_0002 ==> 7E00020000660000000002F349DC7E
2026-03-30 07:26:39 - msg_id_0002 ==> 7E00020000660000000002F34ADF7E
2026-03-30 07:26:42 - msg_id_0002 ==> 7E00020000660000000002F34BDE7E
2026-03-30 07:26:46 - msg_id_0002 ==> 7E00020000660000000002F34CD97E
2026-03-30 07:26:49 - msg_id_0002 ==> 7E00020000660000000002F34DD87E
2026-03-30 07:26:52 - msg_id_0002 ==> 7E00020000660000000002F34EDB7E
2026-03-30 07:26:55 - msg_id_0002 ==> 7E00020000660000000002F34FDA7E
2026-03-30 07:26:58 - msg_id_0002 ==> 7E00020000660000000002F350C57E
2026-03-30 07:27:01 - msg_id_0002 ==> 7E00020000660000000002F351C47E
2026-03-30 07:27:04 - msg_id_0002 ==> 7E00020000660000000002F352C77E
2026-03-30 07:27:07 - msg_id_0002 ==> 7E00020000660000000002F354C17E
2026-03-30 07:27:10 - msg_id_0002 ==> 7E00020000660000000002F355C07E
2026-03-30 07:27:13 - msg_id_0002 ==> 7E00020000660000000002F356C37E
2026-03-30 07:27:17 - msg_id_0002 ==> 7E00020000660000000002F357C27E
2026-03-30 07:27:20 - msg_id_0002 ==> 7E00020000660000000002F358CD7E
2026-03-30 07:27:23 - msg_id_0002 ==> 7E00020000660000000002F359CC7E
2026-03-30 07:27:26 - msg_id_0002 ==> 7E00020000660000000002F35ACF7E
2026-03-30 07:27:29 - msg_id_0002 ==> 7E00020000660000000002F35BCE7E
2026-03-30 07:27:32 - msg_id_0002 ==> 7E00020000660000000002F35CC97E
2026-03-30 07:27:35 - msg_id_0002 ==> 7E00020000660000000002F35DC87E
2026-03-30 07:27:38 - msg_id_0002 ==> 7E00020000660000000002F35FCA7E
2026-03-30 07:27:41 - msg_id_0002 ==> 7E00020000660000000002F360F57E
2026-03-30 07:27:44 - msg_id_0002 ==> 7E00020000660000000002F361F47E
2026-03-30 07:27:48 - msg_id_0002 ==> 7E00020000660000000002F362F77E
2026-03-30 07:27:51 - msg_id_0002 ==> 7E00020000660000000002F363F67E
2026-03-30 07:27:54 - msg_id_0002 ==> 7E00020000660000000002F364F17E
2026-03-30 07:27:57 - msg_id_0002 ==> 7E00020000660000000002F365F07E
2026-03-30 07:28:00 - msg_id_0002 ==> 7E00020000660000000002F366F37E
2026-03-30 07:28:03 - msg_id_0002 ==> 7E00020000660000000002F367F27E
2026-03-30 07:28:06 - msg_id_0002 ==> 7E00020000660000000002F368FD7E
2026-03-30 07:28:09 - msg_id_0002 ==> 7E00020000660000000002F36AFF7E
2026-03-30 07:28:12 - msg_id_0002 ==> 7E00020000660000000002F36BFE7E
2026-03-30 07:28:15 - msg_id_0002 ==> 7E00020000660000000002F36CF97E
2026-03-30 07:28:19 - msg_id_0002 ==> 7E00020000660000000002F36DF87E
2026-03-30 07:28:22 - msg_id_0002 ==> 7E00020000660000000002F36EFB7E
2026-03-30 07:28:25 - msg_id_0002 ==> 7E00020000660000000002F36FFA7E
2026-03-30 07:28:28 - msg_id_0002 ==> 7E00020000660000000002F370E57E
2026-03-30 07:28:31 - msg_id_0002 ==> 7E00020000660000000002F371E47E
2026-03-30 07:28:34 - msg_id_0002 ==> 7E00020000660000000002F372E77E
2026-03-30 07:28:37 - msg_id_0002 ==> 7E00020000660000000002F373E67E
2026-03-30 07:28:40 - msg_id_0002 ==> 7E00020000660000000002F375E07E
2026-03-30 07:28:43 - msg_id_0002 ==> 7E00020000660000000002F376E37E
2026-03-30 07:28:46 - msg_id_0002 ==> 7E00020000660000000002F377E27E
2026-03-30 07:28:50 - msg_id_0002 ==> 7E00020000660000000002F378ED7E
2026-03-30 07:28:53 - msg_id_0002 ==> 7E00020000660000000002F379EC7E
2026-03-30 07:28:56 - msg_id_0002 ==> 7E00020000660000000002F37AEF7E
2026-03-30 07:28:59 - msg_id_0002 ==> 7E00020000660000000002F37BEE7E
2026-03-30 07:29:02 - msg_id_0002 ==> 7E00020000660000000002F37CE97E
2026-03-30 07:29:05 - msg_id_0002 ==> 7E00020000660000000002F37D01E87E
2026-03-30 07:29:08 - msg_id_0002 ==> 7E00020000660000000002F37D02EB7E
2026-03-30 07:29:16 - msg_id_0002 ==> 7E00020000660000000002F383167E
2026-03-30 07:29:19 - msg_id_0002 ==> 7E00020000660000000002F384117E
2026-03-30 07:29:22 - msg_id_0002 ==> 7E00020000660000000002F385107E
2026-03-30 07:29:25 - msg_id_0002 ==> 7E00020000660000000002F386137E
2026-03-30 07:29:28 - msg_id_0002 ==> 7E00020000660000000002F387127E
2026-03-30 07:29:31 - msg_id_0002 ==> 7E00020000660000000002F3881D7E
2026-03-30 07:29:34 - msg_id_0002 ==> 7E00020000660000000002F3891C7E
2026-03-30 07:29:37 - msg_id_0002 ==> 7E00020000660000000002F38A1F7E
2026-03-30 07:29:41 - msg_id_0002 ==> 7E00020000660000000002F38B1E7E
2026-03-30 07:29:44 - msg_id_0002 ==> 7E00020000660000000002F38C197E
2026-03-30 07:29:47 - msg_id_0002 ==> 7E00020000660000000002F38E1B7E
2026-03-30 07:29:50 - msg_id_0002 ==> 7E00020000660000000002F38F1A7E
2026-03-30 07:29:53 - msg_id_0002 ==> 7E00020000660000000002F390057E
2026-03-30 07:29:56 - msg_id_0002 ==> 7E00020000660000000002F391047E
2026-03-30 07:29:59 - msg_id_0002 ==> 7E00020000660000000002F392077E
2026-03-30 07:30:02 - msg_id_0002 ==> 7E00020000660000000002F393067E
2026-03-30 07:30:05 - msg_id_0002 ==> 7E00020000660000000002F394017E
2026-03-30 07:30:08 - msg_id_0002 ==> 7E00020000660000000002F395007E
2026-03-30 07:30:12 - msg_id_0002 ==> 7E00020000660000000002F396037E
2026-03-30 07:30:15 - msg_id_0002 ==> 7E00020000660000000002F397027E
2026-03-30 07:30:18 - msg_id_0002 ==> 7E00020000660000000002F3990C7E
2026-03-30 07:30:21 - msg_id_0002 ==> 7E00020000660000000002F39A0F7E
2026-03-30 07:30:24 - msg_id_0002 ==> 7E00020000660000000002F39B0E7E
2026-03-30 07:30:27 - msg_id_0002 ==> 7E00020000660000000002F39C097E
2026-03-30 07:30:30 - msg_id_0002 ==> 7E00020000660000000002F39D087E
2026-03-30 07:30:33 - msg_id_0002 ==> 7E00020000660000000002F39E0B7E
2026-03-30 07:30:36 - msg_id_0002 ==> 7E00020000660000000002F39F0A7E
2026-03-30 07:30:39 - msg_id_0002 ==> 7E00020000660000000002F3A0357E
2026-03-30 07:30:43 - msg_id_0002 ==> 7E00020000660000000002F3A1347E
2026-03-30 07:30:46 - msg_id_0002 ==> 7E00020000660000000002F3A2377E
2026-03-30 07:30:49 - msg_id_0002 ==> 7E00020000660000000002F3A4317E
2026-03-30 07:30:52 - msg_id_0002 ==> 7E00020000660000000002F3A5307E
2026-03-30 07:30:55 - msg_id_0002 ==> 7E00020000660000000002F3A6337E
2026-03-30 07:30:58 - msg_id_0002 ==> 7E00020000660000000002F3A7327E
2026-03-30 07:31:01 - msg_id_0002 ==> 7E00020000660000000002F3A83D7E
2026-03-30 07:31:04 - msg_id_0002 ==> 7E00020000660000000002F3A93C7E
2026-03-30 07:31:07 - msg_id_0002 ==> 7E00020000660000000002F3AA3F7E
2026-03-30 07:31:10 - msg_id_0002 ==> 7E00020000660000000002F3AB3E7E
2026-03-30 07:31:14 - msg_id_0002 ==> 7E00020000660000000002F3AC397E
2026-03-30 07:31:17 - msg_id_0002 ==> 7E00020000660000000002F3AD387E
2026-03-30 07:31:20 - msg_id_0002 ==> 7E00020000660000000002F3AF3A7E
2026-03-30 07:31:23 - msg_id_0002 ==> 7E00020000660000000002F3B0257E
2026-03-30 07:31:26 - msg_id_0002 ==> 7E00020000660000000002F3B1247E
2026-03-30 07:31:29 - msg_id_0002 ==> 7E00020000660000000002F3B2277E
2026-03-30 07:31:32 - msg_id_0002 ==> 7E00020000660000000002F3B3267E
2026-03-30 07:31:35 - msg_id_0002 ==> 7E00020000660000000002F3B4217E
2026-03-30 07:31:38 - msg_id_0002 ==> 7E00020000660000000002F3B5207E
2026-03-30 07:31:41 - msg_id_0002 ==> 7E00020000660000000002F3B6237E
2026-03-30 07:31:45 - msg_id_0002 ==> 7E00020000660000000002F3B7227E
2026-03-30 07:31:48 - msg_id_0002 ==> 7E00020000660000000002F3B82D7E
2026-03-30 07:31:51 - msg_id_0002 ==> 7E00020000660000000002F3BA2F7E
2026-03-30 07:31:54 - msg_id_0002 ==> 7E00020000660000000002F3BB2E7E
2026-03-30 07:31:57 - msg_id_0002 ==> 7E00020000660000000002F3BC297E
2026-03-30 07:32:00 - msg_id_0002 ==> 7E00020000660000000002F3BD287E
2026-03-30 07:32:03 - msg_id_0002 ==> 7E00020000660000000002F3BE2B7E
2026-03-30 07:32:06 - msg_id_0002 ==> 7E00020000660000000002F3BF2A7E
2026-03-30 07:32:09 - msg_id_0002 ==> 7E00020000660000000002F3C0557E
2026-03-30 07:32:12 - msg_id_0002 ==> 7E00020000660000000002F3C1547E
2026-03-30 07:32:16 - msg_id_0002 ==> 7E00020000660000000002F3C2577E
2026-03-30 07:32:19 - msg_id_0002 ==> 7E00020000660000000002F3C3567E
2026-03-30 07:32:22 - msg_id_0002 ==> 7E00020000660000000002F3C5507E
2026-03-30 07:32:25 - msg_id_0002 ==> 7E00020000660000000002F3C6537E
2026-03-30 07:32:28 - msg_id_0002 ==> 7E00020000660000000002F3C7527E
2026-03-30 07:32:31 - msg_id_0002 ==> 7E00020000660000000002F3C85D7E
2026-03-30 07:32:34 - msg_id_0002 ==> 7E00020000660000000002F3C95C7E
2026-03-30 07:32:37 - msg_id_0002 ==> 7E00020000660000000002F3CA5F7E
2026-03-30 07:32:40 - msg_id_0002 ==> 7E00020000660000000002F3CB5E7E
2026-03-30 07:32:43 - msg_id_0002 ==> 7E00020000660000000002F3CC597E
2026-03-30 07:32:47 - msg_id_0002 ==> 7E00020000660000000002F3CD587E
2026-03-30 07:32:50 - msg_id_0002 ==> 7E00020000660000000002F3CE5B7E
2026-03-30 07:32:53 - msg_id_0002 ==> 7E00020000660000000002F3D0457E
2026-03-30 07:32:56 - msg_id_0002 ==> 7E00020000660000000002F3D1447E
2026-03-30 07:32:59 - msg_id_0002 ==> 7E00020000660000000002F3D2477E
2026-03-30 07:33:02 - msg_id_0002 ==> 7E00020000660000000002F3D3467E
2026-03-30 07:33:05 - msg_id_0002 ==> 7E00020000660000000002F3D4417E
2026-03-30 07:33:08 - msg_id_0002 ==> 7E00020000660000000002F3D5407E
2026-03-30 07:33:11 - msg_id_0002 ==> 7E00020000660000000002F3D6437E
2026-03-30 07:33:14 - msg_id_0002 ==> 7E00020000660000000002F3D7427E
2026-03-30 07:33:18 - msg_id_0002 ==> 7E00020000660000000002F3D84D7E
2026-03-30 07:33:21 - msg_id_0002 ==> 7E00020000660000000002F3D94C7E
2026-03-30 07:33:24 - msg_id_0002 ==> 7E00020000660000000002F3DB4E7E
2026-03-30 07:33:27 - msg_id_0002 ==> 7E00020000660000000002F3DC497E
2026-03-30 07:33:30 - msg_id_0002 ==> 7E00020000660000000002F3DD487E
2026-03-30 07:33:33 - msg_id_0002 ==> 7E00020000660000000002F3DE4B7E
2026-03-30 07:33:36 - msg_id_0002 ==> 7E00020000660000000002F3DF4A7E
2026-03-30 07:33:39 - msg_id_0002 ==> 7E00020000660000000002F3E0757E
2026-03-30 07:33:42 - msg_id_0002 ==> 7E00020000660000000002F3E1747E
2026-03-30 07:33:45 - msg_id_0002 ==> 7E00020000660000000002F3E2777E
2026-03-30 07:33:49 - msg_id_0002 ==> 7E00020000660000000002F3E3767E
2026-03-30 07:33:52 - msg_id_0002 ==> 7E00020000660000000002F3E4717E
2026-03-30 07:33:55 - msg_id_0002 ==> 7E00020000660000000002F3E6737E
2026-03-30 07:33:58 - msg_id_0002 ==> 7E00020000660000000002F3E7727E
2026-03-30 07:34:01 - msg_id_0002 ==> 7E00020000660000000002F3E87D017E
2026-03-30 07:34:04 - msg_id_0002 ==> 7E00020000660000000002F3E97C7E
2026-03-30 07:34:07 - msg_id_0002 ==> 7E00020000660000000002F3EA7F7E
2026-03-30 07:34:10 - msg_id_0002 ==> 7E00020000660000000002F3EB7D027E
2026-03-30 07:34:13 - msg_id_0002 ==> 7E00020000660000000002F3EC797E
2026-03-30 07:34:16 - msg_id_0002 ==> 7E00020000660000000002F3ED787E
2026-03-30 07:34:20 - msg_id_0002 ==> 7E00020000660000000002F3EE7B7E
2026-03-30 07:34:23 - msg_id_0002 ==> 7E00020000660000000002F3EF7A7E
2026-03-30 07:34:26 - msg_id_0002 ==> 7E00020000660000000002F3F1647E
2026-03-30 07:34:29 - msg_id_0002 ==> 7E00020000660000000002F3F2677E
2026-03-30 07:34:32 - msg_id_0002 ==> 7E00020000660000000002F3F3667E
2026-03-30 07:34:35 - msg_id_0002 ==> 7E00020000660000000002F3F4617E
2026-03-30 07:34:38 - msg_id_0002 ==> 7E00020000660000000002F3F5607E
2026-03-30 07:34:41 - msg_id_0002 ==> 7E00020000660000000002F3F6637E
2026-03-30 07:34:44 - msg_id_0002 ==> 7E00020000660000000002F3F7627E
2026-03-30 07:34:47 - msg_id_0002 ==> 7E00020000660000000002F3F86D7E
2026-03-30 07:34:51 - msg_id_0002 ==> 7E00020000660000000002F3F96C7E
2026-03-30 07:34:54 - msg_id_0002 ==> 7E00020000660000000002F3FA6F7E
2026-03-30 07:34:57 - msg_id_0002 ==> 7E00020000660000000002F3FC697E
2026-03-30 07:35:00 - msg_id_0002 ==> 7E00020000660000000002F3FD687E
2026-03-30 07:35:03 - msg_id_0002 ==> 7E00020000660000000002F3FE6B7E
2026-03-30 07:35:06 - msg_id_0002 ==> 7E00020000660000000002F3FF6A7E
2026-03-30 07:35:09 - msg_id_0002 ==> 7E00020000660000000002F400927E
2026-03-30 07:35:12 - msg_id_0002 ==> 7E00020000660000000002F401937E
2026-03-30 07:35:15 - msg_id_0002 ==> 7E00020000660000000002F402907E
2026-03-30 07:35:18 - msg_id_0002 ==> 7E00020000660000000002F403917E
2026-03-30 07:35:22 - msg_id_0002 ==> 7E00020000660000000002F404967E
2026-03-30 07:35:25 - msg_id_0002 ==> 7E00020000660000000002F405977E
2026-03-30 07:35:28 - msg_id_0002 ==> 7E00020000660000000002F407957E
2026-03-30 07:35:31 - msg_id_0002 ==> 7E00020000660000000002F4089A7E
2026-03-30 07:35:34 - msg_id_0002 ==> 7E00020000660000000002F4099B7E
2026-03-30 07:35:37 - msg_id_0002 ==> 7E00020000660000000002F40A987E
2026-03-30 07:35:40 - msg_id_0002 ==> 7E00020000660000000002F40B997E
2026-03-30 07:35:43 - msg_id_0002 ==> 7E00020000660000000002F40C9E7E
2026-03-30 07:35:46 - msg_id_0002 ==> 7E00020000660000000002F40D9F7E
2026-03-30 07:35:49 - msg_id_0002 ==> 7E00020000660000000002F40E9C7E
2026-03-30 07:35:53 - msg_id_0002 ==> 7E00020000660000000002F40F9D7E
2026-03-30 07:35:56 - msg_id_0002 ==> 7E00020000660000000002F410827E
2026-03-30 07:35:59 - msg_id_0002 ==> 7E00020000660000000002F412807E
2026-03-30 07:36:02 - msg_id_0002 ==> 7E00020000660000000002F413817E
2026-03-30 07:36:05 - msg_id_0002 ==> 7E00020000660000000002F414867E
2026-03-30 07:36:08 - msg_id_0002 ==> 7E00020000660000000002F415877E
2026-03-30 07:36:11 - msg_id_0002 ==> 7E00020000660000000002F416847E
2026-03-30 07:36:14 - msg_id_0002 ==> 7E00020000660000000002F417857E
2026-03-30 07:36:17 - msg_id_0002 ==> 7E00020000660000000002F4188A7E
2026-03-30 07:36:20 - msg_id_0002 ==> 7E00020000660000000002F4198B7E
2026-03-30 07:36:24 - msg_id_0002 ==> 7E00020000660000000002F41A887E
2026-03-30 07:36:27 - msg_id_0002 ==> 7E00020000660000000002F41B897E
2026-03-30 07:36:30 - msg_id_0002 ==> 7E00020000660000000002F41D8F7E
2026-03-30 07:36:33 - msg_id_0002 ==> 7E00020000660000000002F41E8C7E
2026-03-30 07:36:36 - msg_id_0002 ==> 7E00020000660000000002F41F8D7E
2026-03-30 07:36:39 - msg_id_0002 ==> 7E00020000660000000002F420B27E
2026-03-30 07:36:42 - msg_id_0002 ==> 7E00020000660000000002F421B37E
2026-03-30 07:36:45 - msg_id_0002 ==> 7E00020000660000000002F422B07E
2026-03-30 07:36:48 - msg_id_0002 ==> 7E00020000660000000002F423B17E
2026-03-30 07:36:52 - msg_id_0002 ==> 7E00020000660000000002F424B67E
2026-03-30 07:36:55 - msg_id_0002 ==> 7E00020000660000000002F425B77E
2026-03-30 07:36:58 - msg_id_0002 ==> 7E00020000660000000002F426B47E
2026-03-30 07:37:01 - msg_id_0002 ==> 7E00020000660000000002F428BA7E
2026-03-30 07:37:04 - msg_id_0002 ==> 7E00020000660000000002F429BB7E
2026-03-30 07:37:07 - msg_id_0002 ==> 7E00020000660000000002F42AB87E
2026-03-30 07:37:10 - msg_id_0002 ==> 7E00020000660000000002F42BB97E
2026-03-30 07:37:13 - msg_id_0002 ==> 7E00020000660000000002F42CBE7E
2026-03-30 07:37:16 - msg_id_0002 ==> 7E00020000660000000002F42DBF7E
2026-03-30 07:37:19 - msg_id_0002 ==> 7E00020000660000000002F42EBC7E
2026-03-30 07:37:23 - msg_id_0002 ==> 7E00020000660000000002F42FBD7E
2026-03-30 07:37:26 - msg_id_0002 ==> 7E00020000660000000002F430A27E
2026-03-30 07:37:29 - msg_id_0002 ==> 7E00020000660000000002F431A37E
2026-03-30 07:37:32 - msg_id_0002 ==> 7E00020000660000000002F433A17E
2026-03-30 07:37:35 - msg_id_0002 ==> 7E00020000660000000002F434A67E
2026-03-30 07:37:38 - msg_id_0002 ==> 7E00020000660000000002F435A77E
2026-03-30 07:37:41 - msg_id_0002 ==> 7E00020000660000000002F436A47E
2026-03-30 07:37:44 - msg_id_0002 ==> 7E00020000660000000002F437A57E
2026-03-30 07:37:47 - msg_id_0002 ==> 7E00020000660000000002F438AA7E
2026-03-30 07:37:50 - msg_id_0002 ==> 7E00020000660000000002F439AB7E
2026-03-30 07:37:54 - msg_id_0002 ==> 7E00020000660000000002F43AA87E
2026-03-30 07:37:57 - msg_id_0002 ==> 7E00020000660000000002F43BA97E
2026-03-30 07:38:00 - msg_id_0002 ==> 7E00020000660000000002F43CAE7E
2026-03-30 07:38:03 - msg_id_0002 ==> 7E00020000660000000002F43EAC7E
2026-03-30 07:38:06 - msg_id_0002 ==> 7E00020000660000000002F43FAD7E
2026-03-30 07:38:09 - msg_id_0002 ==> 7E00020000660000000002F440D27E
2026-03-30 07:38:12 - msg_id_0002 ==> 7E00020000660000000002F441D37E
2026-03-30 07:38:15 - msg_id_0002 ==> 7E00020000660000000002F442D07E
2026-03-30 07:38:18 - msg_id_0002 ==> 7E00020000660000000002F443D17E
2026-03-30 07:38:21 - msg_id_0002 ==> 7E00020000660000000002F444D67E
2026-03-30 07:38:25 - msg_id_0002 ==> 7E00020000660000000002F445D77E
2026-03-30 07:38:28 - msg_id_0002 ==> 7E00020000660000000002F446D47E
2026-03-30 07:38:31 - msg_id_0002 ==> 7E00020000660000000002F447D57E
2026-03-30 07:38:34 - msg_id_0002 ==> 7E00020000660000000002F449DB7E
2026-03-30 07:38:37 - msg_id_0002 ==> 7E00020000660000000002F44AD87E
2026-03-30 07:38:40 - msg_id_0002 ==> 7E00020000660000000002F44BD97E
2026-03-30 07:38:43 - msg_id_0002 ==> 7E00020000660000000002F44CDE7E
2026-03-30 07:38:46 - msg_id_0002 ==> 7E00020000660000000002F44DDF7E
2026-03-30 07:38:49 - msg_id_0002 ==> 7E00020000660000000002F44EDC7E
2026-03-30 07:38:52 - msg_id_0002 ==> 7E00020000660000000002F44FDD7E
2026-03-30 07:38:56 - msg_id_0002 ==> 7E00020000660000000002F450C27E
2026-03-30 07:38:59 - msg_id_0002 ==> 7E00020000660000000002F451C37E
2026-03-30 07:39:02 - msg_id_0002 ==> 7E00020000660000000002F452C07E
2026-03-30 07:39:05 - msg_id_0002 ==> 7E00020000660000000002F454C67E
2026-03-30 07:39:08 - msg_id_0002 ==> 7E00020000660000000002F455C77E
2026-03-30 07:39:11 - msg_id_0002 ==> 7E00020000660000000002F456C47E
2026-03-30 07:39:14 - msg_id_0002 ==> 7E00020000660000000002F457C57E
2026-03-30 07:39:17 - msg_id_0002 ==> 7E00020000660000000002F458CA7E
2026-03-30 07:39:20 - msg_id_0002 ==> 7E00020000660000000002F459CB7E
2026-03-30 07:39:23 - msg_id_0002 ==> 7E00020000660000000002F45AC87E
2026-03-30 07:39:27 - msg_id_0002 ==> 7E00020000660000000002F45BC97E
2026-03-30 07:39:30 - msg_id_0002 ==> 7E00020000660000000002F45CCE7E
2026-03-30 07:39:33 - msg_id_0002 ==> 7E00020000660000000002F45DCF7E
2026-03-30 07:39:36 - msg_id_0002 ==> 7E00020000660000000002F45FCD7E
2026-03-30 07:39:39 - msg_id_0002 ==> 7E00020000660000000002F460F27E
2026-03-30 07:39:42 - msg_id_0002 ==> 7E00020000660000000002F461F37E
2026-03-30 07:39:45 - msg_id_0002 ==> 7E00020000660000000002F462F07E
2026-03-30 07:39:48 - msg_id_0002 ==> 7E00020000660000000002F463F17E
2026-03-30 07:39:51 - msg_id_0002 ==> 7E00020000660000000002F464F67E
2026-03-30 07:39:54 - msg_id_0002 ==> 7E00020000660000000002F465F77E
2026-03-30 07:39:58 - msg_id_0002 ==> 7E00020000660000000002F466F47E
2026-03-30 07:40:01 - msg_id_0002 ==> 7E00020000660000000002F467F57E
2026-03-30 07:40:04 - msg_id_0002 ==> 7E00020000660000000002F468FA7E
2026-03-30 07:40:07 - msg_id_0002 ==> 7E00020000660000000002F46AF87E
2026-03-30 07:40:10 - msg_id_0002 ==> 7E00020000660000000002F46BF97E
2026-03-30 07:40:13 - msg_id_0002 ==> 7E00020000660000000002F46CFE7E
2026-03-30 07:40:16 - msg_id_0002 ==> 7E00020000660000000002F46DFF7E
2026-03-30 07:40:19 - msg_id_0002 ==> 7E00020000660000000002F46EFC7E
2026-03-30 07:40:22 - msg_id_0002 ==> 7E00020000660000000002F46FFD7E
2026-03-30 07:40:25 - msg_id_0002 ==> 7E00020000660000000002F470E27E
2026-03-30 07:40:29 - msg_id_0002 ==> 7E00020000660000000002F471E37E
2026-03-30 07:40:32 - msg_id_0002 ==> 7E00020000660000000002F472E07E
2026-03-30 07:40:35 - msg_id_0002 ==> 7E00020000660000000002F473E17E
2026-03-30 07:40:38 - msg_id_0002 ==> 7E00020000660000000002F475E77E
2026-03-30 07:40:41 - msg_id_0002 ==> 7E00020000660000000002F476E47E
2026-03-30 07:40:44 - msg_id_0002 ==> 7E00020000660000000002F477E57E
2026-03-30 07:40:47 - msg_id_0002 ==> 7E00020000660000000002F478EA7E
2026-03-30 07:40:50 - msg_id_0002 ==> 7E00020000660000000002F479EB7E
2026-03-30 07:40:53 - msg_id_0002 ==> 7E00020000660000000002F47AE87E
2026-03-30 07:40:56 - msg_id_0002 ==> 7E00020000660000000002F47BE97E
2026-03-30 07:41:00 - msg_id_0002 ==> 7E00020000660000000002F47CEE7E
2026-03-30 07:41:03 - msg_id_0002 ==> 7E00020000660000000002F47D01EF7E
2026-03-30 07:41:06 - msg_id_0002 ==> 7E00020000660000000002F47D02EC7E
2026-03-30 07:41:13 - msg_id_0002 ==> 7E00020000660000000002F483117E
2026-03-30 07:41:16 - msg_id_0002 ==> 7E00020000660000000002F484167E
2026-03-30 07:41:20 - msg_id_0002 ==> 7E00020000660000000002F485177E
2026-03-30 07:41:23 - msg_id_0002 ==> 7E00020000660000000002F486147E
2026-03-30 07:41:26 - msg_id_0002 ==> 7E00020000660000000002F487157E
2026-03-30 07:41:29 - msg_id_0002 ==> 7E00020000660000000002F4881A7E
2026-03-30 07:41:32 - msg_id_0002 ==> 7E00020000660000000002F4891B7E
2026-03-30 07:41:35 - msg_id_0002 ==> 7E00020000660000000002F48A187E
2026-03-30 07:41:38 - msg_id_0002 ==> 7E00020000660000000002F48B197E
2026-03-30 07:41:41 - msg_id_0002 ==> 7E00020000660000000002F48C1E7E
2026-03-30 07:41:44 - msg_id_0002 ==> 7E00020000660000000002F48E1C7E
2026-03-30 07:41:47 - msg_id_0002 ==> 7E00020000660000000002F48F1D7E
2026-03-30 07:41:51 - msg_id_0002 ==> 7E00020000660000000002F490027E
2026-03-30 07:41:54 - msg_id_0002 ==> 7E00020000660000000002F491037E
2026-03-30 07:41:57 - msg_id_0002 ==> 7E00020000660000000002F492007E
2026-03-30 07:42:00 - msg_id_0002 ==> 7E00020000660000000002F493017E
2026-03-30 07:42:03 - msg_id_0002 ==> 7E00020000660000000002F494067E
2026-03-30 07:42:06 - msg_id_0002 ==> 7E00020000660000000002F495077E
2026-03-30 07:42:09 - msg_id_0002 ==> 7E00020000660000000002F496047E
2026-03-30 07:42:12 - msg_id_0002 ==> 7E00020000660000000002F497057E
2026-03-30 07:42:15 - msg_id_0002 ==> 7E00020000660000000002F4990B7E
2026-03-30 07:42:18 - msg_id_0002 ==> 7E00020000660000000002F49A087E
2026-03-30 07:42:22 - msg_id_0002 ==> 7E00020000660000000002F49B097E
2026-03-30 07:42:25 - msg_id_0002 ==> 7E00020000660000000002F49C0E7E
2026-03-30 07:42:28 - msg_id_0002 ==> 7E00020000660000000002F49D0F7E
2026-03-30 07:42:31 - msg_id_0002 ==> 7E00020000660000000002F49E0C7E
2026-03-30 07:42:34 - msg_id_0002 ==> 7E00020000660000000002F49F0D7E
2026-03-30 07:42:37 - msg_id_0002 ==> 7E00020000660000000002F4A0327E
2026-03-30 07:42:40 - msg_id_0002 ==> 7E00020000660000000002F4A1337E
2026-03-30 07:42:43 - msg_id_0002 ==> 7E00020000660000000002F4A2307E
2026-03-30 07:42:46 - msg_id_0002 ==> 7E00020000660000000002F4A4367E
2026-03-30 07:42:49 - msg_id_0002 ==> 7E00020000660000000002F4A5377E
2026-03-30 07:42:53 - msg_id_0002 ==> 7E00020000660000000002F4A6347E
2026-03-30 07:42:56 - msg_id_0002 ==> 7E00020000660000000002F4A7357E
2026-03-30 07:42:59 - msg_id_0002 ==> 7E00020000660000000002F4A83A7E
2026-03-30 07:43:02 - msg_id_0002 ==> 7E00020000660000000002F4A93B7E
2026-03-30 07:43:05 - msg_id_0002 ==> 7E00020000660000000002F4AA387E
2026-03-30 07:43:08 - msg_id_0002 ==> 7E00020000660000000002F4AB397E
2026-03-30 07:43:11 - msg_id_0002 ==> 7E00020000660000000002F4AC3E7E
2026-03-30 07:43:14 - msg_id_0002 ==> 7E00020000660000000002F4AD3F7E
2026-03-30 07:43:17 - msg_id_0002 ==> 7E00020000660000000002F4AF3D7E
2026-03-30 07:43:20 - msg_id_0002 ==> 7E00020000660000000002F4B0227E
2026-03-30 07:43:24 - msg_id_0002 ==> 7E00020000660000000002F4B1237E
2026-03-30 07:43:27 - msg_id_0002 ==> 7E00020000660000000002F4B2207E
2026-03-30 07:43:30 - msg_id_0002 ==> 7E00020000660000000002F4B3217E
2026-03-30 07:43:33 - msg_id_0002 ==> 7E00020000660000000002F4B4267E
2026-03-30 07:43:36 - msg_id_0002 ==> 7E00020000660000000002F4B5277E
2026-03-30 07:43:39 - msg_id_0002 ==> 7E00020000660000000002F4B6247E
2026-03-30 07:43:42 - msg_id_0002 ==> 7E00020000660000000002F4B7257E
2026-03-30 07:43:45 - msg_id_0002 ==> 7E00020000660000000002F4B82A7E
2026-03-30 07:43:48 - msg_id_0002 ==> 7E00020000660000000002F4BA287E
2026-03-30 07:43:51 - msg_id_0002 ==> 7E00020000660000000002F4BB297E
2026-03-30 07:43:55 - msg_id_0002 ==> 7E00020000660000000002F4BC2E7E
2026-03-30 07:43:58 - msg_id_0002 ==> 7E00020000660000000002F4BD2F7E
2026-03-30 07:44:01 - msg_id_0002 ==> 7E00020000660000000002F4BE2C7E
2026-03-30 07:44:04 - msg_id_0002 ==> 7E00020000660000000002F4BF2D7E
2026-03-30 07:44:07 - msg_id_0002 ==> 7E00020000660000000002F4C0527E
2026-03-30 07:44:10 - msg_id_0002 ==> 7E00020000660000000002F4C1537E
2026-03-30 07:44:13 - msg_id_0002 ==> 7E00020000660000000002F4C2507E
2026-03-30 07:44:16 - msg_id_0002 ==> 7E00020000660000000002F4C3517E
2026-03-30 07:44:19 - msg_id_0002 ==> 7E00020000660000000002F4C5577E
2026-03-30 07:44:22 - msg_id_0002 ==> 7E00020000660000000002F4C6547E
2026-03-30 07:44:26 - msg_id_0002 ==> 7E00020000660000000002F4C7557E
2026-03-30 07:44:29 - msg_id_0002 ==> 7E00020000660000000002F4C85A7E
2026-03-30 07:44:32 - msg_id_0002 ==> 7E00020000660000000002F4C95B7E
2026-03-30 07:44:35 - msg_id_0002 ==> 7E00020000660000000002F4CA587E
2026-03-30 07:44:38 - msg_id_0002 ==> 7E00020000660000000002F4CB597E
2026-03-30 07:44:41 - msg_id_0002 ==> 7E00020000660000000002F4CC5E7E
2026-03-30 07:44:44 - msg_id_0002 ==> 7E00020000660000000002F4CD5F7E
2026-03-30 07:44:47 - msg_id_0002 ==> 7E00020000660000000002F4CE5C7E
2026-03-30 07:44:50 - msg_id_0002 ==> 7E00020000660000000002F4D0427E
2026-03-30 07:44:53 - msg_id_0002 ==> 7E00020000660000000002F4D1437E
2026-03-30 07:44:57 - msg_id_0002 ==> 7E00020000660000000002F4D2407E
2026-03-30 07:45:00 - msg_id_0002 ==> 7E00020000660000000002F4D3417E
2026-03-30 07:45:03 - msg_id_0002 ==> 7E00020000660000000002F4D4467E
2026-03-30 07:45:06 - msg_id_0002 ==> 7E00020000660000000002F4D5477E
2026-03-30 07:45:09 - msg_id_0002 ==> 7E00020000660000000002F4D6447E
2026-03-30 07:45:12 - msg_id_0002 ==> 7E00020000660000000002F4D7457E
2026-03-30 07:45:15 - msg_id_0002 ==> 7E00020000660000000002F4D84A7E
2026-03-30 07:45:18 - msg_id_0002 ==> 7E00020000660000000002F4D94B7E
2026-03-30 07:45:21 - msg_id_0002 ==> 7E00020000660000000002F4DB497E
2026-03-30 07:45:24 - msg_id_0002 ==> 7E00020000660000000002F4DC4E7E
2026-03-30 07:45:28 - msg_id_0002 ==> 7E00020000660000000002F4DD4F7E
2026-03-30 07:45:31 - msg_id_0002 ==> 7E00020000660000000002F4DE4C7E
2026-03-30 07:45:34 - msg_id_0002 ==> 7E00020000660000000002F4DF4D7E
2026-03-30 07:45:37 - msg_id_0002 ==> 7E00020000660000000002F4E0727E
2026-03-30 07:45:40 - msg_id_0002 ==> 7E00020000660000000002F4E1737E
2026-03-30 07:45:43 - msg_id_0002 ==> 7E00020000660000000002F4E2707E
2026-03-30 07:45:46 - msg_id_0002 ==> 7E00020000660000000002F4E3717E
2026-03-30 07:45:49 - msg_id_0002 ==> 7E00020000660000000002F4E4767E
2026-03-30 07:45:52 - msg_id_0002 ==> 7E00020000660000000002F4E6747E
2026-03-30 07:45:55 - msg_id_0002 ==> 7E00020000660000000002F4E7757E
2026-03-30 07:45:59 - msg_id_0002 ==> 7E00020000660000000002F4E87A7E
2026-03-30 07:46:02 - msg_id_0002 ==> 7E00020000660000000002F4E97B7E
2026-03-30 07:46:05 - msg_id_0002 ==> 7E00020000660000000002F4EA787E
2026-03-30 07:46:08 - msg_id_0002 ==> 7E00020000660000000002F4EB797E
2026-03-30 07:46:11 - msg_id_0002 ==> 7E00020000660000000002F4EC7D027E
2026-03-30 07:46:14 - msg_id_0002 ==> 7E00020000660000000002F4ED7F7E
2026-03-30 07:46:17 - msg_id_0002 ==> 7E00020000660000000002F4EE7C7E
2026-03-30 07:46:20 - msg_id_0002 ==> 7E00020000660000000002F4EF7D017E
2026-03-30 07:46:23 - msg_id_0002 ==> 7E00020000660000000002F4F1637E
2026-03-30 07:46:26 - msg_id_0002 ==> 7E00020000660000000002F4F2607E
2026-03-30 07:46:30 - msg_id_0002 ==> 7E00020000660000000002F4F3617E
2026-03-30 07:46:33 - msg_id_0002 ==> 7E00020000660000000002F4F4667E
2026-03-30 07:46:36 - msg_id_0002 ==> 7E00020000660000000002F4F5677E
2026-03-30 07:46:39 - msg_id_0002 ==> 7E00020000660000000002F4F6647E
2026-03-30 07:46:42 - msg_id_0002 ==> 7E00020000660000000002F4F7657E
2026-03-30 07:46:45 - msg_id_0002 ==> 7E00020000660000000002F4F86A7E
2026-03-30 07:46:48 - msg_id_0002 ==> 7E00020000660000000002F4F96B7E
2026-03-30 07:46:51 - msg_id_0002 ==> 7E00020000660000000002F4FA687E
2026-03-30 07:46:54 - msg_id_0002 ==> 7E00020000660000000002F4FC6E7E
2026-03-30 07:46:57 - msg_id_0002 ==> 7E00020000660000000002F4FD6F7E
2026-03-30 07:47:01 - msg_id_0002 ==> 7E00020000660000000002F4FE6C7E
2026-03-30 07:47:04 - msg_id_0002 ==> 7E00020000660000000002F4FF6D7E
2026-03-30 07:47:07 - msg_id_0002 ==> 7E00020000660000000002F500937E
2026-03-30 07:47:10 - msg_id_0002 ==> 7E00020000660000000002F501927E
2026-03-30 07:47:13 - msg_id_0002 ==> 7E00020000660000000002F502917E
2026-03-30 07:47:16 - msg_id_0002 ==> 7E00020000660000000002F503907E
2026-03-30 07:47:19 - msg_id_0002 ==> 7E00020000660000000002F504977E
2026-03-30 07:47:22 - msg_id_0002 ==> 7E00020000660000000002F505967E
2026-03-30 07:47:25 - msg_id_0002 ==> 7E00020000660000000002F507947E
2026-03-30 07:47:28 - msg_id_0002 ==> 7E00020000660000000002F5089B7E
2026-03-30 07:47:32 - msg_id_0002 ==> 7E00020000660000000002F5099A7E
2026-03-30 07:47:35 - msg_id_0002 ==> 7E00020000660000000002F50A997E
2026-03-30 07:47:38 - msg_id_0002 ==> 7E00020000660000000002F50B987E
2026-03-30 07:47:41 - msg_id_0002 ==> 7E00020000660000000002F50C9F7E
2026-03-30 07:47:44 - msg_id_0002 ==> 7E00020000660000000002F50D9E7E
2026-03-30 07:47:47 - msg_id_0002 ==> 7E00020000660000000002F50E9D7E
2026-03-30 07:47:50 - msg_id_0002 ==> 7E00020000660000000002F50F9C7E
2026-03-30 07:47:53 - msg_id_0002 ==> 7E00020000660000000002F510837E
2026-03-30 07:47:56 - msg_id_0002 ==> 7E00020000660000000002F512817E
2026-03-30 07:47:59 - msg_id_0002 ==> 7E00020000660000000002F513807E
2026-03-30 07:48:03 - msg_id_0002 ==> 7E00020000660000000002F514877E
2026-03-30 07:48:06 - msg_id_0002 ==> 7E00020000660000000002F515867E
2026-03-30 07:48:09 - msg_id_0002 ==> 7E00020000660000000002F516857E
2026-03-30 07:48:12 - msg_id_0002 ==> 7E00020000660000000002F517847E
2026-03-30 07:48:15 - msg_id_0002 ==> 7E00020000660000000002F5188B7E
2026-03-30 07:48:18 - msg_id_0002 ==> 7E00020000660000000002F5198A7E
2026-03-30 07:48:21 - msg_id_0002 ==> 7E00020000660000000002F51A897E
2026-03-30 07:48:24 - msg_id_0002 ==> 7E00020000660000000002F51B887E
2026-03-30 07:48:27 - msg_id_0002 ==> 7E00020000660000000002F51D8E7E
2026-03-30 07:48:30 - msg_id_0002 ==> 7E00020000660000000002F51E8D7E
2026-03-30 07:48:34 - msg_id_0002 ==> 7E00020000660000000002F51F8C7E
2026-03-30 07:48:37 - msg_id_0002 ==> 7E00020000660000000002F520B37E
2026-03-30 07:48:40 - msg_id_0002 ==> 7E00020000660000000002F521B27E
2026-03-30 07:48:43 - msg_id_0002 ==> 7E00020000660000000002F522B17E
2026-03-30 07:48:46 - msg_id_0002 ==> 7E00020000660000000002F523B07E
2026-03-30 07:48:49 - msg_id_0002 ==> 7E00020000660000000002F524B77E
2026-03-30 07:48:52 - msg_id_0002 ==> 7E00020000660000000002F525B67E
2026-03-30 07:48:55 - msg_id_0002 ==> 7E00020000660000000002F526B57E
2026-03-30 07:48:58 - msg_id_0002 ==> 7E00020000660000000002F528BB7E
2026-03-30 07:49:01 - msg_id_0002 ==> 7E00020000660000000002F529BA7E
2026-03-30 07:49:05 - msg_id_0002 ==> 7E00020000660000000002F52AB97E
2026-03-30 07:49:08 - msg_id_0002 ==> 7E00020000660000000002F52BB87E
2026-03-30 07:49:11 - msg_id_0002 ==> 7E00020000660000000002F52CBF7E
2026-03-30 07:49:14 - msg_id_0002 ==> 7E00020000660000000002F52DBE7E
2026-03-30 07:49:17 - msg_id_0002 ==> 7E00020000660000000002F52EBD7E
2026-03-30 07:49:20 - msg_id_0002 ==> 7E00020000660000000002F52FBC7E
2026-03-30 07:49:23 - msg_id_0002 ==> 7E00020000660000000002F530A37E
2026-03-30 07:49:26 - msg_id_0002 ==> 7E00020000660000000002F531A27E
2026-03-30 07:49:29 - msg_id_0002 ==> 7E00020000660000000002F533A07E
2026-03-30 07:49:33 - msg_id_0002 ==> 7E00020000660000000002F534A77E
2026-03-30 07:49:36 - msg_id_0002 ==> 7E00020000660000000002F535A67E
2026-03-30 07:49:39 - msg_id_0002 ==> 7E00020000660000000002F536A57E
2026-03-30 07:49:42 - msg_id_0002 ==> 7E00020000660000000002F537A47E
2026-03-30 07:49:45 - msg_id_0002 ==> 7E00020000660000000002F538AB7E
2026-03-30 07:49:48 - msg_id_0002 ==> 7E00020000660000000002F539AA7E
2026-03-30 07:49:51 - msg_id_0002 ==> 7E00020000660000000002F53AA97E
2026-03-30 07:49:54 - msg_id_0002 ==> 7E00020000660000000002F53BA87E
2026-03-30 07:49:57 - msg_id_0002 ==> 7E00020000660000000002F53CAF7E
2026-03-30 07:50:00 - msg_id_0002 ==> 7E00020000660000000002F53EAD7E
2026-03-30 07:50:04 - msg_id_0002 ==> 7E00020000660000000002F53FAC7E
2026-03-30 07:50:07 - msg_id_0002 ==> 7E00020000660000000002F540D37E
2026-03-30 07:50:10 - msg_id_0002 ==> 7E00020000660000000002F541D27E
2026-03-30 07:50:13 - msg_id_0002 ==> 7E00020000660000000002F542D17E
2026-03-30 07:50:16 - msg_id_0002 ==> 7E00020000660000000002F543D07E
2026-03-30 07:50:19 - msg_id_0002 ==> 7E00020000660000000002F544D77E
2026-03-30 07:50:22 - msg_id_0002 ==> 7E00020000660000000002F545D67E
2026-03-30 07:50:25 - msg_id_0002 ==> 7E00020000660000000002F546D57E
2026-03-30 07:50:28 - msg_id_0002 ==> 7E00020000660000000002F547D47E
2026-03-30 07:50:31 - msg_id_0002 ==> 7E00020000660000000002F549DA7E
2026-03-30 07:50:35 - msg_id_0002 ==> 7E00020000660000000002F54AD97E
2026-03-30 07:50:38 - msg_id_0002 ==> 7E00020000660000000002F54BD87E
2026-03-30 07:50:41 - msg_id_0002 ==> 7E00020000660000000002F54CDF7E
2026-03-30 07:50:44 - msg_id_0002 ==> 7E00020000660000000002F54DDE7E
2026-03-30 07:50:47 - msg_id_0002 ==> 7E00020000660000000002F54EDD7E
2026-03-30 07:50:50 - msg_id_0002 ==> 7E00020000660000000002F54FDC7E
2026-03-30 07:50:53 - msg_id_0002 ==> 7E00020000660000000002F550C37E
2026-03-30 07:50:56 - msg_id_0002 ==> 7E00020000660000000002F551C27E
2026-03-30 07:50:59 - msg_id_0002 ==> 7E00020000660000000002F552C17E
2026-03-30 07:51:02 - msg_id_0002 ==> 7E00020000660000000002F554C77E
2026-03-30 07:51:06 - msg_id_0002 ==> 7E00020000660000000002F555C67E
2026-03-30 07:51:09 - msg_id_0002 ==> 7E00020000660000000002F556C57E
2026-03-30 07:51:12 - msg_id_0002 ==> 7E00020000660000000002F557C47E
2026-03-30 07:51:15 - msg_id_0002 ==> 7E00020000660000000002F558CB7E
2026-03-30 07:51:18 - msg_id_0002 ==> 7E00020000660000000002F559CA7E
2026-03-30 07:51:21 - msg_id_0002 ==> 7E00020000660000000002F55AC97E
2026-03-30 07:51:24 - msg_id_0002 ==> 7E00020000660000000002F55BC87E
2026-03-30 07:51:27 - msg_id_0002 ==> 7E00020000660000000002F55CCF7E
2026-03-30 07:51:30 - msg_id_0002 ==> 7E00020000660000000002F55DCE7E
2026-03-30 07:51:33 - msg_id_0002 ==> 7E00020000660000000002F55FCC7E
2026-03-30 07:51:37 - msg_id_0002 ==> 7E00020000660000000002F560F37E
2026-03-30 07:51:40 - msg_id_0002 ==> 7E00020000660000000002F561F27E
2026-03-30 07:51:43 - msg_id_0002 ==> 7E00020000660000000002F562F17E
2026-03-30 07:51:46 - msg_id_0002 ==> 7E00020000660000000002F563F07E
2026-03-30 07:51:49 - msg_id_0002 ==> 7E00020000660000000002F564F77E
2026-03-30 07:51:52 - msg_id_0002 ==> 7E00020000660000000002F565F67E
2026-03-30 07:51:55 - msg_id_0002 ==> 7E00020000660000000002F566F57E
2026-03-30 07:51:58 - msg_id_0002 ==> 7E00020000660000000002F567F47E
2026-03-30 07:52:01 - msg_id_0002 ==> 7E00020000660000000002F568FB7E
2026-03-30 07:52:04 - msg_id_0002 ==> 7E00020000660000000002F56AF97E
2026-03-30 07:52:08 - msg_id_0002 ==> 7E00020000660000000002F56BF87E
2026-03-30 07:52:11 - msg_id_0002 ==> 7E00020000660000000002F56CFF7E
2026-03-30 07:52:14 - msg_id_0002 ==> 7E00020000660000000002F56DFE7E
2026-03-30 07:52:17 - msg_id_0002 ==> 7E00020000660000000002F56EFD7E
2026-03-30 07:52:20 - msg_id_0002 ==> 7E00020000660000000002F56FFC7E
2026-03-30 07:52:23 - msg_id_0002 ==> 7E00020000660000000002F570E37E
2026-03-30 07:52:26 - msg_id_0002 ==> 7E00020000660000000002F571E27E
2026-03-30 07:52:29 - msg_id_0002 ==> 7E00020000660000000002F572E17E
2026-03-30 07:52:32 - msg_id_0002 ==> 7E00020000660000000002F573E07E
2026-03-30 07:52:35 - msg_id_0002 ==> 7E00020000660000000002F575E67E
2026-03-30 07:52:39 - msg_id_0002 ==> 7E00020000660000000002F576E57E
2026-03-30 07:52:42 - msg_id_0002 ==> 7E00020000660000000002F577E47E
2026-03-30 07:52:45 - msg_id_0002 ==> 7E00020000660000000002F578EB7E
2026-03-30 07:52:48 - msg_id_0002 ==> 7E00020000660000000002F579EA7E
2026-03-30 07:52:51 - msg_id_0002 ==> 7E00020000660000000002F57AE97E
2026-03-30 07:52:54 - msg_id_0002 ==> 7E00020000660000000002F57BE87E
2026-03-30 07:52:57 - msg_id_0002 ==> 7E00020000660000000002F57CEF7E
2026-03-30 07:53:00 - msg_id_0002 ==> 7E00020000660000000002F57D01EE7E
2026-03-30 07:53:03 - msg_id_0002 ==> 7E00020000660000000002F57D02ED7E
2026-03-30 07:53:11 - msg_id_0002 ==> 7E00020000660000000002F583107E
2026-03-30 07:53:14 - msg_id_0002 ==> 7E00020000660000000002F584177E
2026-03-30 07:53:17 - msg_id_0002 ==> 7E00020000660000000002F585167E
2026-03-30 07:53:20 - msg_id_0002 ==> 7E00020000660000000002F586157E
2026-03-30 07:53:23 - msg_id_0002 ==> 7E00020000660000000002F587147E
2026-03-30 07:53:26 - msg_id_0002 ==> 7E00020000660000000002F5881B7E
2026-03-30 07:53:29 - msg_id_0002 ==> 7E00020000660000000002F5891A7E
2026-03-30 07:53:33 - msg_id_0002 ==> 7E00020000660000000002F58A197E
2026-03-30 07:53:36 - msg_id_0002 ==> 7E00020000660000000002F58B187E
2026-03-30 07:53:39 - msg_id_0002 ==> 7E00020000660000000002F58C1F7E
2026-03-30 07:53:42 - msg_id_0002 ==> 7E00020000660000000002F58E1D7E
2026-03-30 07:53:45 - msg_id_0002 ==> 7E00020000660000000002F58F1C7E
2026-03-30 07:53:48 - msg_id_0002 ==> 7E00020000660000000002F590037E
2026-03-30 07:53:51 - msg_id_0002 ==> 7E00020000660000000002F591027E
2026-03-30 07:53:54 - msg_id_0002 ==> 7E00020000660000000002F592017E
2026-03-30 07:53:57 - msg_id_0002 ==> 7E00020000660000000002F593007E
2026-03-30 07:54:01 - msg_id_0002 ==> 7E00020000660000000002F594077E
2026-03-30 07:54:04 - msg_id_0002 ==> 7E00020000660000000002F595067E
2026-03-30 07:54:07 - msg_id_0002 ==> 7E00020000660000000002F596057E
2026-03-30 07:54:10 - msg_id_0002 ==> 7E00020000660000000002F597047E
2026-03-30 07:54:13 - msg_id_0002 ==> 7E00020000660000000002F5990A7E
2026-03-30 07:54:16 - msg_id_0002 ==> 7E00020000660000000002F59A097E
2026-03-30 07:54:19 - msg_id_0002 ==> 7E00020000660000000002F59B087E
2026-03-30 07:54:22 - msg_id_0002 ==> 7E00020000660000000002F59C0F7E
2026-03-30 07:54:25 - msg_id_0002 ==> 7E00020000660000000002F59D0E7E
2026-03-30 07:54:28 - msg_id_0002 ==> 7E00020000660000000002F59E0D7E
2026-03-30 07:54:32 - msg_id_0002 ==> 7E00020000660000000002F59F0C7E
2026-03-30 07:54:35 - msg_id_0002 ==> 7E00020000660000000002F5A0337E
2026-03-30 07:54:38 - msg_id_0002 ==> 7E00020000660000000002F5A1327E
2026-03-30 07:54:41 - msg_id_0002 ==> 7E00020000660000000002F5A2317E
2026-03-30 07:54:44 - msg_id_0002 ==> 7E00020000660000000002F5A4377E
2026-03-30 07:54:47 - msg_id_0002 ==> 7E00020000660000000002F5A5367E
2026-03-30 07:54:50 - msg_id_0002 ==> 7E00020000660000000002F5A6357E
2026-03-30 07:54:53 - msg_id_0002 ==> 7E00020000660000000002F5A7347E
2026-03-30 07:54:56 - msg_id_0002 ==> 7E00020000660000000002F5A83B7E
2026-03-30 07:54:59 - msg_id_0002 ==> 7E00020000660000000002F5A93A7E
2026-03-30 07:55:03 - msg_id_0002 ==> 7E00020000660000000002F5AA397E
2026-03-30 07:55:06 - msg_id_0002 ==> 7E00020000660000000002F5AB387E
2026-03-30 07:55:09 - msg_id_0002 ==> 7E00020000660000000002F5AC3F7E
2026-03-30 07:55:12 - msg_id_0002 ==> 7E00020000660000000002F5AD3E7E
2026-03-30 07:55:15 - msg_id_0002 ==> 7E00020000660000000002F5AF3C7E
2026-03-30 07:55:18 - msg_id_0002 ==> 7E00020000660000000002F5B0237E
2026-03-30 07:55:21 - msg_id_0002 ==> 7E00020000660000000002F5B1227E
2026-03-30 07:55:24 - msg_id_0002 ==> 7E00020000660000000002F5B2217E
2026-03-30 07:55:27 - msg_id_0002 ==> 7E00020000660000000002F5B3207E
2026-03-30 07:55:30 - msg_id_0002 ==> 7E00020000660000000002F5B4277E
2026-03-30 07:55:34 - msg_id_0002 ==> 7E00020000660000000002F5B5267E
2026-03-30 07:55:37 - msg_id_0002 ==> 7E00020000660000000002F5B6257E
2026-03-30 07:55:40 - msg_id_0002 ==> 7E00020000660000000002F5B7247E
2026-03-30 07:55:43 - msg_id_0002 ==> 7E00020000660000000002F5B82B7E
2026-03-30 07:55:46 - msg_id_0002 ==> 7E00020000660000000002F5BA297E
2026-03-30 07:55:49 - msg_id_0002 ==> 7E00020000660000000002F5BB287E
2026-03-30 07:55:52 - msg_id_0002 ==> 7E00020000660000000002F5BC2F7E
2026-03-30 07:55:55 - msg_id_0002 ==> 7E00020000660000000002F5BD2E7E
2026-03-30 07:55:58 - msg_id_0002 ==> 7E00020000660000000002F5BE2D7E
2026-03-30 07:56:01 - msg_id_0002 ==> 7E00020000660000000002F5BF2C7E
2026-03-30 07:56:05 - msg_id_0002 ==> 7E00020000660000000002F5C0537E
2026-03-30 07:56:08 - msg_id_0002 ==> 7E00020000660000000002F5C1527E
2026-03-30 07:56:11 - msg_id_0002 ==> 7E00020000660000000002F5C2517E
2026-03-30 07:56:14 - msg_id_0002 ==> 7E00020000660000000002F5C3507E
2026-03-30 07:56:17 - msg_id_0002 ==> 7E00020000660000000002F5C5567E
2026-03-30 07:56:20 - msg_id_0002 ==> 7E00020000660000000002F5C6557E
2026-03-30 07:56:23 - msg_id_0002 ==> 7E00020000660000000002F5C7547E
2026-03-30 07:56:26 - msg_id_0002 ==> 7E00020000660000000002F5C85B7E
2026-03-30 07:56:29 - msg_id_0002 ==> 7E00020000660000000002F5C95A7E
2026-03-30 07:56:32 - msg_id_0002 ==> 7E00020000660000000002F5CA597E
2026-03-30 07:56:36 - msg_id_0002 ==> 7E00020000660000000002F5CB587E
2026-03-30 07:56:39 - msg_id_0002 ==> 7E00020000660000000002F5CC5F7E
2026-03-30 07:56:42 - msg_id_0002 ==> 7E00020000660000000002F5CD5E7E
2026-03-30 07:56:45 - msg_id_0002 ==> 7E00020000660000000002F5CE5D7E
2026-03-30 07:56:48 - msg_id_0002 ==> 7E00020000660000000002F5D0437E
2026-03-30 07:56:51 - msg_id_0002 ==> 7E00020000660000000002F5D1427E
2026-03-30 07:56:54 - msg_id_0002 ==> 7E00020000660000000002F5D2417E
2026-03-30 07:56:57 - msg_id_0002 ==> 7E00020000660000000002F5D3407E
2026-03-30 07:57:00 - msg_id_0002 ==> 7E00020000660000000002F5D4477E
2026-03-30 07:57:03 - msg_id_0002 ==> 7E00020000660000000002F5D5467E
2026-03-30 07:57:07 - msg_id_0002 ==> 7E00020000660000000002F5D6457E
2026-03-30 07:57:10 - msg_id_0002 ==> 7E00020000660000000002F5D7447E
2026-03-30 07:57:13 - msg_id_0002 ==> 7E00020000660000000002F5D84B7E
2026-03-30 07:57:16 - msg_id_0002 ==> 7E00020000660000000002F5D94A7E
2026-03-30 07:57:19 - msg_id_0002 ==> 7E00020000660000000002F5DB487E
2026-03-30 07:57:22 - msg_id_0002 ==> 7E00020000660000000002F5DC4F7E
2026-03-30 07:57:25 - msg_id_0002 ==> 7E00020000660000000002F5DD4E7E
2026-03-30 07:57:28 - msg_id_0002 ==> 7E00020000660000000002F5DE4D7E
2026-03-30 07:57:31 - msg_id_0002 ==> 7E00020000660000000002F5DF4C7E
2026-03-30 07:57:35 - msg_id_0002 ==> 7E00020000660000000002F5E0737E
2026-03-30 07:57:38 - msg_id_0002 ==> 7E00020000660000000002F5E1727E
2026-03-30 07:57:41 - msg_id_0002 ==> 7E00020000660000000002F5E2717E
2026-03-30 07:57:44 - msg_id_0002 ==> 7E00020000660000000002F5E3707E
2026-03-30 07:57:47 - msg_id_0002 ==> 7E00020000660000000002F5E4777E
2026-03-30 07:57:50 - msg_id_0002 ==> 7E00020000660000000002F5E6757E
2026-03-30 07:57:53 - msg_id_0002 ==> 7E00020000660000000002F5E7747E
2026-03-30 07:57:56 - msg_id_0002 ==> 7E00020000660000000002F5E87B7E
2026-03-30 07:57:59 - msg_id_0002 ==> 7E00020000660000000002F5E97A7E
2026-03-30 07:58:02 - msg_id_0002 ==> 7E00020000660000000002F5EA797E
2026-03-30 07:58:06 - msg_id_0002 ==> 7E00020000660000000002F5EB787E
2026-03-30 07:58:09 - msg_id_0002 ==> 7E00020000660000000002F5EC7F7E
2026-03-30 07:58:12 - msg_id_0002 ==> 7E00020000660000000002F5ED7D027E
2026-03-30 07:58:15 - msg_id_0002 ==> 7E00020000660000000002F5EE7D017E
2026-03-30 07:58:18 - msg_id_0002 ==> 7E00020000660000000002F5EF7C7E
2026-03-30 07:58:21 - msg_id_0002 ==> 7E00020000660000000002F5F1627E
2026-03-30 07:58:24 - msg_id_0002 ==> 7E00020000660000000002F5F2617E
2026-03-30 07:58:27 - msg_id_0002 ==> 7E00020000660000000002F5F3607E
2026-03-30 07:58:30 - msg_id_0002 ==> 7E00020000660000000002F5F4677E
2026-03-30 07:58:33 - msg_id_0002 ==> 7E00020000660000000002F5F5667E
2026-03-30 07:58:37 - msg_id_0002 ==> 7E00020000660000000002F5F6657E
2026-03-30 07:58:40 - msg_id_0002 ==> 7E00020000660000000002F5F7647E
2026-03-30 07:58:43 - msg_id_0002 ==> 7E00020000660000000002F5F86B7E
2026-03-30 07:58:46 - msg_id_0002 ==> 7E00020000660000000002F5F96A7E
2026-03-30 07:58:49 - msg_id_0002 ==> 7E00020000660000000002F5FA697E
2026-03-30 07:58:52 - msg_id_0002 ==> 7E00020000660000000002F5FC6F7E
2026-03-30 07:58:55 - msg_id_0002 ==> 7E00020000660000000002F5FD6E7E
2026-03-30 07:58:58 - msg_id_0002 ==> 7E00020000660000000002F5FE6D7E
2026-03-30 07:59:01 - msg_id_0002 ==> 7E00020000660000000002F5FF6C7E
2026-03-30 07:59:04 - msg_id_0002 ==> 7E00020000660000000002F600907E
2026-03-30 07:59:08 - msg_id_0002 ==> 7E00020000660000000002F601917E
2026-03-30 07:59:11 - msg_id_0002 ==> 7E00020000660000000002F602927E
2026-03-30 07:59:14 - msg_id_0002 ==> 7E00020000660000000002F603937E
2026-03-30 07:59:17 - msg_id_0002 ==> 7E00020000660000000002F604947E
2026-03-30 07:59:20 - msg_id_0002 ==> 7E00020000660000000002F605957E
2026-03-30 07:59:23 - msg_id_0002 ==> 7E00020000660000000002F607977E
2026-03-30 07:59:26 - msg_id_0002 ==> 7E00020000660000000002F608987E
2026-03-30 07:59:29 - msg_id_0002 ==> 7E00020000660000000002F609997E
2026-03-30 07:59:32 - msg_id_0002 ==> 7E00020000660000000002F60A9A7E
2026-03-30 07:59:35 - msg_id_0002 ==> 7E00020000660000000002F60B9B7E
2026-03-30 07:59:39 - msg_id_0002 ==> 7E00020000660000000002F60C9C7E
2026-03-30 07:59:42 - msg_id_0002 ==> 7E00020000660000000002F60D9D7E
2026-03-30 07:59:45 - msg_id_0002 ==> 7E00020000660000000002F60E9E7E
2026-03-30 07:59:48 - msg_id_0002 ==> 7E00020000660000000002F60F9F7E
2026-03-30 07:59:51 - msg_id_0002 ==> 7E00020000660000000002F610807E
2026-03-30 07:59:54 - msg_id_0002 ==> 7E00020000660000000002F612827E
2026-03-30 07:59:57 - msg_id_0002 ==> 7E00020000660000000002F613837E
2026-03-30 08:00:00 - msg_id_0002 ==> 7E00020000660000000002F614847E
2026-03-30 08:00:03 - msg_id_0002 ==> 7E00020000660000000002F615857E
2026-03-30 08:00:06 - msg_id_0002 ==> 7E00020000660000000002F616867E
2026-03-30 08:00:10 - msg_id_0002 ==> 7E00020000660000000002F617877E
2026-03-30 08:00:13 - msg_id_0002 ==> 7E00020000660000000002F618887E
2026-03-30 08:00:16 - msg_id_0002 ==> 7E00020000660000000002F619897E
2026-03-30 08:00:19 - msg_id_0002 ==> 7E00020000660000000002F61A8A7E
2026-03-30 08:00:22 - msg_id_0002 ==> 7E00020000660000000002F61B8B7E
2026-03-30 08:00:25 - msg_id_0002 ==> 7E00020000660000000002F61D8D7E
2026-03-30 08:00:28 - msg_id_0002 ==> 7E00020000660000000002F61E8E7E
2026-03-30 08:00:31 - msg_id_0002 ==> 7E00020000660000000002F61F8F7E
2026-03-30 08:00:34 - msg_id_0002 ==> 7E00020000660000000002F620B07E
2026-03-30 08:00:37 - msg_id_0002 ==> 7E00020000660000000002F621B17E
2026-03-30 08:00:41 - msg_id_0002 ==> 7E00020000660000000002F622B27E
2026-03-30 08:00:44 - msg_id_0002 ==> 7E00020000660000000002F623B37E
2026-03-30 08:00:47 - msg_id_0002 ==> 7E00020000660000000002F624B47E
2026-03-30 08:00:50 - msg_id_0002 ==> 7E00020000660000000002F625B57E
2026-03-30 08:00:53 - msg_id_0002 ==> 7E00020000660000000002F626B67E
2026-03-30 08:00:56 - msg_id_0002 ==> 7E00020000660000000002F628B87E
2026-03-30 08:00:59 - msg_id_0002 ==> 7E00020000660000000002F629B97E
2026-03-30 08:01:02 - msg_id_0002 ==> 7E00020000660000000002F62ABA7E
2026-03-30 08:01:05 - msg_id_0002 ==> 7E00020000660000000002F62BBB7E
2026-03-30 08:01:08 - msg_id_0002 ==> 7E00020000660000000002F62CBC7E
2026-03-30 08:01:12 - msg_id_0002 ==> 7E00020000660000000002F62DBD7E
2026-03-30 08:01:15 - msg_id_0002 ==> 7E00020000660000000002F62EBE7E
2026-03-30 08:01:18 - msg_id_0002 ==> 7E00020000660000000002F62FBF7E
2026-03-30 08:01:21 - msg_id_0002 ==> 7E00020000660000000002F630A07E
2026-03-30 08:01:24 - msg_id_0002 ==> 7E00020000660000000002F631A17E
2026-03-30 08:01:27 - msg_id_0002 ==> 7E00020000660000000002F633A37E
2026-03-30 08:01:30 - msg_id_0002 ==> 7E00020000660000000002F634A47E
2026-03-30 08:01:33 - msg_id_0002 ==> 7E00020000660000000002F635A57E
2026-03-30 08:01:36 - msg_id_0002 ==> 7E00020000660000000002F636A67E
2026-03-30 08:01:39 - msg_id_0002 ==> 7E00020000660000000002F637A77E
2026-03-30 08:01:43 - msg_id_0002 ==> 7E00020000660000000002F638A87E
2026-03-30 08:01:46 - msg_id_0002 ==> 7E00020000660000000002F639A97E
2026-03-30 08:01:49 - msg_id_0002 ==> 7E00020000660000000002F63AAA7E
2026-03-30 08:01:52 - msg_id_0002 ==> 7E00020000660000000002F63BAB7E
2026-03-30 08:01:55 - msg_id_0002 ==> 7E00020000660000000002F63CAC7E
2026-03-30 08:01:58 - msg_id_0002 ==> 7E00020000660000000002F63EAE7E
2026-03-30 08:02:01 - msg_id_0002 ==> 7E00020000660000000002F63FAF7E
2026-03-30 08:02:04 - msg_id_0002 ==> 7E00020000660000000002F640D07E
2026-03-30 08:02:07 - msg_id_0002 ==> 7E00020000660000000002F641D17E
2026-03-30 08:02:10 - msg_id_0002 ==> 7E00020000660000000002F642D27E
2026-03-30 08:02:14 - msg_id_0002 ==> 7E00020000660000000002F643D37E
2026-03-30 08:02:17 - msg_id_0002 ==> 7E00020000660000000002F644D47E
2026-03-30 08:02:20 - msg_id_0002 ==> 7E00020000660000000002F645D57E
2026-03-30 08:02:23 - msg_id_0002 ==> 7E00020000660000000002F646D67E
2026-03-30 08:02:26 - msg_id_0002 ==> 7E00020000660000000002F647D77E
2026-03-30 08:02:29 - msg_id_0002 ==> 7E00020000660000000002F649D97E
2026-03-30 08:02:32 - msg_id_0002 ==> 7E00020000660000000002F64ADA7E
2026-03-30 08:02:35 - msg_id_0002 ==> 7E00020000660000000002F64BDB7E
2026-03-30 08:02:38 - msg_id_0002 ==> 7E00020000660000000002F64CDC7E
2026-03-30 08:02:41 - msg_id_0002 ==> 7E00020000660000000002F64DDD7E
2026-03-30 08:02:45 - msg_id_0002 ==> 7E00020000660000000002F64EDE7E
2026-03-30 08:02:48 - msg_id_0002 ==> 7E00020000660000000002F64FDF7E
2026-03-30 08:02:51 - msg_id_0002 ==> 7E00020000660000000002F650C07E
2026-03-30 08:02:54 - msg_id_0002 ==> 7E00020000660000000002F651C17E
2026-03-30 08:02:57 - msg_id_0002 ==> 7E00020000660000000002F652C27E
2026-03-30 08:03:00 - msg_id_0002 ==> 7E00020000660000000002F654C47E
2026-03-30 08:03:03 - msg_id_0002 ==> 7E00020000660000000002F655C57E
2026-03-30 08:03:06 - msg_id_0002 ==> 7E00020000660000000002F656C67E
2026-03-30 08:03:09 - msg_id_0002 ==> 7E00020000660000000002F657C77E
2026-03-30 08:03:12 - msg_id_0002 ==> 7E00020000660000000002F658C87E
2026-03-30 08:03:16 - msg_id_0002 ==> 7E00020000660000000002F659C97E
2026-03-30 08:03:19 - msg_id_0002 ==> 7E00020000660000000002F65ACA7E
2026-03-30 08:03:22 - msg_id_0002 ==> 7E00020000660000000002F65BCB7E
2026-03-30 08:03:25 - msg_id_0002 ==> 7E00020000660000000002F65CCC7E
2026-03-30 08:03:28 - msg_id_0002 ==> 7E00020000660000000002F65DCD7E
2026-03-30 08:03:31 - msg_id_0002 ==> 7E00020000660000000002F65FCF7E
2026-03-30 08:03:34 - msg_id_0002 ==> 7E00020000660000000002F660F07E
2026-03-30 08:03:37 - msg_id_0002 ==> 7E00020000660000000002F661F17E
2026-03-30 08:03:40 - msg_id_0002 ==> 7E00020000660000000002F662F27E
2026-03-30 08:03:43 - msg_id_0002 ==> 7E00020000660000000002F663F37E
2026-03-30 08:03:47 - msg_id_0002 ==> 7E00020000660000000002F664F47E
2026-03-30 08:03:50 - msg_id_0002 ==> 7E00020000660000000002F665F57E
2026-03-30 08:03:53 - msg_id_0002 ==> 7E00020000660000000002F666F67E
2026-03-30 08:03:56 - msg_id_0002 ==> 7E00020000660000000002F667F77E
2026-03-30 08:03:59 - msg_id_0002 ==> 7E00020000660000000002F668F87E
2026-03-30 08:04:02 - msg_id_0002 ==> 7E00020000660000000002F66AFA7E
2026-03-30 08:04:05 - msg_id_0002 ==> 7E00020000660000000002F66BFB7E
2026-03-30 08:04:08 - msg_id_0002 ==> 7E00020000660000000002F66CFC7E
2026-03-30 08:04:11 - msg_id_0002 ==> 7E00020000660000000002F66DFD7E
2026-03-30 08:04:14 - msg_id_0002 ==> 7E00020000660000000002F66EFE7E
2026-03-30 08:04:18 - msg_id_0002 ==> 7E00020000660000000002F66FFF7E
2026-03-30 08:04:21 - msg_id_0002 ==> 7E00020000660000000002F670E07E
2026-03-30 08:04:24 - msg_id_0002 ==> 7E00020000660000000002F671E17E
2026-03-30 08:04:27 - msg_id_0002 ==> 7E00020000660000000002F672E27E
2026-03-30 08:04:30 - msg_id_0002 ==> 7E00020000660000000002F673E37E
2026-03-30 08:04:33 - msg_id_0002 ==> 7E00020000660000000002F675E57E
2026-03-30 08:04:36 - msg_id_0002 ==> 7E00020000660000000002F676E67E
2026-03-30 08:04:39 - msg_id_0002 ==> 7E00020000660000000002F677E77E
2026-03-30 08:04:42 - msg_id_0002 ==> 7E00020000660000000002F678E87E
2026-03-30 08:04:45 - msg_id_0002 ==> 7E00020000660000000002F679E97E
2026-03-30 08:04:49 - msg_id_0002 ==> 7E00020000660000000002F67AEA7E
2026-03-30 08:04:52 - msg_id_0002 ==> 7E00020000660000000002F67BEB7E
2026-03-30 08:04:55 - msg_id_0002 ==> 7E00020000660000000002F67CEC7E
2026-03-30 08:04:58 - msg_id_0002 ==> 7E00020000660000000002F67D01ED7E
2026-03-30 08:05:01 - msg_id_0002 ==> 7E00020000660000000002F67D02EE7E
2026-03-30 08:05:08 - msg_id_0002 ==> 7E00020000660000000002F683137E
2026-03-30 08:05:12 - msg_id_0002 ==> 7E00020000660000000002F684147E
2026-03-30 08:05:15 - msg_id_0002 ==> 7E00020000660000000002F685157E
2026-03-30 08:05:18 - msg_id_0002 ==> 7E00020000660000000002F686167E
2026-03-30 08:05:21 - msg_id_0002 ==> 7E00020000660000000002F687177E
2026-03-30 08:05:24 - msg_id_0002 ==> 7E00020000660000000002F688187E
2026-03-30 08:05:27 - msg_id_0002 ==> 7E00020000660000000002F689197E
2026-03-30 08:05:30 - msg_id_0002 ==> 7E00020000660000000002F68A1A7E
2026-03-30 08:05:33 - msg_id_0002 ==> 7E00020000660000000002F68B1B7E
2026-03-30 08:05:36 - msg_id_0002 ==> 7E00020000660000000002F68C1C7E
2026-03-30 08:05:39 - msg_id_0002 ==> 7E00020000660000000002F68E1E7E
2026-03-30 08:05:43 - msg_id_0002 ==> 7E00020000660000000002F68F1F7E
2026-03-30 08:05:46 - msg_id_0002 ==> 7E00020000660000000002F690007E
2026-03-30 08:05:49 - msg_id_0002 ==> 7E00020000660000000002F691017E
2026-03-30 08:05:52 - msg_id_0002 ==> 7E00020000660000000002F692027E
2026-03-30 08:05:55 - msg_id_0002 ==> 7E00020000660000000002F693037E
2026-03-30 08:05:58 - msg_id_0002 ==> 7E00020000660000000002F694047E
2026-03-30 08:06:01 - msg_id_0002 ==> 7E00020000660000000002F695057E
2026-03-30 08:06:04 - msg_id_0002 ==> 7E00020000660000000002F696067E
2026-03-30 08:06:07 - msg_id_0002 ==> 7E00020000660000000002F697077E
2026-03-30 08:06:10 - msg_id_0002 ==> 7E00020000660000000002F699097E
2026-03-30 08:06:14 - msg_id_0002 ==> 7E00020000660000000002F69A0A7E
2026-03-30 08:06:17 - msg_id_0002 ==> 7E00020000660000000002F69B0B7E
2026-03-30 08:06:20 - msg_id_0002 ==> 7E00020000660000000002F69C0C7E
2026-03-30 08:06:23 - msg_id_0002 ==> 7E00020000660000000002F69D0D7E
2026-03-30 08:06:26 - msg_id_0002 ==> 7E00020000660000000002F69E0E7E
2026-03-30 08:06:29 - msg_id_0002 ==> 7E00020000660000000002F69F0F7E
2026-03-30 08:06:32 - msg_id_0002 ==> 7E00020000660000000002F6A0307E
2026-03-30 08:06:35 - msg_id_0002 ==> 7E00020000660000000002F6A1317E
2026-03-30 08:06:38 - msg_id_0002 ==> 7E00020000660000000002F6A2327E
2026-03-30 08:06:41 - msg_id_0002 ==> 7E00020000660000000002F6A4347E
2026-03-30 08:06:45 - msg_id_0002 ==> 7E00020000660000000002F6A5357E
2026-03-30 08:06:48 - msg_id_0002 ==> 7E00020000660000000002F6A6367E
2026-03-30 08:06:51 - msg_id_0002 ==> 7E00020000660000000002F6A7377E
2026-03-30 08:06:54 - msg_id_0002 ==> 7E00020000660000000002F6A8387E
2026-03-30 08:06:57 - msg_id_0002 ==> 7E00020000660000000002F6A9397E
2026-03-30 08:07:00 - msg_id_0002 ==> 7E00020000660000000002F6AA3A7E
2026-03-30 08:07:03 - msg_id_0002 ==> 7E00020000660000000002F6AB3B7E
2026-03-30 08:07:06 - msg_id_0002 ==> 7E00020000660000000002F6AC3C7E
2026-03-30 08:07:09 - msg_id_0002 ==> 7E00020000660000000002F6AD3D7E
2026-03-30 08:07:12 - msg_id_0002 ==> 7E00020000660000000002F6AF3F7E
2026-03-30 08:07:16 - msg_id_0002 ==> 7E00020000660000000002F6B0207E
2026-03-30 08:07:19 - msg_id_0002 ==> 7E00020000660000000002F6B1217E
2026-03-30 08:07:22 - msg_id_0002 ==> 7E00020000660000000002F6B2227E
2026-03-30 08:07:25 - msg_id_0002 ==> 7E00020000660000000002F6B3237E
2026-03-30 08:07:28 - msg_id_0002 ==> 7E00020000660000000002F6B4247E
2026-03-30 08:07:31 - msg_id_0002 ==> 7E00020000660000000002F6B5257E
2026-03-30 08:07:34 - msg_id_0002 ==> 7E00020000660000000002F6B6267E
2026-03-30 08:07:37 - msg_id_0002 ==> 7E00020000660000000002F6B7277E
2026-03-30 08:07:40 - msg_id_0002 ==> 7E00020000660000000002F6B8287E
2026-03-30 08:07:44 - msg_id_0002 ==> 7E00020000660000000002F6BA2A7E
2026-03-30 08:07:47 - msg_id_0002 ==> 7E00020000660000000002F6BB2B7E
2026-03-30 08:07:50 - msg_id_0002 ==> 7E00020000660000000002F6BC2C7E
2026-03-30 08:07:53 - msg_id_0002 ==> 7E00020000660000000002F6BD2D7E
2026-03-30 08:07:56 - msg_id_0002 ==> 7E00020000660000000002F6BE2E7E
2026-03-30 08:07:59 - msg_id_0002 ==> 7E00020000660000000002F6BF2F7E
2026-03-30 08:08:02 - msg_id_0002 ==> 7E00020000660000000002F6C0507E
2026-03-30 08:08:05 - msg_id_0002 ==> 7E00020000660000000002F6C1517E
2026-03-30 08:08:08 - msg_id_0002 ==> 7E00020000660000000002F6C2527E
2026-03-30 08:08:11 - msg_id_0002 ==> 7E00020000660000000002F6C3537E
2026-03-30 08:08:15 - msg_id_0002 ==> 7E00020000660000000002F6C5557E
2026-03-30 08:08:18 - msg_id_0002 ==> 7E00020000660000000002F6C6567E
2026-03-30 08:08:21 - msg_id_0002 ==> 7E00020000660000000002F6C7577E
2026-03-30 08:08:24 - msg_id_0002 ==> 7E00020000660000000002F6C8587E
2026-03-30 08:08:27 - msg_id_0002 ==> 7E00020000660000000002F6C9597E
2026-03-30 08:08:30 - msg_id_0002 ==> 7E00020000660000000002F6CA5A7E
2026-03-30 08:08:33 - msg_id_0002 ==> 7E00020000660000000002F6CB5B7E
2026-03-30 08:08:36 - msg_id_0002 ==> 7E00020000660000000002F6CC5C7E
2026-03-30 08:08:39 - msg_id_0002 ==> 7E00020000660000000002F6CD5D7E
2026-03-30 08:08:42 - msg_id_0002 ==> 7E00020000660000000002F6CE5E7E
2026-03-30 08:08:46 - msg_id_0002 ==> 7E00020000660000000002F6D0407E
2026-03-30 08:08:49 - msg_id_0002 ==> 7E00020000660000000002F6D1417E
2026-03-30 08:08:52 - msg_id_0002 ==> 7E00020000660000000002F6D2427E
2026-03-30 08:08:55 - msg_id_0002 ==> 7E00020000660000000002F6D3437E
2026-03-30 08:08:58 - msg_id_0002 ==> 7E00020000660000000002F6D4447E
2026-03-30 08:09:01 - msg_id_0002 ==> 7E00020000660000000002F6D5457E
2026-03-30 08:09:04 - msg_id_0002 ==> 7E00020000660000000002F6D6467E
2026-03-30 08:09:07 - msg_id_0002 ==> 7E00020000660000000002F6D7477E
2026-03-30 08:09:10 - msg_id_0002 ==> 7E00020000660000000002F6D8487E
2026-03-30 08:09:13 - msg_id_0002 ==> 7E00020000660000000002F6D9497E
2026-03-30 08:09:17 - msg_id_0002 ==> 7E00020000660000000002F6DB4B7E
2026-03-30 08:09:20 - msg_id_0002 ==> 7E00020000660000000002F6DC4C7E
2026-03-30 08:09:23 - msg_id_0002 ==> 7E00020000660000000002F6DD4D7E
2026-03-30 08:09:26 - msg_id_0002 ==> 7E00020000660000000002F6DE4E7E
2026-03-30 08:09:29 - msg_id_0002 ==> 7E00020000660000000002F6DF4F7E
2026-03-30 08:09:32 - msg_id_0002 ==> 7E00020000660000000002F6E0707E
2026-03-30 08:09:35 - msg_id_0002 ==> 7E00020000660000000002F6E1717E
2026-03-30 08:09:38 - msg_id_0002 ==> 7E00020000660000000002F6E2727E
2026-03-30 08:09:41 - msg_id_0002 ==> 7E00020000660000000002F6E3737E
2026-03-30 08:09:44 - msg_id_0002 ==> 7E00020000660000000002F6E4747E
2026-03-30 08:09:48 - msg_id_0002 ==> 7E00020000660000000002F6E6767E
2026-03-30 08:09:51 - msg_id_0002 ==> 7E00020000660000000002F6E7777E
2026-03-30 08:09:54 - msg_id_0002 ==> 7E00020000660000000002F6E8787E
2026-03-30 08:09:57 - msg_id_0002 ==> 7E00020000660000000002F6E9797E
2026-03-30 08:10:00 - msg_id_0002 ==> 7E00020000660000000002F6EA7A7E
2026-03-30 08:10:03 - msg_id_0002 ==> 7E00020000660000000002F6EB7B7E
2026-03-30 08:10:06 - msg_id_0002 ==> 7E00020000660000000002F6EC7C7E
2026-03-30 08:10:09 - msg_id_0002 ==> 7E00020000660000000002F6ED7D017E
2026-03-30 08:10:12 - msg_id_0002 ==> 7E00020000660000000002F6EE7D027E
2026-03-30 08:10:15 - msg_id_0002 ==> 7E00020000660000000002F6EF7F7E
2026-03-30 08:10:19 - msg_id_0002 ==> 7E00020000660000000002F6F1617E
2026-03-30 08:10:22 - msg_id_0002 ==> 7E00020000660000000002F6F2627E
2026-03-30 08:10:25 - msg_id_0002 ==> 7E00020000660000000002F6F3637E
2026-03-30 08:10:28 - msg_id_0002 ==> 7E00020000660000000002F6F4647E
2026-03-30 08:10:31 - msg_id_0002 ==> 7E00020000660000000002F6F5657E
2026-03-30 08:10:34 - msg_id_0002 ==> 7E00020000660000000002F6F6667E
2026-03-30 08:10:37 - msg_id_0002 ==> 7E00020000660000000002F6F7677E
2026-03-30 08:10:40 - msg_id_0002 ==> 7E00020000660000000002F6F8687E
2026-03-30 08:10:43 - msg_id_0002 ==> 7E00020000660000000002F6F9697E
2026-03-30 08:10:46 - msg_id_0002 ==> 7E00020000660000000002F6FA6A7E
2026-03-30 08:10:50 - msg_id_0002 ==> 7E00020000660000000002F6FC6C7E
2026-03-30 08:10:53 - msg_id_0002 ==> 7E00020000660000000002F6FD6D7E
2026-03-30 08:10:56 - msg_id_0002 ==> 7E00020000660000000002F6FE6E7E
2026-03-30 08:10:59 - msg_id_0002 ==> 7E00020000660000000002F6FF6F7E
2026-03-30 08:11:02 - msg_id_0002 ==> 7E00020000660000000002F700917E
2026-03-30 08:11:05 - msg_id_0002 ==> 7E00020000660000000002F701907E
2026-03-30 08:11:08 - msg_id_0002 ==> 7E00020000660000000002F702937E
2026-03-30 08:11:11 - msg_id_0002 ==> 7E00020000660000000002F703927E
2026-03-30 08:11:14 - msg_id_0002 ==> 7E00020000660000000002F704957E
2026-03-30 08:11:17 - msg_id_0002 ==> 7E00020000660000000002F705947E
2026-03-30 08:11:21 - msg_id_0002 ==> 7E00020000660000000002F707967E
2026-03-30 08:11:24 - msg_id_0002 ==> 7E00020000660000000002F708997E
2026-03-30 08:11:27 - msg_id_0002 ==> 7E00020000660000000002F709987E
2026-03-30 08:11:30 - msg_id_0002 ==> 7E00020000660000000002F70A9B7E
2026-03-30 08:11:33 - msg_id_0002 ==> 7E00020000660000000002F70B9A7E
2026-03-30 08:11:36 - msg_id_0002 ==> 7E00020000660000000002F70C9D7E
2026-03-30 08:11:39 - msg_id_0002 ==> 7E00020000660000000002F70D9C7E
2026-03-30 08:11:42 - msg_id_0002 ==> 7E00020000660000000002F70E9F7E
2026-03-30 08:11:45 - msg_id_0002 ==> 7E00020000660000000002F70F9E7E
2026-03-30 08:11:48 - msg_id_0002 ==> 7E00020000660000000002F710817E
2026-03-30 08:11:52 - msg_id_0002 ==> 7E00020000660000000002F712837E
2026-03-30 08:11:55 - msg_id_0002 ==> 7E00020000660000000002F713827E
2026-03-30 08:11:58 - msg_id_0002 ==> 7E00020000660000000002F714857E
2026-03-30 08:12:01 - msg_id_0002 ==> 7E00020000660000000002F715847E
2026-03-30 08:12:04 - msg_id_0002 ==> 7E00020000660000000002F716877E
2026-03-30 08:12:07 - msg_id_0002 ==> 7E00020000660000000002F717867E
2026-03-30 08:12:10 - msg_id_0002 ==> 7E00020000660000000002F718897E
2026-03-30 08:12:13 - msg_id_0002 ==> 7E00020000660000000002F719887E
2026-03-30 08:12:16 - msg_id_0002 ==> 7E00020000660000000002F71A8B7E
2026-03-30 08:12:19 - msg_id_0002 ==> 7E00020000660000000002F71B8A7E
2026-03-30 08:12:23 - msg_id_0002 ==> 7E00020000660000000002F71D8C7E
2026-03-30 08:12:26 - msg_id_0002 ==> 7E00020000660000000002F71E8F7E
2026-03-30 08:12:29 - msg_id_0002 ==> 7E00020000660000000002F71F8E7E
2026-03-30 08:12:32 - msg_id_0002 ==> 7E00020000660000000002F720B17E
2026-03-30 08:12:35 - msg_id_0002 ==> 7E00020000660000000002F721B07E
2026-03-30 08:12:38 - msg_id_0002 ==> 7E00020000660000000002F722B37E
2026-03-30 08:12:41 - msg_id_0002 ==> 7E00020000660000000002F723B27E
2026-03-30 08:12:44 - msg_id_0002 ==> 7E00020000660000000002F724B57E
2026-03-30 08:12:47 - msg_id_0002 ==> 7E00020000660000000002F725B47E
2026-03-30 08:12:50 - msg_id_0002 ==> 7E00020000660000000002F726B77E
2026-03-30 08:12:54 - msg_id_0002 ==> 7E00020000660000000002F728B97E
2026-03-30 08:12:57 - msg_id_0002 ==> 7E00020000660000000002F729B87E
2026-03-30 08:13:00 - msg_id_0002 ==> 7E00020000660000000002F72ABB7E
2026-03-30 08:13:03 - msg_id_0002 ==> 7E00020000660000000002F72BBA7E
2026-03-30 08:13:06 - msg_id_0002 ==> 7E00020000660000000002F72CBD7E
2026-03-30 08:13:09 - msg_id_0002 ==> 7E00020000660000000002F72DBC7E
2026-03-30 08:13:12 - msg_id_0002 ==> 7E00020000660000000002F72EBF7E
2026-03-30 08:13:15 - msg_id_0002 ==> 7E00020000660000000002F72FBE7E
2026-03-30 08:13:18 - msg_id_0002 ==> 7E00020000660000000002F730A17E
2026-03-30 08:13:21 - msg_id_0002 ==> 7E00020000660000000002F731A07E
2026-03-30 08:13:25 - msg_id_0002 ==> 7E00020000660000000002F733A27E
2026-03-30 08:13:28 - msg_id_0002 ==> 7E00020000660000000002F734A57E
2026-03-30 08:13:31 - msg_id_0002 ==> 7E00020000660000000002F735A47E
2026-03-30 08:13:34 - msg_id_0002 ==> 7E00020000660000000002F736A77E
2026-03-30 08:13:37 - msg_id_0002 ==> 7E00020000660000000002F737A67E
2026-03-30 08:13:40 - msg_id_0002 ==> 7E00020000660000000002F738A97E
2026-03-30 08:13:43 - msg_id_0002 ==> 7E00020000660000000002F739A87E
2026-03-30 08:13:46 - msg_id_0002 ==> 7E00020000660000000002F73AAB7E
2026-03-30 08:13:49 - msg_id_0002 ==> 7E00020000660000000002F73BAA7E
2026-03-30 08:13:52 - msg_id_0002 ==> 7E00020000660000000002F73CAD7E
2026-03-30 08:13:56 - msg_id_0002 ==> 7E00020000660000000002F73EAF7E
2026-03-30 08:13:59 - msg_id_0002 ==> 7E00020000660000000002F73FAE7E
2026-03-30 08:14:02 - msg_id_0002 ==> 7E00020000660000000002F740D17E
2026-03-30 08:14:05 - msg_id_0002 ==> 7E00020000660000000002F741D07E
2026-03-30 08:14:08 - msg_id_0002 ==> 7E00020000660000000002F742D37E
2026-03-30 08:14:11 - msg_id_0002 ==> 7E00020000660000000002F743D27E
2026-03-30 08:14:14 - msg_id_0002 ==> 7E00020000660000000002F744D57E
2026-03-30 08:14:17 - msg_id_0002 ==> 7E00020000660000000002F745D47E
2026-03-30 08:14:20 - msg_id_0002 ==> 7E00020000660000000002F746D77E
2026-03-30 08:14:23 - msg_id_0002 ==> 7E00020000660000000002F747D67E
2026-03-30 08:14:27 - msg_id_0002 ==> 7E00020000660000000002F749D87E
2026-03-30 08:14:30 - msg_id_0002 ==> 7E00020000660000000002F74ADB7E
2026-03-30 08:14:33 - msg_id_0002 ==> 7E00020000660000000002F74BDA7E
2026-03-30 08:14:36 - msg_id_0002 ==> 7E00020000660000000002F74CDD7E
2026-03-30 08:14:39 - msg_id_0002 ==> 7E00020000660000000002F74DDC7E
2026-03-30 08:14:42 - msg_id_0002 ==> 7E00020000660000000002F74EDF7E
2026-03-30 08:14:45 - msg_id_0002 ==> 7E00020000660000000002F74FDE7E
2026-03-30 08:14:48 - msg_id_0002 ==> 7E00020000660000000002F750C17E
2026-03-30 08:14:51 - msg_id_0002 ==> 7E00020000660000000002F751C07E
2026-03-30 08:14:54 - msg_id_0002 ==> 7E00020000660000000002F752C37E
2026-03-30 08:14:58 - msg_id_0002 ==> 7E00020000660000000002F754C57E
2026-03-30 08:15:01 - msg_id_0002 ==> 7E00020000660000000002F755C47E
2026-03-30 08:15:04 - msg_id_0002 ==> 7E00020000660000000002F756C77E
2026-03-30 08:15:07 - msg_id_0002 ==> 7E00020000660000000002F757C67E
2026-03-30 08:15:10 - msg_id_0002 ==> 7E00020000660000000002F758C97E
2026-03-30 08:15:13 - msg_id_0002 ==> 7E00020000660000000002F759C87E
2026-03-30 08:15:16 - msg_id_0002 ==> 7E00020000660000000002F75ACB7E
2026-03-30 08:15:19 - msg_id_0002 ==> 7E00020000660000000002F75BCA7E
2026-03-30 08:15:22 - msg_id_0002 ==> 7E00020000660000000002F75CCD7E
2026-03-30 08:15:25 - msg_id_0002 ==> 7E00020000660000000002F75DCC7E
2026-03-30 08:15:29 - msg_id_0002 ==> 7E00020000660000000002F75FCE7E
2026-03-30 08:15:32 - msg_id_0002 ==> 7E00020000660000000002F760F17E
2026-03-30 08:15:35 - msg_id_0002 ==> 7E00020000660000000002F761F07E
2026-03-30 08:15:38 - msg_id_0002 ==> 7E00020000660000000002F762F37E
2026-03-30 08:15:41 - msg_id_0002 ==> 7E00020000660000000002F763F27E
2026-03-30 08:15:44 - msg_id_0002 ==> 7E00020000660000000002F764F57E
2026-03-30 08:15:47 - msg_id_0002 ==> 7E00020000660000000002F765F47E
2026-03-30 08:15:50 - msg_id_0002 ==> 7E00020000660000000002F766F77E
2026-03-30 08:15:53 - msg_id_0002 ==> 7E00020000660000000002F767F67E
2026-03-30 08:15:56 - msg_id_0002 ==> 7E00020000660000000002F768F97E
2026-03-30 08:16:00 - msg_id_0002 ==> 7E00020000660000000002F76AFB7E
2026-03-30 08:16:03 - msg_id_0002 ==> 7E00020000660000000002F76BFA7E
2026-03-30 08:16:06 - msg_id_0002 ==> 7E00020000660000000002F76CFD7E
2026-03-30 08:16:09 - msg_id_0002 ==> 7E00020000660000000002F76DFC7E
2026-03-30 08:16:12 - msg_id_0002 ==> 7E00020000660000000002F76EFF7E
2026-03-30 08:16:15 - msg_id_0002 ==> 7E00020000660000000002F76FFE7E
2026-03-30 08:16:18 - msg_id_0002 ==> 7E00020000660000000002F770E17E
2026-03-30 08:16:21 - msg_id_0002 ==> 7E00020000660000000002F771E07E
2026-03-30 08:16:24 - msg_id_0002 ==> 7E00020000660000000002F772E37E
2026-03-30 08:16:27 - msg_id_0002 ==> 7E00020000660000000002F773E27E
2026-03-30 08:16:31 - msg_id_0002 ==> 7E00020000660000000002F775E47E
2026-03-30 08:16:34 - msg_id_0002 ==> 7E00020000660000000002F776E77E
2026-03-30 08:16:37 - msg_id_0002 ==> 7E00020000660000000002F777E67E
2026-03-30 08:16:40 - msg_id_0002 ==> 7E00020000660000000002F778E97E
2026-03-30 08:16:43 - msg_id_0002 ==> 7E00020000660000000002F779E87E
2026-03-30 08:16:46 - msg_id_0002 ==> 7E00020000660000000002F77AEB7E
2026-03-30 08:16:49 - msg_id_0002 ==> 7E00020000660000000002F77BEA7E
2026-03-30 08:16:52 - msg_id_0002 ==> 7E00020000660000000002F77CED7E
2026-03-30 08:16:55 - msg_id_0002 ==> 7E00020000660000000002F77D01EC7E
2026-03-30 08:16:58 - msg_id_0002 ==> 7E00020000660000000002F77D02EF7E
2026-03-30 08:17:06 - msg_id_0002 ==> 7E00020000660000000002F783127E
2026-03-30 08:17:09 - msg_id_0002 ==> 7E00020000660000000002F784157E
2026-03-30 08:17:12 - msg_id_0002 ==> 7E00020000660000000002F785147E
2026-03-30 08:17:15 - msg_id_0002 ==> 7E00020000660000000002F786177E
2026-03-30 08:17:18 - msg_id_0002 ==> 7E00020000660000000002F787167E
2026-03-30 08:17:21 - msg_id_0002 ==> 7E00020000660000000002F788197E
2026-03-30 08:17:25 - msg_id_0002 ==> 7E00020000660000000002F789187E
2026-03-30 08:17:28 - msg_id_0002 ==> 7E00020000660000000002F78A1B7E
2026-03-30 08:17:31 - msg_id_0002 ==> 7E00020000660000000002F78B1A7E
2026-03-30 08:17:34 - msg_id_0002 ==> 7E00020000660000000002F78C1D7E
2026-03-30 08:17:37 - msg_id_0002 ==> 7E00020000660000000002F78E1F7E
2026-03-30 08:17:40 - msg_id_0002 ==> 7E00020000660000000002F78F1E7E
2026-03-30 08:17:43 - msg_id_0002 ==> 7E00020000660000000002F790017E
2026-03-30 08:17:46 - msg_id_0002 ==> 7E00020000660000000002F791007E
2026-03-30 08:17:49 - msg_id_0002 ==> 7E00020000660000000002F792037E
2026-03-30 08:17:52 - msg_id_0002 ==> 7E00020000660000000002F793027E
2026-03-30 08:17:56 - msg_id_0002 ==> 7E00020000660000000002F794057E
2026-03-30 08:17:59 - msg_id_0002 ==> 7E00020000660000000002F795047E
2026-03-30 08:18:02 - msg_id_0002 ==> 7E00020000660000000002F796077E
2026-03-30 08:18:05 - msg_id_0002 ==> 7E00020000660000000002F797067E
2026-03-30 08:18:08 - msg_id_0002 ==> 7E00020000660000000002F799087E
2026-03-30 08:18:11 - msg_id_0002 ==> 7E00020000660000000002F79A0B7E
2026-03-30 08:18:14 - msg_id_0002 ==> 7E00020000660000000002F79B0A7E
2026-03-30 08:18:17 - msg_id_0002 ==> 7E00020000660000000002F79C0D7E
2026-03-30 08:18:20 - msg_id_0002 ==> 7E00020000660000000002F79D0C7E
2026-03-30 08:18:24 - msg_id_0002 ==> 7E00020000660000000002F79E0F7E
2026-03-30 08:18:27 - msg_id_0002 ==> 7E00020000660000000002F79F0E7E
2026-03-30 08:18:30 - msg_id_0002 ==> 7E00020000660000000002F7A0317E
2026-03-30 08:18:33 - msg_id_0002 ==> 7E00020000660000000002F7A1307E
2026-03-30 08:18:36 - msg_id_0002 ==> 7E00020000660000000002F7A2337E
2026-03-30 08:18:39 - msg_id_0002 ==> 7E00020000660000000002F7A4357E
2026-03-30 08:18:42 - msg_id_0002 ==> 7E00020000660000000002F7A5347E
2026-03-30 08:18:45 - msg_id_0002 ==> 7E00020000660000000002F7A6377E
2026-03-30 08:18:48 - msg_id_0002 ==> 7E00020000660000000002F7A7367E
2026-03-30 08:18:51 - msg_id_0002 ==> 7E00020000660000000002F7A8397E
2026-03-30 08:18:54 - msg_id_0002 ==> 7E00020000660000000002F7A9387E
2026-03-30 08:18:58 - msg_id_0002 ==> 7E00020000660000000002F7AA3B7E
2026-03-30 08:19:01 - msg_id_0002 ==> 7E00020000660000000002F7AB3A7E
2026-03-30 08:19:04 - msg_id_0002 ==> 7E00020000660000000002F7AC3D7E
2026-03-30 08:19:07 - msg_id_0002 ==> 7E00020000660000000002F7AD3C7E
2026-03-30 08:19:10 - msg_id_0002 ==> 7E00020000660000000002F7AF3E7E
2026-03-30 08:19:13 - msg_id_0002 ==> 7E00020000660000000002F7B0217E
2026-03-30 08:19:16 - msg_id_0002 ==> 7E00020000660000000002F7B1207E
2026-03-30 08:19:19 - msg_id_0002 ==> 7E00020000660000000002F7B2237E
2026-03-30 08:19:22 - msg_id_0002 ==> 7E00020000660000000002F7B3227E
2026-03-30 08:19:25 - msg_id_0002 ==> 7E00020000660000000002F7B4257E
2026-03-30 08:19:29 - msg_id_0002 ==> 7E00020000660000000002F7B5247E
2026-03-30 08:19:32 - msg_id_0002 ==> 7E00020000660000000002F7B6277E
2026-03-30 08:19:35 - msg_id_0002 ==> 7E00020000660000000002F7B7267E
2026-03-30 08:19:38 - msg_id_0002 ==> 7E00020000660000000002F7B8297E
2026-03-30 08:19:41 - msg_id_0002 ==> 7E00020000660000000002F7BA2B7E
2026-03-30 08:19:44 - msg_id_0002 ==> 7E00020000660000000002F7BB2A7E
2026-03-30 08:19:47 - msg_id_0002 ==> 7E00020000660000000002F7BC2D7E
2026-03-30 08:19:50 - msg_id_0002 ==> 7E00020000660000000002F7BD2C7E
2026-03-30 08:19:53 - msg_id_0002 ==> 7E00020000660000000002F7BE2F7E
2026-03-30 08:19:57 - msg_id_0002 ==> 7E00020000660000000002F7BF2E7E
2026-03-30 08:20:00 - msg_id_0002 ==> 7E00020000660000000002F7C0517E
2026-03-30 08:20:03 - msg_id_0002 ==> 7E00020000660000000002F7C1507E
2026-03-30 08:20:06 - msg_id_0002 ==> 7E00020000660000000002F7C2537E
2026-03-30 08:20:09 - msg_id_0002 ==> 7E00020000660000000002F7C3527E
2026-03-30 08:20:12 - msg_id_0002 ==> 7E00020000660000000002F7C5547E
2026-03-30 08:20:15 - msg_id_0002 ==> 7E00020000660000000002F7C6577E
2026-03-30 08:20:18 - msg_id_0002 ==> 7E00020000660000000002F7C7567E
2026-03-30 08:20:21 - msg_id_0002 ==> 7E00020000660000000002F7C8597E
2026-03-30 08:20:24 - msg_id_0002 ==> 7E00020000660000000002F7C9587E
2026-03-30 08:20:27 - msg_id_0002 ==> 7E00020000660000000002F7CA5B7E
2026-03-30 08:20:31 - msg_id_0002 ==> 7E00020000660000000002F7CB5A7E
2026-03-30 08:20:34 - msg_id_0002 ==> 7E00020000660000000002F7CC5D7E
2026-03-30 08:20:37 - msg_id_0002 ==> 7E00020000660000000002F7CD5C7E
2026-03-30 08:20:40 - msg_id_0002 ==> 7E00020000660000000002F7CE5F7E
2026-03-30 08:20:43 - msg_id_0002 ==> 7E00020000660000000002F7D0417E
2026-03-30 08:20:46 - msg_id_0002 ==> 7E00020000660000000002F7D1407E
2026-03-30 08:20:49 - msg_id_0002 ==> 7E00020000660000000002F7D2437E
2026-03-30 08:20:52 - msg_id_0002 ==> 7E00020000660000000002F7D3427E
2026-03-30 08:20:55 - msg_id_0002 ==> 7E00020000660000000002F7D4457E
2026-03-30 08:20:59 - msg_id_0002 ==> 7E00020000660000000002F7D5447E
2026-03-30 08:21:02 - msg_id_0002 ==> 7E00020000660000000002F7D6477E
2026-03-30 08:21:05 - msg_id_0002 ==> 7E00020000660000000002F7D7467E
2026-03-30 08:21:08 - msg_id_0002 ==> 7E00020000660000000002F7D8497E
2026-03-30 08:21:11 - msg_id_0002 ==> 7E00020000660000000002F7D9487E
2026-03-30 08:21:14 - msg_id_0002 ==> 7E00020000660000000002F7DB4A7E
2026-03-30 08:21:17 - msg_id_0002 ==> 7E00020000660000000002F7DC4D7E
2026-03-30 08:21:20 - msg_id_0002 ==> 7E00020000660000000002F7DD4C7E
2026-03-30 08:21:23 - msg_id_0002 ==> 7E00020000660000000002F7DE4F7E
2026-03-30 08:21:26 - msg_id_0002 ==> 7E00020000660000000002F7DF4E7E
2026-03-30 08:21:30 - msg_id_0002 ==> 7E00020000660000000002F7E0717E
2026-03-30 08:21:33 - msg_id_0002 ==> 7E00020000660000000002F7E1707E
2026-03-30 08:21:36 - msg_id_0002 ==> 7E00020000660000000002F7E2737E
2026-03-30 08:21:39 - msg_id_0002 ==> 7E00020000660000000002F7E3727E
2026-03-30 08:21:42 - msg_id_0002 ==> 7E00020000660000000002F7E4757E
2026-03-30 08:21:45 - msg_id_0002 ==> 7E00020000660000000002F7E6777E
2026-03-30 08:21:48 - msg_id_0002 ==> 7E00020000660000000002F7E7767E
2026-03-30 08:21:51 - msg_id_0002 ==> 7E00020000660000000002F7E8797E
2026-03-30 08:21:54 - msg_id_0002 ==> 7E00020000660000000002F7E9787E
2026-03-30 08:21:57 - msg_id_0002 ==> 7E00020000660000000002F7EA7B7E
2026-03-30 08:22:01 - msg_id_0002 ==> 7E00020000660000000002F7EB7A7E
2026-03-30 08:22:04 - msg_id_0002 ==> 7E00020000660000000002F7EC7D017E
2026-03-30 08:22:07 - msg_id_0002 ==> 7E00020000660000000002F7ED7C7E
2026-03-30 08:22:10 - msg_id_0002 ==> 7E00020000660000000002F7EE7F7E
2026-03-30 08:22:13 - msg_id_0002 ==> 7E00020000660000000002F7EF7D027E
2026-03-30 08:22:16 - msg_id_0002 ==> 7E00020000660000000002F7F1607E
2026-03-30 08:22:19 - msg_id_0002 ==> 7E00020000660000000002F7F2637E
2026-03-30 08:22:22 - msg_id_0002 ==> 7E00020000660000000002F7F3627E
2026-03-30 08:22:25 - msg_id_0002 ==> 7E00020000660000000002F7F4657E
2026-03-30 08:22:28 - msg_id_0002 ==> 7E00020000660000000002F7F5647E
2026-03-30 08:22:32 - msg_id_0002 ==> 7E00020000660000000002F7F6677E
2026-03-30 08:22:35 - msg_id_0002 ==> 7E00020000660000000002F7F7667E
2026-03-30 08:22:38 - msg_id_0002 ==> 7E00020000660000000002F7F8697E
2026-03-30 08:22:41 - msg_id_0002 ==> 7E00020000660000000002F7F9687E
2026-03-30 08:22:44 - msg_id_0002 ==> 7E00020000660000000002F7FA6B7E
2026-03-30 08:22:47 - msg_id_0002 ==> 7E00020000660000000002F7FC6D7E
2026-03-30 08:22:50 - msg_id_0002 ==> 7E00020000660000000002F7FD6C7E
2026-03-30 08:22:53 - msg_id_0002 ==> 7E00020000660000000002F7FE6F7E
2026-03-30 08:22:56 - msg_id_0002 ==> 7E00020000660000000002F7FF6E7E
2026-03-30 08:22:59 - msg_id_0002 ==> 7E00020000660000000002F8009E7E
2026-03-30 08:23:03 - msg_id_0002 ==> 7E00020000660000000002F8019F7E
2026-03-30 08:23:06 - msg_id_0002 ==> 7E00020000660000000002F8029C7E
2026-03-30 08:23:09 - msg_id_0002 ==> 7E00020000660000000002F8039D7E
2026-03-30 08:23:12 - msg_id_0002 ==> 7E00020000660000000002F8049A7E
2026-03-30 08:23:15 - msg_id_0002 ==> 7E00020000660000000002F8059B7E
2026-03-30 08:23:18 - msg_id_0002 ==> 7E00020000660000000002F807997E
2026-03-30 08:23:21 - msg_id_0002 ==> 7E00020000660000000002F808967E
2026-03-30 08:23:24 - msg_id_0002 ==> 7E00020000660000000002F809977E
2026-03-30 08:23:27 - msg_id_0002 ==> 7E00020000660000000002F80A947E
2026-03-30 08:23:30 - msg_id_0002 ==> 7E00020000660000000002F80B957E
2026-03-30 08:23:34 - msg_id_0002 ==> 7E00020000660000000002F80C927E
2026-03-30 08:23:37 - msg_id_0002 ==> 7E00020000660000000002F80D937E
2026-03-30 08:23:40 - msg_id_0002 ==> 7E00020000660000000002F80E907E
2026-03-30 08:23:43 - msg_id_0002 ==> 7E00020000660000000002F80F917E
2026-03-30 08:23:46 - msg_id_0002 ==> 7E00020000660000000002F8108E7E
2026-03-30 08:23:49 - msg_id_0002 ==> 7E00020000660000000002F8128C7E
2026-03-30 08:23:52 - msg_id_0002 ==> 7E00020000660000000002F8138D7E
2026-03-30 08:23:55 - msg_id_0002 ==> 7E00020000660000000002F8148A7E
2026-03-30 08:23:58 - msg_id_0002 ==> 7E00020000660000000002F8158B7E
2026-03-30 08:24:01 - msg_id_0002 ==> 7E00020000660000000002F816887E
2026-03-30 08:24:05 - msg_id_0002 ==> 7E00020000660000000002F817897E
2026-03-30 08:24:08 - msg_id_0002 ==> 7E00020000660000000002F818867E
2026-03-30 08:24:11 - msg_id_0002 ==> 7E00020000660000000002F819877E
2026-03-30 08:24:14 - msg_id_0002 ==> 7E00020000660000000002F81A847E
2026-03-30 08:24:17 - msg_id_0002 ==> 7E00020000660000000002F81B857E
2026-03-30 08:24:20 - msg_id_0002 ==> 7E00020000660000000002F81D837E
2026-03-30 08:24:23 - msg_id_0002 ==> 7E00020000660000000002F81E807E
2026-03-30 08:24:26 - msg_id_0002 ==> 7E00020000660000000002F81F817E
2026-03-30 08:24:29 - msg_id_0002 ==> 7E00020000660000000002F820BE7E
2026-03-30 08:24:32 - msg_id_0002 ==> 7E00020000660000000002F821BF7E
2026-03-30 08:24:36 - msg_id_0002 ==> 7E00020000660000000002F822BC7E
2026-03-30 08:24:39 - msg_id_0002 ==> 7E00020000660000000002F823BD7E
2026-03-30 08:24:42 - msg_id_0002 ==> 7E00020000660000000002F824BA7E
2026-03-30 08:24:45 - msg_id_0002 ==> 7E00020000660000000002F825BB7E
2026-03-30 08:24:48 - msg_id_0002 ==> 7E00020000660000000002F826B87E
2026-03-30 08:24:51 - msg_id_0002 ==> 7E00020000660000000002F828B67E
2026-03-30 08:24:54 - msg_id_0002 ==> 7E00020000660000000002F829B77E
2026-03-30 08:24:57 - msg_id_0002 ==> 7E00020000660000000002F82AB47E
2026-03-30 08:25:00 - msg_id_0002 ==> 7E00020000660000000002F82BB57E
2026-03-30 08:25:04 - msg_id_0002 ==> 7E00020000660000000002F82CB27E
2026-03-30 08:25:07 - msg_id_0002 ==> 7E00020000660000000002F82DB37E
2026-03-30 08:25:10 - msg_id_0002 ==> 7E00020000660000000002F82EB07E
2026-03-30 08:25:13 - msg_id_0002 ==> 7E00020000660000000002F82FB17E
2026-03-30 08:25:16 - msg_id_0002 ==> 7E00020000660000000002F830AE7E
2026-03-30 08:25:19 - msg_id_0002 ==> 7E00020000660000000002F831AF7E
2026-03-30 08:25:22 - msg_id_0002 ==> 7E00020000660000000002F833AD7E
2026-03-30 08:25:25 - msg_id_0002 ==> 7E00020000660000000002F834AA7E
2026-03-30 08:25:28 - msg_id_0002 ==> 7E00020000660000000002F835AB7E
2026-03-30 08:25:31 - msg_id_0002 ==> 7E00020000660000000002F836A87E
2026-03-30 08:25:35 - msg_id_0002 ==> 7E00020000660000000002F837A97E
2026-03-30 08:25:38 - msg_id_0002 ==> 7E00020000660000000002F838A67E
2026-03-30 08:25:41 - msg_id_0002 ==> 7E00020000660000000002F839A77E
2026-03-30 08:25:44 - msg_id_0002 ==> 7E00020000660000000002F83AA47E
2026-03-30 08:25:47 - msg_id_0002 ==> 7E00020000660000000002F83BA57E
2026-03-30 08:25:50 - msg_id_0002 ==> 7E00020000660000000002F83CA27E
2026-03-30 08:25:53 - msg_id_0002 ==> 7E00020000660000000002F83EA07E
2026-03-30 08:25:56 - msg_id_0002 ==> 7E00020000660000000002F83FA17E
2026-03-30 08:25:59 - msg_id_0002 ==> 7E00020000660000000002F840DE7E
2026-03-30 08:26:02 - msg_id_0002 ==> 7E00020000660000000002F841DF7E
2026-03-30 08:26:06 - msg_id_0002 ==> 7E00020000660000000002F842DC7E
2026-03-30 08:26:09 - msg_id_0002 ==> 7E00020000660000000002F843DD7E
2026-03-30 08:26:12 - msg_id_0002 ==> 7E00020000660000000002F844DA7E
2026-03-30 08:26:15 - msg_id_0002 ==> 7E00020000660000000002F845DB7E
2026-03-30 08:26:18 - msg_id_0002 ==> 7E00020000660000000002F846D87E
2026-03-30 08:26:21 - msg_id_0002 ==> 7E00020000660000000002F847D97E
2026-03-30 08:26:24 - msg_id_0002 ==> 7E00020000660000000002F849D77E
2026-03-30 08:26:27 - msg_id_0002 ==> 7E00020000660000000002F84AD47E
2026-03-30 08:26:30 - msg_id_0002 ==> 7E00020000660000000002F84BD57E
2026-03-30 08:26:33 - msg_id_0002 ==> 7E00020000660000000002F84CD27E
2026-03-30 08:26:37 - msg_id_0002 ==> 7E00020000660000000002F84DD37E
2026-03-30 08:26:40 - msg_id_0002 ==> 7E00020000660000000002F84ED07E
2026-03-30 08:26:43 - msg_id_0002 ==> 7E00020000660000000002F84FD17E
2026-03-30 08:26:46 - msg_id_0002 ==> 7E00020000660000000002F850CE7E
2026-03-30 08:26:49 - msg_id_0002 ==> 7E00020000660000000002F851CF7E
2026-03-30 08:26:52 - msg_id_0002 ==> 7E00020000660000000002F852CC7E
2026-03-30 08:26:55 - msg_id_0002 ==> 7E00020000660000000002F854CA7E
2026-03-30 08:26:58 - msg_id_0002 ==> 7E00020000660000000002F855CB7E
2026-03-30 08:27:01 - msg_id_0002 ==> 7E00020000660000000002F856C87E
2026-03-30 08:27:04 - msg_id_0002 ==> 7E00020000660000000002F857C97E
2026-03-30 08:27:08 - msg_id_0002 ==> 7E00020000660000000002F858C67E
2026-03-30 08:27:11 - msg_id_0002 ==> 7E00020000660000000002F859C77E
2026-03-30 08:27:14 - msg_id_0002 ==> 7E00020000660000000002F85AC47E
2026-03-30 08:27:17 - msg_id_0002 ==> 7E00020000660000000002F85BC57E
2026-03-30 08:27:20 - msg_id_0002 ==> 7E00020000660000000002F85CC27E
2026-03-30 08:27:23 - msg_id_0002 ==> 7E00020000660000000002F85DC37E
2026-03-30 08:27:26 - msg_id_0002 ==> 7E00020000660000000002F85FC17E
2026-03-30 08:27:29 - msg_id_0002 ==> 7E00020000660000000002F860FE7E
2026-03-30 08:27:32 - msg_id_0002 ==> 7E00020000660000000002F861FF7E
2026-03-30 08:27:35 - msg_id_0002 ==> 7E00020000660000000002F862FC7E
2026-03-30 08:27:39 - msg_id_0002 ==> 7E00020000660000000002F863FD7E
2026-03-30 08:27:42 - msg_id_0002 ==> 7E00020000660000000002F864FA7E
2026-03-30 08:27:45 - msg_id_0002 ==> 7E00020000660000000002F865FB7E
2026-03-30 08:27:48 - msg_id_0002 ==> 7E00020000660000000002F866F87E
2026-03-30 08:27:51 - msg_id_0002 ==> 7E00020000660000000002F867F97E
2026-03-30 08:27:54 - msg_id_0002 ==> 7E00020000660000000002F868F67E
2026-03-30 08:27:57 - msg_id_0002 ==> 7E00020000660000000002F86AF47E
2026-03-30 08:28:00 - msg_id_0002 ==> 7E00020000660000000002F86BF57E
2026-03-30 08:28:03 - msg_id_0002 ==> 7E00020000660000000002F86CF27E
2026-03-30 08:28:06 - msg_id_0002 ==> 7E00020000660000000002F86DF37E
2026-03-30 08:28:10 - msg_id_0002 ==> 7E00020000660000000002F86EF07E
2026-03-30 08:28:13 - msg_id_0002 ==> 7E00020000660000000002F86FF17E
2026-03-30 08:28:16 - msg_id_0002 ==> 7E00020000660000000002F870EE7E
2026-03-30 08:28:19 - msg_id_0002 ==> 7E00020000660000000002F871EF7E
2026-03-30 08:28:22 - msg_id_0002 ==> 7E00020000660000000002F872EC7E
2026-03-30 08:28:25 - msg_id_0002 ==> 7E00020000660000000002F873ED7E
2026-03-30 08:28:28 - msg_id_0002 ==> 7E00020000660000000002F875EB7E
2026-03-30 08:28:31 - msg_id_0002 ==> 7E00020000660000000002F876E87E
2026-03-30 08:28:34 - msg_id_0002 ==> 7E00020000660000000002F877E97E
2026-03-30 08:28:37 - msg_id_0002 ==> 7E00020000660000000002F878E67E
2026-03-30 08:28:41 - msg_id_0002 ==> 7E00020000660000000002F879E77E
2026-03-30 08:28:44 - msg_id_0002 ==> 7E00020000660000000002F87AE47E
2026-03-30 08:28:47 - msg_id_0002 ==> 7E00020000660000000002F87BE57E
2026-03-30 08:28:50 - msg_id_0002 ==> 7E00020000660000000002F87CE27E
2026-03-30 08:28:53 - msg_id_0002 ==> 7E00020000660000000002F87D01E37E
2026-03-30 08:28:56 - msg_id_0002 ==> 7E00020000660000000002F87D02E07E
2026-03-30 08:29:04 - msg_id_0002 ==> 7E00020000660000000002F8831D7E
2026-03-30 08:29:07 - msg_id_0002 ==> 7E00020000660000000002F8841A7E
2026-03-30 08:29:10 - msg_id_0002 ==> 7E00020000660000000002F8851B7E
2026-03-30 08:29:13 - msg_id_0002 ==> 7E00020000660000000002F886187E
2026-03-30 08:29:16 - msg_id_0002 ==> 7E00020000660000000002F887197E
2026-03-30 08:29:19 - msg_id_0002 ==> 7E00020000660000000002F888167E
2026-03-30 08:29:22 - msg_id_0002 ==> 7E00020000660000000002F889177E
2026-03-30 08:29:25 - msg_id_0002 ==> 7E00020000660000000002F88A147E
2026-03-30 08:29:28 - msg_id_0002 ==> 7E00020000660000000002F88B157E
2026-03-30 08:29:31 - msg_id_0002 ==> 7E00020000660000000002F88C127E
2026-03-30 08:29:35 - msg_id_0002 ==> 7E00020000660000000002F88E107E
2026-03-30 08:29:38 - msg_id_0002 ==> 7E00020000660000000002F88F117E
2026-03-30 08:29:41 - msg_id_0002 ==> 7E00020000660000000002F8900E7E
2026-03-30 08:29:44 - msg_id_0002 ==> 7E00020000660000000002F8910F7E
2026-03-30 08:29:47 - msg_id_0002 ==> 7E00020000660000000002F8920C7E
2026-03-30 08:29:50 - msg_id_0002 ==> 7E00020000660000000002F8930D7E
2026-03-30 08:29:53 - msg_id_0002 ==> 7E00020000660000000002F8940A7E
2026-03-30 08:29:56 - msg_id_0002 ==> 7E00020000660000000002F8950B7E
2026-03-30 08:29:59 - msg_id_0002 ==> 7E00020000660000000002F896087E
2026-03-30 08:30:02 - msg_id_0002 ==> 7E00020000660000000002F897097E
2026-03-30 08:30:06 - msg_id_0002 ==> 7E00020000660000000002F899077E
2026-03-30 08:30:09 - msg_id_0002 ==> 7E00020000660000000002F89A047E
2026-03-30 08:30:12 - msg_id_0002 ==> 7E00020000660000000002F89B057E
2026-03-30 08:30:15 - msg_id_0002 ==> 7E00020000660000000002F89C027E
2026-03-30 08:30:18 - msg_id_0002 ==> 7E00020000660000000002F89D037E
2026-03-30 08:30:21 - msg_id_0002 ==> 7E00020000660000000002F89E007E
2026-03-30 08:30:24 - msg_id_0002 ==> 7E00020000660000000002F89F017E
2026-03-30 08:30:27 - msg_id_0002 ==> 7E00020000660000000002F8A03E7E
2026-03-30 08:30:30 - msg_id_0002 ==> 7E00020000660000000002F8A13F7E
2026-03-30 08:30:33 - msg_id_0002 ==> 7E00020000660000000002F8A23C7E
2026-03-30 08:30:37 - msg_id_0002 ==> 7E00020000660000000002F8A43A7E
2026-03-30 08:30:40 - msg_id_0002 ==> 7E00020000660000000002F8A53B7E
2026-03-30 08:30:43 - msg_id_0002 ==> 7E00020000660000000002F8A6387E
2026-03-30 08:30:46 - msg_id_0002 ==> 7E00020000660000000002F8A7397E
2026-03-30 08:30:49 - msg_id_0002 ==> 7E00020000660000000002F8A8367E
2026-03-30 08:30:52 - msg_id_0002 ==> 7E00020000660000000002F8A9377E
2026-03-30 08:30:55 - msg_id_0002 ==> 7E00020000660000000002F8AA347E
2026-03-30 08:30:58 - msg_id_0002 ==> 7E00020000660000000002F8AB357E
2026-03-30 08:31:01 - msg_id_0002 ==> 7E00020000660000000002F8AC327E
2026-03-30 08:31:04 - msg_id_0002 ==> 7E00020000660000000002F8AD337E
2026-03-30 08:31:08 - msg_id_0002 ==> 7E00020000660000000002F8AF317E
2026-03-30 08:31:11 - msg_id_0002 ==> 7E00020000660000000002F8B02E7E
2026-03-30 08:31:14 - msg_id_0002 ==> 7E00020000660000000002F8B12F7E
2026-03-30 08:31:17 - msg_id_0002 ==> 7E00020000660000000002F8B22C7E
2026-03-30 08:31:20 - msg_id_0002 ==> 7E00020000660000000002F8B32D7E
2026-03-30 08:31:23 - msg_id_0002 ==> 7E00020000660000000002F8B42A7E
2026-03-30 08:31:26 - msg_id_0002 ==> 7E00020000660000000002F8B52B7E
2026-03-30 08:31:29 - msg_id_0002 ==> 7E00020000660000000002F8B6287E
2026-03-30 08:31:32 - msg_id_0002 ==> 7E00020000660000000002F8B7297E
2026-03-30 08:31:35 - msg_id_0002 ==> 7E00020000660000000002F8B8267E
2026-03-30 08:31:39 - msg_id_0002 ==> 7E00020000660000000002F8BA247E
2026-03-30 08:31:42 - msg_id_0002 ==> 7E00020000660000000002F8BB257E
2026-03-30 08:31:45 - msg_id_0002 ==> 7E00020000660000000002F8BC227E
2026-03-30 08:31:48 - msg_id_0002 ==> 7E00020000660000000002F8BD237E
2026-03-30 08:31:51 - msg_id_0002 ==> 7E00020000660000000002F8BE207E
2026-03-30 08:31:54 - msg_id_0002 ==> 7E00020000660000000002F8BF217E
2026-03-30 08:31:57 - msg_id_0002 ==> 7E00020000660000000002F8C05E7E
2026-03-30 08:32:00 - msg_id_0002 ==> 7E00020000660000000002F8C15F7E
2026-03-30 08:32:03 - msg_id_0002 ==> 7E00020000660000000002F8C25C7E
2026-03-30 08:32:06 - msg_id_0002 ==> 7E00020000660000000002F8C35D7E
2026-03-30 08:32:10 - msg_id_0002 ==> 7E00020000660000000002F8C55B7E
2026-03-30 08:32:13 - msg_id_0002 ==> 7E00020000660000000002F8C6587E
2026-03-30 08:32:16 - msg_id_0002 ==> 7E00020000660000000002F8C7597E
2026-03-30 08:32:19 - msg_id_0002 ==> 7E00020000660000000002F8C8567E
2026-03-30 08:32:22 - msg_id_0002 ==> 7E00020000660000000002F8C9577E
2026-03-30 08:32:25 - msg_id_0002 ==> 7E00020000660000000002F8CA547E
2026-03-30 08:32:28 - msg_id_0002 ==> 7E00020000660000000002F8CB557E
2026-03-30 08:32:31 - msg_id_0002 ==> 7E00020000660000000002F8CC527E
2026-03-30 08:32:34 - msg_id_0002 ==> 7E00020000660000000002F8CD537E
2026-03-30 08:32:37 - msg_id_0002 ==> 7E00020000660000000002F8CE507E
2026-03-30 08:32:41 - msg_id_0002 ==> 7E00020000660000000002F8D04E7E
2026-03-30 08:32:44 - msg_id_0002 ==> 7E00020000660000000002F8D14F7E
2026-03-30 08:32:47 - msg_id_0002 ==> 7E00020000660000000002F8D24C7E
2026-03-30 08:32:50 - msg_id_0002 ==> 7E00020000660000000002F8D34D7E
2026-03-30 08:32:53 - msg_id_0002 ==> 7E00020000660000000002F8D44A7E
2026-03-30 08:32:56 - msg_id_0002 ==> 7E00020000660000000002F8D54B7E
2026-03-30 08:32:59 - msg_id_0002 ==> 7E00020000660000000002F8D6487E
2026-03-30 08:33:02 - msg_id_0002 ==> 7E00020000660000000002F8D7497E
2026-03-30 08:33:05 - msg_id_0002 ==> 7E00020000660000000002F8D8467E
2026-03-30 08:33:09 - msg_id_0002 ==> 7E00020000660000000002F8D9477E
2026-03-30 08:33:12 - msg_id_0002 ==> 7E00020000660000000002F8DB457E
2026-03-30 08:33:15 - msg_id_0002 ==> 7E00020000660000000002F8DC427E
2026-03-30 08:33:18 - msg_id_0002 ==> 7E00020000660000000002F8DD437E
2026-03-30 08:33:21 - msg_id_0002 ==> 7E00020000660000000002F8DE407E
2026-03-30 08:33:24 - msg_id_0002 ==> 7E00020000660000000002F8DF417E
2026-03-30 08:33:27 - msg_id_0002 ==> 7E00020000660000000002F8E07D027E
2026-03-30 08:33:30 - msg_id_0002 ==> 7E00020000660000000002F8E17F7E
2026-03-30 08:33:33 - msg_id_0002 ==> 7E00020000660000000002F8E27C7E
2026-03-30 08:33:36 - msg_id_0002 ==> 7E00020000660000000002F8E37D017E
2026-03-30 08:33:40 - msg_id_0002 ==> 7E00020000660000000002F8E47A7E
2026-03-30 08:33:43 - msg_id_0002 ==> 7E00020000660000000002F8E6787E
2026-03-30 08:33:46 - msg_id_0002 ==> 7E00020000660000000002F8E7797E
2026-03-30 08:33:49 - msg_id_0002 ==> 7E00020000660000000002F8E8767E
2026-03-30 08:33:52 - msg_id_0002 ==> 7E00020000660000000002F8E9777E
2026-03-30 08:33:55 - msg_id_0002 ==> 7E00020000660000000002F8EA747E
2026-03-30 08:33:58 - msg_id_0002 ==> 7E00020000660000000002F8EB757E
2026-03-30 08:34:01 - msg_id_0002 ==> 7E00020000660000000002F8EC727E
2026-03-30 08:34:04 - msg_id_0002 ==> 7E00020000660000000002F8ED737E
2026-03-30 08:34:07 - msg_id_0002 ==> 7E00020000660000000002F8EE707E
2026-03-30 08:34:10 - msg_id_0002 ==> 7E00020000660000000002F8EF717E
2026-03-30 08:34:14 - msg_id_0002 ==> 7E00020000660000000002F8F16F7E
2026-03-30 08:34:17 - msg_id_0002 ==> 7E00020000660000000002F8F26C7E
2026-03-30 08:34:20 - msg_id_0002 ==> 7E00020000660000000002F8F36D7E
2026-03-30 08:34:23 - msg_id_0002 ==> 7E00020000660000000002F8F46A7E
2026-03-30 08:34:26 - msg_id_0002 ==> 7E00020000660000000002F8F56B7E
2026-03-30 08:34:29 - msg_id_0002 ==> 7E00020000660000000002F8F6687E
2026-03-30 08:34:32 - msg_id_0002 ==> 7E00020000660000000002F8F7697E
2026-03-30 08:34:35 - msg_id_0002 ==> 7E00020000660000000002F8F8667E
2026-03-30 08:34:38 - msg_id_0002 ==> 7E00020000660000000002F8F9677E
2026-03-30 08:34:42 - msg_id_0002 ==> 7E00020000660000000002F8FA647E
2026-03-30 08:34:45 - msg_id_0002 ==> 7E00020000660000000002F8FC627E
2026-03-30 08:34:48 - msg_id_0002 ==> 7E00020000660000000002F8FD637E
2026-03-30 08:34:51 - msg_id_0002 ==> 7E00020000660000000002F8FE607E
2026-03-30 08:34:54 - msg_id_0002 ==> 7E00020000660000000002F8FF617E
2026-03-30 08:34:57 - msg_id_0002 ==> 7E00020000660000000002F9009F7E
2026-03-30 08:35:00 - msg_id_0002 ==> 7E00020000660000000002F9019E7E
2026-03-30 08:35:03 - msg_id_0002 ==> 7E00020000660000000002F9029D7E
2026-03-30 08:35:06 - msg_id_0002 ==> 7E00020000660000000002F9039C7E
2026-03-30 08:35:09 - msg_id_0002 ==> 7E00020000660000000002F9049B7E
2026-03-30 08:35:13 - msg_id_0002 ==> 7E00020000660000000002F9059A7E
2026-03-30 08:35:16 - msg_id_0002 ==> 7E00020000660000000002F907987E
2026-03-30 08:35:19 - msg_id_0002 ==> 7E00020000660000000002F908977E
2026-03-30 08:35:22 - msg_id_0002 ==> 7E00020000660000000002F909967E
2026-03-30 08:35:25 - msg_id_0002 ==> 7E00020000660000000002F90A957E
2026-03-30 08:35:28 - msg_id_0002 ==> 7E00020000660000000002F90B947E
2026-03-30 08:35:31 - msg_id_0002 ==> 7E00020000660000000002F90C937E
2026-03-30 08:35:34 - msg_id_0002 ==> 7E00020000660000000002F90D927E
2026-03-30 08:35:37 - msg_id_0002 ==> 7E00020000660000000002F90E917E
2026-03-30 08:35:40 - msg_id_0002 ==> 7E00020000660000000002F90F907E
2026-03-30 08:35:44 - msg_id_0002 ==> 7E00020000660000000002F9108F7E
2026-03-30 08:35:47 - msg_id_0002 ==> 7E00020000660000000002F9128D7E
2026-03-30 08:35:50 - msg_id_0002 ==> 7E00020000660000000002F9138C7E
2026-03-30 08:35:53 - msg_id_0002 ==> 7E00020000660000000002F9148B7E
2026-03-30 08:35:56 - msg_id_0002 ==> 7E00020000660000000002F9158A7E
2026-03-30 08:35:59 - msg_id_0002 ==> 7E00020000660000000002F916897E
2026-03-30 08:36:02 - msg_id_0002 ==> 7E00020000660000000002F917887E
2026-03-30 08:36:05 - msg_id_0002 ==> 7E00020000660000000002F918877E
2026-03-30 08:36:08 - msg_id_0002 ==> 7E00020000660000000002F919867E
2026-03-30 08:36:11 - msg_id_0002 ==> 7E00020000660000000002F91A857E
2026-03-30 08:36:15 - msg_id_0002 ==> 7E00020000660000000002F91B847E
2026-03-30 08:36:18 - msg_id_0002 ==> 7E00020000660000000002F91D827E
2026-03-30 08:36:21 - msg_id_0002 ==> 7E00020000660000000002F91E817E
2026-03-30 08:36:24 - msg_id_0002 ==> 7E00020000660000000002F91F807E
2026-03-30 08:36:27 - msg_id_0002 ==> 7E00020000660000000002F920BF7E
2026-03-30 08:36:30 - msg_id_0002 ==> 7E00020000660000000002F921BE7E
2026-03-30 08:36:33 - msg_id_0002 ==> 7E00020000660000000002F922BD7E
2026-03-30 08:36:36 - msg_id_0002 ==> 7E00020000660000000002F923BC7E
2026-03-30 08:36:39 - msg_id_0002 ==> 7E00020000660000000002F924BB7E
2026-03-30 08:36:42 - msg_id_0002 ==> 7E00020000660000000002F925BA7E
2026-03-30 08:36:46 - msg_id_0002 ==> 7E00020000660000000002F926B97E
2026-03-30 08:36:49 - msg_id_0002 ==> 7E00020000660000000002F928B77E
2026-03-30 08:36:52 - msg_id_0002 ==> 7E00020000660000000002F929B67E
2026-03-30 08:36:55 - msg_id_0002 ==> 7E00020000660000000002F92AB57E
2026-03-30 08:36:58 - msg_id_0002 ==> 7E00020000660000000002F92BB47E
2026-03-30 08:37:01 - msg_id_0002 ==> 7E00020000660000000002F92CB37E
2026-03-30 08:37:04 - msg_id_0002 ==> 7E00020000660000000002F92DB27E
2026-03-30 08:37:07 - msg_id_0002 ==> 7E00020000660000000002F92EB17E
2026-03-30 08:37:10 - msg_id_0002 ==> 7E00020000660000000002F92FB07E
2026-03-30 08:37:13 - msg_id_0002 ==> 7E00020000660000000002F930AF7E
2026-03-30 08:37:17 - msg_id_0002 ==> 7E00020000660000000002F931AE7E
2026-03-30 08:37:20 - msg_id_0002 ==> 7E00020000660000000002F933AC7E
2026-03-30 08:37:23 - msg_id_0002 ==> 7E00020000660000000002F934AB7E
2026-03-30 08:37:26 - msg_id_0002 ==> 7E00020000660000000002F935AA7E
2026-03-30 08:37:29 - msg_id_0002 ==> 7E00020000660000000002F936A97E
2026-03-30 08:37:32 - msg_id_0002 ==> 7E00020000660000000002F937A87E
2026-03-30 08:37:35 - msg_id_0002 ==> 7E00020000660000000002F938A77E
2026-03-30 08:37:38 - msg_id_0002 ==> 7E00020000660000000002F939A67E
2026-03-30 08:37:41 - msg_id_0002 ==> 7E00020000660000000002F93AA57E
2026-03-30 08:37:44 - msg_id_0002 ==> 7E00020000660000000002F93BA47E
2026-03-30 08:37:48 - msg_id_0002 ==> 7E00020000660000000002F93CA37E
2026-03-30 08:37:51 - msg_id_0002 ==> 7E00020000660000000002F93EA17E
2026-03-30 08:37:54 - msg_id_0002 ==> 7E00020000660000000002F93FA07E
2026-03-30 08:37:57 - msg_id_0002 ==> 7E00020000660000000002F940DF7E
2026-03-30 08:38:00 - msg_id_0002 ==> 7E00020000660000000002F941DE7E
2026-03-30 08:38:03 - msg_id_0002 ==> 7E00020000660000000002F942DD7E
2026-03-30 08:38:06 - msg_id_0002 ==> 7E00020000660000000002F943DC7E
2026-03-30 08:38:09 - msg_id_0002 ==> 7E00020000660000000002F944DB7E
2026-03-30 08:38:12 - msg_id_0002 ==> 7E00020000660000000002F945DA7E
2026-03-30 08:38:16 - msg_id_0002 ==> 7E00020000660000000002F946D97E
2026-03-30 08:38:19 - msg_id_0002 ==> 7E00020000660000000002F947D87E
2026-03-30 08:38:22 - msg_id_0002 ==> 7E00020000660000000002F949D67E
2026-03-30 08:38:25 - msg_id_0002 ==> 7E00020000660000000002F94AD57E
2026-03-30 08:38:28 - msg_id_0002 ==> 7E00020000660000000002F94BD47E
2026-03-30 08:38:31 - msg_id_0002 ==> 7E00020000660000000002F94CD37E
2026-03-30 08:38:34 - msg_id_0002 ==> 7E00020000660000000002F94DD27E
2026-03-30 08:38:37 - msg_id_0002 ==> 7E00020000660000000002F94ED17E
2026-03-30 08:38:40 - msg_id_0002 ==> 7E00020000660000000002F94FD07E
2026-03-30 08:38:43 - msg_id_0002 ==> 7E00020000660000000002F950CF7E
2026-03-30 08:38:47 - msg_id_0002 ==> 7E00020000660000000002F951CE7E
2026-03-30 08:38:50 - msg_id_0002 ==> 7E00020000660000000002F952CD7E
2026-03-30 08:38:53 - msg_id_0002 ==> 7E00020000660000000002F954CB7E
2026-03-30 08:38:56 - msg_id_0002 ==> 7E00020000660000000002F955CA7E
2026-03-30 08:38:59 - msg_id_0002 ==> 7E00020000660000000002F956C97E
2026-03-30 08:39:02 - msg_id_0002 ==> 7E00020000660000000002F957C87E
2026-03-30 08:39:05 - msg_id_0002 ==> 7E00020000660000000002F958C77E
2026-03-30 08:39:08 - msg_id_0002 ==> 7E00020000660000000002F959C67E
2026-03-30 08:39:11 - msg_id_0002 ==> 7E00020000660000000002F95AC57E
2026-03-30 08:39:14 - msg_id_0002 ==> 7E00020000660000000002F95BC47E
2026-03-30 08:39:18 - msg_id_0002 ==> 7E00020000660000000002F95CC37E
2026-03-30 08:39:21 - msg_id_0002 ==> 7E00020000660000000002F95DC27E
2026-03-30 08:39:24 - msg_id_0002 ==> 7E00020000660000000002F95FC07E
2026-03-30 08:39:27 - msg_id_0002 ==> 7E00020000660000000002F960FF7E
2026-03-30 08:39:30 - msg_id_0002 ==> 7E00020000660000000002F961FE7E
2026-03-30 08:39:33 - msg_id_0002 ==> 7E00020000660000000002F962FD7E
2026-03-30 08:39:36 - msg_id_0002 ==> 7E00020000660000000002F963FC7E
2026-03-30 08:39:39 - msg_id_0002 ==> 7E00020000660000000002F964FB7E
2026-03-30 08:39:42 - msg_id_0002 ==> 7E00020000660000000002F965FA7E
2026-03-30 08:39:45 - msg_id_0002 ==> 7E00020000660000000002F966F97E
2026-03-30 08:39:49 - msg_id_0002 ==> 7E00020000660000000002F967F87E
2026-03-30 08:39:52 - msg_id_0002 ==> 7E00020000660000000002F968F77E
2026-03-30 08:39:55 - msg_id_0002 ==> 7E00020000660000000002F96AF57E
2026-03-30 08:39:58 - msg_id_0002 ==> 7E00020000660000000002F96BF47E
2026-03-30 08:40:01 - msg_id_0002 ==> 7E00020000660000000002F96CF37E
2026-03-30 08:40:04 - msg_id_0002 ==> 7E00020000660000000002F96DF27E
2026-03-30 08:40:07 - msg_id_0002 ==> 7E00020000660000000002F96EF17E
2026-03-30 08:40:10 - msg_id_0002 ==> 7E00020000660000000002F96FF07E
2026-03-30 08:40:13 - msg_id_0002 ==> 7E00020000660000000002F970EF7E
2026-03-30 08:40:16 - msg_id_0002 ==> 7E00020000660000000002F971EE7E
2026-03-30 08:40:20 - msg_id_0002 ==> 7E00020000660000000002F972ED7E
2026-03-30 08:40:23 - msg_id_0002 ==> 7E00020000660000000002F973EC7E
2026-03-30 08:40:26 - msg_id_0002 ==> 7E00020000660000000002F975EA7E
2026-03-30 08:40:29 - msg_id_0002 ==> 7E00020000660000000002F976E97E
2026-03-30 08:40:32 - msg_id_0002 ==> 7E00020000660000000002F977E87E
2026-03-30 08:40:35 - msg_id_0002 ==> 7E00020000660000000002F978E77E
2026-03-30 08:40:38 - msg_id_0002 ==> 7E00020000660000000002F979E67E
2026-03-30 08:40:41 - msg_id_0002 ==> 7E00020000660000000002F97AE57E
2026-03-30 08:40:44 - msg_id_0002 ==> 7E00020000660000000002F97BE47E
2026-03-30 08:40:47 - msg_id_0002 ==> 7E00020000660000000002F97CE37E
2026-03-30 08:40:51 - msg_id_0002 ==> 7E00020000660000000002F97D01E27E
2026-03-30 08:40:54 - msg_id_0002 ==> 7E00020000660000000002F97D02E17E
2026-03-30 08:41:01 - msg_id_0002 ==> 7E00020000660000000002F9831C7E
2026-03-30 08:41:04 - msg_id_0002 ==> 7E00020000660000000002F9841B7E
2026-03-30 08:41:07 - msg_id_0002 ==> 7E00020000660000000002F9851A7E
2026-03-30 08:41:10 - msg_id_0002 ==> 7E00020000660000000002F986197E
2026-03-30 08:41:13 - msg_id_0002 ==> 7E00020000660000000002F987187E
2026-03-30 08:41:17 - msg_id_0002 ==> 7E00020000660000000002F988177E
2026-03-30 08:41:20 - msg_id_0002 ==> 7E00020000660000000002F989167E
2026-03-30 08:41:23 - msg_id_0002 ==> 7E00020000660000000002F98A157E
2026-03-30 08:41:26 - msg_id_0002 ==> 7E00020000660000000002F98B147E
2026-03-30 08:41:29 - msg_id_0002 ==> 7E00020000660000000002F98C137E
2026-03-30 08:41:32 - msg_id_0002 ==> 7E00020000660000000002F98E117E
2026-03-30 08:41:35 - msg_id_0002 ==> 7E00020000660000000002F98F107E
2026-03-30 08:41:38 - msg_id_0002 ==> 7E00020000660000000002F9900F7E
2026-03-30 08:41:41 - msg_id_0002 ==> 7E00020000660000000002F9910E7E
2026-03-30 08:41:44 - msg_id_0002 ==> 7E00020000660000000002F9920D7E
2026-03-30 08:41:48 - msg_id_0002 ==> 7E00020000660000000002F9930C7E
2026-03-30 08:41:51 - msg_id_0002 ==> 7E00020000660000000002F9940B7E
2026-03-30 08:41:54 - msg_id_0002 ==> 7E00020000660000000002F9950A7E
2026-03-30 08:41:57 - msg_id_0002 ==> 7E00020000660000000002F996097E
2026-03-30 08:42:00 - msg_id_0002 ==> 7E00020000660000000002F997087E
2026-03-30 08:42:03 - msg_id_0002 ==> 7E00020000660000000002F999067E
2026-03-30 08:42:06 - msg_id_0002 ==> 7E00020000660000000002F99A057E
2026-03-30 08:42:09 - msg_id_0002 ==> 7E00020000660000000002F99B047E
2026-03-30 08:42:12 - msg_id_0002 ==> 7E00020000660000000002F99C037E
2026-03-30 08:42:15 - msg_id_0002 ==> 7E00020000660000000002F99D027E
2026-03-30 08:42:19 - msg_id_0002 ==> 7E00020000660000000002F99E017E
2026-03-30 08:42:22 - msg_id_0002 ==> 7E00020000660000000002F99F007E
2026-03-30 08:42:25 - msg_id_0002 ==> 7E00020000660000000002F9A03F7E
2026-03-30 08:42:28 - msg_id_0002 ==> 7E00020000660000000002F9A13E7E
2026-03-30 08:42:31 - msg_id_0002 ==> 7E00020000660000000002F9A23D7E
2026-03-30 08:42:34 - msg_id_0002 ==> 7E00020000660000000002F9A43B7E
2026-03-30 08:42:37 - msg_id_0002 ==> 7E00020000660000000002F9A53A7E
2026-03-30 08:42:40 - msg_id_0002 ==> 7E00020000660000000002F9A6397E
2026-03-30 08:42:43 - msg_id_0002 ==> 7E00020000660000000002F9A7387E
2026-03-30 08:42:46 - msg_id_0002 ==> 7E00020000660000000002F9A8377E
2026-03-30 08:42:50 - msg_id_0002 ==> 7E00020000660000000002F9A9367E
2026-03-30 08:42:53 - msg_id_0002 ==> 7E00020000660000000002F9AA357E
2026-03-30 08:42:56 - msg_id_0002 ==> 7E00020000660000000002F9AB347E
2026-03-30 08:42:59 - msg_id_0002 ==> 7E00020000660000000002F9AC337E
2026-03-30 08:43:02 - msg_id_0002 ==> 7E00020000660000000002F9AD327E
2026-03-30 08:43:05 - msg_id_0002 ==> 7E00020000660000000002F9AF307E
2026-03-30 08:43:08 - msg_id_0002 ==> 7E00020000660000000002F9B02F7E
2026-03-30 08:43:11 - msg_id_0002 ==> 7E00020000660000000002F9B12E7E
2026-03-30 08:43:14 - msg_id_0002 ==> 7E00020000660000000002F9B22D7E
2026-03-30 08:43:17 - msg_id_0002 ==> 7E00020000660000000002F9B32C7E
2026-03-30 08:43:21 - msg_id_0002 ==> 7E00020000660000000002F9B42B7E
2026-03-30 08:43:24 - msg_id_0002 ==> 7E00020000660000000002F9B52A7E
2026-03-30 08:43:27 - msg_id_0002 ==> 7E00020000660000000002F9B6297E
2026-03-30 08:43:30 - msg_id_0002 ==> 7E00020000660000000002F9B7287E
2026-03-30 08:43:33 - msg_id_0002 ==> 7E00020000660000000002F9B8277E
2026-03-30 08:43:36 - msg_id_0002 ==> 7E00020000660000000002F9BA257E
2026-03-30 08:43:39 - msg_id_0002 ==> 7E00020000660000000002F9BB247E
2026-03-30 08:43:42 - msg_id_0002 ==> 7E00020000660000000002F9BC237E
2026-03-30 08:43:45 - msg_id_0002 ==> 7E00020000660000000002F9BD227E
2026-03-30 08:43:48 - msg_id_0002 ==> 7E00020000660000000002F9BE217E
2026-03-30 08:43:52 - msg_id_0002 ==> 7E00020000660000000002F9BF207E
2026-03-30 08:43:55 - msg_id_0002 ==> 7E00020000660000000002F9C05F7E
2026-03-30 08:43:58 - msg_id_0002 ==> 7E00020000660000000002F9C15E7E
2026-03-30 08:44:01 - msg_id_0002 ==> 7E00020000660000000002F9C25D7E
2026-03-30 08:44:04 - msg_id_0002 ==> 7E00020000660000000002F9C35C7E
2026-03-30 08:44:07 - msg_id_0002 ==> 7E00020000660000000002F9C55A7E
2026-03-30 08:44:10 - msg_id_0002 ==> 7E00020000660000000002F9C6597E
2026-03-30 08:44:13 - msg_id_0002 ==> 7E00020000660000000002F9C7587E
2026-03-30 08:44:16 - msg_id_0002 ==> 7E00020000660000000002F9C8577E
2026-03-30 08:44:19 - msg_id_0002 ==> 7E00020000660000000002F9C9567E
2026-03-30 08:44:23 - msg_id_0002 ==> 7E00020000660000000002F9CA557E
2026-03-30 08:44:26 - msg_id_0002 ==> 7E00020000660000000002F9CB547E
2026-03-30 08:44:29 - msg_id_0002 ==> 7E00020000660000000002F9CC537E
2026-03-30 08:44:32 - msg_id_0002 ==> 7E00020000660000000002F9CD527E
2026-03-30 08:44:35 - msg_id_0002 ==> 7E00020000660000000002F9CE517E
2026-03-30 08:44:38 - msg_id_0002 ==> 7E00020000660000000002F9D04F7E
2026-03-30 08:44:41 - msg_id_0002 ==> 7E00020000660000000002F9D14E7E
2026-03-30 08:44:44 - msg_id_0002 ==> 7E00020000660000000002F9D24D7E
2026-03-30 08:44:47 - msg_id_0002 ==> 7E00020000660000000002F9D34C7E
2026-03-30 08:44:50 - msg_id_0002 ==> 7E00020000660000000002F9D44B7E
2026-03-30 08:44:54 - msg_id_0002 ==> 7E00020000660000000002F9D54A7E
2026-03-30 08:44:57 - msg_id_0002 ==> 7E00020000660000000002F9D6497E
2026-03-30 08:45:00 - msg_id_0002 ==> 7E00020000660000000002F9D7487E
2026-03-30 08:45:03 - msg_id_0002 ==> 7E00020000660000000002F9D8477E
2026-03-30 08:45:06 - msg_id_0002 ==> 7E00020000660000000002F9D9467E
2026-03-30 08:45:09 - msg_id_0002 ==> 7E00020000660000000002F9DB447E
2026-03-30 08:45:12 - msg_id_0002 ==> 7E00020000660000000002F9DC437E
2026-03-30 08:45:15 - msg_id_0002 ==> 7E00020000660000000002F9DD427E
2026-03-30 08:45:18 - msg_id_0002 ==> 7E00020000660000000002F9DE417E
2026-03-30 08:45:21 - msg_id_0002 ==> 7E00020000660000000002F9DF407E
2026-03-30 08:45:25 - msg_id_0002 ==> 7E00020000660000000002F9E07F7E
2026-03-30 08:45:28 - msg_id_0002 ==> 7E00020000660000000002F9E17D027E
2026-03-30 08:45:31 - msg_id_0002 ==> 7E00020000660000000002F9E27D017E
2026-03-30 08:45:34 - msg_id_0002 ==> 7E00020000660000000002F9E37C7E
2026-03-30 08:45:37 - msg_id_0002 ==> 7E00020000660000000002F9E47B7E
2026-03-30 08:45:40 - msg_id_0002 ==> 7E00020000660000000002F9E6797E
2026-03-30 08:45:43 - msg_id_0002 ==> 7E00020000660000000002F9E7787E
2026-03-30 08:45:46 - msg_id_0002 ==> 7E00020000660000000002F9E8777E
2026-03-30 08:45:49 - msg_id_0002 ==> 7E00020000660000000002F9E9767E
2026-03-30 08:45:52 - msg_id_0002 ==> 7E00020000660000000002F9EA757E
2026-03-30 08:45:56 - msg_id_0002 ==> 7E00020000660000000002F9EB747E
2026-03-30 08:45:59 - msg_id_0002 ==> 7E00020000660000000002F9EC737E
2026-03-30 08:46:02 - msg_id_0002 ==> 7E00020000660000000002F9ED727E
2026-03-30 08:46:05 - msg_id_0002 ==> 7E00020000660000000002F9EE717E
2026-03-30 08:46:08 - msg_id_0002 ==> 7E00020000660000000002F9EF707E
2026-03-30 08:46:11 - msg_id_0002 ==> 7E00020000660000000002F9F16E7E
2026-03-30 08:46:14 - msg_id_0002 ==> 7E00020000660000000002F9F26D7E
2026-03-30 08:46:17 - msg_id_0002 ==> 7E00020000660000000002F9F36C7E
2026-03-30 08:46:20 - msg_id_0002 ==> 7E00020000660000000002F9F46B7E
2026-03-30 08:46:23 - msg_id_0002 ==> 7E00020000660000000002F9F56A7E
2026-03-30 08:46:27 - msg_id_0002 ==> 7E00020000660000000002F9F6697E
2026-03-30 08:46:30 - msg_id_0002 ==> 7E00020000660000000002F9F7687E
2026-03-30 08:46:33 - msg_id_0002 ==> 7E00020000660000000002F9F8677E
2026-03-30 08:46:36 - msg_id_0002 ==> 7E00020000660000000002F9F9667E
2026-03-30 08:46:39 - msg_id_0002 ==> 7E00020000660000000002F9FA657E
2026-03-30 08:46:42 - msg_id_0002 ==> 7E00020000660000000002F9FC637E
2026-03-30 08:46:45 - msg_id_0002 ==> 7E00020000660000000002F9FD627E
2026-03-30 08:46:48 - msg_id_0002 ==> 7E00020000660000000002F9FE617E
2026-03-30 08:46:51 - msg_id_0002 ==> 7E00020000660000000002F9FF607E
2026-03-30 08:46:54 - msg_id_0002 ==> 7E00020000660000000002FA009C7E
2026-03-30 08:46:58 - msg_id_0002 ==> 7E00020000660000000002FA019D7E
2026-03-30 08:47:01 - msg_id_0002 ==> 7E00020000660000000002FA029E7E
2026-03-30 08:47:04 - msg_id_0002 ==> 7E00020000660000000002FA039F7E
2026-03-30 08:47:07 - msg_id_0002 ==> 7E00020000660000000002FA04987E
2026-03-30 08:47:10 - msg_id_0002 ==> 7E00020000660000000002FA05997E
2026-03-30 08:47:13 - msg_id_0002 ==> 7E00020000660000000002FA079B7E
2026-03-30 08:47:16 - msg_id_0002 ==> 7E00020000660000000002FA08947E
2026-03-30 08:47:19 - msg_id_0002 ==> 7E00020000660000000002FA09957E
2026-03-30 08:47:22 - msg_id_0002 ==> 7E00020000660000000002FA0A967E
2026-03-30 08:47:25 - msg_id_0002 ==> 7E00020000660000000002FA0B977E
2026-03-30 08:47:29 - msg_id_0002 ==> 7E00020000660000000002FA0C907E
2026-03-30 08:47:32 - msg_id_0002 ==> 7E00020000660000000002FA0D917E
2026-03-30 08:47:35 - msg_id_0002 ==> 7E00020000660000000002FA0E927E
2026-03-30 08:47:38 - msg_id_0002 ==> 7E00020000660000000002FA0F937E
2026-03-30 08:47:41 - msg_id_0002 ==> 7E00020000660000000002FA108C7E
2026-03-30 08:47:44 - msg_id_0002 ==> 7E00020000660000000002FA128E7E
2026-03-30 08:47:47 - msg_id_0002 ==> 7E00020000660000000002FA138F7E
2026-03-30 08:47:50 - msg_id_0002 ==> 7E00020000660000000002FA14887E
2026-03-30 08:47:53 - msg_id_0002 ==> 7E00020000660000000002FA15897E
2026-03-30 08:47:56 - msg_id_0002 ==> 7E00020000660000000002FA168A7E
2026-03-30 08:48:00 - msg_id_0002 ==> 7E00020000660000000002FA178B7E
2026-03-30 08:48:03 - msg_id_0002 ==> 7E00020000660000000002FA18847E
2026-03-30 08:48:06 - msg_id_0002 ==> 7E00020000660000000002FA19857E
2026-03-30 08:48:09 - msg_id_0002 ==> 7E00020000660000000002FA1A867E
2026-03-30 08:48:12 - msg_id_0002 ==> 7E00020000660000000002FA1B877E
2026-03-30 08:48:15 - msg_id_0002 ==> 7E00020000660000000002FA1D817E
2026-03-30 08:48:18 - msg_id_0002 ==> 7E00020000660000000002FA1E827E
2026-03-30 08:48:21 - msg_id_0002 ==> 7E00020000660000000002FA1F837E
2026-03-30 08:48:24 - msg_id_0002 ==> 7E00020000660000000002FA20BC7E
2026-03-30 08:48:27 - msg_id_0002 ==> 7E00020000660000000002FA21BD7E
2026-03-30 08:48:31 - msg_id_0002 ==> 7E00020000660000000002FA22BE7E
2026-03-30 08:48:34 - msg_id_0002 ==> 7E00020000660000000002FA23BF7E
2026-03-30 08:48:37 - msg_id_0002 ==> 7E00020000660000000002FA24B87E
2026-03-30 08:48:40 - msg_id_0002 ==> 7E00020000660000000002FA25B97E
2026-03-30 08:48:43 - msg_id_0002 ==> 7E00020000660000000002FA26BA7E
2026-03-30 08:48:46 - msg_id_0002 ==> 7E00020000660000000002FA28B47E
2026-03-30 08:48:49 - msg_id_0002 ==> 7E00020000660000000002FA29B57E
2026-03-30 08:48:52 - msg_id_0002 ==> 7E00020000660000000002FA2AB67E
2026-03-30 08:48:55 - msg_id_0002 ==> 7E00020000660000000002FA2BB77E
2026-03-30 08:48:58 - msg_id_0002 ==> 7E00020000660000000002FA2CB07E
2026-03-30 08:49:02 - msg_id_0002 ==> 7E00020000660000000002FA2DB17E
2026-03-30 08:49:05 - msg_id_0002 ==> 7E00020000660000000002FA2EB27E
2026-03-30 08:49:08 - msg_id_0002 ==> 7E00020000660000000002FA2FB37E
2026-03-30 08:49:11 - msg_id_0002 ==> 7E00020000660000000002FA30AC7E
2026-03-30 08:49:14 - msg_id_0002 ==> 7E00020000660000000002FA31AD7E
2026-03-30 08:49:17 - msg_id_0002 ==> 7E00020000660000000002FA33AF7E
2026-03-30 08:49:20 - msg_id_0002 ==> 7E00020000660000000002FA34A87E
2026-03-30 08:49:23 - msg_id_0002 ==> 7E00020000660000000002FA35A97E
2026-03-30 08:49:26 - msg_id_0002 ==> 7E00020000660000000002FA36AA7E
2026-03-30 08:49:29 - msg_id_0002 ==> 7E00020000660000000002FA37AB7E
2026-03-30 08:49:33 - msg_id_0002 ==> 7E00020000660000000002FA38A47E
2026-03-30 08:49:36 - msg_id_0002 ==> 7E00020000660000000002FA39A57E
2026-03-30 08:49:39 - msg_id_0002 ==> 7E00020000660000000002FA3AA67E
2026-03-30 08:49:42 - msg_id_0002 ==> 7E00020000660000000002FA3BA77E
2026-03-30 08:49:45 - msg_id_0002 ==> 7E00020000660000000002FA3CA07E
2026-03-30 08:49:48 - msg_id_0002 ==> 7E00020000660000000002FA3EA27E
2026-03-30 08:49:51 - msg_id_0002 ==> 7E00020000660000000002FA3FA37E
2026-03-30 08:49:54 - msg_id_0002 ==> 7E00020000660000000002FA40DC7E
2026-03-30 08:49:57 - msg_id_0002 ==> 7E00020000660000000002FA41DD7E
2026-03-30 08:50:00 - msg_id_0002 ==> 7E00020000660000000002FA42DE7E
2026-03-30 08:50:04 - msg_id_0002 ==> 7E00020000660000000002FA43DF7E
2026-03-30 08:50:07 - msg_id_0002 ==> 7E00020000660000000002FA44D87E
2026-03-30 08:50:10 - msg_id_0002 ==> 7E00020000660000000002FA45D97E
2026-03-30 08:50:13 - msg_id_0002 ==> 7E00020000660000000002FA46DA7E
2026-03-30 08:50:16 - msg_id_0002 ==> 7E00020000660000000002FA47DB7E
2026-03-30 08:50:19 - msg_id_0002 ==> 7E00020000660000000002FA49D57E
2026-03-30 08:50:22 - msg_id_0002 ==> 7E00020000660000000002FA4AD67E
2026-03-30 08:50:25 - msg_id_0002 ==> 7E00020000660000000002FA4BD77E
2026-03-30 08:50:28 - msg_id_0002 ==> 7E00020000660000000002FA4CD07E
2026-03-30 08:50:31 - msg_id_0002 ==> 7E00020000660000000002FA4DD17E
2026-03-30 08:50:35 - msg_id_0002 ==> 7E00020000660000000002FA4ED27E
2026-03-30 08:50:38 - msg_id_0002 ==> 7E00020000660000000002FA4FD37E
2026-03-30 08:50:41 - msg_id_0002 ==> 7E00020000660000000002FA50CC7E
2026-03-30 08:50:44 - msg_id_0002 ==> 7E00020000660000000002FA51CD7E
2026-03-30 08:50:47 - msg_id_0002 ==> 7E00020000660000000002FA52CE7E
2026-03-30 08:50:50 - msg_id_0002 ==> 7E00020000660000000002FA54C87E
2026-03-30 08:50:53 - msg_id_0002 ==> 7E00020000660000000002FA55C97E
2026-03-30 08:50:56 - msg_id_0002 ==> 7E00020000660000000002FA56CA7E
2026-03-30 08:50:59 - msg_id_0002 ==> 7E00020000660000000002FA57CB7E
2026-03-30 08:51:02 - msg_id_0002 ==> 7E00020000660000000002FA58C47E
2026-03-30 08:51:06 - msg_id_0002 ==> 7E00020000660000000002FA59C57E
2026-03-30 08:51:09 - msg_id_0002 ==> 7E00020000660000000002FA5AC67E
2026-03-30 08:51:12 - msg_id_0002 ==> 7E00020000660000000002FA5BC77E
2026-03-30 08:51:15 - msg_id_0002 ==> 7E00020000660000000002FA5CC07E
2026-03-30 08:51:18 - msg_id_0002 ==> 7E00020000660000000002FA5DC17E
2026-03-30 08:51:21 - msg_id_0002 ==> 7E00020000660000000002FA5FC37E
2026-03-30 08:51:24 - msg_id_0002 ==> 7E00020000660000000002FA60FC7E
2026-03-30 08:51:27 - msg_id_0002 ==> 7E00020000660000000002FA61FD7E
2026-03-30 08:51:30 - msg_id_0002 ==> 7E00020000660000000002FA62FE7E
2026-03-30 08:51:34 - msg_id_0002 ==> 7E00020000660000000002FA63FF7E
2026-03-30 08:51:37 - msg_id_0002 ==> 7E00020000660000000002FA64F87E
2026-03-30 08:51:40 - msg_id_0002 ==> 7E00020000660000000002FA65F97E
2026-03-30 08:51:43 - msg_id_0002 ==> 7E00020000660000000002FA66FA7E
2026-03-30 08:51:46 - msg_id_0002 ==> 7E00020000660000000002FA67FB7E
2026-03-30 08:51:49 - msg_id_0002 ==> 7E00020000660000000002FA68F47E
2026-03-30 08:51:52 - msg_id_0002 ==> 7E00020000660000000002FA6AF67E
2026-03-30 08:51:55 - msg_id_0002 ==> 7E00020000660000000002FA6BF77E
2026-03-30 08:51:58 - msg_id_0002 ==> 7E00020000660000000002FA6CF07E
2026-03-30 08:52:01 - msg_id_0002 ==> 7E00020000660000000002FA6DF17E
2026-03-30 08:52:05 - msg_id_0002 ==> 7E00020000660000000002FA6EF27E
2026-03-30 08:52:08 - msg_id_0002 ==> 7E00020000660000000002FA6FF37E
2026-03-30 08:52:11 - msg_id_0002 ==> 7E00020000660000000002FA70EC7E
2026-03-30 08:52:14 - msg_id_0002 ==> 7E00020000660000000002FA71ED7E
2026-03-30 08:52:17 - msg_id_0002 ==> 7E00020000660000000002FA72EE7E
2026-03-30 08:52:20 - msg_id_0002 ==> 7E00020000660000000002FA73EF7E
2026-03-30 08:52:23 - msg_id_0002 ==> 7E00020000660000000002FA75E97E
2026-03-30 08:52:26 - msg_id_0002 ==> 7E00020000660000000002FA76EA7E
2026-03-30 08:52:29 - msg_id_0002 ==> 7E00020000660000000002FA77EB7E
2026-03-30 08:52:32 - msg_id_0002 ==> 7E00020000660000000002FA78E47E
2026-03-30 08:52:36 - msg_id_0002 ==> 7E00020000660000000002FA79E57E
2026-03-30 08:52:39 - msg_id_0002 ==> 7E00020000660000000002FA7AE67E
2026-03-30 08:52:42 - msg_id_0002 ==> 7E00020000660000000002FA7BE77E
2026-03-30 08:52:45 - msg_id_0002 ==> 7E00020000660000000002FA7CE07E
2026-03-30 08:52:48 - msg_id_0002 ==> 7E00020000660000000002FA7D01E17E
2026-03-30 08:52:51 - msg_id_0002 ==> 7E00020000660000000002FA7D02E27E
2026-03-30 08:52:59 - msg_id_0002 ==> 7E00020000660000000002FA831F7E
2026-03-30 08:53:02 - msg_id_0002 ==> 7E00020000660000000002FA84187E
2026-03-30 08:53:05 - msg_id_0002 ==> 7E00020000660000000002FA85197E
2026-03-30 08:53:08 - msg_id_0002 ==> 7E00020000660000000002FA861A7E
2026-03-30 08:53:11 - msg_id_0002 ==> 7E00020000660000000002FA871B7E
2026-03-30 08:53:14 - msg_id_0002 ==> 7E00020000660000000002FA88147E
2026-03-30 08:53:17 - msg_id_0002 ==> 7E00020000660000000002FA89157E
2026-03-30 08:53:20 - msg_id_0002 ==> 7E00020000660000000002FA8A167E
2026-03-30 08:53:23 - msg_id_0002 ==> 7E00020000660000000002FA8B177E
2026-03-30 08:53:27 - msg_id_0002 ==> 7E00020000660000000002FA8C107E
2026-03-30 08:53:30 - msg_id_0002 ==> 7E00020000660000000002FA8E127E
2026-03-30 08:53:33 - msg_id_0002 ==> 7E00020000660000000002FA8F137E
2026-03-30 08:53:36 - msg_id_0002 ==> 7E00020000660000000002FA900C7E
2026-03-30 08:53:39 - msg_id_0002 ==> 7E00020000660000000002FA910D7E
2026-03-30 08:53:42 - msg_id_0002 ==> 7E00020000660000000002FA920E7E
2026-03-30 08:53:45 - msg_id_0002 ==> 7E00020000660000000002FA930F7E
2026-03-30 08:53:48 - msg_id_0002 ==> 7E00020000660000000002FA94087E
2026-03-30 08:53:51 - msg_id_0002 ==> 7E00020000660000000002FA95097E
2026-03-30 08:53:54 - msg_id_0002 ==> 7E00020000660000000002FA960A7E
2026-03-30 08:53:58 - msg_id_0002 ==> 7E00020000660000000002FA970B7E
2026-03-30 08:54:01 - msg_id_0002 ==> 7E00020000660000000002FA99057E
2026-03-30 08:54:04 - msg_id_0002 ==> 7E00020000660000000002FA9A067E
2026-03-30 08:54:07 - msg_id_0002 ==> 7E00020000660000000002FA9B077E
2026-03-30 08:54:10 - msg_id_0002 ==> 7E00020000660000000002FA9C007E
2026-03-30 08:54:13 - msg_id_0002 ==> 7E00020000660000000002FA9D017E
2026-03-30 08:54:16 - msg_id_0002 ==> 7E00020000660000000002FA9E027E
2026-03-30 08:54:19 - msg_id_0002 ==> 7E00020000660000000002FA9F037E
2026-03-30 08:54:22 - msg_id_0002 ==> 7E00020000660000000002FAA03C7E
2026-03-30 08:54:25 - msg_id_0002 ==> 7E00020000660000000002FAA13D7E
2026-03-30 08:54:29 - msg_id_0002 ==> 7E00020000660000000002FAA23E7E
2026-03-30 08:54:32 - msg_id_0002 ==> 7E00020000660000000002FAA4387E
2026-03-30 08:54:35 - msg_id_0002 ==> 7E00020000660000000002FAA5397E
2026-03-30 08:54:38 - msg_id_0002 ==> 7E00020000660000000002FAA63A7E
2026-03-30 08:54:41 - msg_id_0002 ==> 7E00020000660000000002FAA73B7E
2026-03-30 08:54:44 - msg_id_0002 ==> 7E00020000660000000002FAA8347E
2026-03-30 08:54:47 - msg_id_0002 ==> 7E00020000660000000002FAA9357E
2026-03-30 08:54:50 - msg_id_0002 ==> 7E00020000660000000002FAAA367E
2026-03-30 08:54:53 - msg_id_0002 ==> 7E00020000660000000002FAAB377E
2026-03-30 08:54:56 - msg_id_0002 ==> 7E00020000660000000002FAAC307E
2026-03-30 08:55:00 - msg_id_0002 ==> 7E00020000660000000002FAAD317E
2026-03-30 08:55:03 - msg_id_0002 ==> 7E00020000660000000002FAAF337E
2026-03-30 08:55:06 - msg_id_0002 ==> 7E00020000660000000002FAB02C7E
2026-03-30 08:55:09 - msg_id_0002 ==> 7E00020000660000000002FAB12D7E
2026-03-30 08:55:12 - msg_id_0002 ==> 7E00020000660000000002FAB22E7E
2026-03-30 08:55:15 - msg_id_0002 ==> 7E00020000660000000002FAB32F7E
2026-03-30 08:55:18 - msg_id_0002 ==> 7E00020000660000000002FAB4287E
2026-03-30 08:55:21 - msg_id_0002 ==> 7E00020000660000000002FAB5297E
2026-03-30 08:55:24 - msg_id_0002 ==> 7E00020000660000000002FAB62A7E
2026-03-30 08:55:27 - msg_id_0002 ==> 7E00020000660000000002FAB72B7E
2026-03-30 08:55:31 - msg_id_0002 ==> 7E00020000660000000002FAB8247E
2026-03-30 08:55:34 - msg_id_0002 ==> 7E00020000660000000002FABA267E
2026-03-30 08:55:37 - msg_id_0002 ==> 7E00020000660000000002FABB277E
2026-03-30 08:55:40 - msg_id_0002 ==> 7E00020000660000000002FABC207E
2026-03-30 08:55:43 - msg_id_0002 ==> 7E00020000660000000002FABD217E
2026-03-30 08:55:46 - msg_id_0002 ==> 7E00020000660000000002FABE227E
2026-03-30 08:55:49 - msg_id_0002 ==> 7E00020000660000000002FABF237E
2026-03-30 08:55:52 - msg_id_0002 ==> 7E00020000660000000002FAC05C7E
2026-03-30 08:55:55 - msg_id_0002 ==> 7E00020000660000000002FAC15D7E
2026-03-30 08:55:58 - msg_id_0002 ==> 7E00020000660000000002FAC25E7E
2026-03-30 08:56:02 - msg_id_0002 ==> 7E00020000660000000002FAC35F7E
2026-03-30 08:56:05 - msg_id_0002 ==> 7E00020000660000000002FAC5597E
2026-03-30 08:56:08 - msg_id_0002 ==> 7E00020000660000000002FAC65A7E
2026-03-30 08:56:11 - msg_id_0002 ==> 7E00020000660000000002FAC75B7E
2026-03-30 08:56:14 - msg_id_0002 ==> 7E00020000660000000002FAC8547E
2026-03-30 08:56:17 - msg_id_0002 ==> 7E00020000660000000002FAC9557E
2026-03-30 08:56:20 - msg_id_0002 ==> 7E00020000660000000002FACA567E
2026-03-30 08:56:23 - msg_id_0002 ==> 7E00020000660000000002FACB577E
2026-03-30 08:56:26 - msg_id_0002 ==> 7E00020000660000000002FACC507E
2026-03-30 08:56:29 - msg_id_0002 ==> 7E00020000660000000002FACD517E
2026-03-30 08:56:33 - msg_id_0002 ==> 7E00020000660000000002FACE527E
2026-03-30 08:56:36 - msg_id_0002 ==> 7E00020000660000000002FAD04C7E
2026-03-30 08:56:39 - msg_id_0002 ==> 7E00020000660000000002FAD14D7E
2026-03-30 08:56:42 - msg_id_0002 ==> 7E00020000660000000002FAD24E7E
2026-03-30 08:56:45 - msg_id_0002 ==> 7E00020000660000000002FAD34F7E
2026-03-30 08:56:48 - msg_id_0002 ==> 7E00020000660000000002FAD4487E
2026-03-30 08:56:51 - msg_id_0002 ==> 7E00020000660000000002FAD5497E
2026-03-30 08:56:54 - msg_id_0002 ==> 7E00020000660000000002FAD64A7E
2026-03-30 08:56:57 - msg_id_0002 ==> 7E00020000660000000002FAD74B7E
2026-03-30 08:57:00 - msg_id_0002 ==> 7E00020000660000000002FAD8447E
2026-03-30 08:57:04 - msg_id_0002 ==> 7E00020000660000000002FAD9457E
2026-03-30 08:57:07 - msg_id_0002 ==> 7E00020000660000000002FADB477E
2026-03-30 08:57:10 - msg_id_0002 ==> 7E00020000660000000002FADC407E
2026-03-30 08:57:13 - msg_id_0002 ==> 7E00020000660000000002FADD417E
2026-03-30 08:57:16 - msg_id_0002 ==> 7E00020000660000000002FADE427E
2026-03-30 08:57:19 - msg_id_0002 ==> 7E00020000660000000002FADF437E
2026-03-30 08:57:22 - msg_id_0002 ==> 7E00020000660000000002FAE07C7E
2026-03-30 08:57:25 - msg_id_0002 ==> 7E00020000660000000002FAE17D017E
2026-03-30 08:57:28 - msg_id_0002 ==> 7E00020000660000000002FAE27D027E
2026-03-30 08:57:31 - msg_id_0002 ==> 7E00020000660000000002FAE37F7E
2026-03-30 08:57:35 - msg_id_0002 ==> 7E00020000660000000002FAE4787E
2026-03-30 08:57:38 - msg_id_0002 ==> 7E00020000660000000002FAE67A7E
2026-03-30 08:57:41 - msg_id_0002 ==> 7E00020000660000000002FAE77B7E
2026-03-30 08:57:44 - msg_id_0002 ==> 7E00020000660000000002FAE8747E
2026-03-30 08:57:47 - msg_id_0002 ==> 7E00020000660000000002FAE9757E
2026-03-30 08:57:50 - msg_id_0002 ==> 7E00020000660000000002FAEA767E
2026-03-30 08:57:53 - msg_id_0002 ==> 7E00020000660000000002FAEB777E
2026-03-30 08:57:56 - msg_id_0002 ==> 7E00020000660000000002FAEC707E
2026-03-30 08:57:59 - msg_id_0002 ==> 7E00020000660000000002FAED717E
2026-03-30 08:58:02 - msg_id_0002 ==> 7E00020000660000000002FAEE727E
2026-03-30 08:58:06 - msg_id_0002 ==> 7E00020000660000000002FAEF737E
2026-03-30 08:58:09 - msg_id_0002 ==> 7E00020000660000000002FAF16D7E
2026-03-30 08:58:12 - msg_id_0002 ==> 7E00020000660000000002FAF26E7E
2026-03-30 08:58:15 - msg_id_0002 ==> 7E00020000660000000002FAF36F7E
2026-03-30 08:58:18 - msg_id_0002 ==> 7E00020000660000000002FAF4687E
2026-03-30 08:58:21 - msg_id_0002 ==> 7E00020000660000000002FAF5697E
2026-03-30 08:58:24 - msg_id_0002 ==> 7E00020000660000000002FAF66A7E
2026-03-30 08:58:27 - msg_id_0002 ==> 7E00020000660000000002FAF76B7E
2026-03-30 08:58:30 - msg_id_0002 ==> 7E00020000660000000002FAF8647E
2026-03-30 08:58:33 - msg_id_0002 ==> 7E00020000660000000002FAF9657E
2026-03-30 08:58:37 - msg_id_0002 ==> 7E00020000660000000002FAFA667E
2026-03-30 08:58:40 - msg_id_0002 ==> 7E00020000660000000002FAFC607E
2026-03-30 08:58:43 - msg_id_0002 ==> 7E00020000660000000002FAFD617E
2026-03-30 08:58:46 - msg_id_0002 ==> 7E00020000660000000002FAFE627E
2026-03-30 08:58:49 - msg_id_0002 ==> 7E00020000660000000002FAFF637E
2026-03-30 08:58:52 - msg_id_0002 ==> 7E00020000660000000002FB009D7E
2026-03-30 08:58:55 - msg_id_0002 ==> 7E00020000660000000002FB019C7E
2026-03-30 08:58:58 - msg_id_0002 ==> 7E00020000660000000002FB029F7E
2026-03-30 08:59:01 - msg_id_0002 ==> 7E00020000660000000002FB039E7E
2026-03-30 08:59:04 - msg_id_0002 ==> 7E00020000660000000002FB04997E
2026-03-30 08:59:08 - msg_id_0002 ==> 7E00020000660000000002FB05987E
2026-03-30 08:59:11 - msg_id_0002 ==> 7E00020000660000000002FB079A7E
2026-03-30 08:59:14 - msg_id_0002 ==> 7E00020000660000000002FB08957E
2026-03-30 08:59:17 - msg_id_0002 ==> 7E00020000660000000002FB09947E
2026-03-30 08:59:20 - msg_id_0002 ==> 7E00020000660000000002FB0A977E
2026-03-30 08:59:23 - msg_id_0002 ==> 7E00020000660000000002FB0B967E
2026-03-30 08:59:26 - msg_id_0002 ==> 7E00020000660000000002FB0C917E
2026-03-30 08:59:29 - msg_id_0002 ==> 7E00020000660000000002FB0D907E
2026-03-30 08:59:32 - msg_id_0002 ==> 7E00020000660000000002FB0E937E
2026-03-30 08:59:35 - msg_id_0002 ==> 7E00020000660000000002FB0F927E
2026-03-30 08:59:39 - msg_id_0002 ==> 7E00020000660000000002FB108D7E
2026-03-30 08:59:42 - msg_id_0002 ==> 7E00020000660000000002FB128F7E
2026-03-30 08:59:45 - msg_id_0002 ==> 7E00020000660000000002FB138E7E
2026-03-30 08:59:48 - msg_id_0002 ==> 7E00020000660000000002FB14897E
2026-03-30 08:59:51 - msg_id_0002 ==> 7E00020000660000000002FB15887E
2026-03-30 08:59:54 - msg_id_0002 ==> 7E00020000660000000002FB168B7E
2026-03-30 08:59:57 - msg_id_0002 ==> 7E00020000660000000002FB178A7E
2026-03-30 09:00:00 - msg_id_0002 ==> 7E00020000660000000002FB18857E
2026-03-30 09:00:03 - msg_id_0002 ==> 7E00020000660000000002FB19847E
2026-03-30 09:00:06 - msg_id_0002 ==> 7E00020000660000000002FB1A877E
2026-03-30 09:00:10 - msg_id_0002 ==> 7E00020000660000000002FB1B867E
2026-03-30 09:00:13 - msg_id_0002 ==> 7E00020000660000000002FB1D807E
2026-03-30 09:00:16 - msg_id_0002 ==> 7E00020000660000000002FB1E837E
2026-03-30 09:00:19 - msg_id_0002 ==> 7E00020000660000000002FB1F827E
2026-03-30 09:00:22 - msg_id_0002 ==> 7E00020000660000000002FB20BD7E
2026-03-30 09:00:25 - msg_id_0002 ==> 7E00020000660000000002FB21BC7E
2026-03-30 09:00:28 - msg_id_0002 ==> 7E00020000660000000002FB22BF7E
2026-03-30 09:00:31 - msg_id_0002 ==> 7E00020000660000000002FB23BE7E
2026-03-30 09:00:34 - msg_id_0002 ==> 7E00020000660000000002FB24B97E
2026-03-30 09:00:37 - msg_id_0002 ==> 7E00020000660000000002FB25B87E
2026-03-30 09:00:41 - msg_id_0002 ==> 7E00020000660000000002FB26BB7E
2026-03-30 09:00:44 - msg_id_0002 ==> 7E00020000660000000002FB28B57E
2026-03-30 09:00:47 - msg_id_0002 ==> 7E00020000660000000002FB29B47E
2026-03-30 09:00:50 - msg_id_0002 ==> 7E00020000660000000002FB2AB77E
2026-03-30 09:00:53 - msg_id_0002 ==> 7E00020000660000000002FB2BB67E
2026-03-30 09:00:56 - msg_id_0002 ==> 7E00020000660000000002FB2CB17E
2026-03-30 09:00:59 - msg_id_0002 ==> 7E00020000660000000002FB2DB07E
2026-03-30 09:01:02 - msg_id_0002 ==> 7E00020000660000000002FB2EB37E
2026-03-30 09:01:05 - msg_id_0002 ==> 7E00020000660000000002FB2FB27E
2026-03-30 09:01:08 - msg_id_0002 ==> 7E00020000660000000002FB30AD7E
2026-03-30 09:01:12 - msg_id_0002 ==> 7E00020000660000000002FB31AC7E
2026-03-30 09:01:15 - msg_id_0002 ==> 7E00020000660000000002FB33AE7E
2026-03-30 09:01:18 - msg_id_0002 ==> 7E00020000660000000002FB34A97E
2026-03-30 09:01:21 - msg_id_0002 ==> 7E00020000660000000002FB35A87E
2026-03-30 09:01:24 - msg_id_0002 ==> 7E00020000660000000002FB36AB7E
2026-03-30 09:01:27 - msg_id_0002 ==> 7E00020000660000000002FB37AA7E
2026-03-30 09:01:30 - msg_id_0002 ==> 7E00020000660000000002FB38A57E
2026-03-30 09:01:33 - msg_id_0002 ==> 7E00020000660000000002FB39A47E
2026-03-30 09:01:36 - msg_id_0002 ==> 7E00020000660000000002FB3AA77E
2026-03-30 09:01:40 - msg_id_0002 ==> 7E00020000660000000002FB3BA67E
2026-03-30 09:01:43 - msg_id_0002 ==> 7E00020000660000000002FB3CA17E
2026-03-30 09:01:46 - msg_id_0002 ==> 7E00020000660000000002FB3EA37E
2026-03-30 09:01:49 - msg_id_0002 ==> 7E00020000660000000002FB3FA27E
2026-03-30 09:01:52 - msg_id_0002 ==> 7E00020000660000000002FB40DD7E
2026-03-30 09:01:55 - msg_id_0002 ==> 7E00020000660000000002FB41DC7E
2026-03-30 09:01:58 - msg_id_0002 ==> 7E00020000660000000002FB42DF7E
2026-03-30 09:02:01 - msg_id_0002 ==> 7E00020000660000000002FB43DE7E
2026-03-30 09:02:05 - msg_id_0002 ==> 7E00020000660000000002FB44D97E
2026-03-30 09:02:07 - msg_id_0002 ==> 7E00020000660000000002FB45D87E
2026-03-30 09:02:10 - msg_id_0002 ==> 7E00020000660000000002FB46DB7E
2026-03-30 09:02:14 - msg_id_0002 ==> 7E00020000660000000002FB47DA7E
2026-03-30 09:02:17 - msg_id_0002 ==> 7E00020000660000000002FB49D47E
2026-03-30 09:02:20 - msg_id_0002 ==> 7E00020000660000000002FB4AD77E
2026-03-30 09:02:23 - msg_id_0002 ==> 7E00020000660000000002FB4BD67E
2026-03-30 09:02:26 - msg_id_0002 ==> 7E00020000660000000002FB4CD17E
2026-03-30 09:02:29 - msg_id_0002 ==> 7E00020000660000000002FB4DD07E
2026-03-30 09:02:32 - msg_id_0002 ==> 7E00020000660000000002FB4ED37E
2026-03-30 09:02:35 - msg_id_0002 ==> 7E00020000660000000002FB4FD27E
2026-03-30 09:02:38 - msg_id_0002 ==> 7E00020000660000000002FB50CD7E
2026-03-30 09:02:42 - msg_id_0002 ==> 7E00020000660000000002FB51CC7E
2026-03-30 09:02:45 - msg_id_0002 ==> 7E00020000660000000002FB52CF7E
2026-03-30 09:02:48 - msg_id_0002 ==> 7E00020000660000000002FB54C97E
2026-03-30 09:02:51 - msg_id_0002 ==> 7E00020000660000000002FB55C87E
2026-03-30 09:02:54 - msg_id_0002 ==> 7E00020000660000000002FB56CB7E
2026-03-30 09:02:57 - msg_id_0002 ==> 7E00020000660000000002FB57CA7E
2026-03-30 09:03:00 - msg_id_0002 ==> 7E00020000660000000002FB58C57E
2026-03-30 09:03:03 - msg_id_0002 ==> 7E00020000660000000002FB59C47E
2026-03-30 09:03:06 - msg_id_0002 ==> 7E00020000660000000002FB5AC77E
2026-03-30 09:03:09 - msg_id_0002 ==> 7E00020000660000000002FB5BC67E
2026-03-30 09:03:13 - msg_id_0002 ==> 7E00020000660000000002FB5CC17E
2026-03-30 09:03:16 - msg_id_0002 ==> 7E00020000660000000002FB5DC07E
2026-03-30 09:03:19 - msg_id_0002 ==> 7E00020000660000000002FB5FC27E
2026-03-30 09:03:22 - msg_id_0002 ==> 7E00020000660000000002FB60FD7E
2026-03-30 09:03:25 - msg_id_0002 ==> 7E00020000660000000002FB61FC7E
2026-03-30 09:03:28 - msg_id_0002 ==> 7E00020000660000000002FB62FF7E
2026-03-30 09:03:31 - msg_id_0002 ==> 7E00020000660000000002FB63FE7E
2026-03-30 09:03:34 - msg_id_0002 ==> 7E00020000660000000002FB64F97E
2026-03-30 09:03:37 - msg_id_0002 ==> 7E00020000660000000002FB65F87E
2026-03-30 09:03:40 - msg_id_0002 ==> 7E00020000660000000002FB66FB7E
2026-03-30 09:03:44 - msg_id_0002 ==> 7E00020000660000000002FB67FA7E
2026-03-30 09:03:47 - msg_id_0002 ==> 7E00020000660000000002FB68F57E
2026-03-30 09:03:50 - msg_id_0002 ==> 7E00020000660000000002FB6AF77E
2026-03-30 09:03:58 - msg_id_0002 ==> 7E00020000660000000002FB6BF67E
2026-03-30 09:03:58 - msg_id_0002 ==> 7E00020000660000000002FB6CF17E
2026-03-30 09:03:59 - msg_id_0002 ==> 7E00020000660000000002FB6DF07E
2026-03-30 09:04:02 - msg_id_0002 ==> 7E00020000660000000002FB6EF37E
2026-03-30 09:04:05 - msg_id_0002 ==> 7E00020000660000000002FB6FF27E
2026-03-30 09:04:08 - msg_id_0002 ==> 7E00020000660000000002FB70ED7E
2026-03-30 09:04:11 - msg_id_0002 ==> 7E00020000660000000002FB71EC7E
2026-03-30 09:04:15 - msg_id_0002 ==> 7E00020000660000000002FB72EF7E
2026-03-30 09:04:18 - msg_id_0002 ==> 7E00020000660000000002FB73EE7E
2026-03-30 09:04:21 - msg_id_0002 ==> 7E00020000660000000002FB75E87E
2026-03-30 09:04:24 - msg_id_0002 ==> 7E00020000660000000002FB76EB7E
2026-03-30 09:04:27 - msg_id_0002 ==> 7E00020000660000000002FB77EA7E
2026-03-30 09:04:30 - msg_id_0002 ==> 7E00020000660000000002FB78E57E
2026-03-30 09:04:33 - msg_id_0002 ==> 7E00020000660000000002FB79E47E
2026-03-30 09:04:36 - msg_id_0002 ==> 7E00020000660000000002FB7AE77E
2026-03-30 09:04:39 - msg_id_0002 ==> 7E00020000660000000002FB7BE67E
2026-03-30 09:04:42 - msg_id_0002 ==> 7E00020000660000000002FB7CE17E
2026-03-30 09:04:46 - msg_id_0002 ==> 7E00020000660000000002FB7D01E07E
2026-03-30 09:04:49 - msg_id_0002 ==> 7E00020000660000000002FB7D02E37E
2026-03-30 09:04:56 - msg_id_0002 ==> 7E00020000660000000002FB831E7E
2026-03-30 09:05:00 - msg_id_0002 ==> 7E00020000660000000002FB84197E
2026-03-30 09:05:03 - msg_id_0002 ==> 7E00020000660000000002FB85187E
2026-03-30 09:05:06 - msg_id_0002 ==> 7E00020000660000000002FB861B7E
2026-03-30 09:05:09 - msg_id_0002 ==> 7E00020000660000000002FB871A7E
2026-03-30 09:05:12 - msg_id_0002 ==> 7E00020000660000000002FB88157E
2026-03-30 09:05:15 - msg_id_0002 ==> 7E00020000660000000002FB89147E
2026-03-30 09:05:18 - msg_id_0002 ==> 7E00020000660000000002FB8A177E
2026-03-30 09:05:21 - msg_id_0002 ==> 7E00020000660000000002FB8B167E
2026-03-30 09:05:24 - msg_id_0002 ==> 7E00020000660000000002FB8C117E
2026-03-30 09:05:27 - msg_id_0002 ==> 7E00020000660000000002FB8E137E
2026-03-30 09:05:30 - msg_id_0002 ==> 7E00020000660000000002FB8F127E
2026-03-30 09:05:34 - msg_id_0002 ==> 7E00020000660000000002FB900D7E
2026-03-30 09:05:37 - msg_id_0002 ==> 7E00020000660000000002FB910C7E
2026-03-30 09:05:40 - msg_id_0002 ==> 7E00020000660000000002FB920F7E
2026-03-30 09:05:43 - msg_id_0002 ==> 7E00020000660000000002FB930E7E
2026-03-30 09:05:46 - msg_id_0002 ==> 7E00020000660000000002FB94097E
2026-03-30 09:05:49 - msg_id_0002 ==> 7E00020000660000000002FB95087E
2026-03-30 09:05:52 - msg_id_0002 ==> 7E00020000660000000002FB960B7E
2026-03-30 09:05:55 - msg_id_0002 ==> 7E00020000660000000002FB970A7E
2026-03-30 09:05:58 - msg_id_0002 ==> 7E00020000660000000002FB99047E
2026-03-30 09:06:01 - msg_id_0002 ==> 7E00020000660000000002FB9A077E
2026-03-30 09:06:04 - msg_id_0002 ==> 7E00020000660000000002FB9B067E
2026-03-30 09:06:08 - msg_id_0002 ==> 7E00020000660000000002FB9C017E
2026-03-30 09:06:11 - msg_id_0002 ==> 7E00020000660000000002FB9D007E
2026-03-30 09:06:14 - msg_id_0002 ==> 7E00020000660000000002FB9E037E
2026-03-30 09:06:17 - msg_id_0002 ==> 7E00020000660000000002FB9F027E
2026-03-30 09:06:20 - msg_id_0002 ==> 7E00020000660000000002FBA03D7E
2026-03-30 09:06:23 - msg_id_0002 ==> 7E00020000660000000002FBA13C7E
2026-03-30 09:06:26 - msg_id_0002 ==> 7E00020000660000000002FBA23F7E
2026-03-30 09:06:29 - msg_id_0002 ==> 7E00020000660000000002FBA4397E
2026-03-30 09:06:32 - msg_id_0002 ==> 7E00020000660000000002FBA5387E
2026-03-30 09:06:35 - msg_id_0002 ==> 7E00020000660000000002FBA63B7E
2026-03-30 09:06:39 - msg_id_0002 ==> 7E00020000660000000002FBA73A7E
2026-03-30 09:06:42 - msg_id_0002 ==> 7E00020000660000000002FBA8357E
2026-03-30 09:06:45 - msg_id_0002 ==> 7E00020000660000000002FBA9347E
2026-03-30 09:06:48 - msg_id_0002 ==> 7E00020000660000000002FBAA377E
2026-03-30 09:06:51 - msg_id_0002 ==> 7E00020000660000000002FBAB367E
2026-03-30 09:06:54 - msg_id_0002 ==> 7E00020000660000000002FBAC317E
2026-03-30 09:06:57 - msg_id_0002 ==> 7E00020000660000000002FBAD307E
2026-03-30 09:07:00 - msg_id_0002 ==> 7E00020000660000000002FBAF327E
2026-03-30 09:07:03 - msg_id_0002 ==> 7E00020000660000000002FBB02D7E
2026-03-30 09:07:07 - msg_id_0002 ==> 7E00020000660000000002FBB12C7E
2026-03-30 09:07:10 - msg_id_0002 ==> 7E00020000660000000002FBB22F7E
2026-03-30 09:07:13 - msg_id_0002 ==> 7E00020000660000000002FBB32E7E
2026-03-30 09:07:16 - msg_id_0002 ==> 7E00020000660000000002FBB4297E
2026-03-30 09:07:19 - msg_id_0002 ==> 7E00020000660000000002FBB5287E
2026-03-30 09:07:22 - msg_id_0002 ==> 7E00020000660000000002FBB62B7E
2026-03-30 09:07:26 - msg_id_0002 ==> 7E00020000660000000002FBB72A7E
2026-03-30 09:07:28 - msg_id_0002 ==> 7E00020000660000000002FBB8257E
2026-03-30 09:07:31 - msg_id_0002 ==> 7E00020000660000000002FBBA277E
2026-03-30 09:07:34 - msg_id_0002 ==> 7E00020000660000000002FBBB267E
2026-03-30 09:07:37 - msg_id_0002 ==> 7E00020000660000000002FBBC217E
2026-03-30 09:07:41 - msg_id_0002 ==> 7E00020000660000000002FBBD207E
2026-03-30 09:07:44 - msg_id_0002 ==> 7E00020000660000000002FBBE237E
2026-03-30 09:07:47 - msg_id_0002 ==> 7E00020000660000000002FBBF227E
2026-03-30 09:07:50 - msg_id_0002 ==> 7E00020000660000000002FBC05D7E
2026-03-30 09:07:53 - msg_id_0002 ==> 7E00020000660000000002FBC15C7E
2026-03-30 09:07:56 - msg_id_0002 ==> 7E00020000660000000002FBC25F7E
2026-03-30 09:07:59 - msg_id_0002 ==> 7E00020000660000000002FBC35E7E
2026-03-30 09:08:03 - msg_id_0002 ==> 7E00020000660000000002FBC5587E
2026-03-30 09:08:05 - msg_id_0002 ==> 7E00020000660000000002FBC65B7E
2026-03-30 09:08:09 - msg_id_0002 ==> 7E00020000660000000002FBC75A7E
2026-03-30 09:08:12 - msg_id_0002 ==> 7E00020000660000000002FBC8557E
2026-03-30 09:08:15 - msg_id_0002 ==> 7E00020000660000000002FBC9547E
2026-03-30 09:08:18 - msg_id_0002 ==> 7E00020000660000000002FBCA577E
2026-03-30 09:08:21 - msg_id_0002 ==> 7E00020000660000000002FBCB567E
2026-03-30 09:08:24 - msg_id_0002 ==> 7E00020000660000000002FBCC517E
2026-03-30 09:08:27 - msg_id_0002 ==> 7E00020000660000000002FBCD507E
2026-03-30 09:08:30 - msg_id_0002 ==> 7E00020000660000000002FBCE537E
2026-03-30 09:08:33 - msg_id_0002 ==> 7E00020000660000000002FBD04D7E
2026-03-30 09:08:36 - msg_id_0002 ==> 7E00020000660000000002FBD14C7E
2026-03-30 09:08:40 - msg_id_0002 ==> 7E00020000660000000002FBD24F7E
2026-03-30 09:08:43 - msg_id_0002 ==> 7E00020000660000000002FBD34E7E
2026-03-30 09:08:46 - msg_id_0002 ==> 7E00020000660000000002FBD4497E
2026-03-30 09:08:49 - msg_id_0002 ==> 7E00020000660000000002FBD5487E
2026-03-30 09:08:52 - msg_id_0002 ==> 7E00020000660000000002FBD64B7E
2026-03-30 09:08:55 - msg_id_0002 ==> 7E00020000660000000002FBD74A7E
2026-03-30 09:08:58 - msg_id_0002 ==> 7E00020000660000000002FBD8457E
2026-03-30 09:09:01 - msg_id_0002 ==> 7E00020000660000000002FBD9447E
2026-03-30 09:09:04 - msg_id_0002 ==> 7E00020000660000000002FBDB467E
2026-03-30 09:09:07 - msg_id_0002 ==> 7E00020000660000000002FBDC417E
2026-03-30 09:09:11 - msg_id_0002 ==> 7E00020000660000000002FBDD407E
2026-03-30 09:09:14 - msg_id_0002 ==> 7E00020000660000000002FBDE437E
2026-03-30 09:09:17 - msg_id_0002 ==> 7E00020000660000000002FBDF427E
2026-03-30 09:09:20 - msg_id_0002 ==> 7E00020000660000000002FBE07D017E
2026-03-30 09:09:23 - msg_id_0002 ==> 7E00020000660000000002FBE17C7E
2026-03-30 09:09:26 - msg_id_0002 ==> 7E00020000660000000002FBE27F7E
2026-03-30 09:09:29 - msg_id_0002 ==> 7E00020000660000000002FBE37D027E
2026-03-30 09:09:32 - msg_id_0002 ==> 7E00020000660000000002FBE4797E
2026-03-30 09:09:35 - msg_id_0002 ==> 7E00020000660000000002FBE67B7E
2026-03-30 09:09:38 - msg_id_0002 ==> 7E00020000660000000002FBE77A7E
2026-03-30 09:09:42 - msg_id_0002 ==> 7E00020000660000000002FBE8757E
2026-03-30 09:09:45 - msg_id_0002 ==> 7E00020000660000000002FBE9747E
2026-03-30 09:09:48 - msg_id_0002 ==> 7E00020000660000000002FBEA777E
2026-03-30 09:09:51 - msg_id_0002 ==> 7E00020000660000000002FBEB767E
2026-03-30 09:09:54 - msg_id_0002 ==> 7E00020000660000000002FBEC717E
2026-03-30 09:09:57 - msg_id_0002 ==> 7E00020000660000000002FBED707E
2026-03-30 09:10:00 - msg_id_0002 ==> 7E00020000660000000002FBEE737E
2026-03-30 09:10:03 - msg_id_0002 ==> 7E00020000660000000002FBEF727E
2026-03-30 09:10:06 - msg_id_0002 ==> 7E00020000660000000002FBF16C7E
2026-03-30 09:10:09 - msg_id_0002 ==> 7E00020000660000000002FBF26F7E
2026-03-30 09:10:13 - msg_id_0002 ==> 7E00020000660000000002FBF36E7E
2026-03-30 09:10:16 - msg_id_0002 ==> 7E00020000660000000002FBF4697E
2026-03-30 09:10:19 - msg_id_0002 ==> 7E00020000660000000002FBF5687E
2026-03-30 09:10:22 - msg_id_0002 ==> 7E00020000660000000002FBF66B7E
2026-03-30 09:10:25 - msg_id_0002 ==> 7E00020000660000000002FBF76A7E
2026-03-30 09:10:28 - msg_id_0002 ==> 7E00020000660000000002FBF8657E
2026-03-30 09:10:31 - msg_id_0002 ==> 7E00020000660000000002FBF9647E
2026-03-30 09:10:34 - msg_id_0002 ==> 7E00020000660000000002FBFA677E
2026-03-30 09:10:38 - msg_id_0002 ==> 7E00020000660000000002FBFC617E
2026-03-30 09:10:40 - msg_id_0002 ==> 7E00020000660000000002FBFD607E
2026-03-30 09:10:44 - msg_id_0002 ==> 7E00020000660000000002FBFE637E
2026-03-30 09:10:47 - msg_id_0002 ==> 7E00020000660000000002FBFF627E
2026-03-30 09:10:50 - msg_id_0002 ==> 7E00020000660000000002FC009A7E
2026-03-30 09:10:53 - msg_id_0002 ==> 7E00020000660000000002FC019B7E
2026-03-30 09:10:56 - msg_id_0002 ==> 7E00020000660000000002FC02987E
2026-03-30 09:10:59 - msg_id_0002 ==> 7E00020000660000000002FC03997E
2026-03-30 09:11:02 - msg_id_0002 ==> 7E00020000660000000002FC049E7E
2026-03-30 09:11:05 - msg_id_0002 ==> 7E00020000660000000002FC059F7E
2026-03-30 09:11:08 - msg_id_0002 ==> 7E00020000660000000002FC079D7E
2026-03-30 09:11:11 - msg_id_0002 ==> 7E00020000660000000002FC08927E
2026-03-30 09:11:15 - msg_id_0002 ==> 7E00020000660000000002FC09937E
2026-03-30 09:11:18 - msg_id_0002 ==> 7E00020000660000000002FC0A907E
2026-03-30 09:11:21 - msg_id_0002 ==> 7E00020000660000000002FC0B917E
2026-03-30 09:11:24 - msg_id_0002 ==> 7E00020000660000000002FC0C967E
2026-03-30 09:11:27 - msg_id_0002 ==> 7E00020000660000000002FC0D977E
2026-03-30 09:11:30 - msg_id_0002 ==> 7E00020000660000000002FC0E947E
2026-03-30 09:11:33 - msg_id_0002 ==> 7E00020000660000000002FC0F957E
2026-03-30 09:11:36 - msg_id_0002 ==> 7E00020000660000000002FC108A7E
2026-03-30 09:11:39 - msg_id_0002 ==> 7E00020000660000000002FC12887E
2026-03-30 09:11:43 - msg_id_0002 ==> 7E00020000660000000002FC13897E
2026-03-30 09:11:46 - msg_id_0002 ==> 7E00020000660000000002FC148E7E
2026-03-30 09:11:49 - msg_id_0002 ==> 7E00020000660000000002FC158F7E
2026-03-30 09:11:52 - msg_id_0002 ==> 7E00020000660000000002FC168C7E
2026-03-30 09:11:55 - msg_id_0002 ==> 7E00020000660000000002FC178D7E
2026-03-30 09:11:58 - msg_id_0002 ==> 7E00020000660000000002FC18827E
2026-03-30 09:12:01 - msg_id_0002 ==> 7E00020000660000000002FC19837E
2026-03-30 09:12:04 - msg_id_0002 ==> 7E00020000660000000002FC1A807E
2026-03-30 09:12:07 - msg_id_0002 ==> 7E00020000660000000002FC1B817E
2026-03-30 09:12:10 - msg_id_0002 ==> 7E00020000660000000002FC1D877E
2026-03-30 09:12:13 - msg_id_0002 ==> 7E00020000660000000002FC1E847E
2026-03-30 09:12:17 - msg_id_0002 ==> 7E00020000660000000002FC1F857E
2026-03-30 09:12:20 - msg_id_0002 ==> 7E00020000660000000002FC20BA7E
2026-03-30 09:12:23 - msg_id_0002 ==> 7E00020000660000000002FC21BB7E
2026-03-30 09:12:26 - msg_id_0002 ==> 7E00020000660000000002FC22B87E
2026-03-30 09:12:29 - msg_id_0002 ==> 7E00020000660000000002FC23B97E
2026-03-30 09:12:32 - msg_id_0002 ==> 7E00020000660000000002FC24BE7E
2026-03-30 09:12:35 - msg_id_0002 ==> 7E00020000660000000002FC25BF7E
2026-03-30 09:12:38 - msg_id_0002 ==> 7E00020000660000000002FC26BC7E
2026-03-30 09:12:41 - msg_id_0002 ==> 7E00020000660000000002FC28B27E
2026-03-30 09:12:45 - msg_id_0002 ==> 7E00020000660000000002FC29B37E
2026-03-30 09:12:48 - msg_id_0002 ==> 7E00020000660000000002FC2AB07E
2026-03-30 09:12:51 - msg_id_0002 ==> 7E00020000660000000002FC2BB17E
2026-03-30 09:12:54 - msg_id_0002 ==> 7E00020000660000000002FC2CB67E
2026-03-30 09:12:57 - msg_id_0002 ==> 7E00020000660000000002FC2DB77E
2026-03-30 09:13:00 - msg_id_0002 ==> 7E00020000660000000002FC2EB47E
2026-03-30 09:13:03 - msg_id_0002 ==> 7E00020000660000000002FC2FB57E
2026-03-30 09:13:06 - msg_id_0002 ==> 7E00020000660000000002FC30AA7E
2026-03-30 09:13:09 - msg_id_0002 ==> 7E00020000660000000002FC31AB7E
2026-03-30 09:13:13 - msg_id_0002 ==> 7E00020000660000000002FC33A97E
2026-03-30 09:13:16 - msg_id_0002 ==> 7E00020000660000000002FC34AE7E
2026-03-30 09:13:19 - msg_id_0002 ==> 7E00020000660000000002FC35AF7E
2026-03-30 09:13:22 - msg_id_0002 ==> 7E00020000660000000002FC36AC7E
2026-03-30 09:13:25 - msg_id_0002 ==> 7E00020000660000000002FC37AD7E
2026-03-30 09:13:28 - msg_id_0002 ==> 7E00020000660000000002FC38A27E
2026-03-30 09:13:31 - msg_id_0002 ==> 7E00020000660000000002FC39A37E
2026-03-30 09:13:34 - msg_id_0002 ==> 7E00020000660000000002FC3AA07E
2026-03-30 09:13:37 - msg_id_0002 ==> 7E00020000660000000002FC3BA17E
2026-03-30 09:13:40 - msg_id_0002 ==> 7E00020000660000000002FC3CA67E
2026-03-30 09:13:43 - msg_id_0002 ==> 7E00020000660000000002FC3EA47E
2026-03-30 09:13:47 - msg_id_0002 ==> 7E00020000660000000002FC3FA57E
2026-03-30 09:13:50 - msg_id_0002 ==> 7E00020000660000000002FC40DA7E
2026-03-30 09:13:53 - msg_id_0002 ==> 7E00020000660000000002FC41DB7E
2026-03-30 09:13:56 - msg_id_0002 ==> 7E00020000660000000002FC42D87E
2026-03-30 09:13:59 - msg_id_0002 ==> 7E00020000660000000002FC43D97E
2026-03-30 09:14:02 - msg_id_0002 ==> 7E00020000660000000002FC44DE7E
2026-03-30 09:14:05 - msg_id_0002 ==> 7E00020000660000000002FC45DF7E
2026-03-30 09:14:08 - msg_id_0002 ==> 7E00020000660000000002FC46DC7E
2026-03-30 09:14:11 - msg_id_0002 ==> 7E00020000660000000002FC47DD7E
2026-03-30 09:14:14 - msg_id_0002 ==> 7E00020000660000000002FC49D37E
2026-03-30 09:14:18 - msg_id_0002 ==> 7E00020000660000000002FC4AD07E
2026-03-30 09:14:21 - msg_id_0002 ==> 7E00020000660000000002FC4BD17E
2026-03-30 09:14:24 - msg_id_0002 ==> 7E00020000660000000002FC4CD67E
2026-03-30 09:14:28 - msg_id_0002 ==> 7E00020000660000000002FC4DD77E
2026-03-30 09:14:31 - msg_id_0002 ==> 7E00020000660000000002FC4ED47E
2026-03-30 09:14:33 - msg_id_0002 ==> 7E00020000660000000002FC4FD57E
2026-03-30 09:14:36 - msg_id_0002 ==> 7E00020000660000000002FC50CA7E
2026-03-30 09:14:39 - msg_id_0002 ==> 7E00020000660000000002FC51CB7E
2026-03-30 09:14:42 - msg_id_0002 ==> 7E00020000660000000002FC52C87E
2026-03-30 09:14:45 - msg_id_0002 ==> 7E00020000660000000002FC54CE7E
2026-03-30 09:14:49 - msg_id_0002 ==> 7E00020000660000000002FC55CF7E
2026-03-30 09:14:52 - msg_id_0002 ==> 7E00020000660000000002FC56CC7E
2026-03-30 09:14:55 - msg_id_0002 ==> 7E00020000660000000002FC57CD7E
2026-03-30 09:14:58 - msg_id_0002 ==> 7E00020000660000000002FC58C27E
2026-03-30 09:15:01 - msg_id_0002 ==> 7E00020000660000000002FC59C37E
2026-03-30 09:15:04 - msg_id_0002 ==> 7E00020000660000000002FC5AC07E
2026-03-30 09:15:07 - msg_id_0002 ==> 7E00020000660000000002FC5BC17E
2026-03-30 09:15:10 - msg_id_0002 ==> 7E00020000660000000002FC5CC67E
2026-03-30 09:15:13 - msg_id_0002 ==> 7E00020000660000000002FC5DC77E
2026-03-30 09:15:17 - msg_id_0002 ==> 7E00020000660000000002FC5FC57E
2026-03-30 09:15:20 - msg_id_0002 ==> 7E00020000660000000002FC60FA7E
2026-03-30 09:15:23 - msg_id_0002 ==> 7E00020000660000000002FC61FB7E
2026-03-30 09:15:26 - msg_id_0002 ==> 7E00020000660000000002FC62F87E
2026-03-30 09:15:29 - msg_id_0002 ==> 7E00020000660000000002FC63F97E
2026-03-30 09:15:32 - msg_id_0002 ==> 7E00020000660000000002FC64FE7E
2026-03-30 09:15:35 - msg_id_0002 ==> 7E00020000660000000002FC65FF7E
2026-03-30 09:15:38 - msg_id_0002 ==> 7E00020000660000000002FC66FC7E
2026-03-30 09:15:41 - msg_id_0002 ==> 7E00020000660000000002FC67FD7E
2026-03-30 09:15:44 - msg_id_0002 ==> 7E00020000660000000002FC68F27E
2026-03-30 09:15:47 - msg_id_0002 ==> 7E00020000660000000002FC6AF07E
2026-03-30 09:15:51 - msg_id_0002 ==> 7E00020000660000000002FC6BF17E
2026-03-30 09:15:54 - msg_id_0002 ==> 7E00020000660000000002FC6CF67E
2026-03-30 09:15:57 - msg_id_0002 ==> 7E00020000660000000002FC6DF77E
2026-03-30 09:16:00 - msg_id_0002 ==> 7E00020000660000000002FC6EF47E
2026-03-30 09:16:03 - msg_id_0002 ==> 7E00020000660000000002FC6FF57E
2026-03-30 09:16:06 - msg_id_0002 ==> 7E00020000660000000002FC70EA7E
2026-03-30 09:16:09 - msg_id_0002 ==> 7E00020000660000000002FC71EB7E
2026-03-30 09:16:12 - msg_id_0002 ==> 7E00020000660000000002FC72E87E
2026-03-30 09:16:15 - msg_id_0002 ==> 7E00020000660000000002FC73E97E
2026-03-30 09:16:18 - msg_id_0002 ==> 7E00020000660000000002FC75EF7E
2026-03-30 09:16:22 - msg_id_0002 ==> 7E00020000660000000002FC76EC7E
2026-03-30 09:16:25 - msg_id_0002 ==> 7E00020000660000000002FC77ED7E
2026-03-30 09:16:28 - msg_id_0002 ==> 7E00020000660000000002FC78E27E
2026-03-30 09:16:31 - msg_id_0002 ==> 7E00020000660000000002FC79E37E
2026-03-30 09:16:34 - msg_id_0002 ==> 7E00020000660000000002FC7AE07E
2026-03-30 09:16:37 - msg_id_0002 ==> 7E00020000660000000002FC7BE17E
2026-03-30 09:16:40 - msg_id_0002 ==> 7E00020000660000000002FC7CE67E
2026-03-30 09:16:43 - msg_id_0002 ==> 7E00020000660000000002FC7D01E77E
2026-03-30 09:16:46 - msg_id_0002 ==> 7E00020000660000000002FC7D02E47E
2026-03-30 09:16:54 - msg_id_0002 ==> 7E00020000660000000002FC83197E
2026-03-30 09:16:57 - msg_id_0002 ==> 7E00020000660000000002FC841E7E
2026-03-30 09:17:00 - msg_id_0002 ==> 7E00020000660000000002FC851F7E
2026-03-30 09:17:03 - msg_id_0002 ==> 7E00020000660000000002FC861C7E
2026-03-30 09:17:06 - msg_id_0002 ==> 7E00020000660000000002FC871D7E
2026-03-30 09:17:09 - msg_id_0002 ==> 7E00020000660000000002FC88127E
2026-03-30 09:17:12 - msg_id_0002 ==> 7E00020000660000000002FC89137E
2026-03-30 09:17:17 - msg_id_0002 ==> 7E00020000660000000002FC8A107E
2026-03-30 09:17:19 - msg_id_0002 ==> 7E00020000660000000002FC8B117E
2026-03-30 09:17:22 - msg_id_0002 ==> 7E00020000660000000002FC8C167E
2026-03-30 09:17:25 - msg_id_0002 ==> 7E00020000660000000002FC8E147E
2026-03-30 09:17:28 - msg_id_0002 ==> 7E00020000660000000002FC8F157E
2026-03-30 09:17:31 - msg_id_0002 ==> 7E00020000660000000002FC900A7E
2026-03-30 09:17:34 - msg_id_0002 ==> 7E00020000660000000002FC910B7E
2026-03-30 09:17:38 - msg_id_0002 ==> 7E00020000660000000002FC92087E
2026-03-30 09:17:40 - msg_id_0002 ==> 7E00020000660000000002FC93097E
2026-03-30 09:17:43 - msg_id_0002 ==> 7E00020000660000000002FC940E7E
2026-03-30 09:17:47 - msg_id_0002 ==> 7E00020000660000000002FC950F7E
2026-03-30 09:17:50 - msg_id_0002 ==> 7E00020000660000000002FC960C7E
2026-03-30 09:17:53 - msg_id_0002 ==> 7E00020000660000000002FC970D7E
2026-03-30 09:17:56 - msg_id_0002 ==> 7E00020000660000000002FC99037E
2026-03-30 09:17:59 - msg_id_0002 ==> 7E00020000660000000002FC9A007E
2026-03-30 09:18:02 - msg_id_0002 ==> 7E00020000660000000002FC9B017E
2026-03-30 09:18:06 - msg_id_0002 ==> 7E00020000660000000002FC9C067E
2026-03-30 09:18:09 - msg_id_0002 ==> 7E00020000660000000002FC9D077E
2026-03-30 09:18:11 - msg_id_0002 ==> 7E00020000660000000002FC9E047E
2026-03-30 09:18:14 - msg_id_0002 ==> 7E00020000660000000002FC9F057E
2026-03-30 09:18:18 - msg_id_0002 ==> 7E00020000660000000002FCA03A7E
2026-03-30 09:18:21 - msg_id_0002 ==> 7E00020000660000000002FCA13B7E
2026-03-30 09:18:24 - msg_id_0002 ==> 7E00020000660000000002FCA2387E
2026-03-30 09:18:27 - msg_id_0002 ==> 7E00020000660000000002FCA43E7E
2026-03-30 09:18:30 - msg_id_0002 ==> 7E00020000660000000002FCA53F7E
2026-03-30 09:18:33 - msg_id_0002 ==> 7E00020000660000000002FCA63C7E
2026-03-30 09:18:36 - msg_id_0002 ==> 7E00020000660000000002FCA73D7E
2026-03-30 09:18:39 - msg_id_0002 ==> 7E00020000660000000002FCA8327E
2026-03-30 09:18:42 - msg_id_0002 ==> 7E00020000660000000002FCA9337E
2026-03-30 09:18:45 - msg_id_0002 ==> 7E00020000660000000002FCAA307E
2026-03-30 09:18:49 - msg_id_0002 ==> 7E00020000660000000002FCAB317E
2026-03-30 09:18:52 - msg_id_0002 ==> 7E00020000660000000002FCAC367E
2026-03-30 09:18:55 - msg_id_0002 ==> 7E00020000660000000002FCAD377E
2026-03-30 09:18:58 - msg_id_0002 ==> 7E00020000660000000002FCAF357E
2026-03-30 09:19:01 - msg_id_0002 ==> 7E00020000660000000002FCB02A7E
2026-03-30 09:19:04 - msg_id_0002 ==> 7E00020000660000000002FCB12B7E
2026-03-30 09:19:07 - msg_id_0002 ==> 7E00020000660000000002FCB2287E
2026-03-30 09:19:10 - msg_id_0002 ==> 7E00020000660000000002FCB3297E
2026-03-30 09:19:13 - msg_id_0002 ==> 7E00020000660000000002FCB42E7E
2026-03-30 09:19:16 - msg_id_0002 ==> 7E00020000660000000002FCB52F7E
2026-03-30 09:19:20 - msg_id_0002 ==> 7E00020000660000000002FCB62C7E
2026-03-30 09:19:23 - msg_id_0002 ==> 7E00020000660000000002FCB72D7E
2026-03-30 09:19:26 - msg_id_0002 ==> 7E00020000660000000002FCB8227E
2026-03-30 09:19:29 - msg_id_0002 ==> 7E00020000660000000002FCBA207E
2026-03-30 09:19:32 - msg_id_0002 ==> 7E00020000660000000002FCBB217E
2026-03-30 09:19:35 - msg_id_0002 ==> 7E00020000660000000002FCBC267E
2026-03-30 09:19:38 - msg_id_0002 ==> 7E00020000660000000002FCBD277E
2026-03-30 09:19:41 - msg_id_0002 ==> 7E00020000660000000002FCBE247E
2026-03-30 09:19:44 - msg_id_0002 ==> 7E00020000660000000002FCBF257E
2026-03-30 09:19:47 - msg_id_0002 ==> 7E00020000660000000002FCC05A7E
2026-03-30 09:19:51 - msg_id_0002 ==> 7E00020000660000000002FCC15B7E
2026-03-30 09:19:54 - msg_id_0002 ==> 7E00020000660000000002FCC2587E
2026-03-30 09:19:57 - msg_id_0002 ==> 7E00020000660000000002FCC3597E
2026-03-30 09:20:00 - msg_id_0002 ==> 7E00020000660000000002FCC55F7E
2026-03-30 09:20:03 - msg_id_0002 ==> 7E00020000660000000002FCC65C7E
2026-03-30 09:20:06 - msg_id_0002 ==> 7E00020000660000000002FCC75D7E
2026-03-30 09:20:09 - msg_id_0002 ==> 7E00020000660000000002FCC8527E
2026-03-30 09:20:12 - msg_id_0002 ==> 7E00020000660000000002FCC9537E
2026-03-30 09:20:15 - msg_id_0002 ==> 7E00020000660000000002FCCA507E
2026-03-30 09:20:19 - msg_id_0002 ==> 7E00020000660000000002FCCB517E
2026-03-30 09:20:22 - msg_id_0002 ==> 7E00020000660000000002FCCC567E
2026-03-30 09:20:25 - msg_id_0002 ==> 7E00020000660000000002FCCD577E
2026-03-30 09:20:28 - msg_id_0002 ==> 7E00020000660000000002FCCE547E
2026-03-30 09:20:31 - msg_id_0002 ==> 7E00020000660000000002FCD04A7E
2026-03-30 09:20:34 - msg_id_0002 ==> 7E00020000660000000002FCD14B7E
2026-03-30 09:20:37 - msg_id_0002 ==> 7E00020000660000000002FCD2487E
2026-03-30 09:20:40 - msg_id_0002 ==> 7E00020000660000000002FCD3497E
2026-03-30 09:20:43 - msg_id_0002 ==> 7E00020000660000000002FCD44E7E
2026-03-30 09:20:46 - msg_id_0002 ==> 7E00020000660000000002FCD54F7E
2026-03-30 09:20:50 - msg_id_0002 ==> 7E00020000660000000002FCD64C7E
2026-03-30 09:20:53 - msg_id_0002 ==> 7E00020000660000000002FCD74D7E
2026-03-30 09:20:56 - msg_id_0002 ==> 7E00020000660000000002FCD8427E
2026-03-30 09:20:59 - msg_id_0002 ==> 7E00020000660000000002FCD9437E
2026-03-30 09:21:02 - msg_id_0002 ==> 7E00020000660000000002FCDB417E
2026-03-30 09:21:05 - msg_id_0002 ==> 7E00020000660000000002FCDC467E
2026-03-30 09:21:08 - msg_id_0002 ==> 7E00020000660000000002FCDD477E
2026-03-30 09:21:11 - msg_id_0002 ==> 7E00020000660000000002FCDE447E
2026-03-30 09:21:14 - msg_id_0002 ==> 7E00020000660000000002FCDF457E
2026-03-30 09:21:17 - msg_id_0002 ==> 7E00020000660000000002FCE07A7E
2026-03-30 09:21:21 - msg_id_0002 ==> 7E00020000660000000002FCE17B7E
2026-03-30 09:21:24 - msg_id_0002 ==> 7E00020000660000000002FCE2787E
2026-03-30 09:21:27 - msg_id_0002 ==> 7E00020000660000000002FCE3797E
2026-03-30 09:21:30 - msg_id_0002 ==> 7E00020000660000000002FCE47D027E
2026-03-30 09:21:33 - msg_id_0002 ==> 7E00020000660000000002FCE67C7E
2026-03-30 09:21:36 - msg_id_0002 ==> 7E00020000660000000002FCE77D017E
2026-03-30 09:21:39 - msg_id_0002 ==> 7E00020000660000000002FCE8727E
2026-03-30 09:21:42 - msg_id_0002 ==> 7E00020000660000000002FCE9737E
2026-03-30 09:21:45 - msg_id_0002 ==> 7E00020000660000000002FCEA707E
2026-03-30 09:21:48 - msg_id_0002 ==> 7E00020000660000000002FCEB717E
2026-03-30 09:21:51 - msg_id_0002 ==> 7E00020000660000000002FCEC767E
2026-03-30 09:21:55 - msg_id_0002 ==> 7E00020000660000000002FCED777E
2026-03-30 09:21:58 - msg_id_0002 ==> 7E00020000660000000002FCEE747E
2026-03-30 09:22:01 - msg_id_0002 ==> 7E00020000660000000002FCEF757E
2026-03-30 09:22:04 - msg_id_0002 ==> 7E00020000660000000002FCF16B7E
2026-03-30 09:22:07 - msg_id_0002 ==> 7E00020000660000000002FCF2687E
2026-03-30 09:22:10 - msg_id_0002 ==> 7E00020000660000000002FCF3697E
2026-03-30 09:22:13 - msg_id_0002 ==> 7E00020000660000000002FCF46E7E
2026-03-30 09:22:16 - msg_id_0002 ==> 7E00020000660000000002FCF56F7E
2026-03-30 09:22:19 - msg_id_0002 ==> 7E00020000660000000002FCF66C7E
2026-03-30 09:22:22 - msg_id_0002 ==> 7E00020000660000000002FCF76D7E
2026-03-30 09:22:26 - msg_id_0002 ==> 7E00020000660000000002FCF8627E
2026-03-30 09:22:29 - msg_id_0002 ==> 7E00020000660000000002FCF9637E
2026-03-30 09:22:32 - msg_id_0002 ==> 7E00020000660000000002FCFA607E
2026-03-30 09:22:35 - msg_id_0002 ==> 7E00020000660000000002FCFC667E
2026-03-30 09:22:38 - msg_id_0002 ==> 7E00020000660000000002FCFD677E
2026-03-30 09:22:41 - msg_id_0002 ==> 7E00020000660000000002FCFE647E
2026-03-30 09:22:44 - msg_id_0002 ==> 7E00020000660000000002FCFF657E
2026-03-30 09:22:47 - msg_id_0002 ==> 7E00020000660000000002FD009B7E
2026-03-30 09:22:50 - msg_id_0002 ==> 7E00020000660000000002FD019A7E
2026-03-30 09:22:54 - msg_id_0002 ==> 7E00020000660000000002FD02997E
2026-03-30 09:22:57 - msg_id_0002 ==> 7E00020000660000000002FD03987E
2026-03-30 09:23:00 - msg_id_0002 ==> 7E00020000660000000002FD049F7E
2026-03-30 09:23:03 - msg_id_0002 ==> 7E00020000660000000002FD059E7E
2026-03-30 09:23:06 - msg_id_0002 ==> 7E00020000660000000002FD079C7E
2026-03-30 09:23:09 - msg_id_0002 ==> 7E00020000660000000002FD08937E
2026-03-30 09:23:12 - msg_id_0002 ==> 7E00020000660000000002FD09927E
2026-03-30 09:23:15 - msg_id_0002 ==> 7E00020000660000000002FD0A917E
2026-03-30 09:23:18 - msg_id_0002 ==> 7E00020000660000000002FD0B907E
2026-03-30 09:23:21 - msg_id_0002 ==> 7E00020000660000000002FD0C977E
2026-03-30 09:23:25 - msg_id_0002 ==> 7E00020000660000000002FD0D967E
2026-03-30 09:23:28 - msg_id_0002 ==> 7E00020000660000000002FD0E957E
2026-03-30 09:23:31 - msg_id_0002 ==> 7E00020000660000000002FD0F947E
2026-03-30 09:23:34 - msg_id_0002 ==> 7E00020000660000000002FD108B7E
2026-03-30 09:23:38 - msg_id_0002 ==> 7E00020000660000000002FD12897E
2026-03-30 09:23:42 - msg_id_0002 ==> 7E00020000660000000002FD13887E
2026-03-30 09:23:43 - msg_id_0002 ==> 7E00020000660000000002FD148F7E
2026-03-30 09:23:46 - msg_id_0002 ==> 7E00020000660000000002FD158E7E
2026-03-30 09:23:49 - msg_id_0002 ==> 7E00020000660000000002FD168D7E
2026-03-30 09:23:53 - msg_id_0002 ==> 7E00020000660000000002FD178C7E
2026-03-30 09:23:56 - msg_id_0002 ==> 7E00020000660000000002FD18837E
2026-03-30 09:23:59 - msg_id_0002 ==> 7E00020000660000000002FD19827E
2026-03-30 09:24:02 - msg_id_0002 ==> 7E00020000660000000002FD1A817E
2026-03-30 09:24:05 - msg_id_0002 ==> 7E00020000660000000002FD1B807E
2026-03-30 09:24:08 - msg_id_0002 ==> 7E00020000660000000002FD1D867E
2026-03-30 09:24:11 - msg_id_0002 ==> 7E00020000660000000002FD1E857E
2026-03-30 09:24:14 - msg_id_0002 ==> 7E00020000660000000002FD1F847E
2026-03-30 09:24:17 - msg_id_0002 ==> 7E00020000660000000002FD20BB7E
2026-03-30 09:24:20 - msg_id_0002 ==> 7E00020000660000000002FD21BA7E
2026-03-30 09:24:23 - msg_id_0002 ==> 7E00020000660000000002FD22B97E
2026-03-30 09:24:26 - msg_id_0002 ==> 7E00020000660000000002FD23B87E
2026-03-30 09:24:30 - msg_id_0002 ==> 7E00020000660000000002FD24BF7E
2026-03-30 09:24:33 - msg_id_0002 ==> 7E00020000660000000002FD25BE7E
2026-03-30 09:24:36 - msg_id_0002 ==> 7E00020000660000000002FD26BD7E
2026-03-30 09:24:39 - msg_id_0002 ==> 7E00020000660000000002FD28B37E
2026-03-30 09:24:42 - msg_id_0002 ==> 7E00020000660000000002FD29B27E
2026-03-30 09:24:45 - msg_id_0002 ==> 7E00020000660000000002FD2AB17E
2026-03-30 09:24:48 - msg_id_0002 ==> 7E00020000660000000002FD2BB07E
2026-03-30 09:24:51 - msg_id_0002 ==> 7E00020000660000000002FD2CB77E
2026-03-30 09:24:54 - msg_id_0002 ==> 7E00020000660000000002FD2DB67E
2026-03-30 09:24:58 - msg_id_0002 ==> 7E00020000660000000002FD2EB57E
2026-03-30 09:25:01 - msg_id_0002 ==> 7E00020000660000000002FD2FB47E
2026-03-30 09:25:04 - msg_id_0002 ==> 7E00020000660000000002FD30AB7E
2026-03-30 09:25:07 - msg_id_0002 ==> 7E00020000660000000002FD31AA7E
2026-03-30 09:25:10 - msg_id_0002 ==> 7E00020000660000000002FD33A87E
2026-03-30 09:25:13 - msg_id_0002 ==> 7E00020000660000000002FD34AF7E
2026-03-30 09:25:16 - msg_id_0002 ==> 7E00020000660000000002FD35AE7E
2026-03-30 09:25:19 - msg_id_0002 ==> 7E00020000660000000002FD36AD7E
2026-03-30 09:25:22 - msg_id_0002 ==> 7E00020000660000000002FD37AC7E
2026-03-30 09:25:26 - msg_id_0002 ==> 7E00020000660000000002FD38A37E
2026-03-30 09:25:29 - msg_id_0002 ==> 7E00020000660000000002FD39A27E
2026-03-30 09:25:32 - msg_id_0002 ==> 7E00020000660000000002FD3AA17E
2026-03-30 09:25:35 - msg_id_0002 ==> 7E00020000660000000002FD3BA07E
2026-03-30 09:25:38 - msg_id_0002 ==> 7E00020000660000000002FD3CA77E
2026-03-30 09:25:41 - msg_id_0002 ==> 7E00020000660000000002FD3EA57E
2026-03-30 09:25:44 - msg_id_0002 ==> 7E00020000660000000002FD3FA47E
2026-03-30 09:25:47 - msg_id_0002 ==> 7E00020000660000000002FD40DB7E
2026-03-30 09:25:50 - msg_id_0002 ==> 7E00020000660000000002FD41DA7E
2026-03-30 09:25:54 - msg_id_0002 ==> 7E00020000660000000002FD42D97E
2026-03-30 09:25:56 - msg_id_0002 ==> 7E00020000660000000002FD43D87E
2026-03-30 09:26:00 - msg_id_0002 ==> 7E00020000660000000002FD44DF7E
2026-03-30 09:26:03 - msg_id_0002 ==> 7E00020000660000000002FD45DE7E
2026-03-30 09:26:06 - msg_id_0002 ==> 7E00020000660000000002FD46DD7E
2026-03-30 09:26:09 - msg_id_0002 ==> 7E00020000660000000002FD47DC7E
2026-03-30 09:26:12 - msg_id_0002 ==> 7E00020000660000000002FD49D27E
2026-03-30 09:26:15 - msg_id_0002 ==> 7E00020000660000000002FD4AD17E
2026-03-30 09:26:18 - msg_id_0002 ==> 7E00020000660000000002FD4BD07E
2026-03-30 09:26:21 - msg_id_0002 ==> 7E00020000660000000002FD4CD77E
2026-03-30 09:26:24 - msg_id_0002 ==> 7E00020000660000000002FD4DD67E
2026-03-30 09:26:28 - msg_id_0002 ==> 7E00020000660000000002FD4ED57E
2026-03-30 09:26:31 - msg_id_0002 ==> 7E00020000660000000002FD4FD47E
2026-03-30 09:26:34 - msg_id_0002 ==> 7E00020000660000000002FD50CB7E
2026-03-30 09:26:37 - msg_id_0002 ==> 7E00020000660000000002FD51CA7E
2026-03-30 09:26:40 - msg_id_0002 ==> 7E00020000660000000002FD52C97E
2026-03-30 09:26:44 - msg_id_0002 ==> 7E00020000660000000002FD54CF7E
2026-03-30 09:26:46 - msg_id_0002 ==> 7E00020000660000000002FD55CE7E
2026-03-30 09:26:49 - msg_id_0002 ==> 7E00020000660000000002FD56CD7E
2026-03-30 09:26:52 - msg_id_0002 ==> 7E00020000660000000002FD57CC7E
2026-03-30 09:26:55 - msg_id_0002 ==> 7E00020000660000000002FD58C37E
2026-03-30 09:26:59 - msg_id_0002 ==> 7E00020000660000000002FD59C27E
2026-03-30 09:27:02 - msg_id_0002 ==> 7E00020000660000000002FD5AC17E
2026-03-30 09:27:05 - msg_id_0002 ==> 7E00020000660000000002FD5BC07E
2026-03-30 09:27:08 - msg_id_0002 ==> 7E00020000660000000002FD5CC77E
2026-03-30 09:27:11 - msg_id_0002 ==> 7E00020000660000000002FD5DC67E
2026-03-30 09:27:14 - msg_id_0002 ==> 7E00020000660000000002FD5FC47E
2026-03-30 09:27:17 - msg_id_0002 ==> 7E00020000660000000002FD60FB7E
2026-03-30 09:27:20 - msg_id_0002 ==> 7E00020000660000000002FD61FA7E
2026-03-30 09:27:23 - msg_id_0002 ==> 7E00020000660000000002FD62F97E
2026-03-30 09:27:26 - msg_id_0002 ==> 7E00020000660000000002FD63F87E
2026-03-30 09:27:30 - msg_id_0002 ==> 7E00020000660000000002FD64FF7E
2026-03-30 09:27:33 - msg_id_0002 ==> 7E00020000660000000002FD65FE7E
2026-03-30 09:27:36 - msg_id_0002 ==> 7E00020000660000000002FD66FD7E
2026-03-30 09:27:39 - msg_id_0002 ==> 7E00020000660000000002FD67FC7E
2026-03-30 09:27:42 - msg_id_0002 ==> 7E00020000660000000002FD68F37E
2026-03-30 09:27:45 - msg_id_0002 ==> 7E00020000660000000002FD6AF17E
2026-03-30 09:27:48 - msg_id_0002 ==> 7E00020000660000000002FD6BF07E
2026-03-30 09:27:51 - msg_id_0002 ==> 7E00020000660000000002FD6CF77E
2026-03-30 09:27:54 - msg_id_0002 ==> 7E00020000660000000002FD6DF67E
2026-03-30 09:27:57 - msg_id_0002 ==> 7E00020000660000000002FD6EF57E
2026-03-30 09:28:01 - msg_id_0002 ==> 7E00020000660000000002FD6FF47E
2026-03-30 09:28:04 - msg_id_0002 ==> 7E00020000660000000002FD70EB7E
2026-03-30 09:28:07 - msg_id_0002 ==> 7E00020000660000000002FD71EA7E
2026-03-30 09:28:10 - msg_id_0002 ==> 7E00020000660000000002FD72E97E
2026-03-30 09:28:13 - msg_id_0002 ==> 7E00020000660000000002FD73E87E
2026-03-30 09:28:16 - msg_id_0002 ==> 7E00020000660000000002FD75EE7E
2026-03-30 09:28:19 - msg_id_0002 ==> 7E00020000660000000002FD76ED7E
2026-03-30 09:28:22 - msg_id_0002 ==> 7E00020000660000000002FD77EC7E
2026-03-30 09:28:25 - msg_id_0002 ==> 7E00020000660000000002FD78E37E
2026-03-30 09:28:28 - msg_id_0002 ==> 7E00020000660000000002FD79E27E
2026-03-30 09:28:32 - msg_id_0002 ==> 7E00020000660000000002FD7AE17E
2026-03-30 09:28:35 - msg_id_0002 ==> 7E00020000660000000002FD7BE07E
2026-03-30 09:28:38 - msg_id_0002 ==> 7E00020000660000000002FD7CE77E
2026-03-30 09:28:41 - msg_id_0002 ==> 7E00020000660000000002FD7D01E67E
2026-03-30 09:28:44 - msg_id_0002 ==> 7E00020000660000000002FD7D02E57E
2026-03-30 09:28:51 - msg_id_0002 ==> 7E00020000660000000002FD83187E
2026-03-30 09:28:54 - msg_id_0002 ==> 7E00020000660000000002FD841F7E
2026-03-30 09:28:57 - msg_id_0002 ==> 7E00020000660000000002FD851E7E
2026-03-30 09:29:01 - msg_id_0002 ==> 7E00020000660000000002FD861D7E
2026-03-30 09:29:04 - msg_id_0002 ==> 7E00020000660000000002FD871C7E
2026-03-30 09:29:07 - msg_id_0002 ==> 7E00020000660000000002FD88137E
2026-03-30 09:29:10 - msg_id_0002 ==> 7E00020000660000000002FD89127E
2026-03-30 09:29:13 - msg_id_0002 ==> 7E00020000660000000002FD8A117E
2026-03-30 09:29:16 - msg_id_0002 ==> 7E00020000660000000002FD8B107E
2026-03-30 09:29:19 - msg_id_0002 ==> 7E00020000660000000002FD8C177E
2026-03-30 09:29:22 - msg_id_0002 ==> 7E00020000660000000002FD8E157E
2026-03-30 09:29:25 - msg_id_0002 ==> 7E00020000660000000002FD8F147E
2026-03-30 09:29:29 - msg_id_0002 ==> 7E00020000660000000002FD900B7E
2026-03-30 09:29:32 - msg_id_0002 ==> 7E00020000660000000002FD910A7E
2026-03-30 09:29:35 - msg_id_0002 ==> 7E00020000660000000002FD92097E
2026-03-30 09:29:38 - msg_id_0002 ==> 7E00020000660000000002FD93087E
2026-03-30 09:29:41 - msg_id_0002 ==> 7E00020000660000000002FD940F7E
2026-03-30 09:29:44 - msg_id_0002 ==> 7E00020000660000000002FD950E7E
2026-03-30 09:29:47 - msg_id_0002 ==> 7E00020000660000000002FD960D7E
2026-03-30 09:29:50 - msg_id_0002 ==> 7E00020000660000000002FD970C7E
2026-03-30 09:29:53 - msg_id_0002 ==> 7E00020000660000000002FD99027E
2026-03-30 09:29:56 - msg_id_0002 ==> 7E00020000660000000002FD9A017E
2026-03-30 09:30:00 - msg_id_0002 ==> 7E00020000660000000002FD9B007E
2026-03-30 09:30:03 - msg_id_0002 ==> 7E00020000660000000002FD9C077E
2026-03-30 09:30:06 - msg_id_0002 ==> 7E00020000660000000002FD9D067E
2026-03-30 09:30:09 - msg_id_0002 ==> 7E00020000660000000002FD9E057E
2026-03-30 09:30:12 - msg_id_0002 ==> 7E00020000660000000002FD9F047E
2026-03-30 09:30:15 - msg_id_0002 ==> 7E00020000660000000002FDA03B7E
2026-03-30 09:30:18 - msg_id_0002 ==> 7E00020000660000000002FDA13A7E
2026-03-30 09:30:21 - msg_id_0002 ==> 7E00020000660000000002FDA2397E
2026-03-30 09:30:24 - msg_id_0002 ==> 7E00020000660000000002FDA43F7E
2026-03-30 09:30:28 - msg_id_0002 ==> 7E00020000660000000002FDA53E7E
2026-03-30 09:30:31 - msg_id_0002 ==> 7E00020000660000000002FDA63D7E
2026-03-30 09:30:34 - msg_id_0002 ==> 7E00020000660000000002FDA73C7E
2026-03-30 09:30:37 - msg_id_0002 ==> 7E00020000660000000002FDA8337E
2026-03-30 09:30:40 - msg_id_0002 ==> 7E00020000660000000002FDA9327E
2026-03-30 09:30:43 - msg_id_0002 ==> 7E00020000660000000002FDAA317E
2026-03-30 09:30:46 - msg_id_0002 ==> 7E00020000660000000002FDAB307E
2026-03-30 09:30:49 - msg_id_0002 ==> 7E00020000660000000002FDAC377E
2026-03-30 09:30:52 - msg_id_0002 ==> 7E00020000660000000002FDAD367E
2026-03-30 09:30:55 - msg_id_0002 ==> 7E00020000660000000002FDAF347E
2026-03-30 09:30:58 - msg_id_0002 ==> 7E00020000660000000002FDB02B7E
2026-03-30 09:31:02 - msg_id_0002 ==> 7E00020000660000000002FDB12A7E
2026-03-30 09:31:05 - msg_id_0002 ==> 7E00020000660000000002FDB2297E
2026-03-30 09:31:08 - msg_id_0002 ==> 7E00020000660000000002FDB3287E
2026-03-30 09:31:11 - msg_id_0002 ==> 7E00020000660000000002FDB42F7E
2026-03-30 09:31:14 - msg_id_0002 ==> 7E00020000660000000002FDB52E7E
2026-03-30 09:31:17 - msg_id_0002 ==> 7E00020000660000000002FDB62D7E
2026-03-30 09:31:20 - msg_id_0002 ==> 7E00020000660000000002FDB72C7E
2026-03-30 09:31:23 - msg_id_0002 ==> 7E00020000660000000002FDB8237E
2026-03-30 09:31:26 - msg_id_0002 ==> 7E00020000660000000002FDBA217E
2026-03-30 09:31:29 - msg_id_0002 ==> 7E00020000660000000002FDBB207E
2026-03-30 09:31:33 - msg_id_0002 ==> 7E00020000660000000002FDBC277E
2026-03-30 09:31:36 - msg_id_0002 ==> 7E00020000660000000002FDBD267E
2026-03-30 09:31:39 - msg_id_0002 ==> 7E00020000660000000002FDBE257E
2026-03-30 09:31:42 - msg_id_0002 ==> 7E00020000660000000002FDBF247E
2026-03-30 09:31:45 - msg_id_0002 ==> 7E00020000660000000002FDC05B7E
2026-03-30 09:31:48 - msg_id_0002 ==> 7E00020000660000000002FDC15A7E
2026-03-30 09:31:51 - msg_id_0002 ==> 7E00020000660000000002FDC2597E
2026-03-30 09:31:54 - msg_id_0002 ==> 7E00020000660000000002FDC3587E
2026-03-30 09:31:57 - msg_id_0002 ==> 7E00020000660000000002FDC55E7E
2026-03-30 09:32:00 - msg_id_0002 ==> 7E00020000660000000002FDC65D7E
2026-03-30 09:32:04 - msg_id_0002 ==> 7E00020000660000000002FDC75C7E
2026-03-30 09:32:07 - msg_id_0002 ==> 7E00020000660000000002FDC8537E
2026-03-30 09:32:10 - msg_id_0002 ==> 7E00020000660000000002FDC9527E
2026-03-30 09:32:13 - msg_id_0002 ==> 7E00020000660000000002FDCA517E
2026-03-30 09:32:16 - msg_id_0002 ==> 7E00020000660000000002FDCB507E
2026-03-30 09:32:19 - msg_id_0002 ==> 7E00020000660000000002FDCC577E
2026-03-30 09:32:22 - msg_id_0002 ==> 7E00020000660000000002FDCD567E
2026-03-30 09:32:25 - msg_id_0002 ==> 7E00020000660000000002FDCE557E
2026-03-30 09:32:28 - msg_id_0002 ==> 7E00020000660000000002FDD04B7E
2026-03-30 09:32:32 - msg_id_0002 ==> 7E00020000660000000002FDD14A7E
2026-03-30 09:32:35 - msg_id_0002 ==> 7E00020000660000000002FDD2497E
2026-03-30 09:32:38 - msg_id_0002 ==> 7E00020000660000000002FDD3487E
2026-03-30 09:32:41 - msg_id_0002 ==> 7E00020000660000000002FDD44F7E
2026-03-30 09:32:44 - msg_id_0002 ==> 7E00020000660000000002FDD54E7E
2026-03-30 09:32:47 - msg_id_0002 ==> 7E00020000660000000002FDD64D7E
2026-03-30 09:32:50 - msg_id_0002 ==> 7E00020000660000000002FDD74C7E
2026-03-30 09:32:53 - msg_id_0002 ==> 7E00020000660000000002FDD8437E
2026-03-30 09:32:56 - msg_id_0002 ==> 7E00020000660000000002FDD9427E
2026-03-30 09:33:00 - msg_id_0002 ==> 7E00020000660000000002FDDB407E
2026-03-30 09:33:03 - msg_id_0002 ==> 7E00020000660000000002FDDC477E
2026-03-30 09:33:06 - msg_id_0002 ==> 7E00020000660000000002FDDD467E
2026-03-30 09:33:09 - msg_id_0002 ==> 7E00020000660000000002FDDE457E
2026-03-30 09:33:12 - msg_id_0002 ==> 7E00020000660000000002FDDF447E
2026-03-30 09:33:15 - msg_id_0002 ==> 7E00020000660000000002FDE07B7E
2026-03-30 09:33:18 - msg_id_0002 ==> 7E00020000660000000002FDE17A7E
2026-03-30 09:33:21 - msg_id_0002 ==> 7E00020000660000000002FDE2797E
2026-03-30 09:33:24 - msg_id_0002 ==> 7E00020000660000000002FDE3787E
2026-03-30 09:33:27 - msg_id_0002 ==> 7E00020000660000000002FDE47F7E
2026-03-30 09:33:30 - msg_id_0002 ==> 7E00020000660000000002FDE67D017E
2026-03-30 09:33:34 - msg_id_0002 ==> 7E00020000660000000002FDE77C7E
2026-03-30 09:33:37 - msg_id_0002 ==> 7E00020000660000000002FDE8737E
2026-03-30 09:33:40 - msg_id_0002 ==> 7E00020000660000000002FDE9727E
2026-03-30 09:33:43 - msg_id_0002 ==> 7E00020000660000000002FDEA717E
2026-03-30 09:33:46 - msg_id_0002 ==> 7E00020000660000000002FDEB707E
2026-03-30 09:33:49 - msg_id_0002 ==> 7E00020000660000000002FDEC777E
2026-03-30 09:33:53 - msg_id_0002 ==> 7E00020000660000000002FDED767E
2026-03-30 09:33:55 - msg_id_0002 ==> 7E00020000660000000002FDEE757E
2026-03-30 09:33:58 - msg_id_0002 ==> 7E00020000660000000002FDEF747E
2026-03-30 09:34:01 - msg_id_0002 ==> 7E00020000660000000002FDF16A7E
2026-03-30 09:34:04 - msg_id_0002 ==> 7E00020000660000000002FDF2697E
2026-03-30 09:34:08 - msg_id_0002 ==> 7E00020000660000000002FDF3687E
2026-03-30 09:34:11 - msg_id_0002 ==> 7E00020000660000000002FDF46F7E
2026-03-30 09:34:14 - msg_id_0002 ==> 7E00020000660000000002FDF56E7E
2026-03-30 09:34:17 - msg_id_0002 ==> 7E00020000660000000002FDF66D7E
2026-03-30 09:34:20 - msg_id_0002 ==> 7E00020000660000000002FDF76C7E
2026-03-30 09:34:23 - msg_id_0002 ==> 7E00020000660000000002FDF8637E
2026-03-30 09:34:26 - msg_id_0002 ==> 7E00020000660000000002FDF9627E
2026-03-30 09:34:29 - msg_id_0002 ==> 7E00020000660000000002FDFA617E
2026-03-30 09:34:32 - msg_id_0002 ==> 7E00020000660000000002FDFC677E
2026-03-30 09:34:35 - msg_id_0002 ==> 7E00020000660000000002FDFD667E
2026-03-30 09:34:39 - msg_id_0002 ==> 7E00020000660000000002FDFE657E
2026-03-30 09:34:42 - msg_id_0002 ==> 7E00020000660000000002FDFF647E
2026-03-30 09:34:45 - msg_id_0002 ==> 7E00020000660000000002FE00987E
2026-03-30 09:34:48 - msg_id_0002 ==> 7E00020000660000000002FE01997E
2026-03-30 09:34:51 - msg_id_0002 ==> 7E00020000660000000002FE029A7E
2026-03-30 09:34:54 - msg_id_0002 ==> 7E00020000660000000002FE039B7E
2026-03-30 09:34:57 - msg_id_0002 ==> 7E00020000660000000002FE049C7E
2026-03-30 09:35:00 - msg_id_0002 ==> 7E00020000660000000002FE059D7E
2026-03-30 09:35:03 - msg_id_0002 ==> 7E00020000660000000002FE079F7E
2026-03-30 09:35:06 - msg_id_0002 ==> 7E00020000660000000002FE08907E
2026-03-30 09:35:10 - msg_id_0002 ==> 7E00020000660000000002FE09917E
2026-03-30 09:35:13 - msg_id_0002 ==> 7E00020000660000000002FE0A927E
2026-03-30 09:35:16 - msg_id_0002 ==> 7E00020000660000000002FE0B937E
2026-03-30 09:35:19 - msg_id_0002 ==> 7E00020000660000000002FE0C947E
2026-03-30 09:35:22 - msg_id_0002 ==> 7E00020000660000000002FE0D957E
2026-03-30 09:35:25 - msg_id_0002 ==> 7E00020000660000000002FE0E967E
2026-03-30 09:35:28 - msg_id_0002 ==> 7E00020000660000000002FE0F977E
2026-03-30 09:35:31 - msg_id_0002 ==> 7E00020000660000000002FE10887E
2026-03-30 09:35:34 - msg_id_0002 ==> 7E00020000660000000002FE128A7E
2026-03-30 09:35:37 - msg_id_0002 ==> 7E00020000660000000002FE138B7E
2026-03-30 09:35:41 - msg_id_0002 ==> 7E00020000660000000002FE148C7E
2026-03-30 09:35:44 - msg_id_0002 ==> 7E00020000660000000002FE158D7E
2026-03-30 09:35:47 - msg_id_0002 ==> 7E00020000660000000002FE168E7E
2026-03-30 09:35:50 - msg_id_0002 ==> 7E00020000660000000002FE178F7E
2026-03-30 09:35:53 - msg_id_0002 ==> 7E00020000660000000002FE18807E
2026-03-30 09:35:56 - msg_id_0002 ==> 7E00020000660000000002FE19817E
2026-03-30 09:35:59 - msg_id_0002 ==> 7E00020000660000000002FE1A827E
2026-03-30 09:36:02 - msg_id_0002 ==> 7E00020000660000000002FE1B837E
2026-03-30 09:36:05 - msg_id_0002 ==> 7E00020000660000000002FE1D857E
2026-03-30 09:36:08 - msg_id_0002 ==> 7E00020000660000000002FE1E867E
2026-03-30 09:36:12 - msg_id_0002 ==> 7E00020000660000000002FE1F877E
2026-03-30 09:36:15 - msg_id_0002 ==> 7E00020000660000000002FE20B87E
2026-03-30 09:36:18 - msg_id_0002 ==> 7E00020000660000000002FE21B97E
2026-03-30 09:36:21 - msg_id_0002 ==> 7E00020000660000000002FE22BA7E
2026-03-30 09:36:24 - msg_id_0002 ==> 7E00020000660000000002FE23BB7E
2026-03-30 09:36:27 - msg_id_0002 ==> 7E00020000660000000002FE24BC7E
2026-03-30 09:36:30 - msg_id_0002 ==> 7E00020000660000000002FE25BD7E
2026-03-30 09:36:33 - msg_id_0002 ==> 7E00020000660000000002FE26BE7E
2026-03-30 09:36:36 - msg_id_0002 ==> 7E00020000660000000002FE28B07E
2026-03-30 09:36:40 - msg_id_0002 ==> 7E00020000660000000002FE29B17E
2026-03-30 09:36:43 - msg_id_0002 ==> 7E00020000660000000002FE2AB27E
2026-03-30 09:36:46 - msg_id_0002 ==> 7E00020000660000000002FE2BB37E
2026-03-30 09:36:49 - msg_id_0002 ==> 7E00020000660000000002FE2CB47E
2026-03-30 09:36:52 - msg_id_0002 ==> 7E00020000660000000002FE2DB57E
2026-03-30 09:36:55 - msg_id_0002 ==> 7E00020000660000000002FE2EB67E
2026-03-30 09:36:58 - msg_id_0002 ==> 7E00020000660000000002FE2FB77E
2026-03-30 09:37:01 - msg_id_0002 ==> 7E00020000660000000002FE30A87E
2026-03-30 09:37:04 - msg_id_0002 ==> 7E00020000660000000002FE31A97E
2026-03-30 09:37:07 - msg_id_0002 ==> 7E00020000660000000002FE33AB7E
2026-03-30 09:37:11 - msg_id_0002 ==> 7E00020000660000000002FE34AC7E
2026-03-30 09:37:14 - msg_id_0002 ==> 7E00020000660000000002FE35AD7E
2026-03-30 09:37:17 - msg_id_0002 ==> 7E00020000660000000002FE36AE7E
2026-03-30 09:37:20 - msg_id_0002 ==> 7E00020000660000000002FE37AF7E
2026-03-30 09:37:23 - msg_id_0002 ==> 7E00020000660000000002FE38A07E
2026-03-30 09:37:26 - msg_id_0002 ==> 7E00020000660000000002FE39A17E
2026-03-30 09:37:29 - msg_id_0002 ==> 7E00020000660000000002FE3AA27E
2026-03-30 09:37:32 - msg_id_0002 ==> 7E00020000660000000002FE3BA37E
2026-03-30 09:37:35 - msg_id_0002 ==> 7E00020000660000000002FE3CA47E
2026-03-30 09:37:38 - msg_id_0002 ==> 7E00020000660000000002FE3EA67E
2026-03-30 09:37:42 - msg_id_0002 ==> 7E00020000660000000002FE3FA77E
2026-03-30 09:37:45 - msg_id_0002 ==> 7E00020000660000000002FE40D87E
2026-03-30 09:37:48 - msg_id_0002 ==> 7E00020000660000000002FE41D97E
2026-03-30 09:37:51 - msg_id_0002 ==> 7E00020000660000000002FE42DA7E
2026-03-30 09:37:54 - msg_id_0002 ==> 7E00020000660000000002FE43DB7E
2026-03-30 09:37:57 - msg_id_0002 ==> 7E00020000660000000002FE44DC7E
2026-03-30 09:38:00 - msg_id_0002 ==> 7E00020000660000000002FE45DD7E
2026-03-30 09:38:03 - msg_id_0002 ==> 7E00020000660000000002FE46DE7E
2026-03-30 09:38:06 - msg_id_0002 ==> 7E00020000660000000002FE47DF7E
2026-03-30 09:38:09 - msg_id_0002 ==> 7E00020000660000000002FE49D17E
2026-03-30 09:38:13 - msg_id_0002 ==> 7E00020000660000000002FE4AD27E
2026-03-30 09:38:16 - msg_id_0002 ==> 7E00020000660000000002FE4BD37E
2026-03-30 09:38:19 - msg_id_0002 ==> 7E00020000660000000002FE4CD47E
2026-03-30 09:38:22 - msg_id_0002 ==> 7E00020000660000000002FE4DD57E
2026-03-30 09:38:25 - msg_id_0002 ==> 7E00020000660000000002FE4ED67E
2026-03-30 09:38:28 - msg_id_0002 ==> 7E00020000660000000002FE4FD77E
2026-03-30 09:38:31 - msg_id_0002 ==> 7E00020000660000000002FE50C87E
2026-03-30 09:38:34 - msg_id_0002 ==> 7E00020000660000000002FE51C97E
2026-03-30 09:38:37 - msg_id_0002 ==> 7E00020000660000000002FE52CA7E
2026-03-30 09:38:40 - msg_id_0002 ==> 7E00020000660000000002FE54CC7E
2026-03-30 09:38:44 - msg_id_0002 ==> 7E00020000660000000002FE55CD7E
2026-03-30 09:38:47 - msg_id_0002 ==> 7E00020000660000000002FE56CE7E
2026-03-30 09:38:50 - msg_id_0002 ==> 7E00020000660000000002FE57CF7E
2026-03-30 09:38:53 - msg_id_0002 ==> 7E00020000660000000002FE58C07E
2026-03-30 09:38:56 - msg_id_0002 ==> 7E00020000660000000002FE59C17E
2026-03-30 09:38:59 - msg_id_0002 ==> 7E00020000660000000002FE5AC27E
2026-03-30 09:39:02 - msg_id_0002 ==> 7E00020000660000000002FE5BC37E
2026-03-30 09:39:05 - msg_id_0002 ==> 7E00020000660000000002FE5CC47E
2026-03-30 09:39:08 - msg_id_0002 ==> 7E00020000660000000002FE5DC57E
2026-03-30 09:39:11 - msg_id_0002 ==> 7E00020000660000000002FE5FC77E
2026-03-30 09:39:14 - msg_id_0002 ==> 7E00020000660000000002FE60F87E
2026-03-30 09:39:18 - msg_id_0002 ==> 7E00020000660000000002FE61F97E
2026-03-30 09:39:21 - msg_id_0002 ==> 7E00020000660000000002FE62FA7E
2026-03-30 09:39:24 - msg_id_0002 ==> 7E00020000660000000002FE63FB7E
2026-03-30 09:39:27 - msg_id_0002 ==> 7E00020000660000000002FE64FC7E
2026-03-30 09:39:30 - msg_id_0002 ==> 7E00020000660000000002FE65FD7E
2026-03-30 09:39:33 - msg_id_0002 ==> 7E00020000660000000002FE66FE7E
2026-03-30 09:39:36 - msg_id_0002 ==> 7E00020000660000000002FE67FF7E
2026-03-30 09:39:39 - msg_id_0002 ==> 7E00020000660000000002FE68F07E
2026-03-30 09:39:42 - msg_id_0002 ==> 7E00020000660000000002FE6AF27E
2026-03-30 09:39:45 - msg_id_0002 ==> 7E00020000660000000002FE6BF37E
2026-03-30 09:39:49 - msg_id_0002 ==> 7E00020000660000000002FE6CF47E
2026-03-30 09:39:52 - msg_id_0002 ==> 7E00020000660000000002FE6DF57E
2026-03-30 09:39:55 - msg_id_0002 ==> 7E00020000660000000002FE6EF67E
2026-03-30 09:39:58 - msg_id_0002 ==> 7E00020000660000000002FE6FF77E
2026-03-30 09:40:01 - msg_id_0002 ==> 7E00020000660000000002FE70E87E
2026-03-30 09:40:04 - msg_id_0002 ==> 7E00020000660000000002FE71E97E
2026-03-30 09:40:07 - msg_id_0002 ==> 7E00020000660000000002FE72EA7E
2026-03-30 09:40:10 - msg_id_0002 ==> 7E00020000660000000002FE73EB7E
2026-03-30 09:40:13 - msg_id_0002 ==> 7E00020000660000000002FE75ED7E
2026-03-30 09:40:17 - msg_id_0002 ==> 7E00020000660000000002FE76EE7E
2026-03-30 09:40:20 - msg_id_0002 ==> 7E00020000660000000002FE77EF7E
2026-03-30 09:40:23 - msg_id_0002 ==> 7E00020000660000000002FE78E07E
2026-03-30 09:40:26 - msg_id_0002 ==> 7E00020000660000000002FE79E17E
2026-03-30 09:40:29 - msg_id_0002 ==> 7E00020000660000000002FE7AE27E
2026-03-30 09:40:32 - msg_id_0002 ==> 7E00020000660000000002FE7BE37E
2026-03-30 09:40:35 - msg_id_0002 ==> 7E00020000660000000002FE7CE47E
2026-03-30 09:40:38 - msg_id_0002 ==> 7E00020000660000000002FE7D01E57E
2026-03-30 09:40:41 - msg_id_0002 ==> 7E00020000660000000002FE7D02E67E
2026-03-30 09:40:50 - msg_id_0002 ==> 7E00020000660000000002FE831B7E
2026-03-30 09:40:53 - msg_id_0002 ==> 7E00020000660000000002FE841C7E
2026-03-30 09:40:56 - msg_id_0002 ==> 7E00020000660000000002FE851D7E
2026-03-30 09:40:59 - msg_id_0002 ==> 7E00020000660000000002FE861E7E
2026-03-30 09:41:03 - msg_id_0002 ==> 7E00020000660000000002FE871F7E
2026-03-30 09:41:06 - msg_id_0002 ==> 7E00020000660000000002FE88107E
2026-03-30 09:41:09 - msg_id_0002 ==> 7E00020000660000000002FE89117E
2026-03-30 09:41:12 - msg_id_0002 ==> 7E00020000660000000002FE8A127E
2026-03-30 09:41:15 - msg_id_0002 ==> 7E00020000660000000002FE8B137E
2026-03-30 09:41:18 - msg_id_0002 ==> 7E00020000660000000002FE8C147E
2026-03-30 09:41:21 - msg_id_0002 ==> 7E00020000660000000002FE8E167E
2026-03-30 09:41:24 - msg_id_0002 ==> 7E00020000660000000002FE8F177E
2026-03-30 09:41:27 - msg_id_0002 ==> 7E00020000660000000002FE90087E
2026-03-30 09:41:30 - msg_id_0002 ==> 7E00020000660000000002FE91097E
2026-03-30 09:41:34 - msg_id_0002 ==> 7E00020000660000000002FE920A7E
2026-03-30 09:41:37 - msg_id_0002 ==> 7E00020000660000000002FE930B7E
2026-03-30 09:41:40 - msg_id_0002 ==> 7E00020000660000000002FE940C7E
2026-03-30 09:41:43 - msg_id_0002 ==> 7E00020000660000000002FE950D7E
2026-03-30 09:41:46 - msg_id_0002 ==> 7E00020000660000000002FE960E7E
2026-03-30 09:41:49 - msg_id_0002 ==> 7E00020000660000000002FE970F7E
2026-03-30 09:41:52 - msg_id_0002 ==> 7E00020000660000000002FE99017E
2026-03-30 09:41:55 - msg_id_0002 ==> 7E00020000660000000002FE9A027E
2026-03-30 09:41:58 - msg_id_0002 ==> 7E00020000660000000002FE9B037E
2026-03-30 09:42:01 - msg_id_0002 ==> 7E00020000660000000002FE9C047E
2026-03-30 09:42:05 - msg_id_0002 ==> 7E00020000660000000002FE9D057E
2026-03-30 09:42:08 - msg_id_0002 ==> 7E00020000660000000002FE9E067E
2026-03-30 09:42:11 - msg_id_0002 ==> 7E00020000660000000002FE9F077E
2026-03-30 09:42:14 - msg_id_0002 ==> 7E00020000660000000002FEA0387E
2026-03-30 09:42:17 - msg_id_0002 ==> 7E00020000660000000002FEA1397E
2026-03-30 09:42:20 - msg_id_0002 ==> 7E00020000660000000002FEA23A7E
2026-03-30 09:42:23 - msg_id_0002 ==> 7E00020000660000000002FEA43C7E
2026-03-30 09:42:26 - msg_id_0002 ==> 7E00020000660000000002FEA53D7E
2026-03-30 09:42:29 - msg_id_0002 ==> 7E00020000660000000002FEA63E7E
2026-03-30 09:42:32 - msg_id_0002 ==> 7E00020000660000000002FEA73F7E
2026-03-30 09:42:36 - msg_id_0002 ==> 7E00020000660000000002FEA8307E
2026-03-30 09:42:39 - msg_id_0002 ==> 7E00020000660000000002FEA9317E
2026-03-30 09:42:42 - msg_id_0002 ==> 7E00020000660000000002FEAA327E
2026-03-30 09:42:45 - msg_id_0002 ==> 7E00020000660000000002FEAB337E
2026-03-30 09:42:48 - msg_id_0002 ==> 7E00020000660000000002FEAC347E
2026-03-30 09:42:51 - msg_id_0002 ==> 7E00020000660000000002FEAD357E
2026-03-30 09:42:54 - msg_id_0002 ==> 7E00020000660000000002FEAF377E
2026-03-30 09:42:57 - msg_id_0002 ==> 7E00020000660000000002FEB0287E
2026-03-30 09:43:00 - msg_id_0002 ==> 7E00020000660000000002FEB1297E
2026-03-30 09:43:03 - msg_id_0002 ==> 7E00020000660000000002FEB22A7E
2026-03-30 09:43:07 - msg_id_0002 ==> 7E00020000660000000002FEB32B7E
2026-03-30 09:43:10 - msg_id_0002 ==> 7E00020000660000000002FEB42C7E
2026-03-30 09:43:13 - msg_id_0002 ==> 7E00020000660000000002FEB52D7E
2026-03-30 09:43:16 - msg_id_0002 ==> 7E00020000660000000002FEB62E7E
2026-03-30 09:43:19 - msg_id_0002 ==> 7E00020000660000000002FEB72F7E
2026-03-30 09:43:22 - msg_id_0002 ==> 7E00020000660000000002FEB8207E
2026-03-30 09:43:25 - msg_id_0002 ==> 7E00020000660000000002FEBA227E
2026-03-30 09:43:28 - msg_id_0002 ==> 7E00020000660000000002FEBB237E
2026-03-30 09:43:31 - msg_id_0002 ==> 7E00020000660000000002FEBC247E
2026-03-30 09:43:34 - msg_id_0002 ==> 7E00020000660000000002FEBD257E
2026-03-30 09:43:38 - msg_id_0002 ==> 7E00020000660000000002FEBE267E
2026-03-30 09:43:41 - msg_id_0002 ==> 7E00020000660000000002FEBF277E
2026-03-30 09:43:44 - msg_id_0002 ==> 7E00020000660000000002FEC0587E
2026-03-30 09:43:47 - msg_id_0002 ==> 7E00020000660000000002FEC1597E
2026-03-30 09:43:50 - msg_id_0002 ==> 7E00020000660000000002FEC25A7E
2026-03-30 09:43:53 - msg_id_0002 ==> 7E00020000660000000002FEC35B7E
2026-03-30 09:43:56 - msg_id_0002 ==> 7E00020000660000000002FEC55D7E
2026-03-30 09:43:59 - msg_id_0002 ==> 7E00020000660000000002FEC65E7E
2026-03-30 09:44:02 - msg_id_0002 ==> 7E00020000660000000002FEC75F7E
2026-03-30 09:44:05 - msg_id_0002 ==> 7E00020000660000000002FEC8507E
2026-03-30 09:44:09 - msg_id_0002 ==> 7E00020000660000000002FEC9517E
2026-03-30 09:44:12 - msg_id_0002 ==> 7E00020000660000000002FECA527E
2026-03-30 09:44:15 - msg_id_0002 ==> 7E00020000660000000002FECB537E
2026-03-30 09:44:18 - msg_id_0002 ==> 7E00020000660000000002FECC547E
2026-03-30 09:44:21 - msg_id_0002 ==> 7E00020000660000000002FECD557E
2026-03-30 09:44:24 - msg_id_0002 ==> 7E00020000660000000002FECE567E
2026-03-30 09:44:27 - msg_id_0002 ==> 7E00020000660000000002FED0487E
2026-03-30 09:44:30 - msg_id_0002 ==> 7E00020000660000000002FED1497E
2026-03-30 09:44:33 - msg_id_0002 ==> 7E00020000660000000002FED24A7E
2026-03-30 09:44:37 - msg_id_0002 ==> 7E00020000660000000002FED34B7E
2026-03-30 09:44:40 - msg_id_0002 ==> 7E00020000660000000002FED44C7E
2026-03-30 09:44:43 - msg_id_0002 ==> 7E00020000660000000002FED54D7E
2026-03-30 09:44:46 - msg_id_0002 ==> 7E00020000660000000002FED64E7E
2026-03-30 09:44:49 - msg_id_0002 ==> 7E00020000660000000002FED74F7E
2026-03-30 09:44:52 - msg_id_0002 ==> 7E00020000660000000002FED8407E
2026-03-30 09:44:55 - msg_id_0002 ==> 7E00020000660000000002FED9417E
2026-03-30 09:44:58 - msg_id_0002 ==> 7E00020000660000000002FEDB437E
2026-03-30 09:45:01 - msg_id_0002 ==> 7E00020000660000000002FEDC447E
2026-03-30 09:45:04 - msg_id_0002 ==> 7E00020000660000000002FEDD457E
2026-03-30 09:45:08 - msg_id_0002 ==> 7E00020000660000000002FEDE467E
2026-03-30 09:45:11 - msg_id_0002 ==> 7E00020000660000000002FEDF477E
2026-03-30 09:45:14 - msg_id_0002 ==> 7E00020000660000000002FEE0787E
2026-03-30 09:45:17 - msg_id_0002 ==> 7E00020000660000000002FEE1797E
2026-03-30 09:45:20 - msg_id_0002 ==> 7E00020000660000000002FEE27A7E
2026-03-30 09:45:23 - msg_id_0002 ==> 7E00020000660000000002FEE37B7E
2026-03-30 09:45:26 - msg_id_0002 ==> 7E00020000660000000002FEE47C7E
2026-03-30 09:45:29 - msg_id_0002 ==> 7E00020000660000000002FEE67D027E
2026-03-30 09:45:32 - msg_id_0002 ==> 7E00020000660000000002FEE77F7E
2026-03-30 09:45:35 - msg_id_0002 ==> 7E00020000660000000002FEE8707E
2026-03-30 09:45:39 - msg_id_0002 ==> 7E00020000660000000002FEE9717E
2026-03-30 09:45:42 - msg_id_0002 ==> 7E00020000660000000002FEEA727E
2026-03-30 09:45:45 - msg_id_0002 ==> 7E00020000660000000002FEEB737E
2026-03-30 09:45:48 - msg_id_0002 ==> 7E00020000660000000002FEEC747E
2026-03-30 09:45:51 - msg_id_0002 ==> 7E00020000660000000002FEED757E
2026-03-30 09:45:54 - msg_id_0002 ==> 7E00020000660000000002FEEE767E
2026-03-30 09:45:58 - msg_id_0002 ==> 7E00020000660000000002FEEF777E
2026-03-30 09:46:00 - msg_id_0002 ==> 7E00020000660000000002FEF1697E
2026-03-30 09:46:03 - msg_id_0002 ==> 7E00020000660000000002FEF26A7E
2026-03-30 09:46:06 - msg_id_0002 ==> 7E00020000660000000002FEF36B7E
2026-03-30 09:46:10 - msg_id_0002 ==> 7E00020000660000000002FEF46C7E
2026-03-30 09:46:13 - msg_id_0002 ==> 7E00020000660000000002FEF56D7E
2026-03-30 09:46:16 - msg_id_0002 ==> 7E00020000660000000002FEF66E7E
2026-03-30 09:46:19 - msg_id_0002 ==> 7E00020000660000000002FEF76F7E
2026-03-30 09:46:22 - msg_id_0002 ==> 7E00020000660000000002FEF8607E
2026-03-30 09:46:25 - msg_id_0002 ==> 7E00020000660000000002FEF9617E
2026-03-30 09:46:28 - msg_id_0002 ==> 7E00020000660000000002FEFA627E
2026-03-30 09:46:32 - msg_id_0002 ==> 7E00020000660000000002FEFC647E
2026-03-30 09:46:34 - msg_id_0002 ==> 7E00020000660000000002FEFD657E
2026-03-30 09:46:37 - msg_id_0002 ==> 7E00020000660000000002FEFE667E
2026-03-30 09:46:41 - msg_id_0002 ==> 7E00020000660000000002FEFF677E
2026-03-30 09:46:44 - msg_id_0002 ==> 7E00020000660000000002FF00997E
2026-03-30 09:46:47 - msg_id_0002 ==> 7E00020000660000000002FF01987E
2026-03-30 09:46:50 - msg_id_0002 ==> 7E00020000660000000002FF029B7E
2026-03-30 09:46:53 - msg_id_0002 ==> 7E00020000660000000002FF039A7E
2026-03-30 09:46:56 - msg_id_0002 ==> 7E00020000660000000002FF049D7E
2026-03-30 09:46:59 - msg_id_0002 ==> 7E00020000660000000002FF059C7E
2026-03-30 09:47:02 - msg_id_0002 ==> 7E00020000660000000002FF079E7E
2026-03-30 09:47:05 - msg_id_0002 ==> 7E00020000660000000002FF08917E
2026-03-30 09:47:09 - msg_id_0002 ==> 7E00020000660000000002FF09907E
2026-03-30 09:47:12 - msg_id_0002 ==> 7E00020000660000000002FF0A937E
2026-03-30 09:47:15 - msg_id_0002 ==> 7E00020000660000000002FF0B927E
2026-03-30 09:47:18 - msg_id_0002 ==> 7E00020000660000000002FF0C957E
2026-03-30 09:47:21 - msg_id_0002 ==> 7E00020000660000000002FF0D947E
2026-03-30 09:47:24 - msg_id_0002 ==> 7E00020000660000000002FF0E977E
2026-03-30 09:47:27 - msg_id_0002 ==> 7E00020000660000000002FF0F967E
2026-03-30 09:47:30 - msg_id_0002 ==> 7E00020000660000000002FF10897E
2026-03-30 09:47:33 - msg_id_0002 ==> 7E00020000660000000002FF128B7E
2026-03-30 09:47:36 - msg_id_0002 ==> 7E00020000660000000002FF138A7E
2026-03-30 09:47:39 - msg_id_0002 ==> 7E00020000660000000002FF148D7E
2026-03-30 09:47:43 - msg_id_0002 ==> 7E00020000660000000002FF158C7E
2026-03-30 09:47:46 - msg_id_0002 ==> 7E00020000660000000002FF168F7E
2026-03-30 09:47:49 - msg_id_0002 ==> 7E00020000660000000002FF178E7E
2026-03-30 09:47:52 - msg_id_0002 ==> 7E00020000660000000002FF18817E
2026-03-30 09:47:55 - msg_id_0002 ==> 7E00020000660000000002FF19807E
2026-03-30 09:47:58 - msg_id_0002 ==> 7E00020000660000000002FF1A837E
2026-03-30 09:48:01 - msg_id_0002 ==> 7E00020000660000000002FF1B827E
2026-03-30 09:48:04 - msg_id_0002 ==> 7E00020000660000000002FF1D847E
2026-03-30 09:48:07 - msg_id_0002 ==> 7E00020000660000000002FF1E877E
2026-03-30 09:48:10 - msg_id_0002 ==> 7E00020000660000000002FF1F867E
2026-03-30 09:48:14 - msg_id_0002 ==> 7E00020000660000000002FF20B97E
2026-03-30 09:48:17 - msg_id_0002 ==> 7E00020000660000000002FF21B87E
2026-03-30 09:48:20 - msg_id_0002 ==> 7E00020000660000000002FF22BB7E
2026-03-30 09:48:23 - msg_id_0002 ==> 7E00020000660000000002FF23BA7E
2026-03-30 09:48:26 - msg_id_0002 ==> 7E00020000660000000002FF24BD7E
2026-03-30 09:48:29 - msg_id_0002 ==> 7E00020000660000000002FF25BC7E
2026-03-30 09:48:32 - msg_id_0002 ==> 7E00020000660000000002FF26BF7E
2026-03-30 09:48:35 - msg_id_0002 ==> 7E00020000660000000002FF28B17E
2026-03-30 09:48:38 - msg_id_0002 ==> 7E00020000660000000002FF29B07E
2026-03-30 09:48:41 - msg_id_0002 ==> 7E00020000660000000002FF2AB37E
2026-03-30 09:48:45 - msg_id_0002 ==> 7E00020000660000000002FF2BB27E
2026-03-30 09:48:48 - msg_id_0002 ==> 7E00020000660000000002FF2CB57E
2026-03-30 09:48:51 - msg_id_0002 ==> 7E00020000660000000002FF2DB47E
2026-03-30 09:48:54 - msg_id_0002 ==> 7E00020000660000000002FF2EB77E
2026-03-30 09:48:57 - msg_id_0002 ==> 7E00020000660000000002FF2FB67E
2026-03-30 09:49:00 - msg_id_0002 ==> 7E00020000660000000002FF30A97E
2026-03-30 09:49:03 - msg_id_0002 ==> 7E00020000660000000002FF31A87E
2026-03-30 09:49:06 - msg_id_0002 ==> 7E00020000660000000002FF33AA7E
2026-03-30 09:49:09 - msg_id_0002 ==> 7E00020000660000000002FF34AD7E
2026-03-30 09:49:13 - msg_id_0002 ==> 7E00020000660000000002FF35AC7E
2026-03-30 09:49:17 - msg_id_0002 ==> 7E00020000660000000002FF36AF7E
2026-03-30 09:49:19 - msg_id_0002 ==> 7E00020000660000000002FF37AE7E
2026-03-30 09:49:22 - msg_id_0002 ==> 7E00020000660000000002FF38A17E
2026-03-30 09:49:25 - msg_id_0002 ==> 7E00020000660000000002FF39A07E
2026-03-30 09:49:28 - msg_id_0002 ==> 7E00020000660000000002FF3AA37E
2026-03-30 09:49:31 - msg_id_0002 ==> 7E00020000660000000002FF3BA27E
2026-03-30 09:49:34 - msg_id_0002 ==> 7E00020000660000000002FF3CA57E
2026-03-30 09:49:37 - msg_id_0002 ==> 7E00020000660000000002FF3EA77E
2026-03-30 09:49:40 - msg_id_0002 ==> 7E00020000660000000002FF3FA67E
2026-03-30 09:49:44 - msg_id_0002 ==> 7E00020000660000000002FF40D97E
2026-03-30 09:49:47 - msg_id_0002 ==> 7E00020000660000000002FF41D87E
2026-03-30 09:49:50 - msg_id_0002 ==> 7E00020000660000000002FF42DB7E
2026-03-30 09:49:53 - msg_id_0002 ==> 7E00020000660000000002FF43DA7E
2026-03-30 09:49:56 - msg_id_0002 ==> 7E00020000660000000002FF44DD7E
2026-03-30 09:49:59 - msg_id_0002 ==> 7E00020000660000000002FF45DC7E
2026-03-30 09:50:02 - msg_id_0002 ==> 7E00020000660000000002FF46DF7E
2026-03-30 09:50:05 - msg_id_0002 ==> 7E00020000660000000002FF47DE7E
2026-03-30 09:50:08 - msg_id_0002 ==> 7E00020000660000000002FF49D07E
2026-03-30 09:50:11 - msg_id_0002 ==> 7E00020000660000000002FF4AD37E
2026-03-30 09:50:14 - msg_id_0002 ==> 7E00020000660000000002FF4BD27E
2026-03-30 09:50:18 - msg_id_0002 ==> 7E00020000660000000002FF4CD57E
2026-03-30 09:50:21 - msg_id_0002 ==> 7E00020000660000000002FF4DD47E
2026-03-30 09:50:24 - msg_id_0002 ==> 7E00020000660000000002FF4ED77E
2026-03-30 09:50:27 - msg_id_0002 ==> 7E00020000660000000002FF4FD67E
2026-03-30 09:50:30 - msg_id_0002 ==> 7E00020000660000000002FF50C97E
2026-03-30 09:50:33 - msg_id_0002 ==> 7E00020000660000000002FF51C87E
2026-03-30 09:50:36 - msg_id_0002 ==> 7E00020000660000000002FF52CB7E
2026-03-30 09:50:39 - msg_id_0002 ==> 7E00020000660000000002FF54CD7E
2026-03-30 09:50:42 - msg_id_0002 ==> 7E00020000660000000002FF55CC7E
2026-03-30 09:50:46 - msg_id_0002 ==> 7E00020000660000000002FF56CF7E
2026-03-30 09:50:49 - msg_id_0002 ==> 7E00020000660000000002FF57CE7E
2026-03-30 09:50:52 - msg_id_0002 ==> 7E00020000660000000002FF58C17E
2026-03-30 09:50:55 - msg_id_0002 ==> 7E00020000660000000002FF59C07E
2026-03-30 09:50:58 - msg_id_0002 ==> 7E00020000660000000002FF5AC37E
2026-03-30 09:51:01 - msg_id_0002 ==> 7E00020000660000000002FF5BC27E
2026-03-30 09:51:04 - msg_id_0002 ==> 7E00020000660000000002FF5CC57E
2026-03-30 09:51:07 - msg_id_0002 ==> 7E00020000660000000002FF5DC47E
2026-03-30 09:51:10 - msg_id_0002 ==> 7E00020000660000000002FF5FC67E
2026-03-30 09:51:13 - msg_id_0002 ==> 7E00020000660000000002FF60F97E
2026-03-30 09:51:17 - msg_id_0002 ==> 7E00020000660000000002FF61F87E
2026-03-30 09:51:20 - msg_id_0002 ==> 7E00020000660000000002FF62FB7E
2026-03-30 09:51:23 - msg_id_0002 ==> 7E00020000660000000002FF63FA7E
2026-03-30 09:51:26 - msg_id_0002 ==> 7E00020000660000000002FF64FD7E
2026-03-30 09:51:29 - msg_id_0002 ==> 7E00020000660000000002FF65FC7E
2026-03-30 09:51:32 - msg_id_0002 ==> 7E00020000660000000002FF66FF7E
2026-03-30 09:51:35 - msg_id_0002 ==> 7E00020000660000000002FF67FE7E
2026-03-30 09:51:38 - msg_id_0002 ==> 7E00020000660000000002FF68F17E
2026-03-30 09:51:41 - msg_id_0002 ==> 7E00020000660000000002FF6AF37E
2026-03-30 09:51:44 - msg_id_0002 ==> 7E00020000660000000002FF6BF27E
2026-03-30 09:51:47 - msg_id_0002 ==> 7E00020000660000000002FF6CF57E
2026-03-30 09:51:51 - msg_id_0002 ==> 7E00020000660000000002FF6DF47E
2026-03-30 09:51:54 - msg_id_0002 ==> 7E00020000660000000002FF6EF77E
2026-03-30 09:51:57 - msg_id_0002 ==> 7E00020000660000000002FF6FF67E
2026-03-30 09:52:00 - msg_id_0002 ==> 7E00020000660000000002FF70E97E
2026-03-30 09:52:03 - msg_id_0002 ==> 7E00020000660000000002FF71E87E
2026-03-30 09:52:06 - msg_id_0002 ==> 7E00020000660000000002FF72EB7E
2026-03-30 09:52:09 - msg_id_0002 ==> 7E00020000660000000002FF73EA7E
2026-03-30 09:52:12 - msg_id_0002 ==> 7E00020000660000000002FF75EC7E
2026-03-30 09:52:15 - msg_id_0002 ==> 7E00020000660000000002FF76EF7E
2026-03-30 09:52:18 - msg_id_0002 ==> 7E00020000660000000002FF77EE7E
2026-03-30 09:52:22 - msg_id_0002 ==> 7E00020000660000000002FF78E17E
2026-03-30 09:52:25 - msg_id_0002 ==> 7E00020000660000000002FF79E07E
2026-03-30 09:52:28 - msg_id_0002 ==> 7E00020000660000000002FF7AE37E
2026-03-30 09:52:31 - msg_id_0002 ==> 7E00020000660000000002FF7BE27E
2026-03-30 09:52:34 - msg_id_0002 ==> 7E00020000660000000002FF7CE57E
2026-03-30 09:52:37 - msg_id_0002 ==> 7E00020000660000000002FF7D01E47E
2026-03-30 09:52:40 - msg_id_0002 ==> 7E00020000660000000002FF7D02E77E
2026-03-30 09:52:48 - msg_id_0002 ==> 7E00020000660000000002FF831A7E
2026-03-30 09:52:51 - msg_id_0002 ==> 7E00020000660000000002FF841D7E
2026-03-30 09:52:54 - msg_id_0002 ==> 7E00020000660000000002FF851C7E
2026-03-30 09:52:57 - msg_id_0002 ==> 7E00020000660000000002FF861F7E
2026-03-30 09:53:00 - msg_id_0002 ==> 7E00020000660000000002FF871E7E
2026-03-30 09:53:03 - msg_id_0002 ==> 7E00020000660000000002FF88117E
2026-03-30 09:53:06 - msg_id_0002 ==> 7E00020000660000000002FF89107E
2026-03-30 09:53:09 - msg_id_0002 ==> 7E00020000660000000002FF8A137E
2026-03-30 09:53:12 - msg_id_0002 ==> 7E00020000660000000002FF8B127E
2026-03-30 09:53:15 - msg_id_0002 ==> 7E00020000660000000002FF8C157E
2026-03-30 09:53:19 - msg_id_0002 ==> 7E00020000660000000002FF8E177E
2026-03-30 09:53:22 - msg_id_0002 ==> 7E00020000660000000002FF8F167E
2026-03-30 09:53:25 - msg_id_0002 ==> 7E00020000660000000002FF90097E
2026-03-30 09:53:28 - msg_id_0002 ==> 7E00020000660000000002FF91087E
2026-03-30 09:53:31 - msg_id_0002 ==> 7E00020000660000000002FF920B7E
2026-03-30 09:53:34 - msg_id_0002 ==> 7E00020000660000000002FF930A7E
2026-03-30 09:53:37 - msg_id_0002 ==> 7E00020000660000000002FF940D7E
2026-03-30 09:53:40 - msg_id_0002 ==> 7E00020000660000000002FF950C7E
2026-03-30 09:53:43 - msg_id_0002 ==> 7E00020000660000000002FF960F7E
2026-03-30 09:53:47 - msg_id_0002 ==> 7E00020000660000000002FF970E7E
2026-03-30 09:53:50 - msg_id_0002 ==> 7E00020000660000000002FF99007E
2026-03-30 09:53:53 - msg_id_0002 ==> 7E00020000660000000002FF9A037E
2026-03-30 09:53:57 - msg_id_0002 ==> 7E00020000660000000002FF9B027E
2026-03-30 09:53:59 - msg_id_0002 ==> 7E00020000660000000002FF9C057E
2026-03-30 09:54:03 - msg_id_0002 ==> 7E00020000660000000002FF9D047E
2026-03-30 09:54:05 - msg_id_0002 ==> 7E00020000660000000002FF9E077E
2026-03-30 09:54:08 - msg_id_0002 ==> 7E00020000660000000002FF9F067E
2026-03-30 09:54:11 - msg_id_0002 ==> 7E00020000660000000002FFA0397E
2026-03-30 09:54:14 - msg_id_0002 ==> 7E00020000660000000002FFA1387E
2026-03-30 09:54:18 - msg_id_0002 ==> 7E00020000660000000002FFA23B7E
2026-03-30 09:54:21 - msg_id_0002 ==> 7E00020000660000000002FFA43D7E
2026-03-30 09:54:24 - msg_id_0002 ==> 7E00020000660000000002FFA53C7E
2026-03-30 09:54:27 - msg_id_0002 ==> 7E00020000660000000002FFA63F7E
2026-03-30 09:54:30 - msg_id_0002 ==> 7E00020000660000000002FFA73E7E
2026-03-30 09:54:33 - msg_id_0002 ==> 7E00020000660000000002FFA8317E
2026-03-30 09:54:36 - msg_id_0002 ==> 7E00020000660000000002FFA9307E
2026-03-30 09:54:39 - msg_id_0002 ==> 7E00020000660000000002FFAA337E
2026-03-30 09:54:42 - msg_id_0002 ==> 7E00020000660000000002FFAB327E
2026-03-30 09:54:45 - msg_id_0002 ==> 7E00020000660000000002FFAC357E
2026-03-30 09:54:48 - msg_id_0002 ==> 7E00020000660000000002FFAD347E
2026-03-30 09:54:52 - msg_id_0002 ==> 7E00020000660000000002FFAF367E
2026-03-30 09:54:55 - msg_id_0002 ==> 7E00020000660000000002FFB0297E
2026-03-30 09:54:58 - msg_id_0002 ==> 7E00020000660000000002FFB1287E
2026-03-30 09:55:01 - msg_id_0002 ==> 7E00020000660000000002FFB22B7E
2026-03-30 09:55:04 - msg_id_0002 ==> 7E00020000660000000002FFB32A7E
2026-03-30 09:55:08 - msg_id_0002 ==> 7E00020000660000000002FFB42D7E
2026-03-30 09:55:10 - msg_id_0002 ==> 7E00020000660000000002FFB52C7E
2026-03-30 09:55:13 - msg_id_0002 ==> 7E00020000660000000002FFB62F7E
2026-03-30 09:55:16 - msg_id_0002 ==> 7E00020000660000000002FFB72E7E
2026-03-30 09:55:20 - msg_id_0002 ==> 7E00020000660000000002FFB8217E
2026-03-30 09:55:23 - msg_id_0002 ==> 7E00020000660000000002FFBA237E
2026-03-30 09:55:26 - msg_id_0002 ==> 7E00020000660000000002FFBB227E
2026-03-30 09:55:29 - msg_id_0002 ==> 7E00020000660000000002FFBC257E
2026-03-30 09:55:32 - msg_id_0002 ==> 7E00020000660000000002FFBD247E
2026-03-30 09:55:35 - msg_id_0002 ==> 7E00020000660000000002FFBE277E
2026-03-30 09:55:38 - msg_id_0002 ==> 7E00020000660000000002FFBF267E
2026-03-30 09:55:41 - msg_id_0002 ==> 7E00020000660000000002FFC0597E
2026-03-30 09:55:44 - msg_id_0002 ==> 7E00020000660000000002FFC1587E
2026-03-30 09:55:47 - msg_id_0002 ==> 7E00020000660000000002FFC25B7E
2026-03-30 09:55:50 - msg_id_0002 ==> 7E00020000660000000002FFC35A7E
2026-03-30 09:55:54 - msg_id_0002 ==> 7E00020000660000000002FFC55C7E
2026-03-30 09:55:57 - msg_id_0002 ==> 7E00020000660000000002FFC65F7E
2026-03-30 09:56:00 - msg_id_0002 ==> 7E00020000660000000002FFC75E7E
2026-03-30 09:56:03 - msg_id_0002 ==> 7E00020000660000000002FFC8517E
2026-03-30 09:56:06 - msg_id_0002 ==> 7E00020000660000000002FFC9507E
2026-03-30 09:56:09 - msg_id_0002 ==> 7E00020000660000000002FFCA537E
2026-03-30 09:56:12 - msg_id_0002 ==> 7E00020000660000000002FFCB527E
2026-03-30 09:56:15 - msg_id_0002 ==> 7E00020000660000000002FFCC557E
2026-03-30 09:56:18 - msg_id_0002 ==> 7E00020000660000000002FFCD547E
2026-03-30 09:56:21 - msg_id_0002 ==> 7E00020000660000000002FFCE577E
2026-03-30 09:56:25 - msg_id_0002 ==> 7E00020000660000000002FFD0497E
2026-03-30 09:56:28 - msg_id_0002 ==> 7E00020000660000000002FFD1487E
2026-03-30 09:56:31 - msg_id_0002 ==> 7E00020000660000000002FFD24B7E
2026-03-30 09:56:34 - msg_id_0002 ==> 7E00020000660000000002FFD34A7E
2026-03-30 09:56:37 - msg_id_0002 ==> 7E00020000660000000002FFD44D7E
2026-03-30 09:56:40 - msg_id_0002 ==> 7E00020000660000000002FFD54C7E
2026-03-30 09:56:43 - msg_id_0002 ==> 7E00020000660000000002FFD64F7E
2026-03-30 09:56:46 - msg_id_0002 ==> 7E00020000660000000002FFD74E7E
2026-03-30 09:56:49 - msg_id_0002 ==> 7E00020000660000000002FFD8417E
2026-03-30 09:56:52 - msg_id_0002 ==> 7E00020000660000000002FFD9407E
2026-03-30 09:56:56 - msg_id_0002 ==> 7E00020000660000000002FFDB427E
2026-03-30 09:56:59 - msg_id_0002 ==> 7E00020000660000000002FFDC457E
2026-03-30 09:57:02 - msg_id_0002 ==> 7E00020000660000000002FFDD447E
2026-03-30 09:57:05 - msg_id_0002 ==> 7E00020000660000000002FFDE477E
2026-03-30 09:57:08 - msg_id_0002 ==> 7E00020000660000000002FFDF467E
2026-03-30 09:57:11 - msg_id_0002 ==> 7E00020000660000000002FFE0797E
2026-03-30 09:57:14 - msg_id_0002 ==> 7E00020000660000000002FFE1787E
2026-03-30 09:57:17 - msg_id_0002 ==> 7E00020000660000000002FFE27B7E
2026-03-30 09:57:20 - msg_id_0002 ==> 7E00020000660000000002FFE37A7E
2026-03-30 09:57:23 - msg_id_0002 ==> 7E00020000660000000002FFE47D017E
2026-03-30 09:57:27 - msg_id_0002 ==> 7E00020000660000000002FFE67F7E
2026-03-30 09:57:30 - msg_id_0002 ==> 7E00020000660000000002FFE77D027E
2026-03-30 09:57:33 - msg_id_0002 ==> 7E00020000660000000002FFE8717E
2026-03-30 09:57:36 - msg_id_0002 ==> 7E00020000660000000002FFE9707E
2026-03-30 09:57:39 - msg_id_0002 ==> 7E00020000660000000002FFEA737E
2026-03-30 09:57:42 - msg_id_0002 ==> 7E00020000660000000002FFEB727E
2026-03-30 09:57:45 - msg_id_0002 ==> 7E00020000660000000002FFEC757E
2026-03-30 09:57:48 - msg_id_0002 ==> 7E00020000660000000002FFED747E
2026-03-30 09:57:52 - msg_id_0002 ==> 7E00020000660000000002FFEE777E
2026-03-30 09:57:55 - msg_id_0002 ==> 7E00020000660000000002FFEF767E
2026-03-30 09:57:58 - msg_id_0002 ==> 7E00020000660000000002FFF1687E
2026-03-30 09:58:01 - msg_id_0002 ==> 7E00020000660000000002FFF26B7E
2026-03-30 09:58:04 - msg_id_0002 ==> 7E00020000660000000002FFF36A7E
2026-03-30 09:58:07 - msg_id_0002 ==> 7E00020000660000000002FFF46D7E
2026-03-30 09:58:10 - msg_id_0002 ==> 7E00020000660000000002FFF56C7E
2026-03-30 09:58:13 - msg_id_0002 ==> 7E00020000660000000002FFF66F7E
2026-03-30 09:58:16 - msg_id_0002 ==> 7E00020000660000000002FFF76E7E
2026-03-30 09:58:19 - msg_id_0002 ==> 7E00020000660000000002FFF8617E
2026-03-30 09:58:22 - msg_id_0002 ==> 7E00020000660000000002FFF9607E
2026-03-30 09:58:26 - msg_id_0002 ==> 7E00020000660000000002FFFA637E
2026-03-30 09:58:29 - msg_id_0002 ==> 7E00020000660000000002FFFC657E
2026-03-30 09:58:32 - msg_id_0002 ==> 7E00020000660000000002FFFD647E
2026-03-30 09:58:35 - msg_id_0002 ==> 7E00020000660000000002FFFE677E
2026-03-30 09:58:38 - msg_id_0002 ==> 7E00020000660000000002FFFF667E
2026-03-30 09:58:41 - msg_id_0002 ==> 7E000200006600000000020000667E
2026-03-30 09:58:44 - msg_id_0002 ==> 7E000200006600000000020001677E
2026-03-30 09:58:47 - msg_id_0002 ==> 7E000200006600000000020002647E
2026-03-30 09:58:50 - msg_id_0002 ==> 7E000200006600000000020003657E
2026-03-30 09:58:53 - msg_id_0002 ==> 7E000200006600000000020004627E
2026-03-30 09:58:57 - msg_id_0002 ==> 7E000200006600000000020005637E
2026-03-30 09:59:00 - msg_id_0002 ==> 7E000200006600000000020007617E
2026-03-30 09:59:03 - msg_id_0002 ==> 7E0002000066000000000200086E7E
2026-03-30 09:59:06 - msg_id_0002 ==> 7E0002000066000000000200096F7E
2026-03-30 09:59:09 - msg_id_0002 ==> 7E00020000660000000002000A6C7E
2026-03-30 09:59:12 - msg_id_0002 ==> 7E00020000660000000002000B6D7E
2026-03-30 09:59:15 - msg_id_0002 ==> 7E00020000660000000002000C6A7E
2026-03-30 09:59:18 - msg_id_0002 ==> 7E00020000660000000002000D6B7E
2026-03-30 09:59:21 - msg_id_0002 ==> 7E00020000660000000002000E687E
2026-03-30 09:59:24 - msg_id_0002 ==> 7E00020000660000000002000F697E
2026-03-30 09:59:28 - msg_id_0002 ==> 7E000200006600000000020010767E
2026-03-30 09:59:31 - msg_id_0002 ==> 7E000200006600000000020012747E
2026-03-30 09:59:34 - msg_id_0002 ==> 7E000200006600000000020013757E
2026-03-30 09:59:37 - msg_id_0002 ==> 7E000200006600000000020014727E
2026-03-30 09:59:40 - msg_id_0002 ==> 7E000200006600000000020015737E
2026-03-30 09:59:43 - msg_id_0002 ==> 7E000200006600000000020016707E
2026-03-30 09:59:46 - msg_id_0002 ==> 7E000200006600000000020017717E
2026-03-30 09:59:49 - msg_id_0002 ==> 7E0002000066000000000200187D027E
2026-03-30 09:59:52 - msg_id_0002 ==> 7E0002000066000000000200197F7E
2026-03-30 09:59:55 - msg_id_0002 ==> 7E00020000660000000002001A7C7E
2026-03-30 09:59:59 - msg_id_0002 ==> 7E00020000660000000002001B7D017E
2026-03-30 10:00:02 - msg_id_0002 ==> 7E00020000660000000002001D7B7E
2026-03-30 10:00:05 - msg_id_0002 ==> 7E00020000660000000002001E787E
2026-03-30 10:00:08 - msg_id_0002 ==> 7E00020000660000000002001F797E
2026-03-30 10:00:11 - msg_id_0002 ==> 7E000200006600000000020020467E
2026-03-30 10:00:14 - msg_id_0002 ==> 7E000200006600000000020021477E
2026-03-30 10:00:17 - msg_id_0002 ==> 7E000200006600000000020022447E
2026-03-30 10:00:20 - msg_id_0002 ==> 7E000200006600000000020023457E
2026-03-30 10:00:23 - msg_id_0002 ==> 7E000200006600000000020024427E
2026-03-30 10:00:26 - msg_id_0002 ==> 7E000200006600000000020025437E
2026-03-30 10:00:30 - msg_id_0002 ==> 7E000200006600000000020026407E
2026-03-30 10:00:33 - msg_id_0002 ==> 7E0002000066000000000200284E7E
2026-03-30 10:00:36 - msg_id_0002 ==> 7E0002000066000000000200294F7E
2026-03-30 10:00:39 - msg_id_0002 ==> 7E00020000660000000002002A4C7E
2026-03-30 10:00:42 - msg_id_0002 ==> 7E00020000660000000002002B4D7E
2026-03-30 10:00:45 - msg_id_0002 ==> 7E00020000660000000002002C4A7E
2026-03-30 10:00:48 - msg_id_0002 ==> 7E00020000660000000002002D4B7E
2026-03-30 10:00:51 - msg_id_0002 ==> 7E00020000660000000002002E487E
2026-03-30 10:00:54 - msg_id_0002 ==> 7E00020000660000000002002F497E
2026-03-30 10:00:57 - msg_id_0002 ==> 7E000200006600000000020030567E
2026-03-30 10:01:01 - msg_id_0002 ==> 7E000200006600000000020031577E
2026-03-30 10:01:04 - msg_id_0002 ==> 7E000200006600000000020033557E
2026-03-30 10:01:07 - msg_id_0002 ==> 7E000200006600000000020034527E
2026-03-30 10:01:10 - msg_id_0002 ==> 7E000200006600000000020035537E
2026-03-30 10:01:13 - msg_id_0002 ==> 7E000200006600000000020036507E
2026-03-30 10:01:16 - msg_id_0002 ==> 7E000200006600000000020037517E
2026-03-30 10:01:19 - msg_id_0002 ==> 7E0002000066000000000200385E7E
2026-03-30 10:01:22 - msg_id_0002 ==> 7E0002000066000000000200395F7E
2026-03-30 10:01:25 - msg_id_0002 ==> 7E00020000660000000002003A5C7E
2026-03-30 10:01:28 - msg_id_0002 ==> 7E00020000660000000002003B5D7E
2026-03-30 10:01:32 - msg_id_0002 ==> 7E00020000660000000002003C5A7E
2026-03-30 10:01:35 - msg_id_0002 ==> 7E00020000660000000002003E587E
2026-03-30 10:01:38 - msg_id_0002 ==> 7E00020000660000000002003F597E
2026-03-30 10:01:41 - msg_id_0002 ==> 7E000200006600000000020040267E
2026-03-30 10:01:44 - msg_id_0002 ==> 7E000200006600000000020041277E
2026-03-30 10:01:47 - msg_id_0002 ==> 7E000200006600000000020042247E
2026-03-30 10:01:50 - msg_id_0002 ==> 7E000200006600000000020043257E
2026-03-30 10:01:53 - msg_id_0002 ==> 7E000200006600000000020044227E
2026-03-30 10:01:56 - msg_id_0002 ==> 7E000200006600000000020045237E
2026-03-30 10:01:59 - msg_id_0002 ==> 7E000200006600000000020046207E
2026-03-30 10:02:03 - msg_id_0002 ==> 7E000200006600000000020047217E
2026-03-30 10:02:06 - msg_id_0002 ==> 7E0002000066000000000200492F7E
2026-03-30 10:02:09 - msg_id_0002 ==> 7E00020000660000000002004A2C7E
2026-03-30 10:02:12 - msg_id_0002 ==> 7E00020000660000000002004B2D7E
2026-03-30 10:02:15 - msg_id_0002 ==> 7E00020000660000000002004C2A7E
2026-03-30 10:02:18 - msg_id_0002 ==> 7E00020000660000000002004D2B7E
2026-03-30 10:02:21 - msg_id_0002 ==> 7E00020000660000000002004E287E
2026-03-30 10:02:24 - msg_id_0002 ==> 7E00020000660000000002004F297E
2026-03-30 10:02:27 - msg_id_0002 ==> 7E000200006600000000020050367E
2026-03-30 10:02:30 - msg_id_0002 ==> 7E000200006600000000020051377E
2026-03-30 10:02:34 - msg_id_0002 ==> 7E000200006600000000020052347E
2026-03-30 10:02:37 - msg_id_0002 ==> 7E000200006600000000020054327E
2026-03-30 10:02:40 - msg_id_0002 ==> 7E000200006600000000020055337E
2026-03-30 10:02:43 - msg_id_0002 ==> 7E000200006600000000020056307E
2026-03-30 10:02:46 - msg_id_0002 ==> 7E000200006600000000020057317E
2026-03-30 10:02:49 - msg_id_0002 ==> 7E0002000066000000000200583E7E
2026-03-30 10:02:52 - msg_id_0002 ==> 7E0002000066000000000200593F7E
2026-03-30 10:02:56 - msg_id_0002 ==> 7E00020000660000000002005A3C7E
2026-03-30 10:02:58 - msg_id_0002 ==> 7E00020000660000000002005B3D7E
2026-03-30 10:03:01 - msg_id_0002 ==> 7E00020000660000000002005C3A7E
2026-03-30 10:03:05 - msg_id_0002 ==> 7E00020000660000000002005D3B7E
2026-03-30 10:03:08 - msg_id_0002 ==> 7E00020000660000000002005F397E
2026-03-30 10:03:11 - msg_id_0002 ==> 7E000200006600000000020060067E
2026-03-30 10:03:14 - msg_id_0002 ==> 7E000200006600000000020061077E
2026-03-30 10:03:17 - msg_id_0002 ==> 7E000200006600000000020062047E
2026-03-30 10:03:20 - msg_id_0002 ==> 7E000200006600000000020063057E
2026-03-30 10:03:23 - msg_id_0002 ==> 7E000200006600000000020064027E
2026-03-30 10:03:26 - msg_id_0002 ==> 7E000200006600000000020065037E
2026-03-30 10:03:29 - msg_id_0002 ==> 7E000200006600000000020066007E
2026-03-30 10:03:33 - msg_id_0002 ==> 7E000200006600000000020067017E
2026-03-30 10:03:36 - msg_id_0002 ==> 7E0002000066000000000200680E7E
2026-03-30 10:03:39 - msg_id_0002 ==> 7E00020000660000000002006A0C7E
2026-03-30 10:03:42 - msg_id_0002 ==> 7E00020000660000000002006B0D7E
2026-03-30 10:03:45 - msg_id_0002 ==> 7E00020000660000000002006C0A7E
2026-03-30 10:03:48 - msg_id_0002 ==> 7E00020000660000000002006D0B7E
2026-03-30 10:03:51 - msg_id_0002 ==> 7E00020000660000000002006E087E
2026-03-30 10:03:54 - msg_id_0002 ==> 7E00020000660000000002006F097E
2026-03-30 10:03:57 - msg_id_0002 ==> 7E000200006600000000020070167E
2026-03-30 10:04:00 - msg_id_0002 ==> 7E000200006600000000020071177E
2026-03-30 10:04:04 - msg_id_0002 ==> 7E000200006600000000020072147E
2026-03-30 10:04:07 - msg_id_0002 ==> 7E000200006600000000020073157E
2026-03-30 10:04:10 - msg_id_0002 ==> 7E000200006600000000020075137E
2026-03-30 10:04:13 - msg_id_0002 ==> 7E000200006600000000020076107E
2026-03-30 10:04:16 - msg_id_0002 ==> 7E000200006600000000020077117E
2026-03-30 10:04:19 - msg_id_0002 ==> 7E0002000066000000000200781E7E
2026-03-30 10:04:22 - msg_id_0002 ==> 7E0002000066000000000200791F7E
2026-03-30 10:04:25 - msg_id_0002 ==> 7E00020000660000000002007A1C7E
2026-03-30 10:04:28 - msg_id_0002 ==> 7E00020000660000000002007B1D7E
2026-03-30 10:04:32 - msg_id_0002 ==> 7E00020000660000000002007C1A7E
2026-03-30 10:04:35 - msg_id_0002 ==> 7E00020000660000000002007D011B7E
2026-03-30 10:04:38 - msg_id_0002 ==> 7E00020000660000000002007D02187E
2026-03-30 10:04:45 - msg_id_0002 ==> 7E000200006600000000020083E57E
2026-03-30 10:04:48 - msg_id_0002 ==> 7E000200006600000000020084E27E
2026-03-30 10:04:52 - msg_id_0002 ==> 7E000200006600000000020085E37E
2026-03-30 10:04:55 - msg_id_0002 ==> 7E000200006600000000020086E07E
2026-03-30 10:04:58 - msg_id_0002 ==> 7E000200006600000000020087E17E
2026-03-30 10:05:01 - msg_id_0002 ==> 7E000200006600000000020088EE7E
2026-03-30 10:05:04 - msg_id_0002 ==> 7E000200006600000000020089EF7E
2026-03-30 10:05:07 - msg_id_0002 ==> 7E00020000660000000002008AEC7E
2026-03-30 10:05:10 - msg_id_0002 ==> 7E00020000660000000002008CEA7E
2026-03-30 10:05:13 - msg_id_0002 ==> 7E00020000660000000002008DEB7E
2026-03-30 10:05:16 - msg_id_0002 ==> 7E00020000660000000002008EE87E
2026-03-30 10:05:20 - msg_id_0002 ==> 7E00020000660000000002008FE97E
2026-03-30 10:05:23 - msg_id_0002 ==> 7E000200006600000000020090F67E
2026-03-30 10:05:26 - msg_id_0002 ==> 7E000200006600000000020091F77E
2026-03-30 10:05:29 - msg_id_0002 ==> 7E000200006600000000020092F47E
2026-03-30 10:05:32 - msg_id_0002 ==> 7E000200006600000000020093F57E
2026-03-30 10:05:35 - msg_id_0002 ==> 7E000200006600000000020094F27E
2026-03-30 10:05:38 - msg_id_0002 ==> 7E000200006600000000020095F37E
2026-03-30 10:05:41 - msg_id_0002 ==> 7E000200006600000000020097F17E
2026-03-30 10:05:44 - msg_id_0002 ==> 7E000200006600000000020098FE7E
2026-03-30 10:05:47 - msg_id_0002 ==> 7E000200006600000000020099FF7E
2026-03-30 10:05:51 - msg_id_0002 ==> 7E00020000660000000002009AFC7E
2026-03-30 10:05:54 - msg_id_0002 ==> 7E00020000660000000002009BFD7E
2026-03-30 10:05:57 - msg_id_0002 ==> 7E00020000660000000002009CFA7E
2026-03-30 10:06:00 - msg_id_0002 ==> 7E00020000660000000002009DFB7E
2026-03-30 10:06:03 - msg_id_0002 ==> 7E00020000660000000002009EF87E
2026-03-30 10:06:07 - msg_id_0002 ==> 7E00020000660000000002009FF97E
2026-03-30 10:06:09 - msg_id_0002 ==> 7E0002000066000000000200A0C67E
2026-03-30 10:06:12 - msg_id_0002 ==> 7E0002000066000000000200A2C47E
2026-03-30 10:06:15 - msg_id_0002 ==> 7E0002000066000000000200A3C57E
2026-03-30 10:06:18 - msg_id_0002 ==> 7E0002000066000000000200A4C27E
2026-03-30 10:06:22 - msg_id_0002 ==> 7E0002000066000000000200A5C37E
2026-03-30 10:06:25 - msg_id_0002 ==> 7E0002000066000000000200A6C07E
2026-03-30 10:06:28 - msg_id_0002 ==> 7E0002000066000000000200A7C17E
2026-03-30 10:06:31 - msg_id_0002 ==> 7E0002000066000000000200A8CE7E
2026-03-30 10:06:34 - msg_id_0002 ==> 7E0002000066000000000200A9CF7E
2026-03-30 10:06:37 - msg_id_0002 ==> 7E0002000066000000000200AACC7E
2026-03-30 10:06:40 - msg_id_0002 ==> 7E0002000066000000000200ABCD7E
2026-03-30 10:06:43 - msg_id_0002 ==> 7E0002000066000000000200ADCB7E
2026-03-30 10:06:46 - msg_id_0002 ==> 7E0002000066000000000200AEC87E
2026-03-30 10:06:49 - msg_id_0002 ==> 7E0002000066000000000200AFC97E
2026-03-30 10:06:53 - msg_id_0002 ==> 7E0002000066000000000200B0D67E
2026-03-30 10:06:56 - msg_id_0002 ==> 7E0002000066000000000200B1D77E
2026-03-30 10:06:59 - msg_id_0002 ==> 7E0002000066000000000200B2D47E
2026-03-30 10:07:02 - msg_id_0002 ==> 7E0002000066000000000200B3D57E
2026-03-30 10:07:05 - msg_id_0002 ==> 7E0002000066000000000200B4D27E
2026-03-30 10:07:08 - msg_id_0002 ==> 7E0002000066000000000200B5D37E
2026-03-30 10:07:11 - msg_id_0002 ==> 7E0002000066000000000200B6D07E
2026-03-30 10:07:14 - msg_id_0002 ==> 7E0002000066000000000200B8DE7E
2026-03-30 10:07:17 - msg_id_0002 ==> 7E0002000066000000000200B9DF7E
2026-03-30 10:07:20 - msg_id_0002 ==> 7E0002000066000000000200BADC7E
2026-03-30 10:07:24 - msg_id_0002 ==> 7E0002000066000000000200BBDD7E
2026-03-30 10:07:27 - msg_id_0002 ==> 7E0002000066000000000200BCDA7E
2026-03-30 10:07:30 - msg_id_0002 ==> 7E0002000066000000000200BDDB7E
2026-03-30 10:07:33 - msg_id_0002 ==> 7E0002000066000000000200BED87E
2026-03-30 10:07:36 - msg_id_0002 ==> 7E0002000066000000000200BFD97E
2026-03-30 10:07:39 - msg_id_0002 ==> 7E0002000066000000000200C0A67E
2026-03-30 10:07:42 - msg_id_0002 ==> 7E0002000066000000000200C1A77E
2026-03-30 10:07:45 - msg_id_0002 ==> 7E0002000066000000000200C3A57E
2026-03-30 10:07:48 - msg_id_0002 ==> 7E0002000066000000000200C4A27E
2026-03-30 10:07:51 - msg_id_0002 ==> 7E0002000066000000000200C5A37E
2026-03-30 10:07:55 - msg_id_0002 ==> 7E0002000066000000000200C6A07E
2026-03-30 10:07:58 - msg_id_0002 ==> 7E0002000066000000000200C7A17E
2026-03-30 10:08:01 - msg_id_0002 ==> 7E0002000066000000000200C8AE7E
2026-03-30 10:08:04 - msg_id_0002 ==> 7E0002000066000000000200C9AF7E
2026-03-30 10:08:07 - msg_id_0002 ==> 7E0002000066000000000200CAAC7E
2026-03-30 10:08:10 - msg_id_0002 ==> 7E0002000066000000000200CBAD7E
2026-03-30 10:08:13 - msg_id_0002 ==> 7E0002000066000000000200CCAA7E
2026-03-30 10:08:16 - msg_id_0002 ==> 7E0002000066000000000200CEA87E
2026-03-30 10:08:19 - msg_id_0002 ==> 7E0002000066000000000200CFA97E
2026-03-30 10:08:22 - msg_id_0002 ==> 7E0002000066000000000200D0B67E
2026-03-30 10:08:26 - msg_id_0002 ==> 7E0002000066000000000200D1B77E
2026-03-30 10:08:29 - msg_id_0002 ==> 7E0002000066000000000200D2B47E
2026-03-30 10:08:32 - msg_id_0002 ==> 7E0002000066000000000200D3B57E
2026-03-30 10:08:35 - msg_id_0002 ==> 7E0002000066000000000200D4B27E
2026-03-30 10:08:38 - msg_id_0002 ==> 7E0002000066000000000200D5B37E
2026-03-30 10:08:41 - msg_id_0002 ==> 7E0002000066000000000200D6B07E
2026-03-30 10:08:44 - msg_id_0002 ==> 7E0002000066000000000200D7B17E
2026-03-30 10:08:47 - msg_id_0002 ==> 7E0002000066000000000200D9BF7E
2026-03-30 10:08:50 - msg_id_0002 ==> 7E0002000066000000000200DABC7E
2026-03-30 10:08:53 - msg_id_0002 ==> 7E0002000066000000000200DBBD7E
2026-03-30 10:08:57 - msg_id_0002 ==> 7E0002000066000000000200DCBA7E
2026-03-30 10:09:00 - msg_id_0002 ==> 7E0002000066000000000200DDBB7E
2026-03-30 10:09:03 - msg_id_0002 ==> 7E0002000066000000000200DEB87E
2026-03-30 10:09:06 - msg_id_0002 ==> 7E0002000066000000000200DFB97E
2026-03-30 10:09:09 - msg_id_0002 ==> 7E0002000066000000000200E0867E
2026-03-30 10:09:12 - msg_id_0002 ==> 7E0002000066000000000200E1877E
2026-03-30 10:09:15 - msg_id_0002 ==> 7E0002000066000000000200E2847E
2026-03-30 10:09:18 - msg_id_0002 ==> 7E0002000066000000000200E4827E
2026-03-30 10:09:21 - msg_id_0002 ==> 7E0002000066000000000200E5837E
2026-03-30 10:09:25 - msg_id_0002 ==> 7E0002000066000000000200E6807E
2026-03-30 10:09:28 - msg_id_0002 ==> 7E0002000066000000000200E7817E
2026-03-30 10:09:31 - msg_id_0002 ==> 7E0002000066000000000200E88E7E
2026-03-30 10:09:34 - msg_id_0002 ==> 7E0002000066000000000200E98F7E
2026-03-30 10:09:37 - msg_id_0002 ==> 7E0002000066000000000200EA8C7E
2026-03-30 10:09:40 - msg_id_0002 ==> 7E0002000066000000000200EB8D7E
2026-03-30 10:09:43 - msg_id_0002 ==> 7E0002000066000000000200EC8A7E
2026-03-30 10:09:46 - msg_id_0002 ==> 7E0002000066000000000200ED8B7E
2026-03-30 10:09:49 - msg_id_0002 ==> 7E0002000066000000000200EF897E
2026-03-30 10:09:52 - msg_id_0002 ==> 7E0002000066000000000200F0967E
2026-03-30 10:09:56 - msg_id_0002 ==> 7E0002000066000000000200F1977E
2026-03-30 10:09:59 - msg_id_0002 ==> 7E0002000066000000000200F2947E
2026-03-30 10:10:02 - msg_id_0002 ==> 7E0002000066000000000200F3957E
2026-03-30 10:10:05 - msg_id_0002 ==> 7E0002000066000000000200F4927E
2026-03-30 10:10:08 - msg_id_0002 ==> 7E0002000066000000000200F5937E
2026-03-30 10:10:11 - msg_id_0002 ==> 7E0002000066000000000200F6907E
2026-03-30 10:10:14 - msg_id_0002 ==> 7E0002000066000000000200F7917E
2026-03-30 10:10:17 - msg_id_0002 ==> 7E0002000066000000000200F89E7E
2026-03-30 10:10:20 - msg_id_0002 ==> 7E0002000066000000000200FA9C7E
2026-03-30 10:10:23 - msg_id_0002 ==> 7E0002000066000000000200FB9D7E
2026-03-30 10:10:27 - msg_id_0002 ==> 7E0002000066000000000200FC9A7E
2026-03-30 10:10:30 - msg_id_0002 ==> 7E0002000066000000000200FD9B7E
2026-03-30 10:10:33 - msg_id_0002 ==> 7E0002000066000000000200FE987E
2026-03-30 10:10:36 - msg_id_0002 ==> 7E0002000066000000000200FF997E
2026-03-30 10:10:39 - msg_id_0002 ==> 7E000200006600000000020100677E
2026-03-30 10:10:42 - msg_id_0002 ==> 7E000200006600000000020101667E
2026-03-30 10:10:45 - msg_id_0002 ==> 7E000200006600000000020102657E
2026-03-30 10:10:48 - msg_id_0002 ==> 7E000200006600000000020103647E
2026-03-30 10:10:51 - msg_id_0002 ==> 7E000200006600000000020105627E
2026-03-30 10:10:54 - msg_id_0002 ==> 7E000200006600000000020106617E
2026-03-30 10:10:58 - msg_id_0002 ==> 7E000200006600000000020107607E
2026-03-30 10:11:01 - msg_id_0002 ==> 7E0002000066000000000201086F7E
2026-03-30 10:11:04 - msg_id_0002 ==> 7E0002000066000000000201096E7E
2026-03-30 10:11:07 - msg_id_0002 ==> 7E00020000660000000002010A6D7E
2026-03-30 10:11:10 - msg_id_0002 ==> 7E00020000660000000002010B6C7E
2026-03-30 10:11:13 - msg_id_0002 ==> 7E00020000660000000002010C6B7E
2026-03-30 10:11:16 - msg_id_0002 ==> 7E00020000660000000002010D6A7E
2026-03-30 10:11:19 - msg_id_0002 ==> 7E00020000660000000002010E697E
2026-03-30 10:11:22 - msg_id_0002 ==> 7E000200006600000000020110777E
2026-03-30 10:11:25 - msg_id_0002 ==> 7E000200006600000000020111767E
2026-03-30 10:11:29 - msg_id_0002 ==> 7E000200006600000000020112757E
2026-03-30 10:11:32 - msg_id_0002 ==> 7E000200006600000000020113747E
2026-03-30 10:11:35 - msg_id_0002 ==> 7E000200006600000000020114737E
2026-03-30 10:11:38 - msg_id_0002 ==> 7E000200006600000000020115727E
2026-03-30 10:11:41 - msg_id_0002 ==> 7E000200006600000000020116717E
2026-03-30 10:11:44 - msg_id_0002 ==> 7E000200006600000000020117707E
2026-03-30 10:11:47 - msg_id_0002 ==> 7E0002000066000000000201187F7E
2026-03-30 10:11:50 - msg_id_0002 ==> 7E0002000066000000000201197D027E
2026-03-30 10:11:53 - msg_id_0002 ==> 7E00020000660000000002011B7C7E
2026-03-30 10:11:56 - msg_id_0002 ==> 7E00020000660000000002011C7B7E
2026-03-30 10:12:00 - msg_id_0002 ==> 7E00020000660000000002011D7A7E
2026-03-30 10:12:03 - msg_id_0002 ==> 7E00020000660000000002011E797E
2026-03-30 10:12:06 - msg_id_0002 ==> 7E00020000660000000002011F787E
2026-03-30 10:12:09 - msg_id_0002 ==> 7E000200006600000000020120477E
2026-03-30 10:12:12 - msg_id_0002 ==> 7E000200006600000000020121467E
2026-03-30 10:12:15 - msg_id_0002 ==> 7E000200006600000000020122457E
2026-03-30 10:12:18 - msg_id_0002 ==> 7E000200006600000000020123447E
2026-03-30 10:12:21 - msg_id_0002 ==> 7E000200006600000000020124437E
2026-03-30 10:12:24 - msg_id_0002 ==> 7E000200006600000000020126417E
2026-03-30 10:12:27 - msg_id_0002 ==> 7E000200006600000000020127407E
2026-03-30 10:12:31 - msg_id_0002 ==> 7E0002000066000000000201284F7E
2026-03-30 10:12:34 - msg_id_0002 ==> 7E0002000066000000000201294E7E
2026-03-30 10:12:37 - msg_id_0002 ==> 7E00020000660000000002012A4D7E
2026-03-30 10:12:40 - msg_id_0002 ==> 7E00020000660000000002012B4C7E
2026-03-30 10:12:43 - msg_id_0002 ==> 7E00020000660000000002012C4B7E
2026-03-30 10:12:46 - msg_id_0002 ==> 7E00020000660000000002012D4A7E
2026-03-30 10:12:49 - msg_id_0002 ==> 7E00020000660000000002012E497E
2026-03-30 10:12:52 - msg_id_0002 ==> 7E00020000660000000002012F487E
2026-03-30 10:12:55 - msg_id_0002 ==> 7E000200006600000000020131567E
2026-03-30 10:12:58 - msg_id_0002 ==> 7E000200006600000000020132557E
2026-03-30 10:13:02 - msg_id_0002 ==> 7E000200006600000000020133547E
2026-03-30 10:13:05 - msg_id_0002 ==> 7E000200006600000000020134537E
2026-03-30 10:13:08 - msg_id_0002 ==> 7E000200006600000000020135527E
2026-03-30 10:13:11 - msg_id_0002 ==> 7E000200006600000000020136517E
2026-03-30 10:13:14 - msg_id_0002 ==> 7E000200006600000000020137507E
2026-03-30 10:13:17 - msg_id_0002 ==> 7E0002000066000000000201385F7E
2026-03-30 10:13:20 - msg_id_0002 ==> 7E0002000066000000000201395E7E
2026-03-30 10:13:23 - msg_id_0002 ==> 7E00020000660000000002013A5D7E
2026-03-30 10:13:26 - msg_id_0002 ==> 7E00020000660000000002013C5B7E
2026-03-30 10:13:29 - msg_id_0002 ==> 7E00020000660000000002013D5A7E
2026-03-30 10:13:33 - msg_id_0002 ==> 7E00020000660000000002013E597E
2026-03-30 10:13:36 - msg_id_0002 ==> 7E00020000660000000002013F587E
2026-03-30 10:13:39 - msg_id_0002 ==> 7E000200006600000000020140277E
2026-03-30 10:13:42 - msg_id_0002 ==> 7E000200006600000000020141267E
2026-03-30 10:13:45 - msg_id_0002 ==> 7E000200006600000000020142257E
2026-03-30 10:13:48 - msg_id_0002 ==> 7E000200006600000000020143247E
2026-03-30 10:13:51 - msg_id_0002 ==> 7E000200006600000000020144237E
2026-03-30 10:13:54 - msg_id_0002 ==> 7E000200006600000000020145227E
2026-03-30 10:13:57 - msg_id_0002 ==> 7E000200006600000000020147207E
2026-03-30 10:14:00 - msg_id_0002 ==> 7E0002000066000000000201482F7E
2026-03-30 10:14:04 - msg_id_0002 ==> 7E0002000066000000000201492E7E
2026-03-30 10:14:07 - msg_id_0002 ==> 7E00020000660000000002014A2D7E
2026-03-30 10:14:10 - msg_id_0002 ==> 7E00020000660000000002014B2C7E
2026-03-30 10:14:13 - msg_id_0002 ==> 7E00020000660000000002014C2B7E
2026-03-30 10:14:16 - msg_id_0002 ==> 7E00020000660000000002014D2A7E
2026-03-30 10:14:19 - msg_id_0002 ==> 7E00020000660000000002014E297E
2026-03-30 10:14:22 - msg_id_0002 ==> 7E00020000660000000002014F287E
2026-03-30 10:14:25 - msg_id_0002 ==> 7E000200006600000000020150377E
2026-03-30 10:14:28 - msg_id_0002 ==> 7E000200006600000000020152357E
2026-03-30 10:14:31 - msg_id_0002 ==> 7E000200006600000000020153347E
2026-03-30 10:14:35 - msg_id_0002 ==> 7E000200006600000000020154337E
2026-03-30 10:14:38 - msg_id_0002 ==> 7E000200006600000000020155327E
2026-03-30 10:14:41 - msg_id_0002 ==> 7E000200006600000000020156317E
2026-03-30 10:14:44 - msg_id_0002 ==> 7E000200006600000000020157307E
2026-03-30 10:14:47 - msg_id_0002 ==> 7E0002000066000000000201583F7E
2026-03-30 10:14:50 - msg_id_0002 ==> 7E0002000066000000000201593E7E
2026-03-30 10:14:53 - msg_id_0002 ==> 7E00020000660000000002015A3D7E
2026-03-30 10:14:56 - msg_id_0002 ==> 7E00020000660000000002015B3C7E
2026-03-30 10:14:59 - msg_id_0002 ==> 7E00020000660000000002015D3A7E
2026-03-30 10:15:03 - msg_id_0002 ==> 7E00020000660000000002015E397E
2026-03-30 10:15:06 - msg_id_0002 ==> 7E00020000660000000002015F387E
2026-03-30 10:15:09 - msg_id_0002 ==> 7E000200006600000000020160077E
2026-03-30 10:15:12 - msg_id_0002 ==> 7E000200006600000000020161067E
2026-03-30 10:15:15 - msg_id_0002 ==> 7E000200006600000000020162057E
2026-03-30 10:15:18 - msg_id_0002 ==> 7E000200006600000000020163047E
2026-03-30 10:15:21 - msg_id_0002 ==> 7E000200006600000000020164037E
2026-03-30 10:15:24 - msg_id_0002 ==> 7E000200006600000000020165027E
2026-03-30 10:15:27 - msg_id_0002 ==> 7E000200006600000000020166017E
2026-03-30 10:15:30 - msg_id_0002 ==> 7E0002000066000000000201680F7E
2026-03-30 10:15:33 - msg_id_0002 ==> 7E0002000066000000000201690E7E
2026-03-30 10:15:37 - msg_id_0002 ==> 7E00020000660000000002016A0D7E
2026-03-30 10:15:40 - msg_id_0002 ==> 7E00020000660000000002016B0C7E
2026-03-30 10:15:43 - msg_id_0002 ==> 7E00020000660000000002016C0B7E
2026-03-30 10:15:46 - msg_id_0002 ==> 7E00020000660000000002016D0A7E
2026-03-30 10:15:49 - msg_id_0002 ==> 7E00020000660000000002016E097E
2026-03-30 10:15:52 - msg_id_0002 ==> 7E00020000660000000002016F087E
2026-03-30 10:15:55 - msg_id_0002 ==> 7E000200006600000000020170177E
2026-03-30 10:15:58 - msg_id_0002 ==> 7E000200006600000000020171167E
2026-03-30 10:16:02 - msg_id_0002 ==> 7E000200006600000000020173147E
2026-03-30 10:16:05 - msg_id_0002 ==> 7E000200006600000000020174137E
2026-03-30 10:16:08 - msg_id_0002 ==> 7E000200006600000000020175127E
2026-03-30 10:16:11 - msg_id_0002 ==> 7E000200006600000000020176117E
2026-03-30 10:16:14 - msg_id_0002 ==> 7E000200006600000000020177107E
2026-03-30 10:16:17 - msg_id_0002 ==> 7E0002000066000000000201781F7E
2026-03-30 10:16:20 - msg_id_0002 ==> 7E0002000066000000000201791E7E
2026-03-30 10:16:23 - msg_id_0002 ==> 7E00020000660000000002017A1D7E
2026-03-30 10:16:26 - msg_id_0002 ==> 7E00020000660000000002017B1C7E
2026-03-30 10:16:29 - msg_id_0002 ==> 7E00020000660000000002017C1B7E
2026-03-30 10:16:32 - msg_id_0002 ==> 7E00020000660000000002017D02197E
2026-03-30 10:16:43 - msg_id_0002 ==> 7E000200006600000000020182E57E
2026-03-30 10:16:46 - msg_id_0002 ==> 7E000200006600000000020183E47E
2026-03-30 10:16:49 - msg_id_0002 ==> 7E000200006600000000020184E37E
2026-03-30 10:16:52 - msg_id_0002 ==> 7E000200006600000000020185E27E
2026-03-30 10:16:55 - msg_id_0002 ==> 7E000200006600000000020186E17E
2026-03-30 10:16:58 - msg_id_0002 ==> 7E000200006600000000020187E07E
2026-03-30 10:17:02 - msg_id_0002 ==> 7E000200006600000000020188EF7E
2026-03-30 10:17:05 - msg_id_0002 ==> 7E00020000660000000002018AED7E
2026-03-30 10:17:08 - msg_id_0002 ==> 7E00020000660000000002018BEC7E
2026-03-30 10:17:11 - msg_id_0002 ==> 7E00020000660000000002018CEB7E
2026-03-30 10:17:14 - msg_id_0002 ==> 7E00020000660000000002018DEA7E
2026-03-30 10:17:17 - msg_id_0002 ==> 7E00020000660000000002018EE97E
2026-03-30 10:17:20 - msg_id_0002 ==> 7E00020000660000000002018FE87E
2026-03-30 10:17:23 - msg_id_0002 ==> 7E000200006600000000020190F77E
2026-03-30 10:17:26 - msg_id_0002 ==> 7E000200006600000000020191F67E
2026-03-30 10:17:29 - msg_id_0002 ==> 7E000200006600000000020192F57E
2026-03-30 10:17:33 - msg_id_0002 ==> 7E000200006600000000020193F47E
2026-03-30 10:17:36 - msg_id_0002 ==> 7E000200006600000000020195F27E
2026-03-30 10:17:39 - msg_id_0002 ==> 7E000200006600000000020196F17E
2026-03-30 10:17:42 - msg_id_0002 ==> 7E000200006600000000020197F07E
2026-03-30 10:17:45 - msg_id_0002 ==> 7E000200006600000000020198FF7E
2026-03-30 10:17:48 - msg_id_0002 ==> 7E000200006600000000020199FE7E
2026-03-30 10:17:51 - msg_id_0002 ==> 7E00020000660000000002019AFD7E
2026-03-30 10:17:54 - msg_id_0002 ==> 7E00020000660000000002019BFC7E
2026-03-30 10:17:57 - msg_id_0002 ==> 7E00020000660000000002019CFB7E
2026-03-30 10:18:00 - msg_id_0002 ==> 7E00020000660000000002019DFA7E
2026-03-30 10:18:04 - msg_id_0002 ==> 7E00020000660000000002019EF97E
2026-03-30 10:18:07 - msg_id_0002 ==> 7E0002000066000000000201A0C77E
2026-03-30 10:18:10 - msg_id_0002 ==> 7E0002000066000000000201A1C67E
2026-03-30 10:18:13 - msg_id_0002 ==> 7E0002000066000000000201A2C57E
2026-03-30 10:18:16 - msg_id_0002 ==> 7E0002000066000000000201A3C47E
2026-03-30 10:18:19 - msg_id_0002 ==> 7E0002000066000000000201A4C37E
2026-03-30 10:18:22 - msg_id_0002 ==> 7E0002000066000000000201A5C27E
2026-03-30 10:18:25 - msg_id_0002 ==> 7E0002000066000000000201A6C17E
2026-03-30 10:18:28 - msg_id_0002 ==> 7E0002000066000000000201A7C07E
2026-03-30 10:18:32 - msg_id_0002 ==> 7E0002000066000000000201A8CF7E
2026-03-30 10:18:35 - msg_id_0002 ==> 7E0002000066000000000201A9CE7E
2026-03-30 10:18:38 - msg_id_0002 ==> 7E0002000066000000000201ABCC7E
2026-03-30 10:18:41 - msg_id_0002 ==> 7E0002000066000000000201ACCB7E
2026-03-30 10:18:44 - msg_id_0002 ==> 7E0002000066000000000201ADCA7E
2026-03-30 10:18:47 - msg_id_0002 ==> 7E0002000066000000000201AEC97E
2026-03-30 10:18:50 - msg_id_0002 ==> 7E0002000066000000000201AFC87E
2026-03-30 10:18:53 - msg_id_0002 ==> 7E0002000066000000000201B0D77E
2026-03-30 10:18:56 - msg_id_0002 ==> 7E0002000066000000000201B1D67E
2026-03-30 10:18:59 - msg_id_0002 ==> 7E0002000066000000000201B2D57E
2026-03-30 10:19:03 - msg_id_0002 ==> 7E0002000066000000000201B3D47E
2026-03-30 10:19:06 - msg_id_0002 ==> 7E0002000066000000000201B4D37E
2026-03-30 10:19:09 - msg_id_0002 ==> 7E0002000066000000000201B6D17E
2026-03-30 10:19:12 - msg_id_0002 ==> 7E0002000066000000000201B7D07E
2026-03-30 10:19:15 - msg_id_0002 ==> 7E0002000066000000000201B8DF7E
2026-03-30 10:19:18 - msg_id_0002 ==> 7E0002000066000000000201B9DE7E
2026-03-30 10:19:21 - msg_id_0002 ==> 7E0002000066000000000201BADD7E
2026-03-30 10:19:24 - msg_id_0002 ==> 7E0002000066000000000201BBDC7E
2026-03-30 10:19:27 - msg_id_0002 ==> 7E0002000066000000000201BCDB7E
2026-03-30 10:19:30 - msg_id_0002 ==> 7E0002000066000000000201BDDA7E
2026-03-30 10:19:34 - msg_id_0002 ==> 7E0002000066000000000201BED97E
2026-03-30 10:19:37 - msg_id_0002 ==> 7E0002000066000000000201BFD87E
2026-03-30 10:19:40 - msg_id_0002 ==> 7E0002000066000000000201C1A67E
2026-03-30 10:19:43 - msg_id_0002 ==> 7E0002000066000000000201C2A57E
2026-03-30 10:19:46 - msg_id_0002 ==> 7E0002000066000000000201C3A47E
2026-03-30 10:19:49 - msg_id_0002 ==> 7E0002000066000000000201C4A37E
2026-03-30 10:19:52 - msg_id_0002 ==> 7E0002000066000000000201C5A27E
2026-03-30 10:19:55 - msg_id_0002 ==> 7E0002000066000000000201C6A17E
2026-03-30 10:19:58 - msg_id_0002 ==> 7E0002000066000000000201C7A07E
2026-03-30 10:20:01 - msg_id_0002 ==> 7E0002000066000000000201C8AF7E
2026-03-30 10:20:05 - msg_id_0002 ==> 7E0002000066000000000201C9AE7E
2026-03-30 10:20:08 - msg_id_0002 ==> 7E0002000066000000000201CAAD7E
2026-03-30 10:20:11 - msg_id_0002 ==> 7E0002000066000000000201CCAB7E
2026-03-30 10:20:14 - msg_id_0002 ==> 7E0002000066000000000201CDAA7E
2026-03-30 10:20:17 - msg_id_0002 ==> 7E0002000066000000000201CEA97E
2026-03-30 10:20:20 - msg_id_0002 ==> 7E0002000066000000000201CFA87E
2026-03-30 10:20:23 - msg_id_0002 ==> 7E0002000066000000000201D0B77E
2026-03-30 10:20:26 - msg_id_0002 ==> 7E0002000066000000000201D1B67E
2026-03-30 10:20:29 - msg_id_0002 ==> 7E0002000066000000000201D2B57E
2026-03-30 10:20:32 - msg_id_0002 ==> 7E0002000066000000000201D3B47E
2026-03-30 10:20:36 - msg_id_0002 ==> 7E0002000066000000000201D4B37E
2026-03-30 10:20:39 - msg_id_0002 ==> 7E0002000066000000000201D5B27E
2026-03-30 10:20:42 - msg_id_0002 ==> 7E0002000066000000000201D7B07E
2026-03-30 10:20:45 - msg_id_0002 ==> 7E0002000066000000000201D8BF7E
2026-03-30 10:20:48 - msg_id_0002 ==> 7E0002000066000000000201D9BE7E
2026-03-30 10:20:51 - msg_id_0002 ==> 7E0002000066000000000201DABD7E
2026-03-30 10:20:54 - msg_id_0002 ==> 7E0002000066000000000201DBBC7E
2026-03-30 10:20:57 - msg_id_0002 ==> 7E0002000066000000000201DCBB7E
2026-03-30 10:21:00 - msg_id_0002 ==> 7E0002000066000000000201DDBA7E
2026-03-30 10:21:03 - msg_id_0002 ==> 7E0002000066000000000201DEB97E
2026-03-30 10:21:07 - msg_id_0002 ==> 7E0002000066000000000201DFB87E
2026-03-30 10:21:10 - msg_id_0002 ==> 7E0002000066000000000201E0877E
2026-03-30 10:21:13 - msg_id_0002 ==> 7E0002000066000000000201E2857E
2026-03-30 10:21:16 - msg_id_0002 ==> 7E0002000066000000000201E3847E
2026-03-30 10:21:19 - msg_id_0002 ==> 7E0002000066000000000201E4837E
2026-03-30 10:21:22 - msg_id_0002 ==> 7E0002000066000000000201E5827E
2026-03-30 10:21:25 - msg_id_0002 ==> 7E0002000066000000000201E6817E
2026-03-30 10:21:28 - msg_id_0002 ==> 7E0002000066000000000201E7807E
2026-03-30 10:21:31 - msg_id_0002 ==> 7E0002000066000000000201E88F7E
2026-03-30 10:21:34 - msg_id_0002 ==> 7E0002000066000000000201E98E7E
2026-03-30 10:21:38 - msg_id_0002 ==> 7E0002000066000000000201EA8D7E
2026-03-30 10:21:41 - msg_id_0002 ==> 7E0002000066000000000201EB8C7E
2026-03-30 10:21:44 - msg_id_0002 ==> 7E0002000066000000000201ED8A7E
2026-03-30 10:21:47 - msg_id_0002 ==> 7E0002000066000000000201EE897E
2026-03-30 10:21:50 - msg_id_0002 ==> 7E0002000066000000000201EF887E
2026-03-30 10:21:53 - msg_id_0002 ==> 7E0002000066000000000201F0977E
2026-03-30 10:21:56 - msg_id_0002 ==> 7E0002000066000000000201F1967E
2026-03-30 10:21:59 - msg_id_0002 ==> 7E0002000066000000000201F2957E
2026-03-30 10:22:02 - msg_id_0002 ==> 7E0002000066000000000201F3947E
2026-03-30 10:22:05 - msg_id_0002 ==> 7E0002000066000000000201F4937E
2026-03-30 10:22:09 - msg_id_0002 ==> 7E0002000066000000000201F5927E
2026-03-30 10:22:12 - msg_id_0002 ==> 7E0002000066000000000201F6917E
2026-03-30 10:22:15 - msg_id_0002 ==> 7E0002000066000000000201F89F7E
2026-03-30 10:22:18 - msg_id_0002 ==> 7E0002000066000000000201F99E7E
2026-03-30 10:22:21 - msg_id_0002 ==> 7E0002000066000000000201FA9D7E
2026-03-30 10:22:24 - msg_id_0002 ==> 7E0002000066000000000201FB9C7E
2026-03-30 10:22:27 - msg_id_0002 ==> 7E0002000066000000000201FC9B7E
2026-03-30 10:22:30 - msg_id_0002 ==> 7E0002000066000000000201FD9A7E
2026-03-30 10:22:33 - msg_id_0002 ==> 7E0002000066000000000201FE997E
2026-03-30 10:22:36 - msg_id_0002 ==> 7E0002000066000000000201FF987E
2026-03-30 10:22:40 - msg_id_0002 ==> 7E000200006600000000020200647E
2026-03-30 10:22:43 - msg_id_0002 ==> 7E000200006600000000020201657E
2026-03-30 10:22:46 - msg_id_0002 ==> 7E000200006600000000020203677E
2026-03-30 10:22:49 - msg_id_0002 ==> 7E000200006600000000020204607E
2026-03-30 10:22:52 - msg_id_0002 ==> 7E000200006600000000020205617E
2026-03-30 10:22:55 - msg_id_0002 ==> 7E000200006600000000020206627E
2026-03-30 10:22:58 - msg_id_0002 ==> 7E000200006600000000020207637E
2026-03-30 10:23:01 - msg_id_0002 ==> 7E0002000066000000000202086C7E
2026-03-30 10:23:04 - msg_id_0002 ==> 7E0002000066000000000202096D7E
2026-03-30 10:23:07 - msg_id_0002 ==> 7E00020000660000000002020A6E7E
2026-03-30 10:23:11 - msg_id_0002 ==> 7E00020000660000000002020B6F7E
2026-03-30 10:23:14 - msg_id_0002 ==> 7E00020000660000000002020C687E
2026-03-30 10:23:17 - msg_id_0002 ==> 7E00020000660000000002020E6A7E
2026-03-30 10:23:20 - msg_id_0002 ==> 7E00020000660000000002020F6B7E
2026-03-30 10:23:23 - msg_id_0002 ==> 7E000200006600000000020210747E
2026-03-30 10:23:26 - msg_id_0002 ==> 7E000200006600000000020211757E
2026-03-30 10:23:29 - msg_id_0002 ==> 7E000200006600000000020212767E
2026-03-30 10:23:32 - msg_id_0002 ==> 7E000200006600000000020213777E
2026-03-30 10:23:35 - msg_id_0002 ==> 7E000200006600000000020214707E
2026-03-30 10:23:38 - msg_id_0002 ==> 7E000200006600000000020215717E
2026-03-30 10:23:42 - msg_id_0002 ==> 7E000200006600000000020216727E
2026-03-30 10:23:45 - msg_id_0002 ==> 7E000200006600000000020217737E
2026-03-30 10:23:48 - msg_id_0002 ==> 7E0002000066000000000202197D017E
2026-03-30 10:23:51 - msg_id_0002 ==> 7E00020000660000000002021A7D027E
2026-03-30 10:23:54 - msg_id_0002 ==> 7E00020000660000000002021B7F7E
2026-03-30 10:23:57 - msg_id_0002 ==> 7E00020000660000000002021C787E
2026-03-30 10:24:00 - msg_id_0002 ==> 7E00020000660000000002021D797E
2026-03-30 10:24:03 - msg_id_0002 ==> 7E00020000660000000002021E7A7E
2026-03-30 10:24:06 - msg_id_0002 ==> 7E00020000660000000002021F7B7E
2026-03-30 10:24:09 - msg_id_0002 ==> 7E000200006600000000020220447E
2026-03-30 10:24:13 - msg_id_0002 ==> 7E000200006600000000020221457E
2026-03-30 10:24:16 - msg_id_0002 ==> 7E000200006600000000020222467E
2026-03-30 10:24:19 - msg_id_0002 ==> 7E000200006600000000020224407E
2026-03-30 10:24:22 - msg_id_0002 ==> 7E000200006600000000020225417E
2026-03-30 10:24:25 - msg_id_0002 ==> 7E000200006600000000020226427E
2026-03-30 10:24:28 - msg_id_0002 ==> 7E000200006600000000020227437E
2026-03-30 10:24:31 - msg_id_0002 ==> 7E0002000066000000000202284C7E
2026-03-30 10:24:34 - msg_id_0002 ==> 7E0002000066000000000202294D7E
2026-03-30 10:24:37 - msg_id_0002 ==> 7E00020000660000000002022A4E7E
2026-03-30 10:24:40 - msg_id_0002 ==> 7E00020000660000000002022B4F7E
2026-03-30 10:24:44 - msg_id_0002 ==> 7E00020000660000000002022C487E
2026-03-30 10:24:47 - msg_id_0002 ==> 7E00020000660000000002022D497E
2026-03-30 10:24:50 - msg_id_0002 ==> 7E00020000660000000002022F4B7E
2026-03-30 10:24:53 - msg_id_0002 ==> 7E000200006600000000020230547E
2026-03-30 10:24:56 - msg_id_0002 ==> 7E000200006600000000020231557E
2026-03-30 10:24:59 - msg_id_0002 ==> 7E000200006600000000020232567E
2026-03-30 10:25:02 - msg_id_0002 ==> 7E000200006600000000020233577E
2026-03-30 10:25:05 - msg_id_0002 ==> 7E000200006600000000020234507E
2026-03-30 10:25:08 - msg_id_0002 ==> 7E000200006600000000020235517E
2026-03-30 10:25:11 - msg_id_0002 ==> 7E000200006600000000020236527E
2026-03-30 10:25:15 - msg_id_0002 ==> 7E000200006600000000020237537E
2026-03-30 10:25:18 - msg_id_0002 ==> 7E0002000066000000000202385C7E
2026-03-30 10:25:21 - msg_id_0002 ==> 7E00020000660000000002023A5E7E
2026-03-30 10:25:24 - msg_id_0002 ==> 7E00020000660000000002023B5F7E
2026-03-30 10:25:27 - msg_id_0002 ==> 7E00020000660000000002023C587E
2026-03-30 10:25:30 - msg_id_0002 ==> 7E00020000660000000002023D597E
2026-03-30 10:25:33 - msg_id_0002 ==> 7E00020000660000000002023E5A7E
2026-03-30 10:25:36 - msg_id_0002 ==> 7E00020000660000000002023F5B7E
2026-03-30 10:25:39 - msg_id_0002 ==> 7E000200006600000000020240247E
2026-03-30 10:25:42 - msg_id_0002 ==> 7E000200006600000000020241257E
2026-03-30 10:25:46 - msg_id_0002 ==> 7E000200006600000000020242267E
2026-03-30 10:25:49 - msg_id_0002 ==> 7E000200006600000000020243277E
2026-03-30 10:25:52 - msg_id_0002 ==> 7E000200006600000000020245217E
2026-03-30 10:25:55 - msg_id_0002 ==> 7E000200006600000000020246227E
2026-03-30 10:25:58 - msg_id_0002 ==> 7E000200006600000000020247237E
2026-03-30 10:26:01 - msg_id_0002 ==> 7E0002000066000000000202482C7E
2026-03-30 10:26:04 - msg_id_0002 ==> 7E0002000066000000000202492D7E
2026-03-30 10:26:07 - msg_id_0002 ==> 7E00020000660000000002024A2E7E
2026-03-30 10:26:10 - msg_id_0002 ==> 7E00020000660000000002024B2F7E
2026-03-30 10:26:13 - msg_id_0002 ==> 7E00020000660000000002024C287E
2026-03-30 10:26:17 - msg_id_0002 ==> 7E00020000660000000002024D297E
2026-03-30 10:26:20 - msg_id_0002 ==> 7E00020000660000000002024E2A7E
2026-03-30 10:26:23 - msg_id_0002 ==> 7E000200006600000000020250347E
2026-03-30 10:26:26 - msg_id_0002 ==> 7E000200006600000000020251357E
2026-03-30 10:26:29 - msg_id_0002 ==> 7E000200006600000000020252367E
2026-03-30 10:26:32 - msg_id_0002 ==> 7E000200006600000000020253377E
2026-03-30 10:26:35 - msg_id_0002 ==> 7E000200006600000000020254307E
2026-03-30 10:26:38 - msg_id_0002 ==> 7E000200006600000000020255317E
2026-03-30 10:26:41 - msg_id_0002 ==> 7E000200006600000000020256327E
2026-03-30 10:26:44 - msg_id_0002 ==> 7E000200006600000000020257337E
2026-03-30 10:26:48 - msg_id_0002 ==> 7E0002000066000000000202583C7E
2026-03-30 10:26:51 - msg_id_0002 ==> 7E0002000066000000000202593D7E
2026-03-30 10:26:54 - msg_id_0002 ==> 7E00020000660000000002025B3F7E
2026-03-30 10:26:57 - msg_id_0002 ==> 7E00020000660000000002025C387E
2026-03-30 10:27:00 - msg_id_0002 ==> 7E00020000660000000002025D397E
2026-03-30 10:27:03 - msg_id_0002 ==> 7E00020000660000000002025E3A7E
2026-03-30 10:27:06 - msg_id_0002 ==> 7E00020000660000000002025F3B7E
2026-03-30 10:27:09 - msg_id_0002 ==> 7E000200006600000000020260047E
2026-03-30 10:27:12 - msg_id_0002 ==> 7E000200006600000000020261057E
2026-03-30 10:27:15 - msg_id_0002 ==> 7E000200006600000000020262067E
2026-03-30 10:27:19 - msg_id_0002 ==> 7E000200006600000000020263077E
2026-03-30 10:27:22 - msg_id_0002 ==> 7E000200006600000000020264007E
2026-03-30 10:27:25 - msg_id_0002 ==> 7E000200006600000000020266027E
2026-03-30 10:27:28 - msg_id_0002 ==> 7E000200006600000000020267037E
2026-03-30 10:27:31 - msg_id_0002 ==> 7E0002000066000000000202680C7E
2026-03-30 10:27:34 - msg_id_0002 ==> 7E0002000066000000000202690D7E
2026-03-30 10:27:37 - msg_id_0002 ==> 7E00020000660000000002026A0E7E
2026-03-30 10:27:40 - msg_id_0002 ==> 7E00020000660000000002026B0F7E
2026-03-30 10:27:43 - msg_id_0002 ==> 7E00020000660000000002026C087E
2026-03-30 10:27:46 - msg_id_0002 ==> 7E00020000660000000002026D097E
2026-03-30 10:27:50 - msg_id_0002 ==> 7E00020000660000000002026E0A7E
2026-03-30 10:27:53 - msg_id_0002 ==> 7E00020000660000000002026F0B7E
2026-03-30 10:27:56 - msg_id_0002 ==> 7E000200006600000000020271157E
2026-03-30 10:27:59 - msg_id_0002 ==> 7E000200006600000000020272167E
2026-03-30 10:28:02 - msg_id_0002 ==> 7E000200006600000000020273177E
2026-03-30 10:28:05 - msg_id_0002 ==> 7E000200006600000000020274107E
2026-03-30 10:28:08 - msg_id_0002 ==> 7E000200006600000000020275117E
2026-03-30 10:28:11 - msg_id_0002 ==> 7E000200006600000000020276127E
2026-03-30 10:28:14 - msg_id_0002 ==> 7E000200006600000000020277137E
2026-03-30 10:28:17 - msg_id_0002 ==> 7E0002000066000000000202781C7E
2026-03-30 10:28:21 - msg_id_0002 ==> 7E0002000066000000000202791D7E
2026-03-30 10:28:24 - msg_id_0002 ==> 7E00020000660000000002027A1E7E
2026-03-30 10:28:27 - msg_id_0002 ==> 7E00020000660000000002027C187E
2026-03-30 10:28:30 - msg_id_0002 ==> 7E00020000660000000002027D01197E
2026-03-30 10:28:33 - msg_id_0002 ==> 7E00020000660000000002027D021A7E
2026-03-30 10:28:41 - msg_id_0002 ==> 7E000200006600000000020282E67E
2026-03-30 10:28:44 - msg_id_0002 ==> 7E000200006600000000020283E77E
2026-03-30 10:28:47 - msg_id_0002 ==> 7E000200006600000000020284E07E
2026-03-30 10:28:50 - msg_id_0002 ==> 7E000200006600000000020285E17E
2026-03-30 10:28:53 - msg_id_0002 ==> 7E000200006600000000020286E27E
2026-03-30 10:28:56 - msg_id_0002 ==> 7E000200006600000000020288EC7E
2026-03-30 10:28:59 - msg_id_0002 ==> 7E000200006600000000020289ED7E
2026-03-30 10:29:02 - msg_id_0002 ==> 7E00020000660000000002028AEE7E
2026-03-30 10:29:05 - msg_id_0002 ==> 7E00020000660000000002028BEF7E
2026-03-30 10:29:08 - msg_id_0002 ==> 7E00020000660000000002028CE87E
2026-03-30 10:29:12 - msg_id_0002 ==> 7E00020000660000000002028DE97E
2026-03-30 10:29:15 - msg_id_0002 ==> 7E00020000660000000002028EEA7E
2026-03-30 10:29:18 - msg_id_0002 ==> 7E00020000660000000002028FEB7E
2026-03-30 10:29:21 - msg_id_0002 ==> 7E000200006600000000020290F47E
2026-03-30 10:29:24 - msg_id_0002 ==> 7E000200006600000000020291F57E
2026-03-30 10:29:27 - msg_id_0002 ==> 7E000200006600000000020293F77E
2026-03-30 10:29:30 - msg_id_0002 ==> 7E000200006600000000020294F07E
2026-03-30 10:29:34 - msg_id_0002 ==> 7E000200006600000000020295F17E
2026-03-30 10:29:36 - msg_id_0002 ==> 7E000200006600000000020296F27E
2026-03-30 10:29:39 - msg_id_0002 ==> 7E000200006600000000020297F37E
2026-03-30 10:29:43 - msg_id_0002 ==> 7E000200006600000000020298FC7E
2026-03-30 10:29:46 - msg_id_0002 ==> 7E000200006600000000020299FD7E
2026-03-30 10:29:49 - msg_id_0002 ==> 7E00020000660000000002029AFE7E
2026-03-30 10:29:52 - msg_id_0002 ==> 7E00020000660000000002029BFF7E
2026-03-30 10:29:55 - msg_id_0002 ==> 7E00020000660000000002029CF87E
2026-03-30 10:29:58 - msg_id_0002 ==> 7E00020000660000000002029EFA7E
2026-03-30 10:30:01 - msg_id_0002 ==> 7E00020000660000000002029FFB7E
2026-03-30 10:30:04 - msg_id_0002 ==> 7E0002000066000000000202A0C47E
2026-03-30 10:30:07 - msg_id_0002 ==> 7E0002000066000000000202A1C57E
2026-03-30 10:30:10 - msg_id_0002 ==> 7E0002000066000000000202A2C67E
2026-03-30 10:30:14 - msg_id_0002 ==> 7E0002000066000000000202A3C77E
2026-03-30 10:30:17 - msg_id_0002 ==> 7E0002000066000000000202A4C07E
2026-03-30 10:30:20 - msg_id_0002 ==> 7E0002000066000000000202A5C17E
2026-03-30 10:30:23 - msg_id_0002 ==> 7E0002000066000000000202A6C27E
2026-03-30 10:30:26 - msg_id_0002 ==> 7E0002000066000000000202A7C37E
2026-03-30 10:30:29 - msg_id_0002 ==> 7E0002000066000000000202A9CD7E
2026-03-30 10:30:32 - msg_id_0002 ==> 7E0002000066000000000202AACE7E
2026-03-30 10:30:35 - msg_id_0002 ==> 7E0002000066000000000202ABCF7E
2026-03-30 10:30:38 - msg_id_0002 ==> 7E0002000066000000000202ACC87E
2026-03-30 10:30:42 - msg_id_0002 ==> 7E0002000066000000000202ADC97E
2026-03-30 10:30:45 - msg_id_0002 ==> 7E0002000066000000000202AECA7E
2026-03-30 10:30:48 - msg_id_0002 ==> 7E0002000066000000000202AFCB7E
2026-03-30 10:30:51 - msg_id_0002 ==> 7E0002000066000000000202B0D47E
2026-03-30 10:30:54 - msg_id_0002 ==> 7E0002000066000000000202B1D57E
2026-03-30 10:30:57 - msg_id_0002 ==> 7E0002000066000000000202B2D67E
2026-03-30 10:31:00 - msg_id_0002 ==> 7E0002000066000000000202B4D07E
2026-03-30 10:31:03 - msg_id_0002 ==> 7E0002000066000000000202B5D17E
2026-03-30 10:31:06 - msg_id_0002 ==> 7E0002000066000000000202B6D27E
2026-03-30 10:31:09 - msg_id_0002 ==> 7E0002000066000000000202B7D37E
2026-03-30 10:31:13 - msg_id_0002 ==> 7E0002000066000000000202B8DC7E
2026-03-30 10:31:16 - msg_id_0002 ==> 7E0002000066000000000202B9DD7E
2026-03-30 10:31:19 - msg_id_0002 ==> 7E0002000066000000000202BADE7E
2026-03-30 10:31:22 - msg_id_0002 ==> 7E0002000066000000000202BBDF7E
2026-03-30 10:31:25 - msg_id_0002 ==> 7E0002000066000000000202BCD87E
2026-03-30 10:31:28 - msg_id_0002 ==> 7E0002000066000000000202BDD97E
2026-03-30 10:31:31 - msg_id_0002 ==> 7E0002000066000000000202BFDB7E
2026-03-30 10:31:34 - msg_id_0002 ==> 7E0002000066000000000202C0A47E
2026-03-30 10:31:37 - msg_id_0002 ==> 7E0002000066000000000202C1A57E
2026-03-30 10:31:40 - msg_id_0002 ==> 7E0002000066000000000202C2A67E
2026-03-30 10:31:44 - msg_id_0002 ==> 7E0002000066000000000202C3A77E
2026-03-30 10:31:47 - msg_id_0002 ==> 7E0002000066000000000202C4A07E
2026-03-30 10:31:50 - msg_id_0002 ==> 7E0002000066000000000202C5A17E
2026-03-30 10:31:53 - msg_id_0002 ==> 7E0002000066000000000202C6A27E
2026-03-30 10:31:56 - msg_id_0002 ==> 7E0002000066000000000202C7A37E
2026-03-30 10:31:59 - msg_id_0002 ==> 7E0002000066000000000202C8AC7E
2026-03-30 10:32:02 - msg_id_0002 ==> 7E0002000066000000000202CAAE7E
2026-03-30 10:32:05 - msg_id_0002 ==> 7E0002000066000000000202CBAF7E
2026-03-30 10:32:08 - msg_id_0002 ==> 7E0002000066000000000202CCA87E
2026-03-30 10:32:11 - msg_id_0002 ==> 7E0002000066000000000202CDA97E
2026-03-30 10:32:15 - msg_id_0002 ==> 7E0002000066000000000202CEAA7E
2026-03-30 10:32:18 - msg_id_0002 ==> 7E0002000066000000000202CFAB7E
2026-03-30 10:32:21 - msg_id_0002 ==> 7E0002000066000000000202D0B47E
2026-03-30 10:32:24 - msg_id_0002 ==> 7E0002000066000000000202D1B57E
2026-03-30 10:32:27 - msg_id_0002 ==> 7E0002000066000000000202D2B67E
2026-03-30 10:32:30 - msg_id_0002 ==> 7E0002000066000000000202D3B77E
2026-03-30 10:32:33 - msg_id_0002 ==> 7E0002000066000000000202D5B17E
2026-03-30 10:32:36 - msg_id_0002 ==> 7E0002000066000000000202D6B27E
2026-03-30 10:32:39 - msg_id_0002 ==> 7E0002000066000000000202D7B37E
2026-03-30 10:32:43 - msg_id_0002 ==> 7E0002000066000000000202D8BC7E
2026-03-30 10:32:46 - msg_id_0002 ==> 7E0002000066000000000202D9BD7E
2026-03-30 10:32:49 - msg_id_0002 ==> 7E0002000066000000000202DABE7E
2026-03-30 10:32:52 - msg_id_0002 ==> 7E0002000066000000000202DBBF7E
2026-03-30 10:32:55 - msg_id_0002 ==> 7E0002000066000000000202DCB87E
2026-03-30 10:32:58 - msg_id_0002 ==> 7E0002000066000000000202DDB97E
2026-03-30 10:33:01 - msg_id_0002 ==> 7E0002000066000000000202DEBA7E
2026-03-30 10:33:04 - msg_id_0002 ==> 7E0002000066000000000202E0847E
2026-03-30 10:33:07 - msg_id_0002 ==> 7E0002000066000000000202E1857E
2026-03-30 10:33:10 - msg_id_0002 ==> 7E0002000066000000000202E2867E
2026-03-30 10:33:13 - msg_id_0002 ==> 7E0002000066000000000202E3877E
2026-03-30 10:33:17 - msg_id_0002 ==> 7E0002000066000000000202E4807E
2026-03-30 10:33:20 - msg_id_0002 ==> 7E0002000066000000000202E5817E
2026-03-30 10:33:23 - msg_id_0002 ==> 7E0002000066000000000202E6827E
2026-03-30 10:33:26 - msg_id_0002 ==> 7E0002000066000000000202E7837E
2026-03-30 10:33:29 - msg_id_0002 ==> 7E0002000066000000000202E88C7E
2026-03-30 10:33:32 - msg_id_0002 ==> 7E0002000066000000000202E98D7E
2026-03-30 10:33:35 - msg_id_0002 ==> 7E0002000066000000000202EB8F7E
2026-03-30 10:33:38 - msg_id_0002 ==> 7E0002000066000000000202EC887E
2026-03-30 10:33:41 - msg_id_0002 ==> 7E0002000066000000000202ED897E
2026-03-30 10:33:44 - msg_id_0002 ==> 7E0002000066000000000202EE8A7E
2026-03-30 10:33:48 - msg_id_0002 ==> 7E0002000066000000000202EF8B7E
2026-03-30 10:33:51 - msg_id_0002 ==> 7E0002000066000000000202F0947E
2026-03-30 10:33:54 - msg_id_0002 ==> 7E0002000066000000000202F1957E
2026-03-30 10:33:57 - msg_id_0002 ==> 7E0002000066000000000202F2967E
2026-03-30 10:34:00 - msg_id_0002 ==> 7E0002000066000000000202F3977E
2026-03-30 10:34:03 - msg_id_0002 ==> 7E0002000066000000000202F4907E
2026-03-30 10:34:06 - msg_id_0002 ==> 7E0002000066000000000202F6927E
2026-03-30 10:34:09 - msg_id_0002 ==> 7E0002000066000000000202F7937E
2026-03-30 10:34:12 - msg_id_0002 ==> 7E0002000066000000000202F89C7E
2026-03-30 10:34:15 - msg_id_0002 ==> 7E0002000066000000000202F99D7E
2026-03-30 10:34:19 - msg_id_0002 ==> 7E0002000066000000000202FA9E7E
2026-03-30 10:34:22 - msg_id_0002 ==> 7E0002000066000000000202FB9F7E
2026-03-30 10:34:25 - msg_id_0002 ==> 7E0002000066000000000202FC987E
2026-03-30 10:34:28 - msg_id_0002 ==> 7E0002000066000000000202FD997E
2026-03-30 10:34:31 - msg_id_0002 ==> 7E0002000066000000000202FE9A7E
2026-03-30 10:34:34 - msg_id_0002 ==> 7E0002000066000000000202FF9B7E
2026-03-30 10:34:37 - msg_id_0002 ==> 7E000200006600000000020301647E
2026-03-30 10:34:40 - msg_id_0002 ==> 7E000200006600000000020302677E
2026-03-30 10:34:43 - msg_id_0002 ==> 7E000200006600000000020303667E
2026-03-30 10:34:46 - msg_id_0002 ==> 7E000200006600000000020304617E
2026-03-30 10:34:50 - msg_id_0002 ==> 7E000200006600000000020305607E
2026-03-30 10:34:53 - msg_id_0002 ==> 7E000200006600000000020306637E
2026-03-30 10:34:56 - msg_id_0002 ==> 7E000200006600000000020307627E
2026-03-30 10:34:59 - msg_id_0002 ==> 7E0002000066000000000203086D7E
2026-03-30 10:35:02 - msg_id_0002 ==> 7E0002000066000000000203096C7E
2026-03-30 10:35:05 - msg_id_0002 ==> 7E00020000660000000002030A6F7E
2026-03-30 10:35:08 - msg_id_0002 ==> 7E00020000660000000002030C697E
2026-03-30 10:35:11 - msg_id_0002 ==> 7E00020000660000000002030D687E
2026-03-30 10:35:14 - msg_id_0002 ==> 7E00020000660000000002030E6B7E
2026-03-30 10:35:17 - msg_id_0002 ==> 7E00020000660000000002030F6A7E
2026-03-30 10:35:21 - msg_id_0002 ==> 7E000200006600000000020310757E
2026-03-30 10:35:24 - msg_id_0002 ==> 7E000200006600000000020311747E
2026-03-30 10:35:27 - msg_id_0002 ==> 7E000200006600000000020312777E
2026-03-30 10:35:30 - msg_id_0002 ==> 7E000200006600000000020313767E
2026-03-30 10:35:33 - msg_id_0002 ==> 7E000200006600000000020314717E
2026-03-30 10:35:36 - msg_id_0002 ==> 7E000200006600000000020315707E
2026-03-30 10:35:39 - msg_id_0002 ==> 7E000200006600000000020317727E
2026-03-30 10:35:42 - msg_id_0002 ==> 7E0002000066000000000203187D017E
2026-03-30 10:35:45 - msg_id_0002 ==> 7E0002000066000000000203197C7E
2026-03-30 10:35:48 - msg_id_0002 ==> 7E00020000660000000002031A7F7E
2026-03-30 10:35:52 - msg_id_0002 ==> 7E00020000660000000002031B7D027E
2026-03-30 10:35:55 - msg_id_0002 ==> 7E00020000660000000002031C797E
2026-03-30 10:35:58 - msg_id_0002 ==> 7E00020000660000000002031D787E
2026-03-30 10:36:01 - msg_id_0002 ==> 7E00020000660000000002031E7B7E
2026-03-30 10:36:04 - msg_id_0002 ==> 7E00020000660000000002031F7A7E
2026-03-30 10:36:07 - msg_id_0002 ==> 7E000200006600000000020320457E
2026-03-30 10:36:10 - msg_id_0002 ==> 7E000200006600000000020322477E
2026-03-30 10:36:13 - msg_id_0002 ==> 7E000200006600000000020323467E
2026-03-30 10:36:16 - msg_id_0002 ==> 7E000200006600000000020324417E
2026-03-30 10:36:19 - msg_id_0002 ==> 7E000200006600000000020325407E
2026-03-30 10:36:23 - msg_id_0002 ==> 7E000200006600000000020326437E
2026-03-30 10:36:26 - msg_id_0002 ==> 7E000200006600000000020327427E
2026-03-30 10:36:29 - msg_id_0002 ==> 7E0002000066000000000203284D7E
2026-03-30 10:36:32 - msg_id_0002 ==> 7E0002000066000000000203294C7E
2026-03-30 10:36:35 - msg_id_0002 ==> 7E00020000660000000002032A4F7E
2026-03-30 10:36:38 - msg_id_0002 ==> 7E00020000660000000002032B4E7E
2026-03-30 10:36:41 - msg_id_0002 ==> 7E00020000660000000002032D487E
2026-03-30 10:36:44 - msg_id_0002 ==> 7E00020000660000000002032E4B7E
2026-03-30 10:36:47 - msg_id_0002 ==> 7E00020000660000000002032F4A7E
2026-03-30 10:36:50 - msg_id_0002 ==> 7E000200006600000000020330557E
2026-03-30 10:36:54 - msg_id_0002 ==> 7E000200006600000000020331547E
2026-03-30 10:36:57 - msg_id_0002 ==> 7E000200006600000000020332577E
2026-03-30 10:37:00 - msg_id_0002 ==> 7E000200006600000000020333567E
2026-03-30 10:37:03 - msg_id_0002 ==> 7E000200006600000000020334517E
2026-03-30 10:37:06 - msg_id_0002 ==> 7E000200006600000000020335507E
2026-03-30 10:37:09 - msg_id_0002 ==> 7E000200006600000000020336537E
2026-03-30 10:37:12 - msg_id_0002 ==> 7E0002000066000000000203385D7E
2026-03-30 10:37:15 - msg_id_0002 ==> 7E0002000066000000000203395C7E
2026-03-30 10:37:18 - msg_id_0002 ==> 7E00020000660000000002033A5F7E
2026-03-30 10:37:21 - msg_id_0002 ==> 7E00020000660000000002033B5E7E
2026-03-30 10:37:25 - msg_id_0002 ==> 7E00020000660000000002033C597E
2026-03-30 10:37:28 - msg_id_0002 ==> 7E00020000660000000002033D587E
2026-03-30 10:37:31 - msg_id_0002 ==> 7E00020000660000000002033E5B7E
2026-03-30 10:37:34 - msg_id_0002 ==> 7E00020000660000000002033F5A7E
2026-03-30 10:37:37 - msg_id_0002 ==> 7E000200006600000000020340257E
2026-03-30 10:37:40 - msg_id_0002 ==> 7E000200006600000000020341247E
2026-03-30 10:37:43 - msg_id_0002 ==> 7E000200006600000000020343267E
2026-03-30 10:37:46 - msg_id_0002 ==> 7E000200006600000000020344217E
2026-03-30 10:37:49 - msg_id_0002 ==> 7E000200006600000000020345207E
2026-03-30 10:37:52 - msg_id_0002 ==> 7E000200006600000000020346237E
2026-03-30 10:37:56 - msg_id_0002 ==> 7E000200006600000000020347227E
2026-03-30 10:37:59 - msg_id_0002 ==> 7E0002000066000000000203482D7E
2026-03-30 10:38:02 - msg_id_0002 ==> 7E0002000066000000000203492C7E
2026-03-30 10:38:05 - msg_id_0002 ==> 7E00020000660000000002034A2F7E
2026-03-30 10:38:08 - msg_id_0002 ==> 7E00020000660000000002034B2E7E
2026-03-30 10:38:11 - msg_id_0002 ==> 7E00020000660000000002034C297E
2026-03-30 10:38:14 - msg_id_0002 ==> 7E00020000660000000002034E2B7E
2026-03-30 10:38:17 - msg_id_0002 ==> 7E00020000660000000002034F2A7E
2026-03-30 10:38:20 - msg_id_0002 ==> 7E000200006600000000020350357E
2026-03-30 10:38:24 - msg_id_0002 ==> 7E000200006600000000020351347E
2026-03-30 10:38:27 - msg_id_0002 ==> 7E000200006600000000020352377E
2026-03-30 10:38:30 - msg_id_0002 ==> 7E000200006600000000020353367E
2026-03-30 10:38:33 - msg_id_0002 ==> 7E000200006600000000020354317E
2026-03-30 10:38:36 - msg_id_0002 ==> 7E000200006600000000020355307E
2026-03-30 10:38:39 - msg_id_0002 ==> 7E000200006600000000020356337E
2026-03-30 10:38:42 - msg_id_0002 ==> 7E000200006600000000020357327E
2026-03-30 10:38:45 - msg_id_0002 ==> 7E0002000066000000000203593C7E
2026-03-30 10:38:48 - msg_id_0002 ==> 7E00020000660000000002035A3F7E
2026-03-30 10:38:51 - msg_id_0002 ==> 7E00020000660000000002035B3E7E
2026-03-30 10:38:54 - msg_id_0002 ==> 7E00020000660000000002035C397E
2026-03-30 10:38:58 - msg_id_0002 ==> 7E00020000660000000002035D387E
2026-03-30 10:39:01 - msg_id_0002 ==> 7E00020000660000000002035E3B7E
2026-03-30 10:39:04 - msg_id_0002 ==> 7E00020000660000000002035F3A7E
2026-03-30 10:39:07 - msg_id_0002 ==> 7E000200006600000000020360057E
2026-03-30 10:39:10 - msg_id_0002 ==> 7E000200006600000000020361047E
2026-03-30 10:39:13 - msg_id_0002 ==> 7E000200006600000000020362077E
2026-03-30 10:39:16 - msg_id_0002 ==> 7E000200006600000000020364017E
2026-03-30 10:39:19 - msg_id_0002 ==> 7E000200006600000000020365007E
2026-03-30 10:39:22 - msg_id_0002 ==> 7E000200006600000000020366037E
2026-03-30 10:39:25 - msg_id_0002 ==> 7E000200006600000000020367027E
2026-03-30 10:39:29 - msg_id_0002 ==> 7E0002000066000000000203680D7E
2026-03-30 10:39:32 - msg_id_0002 ==> 7E0002000066000000000203690C7E
2026-03-30 10:39:35 - msg_id_0002 ==> 7E00020000660000000002036A0F7E
2026-03-30 10:39:38 - msg_id_0002 ==> 7E00020000660000000002036B0E7E
2026-03-30 10:39:41 - msg_id_0002 ==> 7E00020000660000000002036C097E
2026-03-30 10:39:44 - msg_id_0002 ==> 7E00020000660000000002036D087E
2026-03-30 10:39:47 - msg_id_0002 ==> 7E00020000660000000002036F0A7E
2026-03-30 10:39:50 - msg_id_0002 ==> 7E000200006600000000020370157E
2026-03-30 10:39:53 - msg_id_0002 ==> 7E000200006600000000020371147E
2026-03-30 10:39:56 - msg_id_0002 ==> 7E000200006600000000020372177E
2026-03-30 10:40:00 - msg_id_0002 ==> 7E000200006600000000020373167E
2026-03-30 10:40:03 - msg_id_0002 ==> 7E000200006600000000020374117E
2026-03-30 10:40:06 - msg_id_0002 ==> 7E000200006600000000020375107E
2026-03-30 10:40:09 - msg_id_0002 ==> 7E000200006600000000020376137E
2026-03-30 10:40:12 - msg_id_0002 ==> 7E000200006600000000020377127E
2026-03-30 10:40:15 - msg_id_0002 ==> 7E0002000066000000000203781D7E
2026-03-30 10:40:18 - msg_id_0002 ==> 7E00020000660000000002037A1F7E
2026-03-30 10:40:21 - msg_id_0002 ==> 7E00020000660000000002037B1E7E
2026-03-30 10:40:24 - msg_id_0002 ==> 7E00020000660000000002037C197E
2026-03-30 10:40:28 - msg_id_0002 ==> 7E00020000660000000002037D01187E
2026-03-30 10:40:31 - msg_id_0002 ==> 7E00020000660000000002037D021B7E
2026-03-30 10:40:38 - msg_id_0002 ==> 7E000200006600000000020382E77E
2026-03-30 10:40:41 - msg_id_0002 ==> 7E000200006600000000020383E67E
2026-03-30 10:40:44 - msg_id_0002 ==> 7E000200006600000000020384E17E
2026-03-30 10:40:47 - msg_id_0002 ==> 7E000200006600000000020385E07E
2026-03-30 10:40:51 - msg_id_0002 ==> 7E000200006600000000020387E27E
2026-03-30 10:40:54 - msg_id_0002 ==> 7E000200006600000000020388ED7E
2026-03-30 10:40:57 - msg_id_0002 ==> 7E000200006600000000020389EC7E
2026-03-30 10:41:00 - msg_id_0002 ==> 7E00020000660000000002038AEF7E
2026-03-30 10:41:03 - msg_id_0002 ==> 7E00020000660000000002038BEE7E
2026-03-30 10:41:06 - msg_id_0002 ==> 7E00020000660000000002038CE97E
2026-03-30 10:41:09 - msg_id_0002 ==> 7E00020000660000000002038DE87E
2026-03-30 10:41:12 - msg_id_0002 ==> 7E00020000660000000002038EEB7E
2026-03-30 10:41:15 - msg_id_0002 ==> 7E00020000660000000002038FEA7E
2026-03-30 10:41:18 - msg_id_0002 ==> 7E000200006600000000020390F57E
2026-03-30 10:41:22 - msg_id_0002 ==> 7E000200006600000000020392F77E
2026-03-30 10:41:25 - msg_id_0002 ==> 7E000200006600000000020393F67E
2026-03-30 10:41:28 - msg_id_0002 ==> 7E000200006600000000020394F17E
2026-03-30 10:41:31 - msg_id_0002 ==> 7E000200006600000000020395F07E
2026-03-30 10:41:34 - msg_id_0002 ==> 7E000200006600000000020396F37E
2026-03-30 10:41:37 - msg_id_0002 ==> 7E000200006600000000020397F27E
2026-03-30 10:41:40 - msg_id_0002 ==> 7E000200006600000000020398FD7E
2026-03-30 10:41:43 - msg_id_0002 ==> 7E000200006600000000020399FC7E
2026-03-30 10:41:46 - msg_id_0002 ==> 7E00020000660000000002039AFF7E
2026-03-30 10:41:49 - msg_id_0002 ==> 7E00020000660000000002039BFE7E
2026-03-30 10:41:53 - msg_id_0002 ==> 7E00020000660000000002039DF87E
2026-03-30 10:41:56 - msg_id_0002 ==> 7E00020000660000000002039EFB7E
2026-03-30 10:41:59 - msg_id_0002 ==> 7E00020000660000000002039FFA7E
2026-03-30 10:42:02 - msg_id_0002 ==> 7E0002000066000000000203A0C57E
2026-03-30 10:42:05 - msg_id_0002 ==> 7E0002000066000000000203A1C47E
2026-03-30 10:42:08 - msg_id_0002 ==> 7E0002000066000000000203A2C77E
2026-03-30 10:42:11 - msg_id_0002 ==> 7E0002000066000000000203A3C67E
2026-03-30 10:42:14 - msg_id_0002 ==> 7E0002000066000000000203A4C17E
2026-03-30 10:42:17 - msg_id_0002 ==> 7E0002000066000000000203A5C07E
2026-03-30 10:42:20 - msg_id_0002 ==> 7E0002000066000000000203A6C37E
2026-03-30 10:42:24 - msg_id_0002 ==> 7E0002000066000000000203A8CD7E
2026-03-30 10:42:27 - msg_id_0002 ==> 7E0002000066000000000203A9CC7E
2026-03-30 10:42:30 - msg_id_0002 ==> 7E0002000066000000000203AACF7E
2026-03-30 10:42:33 - msg_id_0002 ==> 7E0002000066000000000203ABCE7E
2026-03-30 10:42:36 - msg_id_0002 ==> 7E0002000066000000000203ACC97E
2026-03-30 10:42:39 - msg_id_0002 ==> 7E0002000066000000000203ADC87E
2026-03-30 10:42:42 - msg_id_0002 ==> 7E0002000066000000000203AECB7E
2026-03-30 10:42:45 - msg_id_0002 ==> 7E0002000066000000000203AFCA7E
2026-03-30 10:42:48 - msg_id_0002 ==> 7E0002000066000000000203B0D57E
2026-03-30 10:42:51 - msg_id_0002 ==> 7E0002000066000000000203B1D47E
2026-03-30 10:42:55 - msg_id_0002 ==> 7E0002000066000000000203B3D67E
2026-03-30 10:42:58 - msg_id_0002 ==> 7E0002000066000000000203B4D17E
2026-03-30 10:43:01 - msg_id_0002 ==> 7E0002000066000000000203B5D07E
2026-03-30 10:43:04 - msg_id_0002 ==> 7E0002000066000000000203B6D37E
2026-03-30 10:43:07 - msg_id_0002 ==> 7E0002000066000000000203B7D27E
2026-03-30 10:43:10 - msg_id_0002 ==> 7E0002000066000000000203B8DD7E
2026-03-30 10:43:13 - msg_id_0002 ==> 7E0002000066000000000203B9DC7E
2026-03-30 10:43:16 - msg_id_0002 ==> 7E0002000066000000000203BADF7E
2026-03-30 10:43:19 - msg_id_0002 ==> 7E0002000066000000000203BBDE7E
2026-03-30 10:43:22 - msg_id_0002 ==> 7E0002000066000000000203BCD97E
2026-03-30 10:43:26 - msg_id_0002 ==> 7E0002000066000000000203BEDB7E
2026-03-30 10:43:29 - msg_id_0002 ==> 7E0002000066000000000203BFDA7E
2026-03-30 10:43:32 - msg_id_0002 ==> 7E0002000066000000000203C0A57E
2026-03-30 10:43:35 - msg_id_0002 ==> 7E0002000066000000000203C1A47E
2026-03-30 10:43:38 - msg_id_0002 ==> 7E0002000066000000000203C2A77E
2026-03-30 10:43:41 - msg_id_0002 ==> 7E0002000066000000000203C3A67E
2026-03-30 10:43:44 - msg_id_0002 ==> 7E0002000066000000000203C4A17E
2026-03-30 10:43:47 - msg_id_0002 ==> 7E0002000066000000000203C5A07E
2026-03-30 10:43:50 - msg_id_0002 ==> 7E0002000066000000000203C6A37E
2026-03-30 10:43:53 - msg_id_0002 ==> 7E0002000066000000000203C7A27E
2026-03-30 10:43:57 - msg_id_0002 ==> 7E0002000066000000000203C9AC7E
2026-03-30 10:44:00 - msg_id_0002 ==> 7E0002000066000000000203CAAF7E
2026-03-30 10:44:03 - msg_id_0002 ==> 7E0002000066000000000203CBAE7E
2026-03-30 10:44:06 - msg_id_0002 ==> 7E0002000066000000000203CCA97E
2026-03-30 10:44:09 - msg_id_0002 ==> 7E0002000066000000000203CDA87E
2026-03-30 10:44:12 - msg_id_0002 ==> 7E0002000066000000000203CEAB7E
2026-03-30 10:44:15 - msg_id_0002 ==> 7E0002000066000000000203CFAA7E
2026-03-30 10:44:18 - msg_id_0002 ==> 7E0002000066000000000203D0B57E
2026-03-30 10:44:22 - msg_id_0002 ==> 7E0002000066000000000203D1B47E
2026-03-30 10:44:25 - msg_id_0002 ==> 7E0002000066000000000203D2B77E
2026-03-30 10:44:28 - msg_id_0002 ==> 7E0002000066000000000203D4B17E
2026-03-30 10:44:31 - msg_id_0002 ==> 7E0002000066000000000203D5B07E
2026-03-30 10:44:34 - msg_id_0002 ==> 7E0002000066000000000203D6B37E
2026-03-30 10:44:37 - msg_id_0002 ==> 7E0002000066000000000203D7B27E
2026-03-30 10:44:40 - msg_id_0002 ==> 7E0002000066000000000203D8BD7E
2026-03-30 10:44:43 - msg_id_0002 ==> 7E0002000066000000000203D9BC7E
2026-03-30 10:44:46 - msg_id_0002 ==> 7E0002000066000000000203DABF7E
2026-03-30 10:44:50 - msg_id_0002 ==> 7E0002000066000000000203DBBE7E
2026-03-30 10:44:52 - msg_id_0002 ==> 7E0002000066000000000203DCB97E
2026-03-30 10:44:56 - msg_id_0002 ==> 7E0002000066000000000203DDB87E
2026-03-30 10:44:59 - msg_id_0002 ==> 7E0002000066000000000203DFBA7E
2026-03-30 10:45:02 - msg_id_0002 ==> 7E0002000066000000000203E0857E
2026-03-30 10:45:05 - msg_id_0002 ==> 7E0002000066000000000203E1847E
2026-03-30 10:45:08 - msg_id_0002 ==> 7E0002000066000000000203E2877E
2026-03-30 10:45:11 - msg_id_0002 ==> 7E0002000066000000000203E3867E
2026-03-30 10:45:14 - msg_id_0002 ==> 7E0002000066000000000203E4817E
2026-03-30 10:45:17 - msg_id_0002 ==> 7E0002000066000000000203E5807E
2026-03-30 10:45:20 - msg_id_0002 ==> 7E0002000066000000000203E6837E
2026-03-30 10:45:23 - msg_id_0002 ==> 7E0002000066000000000203E7827E
2026-03-30 10:45:27 - msg_id_0002 ==> 7E0002000066000000000203E88D7E
2026-03-30 10:45:30 - msg_id_0002 ==> 7E0002000066000000000203EA8F7E
2026-03-30 10:45:33 - msg_id_0002 ==> 7E0002000066000000000203EB8E7E
2026-03-30 10:45:36 - msg_id_0002 ==> 7E0002000066000000000203EC897E
2026-03-30 10:45:39 - msg_id_0002 ==> 7E0002000066000000000203ED887E
2026-03-30 10:45:42 - msg_id_0002 ==> 7E0002000066000000000203EE8B7E
2026-03-30 10:45:45 - msg_id_0002 ==> 7E0002000066000000000203EF8A7E
2026-03-30 10:45:48 - msg_id_0002 ==> 7E0002000066000000000203F0957E
2026-03-30 10:45:51 - msg_id_0002 ==> 7E0002000066000000000203F1947E
2026-03-30 10:45:54 - msg_id_0002 ==> 7E0002000066000000000203F2977E
2026-03-30 10:45:58 - msg_id_0002 ==> 7E0002000066000000000203F3967E
2026-03-30 10:46:01 - msg_id_0002 ==> 7E0002000066000000000203F5907E
2026-03-30 10:46:04 - msg_id_0002 ==> 7E0002000066000000000203F6937E
2026-03-30 10:46:07 - msg_id_0002 ==> 7E0002000066000000000203F7927E
2026-03-30 10:46:10 - msg_id_0002 ==> 7E0002000066000000000203F89D7E
2026-03-30 10:46:13 - msg_id_0002 ==> 7E0002000066000000000203F99C7E
2026-03-30 10:46:16 - msg_id_0002 ==> 7E0002000066000000000203FA9F7E
2026-03-30 10:46:19 - msg_id_0002 ==> 7E0002000066000000000203FB9E7E
2026-03-30 10:46:22 - msg_id_0002 ==> 7E0002000066000000000203FC997E
2026-03-30 10:46:25 - msg_id_0002 ==> 7E0002000066000000000203FD987E
2026-03-30 10:46:29 - msg_id_0002 ==> 7E0002000066000000000203FE9B7E
2026-03-30 10:46:32 - msg_id_0002 ==> 7E000200006600000000020400627E
2026-03-30 10:46:35 - msg_id_0002 ==> 7E000200006600000000020401637E
2026-03-30 10:46:38 - msg_id_0002 ==> 7E000200006600000000020402607E
2026-03-30 10:46:41 - msg_id_0002 ==> 7E000200006600000000020403617E
2026-03-30 10:46:44 - msg_id_0002 ==> 7E000200006600000000020404667E
2026-03-30 10:46:47 - msg_id_0002 ==> 7E000200006600000000020405677E
2026-03-30 10:46:50 - msg_id_0002 ==> 7E000200006600000000020406647E
2026-03-30 10:46:53 - msg_id_0002 ==> 7E000200006600000000020407657E
2026-03-30 10:46:56 - msg_id_0002 ==> 7E0002000066000000000204086A7E
2026-03-30 10:47:00 - msg_id_0002 ==> 7E0002000066000000000204096B7E
2026-03-30 10:47:03 - msg_id_0002 ==> 7E00020000660000000002040B697E
2026-03-30 10:47:06 - msg_id_0002 ==> 7E00020000660000000002040C6E7E
2026-03-30 10:47:09 - msg_id_0002 ==> 7E00020000660000000002040D6F7E
2026-03-30 10:47:12 - msg_id_0002 ==> 7E00020000660000000002040E6C7E
2026-03-30 10:47:15 - msg_id_0002 ==> 7E00020000660000000002040F6D7E
2026-03-30 10:47:18 - msg_id_0002 ==> 7E000200006600000000020410727E
2026-03-30 10:47:21 - msg_id_0002 ==> 7E000200006600000000020411737E
2026-03-30 10:47:24 - msg_id_0002 ==> 7E000200006600000000020412707E
2026-03-30 10:47:27 - msg_id_0002 ==> 7E000200006600000000020413717E
2026-03-30 10:47:31 - msg_id_0002 ==> 7E000200006600000000020414767E
2026-03-30 10:47:34 - msg_id_0002 ==> 7E000200006600000000020416747E
2026-03-30 10:47:37 - msg_id_0002 ==> 7E000200006600000000020417757E
2026-03-30 10:47:40 - msg_id_0002 ==> 7E0002000066000000000204187A7E
2026-03-30 10:47:43 - msg_id_0002 ==> 7E0002000066000000000204197B7E
2026-03-30 10:47:46 - msg_id_0002 ==> 7E00020000660000000002041A787E
2026-03-30 10:47:49 - msg_id_0002 ==> 7E00020000660000000002041B797E
2026-03-30 10:47:52 - msg_id_0002 ==> 7E00020000660000000002041C7D027E
2026-03-30 10:47:55 - msg_id_0002 ==> 7E00020000660000000002041D7F7E
2026-03-30 10:47:58 - msg_id_0002 ==> 7E00020000660000000002041E7C7E
2026-03-30 10:48:02 - msg_id_0002 ==> 7E00020000660000000002041F7D017E
2026-03-30 10:48:05 - msg_id_0002 ==> 7E000200006600000000020421437E
2026-03-30 10:48:08 - msg_id_0002 ==> 7E000200006600000000020422407E
2026-03-30 10:48:11 - msg_id_0002 ==> 7E000200006600000000020423417E
2026-03-30 10:48:14 - msg_id_0002 ==> 7E000200006600000000020424467E
2026-03-30 10:48:17 - msg_id_0002 ==> 7E000200006600000000020425477E
2026-03-30 10:48:20 - msg_id_0002 ==> 7E000200006600000000020426447E
2026-03-30 10:48:23 - msg_id_0002 ==> 7E000200006600000000020427457E
2026-03-30 10:48:26 - msg_id_0002 ==> 7E0002000066000000000204284A7E
2026-03-30 10:48:29 - msg_id_0002 ==> 7E0002000066000000000204294B7E
2026-03-30 10:48:33 - msg_id_0002 ==> 7E00020000660000000002042A487E
2026-03-30 10:48:36 - msg_id_0002 ==> 7E00020000660000000002042C4E7E
2026-03-30 10:48:39 - msg_id_0002 ==> 7E00020000660000000002042D4F7E
2026-03-30 10:48:42 - msg_id_0002 ==> 7E00020000660000000002042E4C7E
2026-03-30 10:48:45 - msg_id_0002 ==> 7E00020000660000000002042F4D7E
2026-03-30 10:48:48 - msg_id_0002 ==> 7E000200006600000000020430527E
2026-03-30 10:48:51 - msg_id_0002 ==> 7E000200006600000000020431537E
2026-03-30 10:48:54 - msg_id_0002 ==> 7E000200006600000000020432507E
2026-03-30 10:48:57 - msg_id_0002 ==> 7E000200006600000000020433517E
2026-03-30 10:49:00 - msg_id_0002 ==> 7E000200006600000000020434567E
2026-03-30 10:49:04 - msg_id_0002 ==> 7E000200006600000000020435577E
2026-03-30 10:49:07 - msg_id_0002 ==> 7E000200006600000000020437557E
2026-03-30 10:49:10 - msg_id_0002 ==> 7E0002000066000000000204385A7E
2026-03-30 10:49:13 - msg_id_0002 ==> 7E0002000066000000000204395B7E
2026-03-30 10:49:16 - msg_id_0002 ==> 7E00020000660000000002043A587E
2026-03-30 10:49:19 - msg_id_0002 ==> 7E00020000660000000002043B597E
2026-03-30 10:49:22 - msg_id_0002 ==> 7E00020000660000000002043C5E7E
2026-03-30 10:49:25 - msg_id_0002 ==> 7E00020000660000000002043D5F7E
2026-03-30 10:49:28 - msg_id_0002 ==> 7E00020000660000000002043E5C7E
2026-03-30 10:49:31 - msg_id_0002 ==> 7E00020000660000000002043F5D7E
2026-03-30 10:49:34 - msg_id_0002 ==> 7E000200006600000000020440227E
2026-03-30 10:49:38 - msg_id_0002 ==> 7E000200006600000000020442207E
2026-03-30 10:49:41 - msg_id_0002 ==> 7E000200006600000000020443217E
2026-03-30 10:49:44 - msg_id_0002 ==> 7E000200006600000000020444267E
2026-03-30 10:49:47 - msg_id_0002 ==> 7E000200006600000000020445277E
2026-03-30 10:49:50 - msg_id_0002 ==> 7E000200006600000000020446247E
2026-03-30 10:49:53 - msg_id_0002 ==> 7E000200006600000000020447257E
2026-03-30 10:49:56 - msg_id_0002 ==> 7E0002000066000000000204482A7E
2026-03-30 10:49:59 - msg_id_0002 ==> 7E0002000066000000000204492B7E
2026-03-30 10:50:02 - msg_id_0002 ==> 7E00020000660000000002044A287E
2026-03-30 10:50:05 - msg_id_0002 ==> 7E00020000660000000002044B297E
2026-03-30 10:50:09 - msg_id_0002 ==> 7E00020000660000000002044D2F7E
2026-03-30 10:50:12 - msg_id_0002 ==> 7E00020000660000000002044E2C7E
2026-03-30 10:50:15 - msg_id_0002 ==> 7E00020000660000000002044F2D7E
2026-03-30 10:50:18 - msg_id_0002 ==> 7E000200006600000000020450327E
2026-03-30 10:50:21 - msg_id_0002 ==> 7E000200006600000000020451337E
2026-03-30 10:50:24 - msg_id_0002 ==> 7E000200006600000000020452307E
2026-03-30 10:50:27 - msg_id_0002 ==> 7E000200006600000000020453317E
2026-03-30 10:50:30 - msg_id_0002 ==> 7E000200006600000000020454367E
2026-03-30 10:50:33 - msg_id_0002 ==> 7E000200006600000000020455377E
2026-03-30 10:50:36 - msg_id_0002 ==> 7E000200006600000000020456347E
2026-03-30 10:50:40 - msg_id_0002 ==> 7E0002000066000000000204583A7E
2026-03-30 10:50:43 - msg_id_0002 ==> 7E0002000066000000000204593B7E
2026-03-30 10:50:46 - msg_id_0002 ==> 7E00020000660000000002045A387E
2026-03-30 10:50:49 - msg_id_0002 ==> 7E00020000660000000002045B397E
2026-03-30 10:50:52 - msg_id_0002 ==> 7E00020000660000000002045C3E7E
2026-03-30 10:50:55 - msg_id_0002 ==> 7E00020000660000000002045D3F7E
2026-03-30 10:50:58 - msg_id_0002 ==> 7E00020000660000000002045E3C7E
2026-03-30 10:51:01 - msg_id_0002 ==> 7E00020000660000000002045F3D7E
2026-03-30 10:51:04 - msg_id_0002 ==> 7E000200006600000000020460027E
2026-03-30 10:51:07 - msg_id_0002 ==> 7E000200006600000000020461037E
2026-03-30 10:51:11 - msg_id_0002 ==> 7E000200006600000000020463017E
2026-03-30 10:51:14 - msg_id_0002 ==> 7E000200006600000000020464067E
2026-03-30 10:51:17 - msg_id_0002 ==> 7E000200006600000000020465077E
2026-03-30 10:51:20 - msg_id_0002 ==> 7E000200006600000000020466047E
2026-03-30 10:51:23 - msg_id_0002 ==> 7E000200006600000000020467057E
2026-03-30 10:51:26 - msg_id_0002 ==> 7E0002000066000000000204680A7E
2026-03-30 10:51:29 - msg_id_0002 ==> 7E0002000066000000000204690B7E
2026-03-30 10:51:32 - msg_id_0002 ==> 7E00020000660000000002046A087E
2026-03-30 10:51:35 - msg_id_0002 ==> 7E00020000660000000002046B097E
2026-03-30 10:51:38 - msg_id_0002 ==> 7E00020000660000000002046C0E7E
2026-03-30 10:51:42 - msg_id_0002 ==> 7E00020000660000000002046E0C7E
2026-03-30 10:51:45 - msg_id_0002 ==> 7E00020000660000000002046F0D7E
2026-03-30 10:51:48 - msg_id_0002 ==> 7E000200006600000000020470127E
2026-03-30 10:51:51 - msg_id_0002 ==> 7E000200006600000000020471137E
2026-03-30 10:51:54 - msg_id_0002 ==> 7E000200006600000000020472107E
2026-03-30 10:51:57 - msg_id_0002 ==> 7E000200006600000000020473117E
2026-03-30 10:52:00 - msg_id_0002 ==> 7E000200006600000000020474167E
2026-03-30 10:52:03 - msg_id_0002 ==> 7E000200006600000000020475177E
2026-03-30 10:52:06 - msg_id_0002 ==> 7E000200006600000000020476147E
2026-03-30 10:52:09 - msg_id_0002 ==> 7E000200006600000000020477157E
2026-03-30 10:52:13 - msg_id_0002 ==> 7E0002000066000000000204791B7E
2026-03-30 10:52:16 - msg_id_0002 ==> 7E00020000660000000002047A187E
2026-03-30 10:52:19 - msg_id_0002 ==> 7E00020000660000000002047B197E
2026-03-30 10:52:22 - msg_id_0002 ==> 7E00020000660000000002047C1E7E
2026-03-30 10:52:25 - msg_id_0002 ==> 7E00020000660000000002047D011F7E
2026-03-30 10:52:28 - msg_id_0002 ==> 7E00020000660000000002047D021C7E
2026-03-30 10:52:36 - msg_id_0002 ==> 7E000200006600000000020482E07E
2026-03-30 10:52:39 - msg_id_0002 ==> 7E000200006600000000020483E17E
2026-03-30 10:52:42 - msg_id_0002 ==> 7E000200006600000000020485E77E
2026-03-30 10:52:45 - msg_id_0002 ==> 7E000200006600000000020486E47E
2026-03-30 10:52:48 - msg_id_0002 ==> 7E000200006600000000020487E57E
2026-03-30 10:52:51 - msg_id_0002 ==> 7E000200006600000000020488EA7E
2026-03-30 10:52:54 - msg_id_0002 ==> 7E000200006600000000020489EB7E
2026-03-30 10:52:57 - msg_id_0002 ==> 7E00020000660000000002048AE87E
2026-03-30 10:53:00 - msg_id_0002 ==> 7E00020000660000000002048BE97E
2026-03-30 10:53:04 - msg_id_0002 ==> 7E00020000660000000002048CEE7E
2026-03-30 10:53:07 - msg_id_0002 ==> 7E00020000660000000002048DEF7E
2026-03-30 10:53:10 - msg_id_0002 ==> 7E00020000660000000002048EEC7E
2026-03-30 10:53:13 - msg_id_0002 ==> 7E000200006600000000020490F27E
2026-03-30 10:53:16 - msg_id_0002 ==> 7E000200006600000000020491F37E
2026-03-30 10:53:19 - msg_id_0002 ==> 7E000200006600000000020492F07E
2026-03-30 10:53:22 - msg_id_0002 ==> 7E000200006600000000020493F17E
2026-03-30 10:53:25 - msg_id_0002 ==> 7E000200006600000000020494F67E
2026-03-30 10:53:28 - msg_id_0002 ==> 7E000200006600000000020495F77E
2026-03-30 10:53:31 - msg_id_0002 ==> 7E000200006600000000020496F47E
2026-03-30 10:53:35 - msg_id_0002 ==> 7E000200006600000000020497F57E
2026-03-30 10:53:38 - msg_id_0002 ==> 7E000200006600000000020498FA7E
2026-03-30 10:53:41 - msg_id_0002 ==> 7E000200006600000000020499FB7E
2026-03-30 10:53:44 - msg_id_0002 ==> 7E00020000660000000002049BF97E
2026-03-30 10:53:47 - msg_id_0002 ==> 7E00020000660000000002049CFE7E
2026-03-30 10:53:50 - msg_id_0002 ==> 7E00020000660000000002049DFF7E
2026-03-30 10:53:53 - msg_id_0002 ==> 7E00020000660000000002049EFC7E
2026-03-30 10:53:56 - msg_id_0002 ==> 7E00020000660000000002049FFD7E
2026-03-30 10:53:59 - msg_id_0002 ==> 7E0002000066000000000204A0C27E
2026-03-30 10:54:02 - msg_id_0002 ==> 7E0002000066000000000204A1C37E
2026-03-30 10:54:06 - msg_id_0002 ==> 7E0002000066000000000204A2C07E
2026-03-30 10:54:09 - msg_id_0002 ==> 7E0002000066000000000204A3C17E
2026-03-30 10:54:12 - msg_id_0002 ==> 7E0002000066000000000204A4C67E
2026-03-30 10:54:15 - msg_id_0002 ==> 7E0002000066000000000204A6C47E
2026-03-30 10:54:18 - msg_id_0002 ==> 7E0002000066000000000204A7C57E
2026-03-30 10:54:21 - msg_id_0002 ==> 7E0002000066000000000204A8CA7E
2026-03-30 10:54:24 - msg_id_0002 ==> 7E0002000066000000000204A9CB7E
2026-03-30 10:54:27 - msg_id_0002 ==> 7E0002000066000000000204AAC87E
2026-03-30 10:54:30 - msg_id_0002 ==> 7E0002000066000000000204ABC97E
2026-03-30 10:54:34 - msg_id_0002 ==> 7E0002000066000000000204ACCE7E
2026-03-30 10:54:37 - msg_id_0002 ==> 7E0002000066000000000204ADCF7E
2026-03-30 10:54:40 - msg_id_0002 ==> 7E0002000066000000000204AECC7E
2026-03-30 10:54:43 - msg_id_0002 ==> 7E0002000066000000000204AFCD7E
2026-03-30 10:54:46 - msg_id_0002 ==> 7E0002000066000000000204B1D37E
2026-03-30 10:54:49 - msg_id_0002 ==> 7E0002000066000000000204B2D07E
2026-03-30 10:54:52 - msg_id_0002 ==> 7E0002000066000000000204B3D17E
2026-03-30 10:54:55 - msg_id_0002 ==> 7E0002000066000000000204B4D67E
2026-03-30 10:54:58 - msg_id_0002 ==> 7E0002000066000000000204B5D77E
2026-03-30 10:55:01 - msg_id_0002 ==> 7E0002000066000000000204B6D47E
2026-03-30 10:55:05 - msg_id_0002 ==> 7E0002000066000000000204B7D57E
2026-03-30 10:55:08 - msg_id_0002 ==> 7E0002000066000000000204B8DA7E
2026-03-30 10:55:11 - msg_id_0002 ==> 7E0002000066000000000204B9DB7E
2026-03-30 10:55:14 - msg_id_0002 ==> 7E0002000066000000000204BAD87E
2026-03-30 10:55:17 - msg_id_0002 ==> 7E0002000066000000000204BCDE7E
2026-03-30 10:55:20 - msg_id_0002 ==> 7E0002000066000000000204BDDF7E
2026-03-30 10:55:23 - msg_id_0002 ==> 7E0002000066000000000204BEDC7E
2026-03-30 10:55:26 - msg_id_0002 ==> 7E0002000066000000000204BFDD7E
2026-03-30 10:55:29 - msg_id_0002 ==> 7E0002000066000000000204C0A27E
2026-03-30 10:55:32 - msg_id_0002 ==> 7E0002000066000000000204C1A37E
2026-03-30 10:55:36 - msg_id_0002 ==> 7E0002000066000000000204C2A07E
2026-03-30 10:55:39 - msg_id_0002 ==> 7E0002000066000000000204C3A17E
2026-03-30 10:55:42 - msg_id_0002 ==> 7E0002000066000000000204C4A67E
2026-03-30 10:55:45 - msg_id_0002 ==> 7E0002000066000000000204C5A77E
2026-03-30 10:55:48 - msg_id_0002 ==> 7E0002000066000000000204C7A57E
2026-03-30 10:55:51 - msg_id_0002 ==> 7E0002000066000000000204C8AA7E
2026-03-30 10:55:54 - msg_id_0002 ==> 7E0002000066000000000204C9AB7E
2026-03-30 10:55:57 - msg_id_0002 ==> 7E0002000066000000000204CAA87E
2026-03-30 10:56:00 - msg_id_0002 ==> 7E0002000066000000000204CBA97E
2026-03-30 10:56:04 - msg_id_0002 ==> 7E0002000066000000000204CCAE7E
2026-03-30 10:56:07 - msg_id_0002 ==> 7E0002000066000000000204CDAF7E
2026-03-30 10:56:10 - msg_id_0002 ==> 7E0002000066000000000204CEAC7E
2026-03-30 10:56:13 - msg_id_0002 ==> 7E0002000066000000000204CFAD7E
2026-03-30 10:56:16 - msg_id_0002 ==> 7E0002000066000000000204D0B27E
2026-03-30 10:56:19 - msg_id_0002 ==> 7E0002000066000000000204D2B07E
2026-03-30 10:56:22 - msg_id_0002 ==> 7E0002000066000000000204D3B17E
2026-03-30 10:56:25 - msg_id_0002 ==> 7E0002000066000000000204D4B67E
2026-03-30 10:56:28 - msg_id_0002 ==> 7E0002000066000000000204D5B77E
2026-03-30 10:56:31 - msg_id_0002 ==> 7E0002000066000000000204D6B47E
2026-03-30 10:56:34 - msg_id_0002 ==> 7E0002000066000000000204D7B57E
2026-03-30 10:56:38 - msg_id_0002 ==> 7E0002000066000000000204D8BA7E
2026-03-30 10:56:41 - msg_id_0002 ==> 7E0002000066000000000204D9BB7E
2026-03-30 10:56:44 - msg_id_0002 ==> 7E0002000066000000000204DAB87E
2026-03-30 10:56:47 - msg_id_0002 ==> 7E0002000066000000000204DBB97E
2026-03-30 10:56:50 - msg_id_0002 ==> 7E0002000066000000000204DDBF7E
2026-03-30 10:56:53 - msg_id_0002 ==> 7E0002000066000000000204DEBC7E
2026-03-30 10:56:56 - msg_id_0002 ==> 7E0002000066000000000204DFBD7E
2026-03-30 10:56:59 - msg_id_0002 ==> 7E0002000066000000000204E0827E
2026-03-30 10:57:02 - msg_id_0002 ==> 7E0002000066000000000204E1837E
2026-03-30 10:57:06 - msg_id_0002 ==> 7E0002000066000000000204E2807E
2026-03-30 10:57:09 - msg_id_0002 ==> 7E0002000066000000000204E3817E
2026-03-30 10:57:12 - msg_id_0002 ==> 7E0002000066000000000204E4867E
2026-03-30 10:57:15 - msg_id_0002 ==> 7E0002000066000000000204E5877E
2026-03-30 10:57:18 - msg_id_0002 ==> 7E0002000066000000000204E6847E
2026-03-30 10:57:21 - msg_id_0002 ==> 7E0002000066000000000204E88A7E
2026-03-30 10:57:24 - msg_id_0002 ==> 7E0002000066000000000204E98B7E
2026-03-30 10:57:27 - msg_id_0002 ==> 7E0002000066000000000204EA887E
2026-03-30 10:57:30 - msg_id_0002 ==> 7E0002000066000000000204EB897E
2026-03-30 10:57:33 - msg_id_0002 ==> 7E0002000066000000000204EC8E7E
2026-03-30 10:57:36 - msg_id_0002 ==> 7E0002000066000000000204ED8F7E
2026-03-30 10:57:40 - msg_id_0002 ==> 7E0002000066000000000204EE8C7E
2026-03-30 10:57:43 - msg_id_0002 ==> 7E0002000066000000000204EF8D7E
2026-03-30 10:57:46 - msg_id_0002 ==> 7E0002000066000000000204F0927E
2026-03-30 10:57:49 - msg_id_0002 ==> 7E0002000066000000000204F1937E
2026-03-30 10:57:52 - msg_id_0002 ==> 7E0002000066000000000204F3917E
2026-03-30 10:57:55 - msg_id_0002 ==> 7E0002000066000000000204F4967E
2026-03-30 10:57:58 - msg_id_0002 ==> 7E0002000066000000000204F5977E
2026-03-30 10:58:01 - msg_id_0002 ==> 7E0002000066000000000204F6947E
2026-03-30 10:58:04 - msg_id_0002 ==> 7E0002000066000000000204F7957E
2026-03-30 10:58:07 - msg_id_0002 ==> 7E0002000066000000000204F89A7E
2026-03-30 10:58:11 - msg_id_0002 ==> 7E0002000066000000000204F99B7E
2026-03-30 10:58:14 - msg_id_0002 ==> 7E0002000066000000000204FA987E
2026-03-30 10:58:17 - msg_id_0002 ==> 7E0002000066000000000204FB997E
2026-03-30 10:58:20 - msg_id_0002 ==> 7E0002000066000000000204FC9E7E
2026-03-30 10:58:23 - msg_id_0002 ==> 7E0002000066000000000204FE9C7E
2026-03-30 10:58:26 - msg_id_0002 ==> 7E0002000066000000000204FF9D7E
2026-03-30 10:58:29 - msg_id_0002 ==> 7E000200006600000000020500637E
2026-03-30 10:58:32 - msg_id_0002 ==> 7E000200006600000000020501627E
2026-03-30 10:58:35 - msg_id_0002 ==> 7E000200006600000000020502617E
2026-03-30 10:58:38 - msg_id_0002 ==> 7E000200006600000000020503607E
2026-03-30 10:58:42 - msg_id_0002 ==> 7E000200006600000000020504677E
2026-03-30 10:58:45 - msg_id_0002 ==> 7E000200006600000000020505667E
2026-03-30 10:58:48 - msg_id_0002 ==> 7E000200006600000000020506657E
2026-03-30 10:58:51 - msg_id_0002 ==> 7E000200006600000000020507647E
2026-03-30 10:58:54 - msg_id_0002 ==> 7E0002000066000000000205096A7E
2026-03-30 10:58:57 - msg_id_0002 ==> 7E00020000660000000002050A697E
2026-03-30 10:59:00 - msg_id_0002 ==> 7E00020000660000000002050B687E
2026-03-30 10:59:03 - msg_id_0002 ==> 7E00020000660000000002050C6F7E
2026-03-30 10:59:06 - msg_id_0002 ==> 7E00020000660000000002050D6E7E
2026-03-30 10:59:09 - msg_id_0002 ==> 7E00020000660000000002050E6D7E
2026-03-30 10:59:13 - msg_id_0002 ==> 7E00020000660000000002050F6C7E
2026-03-30 10:59:16 - msg_id_0002 ==> 7E000200006600000000020510737E
2026-03-30 10:59:19 - msg_id_0002 ==> 7E000200006600000000020511727E
2026-03-30 10:59:22 - msg_id_0002 ==> 7E000200006600000000020512717E
2026-03-30 10:59:25 - msg_id_0002 ==> 7E000200006600000000020514777E
2026-03-30 10:59:28 - msg_id_0002 ==> 7E000200006600000000020515767E
2026-03-30 10:59:31 - msg_id_0002 ==> 7E000200006600000000020516757E
2026-03-30 10:59:34 - msg_id_0002 ==> 7E000200006600000000020517747E
2026-03-30 10:59:37 - msg_id_0002 ==> 7E0002000066000000000205187B7E
2026-03-30 10:59:41 - msg_id_0002 ==> 7E0002000066000000000205197A7E
2026-03-30 10:59:44 - msg_id_0002 ==> 7E00020000660000000002051A797E
2026-03-30 10:59:47 - msg_id_0002 ==> 7E00020000660000000002051B787E
2026-03-30 10:59:50 - msg_id_0002 ==> 7E00020000660000000002051C7F7E
2026-03-30 10:59:53 - msg_id_0002 ==> 7E00020000660000000002051D7D027E
2026-03-30 10:59:56 - msg_id_0002 ==> 7E00020000660000000002051F7C7E
2026-03-30 11:00:00 - msg_id_0002 ==> 7E000200006600000000020520437E
2026-03-30 11:00:02 - msg_id_0002 ==> 7E000200006600000000020521427E
2026-03-30 11:00:05 - msg_id_0002 ==> 7E000200006600000000020522417E
2026-03-30 11:00:08 - msg_id_0002 ==> 7E000200006600000000020523407E
2026-03-30 11:00:11 - msg_id_0002 ==> 7E000200006600000000020524477E
2026-03-30 11:00:15 - msg_id_0002 ==> 7E000200006600000000020525467E
2026-03-30 11:00:18 - msg_id_0002 ==> 7E000200006600000000020526457E
2026-03-30 11:00:21 - msg_id_0002 ==> 7E000200006600000000020527447E
2026-03-30 11:00:24 - msg_id_0002 ==> 7E0002000066000000000205284B7E
2026-03-30 11:00:27 - msg_id_0002 ==> 7E00020000660000000002052A497E
2026-03-30 11:00:30 - msg_id_0002 ==> 7E00020000660000000002052B487E
2026-03-30 11:00:33 - msg_id_0002 ==> 7E00020000660000000002052C4F7E
2026-03-30 11:00:36 - msg_id_0002 ==> 7E00020000660000000002052D4E7E
2026-03-30 11:00:39 - msg_id_0002 ==> 7E00020000660000000002052E4D7E
2026-03-30 11:00:42 - msg_id_0002 ==> 7E00020000660000000002052F4C7E
2026-03-30 11:00:47 - msg_id_0002 ==> 7E000200006600000000020530537E
2026-03-30 11:00:49 - msg_id_0002 ==> 7E000200006600000000020531527E
2026-03-30 11:00:52 - msg_id_0002 ==> 7E000200006600000000020532517E
2026-03-30 11:00:55 - msg_id_0002 ==> 7E000200006600000000020533507E
2026-03-30 11:00:58 - msg_id_0002 ==> 7E000200006600000000020535567E
2026-03-30 11:01:01 - msg_id_0002 ==> 7E000200006600000000020536557E
2026-03-30 11:01:04 - msg_id_0002 ==> 7E000200006600000000020537547E
2026-03-30 11:01:07 - msg_id_0002 ==> 7E0002000066000000000205385B7E
2026-03-30 11:01:10 - msg_id_0002 ==> 7E0002000066000000000205395A7E
2026-03-30 11:01:14 - msg_id_0002 ==> 7E00020000660000000002053A597E
2026-03-30 11:01:17 - msg_id_0002 ==> 7E00020000660000000002053B587E
2026-03-30 11:01:20 - msg_id_0002 ==> 7E00020000660000000002053C5F7E
2026-03-30 11:01:23 - msg_id_0002 ==> 7E00020000660000000002053D5E7E
2026-03-30 11:01:26 - msg_id_0002 ==> 7E00020000660000000002053E5D7E
2026-03-30 11:01:29 - msg_id_0002 ==> 7E000200006600000000020540237E
2026-03-30 11:01:32 - msg_id_0002 ==> 7E000200006600000000020541227E
2026-03-30 11:01:35 - msg_id_0002 ==> 7E000200006600000000020542217E
2026-03-30 11:01:38 - msg_id_0002 ==> 7E000200006600000000020543207E
2026-03-30 11:01:41 - msg_id_0002 ==> 7E000200006600000000020544277E
2026-03-30 11:01:44 - msg_id_0002 ==> 7E000200006600000000020545267E
2026-03-30 11:01:48 - msg_id_0002 ==> 7E000200006600000000020546257E
2026-03-30 11:01:51 - msg_id_0002 ==> 7E000200006600000000020547247E
2026-03-30 11:01:54 - msg_id_0002 ==> 7E0002000066000000000205482B7E
2026-03-30 11:01:57 - msg_id_0002 ==> 7E0002000066000000000205492A7E
2026-03-30 11:02:00 - msg_id_0002 ==> 7E00020000660000000002054B287E
2026-03-30 11:02:03 - msg_id_0002 ==> 7E00020000660000000002054C2F7E
2026-03-30 11:02:06 - msg_id_0002 ==> 7E00020000660000000002054D2E7E
2026-03-30 11:02:09 - msg_id_0002 ==> 7E00020000660000000002054E2D7E
2026-03-30 11:02:12 - msg_id_0002 ==> 7E00020000660000000002054F2C7E
2026-03-30 11:02:15 - msg_id_0002 ==> 7E000200006600000000020550337E
2026-03-30 11:02:19 - msg_id_0002 ==> 7E000200006600000000020551327E
2026-03-30 11:02:22 - msg_id_0002 ==> 7E000200006600000000020552317E
2026-03-30 11:02:25 - msg_id_0002 ==> 7E000200006600000000020553307E
2026-03-30 11:02:28 - msg_id_0002 ==> 7E000200006600000000020554377E
2026-03-30 11:02:31 - msg_id_0002 ==> 7E000200006600000000020556357E
2026-03-30 11:02:34 - msg_id_0002 ==> 7E000200006600000000020557347E
2026-03-30 11:02:37 - msg_id_0002 ==> 7E0002000066000000000205583B7E
2026-03-30 11:02:40 - msg_id_0002 ==> 7E0002000066000000000205593A7E
2026-03-30 11:02:43 - msg_id_0002 ==> 7E00020000660000000002055A397E
2026-03-30 11:02:46 - msg_id_0002 ==> 7E00020000660000000002055B387E
2026-03-30 11:02:50 - msg_id_0002 ==> 7E00020000660000000002055C3F7E
2026-03-30 11:02:53 - msg_id_0002 ==> 7E00020000660000000002055D3E7E
2026-03-30 11:02:56 - msg_id_0002 ==> 7E00020000660000000002055E3D7E
2026-03-30 11:02:59 - msg_id_0002 ==> 7E00020000660000000002055F3C7E
2026-03-30 11:03:02 - msg_id_0002 ==> 7E000200006600000000020561027E
2026-03-30 11:03:05 - msg_id_0002 ==> 7E000200006600000000020562017E
2026-03-30 11:03:08 - msg_id_0002 ==> 7E000200006600000000020563007E
2026-03-30 11:03:11 - msg_id_0002 ==> 7E000200006600000000020564077E
2026-03-30 11:03:14 - msg_id_0002 ==> 7E000200006600000000020565067E
2026-03-30 11:03:18 - msg_id_0002 ==> 7E000200006600000000020566057E
2026-03-30 11:03:21 - msg_id_0002 ==> 7E000200006600000000020567047E
2026-03-30 11:03:24 - msg_id_0002 ==> 7E0002000066000000000205680B7E
2026-03-30 11:03:27 - msg_id_0002 ==> 7E0002000066000000000205690A7E
2026-03-30 11:03:30 - msg_id_0002 ==> 7E00020000660000000002056A097E
2026-03-30 11:03:33 - msg_id_0002 ==> 7E00020000660000000002056C0F7E
2026-03-30 11:03:36 - msg_id_0002 ==> 7E00020000660000000002056D0E7E
2026-03-30 11:03:39 - msg_id_0002 ==> 7E00020000660000000002056E0D7E
2026-03-30 11:03:42 - msg_id_0002 ==> 7E00020000660000000002056F0C7E
2026-03-30 11:03:45 - msg_id_0002 ==> 7E000200006600000000020570137E
2026-03-30 11:03:49 - msg_id_0002 ==> 7E000200006600000000020571127E
2026-03-30 11:03:52 - msg_id_0002 ==> 7E000200006600000000020572117E
2026-03-30 11:03:55 - msg_id_0002 ==> 7E000200006600000000020573107E
2026-03-30 11:03:58 - msg_id_0002 ==> 7E000200006600000000020574177E
2026-03-30 11:04:01 - msg_id_0002 ==> 7E000200006600000000020575167E
2026-03-30 11:04:04 - msg_id_0002 ==> 7E000200006600000000020577147E
2026-03-30 11:04:07 - msg_id_0002 ==> 7E0002000066000000000205781B7E
2026-03-30 11:04:10 - msg_id_0002 ==> 7E0002000066000000000205791A7E
2026-03-30 11:04:13 - msg_id_0002 ==> 7E00020000660000000002057A197E
2026-03-30 11:04:16 - msg_id_0002 ==> 7E00020000660000000002057B187E
2026-03-30 11:04:20 - msg_id_0002 ==> 7E00020000660000000002057C1F7E
2026-03-30 11:04:23 - msg_id_0002 ==> 7E00020000660000000002057D011E7E
2026-03-30 11:04:26 - msg_id_0002 ==> 7E00020000660000000002057D021D7E
2026-03-30 11:04:33 - msg_id_0002 ==> 7E000200006600000000020582E17E
2026-03-30 11:04:37 - msg_id_0002 ==> 7E000200006600000000020584E77E
2026-03-30 11:04:40 - msg_id_0002 ==> 7E000200006600000000020585E67E
2026-03-30 11:04:43 - msg_id_0002 ==> 7E000200006600000000020586E57E
2026-03-30 11:04:46 - msg_id_0002 ==> 7E000200006600000000020587E47E
2026-03-30 11:04:49 - msg_id_0002 ==> 7E000200006600000000020588EB7E
2026-03-30 11:04:52 - msg_id_0002 ==> 7E000200006600000000020589EA7E
2026-03-30 11:04:55 - msg_id_0002 ==> 7E00020000660000000002058AE97E
2026-03-30 11:04:58 - msg_id_0002 ==> 7E00020000660000000002058BE87E
2026-03-30 11:05:01 - msg_id_0002 ==> 7E00020000660000000002058CEF7E
2026-03-30 11:05:04 - msg_id_0002 ==> 7E00020000660000000002058DEE7E
2026-03-30 11:05:08 - msg_id_0002 ==> 7E00020000660000000002058FEC7E
2026-03-30 11:05:11 - msg_id_0002 ==> 7E000200006600000000020590F37E
2026-03-30 11:05:14 - msg_id_0002 ==> 7E000200006600000000020591F27E
2026-03-30 11:05:17 - msg_id_0002 ==> 7E000200006600000000020592F17E
2026-03-30 11:05:20 - msg_id_0002 ==> 7E000200006600000000020593F07E
2026-03-30 11:05:23 - msg_id_0002 ==> 7E000200006600000000020594F77E
2026-03-30 11:05:26 - msg_id_0002 ==> 7E000200006600000000020595F67E
2026-03-30 11:05:29 - msg_id_0002 ==> 7E000200006600000000020596F57E
2026-03-30 11:05:32 - msg_id_0002 ==> 7E000200006600000000020597F47E
2026-03-30 11:05:35 - msg_id_0002 ==> 7E000200006600000000020598FB7E
2026-03-30 11:05:38 - msg_id_0002 ==> 7E00020000660000000002059AF97E
2026-03-30 11:05:42 - msg_id_0002 ==> 7E00020000660000000002059BF87E
2026-03-30 11:05:45 - msg_id_0002 ==> 7E00020000660000000002059CFF7E
2026-03-30 11:05:48 - msg_id_0002 ==> 7E00020000660000000002059DFE7E
2026-03-30 11:05:51 - msg_id_0002 ==> 7E00020000660000000002059EFD7E
2026-03-30 11:05:54 - msg_id_0002 ==> 7E00020000660000000002059FFC7E
2026-03-30 11:05:57 - msg_id_0002 ==> 7E0002000066000000000205A0C37E
2026-03-30 11:06:00 - msg_id_0002 ==> 7E0002000066000000000205A1C27E
2026-03-30 11:06:03 - msg_id_0002 ==> 7E0002000066000000000205A2C17E
2026-03-30 11:06:06 - msg_id_0002 ==> 7E0002000066000000000205A3C07E
2026-03-30 11:06:10 - msg_id_0002 ==> 7E0002000066000000000205A5C67E
2026-03-30 11:06:13 - msg_id_0002 ==> 7E0002000066000000000205A6C57E
2026-03-30 11:06:16 - msg_id_0002 ==> 7E0002000066000000000205A7C47E
2026-03-30 11:06:19 - msg_id_0002 ==> 7E0002000066000000000205A8CB7E
2026-03-30 11:06:22 - msg_id_0002 ==> 7E0002000066000000000205A9CA7E
2026-03-30 11:06:25 - msg_id_0002 ==> 7E0002000066000000000205AAC97E
2026-03-30 11:06:28 - msg_id_0002 ==> 7E0002000066000000000205ABC87E
2026-03-30 11:06:31 - msg_id_0002 ==> 7E0002000066000000000205ACCF7E
2026-03-30 11:06:34 - msg_id_0002 ==> 7E0002000066000000000205ADCE7E
2026-03-30 11:06:37 - msg_id_0002 ==> 7E0002000066000000000205AECD7E
2026-03-30 11:06:41 - msg_id_0002 ==> 7E0002000066000000000205B0D37E
2026-03-30 11:06:44 - msg_id_0002 ==> 7E0002000066000000000205B1D27E
2026-03-30 11:06:47 - msg_id_0002 ==> 7E0002000066000000000205B2D17E
2026-03-30 11:06:50 - msg_id_0002 ==> 7E0002000066000000000205B3D07E
2026-03-30 11:06:53 - msg_id_0002 ==> 7E0002000066000000000205B4D77E
2026-03-30 11:06:56 - msg_id_0002 ==> 7E0002000066000000000205B5D67E
2026-03-30 11:06:59 - msg_id_0002 ==> 7E0002000066000000000205B6D57E
2026-03-30 11:07:02 - msg_id_0002 ==> 7E0002000066000000000205B7D47E
2026-03-30 11:07:05 - msg_id_0002 ==> 7E0002000066000000000205B8DB7E
2026-03-30 11:07:08 - msg_id_0002 ==> 7E0002000066000000000205B9DA7E
2026-03-30 11:07:12 - msg_id_0002 ==> 7E0002000066000000000205BBD87E
2026-03-30 11:07:15 - msg_id_0002 ==> 7E0002000066000000000205BCDF7E
2026-03-30 11:07:18 - msg_id_0002 ==> 7E0002000066000000000205BDDE7E
2026-03-30 11:07:21 - msg_id_0002 ==> 7E0002000066000000000205BEDD7E
2026-03-30 11:07:24 - msg_id_0002 ==> 7E0002000066000000000205BFDC7E
2026-03-30 11:07:27 - msg_id_0002 ==> 7E0002000066000000000205C0A37E
2026-03-30 11:07:30 - msg_id_0002 ==> 7E0002000066000000000205C1A27E
2026-03-30 11:07:33 - msg_id_0002 ==> 7E0002000066000000000205C2A17E
2026-03-30 11:07:36 - msg_id_0002 ==> 7E0002000066000000000205C3A07E
2026-03-30 11:07:39 - msg_id_0002 ==> 7E0002000066000000000205C4A77E
2026-03-30 11:07:43 - msg_id_0002 ==> 7E0002000066000000000205C6A57E
2026-03-30 11:07:46 - msg_id_0002 ==> 7E0002000066000000000205C7A47E
2026-03-30 11:07:49 - msg_id_0002 ==> 7E0002000066000000000205C8AB7E
2026-03-30 11:07:52 - msg_id_0002 ==> 7E0002000066000000000205C9AA7E
2026-03-30 11:07:55 - msg_id_0002 ==> 7E0002000066000000000205CAA97E
2026-03-30 11:07:58 - msg_id_0002 ==> 7E0002000066000000000205CBA87E
2026-03-30 11:08:01 - msg_id_0002 ==> 7E0002000066000000000205CCAF7E
2026-03-30 11:08:04 - msg_id_0002 ==> 7E0002000066000000000205CDAE7E
2026-03-30 11:08:07 - msg_id_0002 ==> 7E0002000066000000000205CEAD7E
2026-03-30 11:08:10 - msg_id_0002 ==> 7E0002000066000000000205CFAC7E
2026-03-30 11:08:14 - msg_id_0002 ==> 7E0002000066000000000205D1B27E
2026-03-30 11:08:17 - msg_id_0002 ==> 7E0002000066000000000205D2B17E
2026-03-30 11:08:20 - msg_id_0002 ==> 7E0002000066000000000205D3B07E
2026-03-30 11:08:23 - msg_id_0002 ==> 7E0002000066000000000205D4B77E
2026-03-30 11:08:27 - msg_id_0002 ==> 7E0002000066000000000205D5B67E
2026-03-30 11:08:29 - msg_id_0002 ==> 7E0002000066000000000205D6B57E
2026-03-30 11:08:32 - msg_id_0002 ==> 7E0002000066000000000205D7B47E
2026-03-30 11:08:35 - msg_id_0002 ==> 7E0002000066000000000205D8BB7E
2026-03-30 11:08:38 - msg_id_0002 ==> 7E0002000066000000000205D9BA7E
2026-03-30 11:08:41 - msg_id_0002 ==> 7E0002000066000000000205DAB97E
2026-03-30 11:08:45 - msg_id_0002 ==> 7E0002000066000000000205DCBF7E
2026-03-30 11:08:48 - msg_id_0002 ==> 7E0002000066000000000205DDBE7E
2026-03-30 11:08:51 - msg_id_0002 ==> 7E0002000066000000000205DEBD7E
2026-03-30 11:08:54 - msg_id_0002 ==> 7E0002000066000000000205DFBC7E
2026-03-30 11:08:57 - msg_id_0002 ==> 7E0002000066000000000205E0837E
2026-03-30 11:09:00 - msg_id_0002 ==> 7E0002000066000000000205E1827E
2026-03-30 11:09:03 - msg_id_0002 ==> 7E0002000066000000000205E2817E
2026-03-30 11:09:06 - msg_id_0002 ==> 7E0002000066000000000205E3807E
2026-03-30 11:09:09 - msg_id_0002 ==> 7E0002000066000000000205E4877E
2026-03-30 11:09:12 - msg_id_0002 ==> 7E0002000066000000000205E5867E
2026-03-30 11:09:16 - msg_id_0002 ==> 7E0002000066000000000205E7847E
2026-03-30 11:09:19 - msg_id_0002 ==> 7E0002000066000000000205E88B7E
2026-03-30 11:09:22 - msg_id_0002 ==> 7E0002000066000000000205E98A7E
2026-03-30 11:09:25 - msg_id_0002 ==> 7E0002000066000000000205EA897E
2026-03-30 11:09:28 - msg_id_0002 ==> 7E0002000066000000000205EB887E
2026-03-30 11:09:31 - msg_id_0002 ==> 7E0002000066000000000205EC8F7E
2026-03-30 11:09:34 - msg_id_0002 ==> 7E0002000066000000000205ED8E7E
2026-03-30 11:09:37 - msg_id_0002 ==> 7E0002000066000000000205EE8D7E
2026-03-30 11:09:40 - msg_id_0002 ==> 7E0002000066000000000205EF8C7E
2026-03-30 11:09:43 - msg_id_0002 ==> 7E0002000066000000000205F0937E
2026-03-30 11:09:47 - msg_id_0002 ==> 7E0002000066000000000205F2917E
2026-03-30 11:09:50 - msg_id_0002 ==> 7E0002000066000000000205F3907E
2026-03-30 11:09:53 - msg_id_0002 ==> 7E0002000066000000000205F4977E
2026-03-30 11:09:56 - msg_id_0002 ==> 7E0002000066000000000205F5967E
2026-03-30 11:09:59 - msg_id_0002 ==> 7E0002000066000000000205F6957E
2026-03-30 11:10:02 - msg_id_0002 ==> 7E0002000066000000000205F7947E
2026-03-30 11:10:05 - msg_id_0002 ==> 7E0002000066000000000205F89B7E
2026-03-30 11:10:08 - msg_id_0002 ==> 7E0002000066000000000205F99A7E
2026-03-30 11:10:11 - msg_id_0002 ==> 7E0002000066000000000205FA997E
2026-03-30 11:10:14 - msg_id_0002 ==> 7E0002000066000000000205FB987E
2026-03-30 11:10:18 - msg_id_0002 ==> 7E0002000066000000000205FD9E7E
2026-03-30 11:10:21 - msg_id_0002 ==> 7E0002000066000000000205FE9D7E
2026-03-30 11:10:24 - msg_id_0002 ==> 7E0002000066000000000205FF9C7E
2026-03-30 11:10:27 - msg_id_0002 ==> 7E000200006600000000020600607E
2026-03-30 11:10:30 - msg_id_0002 ==> 7E000200006600000000020601617E
2026-03-30 11:10:33 - msg_id_0002 ==> 7E000200006600000000020602627E
2026-03-30 11:10:36 - msg_id_0002 ==> 7E000200006600000000020603637E
2026-03-30 11:10:39 - msg_id_0002 ==> 7E000200006600000000020604647E
2026-03-30 11:10:42 - msg_id_0002 ==> 7E000200006600000000020605657E
2026-03-30 11:10:45 - msg_id_0002 ==> 7E000200006600000000020606667E
2026-03-30 11:10:49 - msg_id_0002 ==> 7E000200006600000000020608687E
2026-03-30 11:10:52 - msg_id_0002 ==> 7E000200006600000000020609697E
2026-03-30 11:10:55 - msg_id_0002 ==> 7E00020000660000000002060A6A7E
2026-03-30 11:10:58 - msg_id_0002 ==> 7E00020000660000000002060B6B7E
2026-03-30 11:11:01 - msg_id_0002 ==> 7E00020000660000000002060C6C7E
2026-03-30 11:11:04 - msg_id_0002 ==> 7E00020000660000000002060D6D7E
2026-03-30 11:11:07 - msg_id_0002 ==> 7E00020000660000000002060E6E7E
2026-03-30 11:11:10 - msg_id_0002 ==> 7E00020000660000000002060F6F7E
2026-03-30 11:11:13 - msg_id_0002 ==> 7E000200006600000000020610707E
2026-03-30 11:11:17 - msg_id_0002 ==> 7E000200006600000000020611717E
2026-03-30 11:11:20 - msg_id_0002 ==> 7E000200006600000000020613737E
2026-03-30 11:11:23 - msg_id_0002 ==> 7E000200006600000000020614747E
2026-03-30 11:11:26 - msg_id_0002 ==> 7E000200006600000000020615757E
2026-03-30 11:11:29 - msg_id_0002 ==> 7E000200006600000000020616767E
2026-03-30 11:11:32 - msg_id_0002 ==> 7E000200006600000000020617777E
2026-03-30 11:11:35 - msg_id_0002 ==> 7E000200006600000000020618787E
2026-03-30 11:11:38 - msg_id_0002 ==> 7E000200006600000000020619797E
2026-03-30 11:11:41 - msg_id_0002 ==> 7E00020000660000000002061A7A7E
2026-03-30 11:11:44 - msg_id_0002 ==> 7E00020000660000000002061B7B7E
2026-03-30 11:11:47 - msg_id_0002 ==> 7E00020000660000000002061C7C7E
2026-03-30 11:11:51 - msg_id_0002 ==> 7E00020000660000000002061E7D027E
2026-03-30 11:11:54 - msg_id_0002 ==> 7E00020000660000000002061F7F7E
2026-03-30 11:11:57 - msg_id_0002 ==> 7E000200006600000000020620407E
2026-03-30 11:12:00 - msg_id_0002 ==> 7E000200006600000000020621417E
2026-03-30 11:12:03 - msg_id_0002 ==> 7E000200006600000000020622427E
2026-03-30 11:12:06 - msg_id_0002 ==> 7E000200006600000000020623437E
2026-03-30 11:12:09 - msg_id_0002 ==> 7E000200006600000000020624447E
2026-03-30 11:12:12 - msg_id_0002 ==> 7E000200006600000000020625457E
2026-03-30 11:12:15 - msg_id_0002 ==> 7E000200006600000000020626467E
2026-03-30 11:12:19 - msg_id_0002 ==> 7E000200006600000000020627477E
2026-03-30 11:12:22 - msg_id_0002 ==> 7E000200006600000000020629497E
2026-03-30 11:12:25 - msg_id_0002 ==> 7E00020000660000000002062A4A7E
2026-03-30 11:12:28 - msg_id_0002 ==> 7E00020000660000000002062B4B7E
2026-03-30 11:12:31 - msg_id_0002 ==> 7E00020000660000000002062C4C7E
2026-03-30 11:12:34 - msg_id_0002 ==> 7E00020000660000000002062D4D7E
2026-03-30 11:12:37 - msg_id_0002 ==> 7E00020000660000000002062E4E7E
2026-03-30 11:12:40 - msg_id_0002 ==> 7E00020000660000000002062F4F7E
2026-03-30 11:12:43 - msg_id_0002 ==> 7E000200006600000000020630507E
2026-03-30 11:12:46 - msg_id_0002 ==> 7E000200006600000000020631517E
2026-03-30 11:12:50 - msg_id_0002 ==> 7E000200006600000000020632527E
2026-03-30 11:12:53 - msg_id_0002 ==> 7E000200006600000000020634547E
2026-03-30 11:12:56 - msg_id_0002 ==> 7E000200006600000000020635557E
2026-03-30 11:12:59 - msg_id_0002 ==> 7E000200006600000000020636567E
2026-03-30 11:13:02 - msg_id_0002 ==> 7E000200006600000000020637577E
2026-03-30 11:13:05 - msg_id_0002 ==> 7E000200006600000000020638587E
2026-03-30 11:13:08 - msg_id_0002 ==> 7E000200006600000000020639597E
2026-03-30 11:13:11 - msg_id_0002 ==> 7E00020000660000000002063A5A7E
2026-03-30 11:13:14 - msg_id_0002 ==> 7E00020000660000000002063B5B7E
2026-03-30 11:13:17 - msg_id_0002 ==> 7E00020000660000000002063C5C7E
2026-03-30 11:13:21 - msg_id_0002 ==> 7E00020000660000000002063D5D7E
2026-03-30 11:13:24 - msg_id_0002 ==> 7E00020000660000000002063F5F7E
2026-03-30 11:13:27 - msg_id_0002 ==> 7E000200006600000000020640207E
2026-03-30 11:13:30 - msg_id_0002 ==> 7E000200006600000000020641217E
2026-03-30 11:13:33 - msg_id_0002 ==> 7E000200006600000000020642227E
2026-03-30 11:13:36 - msg_id_0002 ==> 7E000200006600000000020643237E
2026-03-30 11:13:39 - msg_id_0002 ==> 7E000200006600000000020644247E
2026-03-30 11:13:42 - msg_id_0002 ==> 7E000200006600000000020645257E
2026-03-30 11:13:45 - msg_id_0002 ==> 7E000200006600000000020646267E
2026-03-30 11:13:48 - msg_id_0002 ==> 7E000200006600000000020647277E
2026-03-30 11:13:52 - msg_id_0002 ==> 7E000200006600000000020648287E
2026-03-30 11:13:55 - msg_id_0002 ==> 7E00020000660000000002064A2A7E
2026-03-30 11:13:58 - msg_id_0002 ==> 7E00020000660000000002064B2B7E
2026-03-30 11:14:01 - msg_id_0002 ==> 7E00020000660000000002064C2C7E
2026-03-30 11:14:04 - msg_id_0002 ==> 7E00020000660000000002064D2D7E
2026-03-30 11:14:07 - msg_id_0002 ==> 7E00020000660000000002064E2E7E
2026-03-30 11:14:10 - msg_id_0002 ==> 7E00020000660000000002064F2F7E
2026-03-30 11:14:13 - msg_id_0002 ==> 7E000200006600000000020650307E
2026-03-30 11:14:16 - msg_id_0002 ==> 7E000200006600000000020651317E
2026-03-30 11:14:19 - msg_id_0002 ==> 7E000200006600000000020652327E
2026-03-30 11:14:23 - msg_id_0002 ==> 7E000200006600000000020653337E
2026-03-30 11:14:26 - msg_id_0002 ==> 7E000200006600000000020655357E
2026-03-30 11:14:29 - msg_id_0002 ==> 7E000200006600000000020656367E
2026-03-30 11:14:32 - msg_id_0002 ==> 7E000200006600000000020657377E
2026-03-30 11:14:35 - msg_id_0002 ==> 7E000200006600000000020658387E
2026-03-30 11:14:38 - msg_id_0002 ==> 7E000200006600000000020659397E
2026-03-30 11:14:41 - msg_id_0002 ==> 7E00020000660000000002065A3A7E
2026-03-30 11:14:44 - msg_id_0002 ==> 7E00020000660000000002065B3B7E
2026-03-30 11:14:47 - msg_id_0002 ==> 7E00020000660000000002065C3C7E
2026-03-30 11:14:50 - msg_id_0002 ==> 7E00020000660000000002065D3D7E
2026-03-30 11:14:54 - msg_id_0002 ==> 7E00020000660000000002065E3E7E
2026-03-30 11:14:57 - msg_id_0002 ==> 7E000200006600000000020660007E
2026-03-30 11:15:00 - msg_id_0002 ==> 7E000200006600000000020661017E
2026-03-30 11:15:03 - msg_id_0002 ==> 7E000200006600000000020662027E
2026-03-30 11:15:06 - msg_id_0002 ==> 7E000200006600000000020663037E
2026-03-30 11:15:09 - msg_id_0002 ==> 7E000200006600000000020664047E
2026-03-30 11:15:12 - msg_id_0002 ==> 7E000200006600000000020665057E
2026-03-30 11:15:15 - msg_id_0002 ==> 7E000200006600000000020666067E
2026-03-30 11:15:18 - msg_id_0002 ==> 7E000200006600000000020667077E
2026-03-30 11:15:22 - msg_id_0002 ==> 7E000200006600000000020668087E
2026-03-30 11:15:25 - msg_id_0002 ==> 7E000200006600000000020669097E
2026-03-30 11:15:28 - msg_id_0002 ==> 7E00020000660000000002066B0B7E
2026-03-30 11:15:31 - msg_id_0002 ==> 7E00020000660000000002066C0C7E
2026-03-30 11:15:34 - msg_id_0002 ==> 7E00020000660000000002066D0D7E
2026-03-30 11:15:37 - msg_id_0002 ==> 7E00020000660000000002066E0E7E
2026-03-30 11:15:40 - msg_id_0002 ==> 7E00020000660000000002066F0F7E
2026-03-30 11:15:43 - msg_id_0002 ==> 7E000200006600000000020670107E
2026-03-30 11:15:46 - msg_id_0002 ==> 7E000200006600000000020671117E
2026-03-30 11:15:49 - msg_id_0002 ==> 7E000200006600000000020672127E
2026-03-30 11:15:52 - msg_id_0002 ==> 7E000200006600000000020673137E
2026-03-30 11:15:56 - msg_id_0002 ==> 7E000200006600000000020674147E
2026-03-30 11:15:59 - msg_id_0002 ==> 7E000200006600000000020676167E
2026-03-30 11:16:02 - msg_id_0002 ==> 7E000200006600000000020677177E
2026-03-30 11:16:05 - msg_id_0002 ==> 7E000200006600000000020678187E
2026-03-30 11:16:08 - msg_id_0002 ==> 7E000200006600000000020679197E
2026-03-30 11:16:11 - msg_id_0002 ==> 7E00020000660000000002067A1A7E
2026-03-30 11:16:14 - msg_id_0002 ==> 7E00020000660000000002067B1B7E
2026-03-30 11:16:17 - msg_id_0002 ==> 7E00020000660000000002067C1C7E
2026-03-30 11:16:20 - msg_id_0002 ==> 7E00020000660000000002067D011D7E
2026-03-30 11:16:23 - msg_id_0002 ==> 7E00020000660000000002067D021E7E
2026-03-30 11:16:31 - msg_id_0002 ==> 7E000200006600000000020683E37E
2026-03-30 11:16:34 - msg_id_0002 ==> 7E000200006600000000020684E47E
2026-03-30 11:16:37 - msg_id_0002 ==> 7E000200006600000000020685E57E
2026-03-30 11:16:40 - msg_id_0002 ==> 7E000200006600000000020686E67E
2026-03-30 11:16:43 - msg_id_0002 ==> 7E000200006600000000020687E77E
2026-03-30 11:16:47 - msg_id_0002 ==> 7E000200006600000000020688E87E
2026-03-30 11:16:50 - msg_id_0002 ==> 7E000200006600000000020689E97E
2026-03-30 11:16:53 - msg_id_0002 ==> 7E00020000660000000002068AEA7E
2026-03-30 11:16:56 - msg_id_0002 ==> 7E00020000660000000002068BEB7E
2026-03-30 11:16:59 - msg_id_0002 ==> 7E00020000660000000002068CEC7E
2026-03-30 11:17:02 - msg_id_0002 ==> 7E00020000660000000002068EEE7E
2026-03-30 11:17:05 - msg_id_0002 ==> 7E00020000660000000002068FEF7E
2026-03-30 11:17:08 - msg_id_0002 ==> 7E000200006600000000020690F07E
2026-03-30 11:17:11 - msg_id_0002 ==> 7E000200006600000000020691F17E
2026-03-30 11:17:14 - msg_id_0002 ==> 7E000200006600000000020692F27E
2026-03-30 11:17:17 - msg_id_0002 ==> 7E000200006600000000020693F37E
2026-03-30 11:17:21 - msg_id_0002 ==> 7E000200006600000000020694F47E
2026-03-30 11:17:24 - msg_id_0002 ==> 7E000200006600000000020695F57E
2026-03-30 11:17:27 - msg_id_0002 ==> 7E000200006600000000020696F67E
2026-03-30 11:17:30 - msg_id_0002 ==> 7E000200006600000000020697F77E
2026-03-30 11:17:33 - msg_id_0002 ==> 7E000200006600000000020699F97E
2026-03-30 11:17:36 - msg_id_0002 ==> 7E00020000660000000002069AFA7E
2026-03-30 11:17:39 - msg_id_0002 ==> 7E00020000660000000002069BFB7E
2026-03-30 11:17:42 - msg_id_0002 ==> 7E00020000660000000002069CFC7E
2026-03-30 11:17:45 - msg_id_0002 ==> 7E00020000660000000002069DFD7E
2026-03-30 11:17:49 - msg_id_0002 ==> 7E00020000660000000002069EFE7E
2026-03-30 11:17:52 - msg_id_0002 ==> 7E00020000660000000002069FFF7E
2026-03-30 11:17:55 - msg_id_0002 ==> 7E0002000066000000000206A0C07E
2026-03-30 11:17:58 - msg_id_0002 ==> 7E0002000066000000000206A1C17E
2026-03-30 11:18:01 - msg_id_0002 ==> 7E0002000066000000000206A2C27E
2026-03-30 11:18:04 - msg_id_0002 ==> 7E0002000066000000000206A4C47E
2026-03-30 11:18:07 - msg_id_0002 ==> 7E0002000066000000000206A5C57E
2026-03-30 11:18:10 - msg_id_0002 ==> 7E0002000066000000000206A6C67E
2026-03-30 11:18:13 - msg_id_0002 ==> 7E0002000066000000000206A7C77E
2026-03-30 11:18:16 - msg_id_0002 ==> 7E0002000066000000000206A8C87E
2026-03-30 11:18:19 - msg_id_0002 ==> 7E0002000066000000000206A9C97E
2026-03-30 11:18:23 - msg_id_0002 ==> 7E0002000066000000000206AACA7E
2026-03-30 11:18:26 - msg_id_0002 ==> 7E0002000066000000000206ABCB7E
2026-03-30 11:18:29 - msg_id_0002 ==> 7E0002000066000000000206ACCC7E
2026-03-30 11:18:32 - msg_id_0002 ==> 7E0002000066000000000206ADCD7E
2026-03-30 11:18:35 - msg_id_0002 ==> 7E0002000066000000000206AFCF7E
2026-03-30 11:18:38 - msg_id_0002 ==> 7E0002000066000000000206B0D07E
2026-03-30 11:18:41 - msg_id_0002 ==> 7E0002000066000000000206B1D17E
2026-03-30 11:18:44 - msg_id_0002 ==> 7E0002000066000000000206B2D27E
2026-03-30 11:18:47 - msg_id_0002 ==> 7E0002000066000000000206B3D37E
2026-03-30 11:18:51 - msg_id_0002 ==> 7E0002000066000000000206B4D47E
2026-03-30 11:18:54 - msg_id_0002 ==> 7E0002000066000000000206B5D57E
2026-03-30 11:18:57 - msg_id_0002 ==> 7E0002000066000000000206B6D67E
2026-03-30 11:19:00 - msg_id_0002 ==> 7E0002000066000000000206B7D77E
2026-03-30 11:19:03 - msg_id_0002 ==> 7E0002000066000000000206B8D87E
2026-03-30 11:19:06 - msg_id_0002 ==> 7E0002000066000000000206BADA7E
2026-03-30 11:19:09 - msg_id_0002 ==> 7E0002000066000000000206BBDB7E
2026-03-30 11:19:12 - msg_id_0002 ==> 7E0002000066000000000206BCDC7E
2026-03-30 11:19:15 - msg_id_0002 ==> 7E0002000066000000000206BDDD7E
2026-03-30 11:19:18 - msg_id_0002 ==> 7E0002000066000000000206BEDE7E
2026-03-30 11:19:21 - msg_id_0002 ==> 7E0002000066000000000206BFDF7E
2026-03-30 11:19:25 - msg_id_0002 ==> 7E0002000066000000000206C0A07E
2026-03-30 11:19:28 - msg_id_0002 ==> 7E0002000066000000000206C1A17E
2026-03-30 11:19:31 - msg_id_0002 ==> 7E0002000066000000000206C2A27E
2026-03-30 11:19:34 - msg_id_0002 ==> 7E0002000066000000000206C3A37E
2026-03-30 11:19:37 - msg_id_0002 ==> 7E0002000066000000000206C5A57E
2026-03-30 11:19:40 - msg_id_0002 ==> 7E0002000066000000000206C6A67E
2026-03-30 11:19:43 - msg_id_0002 ==> 7E0002000066000000000206C7A77E
2026-03-30 11:19:46 - msg_id_0002 ==> 7E0002000066000000000206C8A87E
2026-03-30 11:19:49 - msg_id_0002 ==> 7E0002000066000000000206C9A97E
2026-03-30 11:19:52 - msg_id_0002 ==> 7E0002000066000000000206CAAA7E
2026-03-30 11:19:56 - msg_id_0002 ==> 7E0002000066000000000206CBAB7E
2026-03-30 11:19:59 - msg_id_0002 ==> 7E0002000066000000000206CCAC7E
2026-03-30 11:20:02 - msg_id_0002 ==> 7E0002000066000000000206CDAD7E
2026-03-30 11:20:05 - msg_id_0002 ==> 7E0002000066000000000206CEAE7E
2026-03-30 11:20:08 - msg_id_0002 ==> 7E0002000066000000000206D0B07E
2026-03-30 11:20:11 - msg_id_0002 ==> 7E0002000066000000000206D1B17E
2026-03-30 11:20:14 - msg_id_0002 ==> 7E0002000066000000000206D2B27E
2026-03-30 11:20:17 - msg_id_0002 ==> 7E0002000066000000000206D3B37E
2026-03-30 11:20:20 - msg_id_0002 ==> 7E0002000066000000000206D4B47E
2026-03-30 11:20:24 - msg_id_0002 ==> 7E0002000066000000000206D5B57E
2026-03-30 11:20:27 - msg_id_0002 ==> 7E0002000066000000000206D6B67E
2026-03-30 11:20:30 - msg_id_0002 ==> 7E0002000066000000000206D7B77E
2026-03-30 11:20:33 - msg_id_0002 ==> 7E0002000066000000000206D8B87E
2026-03-30 11:20:36 - msg_id_0002 ==> 7E0002000066000000000206D9B97E
2026-03-30 11:20:39 - msg_id_0002 ==> 7E0002000066000000000206DBBB7E
2026-03-30 11:20:42 - msg_id_0002 ==> 7E0002000066000000000206DCBC7E
2026-03-30 11:20:45 - msg_id_0002 ==> 7E0002000066000000000206DDBD7E
2026-03-30 11:20:48 - msg_id_0002 ==> 7E0002000066000000000206DEBE7E
2026-03-30 11:20:51 - msg_id_0002 ==> 7E0002000066000000000206DFBF7E
2026-03-30 11:20:55 - msg_id_0002 ==> 7E0002000066000000000206E0807E
2026-03-30 11:20:58 - msg_id_0002 ==> 7E0002000066000000000206E1817E
2026-03-30 11:21:01 - msg_id_0002 ==> 7E0002000066000000000206E2827E
2026-03-30 11:21:04 - msg_id_0002 ==> 7E0002000066000000000206E3837E
2026-03-30 11:21:07 - msg_id_0002 ==> 7E0002000066000000000206E4847E
2026-03-30 11:21:10 - msg_id_0002 ==> 7E0002000066000000000206E6867E
2026-03-30 11:21:13 - msg_id_0002 ==> 7E0002000066000000000206E7877E
2026-03-30 11:21:16 - msg_id_0002 ==> 7E0002000066000000000206E8887E
2026-03-30 11:21:19 - msg_id_0002 ==> 7E0002000066000000000206E9897E
2026-03-30 11:21:22 - msg_id_0002 ==> 7E0002000066000000000206EA8A7E
2026-03-30 11:21:26 - msg_id_0002 ==> 7E0002000066000000000206EB8B7E
2026-03-30 11:21:29 - msg_id_0002 ==> 7E0002000066000000000206EC8C7E
2026-03-30 11:21:32 - msg_id_0002 ==> 7E0002000066000000000206ED8D7E
2026-03-30 11:21:35 - msg_id_0002 ==> 7E0002000066000000000206EE8E7E
2026-03-30 11:21:38 - msg_id_0002 ==> 7E0002000066000000000206EF8F7E
2026-03-30 11:21:41 - msg_id_0002 ==> 7E0002000066000000000206F1917E
2026-03-30 11:21:44 - msg_id_0002 ==> 7E0002000066000000000206F2927E
2026-03-30 11:21:47 - msg_id_0002 ==> 7E0002000066000000000206F3937E
2026-03-30 11:21:50 - msg_id_0002 ==> 7E0002000066000000000206F4947E
2026-03-30 11:21:53 - msg_id_0002 ==> 7E0002000066000000000206F5957E
2026-03-30 11:21:57 - msg_id_0002 ==> 7E0002000066000000000206F6967E
2026-03-30 11:22:00 - msg_id_0002 ==> 7E0002000066000000000206F7977E
2026-03-30 11:22:03 - msg_id_0002 ==> 7E0002000066000000000206F8987E
2026-03-30 11:22:06 - msg_id_0002 ==> 7E0002000066000000000206F9997E
2026-03-30 11:22:09 - msg_id_0002 ==> 7E0002000066000000000206FA9A7E
2026-03-30 11:22:12 - msg_id_0002 ==> 7E0002000066000000000206FC9C7E
2026-03-30 11:22:15 - msg_id_0002 ==> 7E0002000066000000000206FD9D7E
2026-03-30 11:22:18 - msg_id_0002 ==> 7E0002000066000000000206FE9E7E
2026-03-30 11:22:22 - msg_id_0002 ==> 7E0002000066000000000206FF9F7E
2026-03-30 11:22:24 - msg_id_0002 ==> 7E000200006600000000020700617E
2026-03-30 11:22:28 - msg_id_0002 ==> 7E000200006600000000020701607E
2026-03-30 11:22:31 - msg_id_0002 ==> 7E000200006600000000020702637E
2026-03-30 11:22:34 - msg_id_0002 ==> 7E000200006600000000020703627E
2026-03-30 11:22:37 - msg_id_0002 ==> 7E000200006600000000020704657E
2026-03-30 11:22:40 - msg_id_0002 ==> 7E000200006600000000020705647E
2026-03-30 11:22:43 - msg_id_0002 ==> 7E000200006600000000020707667E
2026-03-30 11:22:46 - msg_id_0002 ==> 7E000200006600000000020708697E
2026-03-30 11:22:49 - msg_id_0002 ==> 7E000200006600000000020709687E
2026-03-30 11:22:52 - msg_id_0002 ==> 7E00020000660000000002070A6B7E
2026-03-30 11:22:55 - msg_id_0002 ==> 7E00020000660000000002070B6A7E
2026-03-30 11:22:59 - msg_id_0002 ==> 7E00020000660000000002070C6D7E
2026-03-30 11:23:02 - msg_id_0002 ==> 7E00020000660000000002070D6C7E
2026-03-30 11:23:05 - msg_id_0002 ==> 7E00020000660000000002070E6F7E
2026-03-30 11:23:08 - msg_id_0002 ==> 7E00020000660000000002070F6E7E
2026-03-30 11:23:11 - msg_id_0002 ==> 7E000200006600000000020710717E
2026-03-30 11:23:14 - msg_id_0002 ==> 7E000200006600000000020712737E
2026-03-30 11:23:17 - msg_id_0002 ==> 7E000200006600000000020713727E
2026-03-30 11:23:20 - msg_id_0002 ==> 7E000200006600000000020714757E
2026-03-30 11:23:23 - msg_id_0002 ==> 7E000200006600000000020715747E
2026-03-30 11:23:26 - msg_id_0002 ==> 7E000200006600000000020716777E
2026-03-30 11:23:30 - msg_id_0002 ==> 7E000200006600000000020717767E
2026-03-30 11:23:33 - msg_id_0002 ==> 7E000200006600000000020718797E
2026-03-30 11:23:36 - msg_id_0002 ==> 7E000200006600000000020719787E
2026-03-30 11:23:39 - msg_id_0002 ==> 7E00020000660000000002071A7B7E
2026-03-30 11:23:42 - msg_id_0002 ==> 7E00020000660000000002071B7A7E
2026-03-30 11:23:45 - msg_id_0002 ==> 7E00020000660000000002071D7C7E
2026-03-30 11:23:48 - msg_id_0002 ==> 7E00020000660000000002071E7F7E
2026-03-30 11:23:51 - msg_id_0002 ==> 7E00020000660000000002071F7D027E
2026-03-30 11:23:54 - msg_id_0002 ==> 7E000200006600000000020720417E
2026-03-30 11:23:57 - msg_id_0002 ==> 7E000200006600000000020721407E
2026-03-30 11:24:01 - msg_id_0002 ==> 7E000200006600000000020722437E
2026-03-30 11:24:04 - msg_id_0002 ==> 7E000200006600000000020723427E
2026-03-30 11:24:07 - msg_id_0002 ==> 7E000200006600000000020724457E
2026-03-30 11:24:10 - msg_id_0002 ==> 7E000200006600000000020725447E
2026-03-30 11:24:13 - msg_id_0002 ==> 7E000200006600000000020726477E
2026-03-30 11:24:16 - msg_id_0002 ==> 7E000200006600000000020728497E
2026-03-30 11:24:19 - msg_id_0002 ==> 7E000200006600000000020729487E
2026-03-30 11:24:22 - msg_id_0002 ==> 7E00020000660000000002072A4B7E
2026-03-30 11:24:25 - msg_id_0002 ==> 7E00020000660000000002072B4A7E
2026-03-30 11:24:29 - msg_id_0002 ==> 7E00020000660000000002072C4D7E
2026-03-30 11:24:32 - msg_id_0002 ==> 7E00020000660000000002072D4C7E
2026-03-30 11:24:35 - msg_id_0002 ==> 7E00020000660000000002072E4F7E
2026-03-30 11:24:38 - msg_id_0002 ==> 7E00020000660000000002072F4E7E
2026-03-30 11:24:41 - msg_id_0002 ==> 7E000200006600000000020730517E
2026-03-30 11:24:44 - msg_id_0002 ==> 7E000200006600000000020731507E
2026-03-30 11:24:47 - msg_id_0002 ==> 7E000200006600000000020733527E
2026-03-30 11:24:50 - msg_id_0002 ==> 7E000200006600000000020734557E
2026-03-30 11:24:53 - msg_id_0002 ==> 7E000200006600000000020735547E
2026-03-30 11:24:57 - msg_id_0002 ==> 7E000200006600000000020736577E
2026-03-30 11:25:00 - msg_id_0002 ==> 7E000200006600000000020737567E
2026-03-30 11:25:03 - msg_id_0002 ==> 7E000200006600000000020738597E
2026-03-30 11:25:06 - msg_id_0002 ==> 7E000200006600000000020739587E
2026-03-30 11:25:09 - msg_id_0002 ==> 7E00020000660000000002073A5B7E
2026-03-30 11:25:12 - msg_id_0002 ==> 7E00020000660000000002073B5A7E
2026-03-30 11:25:15 - msg_id_0002 ==> 7E00020000660000000002073C5D7E
2026-03-30 11:25:19 - msg_id_0002 ==> 7E00020000660000000002073E5F7E
2026-03-30 11:25:21 - msg_id_0002 ==> 7E00020000660000000002073F5E7E
2026-03-30 11:25:24 - msg_id_0002 ==> 7E000200006600000000020740217E
2026-03-30 11:25:27 - msg_id_0002 ==> 7E000200006600000000020741207E
2026-03-30 11:25:31 - msg_id_0002 ==> 7E000200006600000000020742237E
2026-03-30 11:25:34 - msg_id_0002 ==> 7E000200006600000000020743227E
2026-03-30 11:25:37 - msg_id_0002 ==> 7E000200006600000000020744257E
2026-03-30 11:25:40 - msg_id_0002 ==> 7E000200006600000000020745247E
2026-03-30 11:25:43 - msg_id_0002 ==> 7E000200006600000000020746277E
2026-03-30 11:25:46 - msg_id_0002 ==> 7E000200006600000000020747267E
2026-03-30 11:25:50 - msg_id_0002 ==> 7E000200006600000000020749287E
2026-03-30 11:25:52 - msg_id_0002 ==> 7E00020000660000000002074A2B7E
2026-03-30 11:25:55 - msg_id_0002 ==> 7E00020000660000000002074B2A7E
2026-03-30 11:25:58 - msg_id_0002 ==> 7E00020000660000000002074C2D7E
2026-03-30 11:26:02 - msg_id_0002 ==> 7E00020000660000000002074D2C7E
2026-03-30 11:26:05 - msg_id_0002 ==> 7E00020000660000000002074E2F7E
2026-03-30 11:26:08 - msg_id_0002 ==> 7E00020000660000000002074F2E7E
2026-03-30 11:26:11 - msg_id_0002 ==> 7E000200006600000000020750317E
2026-03-30 11:26:14 - msg_id_0002 ==> 7E000200006600000000020751307E
2026-03-30 11:26:17 - msg_id_0002 ==> 7E000200006600000000020752337E
2026-03-30 11:26:20 - msg_id_0002 ==> 7E000200006600000000020754357E
2026-03-30 11:26:23 - msg_id_0002 ==> 7E000200006600000000020755347E
2026-03-30 11:26:26 - msg_id_0002 ==> 7E000200006600000000020756377E
2026-03-30 11:26:29 - msg_id_0002 ==> 7E000200006600000000020757367E
2026-03-30 11:26:33 - msg_id_0002 ==> 7E000200006600000000020758397E
2026-03-30 11:26:36 - msg_id_0002 ==> 7E000200006600000000020759387E
2026-03-30 11:26:39 - msg_id_0002 ==> 7E00020000660000000002075A3B7E
2026-03-30 11:26:42 - msg_id_0002 ==> 7E00020000660000000002075B3A7E
2026-03-30 11:26:45 - msg_id_0002 ==> 7E00020000660000000002075C3D7E
2026-03-30 11:26:48 - msg_id_0002 ==> 7E00020000660000000002075D3C7E
2026-03-30 11:26:51 - msg_id_0002 ==> 7E00020000660000000002075F3E7E
2026-03-30 11:26:54 - msg_id_0002 ==> 7E000200006600000000020760017E
2026-03-30 11:26:57 - msg_id_0002 ==> 7E000200006600000000020761007E
2026-03-30 11:27:00 - msg_id_0002 ==> 7E000200006600000000020762037E
2026-03-30 11:27:04 - msg_id_0002 ==> 7E000200006600000000020763027E
2026-03-30 11:27:07 - msg_id_0002 ==> 7E000200006600000000020764057E
2026-03-30 11:27:10 - msg_id_0002 ==> 7E000200006600000000020765047E
2026-03-30 11:27:13 - msg_id_0002 ==> 7E000200006600000000020766077E
2026-03-30 11:27:16 - msg_id_0002 ==> 7E000200006600000000020767067E
2026-03-30 11:27:19 - msg_id_0002 ==> 7E000200006600000000020768097E
2026-03-30 11:27:22 - msg_id_0002 ==> 7E00020000660000000002076A0B7E
2026-03-30 11:27:25 - msg_id_0002 ==> 7E00020000660000000002076B0A7E
2026-03-30 11:27:28 - msg_id_0002 ==> 7E00020000660000000002076C0D7E
2026-03-30 11:27:31 - msg_id_0002 ==> 7E00020000660000000002076D0C7E
2026-03-30 11:27:35 - msg_id_0002 ==> 7E00020000660000000002076E0F7E
2026-03-30 11:27:38 - msg_id_0002 ==> 7E00020000660000000002076F0E7E
2026-03-30 11:27:41 - msg_id_0002 ==> 7E000200006600000000020770117E
2026-03-30 11:27:44 - msg_id_0002 ==> 7E000200006600000000020771107E
2026-03-30 11:27:47 - msg_id_0002 ==> 7E000200006600000000020772137E
2026-03-30 11:27:50 - msg_id_0002 ==> 7E000200006600000000020773127E
2026-03-30 11:27:53 - msg_id_0002 ==> 7E000200006600000000020775147E
2026-03-30 11:27:56 - msg_id_0002 ==> 7E000200006600000000020776177E
2026-03-30 11:27:59 - msg_id_0002 ==> 7E000200006600000000020777167E
2026-03-30 11:28:02 - msg_id_0002 ==> 7E000200006600000000020778197E
2026-03-30 11:28:05 - msg_id_0002 ==> 7E000200006600000000020779187E
2026-03-30 11:28:09 - msg_id_0002 ==> 7E00020000660000000002077A1B7E
2026-03-30 11:28:12 - msg_id_0002 ==> 7E00020000660000000002077B1A7E
2026-03-30 11:28:15 - msg_id_0002 ==> 7E00020000660000000002077C1D7E
2026-03-30 11:28:18 - msg_id_0002 ==> 7E00020000660000000002077D011C7E
2026-03-30 11:28:21 - msg_id_0002 ==> 7E00020000660000000002077D021F7E
2026-03-30 11:28:29 - msg_id_0002 ==> 7E000200006600000000020783E27E
2026-03-30 11:28:32 - msg_id_0002 ==> 7E000200006600000000020784E57E
2026-03-30 11:28:35 - msg_id_0002 ==> 7E000200006600000000020785E47E
2026-03-30 11:28:38 - msg_id_0002 ==> 7E000200006600000000020786E77E
2026-03-30 11:28:41 - msg_id_0002 ==> 7E000200006600000000020787E67E
2026-03-30 11:28:44 - msg_id_0002 ==> 7E000200006600000000020788E97E
2026-03-30 11:28:47 - msg_id_0002 ==> 7E000200006600000000020789E87E
2026-03-30 11:28:50 - msg_id_0002 ==> 7E00020000660000000002078AEB7E
2026-03-30 11:28:53 - msg_id_0002 ==> 7E00020000660000000002078BEA7E
2026-03-30 11:28:56 - msg_id_0002 ==> 7E00020000660000000002078CED7E
2026-03-30 11:29:00 - msg_id_0002 ==> 7E00020000660000000002078EEF7E
2026-03-30 11:29:03 - msg_id_0002 ==> 7E00020000660000000002078FEE7E
2026-03-30 11:29:06 - msg_id_0002 ==> 7E000200006600000000020790F17E
2026-03-30 11:29:09 - msg_id_0002 ==> 7E000200006600000000020791F07E
2026-03-30 11:29:12 - msg_id_0002 ==> 7E000200006600000000020792F37E
2026-03-30 11:29:15 - msg_id_0002 ==> 7E000200006600000000020793F27E
2026-03-30 11:29:18 - msg_id_0002 ==> 7E000200006600000000020794F57E
2026-03-30 11:29:21 - msg_id_0002 ==> 7E000200006600000000020795F47E
2026-03-30 11:29:24 - msg_id_0002 ==> 7E000200006600000000020796F77E
2026-03-30 11:29:27 - msg_id_0002 ==> 7E000200006600000000020797F67E
2026-03-30 11:29:31 - msg_id_0002 ==> 7E000200006600000000020799F87E
2026-03-30 11:29:34 - msg_id_0002 ==> 7E00020000660000000002079AFB7E
2026-03-30 11:29:37 - msg_id_0002 ==> 7E00020000660000000002079BFA7E
2026-03-30 11:29:40 - msg_id_0002 ==> 7E00020000660000000002079CFD7E
2026-03-30 11:29:43 - msg_id_0002 ==> 7E00020000660000000002079DFC7E
2026-03-30 11:29:46 - msg_id_0002 ==> 7E00020000660000000002079EFF7E
2026-03-30 11:29:49 - msg_id_0002 ==> 7E00020000660000000002079FFE7E
2026-03-30 11:29:53 - msg_id_0002 ==> 7E0002000066000000000207A0C17E
2026-03-30 11:29:55 - msg_id_0002 ==> 7E0002000066000000000207A1C07E
2026-03-30 11:29:58 - msg_id_0002 ==> 7E0002000066000000000207A2C37E
2026-03-30 11:30:02 - msg_id_0002 ==> 7E0002000066000000000207A4C57E
2026-03-30 11:30:05 - msg_id_0002 ==> 7E0002000066000000000207A5C47E
2026-03-30 11:30:08 - msg_id_0002 ==> 7E0002000066000000000207A6C77E
2026-03-30 11:30:11 - msg_id_0002 ==> 7E0002000066000000000207A7C67E
2026-03-30 11:30:14 - msg_id_0002 ==> 7E0002000066000000000207A8C97E
2026-03-30 11:30:17 - msg_id_0002 ==> 7E0002000066000000000207A9C87E
2026-03-30 11:30:20 - msg_id_0002 ==> 7E0002000066000000000207AACB7E
2026-03-30 11:30:23 - msg_id_0002 ==> 7E0002000066000000000207ABCA7E
2026-03-30 11:30:26 - msg_id_0002 ==> 7E0002000066000000000207ACCD7E
2026-03-30 11:30:30 - msg_id_0002 ==> 7E0002000066000000000207ADCC7E
2026-03-30 11:30:33 - msg_id_0002 ==> 7E0002000066000000000207AFCE7E
2026-03-30 11:30:36 - msg_id_0002 ==> 7E0002000066000000000207B0D17E
2026-03-30 11:30:39 - msg_id_0002 ==> 7E0002000066000000000207B1D07E
2026-03-30 11:30:42 - msg_id_0002 ==> 7E0002000066000000000207B2D37E
2026-03-30 11:30:45 - msg_id_0002 ==> 7E0002000066000000000207B3D27E
2026-03-30 11:30:48 - msg_id_0002 ==> 7E0002000066000000000207B4D57E
2026-03-30 11:30:51 - msg_id_0002 ==> 7E0002000066000000000207B5D47E
2026-03-30 11:30:54 - msg_id_0002 ==> 7E0002000066000000000207B6D77E
2026-03-30 11:30:57 - msg_id_0002 ==> 7E0002000066000000000207B7D67E
2026-03-30 11:31:00 - msg_id_0002 ==> 7E0002000066000000000207B8D97E
2026-03-30 11:31:04 - msg_id_0002 ==> 7E0002000066000000000207BADB7E
2026-03-30 11:31:07 - msg_id_0002 ==> 7E0002000066000000000207BBDA7E
2026-03-30 11:31:10 - msg_id_0002 ==> 7E0002000066000000000207BCDD7E
2026-03-30 11:31:13 - msg_id_0002 ==> 7E0002000066000000000207BDDC7E
2026-03-30 11:31:16 - msg_id_0002 ==> 7E0002000066000000000207BEDF7E
2026-03-30 11:31:19 - msg_id_0002 ==> 7E0002000066000000000207BFDE7E
2026-03-30 11:31:22 - msg_id_0002 ==> 7E0002000066000000000207C0A17E
2026-03-30 11:31:25 - msg_id_0002 ==> 7E0002000066000000000207C1A07E
2026-03-30 11:31:28 - msg_id_0002 ==> 7E0002000066000000000207C2A37E
2026-03-30 11:31:32 - msg_id_0002 ==> 7E0002000066000000000207C3A27E
2026-03-30 11:31:35 - msg_id_0002 ==> 7E0002000066000000000207C5A47E
2026-03-30 11:31:38 - msg_id_0002 ==> 7E0002000066000000000207C6A77E
2026-03-30 11:31:41 - msg_id_0002 ==> 7E0002000066000000000207C7A67E
2026-03-30 11:31:44 - msg_id_0002 ==> 7E0002000066000000000207C8A97E
2026-03-30 11:31:47 - msg_id_0002 ==> 7E0002000066000000000207C9A87E
2026-03-30 11:31:50 - msg_id_0002 ==> 7E0002000066000000000207CAAB7E
2026-03-30 11:31:53 - msg_id_0002 ==> 7E0002000066000000000207CBAA7E
2026-03-30 11:31:56 - msg_id_0002 ==> 7E0002000066000000000207CCAD7E
2026-03-30 11:31:59 - msg_id_0002 ==> 7E0002000066000000000207CDAC7E
2026-03-30 11:32:03 - msg_id_0002 ==> 7E0002000066000000000207CEAF7E
2026-03-30 11:32:06 - msg_id_0002 ==> 7E0002000066000000000207D0B17E
2026-03-30 11:32:09 - msg_id_0002 ==> 7E0002000066000000000207D1B07E
2026-03-30 11:32:12 - msg_id_0002 ==> 7E0002000066000000000207D2B37E
2026-03-30 11:32:15 - msg_id_0002 ==> 7E0002000066000000000207D3B27E
2026-03-30 11:32:18 - msg_id_0002 ==> 7E0002000066000000000207D4B57E
2026-03-30 11:32:21 - msg_id_0002 ==> 7E0002000066000000000207D5B47E
2026-03-30 11:32:24 - msg_id_0002 ==> 7E0002000066000000000207D6B77E
2026-03-30 11:32:27 - msg_id_0002 ==> 7E0002000066000000000207D7B67E
2026-03-30 11:32:30 - msg_id_0002 ==> 7E0002000066000000000207D8B97E
2026-03-30 11:32:34 - msg_id_0002 ==> 7E0002000066000000000207D9B87E
2026-03-30 11:32:37 - msg_id_0002 ==> 7E0002000066000000000207DBBA7E
2026-03-30 11:32:40 - msg_id_0002 ==> 7E0002000066000000000207DCBD7E
2026-03-30 11:32:43 - msg_id_0002 ==> 7E0002000066000000000207DDBC7E
2026-03-30 11:32:46 - msg_id_0002 ==> 7E0002000066000000000207DEBF7E
2026-03-30 11:32:49 - msg_id_0002 ==> 7E0002000066000000000207DFBE7E
2026-03-30 11:32:52 - msg_id_0002 ==> 7E0002000066000000000207E0817E
2026-03-30 11:32:55 - msg_id_0002 ==> 7E0002000066000000000207E1807E
2026-03-30 11:32:58 - msg_id_0002 ==> 7E0002000066000000000207E2837E
2026-03-30 11:33:01 - msg_id_0002 ==> 7E0002000066000000000207E3827E
2026-03-30 11:33:05 - msg_id_0002 ==> 7E0002000066000000000207E4857E
2026-03-30 11:33:08 - msg_id_0002 ==> 7E0002000066000000000207E6877E
2026-03-30 11:33:11 - msg_id_0002 ==> 7E0002000066000000000207E7867E
2026-03-30 11:33:14 - msg_id_0002 ==> 7E0002000066000000000207E8897E
2026-03-30 11:33:17 - msg_id_0002 ==> 7E0002000066000000000207E9887E
2026-03-30 11:33:20 - msg_id_0002 ==> 7E0002000066000000000207EA8B7E
2026-03-30 11:33:23 - msg_id_0002 ==> 7E0002000066000000000207EB8A7E
2026-03-30 11:33:26 - msg_id_0002 ==> 7E0002000066000000000207EC8D7E
2026-03-30 11:33:29 - msg_id_0002 ==> 7E0002000066000000000207ED8C7E
2026-03-30 11:33:32 - msg_id_0002 ==> 7E0002000066000000000207EE8F7E
2026-03-30 11:33:36 - msg_id_0002 ==> 7E0002000066000000000207EF8E7E
2026-03-30 11:33:39 - msg_id_0002 ==> 7E0002000066000000000207F1907E
2026-03-30 11:33:42 - msg_id_0002 ==> 7E0002000066000000000207F2937E
2026-03-30 11:33:45 - msg_id_0002 ==> 7E0002000066000000000207F3927E
2026-03-30 11:33:48 - msg_id_0002 ==> 7E0002000066000000000207F4957E
2026-03-30 11:33:51 - msg_id_0002 ==> 7E0002000066000000000207F5947E
2026-03-30 11:33:54 - msg_id_0002 ==> 7E0002000066000000000207F6977E
2026-03-30 11:33:57 - msg_id_0002 ==> 7E0002000066000000000207F7967E
2026-03-30 11:34:00 - msg_id_0002 ==> 7E0002000066000000000207F8997E
2026-03-30 11:34:03 - msg_id_0002 ==> 7E0002000066000000000207F9987E
2026-03-30 11:34:07 - msg_id_0002 ==> 7E0002000066000000000207FA9B7E
2026-03-30 11:34:10 - msg_id_0002 ==> 7E0002000066000000000207FC9D7E
2026-03-30 11:34:13 - msg_id_0002 ==> 7E0002000066000000000207FD9C7E
2026-03-30 11:34:16 - msg_id_0002 ==> 7E0002000066000000000207FE9F7E
2026-03-30 11:34:19 - msg_id_0002 ==> 7E0002000066000000000207FF9E7E
2026-03-30 11:34:22 - msg_id_0002 ==> 7E0002000066000000000208006E7E
2026-03-30 11:34:25 - msg_id_0002 ==> 7E0002000066000000000208016F7E
2026-03-30 11:34:28 - msg_id_0002 ==> 7E0002000066000000000208026C7E
2026-03-30 11:34:31 - msg_id_0002 ==> 7E0002000066000000000208036D7E
2026-03-30 11:34:34 - msg_id_0002 ==> 7E0002000066000000000208046A7E
2026-03-30 11:34:38 - msg_id_0002 ==> 7E0002000066000000000208056B7E
2026-03-30 11:34:41 - msg_id_0002 ==> 7E000200006600000000020807697E
2026-03-30 11:34:44 - msg_id_0002 ==> 7E000200006600000000020808667E
2026-03-30 11:34:47 - msg_id_0002 ==> 7E000200006600000000020809677E
2026-03-30 11:34:50 - msg_id_0002 ==> 7E00020000660000000002080A647E
2026-03-30 11:34:53 - msg_id_0002 ==> 7E00020000660000000002080B657E
2026-03-30 11:34:56 - msg_id_0002 ==> 7E00020000660000000002080C627E
2026-03-30 11:34:59 - msg_id_0002 ==> 7E00020000660000000002080D637E
2026-03-30 11:35:02 - msg_id_0002 ==> 7E00020000660000000002080E607E
2026-03-30 11:35:05 - msg_id_0002 ==> 7E00020000660000000002080F617E
2026-03-30 11:35:09 - msg_id_0002 ==> 7E0002000066000000000208107D027E
2026-03-30 11:35:12 - msg_id_0002 ==> 7E0002000066000000000208127C7E
2026-03-30 11:35:15 - msg_id_0002 ==> 7E0002000066000000000208137D017E
2026-03-30 11:35:18 - msg_id_0002 ==> 7E0002000066000000000208147A7E
2026-03-30 11:35:21 - msg_id_0002 ==> 7E0002000066000000000208157B7E
2026-03-30 11:35:24 - msg_id_0002 ==> 7E000200006600000000020816787E
2026-03-30 11:35:27 - msg_id_0002 ==> 7E000200006600000000020817797E
2026-03-30 11:35:30 - msg_id_0002 ==> 7E000200006600000000020818767E
2026-03-30 11:35:33 - msg_id_0002 ==> 7E000200006600000000020819777E
2026-03-30 11:35:37 - msg_id_0002 ==> 7E00020000660000000002081A747E
2026-03-30 11:35:40 - msg_id_0002 ==> 7E00020000660000000002081B757E
2026-03-30 11:35:43 - msg_id_0002 ==> 7E00020000660000000002081D737E
2026-03-30 11:35:46 - msg_id_0002 ==> 7E00020000660000000002081E707E
2026-03-30 11:35:49 - msg_id_0002 ==> 7E00020000660000000002081F717E
2026-03-30 11:35:52 - msg_id_0002 ==> 7E0002000066000000000208204E7E
2026-03-30 11:35:55 - msg_id_0002 ==> 7E0002000066000000000208214F7E
2026-03-30 11:35:58 - msg_id_0002 ==> 7E0002000066000000000208224C7E
2026-03-30 11:36:01 - msg_id_0002 ==> 7E0002000066000000000208234D7E
2026-03-30 11:36:04 - msg_id_0002 ==> 7E0002000066000000000208244A7E
2026-03-30 11:36:08 - msg_id_0002 ==> 7E0002000066000000000208254B7E
2026-03-30 11:36:11 - msg_id_0002 ==> 7E000200006600000000020826487E
2026-03-30 11:36:14 - msg_id_0002 ==> 7E000200006600000000020828467E
2026-03-30 11:36:17 - msg_id_0002 ==> 7E000200006600000000020829477E
2026-03-30 11:36:20 - msg_id_0002 ==> 7E00020000660000000002082A447E
2026-03-30 11:36:23 - msg_id_0002 ==> 7E00020000660000000002082B457E
2026-03-30 11:36:26 - msg_id_0002 ==> 7E00020000660000000002082C427E
2026-03-30 11:36:29 - msg_id_0002 ==> 7E00020000660000000002082D437E
2026-03-30 11:36:32 - msg_id_0002 ==> 7E00020000660000000002082E407E
2026-03-30 11:36:35 - msg_id_0002 ==> 7E00020000660000000002082F417E
2026-03-30 11:36:39 - msg_id_0002 ==> 7E0002000066000000000208305E7E
2026-03-30 11:36:47 - msg_id_0002 ==> 7E0002000066000000000208315F7E
2026-03-30 11:36:47 - msg_id_0002 ==> 7E0002000066000000000208335D7E
2026-03-30 11:36:48 - msg_id_0002 ==> 7E0002000066000000000208345A7E
2026-03-30 11:36:51 - msg_id_0002 ==> 7E0002000066000000000208355B7E
2026-03-30 11:36:54 - msg_id_0002 ==> 7E000200006600000000020836587E
2026-03-30 11:36:57 - msg_id_0002 ==> 7E000200006600000000020837597E
2026-03-30 11:37:00 - msg_id_0002 ==> 7E000200006600000000020838567E
2026-03-30 11:37:03 - msg_id_0002 ==> 7E000200006600000000020839577E
2026-03-30 11:37:06 - msg_id_0002 ==> 7E00020000660000000002083A547E
2026-03-30 11:37:10 - msg_id_0002 ==> 7E00020000660000000002083B557E
2026-03-30 11:37:13 - msg_id_0002 ==> 7E00020000660000000002083C527E
2026-03-30 11:37:16 - msg_id_0002 ==> 7E00020000660000000002083E507E
2026-03-30 11:37:19 - msg_id_0002 ==> 7E00020000660000000002083F517E
2026-03-30 11:37:22 - msg_id_0002 ==> 7E0002000066000000000208402E7E
2026-03-30 11:37:25 - msg_id_0002 ==> 7E0002000066000000000208412F7E
2026-03-30 11:37:28 - msg_id_0002 ==> 7E0002000066000000000208422C7E
2026-03-30 11:37:31 - msg_id_0002 ==> 7E0002000066000000000208432D7E
2026-03-30 11:37:34 - msg_id_0002 ==> 7E0002000066000000000208442A7E
2026-03-30 11:37:37 - msg_id_0002 ==> 7E0002000066000000000208452B7E
2026-03-30 11:37:41 - msg_id_0002 ==> 7E000200006600000000020846287E
2026-03-30 11:37:44 - msg_id_0002 ==> 7E000200006600000000020847297E
2026-03-30 11:37:47 - msg_id_0002 ==> 7E000200006600000000020849277E
2026-03-30 11:37:50 - msg_id_0002 ==> 7E00020000660000000002084A247E
2026-03-30 11:37:53 - msg_id_0002 ==> 7E00020000660000000002084B257E
2026-03-30 11:37:56 - msg_id_0002 ==> 7E00020000660000000002084C227E
2026-03-30 11:37:59 - msg_id_0002 ==> 7E00020000660000000002084D237E
2026-03-30 11:38:02 - msg_id_0002 ==> 7E00020000660000000002084E207E
2026-03-30 11:38:05 - msg_id_0002 ==> 7E00020000660000000002084F217E
2026-03-30 11:38:08 - msg_id_0002 ==> 7E0002000066000000000208503E7E
2026-03-30 11:38:12 - msg_id_0002 ==> 7E0002000066000000000208513F7E
2026-03-30 11:38:15 - msg_id_0002 ==> 7E0002000066000000000208523C7E
2026-03-30 11:38:18 - msg_id_0002 ==> 7E0002000066000000000208543A7E
2026-03-30 11:38:21 - msg_id_0002 ==> 7E0002000066000000000208553B7E
2026-03-30 11:38:24 - msg_id_0002 ==> 7E000200006600000000020856387E
2026-03-30 11:38:27 - msg_id_0002 ==> 7E000200006600000000020857397E
2026-03-30 11:38:30 - msg_id_0002 ==> 7E000200006600000000020858367E
2026-03-30 11:38:33 - msg_id_0002 ==> 7E000200006600000000020859377E
2026-03-30 11:38:36 - msg_id_0002 ==> 7E00020000660000000002085A347E
2026-03-30 11:38:39 - msg_id_0002 ==> 7E00020000660000000002085B357E
2026-03-30 11:38:43 - msg_id_0002 ==> 7E00020000660000000002085C327E
2026-03-30 11:38:46 - msg_id_0002 ==> 7E00020000660000000002085D337E
2026-03-30 11:38:49 - msg_id_0002 ==> 7E00020000660000000002085F317E
2026-03-30 11:38:52 - msg_id_0002 ==> 7E0002000066000000000208600E7E
2026-03-30 11:38:55 - msg_id_0002 ==> 7E0002000066000000000208610F7E
2026-03-30 11:38:58 - msg_id_0002 ==> 7E0002000066000000000208620C7E
2026-03-30 11:39:01 - msg_id_0002 ==> 7E0002000066000000000208630D7E
2026-03-30 11:39:04 - msg_id_0002 ==> 7E0002000066000000000208640A7E
2026-03-30 11:39:07 - msg_id_0002 ==> 7E0002000066000000000208650B7E
2026-03-30 11:39:10 - msg_id_0002 ==> 7E000200006600000000020866087E
2026-03-30 11:39:14 - msg_id_0002 ==> 7E000200006600000000020867097E
2026-03-30 11:39:17 - msg_id_0002 ==> 7E000200006600000000020868067E
2026-03-30 11:39:20 - msg_id_0002 ==> 7E00020000660000000002086A047E
2026-03-30 11:39:23 - msg_id_0002 ==> 7E00020000660000000002086B057E
2026-03-30 11:39:26 - msg_id_0002 ==> 7E00020000660000000002086C027E
2026-03-30 11:39:29 - msg_id_0002 ==> 7E00020000660000000002086D037E
2026-03-30 11:39:32 - msg_id_0002 ==> 7E00020000660000000002086E007E
2026-03-30 11:39:35 - msg_id_0002 ==> 7E00020000660000000002086F017E
2026-03-30 11:39:38 - msg_id_0002 ==> 7E0002000066000000000208701E7E
2026-03-30 11:39:41 - msg_id_0002 ==> 7E0002000066000000000208711F7E
2026-03-30 11:39:45 - msg_id_0002 ==> 7E0002000066000000000208721C7E
2026-03-30 11:39:48 - msg_id_0002 ==> 7E0002000066000000000208731D7E
2026-03-30 11:39:51 - msg_id_0002 ==> 7E0002000066000000000208751B7E
2026-03-30 11:39:54 - msg_id_0002 ==> 7E000200006600000000020876187E
2026-03-30 11:39:57 - msg_id_0002 ==> 7E000200006600000000020877197E
2026-03-30 11:40:00 - msg_id_0002 ==> 7E000200006600000000020878167E
2026-03-30 11:40:03 - msg_id_0002 ==> 7E000200006600000000020879177E
2026-03-30 11:40:06 - msg_id_0002 ==> 7E00020000660000000002087A147E
2026-03-30 11:40:09 - msg_id_0002 ==> 7E00020000660000000002087B157E
2026-03-30 11:40:12 - msg_id_0002 ==> 7E00020000660000000002087C127E
2026-03-30 11:40:16 - msg_id_0002 ==> 7E00020000660000000002087D01137E
2026-03-30 11:40:19 - msg_id_0002 ==> 7E00020000660000000002087D02107E
2026-03-30 11:40:26 - msg_id_0002 ==> 7E000200006600000000020883ED7E
2026-03-30 11:40:29 - msg_id_0002 ==> 7E000200006600000000020884EA7E
2026-03-30 11:40:32 - msg_id_0002 ==> 7E000200006600000000020885EB7E
2026-03-30 11:40:35 - msg_id_0002 ==> 7E000200006600000000020886E87E
2026-03-30 11:40:39 - msg_id_0002 ==> 7E000200006600000000020887E97E
2026-03-30 11:40:42 - msg_id_0002 ==> 7E000200006600000000020888E67E
2026-03-30 11:40:45 - msg_id_0002 ==> 7E000200006600000000020889E77E
2026-03-30 11:40:48 - msg_id_0002 ==> 7E00020000660000000002088AE47E
2026-03-30 11:40:51 - msg_id_0002 ==> 7E00020000660000000002088BE57E
2026-03-30 11:40:54 - msg_id_0002 ==> 7E00020000660000000002088CE27E
2026-03-30 11:40:57 - msg_id_0002 ==> 7E00020000660000000002088EE07E
2026-03-30 11:41:00 - msg_id_0002 ==> 7E00020000660000000002088FE17E
2026-03-30 11:41:03 - msg_id_0002 ==> 7E000200006600000000020890FE7E
2026-03-30 11:41:06 - msg_id_0002 ==> 7E000200006600000000020891FF7E
2026-03-30 11:41:10 - msg_id_0002 ==> 7E000200006600000000020892FC7E
2026-03-30 11:41:13 - msg_id_0002 ==> 7E000200006600000000020893FD7E
2026-03-30 11:41:16 - msg_id_0002 ==> 7E000200006600000000020894FA7E
2026-03-30 11:41:19 - msg_id_0002 ==> 7E000200006600000000020895FB7E
2026-03-30 11:41:22 - msg_id_0002 ==> 7E000200006600000000020896F87E
2026-03-30 11:41:25 - msg_id_0002 ==> 7E000200006600000000020897F97E
2026-03-30 11:41:28 - msg_id_0002 ==> 7E000200006600000000020899F77E
2026-03-30 11:41:31 - msg_id_0002 ==> 7E00020000660000000002089AF47E
2026-03-30 11:41:34 - msg_id_0002 ==> 7E00020000660000000002089BF57E
2026-03-30 11:41:37 - msg_id_0002 ==> 7E00020000660000000002089CF27E
2026-03-30 11:41:41 - msg_id_0002 ==> 7E00020000660000000002089DF37E
2026-03-30 11:41:44 - msg_id_0002 ==> 7E00020000660000000002089EF07E
2026-03-30 11:41:47 - msg_id_0002 ==> 7E00020000660000000002089FF17E
2026-03-30 11:41:50 - msg_id_0002 ==> 7E0002000066000000000208A0CE7E
2026-03-30 11:41:53 - msg_id_0002 ==> 7E0002000066000000000208A1CF7E
2026-03-30 11:41:56 - msg_id_0002 ==> 7E0002000066000000000208A2CC7E
2026-03-30 11:41:59 - msg_id_0002 ==> 7E0002000066000000000208A4CA7E
2026-03-30 11:42:02 - msg_id_0002 ==> 7E0002000066000000000208A5CB7E
2026-03-30 11:42:05 - msg_id_0002 ==> 7E0002000066000000000208A6C87E
2026-03-30 11:42:08 - msg_id_0002 ==> 7E0002000066000000000208A7C97E
2026-03-30 11:42:12 - msg_id_0002 ==> 7E0002000066000000000208A8C67E
2026-03-30 11:42:15 - msg_id_0002 ==> 7E0002000066000000000208A9C77E
2026-03-30 11:42:18 - msg_id_0002 ==> 7E0002000066000000000208AAC47E
2026-03-30 11:42:21 - msg_id_0002 ==> 7E0002000066000000000208ABC57E
2026-03-30 11:42:24 - msg_id_0002 ==> 7E0002000066000000000208ACC27E
2026-03-30 11:42:27 - msg_id_0002 ==> 7E0002000066000000000208ADC37E
2026-03-30 11:42:30 - msg_id_0002 ==> 7E0002000066000000000208AFC17E
2026-03-30 11:42:33 - msg_id_0002 ==> 7E0002000066000000000208B0DE7E
2026-03-30 11:42:36 - msg_id_0002 ==> 7E0002000066000000000208B1DF7E
2026-03-30 11:42:39 - msg_id_0002 ==> 7E0002000066000000000208B2DC7E
2026-03-30 11:42:43 - msg_id_0002 ==> 7E0002000066000000000208B3DD7E
2026-03-30 11:42:46 - msg_id_0002 ==> 7E0002000066000000000208B4DA7E
2026-03-30 11:42:49 - msg_id_0002 ==> 7E0002000066000000000208B5DB7E
2026-03-30 11:42:52 - msg_id_0002 ==> 7E0002000066000000000208B6D87E
2026-03-30 11:42:55 - msg_id_0002 ==> 7E0002000066000000000208B7D97E
2026-03-30 11:42:58 - msg_id_0002 ==> 7E0002000066000000000208B8D67E
2026-03-30 11:43:01 - msg_id_0002 ==> 7E0002000066000000000208BAD47E
2026-03-30 11:43:04 - msg_id_0002 ==> 7E0002000066000000000208BBD57E
2026-03-30 11:43:07 - msg_id_0002 ==> 7E0002000066000000000208BCD27E
2026-03-30 11:43:10 - msg_id_0002 ==> 7E0002000066000000000208BDD37E
2026-03-30 11:43:14 - msg_id_0002 ==> 7E0002000066000000000208BED07E
2026-03-30 11:43:17 - msg_id_0002 ==> 7E0002000066000000000208BFD17E
2026-03-30 11:43:20 - msg_id_0002 ==> 7E0002000066000000000208C0AE7E
2026-03-30 11:43:23 - msg_id_0002 ==> 7E0002000066000000000208C1AF7E
2026-03-30 11:43:26 - msg_id_0002 ==> 7E0002000066000000000208C2AC7E
2026-03-30 11:43:29 - msg_id_0002 ==> 7E0002000066000000000208C3AD7E
2026-03-30 11:43:32 - msg_id_0002 ==> 7E0002000066000000000208C5AB7E
2026-03-30 11:43:35 - msg_id_0002 ==> 7E0002000066000000000208C6A87E
2026-03-30 11:43:38 - msg_id_0002 ==> 7E0002000066000000000208C7A97E
2026-03-30 11:43:42 - msg_id_0002 ==> 7E0002000066000000000208C8A67E
2026-03-30 11:43:45 - msg_id_0002 ==> 7E0002000066000000000208C9A77E
2026-03-30 11:43:48 - msg_id_0002 ==> 7E0002000066000000000208CAA47E
2026-03-30 11:43:51 - msg_id_0002 ==> 7E0002000066000000000208CBA57E
2026-03-30 11:43:54 - msg_id_0002 ==> 7E0002000066000000000208CCA27E
2026-03-30 11:43:57 - msg_id_0002 ==> 7E0002000066000000000208CDA37E
2026-03-30 11:44:00 - msg_id_0002 ==> 7E0002000066000000000208CEA07E
2026-03-30 11:44:03 - msg_id_0002 ==> 7E0002000066000000000208D0BE7E
2026-03-30 11:44:06 - msg_id_0002 ==> 7E0002000066000000000208D1BF7E
2026-03-30 11:44:09 - msg_id_0002 ==> 7E0002000066000000000208D2BC7E
2026-03-30 11:44:12 - msg_id_0002 ==> 7E0002000066000000000208D3BD7E
2026-03-30 11:44:16 - msg_id_0002 ==> 7E0002000066000000000208D4BA7E
2026-03-30 11:44:19 - msg_id_0002 ==> 7E0002000066000000000208D5BB7E
2026-03-30 11:44:22 - msg_id_0002 ==> 7E0002000066000000000208D6B87E
2026-03-30 11:44:25 - msg_id_0002 ==> 7E0002000066000000000208D7B97E
2026-03-30 11:44:28 - msg_id_0002 ==> 7E0002000066000000000208D8B67E
2026-03-30 11:44:31 - msg_id_0002 ==> 7E0002000066000000000208D9B77E
2026-03-30 11:44:34 - msg_id_0002 ==> 7E0002000066000000000208DBB57E
2026-03-30 11:44:37 - msg_id_0002 ==> 7E0002000066000000000208DCB27E
2026-03-30 11:44:40 - msg_id_0002 ==> 7E0002000066000000000208DDB37E
2026-03-30 11:44:44 - msg_id_0002 ==> 7E0002000066000000000208DEB07E
2026-03-30 11:44:47 - msg_id_0002 ==> 7E0002000066000000000208DFB17E
2026-03-30 11:44:50 - msg_id_0002 ==> 7E0002000066000000000208E08E7E
2026-03-30 11:44:53 - msg_id_0002 ==> 7E0002000066000000000208E18F7E
2026-03-30 11:44:56 - msg_id_0002 ==> 7E0002000066000000000208E28C7E
2026-03-30 11:44:59 - msg_id_0002 ==> 7E0002000066000000000208E38D7E
2026-03-30 11:45:02 - msg_id_0002 ==> 7E0002000066000000000208E48A7E
2026-03-30 11:45:05 - msg_id_0002 ==> 7E0002000066000000000208E6887E
2026-03-30 11:45:08 - msg_id_0002 ==> 7E0002000066000000000208E7897E
2026-03-30 11:45:11 - msg_id_0002 ==> 7E0002000066000000000208E8867E
2026-03-30 11:45:15 - msg_id_0002 ==> 7E0002000066000000000208E9877E
2026-03-30 11:45:18 - msg_id_0002 ==> 7E0002000066000000000208EA847E
2026-03-30 11:45:21 - msg_id_0002 ==> 7E0002000066000000000208EB857E
2026-03-30 11:45:24 - msg_id_0002 ==> 7E0002000066000000000208EC827E
2026-03-30 11:45:27 - msg_id_0002 ==> 7E0002000066000000000208ED837E
2026-03-30 11:45:30 - msg_id_0002 ==> 7E0002000066000000000208EE807E
2026-03-30 11:45:33 - msg_id_0002 ==> 7E0002000066000000000208EF817E
2026-03-30 11:45:36 - msg_id_0002 ==> 7E0002000066000000000208F19F7E
2026-03-30 11:45:39 - msg_id_0002 ==> 7E0002000066000000000208F29C7E
2026-03-30 11:45:42 - msg_id_0002 ==> 7E0002000066000000000208F39D7E
2026-03-30 11:45:46 - msg_id_0002 ==> 7E0002000066000000000208F49A7E
2026-03-30 11:45:49 - msg_id_0002 ==> 7E0002000066000000000208F59B7E
2026-03-30 11:45:52 - msg_id_0002 ==> 7E0002000066000000000208F6987E
2026-03-30 11:45:55 - msg_id_0002 ==> 7E0002000066000000000208F7997E
2026-03-30 11:45:58 - msg_id_0002 ==> 7E0002000066000000000208F8967E
2026-03-30 11:46:01 - msg_id_0002 ==> 7E0002000066000000000208F9977E
2026-03-30 11:46:04 - msg_id_0002 ==> 7E0002000066000000000208FA947E
2026-03-30 11:46:07 - msg_id_0002 ==> 7E0002000066000000000208FC927E
2026-03-30 11:46:10 - msg_id_0002 ==> 7E0002000066000000000208FD937E
2026-03-30 11:46:13 - msg_id_0002 ==> 7E0002000066000000000208FE907E
2026-03-30 11:46:17 - msg_id_0002 ==> 7E0002000066000000000208FF917E
2026-03-30 11:46:20 - msg_id_0002 ==> 7E0002000066000000000209006F7E
2026-03-30 11:46:23 - msg_id_0002 ==> 7E0002000066000000000209016E7E
2026-03-30 11:46:26 - msg_id_0002 ==> 7E0002000066000000000209026D7E
2026-03-30 11:46:29 - msg_id_0002 ==> 7E0002000066000000000209036C7E
2026-03-30 11:46:32 - msg_id_0002 ==> 7E0002000066000000000209046B7E
2026-03-30 11:46:35 - msg_id_0002 ==> 7E0002000066000000000209056A7E
2026-03-30 11:46:38 - msg_id_0002 ==> 7E000200006600000000020907687E
2026-03-30 11:46:41 - msg_id_0002 ==> 7E000200006600000000020908677E
2026-03-30 11:46:44 - msg_id_0002 ==> 7E000200006600000000020909667E
2026-03-30 11:46:48 - msg_id_0002 ==> 7E00020000660000000002090A657E
2026-03-30 11:46:51 - msg_id_0002 ==> 7E00020000660000000002090B647E
2026-03-30 11:46:54 - msg_id_0002 ==> 7E00020000660000000002090C637E
2026-03-30 11:46:57 - msg_id_0002 ==> 7E00020000660000000002090D627E
2026-03-30 11:47:00 - msg_id_0002 ==> 7E00020000660000000002090E617E
2026-03-30 11:47:03 - msg_id_0002 ==> 7E00020000660000000002090F607E
2026-03-30 11:47:06 - msg_id_0002 ==> 7E0002000066000000000209107F7E
2026-03-30 11:47:09 - msg_id_0002 ==> 7E0002000066000000000209127D017E
2026-03-30 11:47:12 - msg_id_0002 ==> 7E0002000066000000000209137C7E
2026-03-30 11:47:15 - msg_id_0002 ==> 7E0002000066000000000209147B7E
2026-03-30 11:47:19 - msg_id_0002 ==> 7E0002000066000000000209157A7E
2026-03-30 11:47:22 - msg_id_0002 ==> 7E000200006600000000020916797E
2026-03-30 11:47:25 - msg_id_0002 ==> 7E000200006600000000020917787E
2026-03-30 11:47:28 - msg_id_0002 ==> 7E000200006600000000020918777E
2026-03-30 11:47:31 - msg_id_0002 ==> 7E000200006600000000020919767E
2026-03-30 11:47:34 - msg_id_0002 ==> 7E00020000660000000002091A757E
2026-03-30 11:47:37 - msg_id_0002 ==> 7E00020000660000000002091B747E
2026-03-30 11:47:40 - msg_id_0002 ==> 7E00020000660000000002091D727E
2026-03-30 11:47:43 - msg_id_0002 ==> 7E00020000660000000002091E717E
2026-03-30 11:47:47 - msg_id_0002 ==> 7E00020000660000000002091F707E
2026-03-30 11:47:50 - msg_id_0002 ==> 7E0002000066000000000209204F7E
2026-03-30 11:47:53 - msg_id_0002 ==> 7E0002000066000000000209214E7E
2026-03-30 11:47:56 - msg_id_0002 ==> 7E0002000066000000000209224D7E
2026-03-30 11:47:59 - msg_id_0002 ==> 7E0002000066000000000209234C7E
2026-03-30 11:48:02 - msg_id_0002 ==> 7E0002000066000000000209244B7E
2026-03-30 11:48:05 - msg_id_0002 ==> 7E0002000066000000000209254A7E
2026-03-30 11:48:08 - msg_id_0002 ==> 7E000200006600000000020926497E
2026-03-30 11:48:11 - msg_id_0002 ==> 7E000200006600000000020928477E
2026-03-30 11:48:14 - msg_id_0002 ==> 7E000200006600000000020929467E
2026-03-30 11:48:18 - msg_id_0002 ==> 7E00020000660000000002092A457E
2026-03-30 11:48:21 - msg_id_0002 ==> 7E00020000660000000002092B447E
2026-03-30 11:48:24 - msg_id_0002 ==> 7E00020000660000000002092C437E
2026-03-30 11:48:27 - msg_id_0002 ==> 7E00020000660000000002092D427E
2026-03-30 11:48:30 - msg_id_0002 ==> 7E00020000660000000002092E417E
2026-03-30 11:48:33 - msg_id_0002 ==> 7E00020000660000000002092F407E
2026-03-30 11:48:36 - msg_id_0002 ==> 7E0002000066000000000209305F7E
2026-03-30 11:48:39 - msg_id_0002 ==> 7E0002000066000000000209315E7E
2026-03-30 11:48:42 - msg_id_0002 ==> 7E0002000066000000000209335C7E
2026-03-30 11:48:45 - msg_id_0002 ==> 7E0002000066000000000209345B7E
2026-03-30 11:48:49 - msg_id_0002 ==> 7E0002000066000000000209355A7E
2026-03-30 11:48:52 - msg_id_0002 ==> 7E000200006600000000020936597E
2026-03-30 11:48:55 - msg_id_0002 ==> 7E000200006600000000020937587E
2026-03-30 11:48:58 - msg_id_0002 ==> 7E000200006600000000020938577E
2026-03-30 11:49:01 - msg_id_0002 ==> 7E000200006600000000020939567E
2026-03-30 11:49:04 - msg_id_0002 ==> 7E00020000660000000002093A557E
2026-03-30 11:49:07 - msg_id_0002 ==> 7E00020000660000000002093B547E
2026-03-30 11:49:10 - msg_id_0002 ==> 7E00020000660000000002093C537E
2026-03-30 11:49:13 - msg_id_0002 ==> 7E00020000660000000002093E517E
2026-03-30 11:49:16 - msg_id_0002 ==> 7E00020000660000000002093F507E
2026-03-30 11:49:20 - msg_id_0002 ==> 7E0002000066000000000209402F7E
2026-03-30 11:49:23 - msg_id_0002 ==> 7E0002000066000000000209412E7E
2026-03-30 11:49:26 - msg_id_0002 ==> 7E0002000066000000000209422D7E
2026-03-30 11:49:29 - msg_id_0002 ==> 7E0002000066000000000209432C7E
2026-03-30 11:49:32 - msg_id_0002 ==> 7E0002000066000000000209442B7E
2026-03-30 11:49:35 - msg_id_0002 ==> 7E0002000066000000000209452A7E
2026-03-30 11:49:38 - msg_id_0002 ==> 7E000200006600000000020946297E
2026-03-30 11:49:41 - msg_id_0002 ==> 7E000200006600000000020947287E
2026-03-30 11:49:44 - msg_id_0002 ==> 7E000200006600000000020949267E
2026-03-30 11:49:47 - msg_id_0002 ==> 7E00020000660000000002094A257E
2026-03-30 11:49:51 - msg_id_0002 ==> 7E00020000660000000002094B247E
2026-03-30 11:49:54 - msg_id_0002 ==> 7E00020000660000000002094C237E
2026-03-30 11:49:57 - msg_id_0002 ==> 7E00020000660000000002094D227E
2026-03-30 11:50:00 - msg_id_0002 ==> 7E00020000660000000002094E217E
2026-03-30 11:50:03 - msg_id_0002 ==> 7E00020000660000000002094F207E
2026-03-30 11:50:06 - msg_id_0002 ==> 7E0002000066000000000209503F7E
2026-03-30 11:50:09 - msg_id_0002 ==> 7E0002000066000000000209513E7E
2026-03-30 11:50:12 - msg_id_0002 ==> 7E0002000066000000000209523D7E
2026-03-30 11:50:15 - msg_id_0002 ==> 7E0002000066000000000209543B7E
2026-03-30 11:50:18 - msg_id_0002 ==> 7E0002000066000000000209553A7E
2026-03-30 11:50:22 - msg_id_0002 ==> 7E000200006600000000020956397E
2026-03-30 11:50:25 - msg_id_0002 ==> 7E000200006600000000020957387E
2026-03-30 11:50:28 - msg_id_0002 ==> 7E000200006600000000020958377E
2026-03-30 11:50:31 - msg_id_0002 ==> 7E000200006600000000020959367E
2026-03-30 11:50:34 - msg_id_0002 ==> 7E00020000660000000002095A357E
2026-03-30 11:50:37 - msg_id_0002 ==> 7E00020000660000000002095B347E
2026-03-30 11:50:40 - msg_id_0002 ==> 7E00020000660000000002095C337E
2026-03-30 11:50:43 - msg_id_0002 ==> 7E00020000660000000002095D327E
2026-03-30 11:50:46 - msg_id_0002 ==> 7E00020000660000000002095F307E
2026-03-30 11:50:49 - msg_id_0002 ==> 7E0002000066000000000209600F7E
2026-03-30 11:50:53 - msg_id_0002 ==> 7E0002000066000000000209610E7E
2026-03-30 11:50:56 - msg_id_0002 ==> 7E0002000066000000000209620D7E
2026-03-30 11:50:59 - msg_id_0002 ==> 7E0002000066000000000209630C7E
2026-03-30 11:51:02 - msg_id_0002 ==> 7E0002000066000000000209640B7E
2026-03-30 11:51:05 - msg_id_0002 ==> 7E0002000066000000000209650A7E
2026-03-30 11:51:08 - msg_id_0002 ==> 7E000200006600000000020966097E
2026-03-30 11:51:11 - msg_id_0002 ==> 7E000200006600000000020967087E
2026-03-30 11:51:14 - msg_id_0002 ==> 7E000200006600000000020968077E
2026-03-30 11:51:17 - msg_id_0002 ==> 7E00020000660000000002096A057E
2026-03-30 11:51:20 - msg_id_0002 ==> 7E00020000660000000002096B047E
2026-03-30 11:51:24 - msg_id_0002 ==> 7E00020000660000000002096C037E
2026-03-30 11:51:27 - msg_id_0002 ==> 7E00020000660000000002096D027E
2026-03-30 11:51:30 - msg_id_0002 ==> 7E00020000660000000002096E017E
2026-03-30 11:51:33 - msg_id_0002 ==> 7E00020000660000000002096F007E
2026-03-30 11:51:36 - msg_id_0002 ==> 7E0002000066000000000209701F7E
2026-03-30 11:51:39 - msg_id_0002 ==> 7E0002000066000000000209711E7E
2026-03-30 11:51:42 - msg_id_0002 ==> 7E0002000066000000000209721D7E
2026-03-30 11:51:45 - msg_id_0002 ==> 7E0002000066000000000209731C7E
2026-03-30 11:51:48 - msg_id_0002 ==> 7E0002000066000000000209751A7E
2026-03-30 11:51:51 - msg_id_0002 ==> 7E000200006600000000020976197E
2026-03-30 11:51:55 - msg_id_0002 ==> 7E000200006600000000020977187E
2026-03-30 11:51:58 - msg_id_0002 ==> 7E000200006600000000020978177E
2026-03-30 11:52:01 - msg_id_0002 ==> 7E000200006600000000020979167E
2026-03-30 11:52:04 - msg_id_0002 ==> 7E00020000660000000002097A157E
2026-03-30 11:52:07 - msg_id_0002 ==> 7E00020000660000000002097B147E
2026-03-30 11:52:10 - msg_id_0002 ==> 7E00020000660000000002097C137E
2026-03-30 11:52:13 - msg_id_0002 ==> 7E00020000660000000002097D01127E
2026-03-30 11:52:16 - msg_id_0002 ==> 7E00020000660000000002097D02117E
2026-03-30 11:52:24 - msg_id_0002 ==> 7E000200006600000000020983EC7E
2026-03-30 11:52:27 - msg_id_0002 ==> 7E000200006600000000020984EB7E
2026-03-30 11:52:30 - msg_id_0002 ==> 7E000200006600000000020985EA7E
2026-03-30 11:52:33 - msg_id_0002 ==> 7E000200006600000000020986E97E
2026-03-30 11:52:36 - msg_id_0002 ==> 7E000200006600000000020987E87E
2026-03-30 11:52:39 - msg_id_0002 ==> 7E000200006600000000020988E77E
2026-03-30 11:52:42 - msg_id_0002 ==> 7E000200006600000000020989E67E
2026-03-30 11:52:45 - msg_id_0002 ==> 7E00020000660000000002098AE57E
2026-03-30 11:52:49 - msg_id_0002 ==> 7E00020000660000000002098BE47E
2026-03-30 11:52:52 - msg_id_0002 ==> 7E00020000660000000002098CE37E
2026-03-30 11:52:55 - msg_id_0002 ==> 7E00020000660000000002098EE17E
2026-03-30 11:52:58 - msg_id_0002 ==> 7E00020000660000000002098FE07E
2026-03-30 11:53:01 - msg_id_0002 ==> 7E000200006600000000020990FF7E
2026-03-30 11:53:04 - msg_id_0002 ==> 7E000200006600000000020991FE7E
2026-03-30 11:53:07 - msg_id_0002 ==> 7E000200006600000000020992FD7E
2026-03-30 11:53:10 - msg_id_0002 ==> 7E000200006600000000020993FC7E
2026-03-30 11:53:13 - msg_id_0002 ==> 7E000200006600000000020994FB7E
2026-03-30 11:53:16 - msg_id_0002 ==> 7E000200006600000000020995FA7E
2026-03-30 11:53:20 - msg_id_0002 ==> 7E000200006600000000020996F97E
2026-03-30 11:53:23 - msg_id_0002 ==> 7E000200006600000000020997F87E
2026-03-30 11:53:26 - msg_id_0002 ==> 7E000200006600000000020999F67E
2026-03-30 11:53:29 - msg_id_0002 ==> 7E00020000660000000002099AF57E
2026-03-30 11:53:32 - msg_id_0002 ==> 7E00020000660000000002099BF47E
2026-03-30 11:53:35 - msg_id_0002 ==> 7E00020000660000000002099CF37E
2026-03-30 11:53:38 - msg_id_0002 ==> 7E00020000660000000002099DF27E
2026-03-30 11:53:41 - msg_id_0002 ==> 7E00020000660000000002099EF17E
2026-03-30 11:53:45 - msg_id_0002 ==> 7E00020000660000000002099FF07E
2026-03-30 11:53:47 - msg_id_0002 ==> 7E0002000066000000000209A0CF7E
2026-03-30 11:53:51 - msg_id_0002 ==> 7E0002000066000000000209A1CE7E
2026-03-30 11:53:54 - msg_id_0002 ==> 7E0002000066000000000209A2CD7E
2026-03-30 11:53:57 - msg_id_0002 ==> 7E0002000066000000000209A4CB7E
2026-03-30 11:54:00 - msg_id_0002 ==> 7E0002000066000000000209A5CA7E
2026-03-30 11:54:03 - msg_id_0002 ==> 7E0002000066000000000209A6C97E
2026-03-30 11:54:06 - msg_id_0002 ==> 7E0002000066000000000209A7C87E
2026-03-30 11:54:09 - msg_id_0002 ==> 7E0002000066000000000209A8C77E
2026-03-30 11:54:12 - msg_id_0002 ==> 7E0002000066000000000209A9C67E
2026-03-30 11:54:15 - msg_id_0002 ==> 7E0002000066000000000209AAC57E
2026-03-30 11:54:18 - msg_id_0002 ==> 7E0002000066000000000209ABC47E
2026-03-30 11:54:22 - msg_id_0002 ==> 7E0002000066000000000209ACC37E
2026-03-30 11:54:25 - msg_id_0002 ==> 7E0002000066000000000209ADC27E
2026-03-30 11:54:28 - msg_id_0002 ==> 7E0002000066000000000209AFC07E
2026-03-30 11:54:31 - msg_id_0002 ==> 7E0002000066000000000209B0DF7E
2026-03-30 11:54:34 - msg_id_0002 ==> 7E0002000066000000000209B1DE7E
2026-03-30 11:54:37 - msg_id_0002 ==> 7E0002000066000000000209B2DD7E
2026-03-30 11:54:40 - msg_id_0002 ==> 7E0002000066000000000209B3DC7E
2026-03-30 11:54:43 - msg_id_0002 ==> 7E0002000066000000000209B4DB7E
2026-03-30 11:54:46 - msg_id_0002 ==> 7E0002000066000000000209B5DA7E
2026-03-30 11:54:50 - msg_id_0002 ==> 7E0002000066000000000209B6D97E
2026-03-30 11:54:53 - msg_id_0002 ==> 7E0002000066000000000209B7D87E
2026-03-30 11:54:56 - msg_id_0002 ==> 7E0002000066000000000209B8D77E
2026-03-30 11:54:59 - msg_id_0002 ==> 7E0002000066000000000209BAD57E
2026-03-30 11:55:02 - msg_id_0002 ==> 7E0002000066000000000209BBD47E
2026-03-30 11:55:05 - msg_id_0002 ==> 7E0002000066000000000209BCD37E
2026-03-30 11:55:08 - msg_id_0002 ==> 7E0002000066000000000209BDD27E
2026-03-30 11:55:11 - msg_id_0002 ==> 7E0002000066000000000209BED17E
2026-03-30 11:55:14 - msg_id_0002 ==> 7E0002000066000000000209BFD07E
2026-03-30 11:55:17 - msg_id_0002 ==> 7E0002000066000000000209C0AF7E
2026-03-30 11:55:20 - msg_id_0002 ==> 7E0002000066000000000209C1AE7E
2026-03-30 11:55:24 - msg_id_0002 ==> 7E0002000066000000000209C2AD7E
2026-03-30 11:55:27 - msg_id_0002 ==> 7E0002000066000000000209C3AC7E
2026-03-30 11:55:30 - msg_id_0002 ==> 7E0002000066000000000209C5AA7E
2026-03-30 11:55:33 - msg_id_0002 ==> 7E0002000066000000000209C6A97E
2026-03-30 11:55:36 - msg_id_0002 ==> 7E0002000066000000000209C7A87E
2026-03-30 11:55:39 - msg_id_0002 ==> 7E0002000066000000000209C8A77E
2026-03-30 11:55:42 - msg_id_0002 ==> 7E0002000066000000000209C9A67E
2026-03-30 11:55:45 - msg_id_0002 ==> 7E0002000066000000000209CAA57E
2026-03-30 11:55:48 - msg_id_0002 ==> 7E0002000066000000000209CBA47E
2026-03-30 11:55:51 - msg_id_0002 ==> 7E0002000066000000000209CCA37E
2026-03-30 11:55:55 - msg_id_0002 ==> 7E0002000066000000000209CDA27E
2026-03-30 11:55:58 - msg_id_0002 ==> 7E0002000066000000000209CEA17E
2026-03-30 11:56:01 - msg_id_0002 ==> 7E0002000066000000000209D0BF7E
2026-03-30 11:56:04 - msg_id_0002 ==> 7E0002000066000000000209D1BE7E
2026-03-30 11:56:07 - msg_id_0002 ==> 7E0002000066000000000209D2BD7E
2026-03-30 11:56:10 - msg_id_0002 ==> 7E0002000066000000000209D3BC7E
2026-03-30 11:56:13 - msg_id_0002 ==> 7E0002000066000000000209D4BB7E
2026-03-30 11:56:16 - msg_id_0002 ==> 7E0002000066000000000209D5BA7E
2026-03-30 11:56:19 - msg_id_0002 ==> 7E0002000066000000000209D6B97E
2026-03-30 11:56:22 - msg_id_0002 ==> 7E0002000066000000000209D7B87E
2026-03-30 11:56:26 - msg_id_0002 ==> 7E0002000066000000000209D8B77E
2026-03-30 11:56:29 - msg_id_0002 ==> 7E0002000066000000000209D9B67E
2026-03-30 11:56:32 - msg_id_0002 ==> 7E0002000066000000000209DBB47E
2026-03-30 11:56:35 - msg_id_0002 ==> 7E0002000066000000000209DCB37E
2026-03-30 11:56:38 - msg_id_0002 ==> 7E0002000066000000000209DDB27E
2026-03-30 11:56:41 - msg_id_0002 ==> 7E0002000066000000000209DEB17E
2026-03-30 11:56:44 - msg_id_0002 ==> 7E0002000066000000000209DFB07E
2026-03-30 11:56:47 - msg_id_0002 ==> 7E0002000066000000000209E08F7E
2026-03-30 11:56:50 - msg_id_0002 ==> 7E0002000066000000000209E18E7E
2026-03-30 11:56:53 - msg_id_0002 ==> 7E0002000066000000000209E28D7E
2026-03-30 11:56:57 - msg_id_0002 ==> 7E0002000066000000000209E38C7E
2026-03-30 11:57:00 - msg_id_0002 ==> 7E0002000066000000000209E48B7E
2026-03-30 11:57:03 - msg_id_0002 ==> 7E0002000066000000000209E6897E
2026-03-30 11:57:06 - msg_id_0002 ==> 7E0002000066000000000209E7887E
2026-03-30 11:57:09 - msg_id_0002 ==> 7E0002000066000000000209E8877E
2026-03-30 11:57:12 - msg_id_0002 ==> 7E0002000066000000000209E9867E
2026-03-30 11:57:15 - msg_id_0002 ==> 7E0002000066000000000209EA857E
2026-03-30 11:57:18 - msg_id_0002 ==> 7E0002000066000000000209EB847E
2026-03-30 11:57:21 - msg_id_0002 ==> 7E0002000066000000000209EC837E
2026-03-30 11:57:24 - msg_id_0002 ==> 7E0002000066000000000209ED827E
2026-03-30 11:57:28 - msg_id_0002 ==> 7E0002000066000000000209EE817E
2026-03-30 11:57:31 - msg_id_0002 ==> 7E0002000066000000000209EF807E
2026-03-30 11:57:34 - msg_id_0002 ==> 7E0002000066000000000209F19E7E
2026-03-30 11:57:37 - msg_id_0002 ==> 7E0002000066000000000209F29D7E
2026-03-30 11:57:40 - msg_id_0002 ==> 7E0002000066000000000209F39C7E
2026-03-30 11:57:43 - msg_id_0002 ==> 7E0002000066000000000209F49B7E
2026-03-30 11:57:46 - msg_id_0002 ==> 7E0002000066000000000209F59A7E
2026-03-30 11:57:49 - msg_id_0002 ==> 7E0002000066000000000209F6997E
2026-03-30 11:57:52 - msg_id_0002 ==> 7E0002000066000000000209F7987E
2026-03-30 11:57:55 - msg_id_0002 ==> 7E0002000066000000000209F8977E
2026-03-30 11:57:59 - msg_id_0002 ==> 7E0002000066000000000209F9967E
2026-03-30 11:58:02 - msg_id_0002 ==> 7E0002000066000000000209FA957E
2026-03-30 11:58:05 - msg_id_0002 ==> 7E0002000066000000000209FC937E
2026-03-30 11:58:08 - msg_id_0002 ==> 7E0002000066000000000209FD927E
2026-03-30 11:58:11 - msg_id_0002 ==> 7E0002000066000000000209FE917E
2026-03-30 11:58:14 - msg_id_0002 ==> 7E0002000066000000000209FF907E
2026-03-30 11:58:17 - msg_id_0002 ==> 7E000200006600000000020A006C7E
2026-03-30 11:58:20 - msg_id_0002 ==> 7E000200006600000000020A016D7E
2026-03-30 11:58:23 - msg_id_0002 ==> 7E000200006600000000020A026E7E
2026-03-30 11:58:26 - msg_id_0002 ==> 7E000200006600000000020A036F7E
2026-03-30 11:58:30 - msg_id_0002 ==> 7E000200006600000000020A04687E
2026-03-30 11:58:33 - msg_id_0002 ==> 7E000200006600000000020A05697E
2026-03-30 11:58:36 - msg_id_0002 ==> 7E000200006600000000020A076B7E
2026-03-30 11:58:39 - msg_id_0002 ==> 7E000200006600000000020A08647E
2026-03-30 11:58:42 - msg_id_0002 ==> 7E000200006600000000020A09657E
2026-03-30 11:58:45 - msg_id_0002 ==> 7E000200006600000000020A0A667E
2026-03-30 11:58:48 - msg_id_0002 ==> 7E000200006600000000020A0B677E
2026-03-30 11:58:51 - msg_id_0002 ==> 7E000200006600000000020A0C607E
2026-03-30 11:58:54 - msg_id_0002 ==> 7E000200006600000000020A0D617E
2026-03-30 11:58:57 - msg_id_0002 ==> 7E000200006600000000020A0E627E
2026-03-30 11:59:01 - msg_id_0002 ==> 7E000200006600000000020A0F637E
2026-03-30 11:59:04 - msg_id_0002 ==> 7E000200006600000000020A107C7E
2026-03-30 11:59:07 - msg_id_0002 ==> 7E000200006600000000020A127D027E
2026-03-30 11:59:10 - msg_id_0002 ==> 7E000200006600000000020A137F7E
2026-03-30 11:59:13 - msg_id_0002 ==> 7E000200006600000000020A14787E
2026-03-30 11:59:16 - msg_id_0002 ==> 7E000200006600000000020A15797E
2026-03-30 11:59:19 - msg_id_0002 ==> 7E000200006600000000020A167A7E
2026-03-30 11:59:22 - msg_id_0002 ==> 7E000200006600000000020A177B7E
2026-03-30 11:59:25 - msg_id_0002 ==> 7E000200006600000000020A18747E
2026-03-30 11:59:28 - msg_id_0002 ==> 7E000200006600000000020A19757E
2026-03-30 11:59:32 - msg_id_0002 ==> 7E000200006600000000020A1A767E
2026-03-30 11:59:35 - msg_id_0002 ==> 7E000200006600000000020A1B777E
2026-03-30 11:59:38 - msg_id_0002 ==> 7E000200006600000000020A1D717E
2026-03-30 11:59:41 - msg_id_0002 ==> 7E000200006600000000020A1E727E
2026-03-30 11:59:44 - msg_id_0002 ==> 7E000200006600000000020A1F737E
2026-03-30 11:59:47 - msg_id_0002 ==> 7E000200006600000000020A204C7E
2026-03-30 11:59:50 - msg_id_0002 ==> 7E000200006600000000020A214D7E
2026-03-30 11:59:53 - msg_id_0002 ==> 7E000200006600000000020A224E7E
2026-03-30 11:59:56 - msg_id_0002 ==> 7E000200006600000000020A234F7E
2026-03-30 12:00:00 - msg_id_0002 ==> 7E000200006600000000020A24487E
2026-03-30 12:00:03 - msg_id_0002 ==> 7E000200006600000000020A25497E
2026-03-30 12:00:06 - msg_id_0002 ==> 7E000200006600000000020A264A7E
2026-03-30 12:00:09 - msg_id_0002 ==> 7E000200006600000000020A28447E
2026-03-30 12:00:12 - msg_id_0002 ==> 7E000200006600000000020A29457E
2026-03-30 12:00:15 - msg_id_0002 ==> 7E000200006600000000020A2A467E
2026-03-30 12:00:18 - msg_id_0002 ==> 7E000200006600000000020A2B477E
2026-03-30 12:00:21 - msg_id_0002 ==> 7E000200006600000000020A2C407E
2026-03-30 12:00:24 - msg_id_0002 ==> 7E000200006600000000020A2D417E
2026-03-30 12:00:27 - msg_id_0002 ==> 7E000200006600000000020A2E427E
2026-03-30 12:00:31 - msg_id_0002 ==> 7E000200006600000000020A2F437E
2026-03-30 12:00:34 - msg_id_0002 ==> 7E000200006600000000020A305C7E
2026-03-30 12:00:37 - msg_id_0002 ==> 7E000200006600000000020A315D7E
2026-03-30 12:00:40 - msg_id_0002 ==> 7E000200006600000000020A335F7E
2026-03-30 12:00:43 - msg_id_0002 ==> 7E000200006600000000020A34587E
2026-03-30 12:00:46 - msg_id_0002 ==> 7E000200006600000000020A35597E
2026-03-30 12:00:49 - msg_id_0002 ==> 7E000200006600000000020A365A7E
2026-03-30 12:00:52 - msg_id_0002 ==> 7E000200006600000000020A375B7E
2026-03-30 12:00:55 - msg_id_0002 ==> 7E000200006600000000020A38547E
2026-03-30 12:00:58 - msg_id_0002 ==> 7E000200006600000000020A39557E
2026-03-30 12:01:02 - msg_id_0002 ==> 7E000200006600000000020A3A567E
2026-03-30 12:01:05 - msg_id_0002 ==> 7E000200006600000000020A3B577E
2026-03-30 12:01:08 - msg_id_0002 ==> 7E000200006600000000020A3C507E
2026-03-30 12:01:11 - msg_id_0002 ==> 7E000200006600000000020A3E527E
2026-03-30 12:01:14 - msg_id_0002 ==> 7E000200006600000000020A3F537E
2026-03-30 12:01:17 - msg_id_0002 ==> 7E000200006600000000020A402C7E
2026-03-30 12:01:20 - msg_id_0002 ==> 7E000200006600000000020A412D7E
2026-03-30 12:01:23 - msg_id_0002 ==> 7E000200006600000000020A422E7E
2026-03-30 12:01:26 - msg_id_0002 ==> 7E000200006600000000020A432F7E
2026-03-30 12:01:29 - msg_id_0002 ==> 7E000200006600000000020A44287E
2026-03-30 12:01:33 - msg_id_0002 ==> 7E000200006600000000020A45297E
2026-03-30 12:01:36 - msg_id_0002 ==> 7E000200006600000000020A462A7E
2026-03-30 12:01:39 - msg_id_0002 ==> 7E000200006600000000020A472B7E
2026-03-30 12:01:42 - msg_id_0002 ==> 7E000200006600000000020A49257E
2026-03-30 12:01:45 - msg_id_0002 ==> 7E000200006600000000020A4A267E
2026-03-30 12:01:48 - msg_id_0002 ==> 7E000200006600000000020A4B277E
2026-03-30 12:01:51 - msg_id_0002 ==> 7E000200006600000000020A4C207E
2026-03-30 12:01:54 - msg_id_0002 ==> 7E000200006600000000020A4D217E
2026-03-30 12:01:57 - msg_id_0002 ==> 7E000200006600000000020A4E227E
2026-03-30 12:02:00 - msg_id_0002 ==> 7E000200006600000000020A4F237E
2026-03-30 12:02:04 - msg_id_0002 ==> 7E000200006600000000020A503C7E
2026-03-30 12:02:07 - msg_id_0002 ==> 7E000200006600000000020A513D7E
2026-03-30 12:02:10 - msg_id_0002 ==> 7E000200006600000000020A523E7E
2026-03-30 12:02:13 - msg_id_0002 ==> 7E000200006600000000020A54387E
2026-03-30 12:02:16 - msg_id_0002 ==> 7E000200006600000000020A55397E
2026-03-30 12:02:19 - msg_id_0002 ==> 7E000200006600000000020A563A7E
2026-03-30 12:02:22 - msg_id_0002 ==> 7E000200006600000000020A573B7E
2026-03-30 12:02:25 - msg_id_0002 ==> 7E000200006600000000020A58347E
2026-03-30 12:02:28 - msg_id_0002 ==> 7E000200006600000000020A59357E
2026-03-30 12:02:31 - msg_id_0002 ==> 7E000200006600000000020A5A367E
2026-03-30 12:02:35 - msg_id_0002 ==> 7E000200006600000000020A5B377E
2026-03-30 12:02:38 - msg_id_0002 ==> 7E000200006600000000020A5C307E
2026-03-30 12:02:41 - msg_id_0002 ==> 7E000200006600000000020A5D317E
2026-03-30 12:02:44 - msg_id_0002 ==> 7E000200006600000000020A5F337E
2026-03-30 12:02:47 - msg_id_0002 ==> 7E000200006600000000020A600C7E
2026-03-30 12:02:50 - msg_id_0002 ==> 7E000200006600000000020A610D7E
2026-03-30 12:02:53 - msg_id_0002 ==> 7E000200006600000000020A620E7E
2026-03-30 12:02:56 - msg_id_0002 ==> 7E000200006600000000020A630F7E
2026-03-30 12:02:59 - msg_id_0002 ==> 7E000200006600000000020A64087E
2026-03-30 12:03:02 - msg_id_0002 ==> 7E000200006600000000020A65097E
2026-03-30 12:03:06 - msg_id_0002 ==> 7E000200006600000000020A660A7E
2026-03-30 12:03:09 - msg_id_0002 ==> 7E000200006600000000020A670B7E
2026-03-30 12:03:12 - msg_id_0002 ==> 7E000200006600000000020A68047E
2026-03-30 12:03:15 - msg_id_0002 ==> 7E000200006600000000020A6A067E
2026-03-30 12:03:18 - msg_id_0002 ==> 7E000200006600000000020A6B077E
2026-03-30 12:03:21 - msg_id_0002 ==> 7E000200006600000000020A6C007E
2026-03-30 12:03:24 - msg_id_0002 ==> 7E000200006600000000020A6D017E
2026-03-30 12:03:27 - msg_id_0002 ==> 7E000200006600000000020A6E027E
2026-03-30 12:03:30 - msg_id_0002 ==> 7E000200006600000000020A6F037E
2026-03-30 12:03:33 - msg_id_0002 ==> 7E000200006600000000020A701C7E
2026-03-30 12:03:37 - msg_id_0002 ==> 7E000200006600000000020A711D7E
2026-03-30 12:03:40 - msg_id_0002 ==> 7E000200006600000000020A721E7E
2026-03-30 12:03:43 - msg_id_0002 ==> 7E000200006600000000020A731F7E
2026-03-30 12:03:46 - msg_id_0002 ==> 7E000200006600000000020A75197E
2026-03-30 12:03:49 - msg_id_0002 ==> 7E000200006600000000020A761A7E
2026-03-30 12:03:52 - msg_id_0002 ==> 7E000200006600000000020A771B7E
2026-03-30 12:03:55 - msg_id_0002 ==> 7E000200006600000000020A78147E
2026-03-30 12:03:58 - msg_id_0002 ==> 7E000200006600000000020A79157E
2026-03-30 12:04:01 - msg_id_0002 ==> 7E000200006600000000020A7A167E
2026-03-30 12:04:05 - msg_id_0002 ==> 7E000200006600000000020A7B177E
2026-03-30 12:04:08 - msg_id_0002 ==> 7E000200006600000000020A7C107E
2026-03-30 12:04:11 - msg_id_0002 ==> 7E000200006600000000020A7D01117E
2026-03-30 12:04:14 - msg_id_0002 ==> 7E000200006600000000020A7D02127E
2026-03-30 12:04:21 - msg_id_0002 ==> 7E000200006600000000020A83EF7E
2026-03-30 12:04:24 - msg_id_0002 ==> 7E000200006600000000020A84E87E
2026-03-30 12:04:28 - msg_id_0002 ==> 7E000200006600000000020A85E97E
2026-03-30 12:04:31 - msg_id_0002 ==> 7E000200006600000000020A86EA7E
2026-03-30 12:04:34 - msg_id_0002 ==> 7E000200006600000000020A87EB7E
2026-03-30 12:04:37 - msg_id_0002 ==> 7E000200006600000000020A88E47E
2026-03-30 12:04:40 - msg_id_0002 ==> 7E000200006600000000020A89E57E
2026-03-30 12:04:43 - msg_id_0002 ==> 7E000200006600000000020A8AE67E
2026-03-30 12:04:46 - msg_id_0002 ==> 7E000200006600000000020A8BE77E
2026-03-30 12:04:49 - msg_id_0002 ==> 7E000200006600000000020A8CE07E
2026-03-30 12:04:53 - msg_id_0002 ==> 7E000200006600000000020A8EE27E
2026-03-30 12:04:55 - msg_id_0002 ==> 7E000200006600000000020A8FE37E
2026-03-30 12:04:59 - msg_id_0002 ==> 7E000200006600000000020A90FC7E
2026-03-30 12:05:02 - msg_id_0002 ==> 7E000200006600000000020A91FD7E
2026-03-30 12:05:05 - msg_id_0002 ==> 7E000200006600000000020A92FE7E
2026-03-30 12:05:08 - msg_id_0002 ==> 7E000200006600000000020A93FF7E
2026-03-30 12:05:11 - msg_id_0002 ==> 7E000200006600000000020A94F87E
2026-03-30 12:05:14 - msg_id_0002 ==> 7E000200006600000000020A95F97E
2026-03-30 12:05:17 - msg_id_0002 ==> 7E000200006600000000020A96FA7E
2026-03-30 12:05:20 - msg_id_0002 ==> 7E000200006600000000020A97FB7E
2026-03-30 12:05:23 - msg_id_0002 ==> 7E000200006600000000020A99F57E
2026-03-30 12:05:26 - msg_id_0002 ==> 7E000200006600000000020A9AF67E
2026-03-30 12:05:30 - msg_id_0002 ==> 7E000200006600000000020A9BF77E
2026-03-30 12:05:33 - msg_id_0002 ==> 7E000200006600000000020A9CF07E
2026-03-30 12:05:36 - msg_id_0002 ==> 7E000200006600000000020A9DF17E
2026-03-30 12:05:39 - msg_id_0002 ==> 7E000200006600000000020A9EF27E
2026-03-30 12:05:42 - msg_id_0002 ==> 7E000200006600000000020A9FF37E
2026-03-30 12:05:45 - msg_id_0002 ==> 7E000200006600000000020AA0CC7E
2026-03-30 12:05:48 - msg_id_0002 ==> 7E000200006600000000020AA1CD7E
2026-03-30 12:05:51 - msg_id_0002 ==> 7E000200006600000000020AA2CE7E
2026-03-30 12:05:54 - msg_id_0002 ==> 7E000200006600000000020AA4C87E
2026-03-30 12:05:57 - msg_id_0002 ==> 7E000200006600000000020AA5C97E
2026-03-30 12:06:01 - msg_id_0002 ==> 7E000200006600000000020AA6CA7E
2026-03-30 12:06:04 - msg_id_0002 ==> 7E000200006600000000020AA7CB7E
2026-03-30 12:06:07 - msg_id_0002 ==> 7E000200006600000000020AA8C47E
2026-03-30 12:06:10 - msg_id_0002 ==> 7E000200006600000000020AA9C57E
2026-03-30 12:06:13 - msg_id_0002 ==> 7E000200006600000000020AAAC67E
2026-03-30 12:06:16 - msg_id_0002 ==> 7E000200006600000000020AABC77E
2026-03-30 12:06:19 - msg_id_0002 ==> 7E000200006600000000020AACC07E
2026-03-30 12:06:22 - msg_id_0002 ==> 7E000200006600000000020AADC17E
2026-03-30 12:06:25 - msg_id_0002 ==> 7E000200006600000000020AAFC37E
2026-03-30 12:06:28 - msg_id_0002 ==> 7E000200006600000000020AB0DC7E
2026-03-30 12:06:32 - msg_id_0002 ==> 7E000200006600000000020AB1DD7E
2026-03-30 12:06:35 - msg_id_0002 ==> 7E000200006600000000020AB2DE7E
2026-03-30 12:06:38 - msg_id_0002 ==> 7E000200006600000000020AB3DF7E
2026-03-30 12:06:41 - msg_id_0002 ==> 7E000200006600000000020AB4D87E
2026-03-30 12:06:44 - msg_id_0002 ==> 7E000200006600000000020AB5D97E
2026-03-30 12:06:47 - msg_id_0002 ==> 7E000200006600000000020AB6DA7E
2026-03-30 12:06:50 - msg_id_0002 ==> 7E000200006600000000020AB7DB7E
2026-03-30 12:06:53 - msg_id_0002 ==> 7E000200006600000000020AB8D47E
2026-03-30 12:06:56 - msg_id_0002 ==> 7E000200006600000000020ABAD67E
2026-03-30 12:06:59 - msg_id_0002 ==> 7E000200006600000000020ABBD77E
2026-03-30 12:07:03 - msg_id_0002 ==> 7E000200006600000000020ABCD07E
2026-03-30 12:07:06 - msg_id_0002 ==> 7E000200006600000000020ABDD17E
2026-03-30 12:07:09 - msg_id_0002 ==> 7E000200006600000000020ABED27E
2026-03-30 12:07:12 - msg_id_0002 ==> 7E000200006600000000020ABFD37E
2026-03-30 12:07:15 - msg_id_0002 ==> 7E000200006600000000020AC0AC7E
2026-03-30 12:07:18 - msg_id_0002 ==> 7E000200006600000000020AC1AD7E
2026-03-30 12:07:21 - msg_id_0002 ==> 7E000200006600000000020AC2AE7E
2026-03-30 12:07:24 - msg_id_0002 ==> 7E000200006600000000020AC3AF7E
2026-03-30 12:07:27 - msg_id_0002 ==> 7E000200006600000000020AC5A97E
2026-03-30 12:07:30 - msg_id_0002 ==> 7E000200006600000000020AC6AA7E
2026-03-30 12:07:34 - msg_id_0002 ==> 7E000200006600000000020AC7AB7E
2026-03-30 12:07:37 - msg_id_0002 ==> 7E000200006600000000020AC8A47E
2026-03-30 12:07:40 - msg_id_0002 ==> 7E000200006600000000020AC9A57E
2026-03-30 12:07:43 - msg_id_0002 ==> 7E000200006600000000020ACAA67E
2026-03-30 12:07:46 - msg_id_0002 ==> 7E000200006600000000020ACBA77E
2026-03-30 12:07:49 - msg_id_0002 ==> 7E000200006600000000020ACCA07E
2026-03-30 12:07:52 - msg_id_0002 ==> 7E000200006600000000020ACDA17E
2026-03-30 12:07:55 - msg_id_0002 ==> 7E000200006600000000020ACEA27E
2026-03-30 12:07:58 - msg_id_0002 ==> 7E000200006600000000020AD0BC7E
2026-03-30 12:08:01 - msg_id_0002 ==> 7E000200006600000000020AD1BD7E
2026-03-30 12:08:05 - msg_id_0002 ==> 7E000200006600000000020AD2BE7E
2026-03-30 12:08:08 - msg_id_0002 ==> 7E000200006600000000020AD3BF7E
2026-03-30 12:08:11 - msg_id_0002 ==> 7E000200006600000000020AD4B87E
2026-03-30 12:08:14 - msg_id_0002 ==> 7E000200006600000000020AD5B97E
2026-03-30 12:08:17 - msg_id_0002 ==> 7E000200006600000000020AD6BA7E
2026-03-30 12:08:20 - msg_id_0002 ==> 7E000200006600000000020AD7BB7E
2026-03-30 12:08:23 - msg_id_0002 ==> 7E000200006600000000020AD8B47E
2026-03-30 12:08:26 - msg_id_0002 ==> 7E000200006600000000020AD9B57E
2026-03-30 12:08:29 - msg_id_0002 ==> 7E000200006600000000020ADBB77E
2026-03-30 12:08:32 - msg_id_0002 ==> 7E000200006600000000020ADCB07E
2026-03-30 12:08:36 - msg_id_0002 ==> 7E000200006600000000020ADDB17E
2026-03-30 12:08:39 - msg_id_0002 ==> 7E000200006600000000020ADEB27E
2026-03-30 12:08:42 - msg_id_0002 ==> 7E000200006600000000020ADFB37E
2026-03-30 12:08:45 - msg_id_0002 ==> 7E000200006600000000020AE08C7E
2026-03-30 12:08:48 - msg_id_0002 ==> 7E000200006600000000020AE18D7E
2026-03-30 12:08:51 - msg_id_0002 ==> 7E000200006600000000020AE28E7E
2026-03-30 12:08:54 - msg_id_0002 ==> 7E000200006600000000020AE38F7E
2026-03-30 12:08:57 - msg_id_0002 ==> 7E000200006600000000020AE4887E
2026-03-30 12:09:00 - msg_id_0002 ==> 7E000200006600000000020AE68A7E
2026-03-30 12:09:04 - msg_id_0002 ==> 7E000200006600000000020AE78B7E
2026-03-30 12:09:07 - msg_id_0002 ==> 7E000200006600000000020AE8847E
2026-03-30 12:09:10 - msg_id_0002 ==> 7E000200006600000000020AE9857E
2026-03-30 12:09:13 - msg_id_0002 ==> 7E000200006600000000020AEA867E
2026-03-30 12:09:16 - msg_id_0002 ==> 7E000200006600000000020AEB877E
2026-03-30 12:09:19 - msg_id_0002 ==> 7E000200006600000000020AEC807E
2026-03-30 12:09:22 - msg_id_0002 ==> 7E000200006600000000020AED817E
2026-03-30 12:09:25 - msg_id_0002 ==> 7E000200006600000000020AEE827E
2026-03-30 12:09:28 - msg_id_0002 ==> 7E000200006600000000020AEF837E
2026-03-30 12:09:31 - msg_id_0002 ==> 7E000200006600000000020AF19D7E
2026-03-30 12:09:35 - msg_id_0002 ==> 7E000200006600000000020AF29E7E
2026-03-30 12:09:38 - msg_id_0002 ==> 7E000200006600000000020AF39F7E
2026-03-30 12:09:41 - msg_id_0002 ==> 7E000200006600000000020AF4987E
2026-03-30 12:09:44 - msg_id_0002 ==> 7E000200006600000000020AF5997E
2026-03-30 12:09:47 - msg_id_0002 ==> 7E000200006600000000020AF69A7E
2026-03-30 12:09:50 - msg_id_0002 ==> 7E000200006600000000020AF79B7E
2026-03-30 12:09:53 - msg_id_0002 ==> 7E000200006600000000020AF8947E
2026-03-30 12:09:56 - msg_id_0002 ==> 7E000200006600000000020AF9957E
2026-03-30 12:09:59 - msg_id_0002 ==> 7E000200006600000000020AFA967E
2026-03-30 12:10:02 - msg_id_0002 ==> 7E000200006600000000020AFC907E
2026-03-30 12:10:06 - msg_id_0002 ==> 7E000200006600000000020AFD917E
2026-03-30 12:10:09 - msg_id_0002 ==> 7E000200006600000000020AFE927E
2026-03-30 12:10:12 - msg_id_0002 ==> 7E000200006600000000020AFF937E
2026-03-30 12:10:15 - msg_id_0002 ==> 7E000200006600000000020B006D7E
2026-03-30 12:10:18 - msg_id_0002 ==> 7E000200006600000000020B016C7E
2026-03-30 12:10:21 - msg_id_0002 ==> 7E000200006600000000020B026F7E
2026-03-30 12:10:24 - msg_id_0002 ==> 7E000200006600000000020B036E7E
2026-03-30 12:10:27 - msg_id_0002 ==> 7E000200006600000000020B04697E
2026-03-30 12:10:30 - msg_id_0002 ==> 7E000200006600000000020B05687E
2026-03-30 12:10:33 - msg_id_0002 ==> 7E000200006600000000020B076A7E
2026-03-30 12:10:37 - msg_id_0002 ==> 7E000200006600000000020B08657E
2026-03-30 12:10:40 - msg_id_0002 ==> 7E000200006600000000020B09647E
2026-03-30 12:10:43 - msg_id_0002 ==> 7E000200006600000000020B0A677E
2026-03-30 12:10:46 - msg_id_0002 ==> 7E000200006600000000020B0B667E
2026-03-30 12:10:49 - msg_id_0002 ==> 7E000200006600000000020B0C617E
2026-03-30 12:10:52 - msg_id_0002 ==> 7E000200006600000000020B0D607E
2026-03-30 12:10:55 - msg_id_0002 ==> 7E000200006600000000020B0E637E
2026-03-30 12:10:58 - msg_id_0002 ==> 7E000200006600000000020B0F627E
2026-03-30 12:11:01 - msg_id_0002 ==> 7E000200006600000000020B107D017E
2026-03-30 12:11:04 - msg_id_0002 ==> 7E000200006600000000020B127F7E
2026-03-30 12:11:08 - msg_id_0002 ==> 7E000200006600000000020B137D027E
2026-03-30 12:11:11 - msg_id_0002 ==> 7E000200006600000000020B14797E
2026-03-30 12:11:14 - msg_id_0002 ==> 7E000200006600000000020B15787E
2026-03-30 12:11:17 - msg_id_0002 ==> 7E000200006600000000020B167B7E
2026-03-30 12:11:20 - msg_id_0002 ==> 7E000200006600000000020B177A7E
2026-03-30 12:11:23 - msg_id_0002 ==> 7E000200006600000000020B18757E
2026-03-30 12:11:26 - msg_id_0002 ==> 7E000200006600000000020B19747E
2026-03-30 12:11:29 - msg_id_0002 ==> 7E000200006600000000020B1A777E
2026-03-30 12:11:32 - msg_id_0002 ==> 7E000200006600000000020B1B767E
2026-03-30 12:11:35 - msg_id_0002 ==> 7E000200006600000000020B1D707E
2026-03-30 12:11:39 - msg_id_0002 ==> 7E000200006600000000020B1E737E
2026-03-30 12:11:42 - msg_id_0002 ==> 7E000200006600000000020B1F727E
2026-03-30 12:11:45 - msg_id_0002 ==> 7E000200006600000000020B204D7E
2026-03-30 12:11:48 - msg_id_0002 ==> 7E000200006600000000020B214C7E
2026-03-30 12:11:51 - msg_id_0002 ==> 7E000200006600000000020B224F7E
2026-03-30 12:11:54 - msg_id_0002 ==> 7E000200006600000000020B234E7E
2026-03-30 12:11:57 - msg_id_0002 ==> 7E000200006600000000020B24497E
2026-03-30 12:12:00 - msg_id_0002 ==> 7E000200006600000000020B25487E
2026-03-30 12:12:03 - msg_id_0002 ==> 7E000200006600000000020B264B7E
2026-03-30 12:12:06 - msg_id_0002 ==> 7E000200006600000000020B28457E
2026-03-30 12:12:10 - msg_id_0002 ==> 7E000200006600000000020B29447E
2026-03-30 12:12:13 - msg_id_0002 ==> 7E000200006600000000020B2A477E
2026-03-30 12:12:16 - msg_id_0002 ==> 7E000200006600000000020B2B467E
2026-03-30 12:12:19 - msg_id_0002 ==> 7E000200006600000000020B2C417E
2026-03-30 12:12:22 - msg_id_0002 ==> 7E000200006600000000020B2D407E
2026-03-30 12:12:25 - msg_id_0002 ==> 7E000200006600000000020B2E437E
2026-03-30 12:12:28 - msg_id_0002 ==> 7E000200006600000000020B2F427E
2026-03-30 12:12:31 - msg_id_0002 ==> 7E000200006600000000020B305D7E
2026-03-30 12:12:35 - msg_id_0002 ==> 7E000200006600000000020B315C7E
2026-03-30 12:12:37 - msg_id_0002 ==> 7E000200006600000000020B335E7E
2026-03-30 12:12:41 - msg_id_0002 ==> 7E000200006600000000020B34597E
2026-03-30 12:12:44 - msg_id_0002 ==> 7E000200006600000000020B35587E
2026-03-30 12:12:47 - msg_id_0002 ==> 7E000200006600000000020B365B7E
2026-03-30 12:12:50 - msg_id_0002 ==> 7E000200006600000000020B375A7E
2026-03-30 12:12:53 - msg_id_0002 ==> 7E000200006600000000020B38557E
2026-03-30 12:12:56 - msg_id_0002 ==> 7E000200006600000000020B39547E
2026-03-30 12:12:59 - msg_id_0002 ==> 7E000200006600000000020B3A577E
2026-03-30 12:13:02 - msg_id_0002 ==> 7E000200006600000000020B3B567E
2026-03-30 12:13:05 - msg_id_0002 ==> 7E000200006600000000020B3C517E
2026-03-30 12:13:08 - msg_id_0002 ==> 7E000200006600000000020B3E537E
2026-03-30 12:13:12 - msg_id_0002 ==> 7E000200006600000000020B3F527E
2026-03-30 12:13:15 - msg_id_0002 ==> 7E000200006600000000020B402D7E
2026-03-30 12:13:18 - msg_id_0002 ==> 7E000200006600000000020B412C7E
2026-03-30 12:13:21 - msg_id_0002 ==> 7E000200006600000000020B422F7E
2026-03-30 12:13:24 - msg_id_0002 ==> 7E000200006600000000020B432E7E
2026-03-30 12:13:27 - msg_id_0002 ==> 7E000200006600000000020B44297E
2026-03-30 12:13:30 - msg_id_0002 ==> 7E000200006600000000020B45287E
2026-03-30 12:13:33 - msg_id_0002 ==> 7E000200006600000000020B462B7E
2026-03-30 12:13:36 - msg_id_0002 ==> 7E000200006600000000020B472A7E
2026-03-30 12:13:39 - msg_id_0002 ==> 7E000200006600000000020B49247E
2026-03-30 12:13:43 - msg_id_0002 ==> 7E000200006600000000020B4A277E
2026-03-30 12:13:46 - msg_id_0002 ==> 7E000200006600000000020B4B267E
2026-03-30 12:13:49 - msg_id_0002 ==> 7E000200006600000000020B4C217E
2026-03-30 12:13:52 - msg_id_0002 ==> 7E000200006600000000020B4D207E
2026-03-30 12:13:55 - msg_id_0002 ==> 7E000200006600000000020B4E237E
2026-03-30 12:13:58 - msg_id_0002 ==> 7E000200006600000000020B4F227E
2026-03-30 12:14:01 - msg_id_0002 ==> 7E000200006600000000020B503D7E
2026-03-30 12:14:04 - msg_id_0002 ==> 7E000200006600000000020B513C7E
2026-03-30 12:14:07 - msg_id_0002 ==> 7E000200006600000000020B523F7E
2026-03-30 12:14:10 - msg_id_0002 ==> 7E000200006600000000020B54397E
2026-03-30 12:14:14 - msg_id_0002 ==> 7E000200006600000000020B55387E
2026-03-30 12:14:17 - msg_id_0002 ==> 7E000200006600000000020B563B7E
2026-03-30 12:14:20 - msg_id_0002 ==> 7E000200006600000000020B573A7E
2026-03-30 12:14:23 - msg_id_0002 ==> 7E000200006600000000020B58357E
2026-03-30 12:14:26 - msg_id_0002 ==> 7E000200006600000000020B59347E
2026-03-30 12:14:29 - msg_id_0002 ==> 7E000200006600000000020B5A377E
2026-03-30 12:14:32 - msg_id_0002 ==> 7E000200006600000000020B5B367E
2026-03-30 12:14:35 - msg_id_0002 ==> 7E000200006600000000020B5C317E
2026-03-30 12:14:38 - msg_id_0002 ==> 7E000200006600000000020B5D307E
2026-03-30 12:14:41 - msg_id_0002 ==> 7E000200006600000000020B5F327E
2026-03-30 12:14:45 - msg_id_0002 ==> 7E000200006600000000020B600D7E
2026-03-30 12:14:48 - msg_id_0002 ==> 7E000200006600000000020B610C7E
2026-03-30 12:14:51 - msg_id_0002 ==> 7E000200006600000000020B620F7E
2026-03-30 12:14:54 - msg_id_0002 ==> 7E000200006600000000020B630E7E
2026-03-30 12:14:57 - msg_id_0002 ==> 7E000200006600000000020B64097E
2026-03-30 12:15:00 - msg_id_0002 ==> 7E000200006600000000020B65087E
2026-03-30 12:15:03 - msg_id_0002 ==> 7E000200006600000000020B660B7E
2026-03-30 12:15:06 - msg_id_0002 ==> 7E000200006600000000020B670A7E
2026-03-30 12:15:09 - msg_id_0002 ==> 7E000200006600000000020B68057E
2026-03-30 12:15:12 - msg_id_0002 ==> 7E000200006600000000020B6A077E
2026-03-30 12:15:16 - msg_id_0002 ==> 7E000200006600000000020B6B067E
2026-03-30 12:15:19 - msg_id_0002 ==> 7E000200006600000000020B6C017E
2026-03-30 12:15:22 - msg_id_0002 ==> 7E000200006600000000020B6D007E
2026-03-30 12:15:25 - msg_id_0002 ==> 7E000200006600000000020B6E037E
2026-03-30 12:15:28 - msg_id_0002 ==> 7E000200006600000000020B6F027E
2026-03-30 12:15:31 - msg_id_0002 ==> 7E000200006600000000020B701D7E
2026-03-30 12:15:34 - msg_id_0002 ==> 7E000200006600000000020B711C7E
2026-03-30 12:15:37 - msg_id_0002 ==> 7E000200006600000000020B721F7E
2026-03-30 12:15:40 - msg_id_0002 ==> 7E000200006600000000020B731E7E
2026-03-30 12:15:43 - msg_id_0002 ==> 7E000200006600000000020B75187E
2026-03-30 12:15:47 - msg_id_0002 ==> 7E000200006600000000020B761B7E
2026-03-30 12:15:50 - msg_id_0002 ==> 7E000200006600000000020B771A7E
2026-03-30 12:15:53 - msg_id_0002 ==> 7E000200006600000000020B78157E
2026-03-30 12:15:56 - msg_id_0002 ==> 7E000200006600000000020B79147E
2026-03-30 12:15:59 - msg_id_0002 ==> 7E000200006600000000020B7A177E
2026-03-30 12:16:02 - msg_id_0002 ==> 7E000200006600000000020B7B167E
2026-03-30 12:16:05 - msg_id_0002 ==> 7E000200006600000000020B7C117E
2026-03-30 12:16:08 - msg_id_0002 ==> 7E000200006600000000020B7D01107E
2026-03-30 12:16:11 - msg_id_0002 ==> 7E000200006600000000020B7D02137E
2026-03-30 12:16:19 - msg_id_0002 ==> 7E000200006600000000020B83EE7E
2026-03-30 12:16:22 - msg_id_0002 ==> 7E000200006600000000020B84E97E
2026-03-30 12:16:25 - msg_id_0002 ==> 7E000200006600000000020B85E87E
2026-03-30 12:16:28 - msg_id_0002 ==> 7E000200006600000000020B86EB7E
2026-03-30 12:16:31 - msg_id_0002 ==> 7E000200006600000000020B87EA7E
2026-03-30 12:16:34 - msg_id_0002 ==> 7E000200006600000000020B88E57E
2026-03-30 12:16:37 - msg_id_0002 ==> 7E000200006600000000020B89E47E
2026-03-30 12:16:41 - msg_id_0002 ==> 7E000200006600000000020B8AE77E
2026-03-30 12:16:44 - msg_id_0002 ==> 7E000200006600000000020B8BE67E
2026-03-30 12:16:47 - msg_id_0002 ==> 7E000200006600000000020B8CE17E
2026-03-30 12:16:50 - msg_id_0002 ==> 7E000200006600000000020B8EE37E
2026-03-30 12:16:53 - msg_id_0002 ==> 7E000200006600000000020B8FE27E
2026-03-30 12:16:56 - msg_id_0002 ==> 7E000200006600000000020B90FD7E
2026-03-30 12:16:59 - msg_id_0002 ==> 7E000200006600000000020B91FC7E
2026-03-30 12:17:02 - msg_id_0002 ==> 7E000200006600000000020B92FF7E
2026-03-30 12:17:05 - msg_id_0002 ==> 7E000200006600000000020B93FE7E
2026-03-30 12:17:08 - msg_id_0002 ==> 7E000200006600000000020B94F97E
2026-03-30 12:17:12 - msg_id_0002 ==> 7E000200006600000000020B95F87E
2026-03-30 12:17:15 - msg_id_0002 ==> 7E000200006600000000020B96FB7E
2026-03-30 12:17:18 - msg_id_0002 ==> 7E000200006600000000020B97FA7E
2026-03-30 12:17:21 - msg_id_0002 ==> 7E000200006600000000020B99F47E
2026-03-30 12:17:24 - msg_id_0002 ==> 7E000200006600000000020B9AF77E
2026-03-30 12:17:27 - msg_id_0002 ==> 7E000200006600000000020B9BF67E
2026-03-30 12:17:30 - msg_id_0002 ==> 7E000200006600000000020B9CF17E
2026-03-30 12:17:33 - msg_id_0002 ==> 7E000200006600000000020B9DF07E
2026-03-30 12:17:36 - msg_id_0002 ==> 7E000200006600000000020B9EF37E
2026-03-30 12:17:39 - msg_id_0002 ==> 7E000200006600000000020B9FF27E
2026-03-30 12:17:43 - msg_id_0002 ==> 7E000200006600000000020BA0CD7E
2026-03-30 12:17:46 - msg_id_0002 ==> 7E000200006600000000020BA1CC7E
2026-03-30 12:17:49 - msg_id_0002 ==> 7E000200006600000000020BA2CF7E
2026-03-30 12:17:52 - msg_id_0002 ==> 7E000200006600000000020BA4C97E
2026-03-30 12:17:55 - msg_id_0002 ==> 7E000200006600000000020BA5C87E
2026-03-30 12:17:58 - msg_id_0002 ==> 7E000200006600000000020BA6CB7E
2026-03-30 12:18:01 - msg_id_0002 ==> 7E000200006600000000020BA7CA7E
2026-03-30 12:18:04 - msg_id_0002 ==> 7E000200006600000000020BA8C57E
2026-03-30 12:18:07 - msg_id_0002 ==> 7E000200006600000000020BA9C47E
2026-03-30 12:18:10 - msg_id_0002 ==> 7E000200006600000000020BAAC77E
2026-03-30 12:18:14 - msg_id_0002 ==> 7E000200006600000000020BABC67E
2026-03-30 12:18:17 - msg_id_0002 ==> 7E000200006600000000020BACC17E
2026-03-30 12:18:20 - msg_id_0002 ==> 7E000200006600000000020BADC07E
2026-03-30 12:18:23 - msg_id_0002 ==> 7E000200006600000000020BAFC27E
2026-03-30 12:18:26 - msg_id_0002 ==> 7E000200006600000000020BB0DD7E
2026-03-30 12:18:29 - msg_id_0002 ==> 7E000200006600000000020BB1DC7E
2026-03-30 12:18:32 - msg_id_0002 ==> 7E000200006600000000020BB2DF7E
2026-03-30 12:18:35 - msg_id_0002 ==> 7E000200006600000000020BB3DE7E
2026-03-30 12:18:38 - msg_id_0002 ==> 7E000200006600000000020BB4D97E
2026-03-30 12:18:41 - msg_id_0002 ==> 7E000200006600000000020BB5D87E
2026-03-30 12:18:45 - msg_id_0002 ==> 7E000200006600000000020BB6DB7E
2026-03-30 12:18:48 - msg_id_0002 ==> 7E000200006600000000020BB7DA7E
2026-03-30 12:18:51 - msg_id_0002 ==> 7E000200006600000000020BB8D57E
2026-03-30 12:18:54 - msg_id_0002 ==> 7E000200006600000000020BBAD77E
2026-03-30 12:18:57 - msg_id_0002 ==> 7E000200006600000000020BBBD67E
2026-03-30 12:19:00 - msg_id_0002 ==> 7E000200006600000000020BBCD17E
2026-03-30 12:19:03 - msg_id_0002 ==> 7E000200006600000000020BBDD07E
2026-03-30 12:19:06 - msg_id_0002 ==> 7E000200006600000000020BBED37E
2026-03-30 12:19:10 - msg_id_0002 ==> 7E000200006600000000020BBFD27E
2026-03-30 12:19:12 - msg_id_0002 ==> 7E000200006600000000020BC0AD7E
2026-03-30 12:19:16 - msg_id_0002 ==> 7E000200006600000000020BC1AC7E
2026-03-30 12:19:19 - msg_id_0002 ==> 7E000200006600000000020BC2AF7E
2026-03-30 12:19:22 - msg_id_0002 ==> 7E000200006600000000020BC3AE7E
2026-03-30 12:19:25 - msg_id_0002 ==> 7E000200006600000000020BC5A87E
2026-03-30 12:19:28 - msg_id_0002 ==> 7E000200006600000000020BC6AB7E
2026-03-30 12:19:31 - msg_id_0002 ==> 7E000200006600000000020BC7AA7E
2026-03-30 12:19:34 - msg_id_0002 ==> 7E000200006600000000020BC8A57E
2026-03-30 12:19:37 - msg_id_0002 ==> 7E000200006600000000020BC9A47E
2026-03-30 12:19:40 - msg_id_0002 ==> 7E000200006600000000020BCAA77E
2026-03-30 12:19:44 - msg_id_0002 ==> 7E000200006600000000020BCBA67E
2026-03-30 12:19:47 - msg_id_0002 ==> 7E000200006600000000020BCCA17E
2026-03-30 12:19:50 - msg_id_0002 ==> 7E000200006600000000020BCDA07E
2026-03-30 12:19:53 - msg_id_0002 ==> 7E000200006600000000020BCEA37E
2026-03-30 12:19:56 - msg_id_0002 ==> 7E000200006600000000020BD0BD7E
2026-03-30 12:19:59 - msg_id_0002 ==> 7E000200006600000000020BD1BC7E
2026-03-30 12:20:02 - msg_id_0002 ==> 7E000200006600000000020BD2BF7E
2026-03-30 12:20:05 - msg_id_0002 ==> 7E000200006600000000020BD3BE7E
2026-03-30 12:20:08 - msg_id_0002 ==> 7E000200006600000000020BD4B97E
2026-03-30 12:20:11 - msg_id_0002 ==> 7E000200006600000000020BD5B87E
2026-03-30 12:20:15 - msg_id_0002 ==> 7E000200006600000000020BD6BB7E
2026-03-30 12:20:18 - msg_id_0002 ==> 7E000200006600000000020BD7BA7E
2026-03-30 12:20:21 - msg_id_0002 ==> 7E000200006600000000020BD8B57E
2026-03-30 12:20:24 - msg_id_0002 ==> 7E000200006600000000020BD9B47E
2026-03-30 12:20:27 - msg_id_0002 ==> 7E000200006600000000020BDBB67E
2026-03-30 12:20:30 - msg_id_0002 ==> 7E000200006600000000020BDCB17E
2026-03-30 12:20:33 - msg_id_0002 ==> 7E000200006600000000020BDDB07E
2026-03-30 12:20:36 - msg_id_0002 ==> 7E000200006600000000020BDEB37E
2026-03-30 12:20:39 - msg_id_0002 ==> 7E000200006600000000020BDFB27E
2026-03-30 12:20:42 - msg_id_0002 ==> 7E000200006600000000020BE08D7E
2026-03-30 12:20:46 - msg_id_0002 ==> 7E000200006600000000020BE18C7E
2026-03-30 12:20:49 - msg_id_0002 ==> 7E000200006600000000020BE28F7E
2026-03-30 12:20:52 - msg_id_0002 ==> 7E000200006600000000020BE38E7E
2026-03-30 12:20:55 - msg_id_0002 ==> 7E000200006600000000020BE4897E
2026-03-30 12:20:58 - msg_id_0002 ==> 7E000200006600000000020BE68B7E
2026-03-30 12:21:01 - msg_id_0002 ==> 7E000200006600000000020BE78A7E
2026-03-30 12:21:04 - msg_id_0002 ==> 7E000200006600000000020BE8857E
2026-03-30 12:21:07 - msg_id_0002 ==> 7E000200006600000000020BE9847E
2026-03-30 12:21:10 - msg_id_0002 ==> 7E000200006600000000020BEA877E
2026-03-30 12:21:13 - msg_id_0002 ==> 7E000200006600000000020BEB867E
2026-03-30 12:21:17 - msg_id_0002 ==> 7E000200006600000000020BEC817E
2026-03-30 12:21:20 - msg_id_0002 ==> 7E000200006600000000020BED807E
2026-03-30 12:21:23 - msg_id_0002 ==> 7E000200006600000000020BEE837E
2026-03-30 12:21:26 - msg_id_0002 ==> 7E000200006600000000020BEF827E
2026-03-30 12:21:29 - msg_id_0002 ==> 7E000200006600000000020BF19C7E
2026-03-30 12:21:32 - msg_id_0002 ==> 7E000200006600000000020BF29F7E
2026-03-30 12:21:35 - msg_id_0002 ==> 7E000200006600000000020BF39E7E
2026-03-30 12:21:38 - msg_id_0002 ==> 7E000200006600000000020BF4997E
2026-03-30 12:21:41 - msg_id_0002 ==> 7E000200006600000000020BF5987E
2026-03-30 12:21:44 - msg_id_0002 ==> 7E000200006600000000020BF69B7E
2026-03-30 12:21:48 - msg_id_0002 ==> 7E000200006600000000020BF79A7E
2026-03-30 12:21:51 - msg_id_0002 ==> 7E000200006600000000020BF8957E
2026-03-30 12:21:54 - msg_id_0002 ==> 7E000200006600000000020BF9947E
2026-03-30 12:21:57 - msg_id_0002 ==> 7E000200006600000000020BFA977E
2026-03-30 12:22:00 - msg_id_0002 ==> 7E000200006600000000020BFC917E
2026-03-30 12:22:03 - msg_id_0002 ==> 7E000200006600000000020BFD907E
2026-03-30 12:22:06 - msg_id_0002 ==> 7E000200006600000000020BFE937E
2026-03-30 12:22:09 - msg_id_0002 ==> 7E000200006600000000020BFF927E
2026-03-30 12:22:12 - msg_id_0002 ==> 7E000200006600000000020C006A7E
2026-03-30 12:22:15 - msg_id_0002 ==> 7E000200006600000000020C016B7E
2026-03-30 12:22:19 - msg_id_0002 ==> 7E000200006600000000020C02687E
2026-03-30 12:22:22 - msg_id_0002 ==> 7E000200006600000000020C03697E
2026-03-30 12:22:25 - msg_id_0002 ==> 7E000200006600000000020C046E7E
2026-03-30 12:22:28 - msg_id_0002 ==> 7E000200006600000000020C056F7E
2026-03-30 12:22:31 - msg_id_0002 ==> 7E000200006600000000020C076D7E
2026-03-30 12:22:34 - msg_id_0002 ==> 7E000200006600000000020C08627E
2026-03-30 12:22:37 - msg_id_0002 ==> 7E000200006600000000020C09637E
2026-03-30 12:22:40 - msg_id_0002 ==> 7E000200006600000000020C0A607E
2026-03-30 12:22:43 - msg_id_0002 ==> 7E000200006600000000020C0B617E
2026-03-30 12:22:46 - msg_id_0002 ==> 7E000200006600000000020C0C667E
2026-03-30 12:22:50 - msg_id_0002 ==> 7E000200006600000000020C0D677E
2026-03-30 12:22:53 - msg_id_0002 ==> 7E000200006600000000020C0E647E
2026-03-30 12:22:56 - msg_id_0002 ==> 7E000200006600000000020C0F657E
2026-03-30 12:22:59 - msg_id_0002 ==> 7E000200006600000000020C107A7E
2026-03-30 12:23:02 - msg_id_0002 ==> 7E000200006600000000020C12787E
2026-03-30 12:23:05 - msg_id_0002 ==> 7E000200006600000000020C13797E
2026-03-30 12:23:08 - msg_id_0002 ==> 7E000200006600000000020C147D027E
2026-03-30 12:23:11 - msg_id_0002 ==> 7E000200006600000000020C157F7E
2026-03-30 12:23:15 - msg_id_0002 ==> 7E000200006600000000020C167C7E
2026-03-30 12:23:18 - msg_id_0002 ==> 7E000200006600000000020C177D017E
2026-03-30 12:23:21 - msg_id_0002 ==> 7E000200006600000000020C18727E
2026-03-30 12:23:24 - msg_id_0002 ==> 7E000200006600000000020C19737E
2026-03-30 12:23:27 - msg_id_0002 ==> 7E000200006600000000020C1A707E
2026-03-30 12:23:30 - msg_id_0002 ==> 7E000200006600000000020C1B717E
2026-03-30 12:23:33 - msg_id_0002 ==> 7E000200006600000000020C1D777E
2026-03-30 12:23:36 - msg_id_0002 ==> 7E000200006600000000020C1E747E
2026-03-30 12:23:39 - msg_id_0002 ==> 7E000200006600000000020C1F757E
2026-03-30 12:23:42 - msg_id_0002 ==> 7E000200006600000000020C204A7E
2026-03-30 12:23:45 - msg_id_0002 ==> 7E000200006600000000020C214B7E
2026-03-30 12:23:48 - msg_id_0002 ==> 7E000200006600000000020C22487E
2026-03-30 12:23:52 - msg_id_0002 ==> 7E000200006600000000020C23497E
2026-03-30 12:23:55 - msg_id_0002 ==> 7E000200006600000000020C244E7E
2026-03-30 12:23:58 - msg_id_0002 ==> 7E000200006600000000020C254F7E
2026-03-30 12:24:01 - msg_id_0002 ==> 7E000200006600000000020C264C7E
2026-03-30 12:24:04 - msg_id_0002 ==> 7E000200006600000000020C28427E
2026-03-30 12:24:07 - msg_id_0002 ==> 7E000200006600000000020C29437E
2026-03-30 12:24:10 - msg_id_0002 ==> 7E000200006600000000020C2A407E
2026-03-30 12:24:13 - msg_id_0002 ==> 7E000200006600000000020C2B417E
2026-03-30 12:24:16 - msg_id_0002 ==> 7E000200006600000000020C2C467E
2026-03-30 12:24:19 - msg_id_0002 ==> 7E000200006600000000020C2D477E
2026-03-30 12:24:23 - msg_id_0002 ==> 7E000200006600000000020C2E447E
2026-03-30 12:24:26 - msg_id_0002 ==> 7E000200006600000000020C2F457E
2026-03-30 12:24:29 - msg_id_0002 ==> 7E000200006600000000020C305A7E
2026-03-30 12:24:32 - msg_id_0002 ==> 7E000200006600000000020C315B7E
2026-03-30 12:24:35 - msg_id_0002 ==> 7E000200006600000000020C33597E
2026-03-30 12:24:38 - msg_id_0002 ==> 7E000200006600000000020C345E7E
2026-03-30 12:24:41 - msg_id_0002 ==> 7E000200006600000000020C355F7E
2026-03-30 12:24:44 - msg_id_0002 ==> 7E000200006600000000020C365C7E
2026-03-30 12:24:47 - msg_id_0002 ==> 7E000200006600000000020C375D7E
2026-03-30 12:24:51 - msg_id_0002 ==> 7E000200006600000000020C38527E
2026-03-30 12:24:54 - msg_id_0002 ==> 7E000200006600000000020C39537E
2026-03-30 12:24:57 - msg_id_0002 ==> 7E000200006600000000020C3A507E
2026-03-30 12:25:00 - msg_id_0002 ==> 7E000200006600000000020C3B517E
2026-03-30 12:25:03 - msg_id_0002 ==> 7E000200006600000000020C3C567E
2026-03-30 12:25:06 - msg_id_0002 ==> 7E000200006600000000020C3E547E
2026-03-30 12:25:09 - msg_id_0002 ==> 7E000200006600000000020C3F557E
2026-03-30 12:25:12 - msg_id_0002 ==> 7E000200006600000000020C402A7E
2026-03-30 12:25:15 - msg_id_0002 ==> 7E000200006600000000020C412B7E
2026-03-30 12:25:18 - msg_id_0002 ==> 7E000200006600000000020C42287E
2026-03-30 12:25:22 - msg_id_0002 ==> 7E000200006600000000020C43297E
2026-03-30 12:25:25 - msg_id_0002 ==> 7E000200006600000000020C442E7E
2026-03-30 12:25:28 - msg_id_0002 ==> 7E000200006600000000020C452F7E
2026-03-30 12:25:31 - msg_id_0002 ==> 7E000200006600000000020C462C7E
2026-03-30 12:25:34 - msg_id_0002 ==> 7E000200006600000000020C472D7E
2026-03-30 12:25:37 - msg_id_0002 ==> 7E000200006600000000020C49237E
2026-03-30 12:25:40 - msg_id_0002 ==> 7E000200006600000000020C4A207E
2026-03-30 12:25:43 - msg_id_0002 ==> 7E000200006600000000020C4B217E
2026-03-30 12:25:46 - msg_id_0002 ==> 7E000200006600000000020C4C267E
2026-03-30 12:25:49 - msg_id_0002 ==> 7E000200006600000000020C4D277E
2026-03-30 12:25:53 - msg_id_0002 ==> 7E000200006600000000020C4E247E
2026-03-30 12:25:56 - msg_id_0002 ==> 7E000200006600000000020C4F257E
2026-03-30 12:25:59 - msg_id_0002 ==> 7E000200006600000000020C503A7E
