2026-03-30 00:00:28 - msg_id_0200 ==> 7E02000042660000000002CDFB00000000000C000300C646D1049FAC10039500000000260330000027010400000000140400000000150400000000160400000000170200002A020000300146310110B37E
2026-03-30 00:00:59 - msg_id_0200 ==> 7E02000042660000000002CE0600000000000C000300C646D0049FAC10039500000000260330000058010400000000140400000000150400000000160400000000170200002A02000030014631010E2D7E
2026-03-30 00:01:30 - msg_id_0200 ==> 7E02000042660000000002CE1100000000000C000300C646CF049FAC10039500000000260330000129010400000000140400000000150400000000160400000000170200002A02000030014631010F547E
2026-03-30 00:02:01 - msg_id_0200 ==> 7E02000042660000000002CE1C00000000000C000300C646CE049FAC10039500000000260330000200010400000000140400000000150400000000160400000000170200002A02000030014631010F727E
2026-03-30 00:02:32 - msg_id_0200 ==> 7E02000042660000000002CE2700000000000C000300C646CD049FAC10039500000000260330000231010400000000140400000000150400000000160400000000170200002A02000030014631010F7B7E
2026-03-30 00:03:03 - msg_id_0200 ==> 7E02000042660000000002CE3200000000000C000300C646CE049FAC10039500000000260330000302010400000000140400000000150400000000160400000000170200002A020000300146310110407E
2026-03-30 00:03:34 - msg_id_0200 ==> 7E02000042660000000002CE3D00000000000C000300C646CF049FAC10039500000000260330000333010400000000140400000000150400000000160400000000170200002A02000030014631010F607E
2026-03-30 00:04:05 - msg_id_0200 ==> 7E02000042660000000002CE4800000000000C000300C646D2049FAC18039500000000260330000404010400000000140400000000150400000000160400000000170200002A0200003001463101102F7E
2026-03-30 00:04:36 - msg_id_0200 ==> 7E02000042660000000002CE5300000000000C000300C646D3049FAC18039500000000260330000435010400000000140400000000150400000000160400000000170200002A020000300146310111057E
2026-03-30 00:05:07 - msg_id_0200 ==> 7E02000042660000000002CE5E00000000000C000300C646D6049FAC18039500000000260330000506010400000000140400000000150400000000160400000000170200002A02000030014631010F217E
2026-03-30 00:05:38 - msg_id_0200 ==> 7E02000042660000000002CE6900000000000C000300C646D8049FAC20039500000000260330000537010400000000140400000000150400000000160400000000170200002A02000030014631010F117E
2026-03-30 00:06:09 - msg_id_0200 ==> 7E02000042660000000002CE7400000000000C000300C646D9049FAC20039500000000260330000608010400000000140400000000150400000000160400000000170200002A02000030014631010F317E
2026-03-30 00:06:39 - msg_id_0200 ==> 7E02000042660000000002CE7F00000100000C000300C646D9049FAC20039500000000260330000638010400000000140400000000150400000000160400000000170200002A020000300146310111157E
2026-03-30 00:06:44 - msg_id_0200 ==> 7E02000042660000000002CE8200000000000C000300C646DA049FAC20039500000000260330000643010400000000140400000000150400000000160400000000170200002A020000300146310113937E
2026-03-30 00:07:15 - msg_id_0200 ==> 7E02000042660000000002CE8D00000000000C000300C646DB049FAC28039500000000260330000714010400000000140400000000150400000000160400000000170200002A020000300146310113C37E
2026-03-30 00:07:46 - msg_id_0200 ==> 7E02000042660000000002CE9800000000000C000300C646DB049FAC28039500000000260330000745010400000000140400000000150400000000160400000000170200002A020000300146310112867E
2026-03-30 00:08:17 - msg_id_0200 ==> 7E02000042660000000002CEA300000000000C000300C646DB049FAC28039500000000260330000816010400000000140400000000150400000000160400000000170200002A020000300146310111E27E
2026-03-30 00:08:48 - msg_id_0200 ==> 7E02000042660000000002CEAE00000000000C000300C646DB049FAC28039500000000260330000847010400000000140400000000150400000000160400000000170200002A020000300146310110BF7E
2026-03-30 00:09:19 - msg_id_0200 ==> 7E02000042660000000002CEB900000000000C000300C646DD049FAC30039500000000260330000918010400000000140400000000150400000000160400000000170200002A02000030014631010FF77E
2026-03-30 00:09:50 - msg_id_0200 ==> 7E02000042660000000002CEC400000000000C000300C646DD049FAC30039500000000260330000949010400000000140400000000150400000000160400000000170200002A020000300146310110C47E
2026-03-30 00:10:21 - msg_id_0200 ==> 7E02000042660000000002CECF00000000000C000300C646DD049FAC30039500000000260330001020010400000000140400000000150400000000160400000000170200002A020000300146310111BE7E
2026-03-30 00:10:52 - msg_id_0200 ==> 7E02000042660000000002CEDA00000000000C000300C646DD049FAC38039500000000260330001051010400000000140400000000150400000000160400000000170200002A020000300146310113D07E
2026-03-30 00:11:23 - msg_id_0200 ==> 7E02000042660000000002CEE500000000000C000300C646DF049FAC38039400000000260330001122010400000000140400000000150400000000160400000000170200002A0200003001463101139E7E
2026-03-30 00:11:54 - msg_id_0200 ==> 7E02000042660000000002CEF000000000000C000300C646DF049FAC38039400000000260330001153010400000000140400000000150400000000160400000000170200002A020000300146310113FA7E
2026-03-30 00:12:25 - msg_id_0200 ==> 7E02000042660000000002CEFB00000000000C000300C646E1049FAC38039400000000260330001224010400000000140400000000150400000000160400000000170200002A020000300146310113BB7E
2026-03-30 00:12:56 - msg_id_0200 ==> 7E02000042660000000002CF0600000000000C000300C646E2049FAC38039400000000260330001255010400000000140400000000150400000000160400000000170200002A020000300146310113357E
2026-03-30 00:13:27 - msg_id_0200 ==> 7E02000042660000000002CF1100000000000C000300C646E3049FAC38039400000000260330001326010400000000140400000000150400000000160400000000170200002A020000300146310112507E
2026-03-30 00:13:58 - msg_id_0200 ==> 7E02000042660000000002CF1C00000000000C000300C646E3049FAC38039400000000260330001357010400000000140400000000150400000000160400000000170200002A0200003001463101122C7E
2026-03-30 00:14:29 - msg_id_0200 ==> 7E02000042660000000002CF2700000000000C000300C646E3049FAC38039400000000260330001428010400000000140400000000150400000000160400000000170200002A0200003001463101136E7E
2026-03-30 00:15:00 - msg_id_0200 ==> 7E02000042660000000002CF3200000000000C000300C646E2049FAC38039400000000260330001459010400000000140400000000150400000000160400000000170200002A0200003001463101120A7E
2026-03-30 00:15:31 - msg_id_0200 ==> 7E02000042660000000002CF3D00000000000C000300C646E3049FAC38039400000000260330001530010400000000140400000000150400000000160400000000170200002A0200003001463101136D7E
2026-03-30 00:16:02 - msg_id_0200 ==> 7E02000042660000000002CF4800000000000C000300C646E3049FAC40039400000000260330001601010400000000140400000000150400000000160400000000170200002A020000300146310112537E
2026-03-30 00:16:33 - msg_id_0200 ==> 7E02000042660000000002CF5300000000000C000300C646E4049FAC40039400000000260330001632010400000000140400000000150400000000160400000000170200002A0200003001463101127C7E
2026-03-30 00:17:04 - msg_id_0200 ==> 7E02000042660000000002CF5E00000000000C000300C646E4049FAC40039400000000260330001703010400000000140400000000150400000000160400000000170200002A020000300146310112417E
2026-03-30 00:17:35 - msg_id_0200 ==> 7E02000042660000000002CF6900000000000C000300C646E4049FAC48039400000000260330001734010400000000140400000000150400000000160400000000170200002A020000300146310112497E
2026-03-30 00:18:06 - msg_id_0200 ==> 7E02000042660000000002CF7400000000000C000300C646E6049FAC48039400000000260330001805010400000000140400000000150400000000160400000000170200002A0200003001463101146E7E
2026-03-30 00:18:37 - msg_id_0200 ==> 7E02000042660000000002CF7F00000100000C000300C646E8049FAC48039400000000260330001836010400000000140400000000150400000000160400000000170200002A0200003001463101135E7E
2026-03-30 00:18:42 - msg_id_0200 ==> 7E02000042660000000002CF8200000000000C000300C646E8049FAC48039400000000260330001841010400000000140400000000150400000000160400000000170200002A020000300146310112D47E
2026-03-30 00:19:13 - msg_id_0200 ==> 7E02000042660000000002CF8D00000000000C000300C646E9049FAC48039300000000260330001912010400000000140400000000150400000000160400000000170200002A020000300146310115887E
2026-03-30 00:19:44 - msg_id_0200 ==> 7E02000042660000000002CF9800000000000C000300C646E9049FAC48039300000000260330001943010400000000140400000000150400000000160400000000170200002A020000300146310115CC7E
2026-03-30 00:20:15 - msg_id_0200 ==> 7E02000042660000000002CFA300000000000C000300C646E9049FAC48039300000000260330002014010400000000140400000000150400000000160400000000170200002A020000300146310114987E
2026-03-30 00:20:46 - msg_id_0200 ==> 7E02000042660000000002CFAE00000000000C000300C646EB049FAC48039300000000260330002045010400000000140400000000150400000000160400000000170200002A020000300146310115C77E
2026-03-30 00:21:17 - msg_id_0200 ==> 7E02000042660000000002CFB900000000000C000300C646E9049FAC48039300000000260330002116010400000000140400000000150400000000160400000000170200002A020000300146310114817E
2026-03-30 00:21:48 - msg_id_0200 ==> 7E02000042660000000002CFC400000000000C000300C646EA049FAC48039300000000260330002147010400000000140400000000150400000000160400000000170200002A020000300146310114AE7E
2026-03-30 00:22:19 - msg_id_0200 ==> 7E02000042660000000002CFCF00000000000C000300C646EB049FAC48039300000000260330002218010400000000140400000000150400000000160400000000170200002A020000300146310113FF7E
2026-03-30 00:22:50 - msg_id_0200 ==> 7E02000042660000000002CFDA00000000000C000300C646EA049FAC48039300000000260330002249010400000000140400000000150400000000160400000000170200002A020000300146310114BD7E
2026-03-30 00:23:21 - msg_id_0200 ==> 7E02000042660000000002CFE500000000000C000300C646EC049FAC48039300000000260330002320010400000000140400000000150400000000160400000000170200002A020000300146310113EB7E
2026-03-30 00:23:52 - msg_id_0200 ==> 7E02000042660000000002CFF000000000000C000300C646EE049FAC48039300000000260330002351010400000000140400000000150400000000160400000000170200002A0200003001463101118F7E
2026-03-30 00:24:23 - msg_id_0200 ==> 7E02000042660000000002CFFB00000000000C000300C646EF049FAC50039300000000260330002422010400000000140400000000150400000000160400000000170200002A020000300146310111E97E
2026-03-30 00:24:54 - msg_id_0200 ==> 7E02000042660000000002D00600000000000C000300C646F0049FAC50039200000000260330002453010400000000140400000000150400000000160400000000170200002A020000300146310112677E
2026-03-30 00:25:25 - msg_id_0200 ==> 7E02000042660000000002D01100000000000C000300C646F4049FAC48039200000000260330002524010400000000140400000000150400000000160400000000170200002A0200003001463101131B7E
2026-03-30 00:25:56 - msg_id_0200 ==> 7E02000042660000000002D01C00000000000C000300C646F6049FAC48039200000000260330002555010400000000140400000000150400000000160400000000170200002A020000300146310112647E
2026-03-30 00:26:27 - msg_id_0200 ==> 7E02000042660000000002D02700000000000C000300C646F9049FAC48039200000000260330002626010400000000140400000000150400000000160400000000170200002A020000300146310111237E
2026-03-30 00:26:58 - msg_id_0200 ==> 7E02000042660000000002D03200000000000C000300C646FE049FAC50039200000000260330002657010400000000140400000000150400000000160400000000170200002A0200003001463101125B7E
2026-03-30 00:27:29 - msg_id_0200 ==> 7E02000042660000000002D03D00000000000C000300C64701049FAC50039200000000260330002728010400000000140400000000150400000000160400000000170200002A02000030014631010FC97E
2026-03-30 00:28:00 - msg_id_0200 ==> 7E02000042660000000002D04800000000000C000300C64703049FAC50039200000000260330002759010400000000140400000000150400000000160400000000170200002A020000300146310110D07E
2026-03-30 00:28:31 - msg_id_0200 ==> 7E02000042660000000002D05300000000000C000300C64706049FAC50039200000000260330002830010400000000140400000000150400000000160400000000170200002A02000030014631010FB77E
2026-03-30 00:29:02 - msg_id_0200 ==> 7E02000042660000000002D05E00000000000C000300C64709049FAC50039200000000260330002901010400000000140400000000150400000000160400000000170200002A02000030014631010E847E
2026-03-30 00:29:33 - msg_id_0200 ==> 7E02000042660000000002D06900000000000C000300C6470C049FAC50039200000000260330002932010400000000140400000000150400000000160400000000170200002A0200003001463101119A7E
2026-03-30 00:30:04 - msg_id_0200 ==> 7E02000042660000000002D07400000000000C000300C6470F049FAC50039200000000260330003003010400000000140400000000150400000000160400000000170200002A020000300146310111AC7E
2026-03-30 00:30:34 - msg_id_0200 ==> 7E02000042660000000002D07F00000100000C000300C64714049FAC58039200000000260330003033010400000000140400000000150400000000160400000000170200002A020000300146310112867E
2026-03-30 00:30:39 - msg_id_0200 ==> 7E02000042660000000002D08200000000000C000300C64715049FAC58039200000000260330003038010400000000140400000000150400000000160400000000170200002A020000300146310112707E
2026-03-30 00:31:10 - msg_id_0200 ==> 7E02000042660000000002D08D00000000000C000300C64719049FAC50039200000000260330003109010400000000140400000000150400000000160400000000170200002A0200003001463101124B7E
2026-03-30 00:31:41 - msg_id_0200 ==> 7E02000042660000000002D09800000000000C000300C6471C049FAC50039200000000260330003140010400000000140400000000150400000000160400000000170200002A020000300146310112127E
2026-03-30 00:32:12 - msg_id_0200 ==> 7E02000042660000000002D0A300000000000C000300C6471F049FAC58039200000000260330003211010400000000140400000000150400000000160400000000170200002A020000300146310112707E
2026-03-30 00:32:43 - msg_id_0200 ==> 7E02000042660000000002D0AE00000000000C000300C64722049FAC58039200000000260330003242010400000000140400000000150400000000160400000000170200002A020000300146310111107E
2026-03-30 00:33:14 - msg_id_0200 ==> 7E02000042660000000002D0B900000000000C000300C64727049FAC58039300000000260330003313010400000000140400000000150400000000160400000000170200002A02000030014631010E4C7E
2026-03-30 00:33:45 - msg_id_0200 ==> 7E02000042660000000002D0C400000000000C000300C6472B049FAC58039300000000260330003344010400000000140400000000150400000000160400000000170200002A020000300146310110747E
2026-03-30 00:34:16 - msg_id_0200 ==> 7E02000042660000000002D0CF00000000000C000300C6473C049FAC60039300000000260330003415010400000000140400000000150400000000160400000000170200002A02000030014631010F197E
2026-03-30 00:34:47 - msg_id_0200 ==> 7E02000042660000000002D0DA00000000000C000300C64748049FAC70039300000000260330003446010400000000140400000000150400000000160400000000170200002A020000300146310110247E
2026-03-30 00:35:18 - msg_id_0200 ==> 7E02000042660000000002D0E500000000000C000300C6474A049FAC70039300000000260330003517010400000000140400000000150400000000160400000000170200002A02000030014631010F567E
2026-03-30 00:35:49 - msg_id_0200 ==> 7E02000042660000000002D0F000000000000C000300C6474D049FAC78039300000000260330003548010400000000140400000000150400000000160400000000170200002A0200003001463101110D7E
2026-03-30 00:36:20 - msg_id_0200 ==> 7E02000042660000000002D0FB00000000000C000300C6474A049FAC78039300000000260330003619010400000000140400000000150400000000160400000000170200002A020000300146310110527E
2026-03-30 00:36:51 - msg_id_0200 ==> 7E02000042660000000002D10600000000000C000300C64747049FAC80039300000000260330003650010400000000140400000000150400000000160400000000170200002A020000300146310110127E
2026-03-30 00:37:22 - msg_id_0200 ==> 7E02000042660000000002D11100000000000C000300C64747049FAC88039300000000260330003721010400000000140400000000150400000000160400000000170200002A0200003001463101127F7E
2026-03-30 00:37:53 - msg_id_0200 ==> 7E02000042660000000002D11C00000000000C000300C64747049FAC80039400000000260330003752010400000000140400000000150400000000160400000000170200002A0200003001463101130F7E
2026-03-30 00:38:24 - msg_id_0200 ==> 7E02000042660000000002D12700000000000C000300C64747049FAC88039300000000260330003823010400000000140400000000150400000000160400000000170200002A020000300146310113457E
2026-03-30 00:38:55 - msg_id_0200 ==> 7E02000042660000000002D13200000000000C000300C64745049FAC88039400000000260330003854010400000000140400000000150400000000160400000000170200002A020000300146310114257E
2026-03-30 00:39:26 - msg_id_0200 ==> 7E02000042660000000002D13D00000000000C000300C64743049FAC88039400000000260330003925010400000000140400000000150400000000160400000000170200002A0200003001463101135B7E
2026-03-30 00:39:57 - msg_id_0200 ==> 7E02000042660000000002D14800000000000C000300C64748049FAC88039300000000260330003956010400000000140400000000150400000000160400000000170200002A020000300146310111537E
2026-03-30 00:40:28 - msg_id_0200 ==> 7E02000042660000000002D15300000000000C000300C64749049FAC90039300000000260330004027010400000000140400000000150400000000160400000000170200002A0200003001463101125A7E
2026-03-30 00:40:59 - msg_id_0200 ==> 7E02000042660000000002D15E00000000000C000300C6474F049FAC98039300000000260330004058010400000000140400000000150400000000160400000000170200002A020000300146310112267E
2026-03-30 00:41:30 - msg_id_0200 ==> 7E02000042660000000002D16900000000000C000300C6474B049FAC98039300000000260330004129010400000000140400000000150400000000160400000000170200002A020000300146310112657E
2026-03-30 00:42:01 - msg_id_0200 ==> 7E02000042660000000002D17400000000000C000300C64746049FAC98039200000000260330004200010400000000140400000000150400000000160400000000170200002A0200003001463101125E7E
2026-03-30 00:42:32 - msg_id_0200 ==> 7E02000042660000000002D17F00000100000C000300C64744049FAC98039200000000260330004231010400000000140400000000150400000000160400000000170200002A020000300146310114617E
2026-03-30 00:42:37 - msg_id_0200 ==> 7E02000042660000000002D18200000000000C000300C64743049FAC98039200000000260330004236010400000000140400000000150400000000160400000000170200002A0200003001463101149D7E
2026-03-30 00:43:08 - msg_id_0200 ==> 7E02000042660000000002D18D00000000000C000300C64743049FAC98039200000000260330004307010400000000140400000000150400000000160400000000170200002A020000300146310114A27E
2026-03-30 00:43:39 - msg_id_0200 ==> 7E02000042660000000002D19800000000000C000300C64745049FAC98039200000000260330004338010400000000140400000000150400000000160400000000170200002A0200003001463101148E7E
2026-03-30 00:44:10 - msg_id_0200 ==> 7E02000042660000000002D1A300000000000C000300C64746049FAC98039200000000260330004409010400000000140400000000150400000000160400000000170200002A020000300146310114807E
2026-03-30 00:44:41 - msg_id_0200 ==> 7E02000042660000000002D1AE00000000000C000300C64746049FAC98039200000000260330004440010400000000140400000000150400000000160400000000170200002A020000300146310113C37E
2026-03-30 00:45:12 - msg_id_0200 ==> 7E02000042660000000002D1B900000000000C000300C64747049FACA0039200000000260330004511010400000000140400000000150400000000160400000000170200002A020000300146310114BA7E
2026-03-30 00:45:43 - msg_id_0200 ==> 7E02000042660000000002D1C400000000000C000300C64748049FACA0039200000000260330004542010400000000140400000000150400000000160400000000170200002A0200003001463101139C7E
2026-03-30 00:46:14 - msg_id_0200 ==> 7E02000042660000000002D1CF00000000000C000300C64747049FACA0039200000000260330004613010400000000140400000000150400000000160400000000170200002A020000300146310113CA7E
2026-03-30 00:46:45 - msg_id_0200 ==> 7E02000042660000000002D1DA00000000000C000300C64746049FACA8039200000000260330004644010400000000140400000000150400000000160400000000170200002A020000300146310111837E
2026-03-30 00:47:16 - msg_id_0200 ==> 7E02000042660000000002D1E500000000000C000300C6474A049FACA8039200000000260330004715010400000000140400000000150400000000160400000000170200002A020000300146310113E27E
2026-03-30 00:47:47 - msg_id_0200 ==> 7E02000042660000000002D1F000000000000C000300C6474D049FACA8039300000000260330004746010400000000140400000000150400000000160400000000170200002A020000300146310113A27E
2026-03-30 00:48:18 - msg_id_0200 ==> 7E02000042660000000002D1FB00000000000C000300C6474F049FACB0039300000000260330004817010400000000140400000000150400000000160400000000170200002A020000300146310113ED7E
2026-03-30 00:48:49 - msg_id_0200 ==> 7E02000042660000000002D20600000000000C000300C64751049FACB8039300000000260330004848010400000000140400000000150400000000160400000000170200002A020000300146310111587E
2026-03-30 00:49:20 - msg_id_0200 ==> 7E02000042660000000002D21100000000000C000300C64752049FACB8039200000000260330004919010400000000140400000000150400000000160400000000170200002A0200003001463101121E7E
2026-03-30 00:49:51 - msg_id_0200 ==> 7E02000042660000000002D21C00000000000C000300C64753049FACB8039200000000260330004950010400000000140400000000150400000000160400000000170200002A020000300146310111587E
2026-03-30 00:50:22 - msg_id_0200 ==> 7E02000042660000000002D22700000000000C000300C64756049FACB8039300000000260330005021010400000000140400000000150400000000160400000000170200002A0200003001463101130D7E
2026-03-30 00:50:53 - msg_id_0200 ==> 7E02000042660000000002D23200000000000C000300C64757049FACB8039200000000260330005052010400000000140400000000150400000000160400000000170200002A0200003001463101136B7E
2026-03-30 00:51:24 - msg_id_0200 ==> 7E02000042660000000002D23D00000000000C000300C64758049FACB8039200000000260330005123010400000000140400000000150400000000160400000000170200002A0200003001463101131B7E
2026-03-30 00:51:55 - msg_id_0200 ==> 7E02000042660000000002D24800000000000C000300C6475E049FACB8039200000000260330005154010400000000140400000000150400000000160400000000170200002A0200003001463101131F7E
2026-03-30 00:52:26 - msg_id_0200 ==> 7E02000042660000000002D25300000000000C000300C6475E049FACA8039200000000260330005225010400000000140400000000150400000000160400000000170200002A020000300146310114617E
2026-03-30 00:52:57 - msg_id_0200 ==> 7E02000042660000000002D25E00000000000C000300C64760049FACA0039300000000260330005256010400000000140400000000150400000000160400000000170200002A020000300146310115297E
2026-03-30 00:53:28 - msg_id_0200 ==> 7E02000042660000000002D26900000000000C000300C6475F049FAC98039300000000260330005327010400000000140400000000150400000000160400000000170200002A020000300146310114687E
2026-03-30 00:53:59 - msg_id_0200 ==> 7E02000042660000000002D27400000000000C000300C6475E049FAC90039300000000260330005358010400000000140400000000150400000000160400000000170200002A020000300146310114037E
2026-03-30 00:54:29 - msg_id_0200 ==> 7E02000042660000000002D27F00000100000C000300C6475F049FAC90039300000000260330005428010400000000140400000000150400000000160400000000170200002A0200003001463101147F7E
2026-03-30 00:54:34 - msg_id_0200 ==> 7E02000042660000000002D28200000000000C000300C6475F049FAC90039300000000260330005433010400000000140400000000150400000000160400000000170200002A020000300146310114987E
2026-03-30 00:55:05 - msg_id_0200 ==> 7E02000042660000000002D28D00000000000C000300C64761049FAC90039200000000260330005504010400000000140400000000150400000000160400000000170200002A0200003001463101159F7E
2026-03-30 00:55:36 - msg_id_0200 ==> 7E02000042660000000002D29800000000000C000300C64760049FAC90039200000000260330005535010400000000140400000000150400000000160400000000170200002A020000300146310114BB7E
2026-03-30 00:56:07 - msg_id_0200 ==> 7E02000042660000000002D2A300000000000C000300C6475D049FAC90039200000000260330005606010400000000140400000000150400000000160400000000170200002A0200003001463101148D7E
2026-03-30 00:56:38 - msg_id_0200 ==> 7E02000042660000000002D2AE00000000000C000300C6475B049FAC90039200000000260330005637010400000000140400000000150400000000160400000000170200002A020000300146310114B77E
2026-03-30 00:57:09 - msg_id_0200 ==> 7E02000042660000000002D2B900000000000C000300C64759049FAC90039200000000260330005708010400000000140400000000150400000000160400000000170200002A0200003001463101139B7E
2026-03-30 00:57:40 - msg_id_0200 ==> 7E02000042660000000002D2C400000000000C000300C64757049FAC90039200000000260330005739010400000000140400000000150400000000160400000000170200002A020000300146310114DE7E
2026-03-30 00:58:11 - msg_id_0200 ==> 7E02000042660000000002D2CF00000000000C000300C64758049FAC90039200000000260330005810010400000000140400000000150400000000160400000000170200002A020000300146310112FA7E
2026-03-30 00:58:42 - msg_id_0200 ==> 7E02000042660000000002D2DA00000000000C000300C64757049FAC98039100000000260330005841010400000000140400000000150400000000160400000000170200002A020000300146310114BC7E
2026-03-30 00:59:13 - msg_id_0200 ==> 7E02000042660000000002D2E500000000000C000300C64759049FAC98039100000000260330005912010400000000140400000000150400000000160400000000170200002A020000300146310115DE7E
2026-03-30 00:59:44 - msg_id_0200 ==> 7E02000042660000000002D2F000000000000C000300C6475D049FAC98039100000000260330005943010400000000140400000000150400000000160400000000170200002A0200003001463101149F7E
2026-03-30 01:00:15 - msg_id_0200 ==> 7E02000042660000000002D2FB00000000000C000300C6475C049FAC98039100000000260330010014010400000000140400000000150400000000160400000000170200002A0200003001463101149A7E
2026-03-30 01:00:46 - msg_id_0200 ==> 7E02000042660000000002D30600000000000C000300C6475C049FAC98039100000000260330010045010400000000140400000000150400000000160400000000170200002A020000300146310114377E
2026-03-30 01:01:17 - msg_id_0200 ==> 7E02000042660000000002D31100000000000C000300C6475F049FAC98039100000000260330010116010400000000140400000000150400000000160400000000170200002A020000300146310115707E
2026-03-30 01:01:48 - msg_id_0200 ==> 7E02000042660000000002D31C00000000000C000300C6475F049FAC98039100000000260330010147010400000000140400000000150400000000160400000000170200002A0200003001463101132A7E
2026-03-30 01:02:19 - msg_id_0200 ==> 7E02000042660000000002D32700000000000C000300C6475C049FAC98039100000000260330010218010400000000140400000000150400000000160400000000170200002A020000300146310114497E
2026-03-30 01:02:50 - msg_id_0200 ==> 7E02000042660000000002D33200000000000C000300C6475A049FAC98039100000000260330010249010400000000140400000000150400000000160400000000170200002A0200003001463101130C7E
2026-03-30 01:03:21 - msg_id_0200 ==> 7E02000042660000000002D33D00000000000C000300C6475D049FAC98039100000000260330010320010400000000140400000000150400000000160400000000170200002A0200003001463101156A7E
2026-03-30 01:03:52 - msg_id_0200 ==> 7E02000042660000000002D34800000000000C000300C6475C049FAC98039200000000260330010351010400000000140400000000150400000000160400000000170200002A0200003001463101146D7E
2026-03-30 01:04:23 - msg_id_0200 ==> 7E02000042660000000002D35300000000000C000300C6475A049FAC90039100000000260330010422010400000000140400000000150400000000160400000000170200002A0200003001463101140F7E
2026-03-30 01:04:54 - msg_id_0200 ==> 7E02000042660000000002D35E00000000000C000300C64756049FAC90039200000000260330010453010400000000140400000000150400000000160400000000170200002A0200003001463101157D017E
2026-03-30 01:05:25 - msg_id_0200 ==> 7E02000042660000000002D36900000000000C000300C64756049FAC90039200000000260330010524010400000000140400000000150400000000160400000000170200002A0200003001463101153C7E
2026-03-30 01:05:56 - msg_id_0200 ==> 7E02000042660000000002D37400000000000C000300C64755049FAC90039100000000260330010555010400000000140400000000150400000000160400000000170200002A020000300146310113567E
2026-03-30 01:06:27 - msg_id_0200 ==> 7E02000042660000000002D37F00000100000C000300C64756049FAC90039100000000260330010626010400000000140400000000150400000000160400000000170200002A0200003001463101112D7E
2026-03-30 01:06:32 - msg_id_0200 ==> 7E02000042660000000002D38200000000000C000300C64756049FAC90039100000000260330010631010400000000140400000000150400000000160400000000170200002A020000300146310111C67E
2026-03-30 01:07:03 - msg_id_0200 ==> 7E02000042660000000002D38D00000000000C000300C64756049FAC90039100000000260330010702010400000000140400000000150400000000160400000000170200002A020000300146310111FB7E
2026-03-30 01:07:34 - msg_id_0200 ==> 7E02000042660000000002D39800000000000C000300C64756049FAC90039100000000260330010733010400000000140400000000150400000000160400000000170200002A020000300146310110DE7E
2026-03-30 01:08:05 - msg_id_0200 ==> 7E02000042660000000002D3A300000000000C000300C64755049FAC90039200000000260330010804010400000000140400000000150400000000160400000000170200002A020000300146310111DC7E
2026-03-30 01:08:36 - msg_id_0200 ==> 7E02000042660000000002D3AE00000000000C000300C64752049FAC98039200000000260330010835010400000000140400000000150400000000160400000000170200002A020000300146310111EF7E
2026-03-30 01:09:07 - msg_id_0200 ==> 7E02000042660000000002D3B900000000000C000300C64750049FAC98039200000000260330010906010400000000140400000000150400000000160400000000170200002A020000300146310111C87E
2026-03-30 01:09:38 - msg_id_0200 ==> 7E02000042660000000002D3C400000000000C000300C6474E049FACA0039200000000260330010937010400000000140400000000150400000000160400000000170200002A020000300146310111A27E
2026-03-30 01:10:09 - msg_id_0200 ==> 7E02000042660000000002D3CF00000000000C000300C6474D049FACA0039200000000260330011008010400000000140400000000150400000000160400000000170200002A0200003001463101118C7E
2026-03-30 01:10:40 - msg_id_0200 ==> 7E02000042660000000002D3DA00000000000C000300C6474E049FACA0039200000000260330011039010400000000140400000000150400000000160400000000170200002A020000300146310110AA7E
2026-03-30 01:11:11 - msg_id_0200 ==> 7E02000042660000000002D3E500000000000C000300C6474D049FACA0039200000000260330011110010400000000140400000000150400000000160400000000170200002A020000300146310112BC7E
2026-03-30 01:11:42 - msg_id_0200 ==> 7E02000042660000000002D3F000000000000C000300C6474D049FACA0039200000000260330011141010400000000140400000000150400000000160400000000170200002A020000300146310112F87E
2026-03-30 01:12:13 - msg_id_0200 ==> 7E02000042660000000002D3FB00000000000C000300C6474D049FAC98039300000000260330011212010400000000140400000000150400000000160400000000170200002A0200003001463101129A7E
2026-03-30 01:12:44 - msg_id_0200 ==> 7E02000042660000000002D40600000000000C000300C64750049FAC98039300000000260330011243010400000000140400000000150400000000160400000000170200002A0200003001463101112F7E
2026-03-30 01:13:15 - msg_id_0200 ==> 7E02000042660000000002D41100000000000C000300C64752049FAC98039300000000260330011314010400000000140400000000150400000000160400000000170200002A0200003001463101126F7E
2026-03-30 01:13:46 - msg_id_0200 ==> 7E02000042660000000002D41C00000000000C000300C64752049FACA0039200000000260330011345010400000000140400000000150400000000160400000000170200002A0200003001463101130B7E
2026-03-30 01:14:17 - msg_id_0200 ==> 7E02000042660000000002D42700000000000C000300C64753049FACA0039200000000260330011416010400000000140400000000150400000000160400000000170200002A020000300146310112647E
2026-03-30 01:14:48 - msg_id_0200 ==> 7E02000042660000000002D43200000000000C000300C64756049FACA0039200000000260330011447010400000000140400000000150400000000160400000000170200002A020000300146310111267E
2026-03-30 01:15:19 - msg_id_0200 ==> 7E02000042660000000002D43D00000000000C000300C64757049FACA0039200000000260330011518010400000000140400000000150400000000160400000000170200002A020000300146310112757E
2026-03-30 01:15:50 - msg_id_0200 ==> 7E02000042660000000002D44800000000000C000300C64757049FACA8039200000000260330011549010400000000140400000000150400000000160400000000170200002A020000300146310112597E
2026-03-30 01:16:21 - msg_id_0200 ==> 7E02000042660000000002D45300000000000C000300C64756049FACA8039200000000260330011620010400000000140400000000150400000000160400000000170200002A0200003001463101112A7E
2026-03-30 01:16:51 - msg_id_0200 ==> 7E02000042660000000002D45E00000000000C000300C64755049FACA8039200000000260330011651010400000000140400000000150400000000160400000000170200002A020000300146310111557E
2026-03-30 01:17:23 - msg_id_0200 ==> 7E02000042660000000002D46900000000000C000300C64757049FACB0039200000000260330011722010400000000140400000000150400000000160400000000170200002A0200003001463101100B7E
2026-03-30 01:17:54 - msg_id_0200 ==> 7E02000042660000000002D47400000000000C000300C64756049FACB8039200000000260330011753010400000000140400000000150400000000160400000000170200002A0200003001463101106E7E
2026-03-30 01:18:24 - msg_id_0200 ==> 7E02000042660000000002D47F00000100000C000300C64755049FACB8039200000000260330011824010400000000140400000000150400000000160400000000170200002A0200003001463101101F7E
2026-03-30 01:18:29 - msg_id_0200 ==> 7E02000042660000000002D48200000000000C000300C64755049FACB8039200000000260330011829010400000000140400000000150400000000160400000000170200002A02000030014631010FF17E
2026-03-30 01:19:01 - msg_id_0200 ==> 7E02000042660000000002D48D00000000000C000300C64757049FACC0039200000000260330011900010400000000140400000000150400000000160400000000170200002A020000300146310111B27E
2026-03-30 01:19:32 - msg_id_0200 ==> 7E02000042660000000002D49800000000000C000300C64756049FACC0039200000000260330011931010400000000140400000000150400000000160400000000170200002A02000030014631010F897E
2026-03-30 01:20:02 - msg_id_0200 ==> 7E02000042660000000002D4A300000000000C000300C64756049FACC0039200000000260330012002010400000000140400000000150400000000160400000000170200002A020000300146310110A77E
2026-03-30 01:20:34 - msg_id_0200 ==> 7E02000042660000000002D4AE00000000000C000300C64755049FACB8039200000000260330012033010400000000140400000000150400000000160400000000170200002A020000300146310112E27E
2026-03-30 01:21:05 - msg_id_0200 ==> 7E02000042660000000002D4B900000000000C000300C64751049FACB8039200000000260330012104010400000000140400000000150400000000160400000000170200002A020000300146310113C67E
2026-03-30 01:21:36 - msg_id_0200 ==> 7E02000042660000000002D4C400000000000C000300C64751049FACB8039200000000260330012135010400000000140400000000150400000000160400000000170200002A0200003001463101138A7E
2026-03-30 01:22:07 - msg_id_0200 ==> 7E02000042660000000002D4CF00000000000C000300C64751049FACB0039200000000260330012206010400000000140400000000150400000000160400000000170200002A020000300146310113B97E
2026-03-30 01:22:38 - msg_id_0200 ==> 7E02000042660000000002D4DA00000000000C000300C64751049FACB0039200000000260330012237010400000000140400000000150400000000160400000000170200002A0200003001463101119F7E
2026-03-30 01:23:08 - msg_id_0200 ==> 7E02000042660000000002D4E500000000000C000300C64753049FACA8039200000000260330012308010400000000140400000000150400000000160400000000170200002A020000300146310111847E
2026-03-30 01:23:40 - msg_id_0200 ==> 7E02000042660000000002D4F000000000000C000300C64756049FACA8039200000000260330012339010400000000140400000000150400000000160400000000170200002A02000030014631010FBB7E
2026-03-30 01:24:11 - msg_id_0200 ==> 7E02000042660000000002D4FB00000000000C000300C64756049FACA8039200000000260330012410010400000000140400000000150400000000160400000000170200002A020000300146310112837E
2026-03-30 01:24:41 - msg_id_0200 ==> 7E02000042660000000002D50600000000000C000300C64756049FACA0039200000000260330012441010400000000140400000000150400000000160400000000170200002A020000300146310113277E
2026-03-30 01:25:13 - msg_id_0200 ==> 7E02000042660000000002D51100000000000C000300C64756049FACA0039200000000260330012512010400000000140400000000150400000000160400000000170200002A020000300146310112637E
2026-03-30 01:25:44 - msg_id_0200 ==> 7E02000042660000000002D51C00000000000C000300C64755049FACA0039200000000260330012543010400000000140400000000150400000000160400000000170200002A0200003001463101113F7E
2026-03-30 01:26:15 - msg_id_0200 ==> 7E02000042660000000002D52700000000000C000300C64754049FACA0039200000000260330012614010400000000140400000000150400000000160400000000170200002A020000300146310113537E
2026-03-30 01:26:46 - msg_id_0200 ==> 7E02000042660000000002D53200000000000C000300C64755049FAC98039200000000260330012645010400000000140400000000150400000000160400000000170200002A0200003001463101132E7E
2026-03-30 01:27:17 - msg_id_0200 ==> 7E02000042660000000002D53D00000000000C000300C64756049FAC98039200000000260330012716010400000000140400000000150400000000160400000000170200002A020000300146310113707E
2026-03-30 01:27:48 - msg_id_0200 ==> 7E02000042660000000002D54800000000000C000300C64757049FAC98039200000000260330012747010400000000140400000000150400000000160400000000170200002A020000300146310114527E
2026-03-30 01:28:19 - msg_id_0200 ==> 7E02000042660000000002D55300000000000C000300C6475A049FAC98039200000000260330012818010400000000140400000000150400000000160400000000170200002A020000300146310113137E
2026-03-30 01:28:50 - msg_id_0200 ==> 7E02000042660000000002D55E00000000000C000300C64757049FAC98039200000000260330012849010400000000140400000000150400000000160400000000170200002A020000300146310113427E
2026-03-30 01:29:21 - msg_id_0200 ==> 7E02000042660000000002D56900000000000C000300C64758049FAC98039200000000260330012920010400000000140400000000150400000000160400000000170200002A020000300146310112137E
2026-03-30 01:29:52 - msg_id_0200 ==> 7E02000042660000000002D57400000000000C000300C64758049FAC98039200000000260330012951010400000000140400000000150400000000160400000000170200002A0200003001463101107D017E
2026-03-30 01:30:22 - msg_id_0200 ==> 7E02000042660000000002D57F00000100000C000300C64757049FAC98039200000000260330013021010400000000140400000000150400000000160400000000170200002A020000300146310112137E
2026-03-30 01:30:27 - msg_id_0200 ==> 7E02000042660000000002D58200000000000C000300C64758049FAC98039200000000260330013026010400000000140400000000150400000000160400000000170200002A020000300146310111E47E
2026-03-30 01:30:58 - msg_id_0200 ==> 7E02000042660000000002D58D00000000000C000300C64759049FAC98039200000000260330013057010400000000140400000000150400000000160400000000170200002A0200003001463101109A7E
2026-03-30 01:31:29 - msg_id_0200 ==> 7E02000042660000000002D59800000000000C000300C64759049FAC98039200000000260330013128010400000000140400000000150400000000160400000000170200002A020000300146310111F07E
2026-03-30 01:32:00 - msg_id_0200 ==> 7E02000042660000000002D5A300000000000C000300C64759049FAC98039200000000260330013159010400000000140400000000150400000000160400000000170200002A02000030014631010FA47E
2026-03-30 01:32:31 - msg_id_0200 ==> 7E02000042660000000002D5AE00000000000C000300C64759049FACA0039200000000260330013230010400000000140400000000150400000000160400000000170200002A020000300146310110E47E
2026-03-30 01:33:02 - msg_id_0200 ==> 7E02000042660000000002D5B900000000000C000300C6475A049FACA0039200000000260330013301010400000000140400000000150400000000160400000000170200002A02000030014631010FDF7E
2026-03-30 01:33:33 - msg_id_0200 ==> 7E02000042660000000002D5C400000000000C000300C6475B049FAC98039200000000260330013332010400000000140400000000150400000000160400000000170200002A02000030014631010FA87E
2026-03-30 01:34:04 - msg_id_0200 ==> 7E02000042660000000002D5CF00000000000C000300C6475A049FACA0039200000000260330013403010400000000140400000000150400000000160400000000170200002A020000300146310110B37E
2026-03-30 01:34:35 - msg_id_0200 ==> 7E02000042660000000002D5DA00000000000C000300C6475B049FACA0039200000000260330013434010400000000140400000000150400000000160400000000170200002A020000300146310112927E
2026-03-30 01:35:06 - msg_id_0200 ==> 7E02000042660000000002D5E500000000000C000300C6475B049FACA0039200000000260330013505010400000000140400000000150400000000160400000000170200002A0200003001463101109F7E
2026-03-30 01:35:37 - msg_id_0200 ==> 7E02000042660000000002D5F000000000000C000300C64759049FACA0039200000000260330013536010400000000140400000000150400000000160400000000170200002A020000300146310111BA7E
2026-03-30 01:36:08 - msg_id_0200 ==> 7E02000042660000000002D5FB00000000000C000300C6475A049FACA0039200000000260330013607010400000000140400000000150400000000160400000000170200002A020000300146310113827E
2026-03-30 01:36:39 - msg_id_0200 ==> 7E02000042660000000002D60600000000000C000300C6475B049FACA0039200000000260330013638010400000000140400000000150400000000160400000000170200002A020000300146310113427E
2026-03-30 01:37:10 - msg_id_0200 ==> 7E02000042660000000002D61100000000000C000300C6475B049FACA0039200000000260330013709010400000000140400000000150400000000160400000000170200002A020000300146310111677E
2026-03-30 01:37:41 - msg_id_0200 ==> 7E02000042660000000002D61C00000000000C000300C6475C049FACA0039200000000260330013740010400000000140400000000150400000000160400000000170200002A020000300146310113267E
2026-03-30 01:38:12 - msg_id_0200 ==> 7E02000042660000000002D62700000000000C000300C6475C049FACA0039200000000260330013811010400000000140400000000150400000000160400000000170200002A020000300146310113437E
2026-03-30 01:38:43 - msg_id_0200 ==> 7E02000042660000000002D63200000000000C000300C6475C049FACA8039200000000260330013842010400000000140400000000150400000000160400000000170200002A0200003001463101100E7E
2026-03-30 01:39:14 - msg_id_0200 ==> 7E02000042660000000002D63D00000000000C000300C6475F049FACA0039200000000260330013913010400000000140400000000150400000000160400000000170200002A020000300146310112587E
2026-03-30 01:39:45 - msg_id_0200 ==> 7E02000042660000000002D64800000000000C000300C64761049FACA0039200000000260330013944010400000000140400000000150400000000160400000000170200002A020000300146310113457E
2026-03-30 01:40:16 - msg_id_0200 ==> 7E02000042660000000002D65300000000000C000300C64762049FACA0039200000000260330014015010400000000140400000000150400000000160400000000170200002A020000300146310113757E
2026-03-30 01:40:47 - msg_id_0200 ==> 7E02000042660000000002D65E00000000000C000300C6475E049FAC98039200000000260330014046010400000000140400000000150400000000160400000000170200002A0200003001463101132F7E
2026-03-30 01:41:18 - msg_id_0200 ==> 7E02000042660000000002D66900000000000C000300C6475C049FAC98039200000000260330014117010400000000140400000000150400000000160400000000170200002A0200003001463101144D7E
2026-03-30 01:41:49 - msg_id_0200 ==> 7E02000042660000000002D67400000000000C000300C6475B049FAC98039200000000260330014148010400000000140400000000150400000000160400000000170200002A020000300146310114087E
2026-03-30 01:42:19 - msg_id_0200 ==> 7E02000042660000000002D67F00000100000C000300C64759049FAC98039200000000260330014218010400000000140400000000150400000000160400000000170200002A020000300146310113547E
2026-03-30 01:42:25 - msg_id_0200 ==> 7E02000042660000000002D68200000000000C000300C64759049FAC98039200000000260330014224010400000000140400000000150400000000160400000000170200002A020000300146310111967E
2026-03-30 01:42:56 - msg_id_0200 ==> 7E02000042660000000002D68D00000000000C000300C6475B049FAC98039200000000260330014255010400000000140400000000150400000000160400000000170200002A020000300146310112E97E
2026-03-30 01:43:27 - msg_id_0200 ==> 7E02000042660000000002D69800000000000C000300C6475A049FAC98039200000000260330014326010400000000140400000000150400000000160400000000170200002A020000300146310114897E
2026-03-30 01:43:58 - msg_id_0200 ==> 7E02000042660000000002D6A300000000000C000300C6475C049FAC90039200000000260330014357010400000000140400000000150400000000160400000000170200002A020000300146310114CD7E
2026-03-30 01:44:29 - msg_id_0200 ==> 7E02000042660000000002D6AE00000000000C000300C6475E049FAC88039200000000260330014428010400000000140400000000150400000000160400000000170200002A020000300146310112A47E
2026-03-30 01:45:00 - msg_id_0200 ==> 7E02000042660000000002D6B900000000000C000300C6475B049FAC88039200000000260330014459010400000000140400000000150400000000160400000000170200002A020000300146310113C67E
2026-03-30 01:45:31 - msg_id_0200 ==> 7E02000042660000000002D6C400000000000C000300C6475B049FAC90039200000000260330014530010400000000140400000000150400000000160400000000170200002A020000300146310113CB7E
2026-03-30 01:46:02 - msg_id_0200 ==> 7E02000042660000000002D6CF00000000000C000300C64759049FAC88039200000000260330014601010400000000140400000000150400000000160400000000170200002A020000300146310113E87E
2026-03-30 01:46:33 - msg_id_0200 ==> 7E02000042660000000002D6DA00000000000C000300C64757049FAC90039200000000260330014632010400000000140400000000150400000000160400000000170200002A020000300146310113D87E
2026-03-30 01:47:04 - msg_id_0200 ==> 7E02000042660000000002D6E500000000000C000300C64755049FAC90039200000000260330014703010400000000140400000000150400000000160400000000170200002A020000300146310113D57E
2026-03-30 01:47:35 - msg_id_0200 ==> 7E02000042660000000002D6F000000000000C000300C64756049FAC90039200000000260330014734010400000000140400000000150400000000160400000000170200002A020000300146310115F27E
2026-03-30 01:48:06 - msg_id_0200 ==> 7E02000042660000000002D6FB00000000000C000300C64757049FAC90039200000000260330014805010400000000140400000000150400000000160400000000170200002A020000300146310114C77E
2026-03-30 01:48:37 - msg_id_0200 ==> 7E02000042660000000002D70600000000000C000300C64758049FAC90039300000000260330014836010400000000140400000000150400000000160400000000170200002A020000300146310112007E
2026-03-30 01:49:08 - msg_id_0200 ==> 7E02000042660000000002D71100000000000C000300C64756049FAC90039300000000260330014907010400000000140400000000150400000000160400000000170200002A020000300146310112297E
2026-03-30 01:49:39 - msg_id_0200 ==> 7E02000042660000000002D71C00000000000C000300C64758049FAC90039300000000260330014938010400000000140400000000150400000000160400000000170200002A020000300146310112157E
2026-03-30 01:50:10 - msg_id_0200 ==> 7E02000042660000000002D72700000000000C000300C6475A049FAC90039300000000260330015009010400000000140400000000150400000000160400000000170200002A020000300146310112047E
2026-03-30 01:50:41 - msg_id_0200 ==> 7E02000042660000000002D73200000000000C000300C6475A049FAC90039300000000260330015040010400000000140400000000150400000000160400000000170200002A0200003001463101145E7E
2026-03-30 01:51:12 - msg_id_0200 ==> 7E02000042660000000002D73D00000000000C000300C64757049FAC88039300000000260330015111010400000000140400000000150400000000160400000000170200002A020000300146310113137E
2026-03-30 01:51:43 - msg_id_0200 ==> 7E02000042660000000002D74800000000000C000300C64758049FAC90039300000000260330015142010400000000140400000000150400000000160400000000170200002A020000300146310113227E
2026-03-30 01:52:14 - msg_id_0200 ==> 7E02000042660000000002D75300000000000C000300C64758049FAC90039300000000260330015213010400000000140400000000150400000000160400000000170200002A0200003001463101146C7E
2026-03-30 01:52:45 - msg_id_0200 ==> 7E02000042660000000002D75E00000000000C000300C64759049FAC90039200000000260330015244010400000000140400000000150400000000160400000000170200002A020000300146310113317E
2026-03-30 01:53:16 - msg_id_0200 ==> 7E02000042660000000002D76900000000000C000300C6475B049FAC98039300000000260330015315010400000000140400000000150400000000160400000000170200002A0200003001463101125C7E
2026-03-30 01:53:47 - msg_id_0200 ==> 7E02000042660000000002D77400000000000C000300C6475A049FAC98039300000000260330015346010400000000140400000000150400000000160400000000170200002A020000300146310110117E
2026-03-30 01:54:17 - msg_id_0200 ==> 7E02000042660000000002D77F00000100000C000300C6475B049FAC98039300000000260330015416010400000000140400000000150400000000160400000000170200002A0200003001463101124F7E
2026-03-30 01:54:22 - msg_id_0200 ==> 7E02000042660000000002D78200000000000C000300C6475B049FAC98039300000000260330015421010400000000140400000000150400000000160400000000170200002A020000300146310112847E
2026-03-30 01:54:53 - msg_id_0200 ==> 7E02000042660000000002D78D00000000000C000300C6475B049FAC98039300000000260330015452010400000000140400000000150400000000160400000000170200002A020000300146310110FA7E
2026-03-30 01:55:23 - msg_id_0200 ==> 7E02000042660000000002D79800000000000C000300C6475D049FAC98039300000000260330015523010400000000140400000000150400000000160400000000170200002A020000300146310111987E
2026-03-30 01:55:55 - msg_id_0200 ==> 7E02000042660000000002D7A300000000000C000300C6475B049FACA0039300000000260330015554010400000000140400000000150400000000160400000000170200002A02000030014631010FF47E
2026-03-30 01:56:26 - msg_id_0200 ==> 7E02000042660000000002D7AE00000000000C000300C6475C049FACA0039300000000260330015625010400000000140400000000150400000000160400000000170200002A020000300146310110937E
2026-03-30 01:56:57 - msg_id_0200 ==> 7E02000042660000000002D7B900000000000C000300C6475D049FACA0039300000000260330015656010400000000140400000000150400000000160400000000170200002A020000300146310113F57E
2026-03-30 01:57:28 - msg_id_0200 ==> 7E02000042660000000002D7C400000000000C000300C6475E049FACA8039300000000260330015727010400000000140400000000150400000000160400000000170200002A020000300146310113F37E
2026-03-30 01:57:59 - msg_id_0200 ==> 7E02000042660000000002D7CF00000000000C000300C6475D049FACA8039300000000260330015758010400000000140400000000150400000000160400000000170200002A020000300146310112857E
2026-03-30 01:58:30 - msg_id_0200 ==> 7E02000042660000000002D7DA00000000000C000300C6475C049FACA8039300000000260330015829010400000000140400000000150400000000160400000000170200002A020000300146310112EF7E
2026-03-30 01:59:01 - msg_id_0200 ==> 7E02000042660000000002D7E500000000000C000300C6475B049FACA8039300000000260330015900010400000000140400000000150400000000160400000000170200002A020000300146310112FF7E
2026-03-30 01:59:32 - msg_id_0200 ==> 7E02000042660000000002D7F000000000000C000300C6475A049FACA8039300000000260330015931010400000000140400000000150400000000160400000000170200002A020000300146310112DA7E
2026-03-30 02:00:03 - msg_id_0200 ==> 7E02000042660000000002D7FB00000000000C000300C6475C049FACA8039300000000260330020002010400000000140400000000150400000000160400000000170200002A020000300146310112BE7E
2026-03-30 02:00:34 - msg_id_0200 ==> 7E02000042660000000002D80600000000000C000300C6475C049FACA8039300000000260330020033010400000000140400000000150400000000160400000000170200002A0200003001463101127D017E
2026-03-30 02:01:05 - msg_id_0200 ==> 7E02000042660000000002D81100000000000C000300C6475C049FACA8039300000000260330020104010400000000140400000000150400000000160400000000170200002A0200003001463101115F7E
2026-03-30 02:01:36 - msg_id_0200 ==> 7E02000042660000000002D81C00000000000C000300C6475D049FACB0039300000000260330020135010400000000140400000000150400000000160400000000170200002A0200003001463101117A7E
2026-03-30 02:02:07 - msg_id_0200 ==> 7E02000042660000000002D82700000000000C000300C6475D049FACB0039300000000260330020206010400000000140400000000150400000000160400000000170200002A02000030014631010F6F7E
2026-03-30 02:02:38 - msg_id_0200 ==> 7E02000042660000000002D83200000000000C000300C6475D049FACB0039300000000260330020237010400000000140400000000150400000000160400000000170200002A020000300146310111557E
2026-03-30 02:03:09 - msg_id_0200 ==> 7E02000042660000000002D83D00000000000C000300C6475D049FACB0039300000000260330020308010400000000140400000000150400000000160400000000170200002A020000300146310112677E
2026-03-30 02:03:40 - msg_id_0200 ==> 7E02000042660000000002D84800000000000C000300C6475D049FACB0039300000000260330020339010400000000140400000000150400000000160400000000170200002A020000300146310112237E
2026-03-30 02:04:11 - msg_id_0200 ==> 7E02000042660000000002D85300000000000C000300C6475E049FACB0039300000000260330020410010400000000140400000000150400000000160400000000170200002A020000300146310112157E
2026-03-30 02:04:42 - msg_id_0200 ==> 7E02000042660000000002D85E00000000000C000300C6475E049FACB0039300000000260330020441010400000000140400000000150400000000160400000000170200002A020000300146310112497E
2026-03-30 02:05:13 - msg_id_0200 ==> 7E02000042660000000002D86900000000000C000300C6475F049FACB0039300000000260330020512010400000000140400000000150400000000160400000000170200002A0200003001463101112E7E
2026-03-30 02:05:44 - msg_id_0200 ==> 7E02000042660000000002D87400000000000C000300C64760049FACB8039300000000260330020543010400000000140400000000150400000000160400000000170200002A020000300146310111557E
2026-03-30 02:06:15 - msg_id_0200 ==> 7E02000042660000000002D87F00000100000C000300C64761049FACB8039300000000260330020614010400000000140400000000150400000000160400000000170200002A0200003001463101100B7E
2026-03-30 02:06:20 - msg_id_0200 ==> 7E02000042660000000002D88200000000000C000300C64761049FACB8039300000000260330020619010400000000140400000000150400000000160400000000170200002A02000030014631010FE57E
2026-03-30 02:06:51 - msg_id_0200 ==> 7E02000042660000000002D88D00000000000C000300C64762049FACC0039300000000260330020650010400000000140400000000150400000000160400000000170200002A020000300146310110C77E
2026-03-30 02:07:22 - msg_id_0200 ==> 7E02000042660000000002D89800000000000C000300C64762049FACC0039300000000260330020721010400000000140400000000150400000000160400000000170200002A02000030014631010FBD7E
2026-03-30 02:07:53 - msg_id_0200 ==> 7E02000042660000000002D8A300000000000C000300C64761049FACC8039300000000260330020752010400000000140400000000150400000000160400000000170200002A02000030014631010EFF7E
2026-03-30 02:08:24 - msg_id_0200 ==> 7E02000042660000000002D8AE00000000000C000300C64760049FACC8039300000000260330020823010400000000140400000000150400000000160400000000170200002A020000300146310110937E
2026-03-30 02:08:55 - msg_id_0200 ==> 7E02000042660000000002D8B900000000000C000300C6475D049FACC8039300000000260330020854010400000000140400000000150400000000160400000000170200002A020000300146310112CC7E
2026-03-30 02:09:26 - msg_id_0200 ==> 7E02000042660000000002D8C400000000000C000300C64760049FACC8039400000000260330020925010400000000140400000000150400000000160400000000170200002A020000300146310112FB7E
2026-03-30 02:09:57 - msg_id_0200 ==> 7E02000042660000000002D8CF00000000000C000300C64760049FACC8039400000000260330020956010400000000140400000000150400000000160400000000170200002A020000300146310112837E
2026-03-30 02:10:28 - msg_id_0200 ==> 7E02000042660000000002D8DA00000000000C000300C6475F049FACC8039400000000260330021027010400000000140400000000150400000000160400000000170200002A020000300146310111C27E
2026-03-30 02:10:59 - msg_id_0200 ==> 7E02000042660000000002D8E500000000000C000300C6475F049FACC8039400000000260330021058010400000000140400000000150400000000160400000000170200002A020000300146310114877E
2026-03-30 02:11:30 - msg_id_0200 ==> 7E02000042660000000002D8F000000000000C000300C6475B049FACC0039400000000260330021129010400000000140400000000150400000000160400000000170200002A020000300146310114EE7E
2026-03-30 02:12:01 - msg_id_0200 ==> 7E02000042660000000002D8FB00000000000C000300C64756049FACB8039400000000260330021200010400000000140400000000150400000000160400000000170200002A020000300146310114BA7E
2026-03-30 02:12:32 - msg_id_0200 ==> 7E02000042660000000002D90600000000000C000300C64756049FACB8039400000000260330021231010400000000140400000000150400000000160400000000170200002A020000300146310113707E
2026-03-30 02:13:03 - msg_id_0200 ==> 7E02000042660000000002D91100000000000C000300C64754049FACB8039400000000260330021302010400000000140400000000150400000000160400000000170200002A020000300146310112567E
2026-03-30 02:13:34 - msg_id_0200 ==> 7E02000042660000000002D91C00000000000C000300C64753049FACB0039400000000260330021333010400000000140400000000150400000000160400000000170200002A020000300146310114637E
2026-03-30 02:14:05 - msg_id_0200 ==> 7E02000042660000000002D92700000000000C000300C6474F049FACB0039400000000260330021404010400000000140400000000150400000000160400000000170200002A020000300146310112727E
2026-03-30 02:14:36 - msg_id_0200 ==> 7E02000042660000000002D93200000000000C000300C64750049FACA8039400000000260330021435010400000000140400000000150400000000160400000000170200002A020000300146310114577E
2026-03-30 02:15:07 - msg_id_0200 ==> 7E02000042660000000002D93D00000000000C000300C6474F049FACA8039400000000260330021506010400000000140400000000150400000000160400000000170200002A020000300146310113727E
2026-03-30 02:15:38 - msg_id_0200 ==> 7E02000042660000000002D94800000000000C000300C6474F049FACA8039400000000260330021537010400000000140400000000150400000000160400000000170200002A020000300146310113367E
2026-03-30 02:16:09 - msg_id_0200 ==> 7E02000042660000000002D95300000000000C000300C6474F049FACA8039400000000260330021608010400000000140400000000150400000000160400000000170200002A020000300146310113117E
2026-03-30 02:16:40 - msg_id_0200 ==> 7E02000042660000000002D95E00000000000C000300C64750049FACA0039400000000260330021639010400000000140400000000150400000000160400000000170200002A0200003001463101143D7E
2026-03-30 02:17:11 - msg_id_0200 ==> 7E02000042660000000002D96900000000000C000300C64750049FACA0039400000000260330021710010400000000140400000000150400000000160400000000170200002A020000300146310114227E
2026-03-30 02:17:42 - msg_id_0200 ==> 7E02000042660000000002D97400000000000C000300C64751049FAC98039400000000260330021741010400000000140400000000150400000000160400000000170200002A020000300146310114577E
2026-03-30 02:18:12 - msg_id_0200 ==> 7E02000042660000000002D97F00000100000C000300C64753049FAC98039400000000260330021811010400000000140400000000150400000000160400000000170200002A020000300146310114007E
2026-03-30 02:18:17 - msg_id_0200 ==> 7E02000042660000000002D98200000000000C000300C64753049FAC98039400000000260330021816010400000000140400000000150400000000160400000000170200002A020000300146310114FB7E
2026-03-30 02:18:48 - msg_id_0200 ==> 7E02000042660000000002D98D00000000000C000300C64754049FAC98039400000000260330021847010400000000140400000000150400000000160400000000170200002A020000300146310114A27E
2026-03-30 02:19:19 - msg_id_0200 ==> 7E02000042660000000002D99800000000000C000300C64757049FAC98039400000000260330021918010400000000140400000000150400000000160400000000170200002A020000300146310114EA7E
2026-03-30 02:19:50 - msg_id_0200 ==> 7E02000042660000000002D9A300000000000C000300C6475B049FAC98039400000000260330021949010400000000140400000000150400000000160400000000170200002A0200003001463101148C7E
2026-03-30 02:20:21 - msg_id_0200 ==> 7E02000042660000000002D9AE00000000000C000300C6475E049FACA0039300000000260330022020010400000000140400000000150400000000160400000000170200002A020000300146310114EB7E
2026-03-30 02:20:52 - msg_id_0200 ==> 7E02000042660000000002D9B900000000000C000300C64762049FACA0039300000000260330022051010400000000140400000000150400000000160400000000170200002A020000300146310116B37E
2026-03-30 02:21:23 - msg_id_0200 ==> 7E02000042660000000002D9C400000000000C000300C64766049FACA0039300000000260330022122010400000000140400000000150400000000160400000000170200002A020000300146310115BB7E
2026-03-30 02:21:54 - msg_id_0200 ==> 7E02000042660000000002D9CF00000000000C000300C64764049FACA0039300000000260330022153010400000000140400000000150400000000160400000000170200002A020000300146310113C57E
2026-03-30 02:22:25 - msg_id_0200 ==> 7E02000042660000000002D9DA00000000000C000300C64765049FAC98039300000000260330022224010400000000140400000000150400000000160400000000170200002A0200003001463101139D7E
2026-03-30 02:22:56 - msg_id_0200 ==> 7E02000042660000000002D9E500000000000C000300C64769049FACA0039300000000260330022255010400000000140400000000150400000000160400000000170200002A020000300146310113E77E
2026-03-30 02:23:27 - msg_id_0200 ==> 7E02000042660000000002D9F000000000000C000300C6476C049FACA0039300000000260330022326010400000000140400000000150400000000160400000000170200002A020000300146310113857E
2026-03-30 02:23:58 - msg_id_0200 ==> 7E02000042660000000002D9FB00000000000C000300C64770049FAC98039300000000260330022357010400000000140400000000150400000000160400000000170200002A020000300146310112DA7E
2026-03-30 02:24:29 - msg_id_0200 ==> 7E02000042660000000002DA0600000000000C000300C64773049FACA0039300000000260330022428010400000000140400000000150400000000160400000000170200002A020000300146310111647E
2026-03-30 02:25:00 - msg_id_0200 ==> 7E02000042660000000002DA1100000000000C000300C64774049FACA0039200000000260330022459010400000000140400000000150400000000160400000000170200002A020000300146310112077E
2026-03-30 02:25:31 - msg_id_0200 ==> 7E02000042660000000002DA1C00000000000C000300C64773049FACA0039200000000260330022530010400000000140400000000150400000000160400000000170200002A020000300146310113647E
2026-03-30 02:26:02 - msg_id_0200 ==> 7E02000042660000000002DA2700000000000C000300C64775049FACA0039200000000260330022601010400000000140400000000150400000000160400000000170200002A0200003001463101136B7E
2026-03-30 02:26:33 - msg_id_0200 ==> 7E02000042660000000002DA3200000000000C000300C64776049FACA0039200000000260330022632010400000000140400000000150400000000160400000000170200002A0200003001463101124F7E
2026-03-30 02:27:04 - msg_id_0200 ==> 7E02000042660000000002DA3D00000000000C000300C64776049FACA0039200000000260330022703010400000000140400000000150400000000160400000000170200002A020000300146310112707E
2026-03-30 02:27:35 - msg_id_0200 ==> 7E02000042660000000002DA4800000000000C000300C64776049FACA0039200000000260330022734010400000000140400000000150400000000160400000000170200002A020000300146310112327E
2026-03-30 02:28:06 - msg_id_0200 ==> 7E02000042660000000002DA5300000000000C000300C64776049FACA0039200000000260330022805010400000000140400000000150400000000160400000000170200002A020000300146310111147E
2026-03-30 02:28:37 - msg_id_0200 ==> 7E02000042660000000002DA5E00000000000C000300C64778049FACA0039200000000260330022836010400000000140400000000150400000000160400000000170200002A020000300146310110257E
2026-03-30 02:29:08 - msg_id_0200 ==> 7E02000042660000000002DA6900000000000C000300C64778049FACA0039200000000260330022907010400000000140400000000150400000000160400000000170200002A020000300146310113217E
2026-03-30 02:29:39 - msg_id_0200 ==> 7E02000042660000000002DA7400000000000C000300C64779049FACA0039200000000260330022938010400000000140400000000150400000000160400000000170200002A020000300146310113027E
2026-03-30 02:30:10 - msg_id_0200 ==> 7E02000042660000000002DA7F00000100000C000300C64779049FAC98039200000000260330023009010400000000140400000000150400000000160400000000170200002A0200003001463101141F7E
2026-03-30 02:30:15 - msg_id_0200 ==> 7E02000042660000000002DA8200000000000C000300C64779049FAC98039200000000260330023014010400000000140400000000150400000000160400000000170200002A020000300146310114FE7E
2026-03-30 02:30:46 - msg_id_0200 ==> 7E02000042660000000002DA8D00000000000C000300C64777049FAC98039200000000260330023045010400000000140400000000150400000000160400000000170200002A020000300146310114AE7E
2026-03-30 02:31:17 - msg_id_0200 ==> 7E02000042660000000002DA9800000000000C000300C64777049FAC98039200000000260330023116010400000000140400000000150400000000160400000000170200002A020000300146310114E97E
2026-03-30 02:31:48 - msg_id_0200 ==> 7E02000042660000000002DAA300000000000C000300C64778049FAC98039200000000260330023147010400000000140400000000150400000000160400000000170200002A0200003001463101138B7E
2026-03-30 02:32:19 - msg_id_0200 ==> 7E02000042660000000002DAAE00000000000C000300C64779049FAC98039200000000260330023218010400000000140400000000150400000000160400000000170200002A02000030014A310114D07E
2026-03-30 02:32:50 - msg_id_0200 ==> 7E02000042660000000002DAB900000000000C000300C64778049FAC98039200000000260330023249010400000000140400000000150400000000160400000000170200002A02000030014A310114977E
2026-03-30 02:33:21 - msg_id_0200 ==> 7E02000042660000000002DAC400000000000C000300C64775049FAC98039200000000260330023320010400000000140400000000150400000000160400000000170200002A02000030014A310112897E
2026-03-30 02:33:52 - msg_id_0200 ==> 7E02000042660000000002DACF00000000000C000300C64778049FAC98039200000000260330023351010400000000140400000000150400000000160400000000170200002A02000030014A310112FE7E
2026-03-30 02:34:23 - msg_id_0200 ==> 7E02000042660000000002DADA00000000000C000300C6477B049FAC98039200000000260330023422010400000000140400000000150400000000160400000000170200002A02000030014A3101139D7E
2026-03-30 02:34:54 - msg_id_0200 ==> 7E02000042660000000002DAE500000000000C000300C6477B049FAC90039200000000260330023453010400000000140400000000150400000000160400000000170200002A02000030014A310114DC7E
2026-03-30 02:35:25 - msg_id_0200 ==> 7E02000042660000000002DAF000000000000C000300C64779049FAC90039200000000260330023524010400000000140400000000150400000000160400000000170200002A02000030014A310113BA7E
2026-03-30 02:35:56 - msg_id_0200 ==> 7E02000042660000000002DAFB00000000000C000300C6477A049FAC98039200000000260330023555010400000000140400000000150400000000160400000000170200002A02000030014A310114CC7E
2026-03-30 02:36:27 - msg_id_0200 ==> 7E02000042660000000002DB0600000000000C000300C6477B049FAC98039200000000260330023626010400000000140400000000150400000000160400000000170200002A02000030014A310114417E
2026-03-30 02:36:58 - msg_id_0200 ==> 7E02000042660000000002DB1100000000000C000300C6477C049FACA0039200000000260330023657010400000000140400000000150400000000160400000000170200002A02000030014A310114187E
2026-03-30 02:37:29 - msg_id_0200 ==> 7E02000042660000000002DB1C00000000000C000300C6477F049FACA0039200000000260330023728010400000000140400000000150400000000160400000000170200002A02000030014A3101116D7E
2026-03-30 02:38:00 - msg_id_0200 ==> 7E02000042660000000002DB2700000000000C000300C6477F049FACA0039200000000260330023759010400000000140400000000150400000000160400000000170200002A02000030014A310112247E
2026-03-30 02:38:31 - msg_id_0200 ==> 7E02000042660000000002DB3200000000000C000300C64780049FACA0039200000000260330023830010400000000140400000000150400000000160400000000170200002A02000030014A310114AE7E
2026-03-30 02:39:02 - msg_id_0200 ==> 7E02000042660000000002DB3D00000000000C000300C6477F049FACA0039200000000260330023901010400000000140400000000150400000000160400000000170200002A02000030014A310113697E
2026-03-30 02:39:33 - msg_id_0200 ==> 7E02000042660000000002DB4800000000000C000300C6477D01049FACA0039200000000260330023932010400000000140400000000150400000000160400000000170200002A02000030014A3101112F7E
2026-03-30 02:40:04 - msg_id_0200 ==> 7E02000042660000000002DB5300000000000C000300C6477A049FACA0039100000000260330024003010400000000140400000000150400000000160400000000170200002A02000030014A310111787E
2026-03-30 02:40:35 - msg_id_0200 ==> 7E02000042660000000002DB5E00000000000C000300C64777049FACA0039100000000260330024034010400000000140400000000150400000000160400000000170200002A02000030014A3101124C7E
2026-03-30 02:41:06 - msg_id_0200 ==> 7E02000042660000000002DB6900000000000C000300C64776049FACA0039100000000260330024105010400000000140400000000150400000000160400000000170200002A02000030014A3101144C7E
2026-03-30 02:41:37 - msg_id_0200 ==> 7E02000042660000000002DB7400000000000C000300C64775049FACA0039100000000260330024136010400000000140400000000150400000000160400000000170200002A02000030014A310113667E
2026-03-30 02:42:07 - msg_id_0200 ==> 7E02000042660000000002DB7F00000100000C000300C64774049FACA0039100000000260330024206010400000000140400000000150400000000160400000000170200002A02000030014A3101125F7E
2026-03-30 02:42:13 - msg_id_0200 ==> 7E02000042660000000002DB8200000000000C000300C64774049FACA0039100000000260330024212010400000000140400000000150400000000160400000000170200002A02000030014A310112B77E
2026-03-30 02:42:44 - msg_id_0200 ==> 7E02000042660000000002DB8D00000000000C000300C64775049FACA0039100000000260330024243010400000000140400000000150400000000160400000000170200002A02000030014A310113E97E
2026-03-30 02:43:15 - msg_id_0200 ==> 7E02000042660000000002DB9800000000000C000300C64776049FACA0039100000000260330024314010400000000140400000000150400000000160400000000170200002A02000030014A310112A87E
2026-03-30 02:43:46 - msg_id_0200 ==> 7E02000042660000000002DBA300000000000C000300C64775049FACA0039100000000260330024345010400000000140400000000150400000000160400000000170200002A02000030014A310115C67E
2026-03-30 02:44:17 - msg_id_0200 ==> 7E02000042660000000002DBAE00000000000C000300C64775049FAC98039100000000260330024416010400000000140400000000150400000000160400000000170200002A02000030014A310113A17E
2026-03-30 02:44:48 - msg_id_0200 ==> 7E02000042660000000002DBB900000000000C000300C64775049FAC98039100000000260330024447010400000000140400000000150400000000160400000000170200002A02000030014A310112E67E
2026-03-30 02:45:19 - msg_id_0200 ==> 7E02000042660000000002DBC400000000000C000300C64775049FAC90039100000000260330024518010400000000140400000000150400000000160400000000170200002A02000030014A310113CC7E
2026-03-30 02:45:50 - msg_id_0200 ==> 7E02000042660000000002DBCF00000000000C000300C64775049FAC90039100000000260330024549010400000000140400000000150400000000160400000000170200002A02000030014A310114917E
2026-03-30 02:46:21 - msg_id_0200 ==> 7E02000042660000000002DBDA00000000000C000300C64776049FAC90039100000000260330024620010400000000140400000000150400000000160400000000170200002A02000030014A310114ED7E
2026-03-30 02:46:52 - msg_id_0200 ==> 7E02000042660000000002DBE500000000000C000300C64776049FAC90039100000000260330024651010400000000140400000000150400000000160400000000170200002A02000030014A310113A47E
2026-03-30 02:47:23 - msg_id_0200 ==> 7E02000042660000000002DBF000000000000C000300C64777049FAC90039100000000260330024722010400000000140400000000150400000000160400000000170200002A02000030014A310112C37E
2026-03-30 02:47:54 - msg_id_0200 ==> 7E02000042660000000002DBFB00000000000C000300C64778049FAC88039100000000260330024753010400000000140400000000150400000000160400000000170200002A02000030014A310112AE7E
2026-03-30 02:48:25 - msg_id_0200 ==> 7E02000042660000000002DC0600000000000C000300C64779049FAC88039100000000260330024824010400000000140400000000150400000000160400000000170200002A02000030014A3101142B7E
2026-03-30 02:48:56 - msg_id_0200 ==> 7E02000042660000000002DC1100000000000C000300C64777049FAC90039100000000260330024855010400000000140400000000150400000000160400000000170200002A02000030014A3101125D7E
2026-03-30 02:49:27 - msg_id_0200 ==> 7E02000042660000000002DC1C00000000000C000300C64775049FAC90039100000000260330024926010400000000140400000000150400000000160400000000170200002A02000030014A310111237E
2026-03-30 02:49:58 - msg_id_0200 ==> 7E02000042660000000002DC2700000000000C000300C64774049FAC88039100000000260330024957010400000000140400000000150400000000160400000000170200002A02000030014A310114757E
2026-03-30 02:50:29 - msg_id_0200 ==> 7E02000042660000000002DC3200000000000C000300C64774049FAC88039100000000260330025028010400000000140400000000150400000000160400000000170200002A02000030014A310115077E
2026-03-30 02:51:00 - msg_id_0200 ==> 7E02000042660000000002DC3D00000000000C000300C64776049FAC90039100000000260330025059010400000000140400000000150400000000160400000000170200002A02000030014A310112647E
2026-03-30 02:51:31 - msg_id_0200 ==> 7E02000042660000000002DC4800000000000C000300C64779049FAC88039100000000260330025130010400000000140400000000150400000000160400000000170200002A02000030014A3101136F7E
2026-03-30 02:52:02 - msg_id_0200 ==> 7E02000042660000000002DC5300000000000C000300C64777049FAC90039100000000260330025201010400000000140400000000150400000000160400000000170200002A02000030014A310112517E
2026-03-30 02:52:33 - msg_id_0200 ==> 7E02000042660000000002DC5E00000000000C000300C64779049FAC90039100000000260330025232010400000000140400000000150400000000160400000000170200002A02000030014A310112617E
2026-03-30 02:53:04 - msg_id_0200 ==> 7E02000042660000000002DC6900000000000C000300C6477D02049FAC88039100000000260330025303010400000000140400000000150400000000160400000000170200002A02000030014A3101157D027E
2026-03-30 02:53:35 - msg_id_0200 ==> 7E02000042660000000002DC7400000000000C000300C6477D01049FAC88039200000000260330025334010400000000140400000000150400000000160400000000170200002A02000030014A310115547E
2026-03-30 02:54:05 - msg_id_0200 ==> 7E02000042660000000002DC7F00000100000C000300C6477A049FAC88039200000000260330025404010400000000140400000000150400000000160400000000170200002A02000030014A3101166D7E
2026-03-30 02:54:10 - msg_id_0200 ==> 7E02000042660000000002DC8200000000000C000300C6477A049FAC88039200000000260330025409010400000000140400000000150400000000160400000000170200002A02000030014A3101159F7E
2026-03-30 02:54:41 - msg_id_0200 ==> 7E02000042660000000002DC8D00000000000C000300C6477A049FAC90039200000000260330025440010400000000140400000000150400000000160400000000170200002A02000030014A310115C17E
2026-03-30 02:55:12 - msg_id_0200 ==> 7E02000042660000000002DC9800000000000C000300C64779049FAC90039200000000260330025511010400000000140400000000150400000000160400000000170200002A02000030014A310115877E
2026-03-30 02:55:43 - msg_id_0200 ==> 7E02000042660000000002DCA300000000000C000300C64778049FAC90039200000000260330025542010400000000140400000000150400000000160400000000170200002A02000030014A310114EF7E
2026-03-30 02:56:14 - msg_id_0200 ==> 7E02000042660000000002DCAE00000000000C000300C64778049FAC90039200000000260330025613010400000000140400000000150400000000160400000000170200002A02000030014A310113B77E
2026-03-30 02:56:45 - msg_id_0200 ==> 7E02000042660000000002DCB900000000000C000300C6476F049FAC90039200000000260330025644010400000000140400000000150400000000160400000000170200002A02000030014A310114E77E
2026-03-30 02:57:16 - msg_id_0200 ==> 7E02000042660000000002DCC400000000000C000300C6476F049FAC98039200000000260330025715010400000000140400000000150400000000160400000000170200002A02000030014A310115C37E
2026-03-30 02:57:47 - msg_id_0200 ==> 7E02000042660000000002DCCF00000000000C000300C64770049FACA0039200000000260330025746010400000000140400000000150400000000160400000000170200002A02000030014A310113BA7E
2026-03-30 02:58:18 - msg_id_0200 ==> 7E02000042660000000002DCDA00000000000C000300C64775049FACA0039200000000260330025817010400000000140400000000150400000000160400000000170200002A02000030014A310113F47E
2026-03-30 02:58:49 - msg_id_0200 ==> 7E02000042660000000002DCE500000000000C000300C64771049FACA0039300000000260330025848010400000000140400000000150400000000160400000000170200002A02000030014A310114967E
2026-03-30 02:59:20 - msg_id_0200 ==> 7E02000042660000000002DCF000000000000C000300C6476F049FACA0039300000000260330025919010400000000140400000000150400000000160400000000170200002A02000030014A310115CC7E
2026-03-30 02:59:51 - msg_id_0200 ==> 7E02000042660000000002DCFB00000000000C000300C6476C049FACA0039300000000260330025950010400000000140400000000150400000000160400000000170200002A02000030014A3101148C7E
2026-03-30 03:00:22 - msg_id_0200 ==> 7E02000042660000000002DD0600000000000C000300C64769049FACA0039300000000260330030021010400000000140400000000150400000000160400000000170200002A02000030014A3101135B7E
2026-03-30 03:00:53 - msg_id_0200 ==> 7E02000042660000000002DD1100000000000C000300C64777049FAC90039300000000260330030052010400000000140400000000150400000000160400000000170200002A02000030014A310115177E
2026-03-30 03:01:24 - msg_id_0200 ==> 7E02000042660000000002DD1C00000000000C000300C6477B049FAC90039300000000260330030123010400000000140400000000150400000000160400000000170200002A02000030014A310114677E
2026-03-30 03:01:55 - msg_id_0200 ==> 7E02000042660000000002DD2700000000000C000300C6477A049FAC88039300000000260330030154010400000000140400000000150400000000160400000000170200002A02000030014A310113357E
2026-03-30 03:02:26 - msg_id_0200 ==> 7E02000042660000000002DD3200000000000C000300C6477A049FAC88039300000000260330030225010400000000140400000000150400000000160400000000170200002A02000030014A310114557E
2026-03-30 03:02:57 - msg_id_0200 ==> 7E02000042660000000002DD3D00000000000C000300C6477D02049FAC80039400000000260330030256010400000000140400000000150400000000160400000000170200002A02000030014A310115237E
2026-03-30 03:03:28 - msg_id_0200 ==> 7E02000042660000000002DD4800000000000C000300C64781049FAC80039400000000260330030327010400000000140400000000150400000000160400000000170200002A02000030014A310113DF7E
2026-03-30 03:03:59 - msg_id_0200 ==> 7E02000042660000000002DD5300000000000C000300C64780049FAC80039400000000260330030358010400000000140400000000150400000000160400000000170200002A02000030014A310112BB7E
2026-03-30 03:04:30 - msg_id_0200 ==> 7E02000042660000000002DD5E00000000000C000300C6477F049FAC80039400000000260330030429010400000000140400000000150400000000160400000000170200002A02000030014A3101133E7E
2026-03-30 03:05:01 - msg_id_0200 ==> 7E02000042660000000002DD6900000000000C000300C64780049FAC80039400000000260330030500010400000000140400000000150400000000160400000000170200002A02000030014A310114D97E
2026-03-30 03:05:32 - msg_id_0200 ==> 7E02000042660000000002DD7400000000000C000300C64781049FAC80039400000000260330030531010400000000140400000000150400000000160400000000170200002A02000030014A310114F47E
2026-03-30 03:06:03 - msg_id_0200 ==> 7E02000042660000000002DD7F00000100000C000300C64783049FAC80039400000000260330030602010400000000140400000000150400000000160400000000170200002A02000030014A310114CC7E
2026-03-30 03:06:08 - msg_id_0200 ==> 7E02000042660000000002DD8200000000000C000300C64784049FAC80039400000000260330030607010400000000140400000000150400000000160400000000170200002A02000030014A310115337E
2026-03-30 03:06:39 - msg_id_0200 ==> 7E02000042660000000002DD8D00000000000C000300C64785049FAC78039400000000260330030638010400000000140400000000150400000000160400000000170200002A02000030014A310115FA7E
2026-03-30 03:07:10 - msg_id_0200 ==> 7E02000042660000000002DD9800000000000C000300C64786049FAC78039400000000260330030709010400000000140400000000150400000000160400000000170200002A02000030014A310114DD7E
2026-03-30 03:07:41 - msg_id_0200 ==> 7E02000042660000000002DDA300000000000C000300C64784049FAC78039400000000260330030740010400000000140400000000150400000000160400000000170200002A02000030014A310113AA7E
2026-03-30 03:08:12 - msg_id_0200 ==> 7E02000042660000000002DDAE00000000000C000300C64784049FAC78039400000000260330030811010400000000140400000000150400000000160400000000170200002A02000030014A310115FF7E
2026-03-30 03:08:43 - msg_id_0200 ==> 7E02000042660000000002DDB900000000000C000300C64782049FAC78039400000000260330030842010400000000140400000000150400000000160400000000170200002A02000030014A310116BE7E
2026-03-30 03:09:14 - msg_id_0200 ==> 7E02000042660000000002DDC400000000000C000300C6477F049FAC78039400000000260330030913010400000000140400000000150400000000160400000000170200002A02000030014A3101156D7E
2026-03-30 03:09:45 - msg_id_0200 ==> 7E02000042660000000002DDCF00000000000C000300C6477F049FAC78039400000000260330030944010400000000140400000000150400000000160400000000170200002A02000030014A310114307E
2026-03-30 03:10:16 - msg_id_0200 ==> 7E02000042660000000002DDDA00000000000C000300C6477D02049FAC80039400000000260330031015010400000000140400000000150400000000160400000000170200002A02000030014A310112927E
2026-03-30 03:10:47 - msg_id_0200 ==> 7E02000042660000000002DDE500000000000C000300C6477D01049FAC80039400000000260330031046010400000000140400000000150400000000160400000000170200002A02000030014A310111FE7E
2026-03-30 03:11:18 - msg_id_0200 ==> 7E02000042660000000002DDF000000000000C000300C6477C049FAC80039300000000260330031117010400000000140400000000150400000000160400000000170200002A02000030014A310113BF7E
2026-03-30 03:11:49 - msg_id_0200 ==> 7E02000042660000000002DDFB00000000000C000300C6477A049FAC80039300000000260330031148010400000000140400000000150400000000160400000000170200002A02000030014A310110EE7E
2026-03-30 03:12:20 - msg_id_0200 ==> 7E02000042660000000002DE0600000000000C000300C6477A049FAC80039300000000260330031219010400000000140400000000150400000000160400000000170200002A02000030014A310112407E
2026-03-30 03:12:51 - msg_id_0200 ==> 7E02000042660000000002DE1100000000000C000300C64778049FAC80039300000000260330031250010400000000140400000000150400000000160400000000170200002A02000030014A3101111F7E
2026-03-30 03:13:22 - msg_id_0200 ==> 7E02000042660000000002DE1C00000000000C000300C64779049FAC80039300000000260330031321010400000000140400000000150400000000160400000000170200002A02000030014A310112607E
2026-03-30 03:13:53 - msg_id_0200 ==> 7E02000042660000000002DE2700000000000C000300C6477B049FAC80039300000000260330031352010400000000140400000000150400000000160400000000170200002A02000030014A3101122A7E
2026-03-30 03:14:24 - msg_id_0200 ==> 7E02000042660000000002DE3200000000000C000300C6477B049FAC78039300000000260330031423010400000000140400000000150400000000160400000000170200002A02000030014A310110B37E
2026-03-30 03:14:55 - msg_id_0200 ==> 7E02000042660000000002DE3D00000000000C000300C6477A049FAC78039300000000260330031454010400000000140400000000150400000000160400000000170200002A02000030014A310114CE7E
2026-03-30 03:15:26 - msg_id_0200 ==> 7E02000042660000000002DE4800000000000C000300C6477B049FAC78039300000000260330031525010400000000140400000000150400000000160400000000170200002A02000030014A310114CA7E
2026-03-30 03:15:57 - msg_id_0200 ==> 7E02000042660000000002DE5300000000000C000300C6477D02049FAC78039200000000260330031556010400000000140400000000150400000000160400000000170200002A02000030014A310110A27E
2026-03-30 03:16:28 - msg_id_0200 ==> 7E02000042660000000002DE5E00000000000C000300C6477F049FAC70039200000000260330031627010400000000140400000000150400000000160400000000170200002A02000030014A310111D57E
2026-03-30 03:16:59 - msg_id_0200 ==> 7E02000042660000000002DE6900000000000C000300C6477F049FAC70039200000000260330031658010400000000140400000000150400000000160400000000170200002A02000030014A310114987E
2026-03-30 03:17:30 - msg_id_0200 ==> 7E02000042660000000002DE7400000000000C000300C6477D02049FAC70039200000000260330031729010400000000140400000000150400000000160400000000170200002A02000030014A310114F47E
2026-03-30 03:18:00 - msg_id_0200 ==> 7E02000042660000000002DE7F00000100000C000300C6477F049FAC70039200000000260330031759010400000000140400000000150400000000160400000000170200002A02000030014A310112897E
2026-03-30 03:18:05 - msg_id_0200 ==> 7E02000042660000000002DE8200000000000C000300C6477F049FAC70039200000000260330031804010400000000140400000000150400000000160400000000170200002A02000030014A310112277E
2026-03-30 03:18:36 - msg_id_0200 ==> 7E02000042660000000002DE8D00000000000C000300C6477D02049FAC70039200000000260330031835010400000000140400000000150400000000160400000000170200002A02000030014A3101141E7E
2026-03-30 03:19:07 - msg_id_0200 ==> 7E02000042660000000002DE9800000000000C000300C6477C049FAC70039100000000260330031906010400000000140400000000150400000000160400000000170200002A02000030014A3101133F7E
2026-03-30 03:19:38 - msg_id_0200 ==> 7E02000042660000000002DEA300000000000C000300C6477C049FAC70039100000000260330031937010400000000140400000000150400000000160400000000170200002A02000030014A310112347E
2026-03-30 03:20:09 - msg_id_0200 ==> 7E02000042660000000002DEAE00000000000C000300C6477C049FAC70039100000000260330032008010400000000140400000000150400000000160400000000170200002A02000030014A3101113C7E
2026-03-30 03:20:40 - msg_id_0200 ==> 7E02000042660000000002DEB900000000000C000300C6477D02049FAC70039100000000260330032039010400000000140400000000150400000000160400000000170200002A02000030014A3101131A7E
2026-03-30 03:21:11 - msg_id_0200 ==> 7E02000042660000000002DEC400000000000C000300C64780049FAC70039100000000260330032110010400000000140400000000150400000000160400000000170200002A02000030014A310112B07E
2026-03-30 03:21:42 - msg_id_0200 ==> 7E02000042660000000002DECF00000000000C000300C6477F049FAC70039100000000260330032141010400000000140400000000150400000000160400000000170200002A02000030014A310114137E
2026-03-30 03:22:12 - msg_id_0200 ==> 7E02000042660000000002DEDA00000000000C000300C6477F049FAC70039100000000260330032212010400000000140400000000150400000000160400000000170200002A02000030014A310113517E
2026-03-30 03:22:44 - msg_id_0200 ==> 7E02000042660000000002DEE500000000000C000300C6477D01049FAC70039100000000260330032243010400000000140400000000150400000000160400000000170200002A02000030014A3101123C7E
2026-03-30 03:23:15 - msg_id_0200 ==> 7E02000042660000000002DEF000000000000C000300C6477B049FAC70039100000000260330032314010400000000140400000000150400000000160400000000170200002A02000030014A3101147F7E
2026-03-30 03:23:45 - msg_id_0200 ==> 7E02000042660000000002DEFB00000000000C000300C6477A049FAC70039100000000260330032345010400000000140400000000150400000000160400000000170200002A02000030014A310114247E
2026-03-30 03:24:17 - msg_id_0200 ==> 7E02000042660000000002DF0600000000000C000300C64779049FAC78039100000000260330032416010400000000140400000000150400000000160400000000170200002A02000030014A310116857E
2026-03-30 03:24:48 - msg_id_0200 ==> 7E02000042660000000002DF1100000000000C000300C64778049FAC78039000000000260330032447010400000000140400000000150400000000160400000000170200002A02000030014A310112C77E
2026-03-30 03:25:19 - msg_id_0200 ==> 7E02000042660000000002DF1C00000000000C000300C64775049FAC78039000000000260330032518010400000000140400000000150400000000160400000000170200002A02000030014A310113987E
2026-03-30 03:25:50 - msg_id_0200 ==> 7E02000042660000000002DF2700000000000C000300C64772049FAC78039000000000260330032549010400000000140400000000150400000000160400000000170200002A02000030014A310113F57E
2026-03-30 03:26:21 - msg_id_0200 ==> 7E02000042660000000002DF3200000000000C000300C6476F049FAC78039000000000260330032620010400000000140400000000150400000000160400000000170200002A02000030014A310114907E
2026-03-30 03:26:52 - msg_id_0200 ==> 7E02000042660000000002DF3D00000000000C000300C6476C049FAC78039000000000260330032651010400000000140400000000150400000000160400000000170200002A02000030014A310115EC7E
2026-03-30 03:27:23 - msg_id_0200 ==> 7E02000042660000000002DF4800000000000C000300C64762049FAC78039000000000260330032722010400000000140400000000150400000000160400000000170200002A02000030014A310114E47E
2026-03-30 03:27:54 - msg_id_0200 ==> 7E02000042660000000002DF5300000000000C000300C6475D049FAC70039000000000260330032753010400000000140400000000150400000000160400000000170200002A02000030014A310115B87E
2026-03-30 03:28:25 - msg_id_0200 ==> 7E02000042660000000002DF5E00000000000C000300C6475C049FAC68039000000000260330032824010400000000140400000000150400000000160400000000170200002A02000030014A310116D77E
2026-03-30 03:28:56 - msg_id_0200 ==> 7E02000042660000000002DF6900000000000C000300C64759049FAC68039000000000260330032855010400000000140400000000150400000000160400000000170200002A02000030014A310115977E
2026-03-30 03:29:27 - msg_id_0200 ==> 7E02000042660000000002DF7400000000000C000300C6475A049FAC68038F00000000260330032926010400000000140400000000150400000000160400000000170200002A02000030014A310115E47E
2026-03-30 03:29:57 - msg_id_0200 ==> 7E02000042660000000002DF7F00000100000C000300C64758049FAC68039000000000260330032956010400000000140400000000150400000000160400000000170200002A02000030014A310113857E
2026-03-30 03:30:03 - msg_id_0200 ==> 7E02000042660000000002DF8200000000000C000300C64758049FAC68039000000000260330033002010400000000140400000000150400000000160400000000170200002A02000030014A310113347E
2026-03-30 03:30:34 - msg_id_0200 ==> 7E02000042660000000002DF8D00000000000C000300C6475A049FAC70038F00000000260330033033010400000000140400000000150400000000160400000000170200002A02000030014A310115097E
2026-03-30 03:31:05 - msg_id_0200 ==> 7E02000042660000000002DF9800000000000C000300C6475A049FAC68038F00000000260330033104010400000000140400000000150400000000160400000000170200002A02000030014A310113347E
2026-03-30 03:31:36 - msg_id_0200 ==> 7E02000042660000000002DFA300000000000C000300C6475A049FAC68038F00000000260330033135010400000000140400000000150400000000160400000000170200002A02000030014A310114397E
2026-03-30 03:32:07 - msg_id_0200 ==> 7E02000042660000000002DFAE00000000000C000300C64760049FAC68038F00000000260330033206010400000000140400000000150400000000160400000000170200002A02000030014A310113397E
2026-03-30 03:32:38 - msg_id_0200 ==> 7E02000042660000000002DFB900000000000C000300C6475E049FAC70038F00000000260330033237010400000000140400000000150400000000160400000000170200002A02000030014A310113397E
2026-03-30 03:33:09 - msg_id_0200 ==> 7E02000042660000000002DFC400000000000C000300C64761049FAC70038F00000000260330033308010400000000140400000000150400000000160400000000170200002A02000030014A310115437E
2026-03-30 03:33:40 - msg_id_0200 ==> 7E02000042660000000002DFCF00000000000C000300C64764049FAC78038F00000000260330033339010400000000140400000000150400000000160400000000170200002A02000030014A310112737E
2026-03-30 03:34:11 - msg_id_0200 ==> 7E02000042660000000002DFDA00000000000C000300C64762049FAC78038F00000000260330033410010400000000140400000000150400000000160400000000170200002A02000030014A3101124E7E
2026-03-30 03:34:42 - msg_id_0200 ==> 7E02000042660000000002DFE500000000000C000300C64762049FAC78038E00000000260330033441010400000000140400000000150400000000160400000000170200002A02000030014A310111227E
2026-03-30 03:35:13 - msg_id_0200 ==> 7E02000042660000000002DFF000000000000C000300C64762049FAC80038E00000000260330033512010400000000140400000000150400000000160400000000170200002A02000030014A3101129E7E
2026-03-30 03:35:44 - msg_id_0200 ==> 7E02000042660000000002DFFB00000000000C000300C64764049FAC80038E00000000260330033543010400000000140400000000150400000000160400000000170200002A02000030014A310112C27E
2026-03-30 03:36:15 - msg_id_0200 ==> 7E02000042660000000002E00600000000000C000300C64765049FAC80038E00000000260330033614010400000000140400000000150400000000160400000000170200002A02000030014A310110577E
2026-03-30 03:36:46 - msg_id_0200 ==> 7E02000042660000000002E01100000000000C000300C64766049FAC80038D00000000260330033645010400000000140400000000150400000000160400000000170200002A02000030014A310111107E
2026-03-30 03:37:17 - msg_id_0200 ==> 7E02000042660000000002E01C00000000000C000300C64764049FAC88038D00000000260330033716010400000000140400000000150400000000160400000000170200002A02000030014A310111457E
2026-03-30 03:37:48 - msg_id_0200 ==> 7E02000042660000000002E02700000000000C000300C64768049FAC98038D00000000260330033747010400000000140400000000150400000000160400000000170200002A02000030014A310112307E
2026-03-30 03:38:19 - msg_id_0200 ==> 7E02000042660000000002E03200000000000C000300C6476A049FACA0038D00000000260330033818010400000000140400000000150400000000160400000000170200002A02000030014A3101134E7E
2026-03-30 03:38:50 - msg_id_0200 ==> 7E02000042660000000002E03D00000000000C000300C6476B049FACA0038C00000000260330033849010400000000140400000000150400000000160400000000170200002A02000030014A310114177E
2026-03-30 03:39:21 - msg_id_0200 ==> 7E02000042660000000002E04800000000000C000300C6476F049FACA0038C00000000260330033920010400000000140400000000150400000000160400000000170200002A02000030014A3101140E7E
2026-03-30 03:39:52 - msg_id_0200 ==> 7E02000042660000000002E05300000000000C000300C64770049FACA0038C00000000260330033951010400000000140400000000150400000000160400000000170200002A02000030014A3101137C7E
2026-03-30 03:40:23 - msg_id_0200 ==> 7E02000042660000000002E05E00000000000C000300C6476E049FAC98038C00000000260330034022010400000000140400000000150400000000160400000000170200002A02000030014A3101135D7E
2026-03-30 03:40:54 - msg_id_0200 ==> 7E02000042660000000002E06900000000000C000300C6476E049FAC98038C00000000260330034053010400000000140400000000150400000000160400000000170200002A02000030014A3101141C7E
2026-03-30 03:41:25 - msg_id_0200 ==> 7E02000042660000000002E07400000000000C000300C6476D049FAC90038C00000000260330034124010400000000140400000000150400000000160400000000170200002A02000030014A3101147C7E
2026-03-30 03:41:55 - msg_id_0200 ==> 7E02000042660000000002E07F00000100000C000300C6476E049FAC90038B00000000260330034154010400000000140400000000150400000000160400000000170200002A02000030014A310110067E
2026-03-30 03:42:00 - msg_id_0200 ==> 7E02000042660000000002E08200000000000C000300C6476D049FAC98038B00000000260330034159010400000000140400000000150400000000160400000000170200002A02000030014A310110FC7E
2026-03-30 03:42:31 - msg_id_0200 ==> 7E02000042660000000002E08D00000000000C000300C6476B049FAC98038B00000000260330034230010400000000140400000000150400000000160400000000170200002A02000030014A3101139C7E
2026-03-30 03:43:02 - msg_id_0200 ==> 7E02000042660000000002E09800000000000C000300C6476D049FAC98038B00000000260330034301010400000000140400000000150400000000160400000000170200002A02000030014A310112BE7E
2026-03-30 03:43:33 - msg_id_0200 ==> 7E02000042660000000002E0A300000000000C000300C64764049FAC98038B00000000260330034332010400000000140400000000150400000000160400000000170200002A02000030014A310113BE7E
2026-03-30 03:44:04 - msg_id_0200 ==> 7E02000042660000000002E0AE00000000000C000300C64760049FAC90038B00000000260330034403010400000000140400000000150400000000160400000000170200002A02000030014A310112887E
2026-03-30 03:44:34 - msg_id_0200 ==> 7E02000042660000000002E0B900000000000C000300C6475D049FAC80038A00000000260330034434010400000000140400000000150400000000160400000000170200002A02000030014A310112847E
2026-03-30 03:45:06 - msg_id_0200 ==> 7E02000042660000000002E0C400000000000C000300C6475F049FAC80038A00000000260330034505010400000000140400000000150400000000160400000000170200002A02000030014A310112CB7E
2026-03-30 03:45:37 - msg_id_0200 ==> 7E02000042660000000002E0CF00000000000C000300C64760049FAC88038A00000000260330034536010400000000140400000000150400000000160400000000170200002A02000030014A310110C67E
2026-03-30 03:46:07 - msg_id_0200 ==> 7E02000042660000000002E0DA00000000000C000300C64761049FAC88038A00000000260330034607010400000000140400000000150400000000160400000000170200002A02000030014A310111E17E
2026-03-30 03:46:39 - msg_id_0200 ==> 7E02000042660000000002E0E500000000000C000300C64761049FAC88038900000000260330034638010400000000140400000000150400000000160400000000170200002A02000030014A310112E17E
2026-03-30 03:47:10 - msg_id_0200 ==> 7E02000042660000000002E0F000000000000C000300C64763049FAC88038900000000260330034709010400000000140400000000150400000000160400000000170200002A020000300146310111C97E
2026-03-30 03:47:41 - msg_id_0200 ==> 7E02000042660000000002E0FB00000000000C000300C64765049FAC88038900000000260330034740010400000000140400000000150400000000160400000000170200002A0200003001463101138F7E
2026-03-30 03:48:12 - msg_id_0200 ==> 7E02000042660000000002E10600000000000C000300C64765049FAC88038900000000260330034811010400000000140400000000150400000000160400000000170200002A0200003001463101142A7E
2026-03-30 03:48:43 - msg_id_0200 ==> 7E02000042660000000002E11100000000000C000300C64769049FAC88038900000000260330034842010400000000140400000000150400000000160400000000170200002A020000300146310114627E
2026-03-30 03:49:14 - msg_id_0200 ==> 7E02000042660000000002E11C00000000000C000300C6476B049FAC80038900000000260330034913010400000000140400000000150400000000160400000000170200002A020000300146310113327E
2026-03-30 03:49:45 - msg_id_0200 ==> 7E02000042660000000002E12700000000000C000300C6476B049FAC80038900000000260330034944010400000000140400000000150400000000160400000000170200002A020000300146310114597E
2026-03-30 03:50:16 - msg_id_0200 ==> 7E02000042660000000002E13200000000000C000300C6476D049FAC80038800000000260330035015010400000000140400000000150400000000160400000000170200002A020000300146310114037E
2026-03-30 03:50:47 - msg_id_0200 ==> 7E02000042660000000002E13D00000000000C000300C6476F049FAC80038800000000260330035046010400000000140400000000150400000000160400000000170200002A020000300146310111587E
2026-03-30 03:51:18 - msg_id_0200 ==> 7E02000042660000000002E14800000000000C000300C6476D049FAC80038800000000260330035117010400000000140400000000150400000000160400000000170200002A02000030014631010F617E
2026-03-30 03:51:49 - msg_id_0200 ==> 7E02000042660000000002E15300000000000C000300C6476E049FAC80038900000000260330035148010400000000140400000000150400000000160400000000170200002A0200003001463101133B7E
2026-03-30 03:52:20 - msg_id_0200 ==> 7E02000042660000000002E15E00000000000C000300C6476D049FAC80038900000000260330035219010400000000140400000000150400000000160400000000170200002A020000300146310112667E
2026-03-30 03:52:51 - msg_id_0200 ==> 7E02000042660000000002E16900000000000C000300C6476F049FAC78038900000000260330035250010400000000140400000000150400000000160400000000170200002A020000300146310112E27E
2026-03-30 03:53:22 - msg_id_0200 ==> 7E02000042660000000002E17400000000000C000300C6476E049FAC78038800000000260330035321010400000000140400000000150400000000160400000000170200002A020000300146310114897E
2026-03-30 03:53:53 - msg_id_0200 ==> 7E02000042660000000002E17F00000100000C000300C64767049FAC78038800000000260330035352010400000000140400000000150400000000160400000000170200002A020000300146310113FE7E
2026-03-30 03:53:58 - msg_id_0200 ==> 7E02000042660000000002E18200000000000C000300C64766049FAC78038800000000260330035357010400000000140400000000150400000000160400000000170200002A020000300146310113067E
2026-03-30 03:54:29 - msg_id_0200 ==> 7E02000042660000000002E18D00000000000C000300C64764049FAC78038800000000260330035428010400000000140400000000150400000000160400000000170200002A020000300146310113737E
2026-03-30 03:55:00 - msg_id_0200 ==> 7E02000042660000000002E19800000000000C000300C64763049FAC78038800000000260330035459010400000000140400000000150400000000160400000000170200002A020000300146310112117E
2026-03-30 03:55:31 - msg_id_0200 ==> 7E02000042660000000002E1A300000000000C000300C64763049FAC78038800000000260330035530010400000000140400000000150400000000160400000000170200002A020000300146310111417E
2026-03-30 03:56:02 - msg_id_0200 ==> 7E02000042660000000002E1AE00000000000C000300C64763049FAC78038800000000260330035601010400000000140400000000150400000000160400000000170200002A0200003001463101127D017E
2026-03-30 03:56:33 - msg_id_0200 ==> 7E02000042660000000002E1B900000000000C000300C64764049FAC80038800000000260330035632010400000000140400000000150400000000160400000000170200002A020000300146310113A77E
2026-03-30 03:57:04 - msg_id_0200 ==> 7E02000042660000000002E1C400000000000C000300C64764049FAC80038700000000260330035703010400000000140400000000150400000000160400000000170200002A020000300146310115E37E
2026-03-30 03:57:35 - msg_id_0200 ==> 7E02000042660000000002E1CF00000000000C000300C64765049FAC80038700000000260330035734010400000000140400000000150400000000160400000000170200002A020000300146310114DF7E
2026-03-30 03:58:06 - msg_id_0200 ==> 7E02000042660000000002E1DA00000000000C000300C64765049FAC80038700000000260330035805010400000000140400000000150400000000160400000000170200002A020000300146310115F57E
2026-03-30 03:58:37 - msg_id_0200 ==> 7E02000042660000000002E1E500000000000C000300C64764049FAC80038700000000260330035836010400000000140400000000150400000000160400000000170200002A020000300146310114F97E
2026-03-30 03:59:08 - msg_id_0200 ==> 7E02000042660000000002E1F000000000000C000300C64762049FAC80038700000000260330035907010400000000140400000000150400000000160400000000170200002A020000300146310114DA7E
2026-03-30 03:59:39 - msg_id_0200 ==> 7E02000042660000000002E1FB00000000000C000300C64764049FAC88038700000000260330035938010400000000140400000000150400000000160400000000170200002A020000300146310114E07E
2026-03-30 04:00:10 - msg_id_0200 ==> 7E02000042660000000002E20600000000000C000300C64764049FAC88038700000000260330040009010400000000140400000000150400000000160400000000170200002A020000300146310113767E
2026-03-30 04:00:41 - msg_id_0200 ==> 7E02000042660000000002E21100000000000C000300C64763049FAC88038800000000260330040040010400000000140400000000150400000000160400000000170200002A020000300146310113207E
2026-03-30 04:01:12 - msg_id_0200 ==> 7E02000042660000000002E21C00000000000C000300C64763049FAC88038800000000260330040111010400000000140400000000150400000000160400000000170200002A0200003001463101147A7E
2026-03-30 04:01:43 - msg_id_0200 ==> 7E02000042660000000002E22700000000000C000300C64765049FAC88038800000000260330040142010400000000140400000000150400000000160400000000170200002A020000300146310115157E
2026-03-30 04:02:13 - msg_id_0200 ==> 7E02000042660000000002E23200000000000C000300C64767049FAC88038800000000260330040213010400000000140400000000150400000000160400000000170200002A020000300146310114517E
2026-03-30 04:02:45 - msg_id_0200 ==> 7E02000042660000000002E23D00000000000C000300C64768049FAC88038800000000260330040244010400000000140400000000150400000000160400000000170200002A020000300146310114067E
2026-03-30 04:03:16 - msg_id_0200 ==> 7E02000042660000000002E24800000000000C000300C64768049FAC88038800000000260330040315010400000000140400000000150400000000160400000000170200002A020000300146310116217E
2026-03-30 04:03:46 - msg_id_0200 ==> 7E02000042660000000002E25300000000000C000300C6476A049FAC88038800000000260330040346010400000000140400000000150400000000160400000000170200002A0200003001463101166B7E
2026-03-30 04:04:18 - msg_id_0200 ==> 7E02000042660000000002E25E00000000000C000300C6476C049FAC88038800000000260330040417010400000000140400000000150400000000160400000000170200002A020000300146310115357E
2026-03-30 04:04:49 - msg_id_0200 ==> 7E02000042660000000002E26900000000000C000300C6476D049FAC88038800000000260330040448010400000000140400000000150400000000160400000000170200002A0200003001463101135A7E
2026-03-30 04:05:20 - msg_id_0200 ==> 7E02000042660000000002E27400000000000C000300C6476F049FAC88038800000000260330040519010400000000140400000000150400000000160400000000170200002A020000300146310115137E
2026-03-30 04:05:50 - msg_id_0200 ==> 7E02000042660000000002E27F00000100000C000300C64771049FAC88038800000000260330040549010400000000140400000000150400000000160400000000170200002A020000300146310114567E
2026-03-30 04:05:55 - msg_id_0200 ==> 7E02000042660000000002E28200000000000C000300C64772049FAC88038800000000260330040554010400000000140400000000150400000000160400000000170200002A020000300146310115B57E
2026-03-30 04:06:26 - msg_id_0200 ==> 7E02000042660000000002E28D00000000000C000300C64772049FAC88038800000000260330040625010400000000140400000000150400000000160400000000170200002A020000300146310115C87E
2026-03-30 04:06:57 - msg_id_0200 ==> 7E02000042660000000002E29800000000000C000300C64773049FAC88038800000000260330040656010400000000140400000000150400000000160400000000170200002A020000300146310114AE7E
2026-03-30 04:07:28 - msg_id_0200 ==> 7E02000042660000000002E2A300000000000C000300C64777049FAC88038800000000260330040727010400000000140400000000150400000000160400000000170200002A020000300146310113E67E
2026-03-30 04:07:59 - msg_id_0200 ==> 7E02000042660000000002E2AE00000000000C000300C64778049FAC88038800000000260330040758010400000000140400000000150400000000160400000000170200002A0200003001463101139B7E
2026-03-30 04:08:30 - msg_id_0200 ==> 7E02000042660000000002E2B900000000000C000300C64777049FAC88038800000000260330040829010400000000140400000000150400000000160400000000170200002A020000300146310111FF7E
2026-03-30 04:09:01 - msg_id_0200 ==> 7E02000042660000000002E2C400000000000C000300C64775049FAC88038800000000260330040900010400000000140400000000150400000000160400000000170200002A020000300146310113AA7E
2026-03-30 04:09:32 - msg_id_0200 ==> 7E02000042660000000002E2CF00000000000C000300C64775049FAC88038800000000260330040931010400000000140400000000150400000000160400000000170200002A020000300146310114977E
2026-03-30 04:10:03 - msg_id_0200 ==> 7E02000042660000000002E2DA00000000000C000300C64775049FAC88038800000000260330041002010400000000140400000000150400000000160400000000170200002A020000300146310114A87E
2026-03-30 04:10:34 - msg_id_0200 ==> 7E02000042660000000002E2E500000000000C000300C64774049FAC88038800000000260330041033010400000000140400000000150400000000160400000000170200002A020000300146310114A77E
2026-03-30 04:11:05 - msg_id_0200 ==> 7E02000042660000000002E2F000000000000C000300C64775049FAC88038800000000260330041104010400000000140400000000150400000000160400000000170200002A020000300146310111807E
2026-03-30 04:11:36 - msg_id_0200 ==> 7E02000042660000000002E2FB00000000000C000300C64774049FAC88038800000000260330041135010400000000140400000000150400000000160400000000170200002A020000300146310113B97E
2026-03-30 04:12:07 - msg_id_0200 ==> 7E02000042660000000002E30600000000000C000300C64775049FAC88038800000000260330041206010400000000140400000000150400000000160400000000170200002A020000300146310111767E
2026-03-30 04:12:38 - msg_id_0200 ==> 7E02000042660000000002E31100000000000C000300C64777049FAC88038800000000260330041237010400000000140400000000150400000000160400000000170200002A020000300146310113507E
2026-03-30 04:13:09 - msg_id_0200 ==> 7E02000042660000000002E31C00000000000C000300C64778049FAC90038800000000260330041308010400000000140400000000150400000000160400000000170200002A020000300146310114737E
2026-03-30 04:13:40 - msg_id_0200 ==> 7E02000042660000000002E32700000000000C000300C64779049FAC90038800000000260330041339010400000000140400000000150400000000160400000000170200002A020000300146310114787E
2026-03-30 04:14:11 - msg_id_0200 ==> 7E02000042660000000002E33200000000000C000300C64777049FAC90038800000000260330041410010400000000140400000000150400000000160400000000170200002A0200003001463101134A7E
2026-03-30 04:14:42 - msg_id_0200 ==> 7E02000042660000000002E33D00000000000C000300C64774049FAC90038800000000260330041441010400000000140400000000150400000000160400000000170200002A020000300146310113177E
2026-03-30 04:15:13 - msg_id_0200 ==> 7E02000042660000000002E34800000000000C000300C64772049FAC90038800000000260330041512010400000000140400000000150400000000160400000000170200002A020000300146310112377E
2026-03-30 04:15:44 - msg_id_0200 ==> 7E02000042660000000002E35300000000000C000300C6476F049FAC90038800000000260330041543010400000000140400000000150400000000160400000000170200002A020000300146310113617E
2026-03-30 04:16:15 - msg_id_0200 ==> 7E02000042660000000002E35E00000000000C000300C6476D049FAC90038800000000260330041614010400000000140400000000150400000000160400000000170200002A020000300146310110397E
2026-03-30 04:16:46 - msg_id_0200 ==> 7E02000042660000000002E36900000000000C000300C6476B049FAC90038800000000260330041645010400000000140400000000150400000000160400000000170200002A020000300146310111587E
2026-03-30 04:17:17 - msg_id_0200 ==> 7E02000042660000000002E37400000000000C000300C64769049FAC90038800000000260330041716010400000000140400000000150400000000160400000000170200002A020000300146310110147E
2026-03-30 04:17:48 - msg_id_0200 ==> 7E02000042660000000002E37F00000100000C000300C64769049FAC98038800000000260330041747010400000000140400000000150400000000160400000000170200002A020000300146310115427E
2026-03-30 04:17:53 - msg_id_0200 ==> 7E02000042660000000002E38200000000000C000300C64769049FAC90038800000000260330041752010400000000140400000000150400000000160400000000170200002A020000300146310116A07E
2026-03-30 04:18:24 - msg_id_0200 ==> 7E02000042660000000002E38D00000000000C000300C64767049FAC88038800000000260330041823010400000000140400000000150400000000160400000000170200002A020000300146310117C67E
2026-03-30 04:18:55 - msg_id_0200 ==> 7E02000042660000000002E39800000000000C000300C64765049FAC88038800000000260330041854010400000000140400000000150400000000160400000000170200002A020000300146310114A57E
2026-03-30 04:19:26 - msg_id_0200 ==> 7E02000042660000000002E3A300000000000C000300C64764049FAC88038800000000260330041925010400000000140400000000150400000000160400000000170200002A020000300146310114EF7E
2026-03-30 04:19:57 - msg_id_0200 ==> 7E02000042660000000002E3AE00000000000C000300C64761049FAC88038800000000260330041956010400000000140400000000150400000000160400000000170200002A020000300146310116967E
2026-03-30 04:20:28 - msg_id_0200 ==> 7E02000042660000000002E3B900000000000C000300C6475F049FAC88038800000000260330042027010400000000140400000000150400000000160400000000170200002A020000300146310113F27E
2026-03-30 04:20:59 - msg_id_0200 ==> 7E02000042660000000002E3C400000000000C000300C6475E049FAC80038800000000260330042058010400000000140400000000150400000000160400000000170200002A020000300146310112F87E
2026-03-30 04:21:30 - msg_id_0200 ==> 7E02000042660000000002E3CF00000000000C000300C6475E049FAC88038800000000260330042129010400000000140400000000150400000000160400000000170200002A0200003001463101128B7E
2026-03-30 04:22:01 - msg_id_0200 ==> 7E02000042660000000002E3DA00000000000C000300C64761049FAC80038800000000260330042200010400000000140400000000150400000000160400000000170200002A020000300146310112837E
2026-03-30 04:22:32 - msg_id_0200 ==> 7E02000042660000000002E3E500000000000C000300C6475F049FAC80038800000000260330042231010400000000140400000000150400000000160400000000170200002A020000300146310114B57E
2026-03-30 04:23:03 - msg_id_0200 ==> 7E02000042660000000002E3F000000000000C000300C6475E049FAC80038800000000260330042302010400000000140400000000150400000000160400000000170200002A020000300146310116917E
2026-03-30 04:23:34 - msg_id_0200 ==> 7E02000042660000000002E3FB00000000000C000300C6475B049FAC80038800000000260330042333010400000000140400000000150400000000160400000000170200002A020000300146310115AD7E
2026-03-30 04:24:05 - msg_id_0200 ==> 7E02000042660000000002E40600000000000C000300C6475E049FAC80038800000000260330042404010400000000140400000000150400000000160400000000170200002A020000300146310115627E
2026-03-30 04:24:36 - msg_id_0200 ==> 7E02000042660000000002E41100000000000C000300C6475B049FAC78038800000000260330042435010400000000140400000000150400000000160400000000170200002A020000300146310115B97E
2026-03-30 04:25:07 - msg_id_0200 ==> 7E02000042660000000002E41C00000000000C000300C6475C049FAC80038800000000260330042506010400000000140400000000150400000000160400000000170200002A0200003001463101167A7E
2026-03-30 04:25:38 - msg_id_0200 ==> 7E02000042660000000002E42700000000000C000300C6475B049FAC80038800000000260330042537010400000000140400000000150400000000160400000000170200002A020000300146310113727E
2026-03-30 04:26:09 - msg_id_0200 ==> 7E02000042660000000002E43200000000000C000300C6475A049FAC88038800000000260330042608010400000000140400000000150400000000160400000000170200002A020000300146310115547E
2026-03-30 04:26:40 - msg_id_0200 ==> 7E02000042660000000002E43D00000000000C000300C64757049FAC88038800000000260330042639010400000000140400000000150400000000160400000000170200002A020000300146310113617E
2026-03-30 04:27:11 - msg_id_0200 ==> 7E02000042660000000002E44800000000000C000300C64755049FAC88038800000000260330042710010400000000140400000000150400000000160400000000170200002A020000300146310115387E
2026-03-30 04:27:42 - msg_id_0200 ==> 7E02000042660000000002E45300000000000C000300C64755049FAC88038800000000260330042741010400000000140400000000150400000000160400000000170200002A020000300146310114737E
2026-03-30 04:28:13 - msg_id_0200 ==> 7E02000042660000000002E45E00000000000C000300C64752049FAC88038800000000260330042812010400000000140400000000150400000000160400000000170200002A020000300146310114257E
2026-03-30 04:28:44 - msg_id_0200 ==> 7E02000042660000000002E46900000000000C000300C64750049FAC88038800000000260330042843010400000000140400000000150400000000160400000000170200002A020000300146310115407E
2026-03-30 04:29:15 - msg_id_0200 ==> 7E02000042660000000002E47400000000000C000300C64751049FAC88038800000000260330042914010400000000140400000000150400000000160400000000170200002A0200003001463101140B7E
2026-03-30 04:29:45 - msg_id_0200 ==> 7E02000042660000000002E47F00000100000C000300C64751049FAC88038800000000260330042944010400000000140400000000150400000000160400000000170200002A020000300146310116537E
2026-03-30 04:29:50 - msg_id_0200 ==> 7E02000042660000000002E48200000000000C000300C64751049FAC88038800000000260330042949010400000000140400000000150400000000160400000000170200002A020000300146310116A27E
2026-03-30 04:30:21 - msg_id_0200 ==> 7E02000042660000000002E48D00000000000C000300C64751049FAC90038800000000260330043020010400000000140400000000150400000000160400000000170200002A020000300146310115C67E
2026-03-30 04:30:52 - msg_id_0200 ==> 7E02000042660000000002E49800000000000C000300C6474F049FAC90038800000000260330043051010400000000140400000000150400000000160400000000170200002A020000300146310113BA7E
2026-03-30 04:31:23 - msg_id_0200 ==> 7E02000042660000000002E4A300000000000C000300C64750049FAC90038800000000260330043122010400000000140400000000150400000000160400000000170200002A020000300146310116E97E
2026-03-30 04:31:54 - msg_id_0200 ==> 7E02000042660000000002E4AE00000000000C000300C64752049FAC88038800000000260330043153010400000000140400000000150400000000160400000000170200002A0200003001463101168F7E
2026-03-30 04:32:25 - msg_id_0200 ==> 7E02000042660000000002E4B900000000000C000300C64753049FAC88038800000000260330043224010400000000140400000000150400000000160400000000170200002A020000300146310116ED7E
2026-03-30 04:32:56 - msg_id_0200 ==> 7E02000042660000000002E4C400000000000C000300C64751049FAC80038800000000260330043255010400000000140400000000150400000000160400000000170200002A020000300146310115E87E
2026-03-30 04:33:27 - msg_id_0200 ==> 7E02000042660000000002E4CF00000000000C000300C64752049FAC80038800000000260330043326010400000000140400000000150400000000160400000000170200002A020000300146310114937E
2026-03-30 04:33:58 - msg_id_0200 ==> 7E02000042660000000002E4DA00000000000C000300C64752049FAC80038800000000260330043357010400000000140400000000150400000000160400000000170200002A020000300146310115F67E
2026-03-30 04:34:29 - msg_id_0200 ==> 7E02000042660000000002E4E500000000000C000300C64751049FAC80038800000000260330043428010400000000140400000000150400000000160400000000170200002A020000300146310116B17E
2026-03-30 04:35:00 - msg_id_0200 ==> 7E02000042660000000002E4F000000000000C000300C64752049FAC88038800000000260330043459010400000000140400000000150400000000160400000000170200002A020000300146310112DA7E
2026-03-30 04:35:31 - msg_id_0200 ==> 7E02000042660000000002E4FB00000000000C000300C64754049FAC88038800000000260330043530010400000000140400000000150400000000160400000000170200002A020000300146310115B87E
2026-03-30 04:36:02 - msg_id_0200 ==> 7E02000042660000000002E50600000000000C000300C64754049FAC88038800000000260330043601010400000000140400000000150400000000160400000000170200002A020000300146310115767E
2026-03-30 04:36:33 - msg_id_0200 ==> 7E02000042660000000002E51100000000000C000300C64756049FAC88038800000000260330043632010400000000140400000000150400000000160400000000170200002A020000300146310114517E
2026-03-30 04:37:04 - msg_id_0200 ==> 7E02000042660000000002E51C00000000000C000300C64755049FAC88038800000000260330043703010400000000140400000000150400000000160400000000170200002A020000300146310113687E
2026-03-30 04:37:35 - msg_id_0200 ==> 7E02000042660000000002E52700000000000C000300C64754049FAC88038800000000260330043734010400000000140400000000150400000000160400000000170200002A020000300146310113657E
2026-03-30 04:38:06 - msg_id_0200 ==> 7E02000042660000000002E53200000000000C000300C64755049FAC88038800000000260330043805010400000000140400000000150400000000160400000000170200002A0200003001463101114D7E
2026-03-30 04:38:37 - msg_id_0200 ==> 7E02000042660000000002E53D00000000000C000300C64755049FAC88038800000000260330043836010400000000140400000000150400000000160400000000170200002A020000300146310116767E
2026-03-30 04:39:08 - msg_id_0200 ==> 7E02000042660000000002E54800000000000C000300C64754049FAC90038800000000260330043907010400000000140400000000150400000000160400000000170200002A0200003001463101162A7E
2026-03-30 04:39:39 - msg_id_0200 ==> 7E02000042660000000002E55300000000000C000300C64754049FAC90038800000000260330043938010400000000140400000000150400000000160400000000170200002A0200003001463101160E7E
2026-03-30 04:40:10 - msg_id_0200 ==> 7E02000042660000000002E55E00000000000C000300C64753049FAC88038800000000260330044009010400000000140400000000150400000000160400000000170200002A020000300146310115577E
2026-03-30 04:40:41 - msg_id_0200 ==> 7E02000042660000000002E56900000000000C000300C64754049FAC90038900000000260330044040010400000000140400000000150400000000160400000000170200002A020000300146310114367E
2026-03-30 04:41:12 - msg_id_0200 ==> 7E02000042660000000002E57400000000000C000300C64756049FAC90038900000000260330044111010400000000140400000000150400000000160400000000170200002A020000300146310114797E
2026-03-30 04:41:43 - msg_id_0200 ==> 7E02000042660000000002E57F00000100000C000300C64757049FAC90038900000000260330044142010400000000140400000000150400000000160400000000170200002A020000300146310115207E
2026-03-30 04:41:48 - msg_id_0200 ==> 7E02000042660000000002E58200000000000C000300C64757049FAC90038900000000260330044147010400000000140400000000150400000000160400000000170200002A020000300146310115D97E
2026-03-30 04:42:19 - msg_id_0200 ==> 7E02000042660000000002E58D00000000000C000300C64757049FAC90038900000000260330044218010400000000140400000000150400000000160400000000170200002A0200003001463101138C7E
2026-03-30 04:42:50 - msg_id_0200 ==> 7E02000042660000000002E59800000000000C000300C64758049FAC90038900000000260330044249010400000000140400000000150400000000160400000000170200002A020000300146310113C77E
2026-03-30 04:43:21 - msg_id_0200 ==> 7E02000042660000000002E5A300000000000C000300C64759049FAC90038900000000260330044320010400000000140400000000150400000000160400000000170200002A020000300146310114927E
2026-03-30 04:43:52 - msg_id_0200 ==> 7E02000042660000000002E5AE00000000000C000300C64759049FAC90038900000000260330044351010400000000140400000000150400000000160400000000170200002A020000300146310114EE7E
2026-03-30 04:44:23 - msg_id_0200 ==> 7E02000042660000000002E5B900000000000C000300C64757049FAC90038900000000260330044422010400000000140400000000150400000000160400000000170200002A020000300146310114837E
2026-03-30 04:44:54 - msg_id_0200 ==> 7E02000042660000000002E5C400000000000C000300C64758049FAC90038900000000260330044453010400000000140400000000150400000000160400000000170200002A020000300146310112867E
2026-03-30 04:45:25 - msg_id_0200 ==> 7E02000042660000000002E5CF00000000000C000300C64753049FAC90038900000000260330044524010400000000140400000000150400000000160400000000170200002A020000300146310113F17E
2026-03-30 04:45:56 - msg_id_0200 ==> 7E02000042660000000002E5DA00000000000C000300C6474D049FAC90038A00000000260330044555010400000000140400000000150400000000160400000000170200002A020000300146310113887E
2026-03-30 04:46:27 - msg_id_0200 ==> 7E02000042660000000002E5E500000000000C000300C6474C049FAC90038A00000000260330044626010400000000140400000000150400000000160400000000170200002A020000300146310115C07E
2026-03-30 04:46:58 - msg_id_0200 ==> 7E02000042660000000002E5F000000000000C000300C6474F049FAC90038A00000000260330044657010400000000140400000000150400000000160400000000170200002A020000300146310115A77E
2026-03-30 04:47:29 - msg_id_0200 ==> 7E02000042660000000002E5FB00000000000C000300C64751049FAC98038A00000000260330044728010400000000140400000000150400000000160400000000170200002A020000300146310117C67E
2026-03-30 04:48:00 - msg_id_0200 ==> 7E02000042660000000002E60600000000000C000300C64755049FAC98038A00000000260330044759010400000000140400000000150400000000160400000000170200002A0200003001463101164C7E
2026-03-30 04:48:31 - msg_id_0200 ==> 7E02000042660000000002E61100000000000C000300C64757049FAC98038A00000000260330044830010400000000140400000000150400000000160400000000170200002A0200003001463101153C7E
2026-03-30 04:49:02 - msg_id_0200 ==> 7E02000042660000000002E61C00000000000C000300C6475F049FAC98038A00000000260330044901010400000000140400000000150400000000160400000000170200002A020000300146310115097E
2026-03-30 04:49:33 - msg_id_0200 ==> 7E02000042660000000002E62700000000000C000300C6475D049FACA8038A00000000260330044932010400000000140400000000150400000000160400000000170200002A020000300146310114327E
2026-03-30 04:50:04 - msg_id_0200 ==> 7E02000042660000000002E63200000000000C000300C6475D049FACA8038A00000000260330045003010400000000140400000000150400000000160400000000170200002A0200003001463101160D7E
2026-03-30 04:50:35 - msg_id_0200 ==> 7E02000042660000000002E63D00000000000C000300C64760049FACA8038A00000000260330045034010400000000140400000000150400000000160400000000170200002A0200003001463101150B7E
2026-03-30 04:51:06 - msg_id_0200 ==> 7E02000042660000000002E64800000000000C000300C6475F049FACA8038A00000000260330045105010400000000140400000000150400000000160400000000170200002A020000300146310115717E
2026-03-30 04:51:37 - msg_id_0200 ==> 7E02000042660000000002E65300000000000C000300C64760049FACA8038A00000000260330045136010400000000140400000000150400000000160400000000170200002A020000300146310115667E
2026-03-30 04:52:08 - msg_id_0200 ==> 7E02000042660000000002E65E00000000000C000300C6475F049FACA8038A00000000260330045207010400000000140400000000150400000000160400000000170200002A020000300146310116657E
2026-03-30 04:52:39 - msg_id_0200 ==> 7E02000042660000000002E66900000000000C000300C6475F049FACA8038A00000000260330045238010400000000140400000000150400000000160400000000170200002A0200003001463101166D7E
2026-03-30 04:53:10 - msg_id_0200 ==> 7E02000042660000000002E67400000000000C000300C6475F049FACA8038A00000000260330045309010400000000140400000000150400000000160400000000170200002A020000300146310117417E
2026-03-30 04:53:40 - msg_id_0200 ==> 7E02000042660000000002E67F00000100000C000300C6475F049FACA8038A00000000260330045339010400000000140400000000150400000000160400000000170200002A0200003001463101177B7E
2026-03-30 04:53:45 - msg_id_0200 ==> 7E02000042660000000002E68200000000000C000300C6475F049FACA8038A00000000260330045344010400000000140400000000150400000000160400000000170200002A020000300146310115F87E
2026-03-30 04:54:16 - msg_id_0200 ==> 7E02000042660000000002E68D00000000000C000300C6475E049FACA8038A00000000260330045415010400000000140400000000150400000000160400000000170200002A020000300146310113A67E
2026-03-30 04:54:47 - msg_id_0200 ==> 7E02000042660000000002E69800000000000C000300C6475E049FACA8038A00000000260330045446010400000000140400000000150400000000160400000000170200002A020000300146310117E47E
2026-03-30 04:55:18 - msg_id_0200 ==> 7E02000042660000000002E6A300000000000C000300C6475F049FACB0038A00000000260330045517010400000000140400000000150400000000160400000000170200002A020000300146310117967E
2026-03-30 04:55:49 - msg_id_0200 ==> 7E02000042660000000002E6AE00000000000C000300C64761049FACA8038A00000000260330045548010400000000140400000000150400000000160400000000170200002A020000300146310118ED7E
2026-03-30 04:56:20 - msg_id_0200 ==> 7E02000042660000000002E6B900000000000C000300C64762049FACA8038A00000000260330045619010400000000140400000000150400000000160400000000170200002A020000300146310115A67E
2026-03-30 04:56:51 - msg_id_0200 ==> 7E02000042660000000002E6C400000000000C000300C6475E049FACA8038A00000000260330045650010400000000140400000000150400000000160400000000170200002A020000300146310117AC7E
2026-03-30 04:57:22 - msg_id_0200 ==> 7E02000042660000000002E6CF00000000000C000300C6475F049FACA8038A00000000260330045721010400000000140400000000150400000000160400000000170200002A020000300146310115D47E
2026-03-30 04:57:53 - msg_id_0200 ==> 7E02000042660000000002E6DA00000000000C000300C64760049FACA8038A00000000260330045752010400000000140400000000150400000000160400000000170200002A0200003001463101158D7E
2026-03-30 04:58:24 - msg_id_0200 ==> 7E02000042660000000002E6E500000000000C000300C6475F049FACA8038A00000000260330045823010400000000140400000000150400000000160400000000170200002A020000300146310116F07E
2026-03-30 04:58:55 - msg_id_0200 ==> 7E02000042660000000002E6F000000000000C000300C6475E049FACA8038A00000000260330045854010400000000140400000000150400000000160400000000170200002A0200003001463101189D7E
2026-03-30 04:59:26 - msg_id_0200 ==> 7E02000042660000000002E6FB00000000000C000300C6475C049FACA8038A00000000260330045925010400000000140400000000150400000000160400000000170200002A020000300146310116EA7E
2026-03-30 04:59:57 - msg_id_0200 ==> 7E02000042660000000002E70600000000000C000300C6475A049FACA8038A00000000260330045956010400000000140400000000150400000000160400000000170200002A020000300146310116637E
2026-03-30 05:00:28 - msg_id_0200 ==> 7E02000042660000000002E71100000000000C000300C6475B049FACA8038A00000000260330050027010400000000140400000000150400000000160400000000170200002A0200003001463101155F7E
2026-03-30 05:00:59 - msg_id_0200 ==> 7E02000042660000000002E71C00000000000C000300C6475A049FACA8038A00000000260330050058010400000000140400000000150400000000160400000000170200002A0200003001463101142D7E
2026-03-30 05:01:30 - msg_id_0200 ==> 7E02000042660000000002E72700000000000C000300C64756049FACA8038A00000000260330050129010400000000140400000000150400000000160400000000170200002A0200003001463101126C7E
2026-03-30 05:02:01 - msg_id_0200 ==> 7E02000042660000000002E73200000000000C000300C64755049FACA8038A00000000260330050200010400000000140400000000150400000000160400000000170200002A020000300146310114567E
2026-03-30 05:02:32 - msg_id_0200 ==> 7E02000042660000000002E73D00000000000C000300C64754049FACA8038A00000000260330050231010400000000140400000000150400000000160400000000170200002A0200003001463101166B7E
2026-03-30 05:03:03 - msg_id_0200 ==> 7E02000042660000000002E74800000000000C000300C64755049FACA8038A00000000260330050302010400000000140400000000150400000000160400000000170200002A0200003001463101142F7E
2026-03-30 05:03:34 - msg_id_0200 ==> 7E02000042660000000002E75300000000000C000300C64756049FACA0038A00000000260330050333010400000000140400000000150400000000160400000000170200002A020000300146310112087E
2026-03-30 05:04:05 - msg_id_0200 ==> 7E02000042660000000002E75E00000000000C000300C64758049FACA8038A00000000260330050404010400000000140400000000150400000000160400000000170200002A020000300146310114357E
2026-03-30 05:04:36 - msg_id_0200 ==> 7E02000042660000000002E76900000000000C000300C6475A049FACA8038A00000000260330050435010400000000140400000000150400000000160400000000170200002A020000300146310114317E
2026-03-30 05:05:07 - msg_id_0200 ==> 7E02000042660000000002E77400000000000C000300C6475A049FACA8038A00000000260330050506010400000000140400000000150400000000160400000000170200002A0200003001463101161C7E
2026-03-30 05:05:38 - msg_id_0200 ==> 7E02000042660000000002E77F00000100000C000300C6475B049FACA8038A00000000260330050537010400000000140400000000150400000000160400000000170200002A020000300146310115257E
2026-03-30 05:05:43 - msg_id_0200 ==> 7E02000042660000000002E78200000000000C000300C6475B049FACA8038A00000000260330050542010400000000140400000000150400000000160400000000170200002A020000300146310115AC7E
2026-03-30 05:06:14 - msg_id_0200 ==> 7E02000042660000000002E78D00000000000C000300C64759049FACA8038A00000000260330050613010400000000140400000000150400000000160400000000170200002A020000300146310116F07E
2026-03-30 05:06:45 - msg_id_0200 ==> 7E02000042660000000002E79800000000000C000300C64758049FACA8038A00000000260330050644010400000000140400000000150400000000160400000000170200002A020000300146310115B07E
2026-03-30 05:07:16 - msg_id_0200 ==> 7E02000042660000000002E7A300000000000C000300C6475A049FACA8038A00000000260330050715010400000000140400000000150400000000160400000000170200002A020000300146310115D97E
2026-03-30 05:07:47 - msg_id_0200 ==> 7E02000042660000000002E7AE00000000000C000300C6475C049FACA8038A00000000260330050746010400000000140400000000150400000000160400000000170200002A020000300146310115817E
2026-03-30 05:08:18 - msg_id_0200 ==> 7E02000042660000000002E7B900000000000C000300C6475C049FACA8038A00000000260330050817010400000000140400000000150400000000160400000000170200002A020000300146310114C97E
2026-03-30 05:08:49 - msg_id_0200 ==> 7E02000042660000000002E7C400000000000C000300C6475D049FACA8038A00000000260330050848010400000000140400000000150400000000160400000000170200002A020000300146310117E97E
2026-03-30 05:09:20 - msg_id_0200 ==> 7E02000042660000000002E7CF00000000000C000300C6475E049FACA8038900000000260330050919010400000000140400000000150400000000160400000000170200002A020000300146310117B27E
2026-03-30 05:09:51 - msg_id_0200 ==> 7E02000042660000000002E7DA00000000000C000300C64760049FACA8038900000000260330050950010400000000140400000000150400000000160400000000170200002A020000300146310115D27E
2026-03-30 05:10:22 - msg_id_0200 ==> 7E02000042660000000002E7E500000000000C000300C64762049FACA8038900000000260330051021010400000000140400000000150400000000160400000000170200002A020000300146310115877E
2026-03-30 05:10:53 - msg_id_0200 ==> 7E02000042660000000002E7F000000000000C000300C64763049FACA8038900000000260330051052010400000000140400000000150400000000160400000000170200002A020000300146310117E27E
2026-03-30 05:11:24 - msg_id_0200 ==> 7E02000042660000000002E7FB00000000000C000300C64764049FACA8038900000000260330051123010400000000140400000000150400000000160400000000170200002A0200003001463101169F7E
2026-03-30 05:11:55 - msg_id_0200 ==> 7E02000042660000000002E80600000000000C000300C64764049FACA8038900000000260330051154010400000000140400000000150400000000160400000000170200002A020000300146310114187E
2026-03-30 05:12:26 - msg_id_0200 ==> 7E02000042660000000002E81100000000000C000300C64764049FACA8038900000000260330051225010400000000140400000000150400000000160400000000170200002A0200003001463101157C7E
2026-03-30 05:12:57 - msg_id_0200 ==> 7E02000042660000000002E81C00000000000C000300C64764049FACA0038900000000260330051256010400000000140400000000150400000000160400000000170200002A020000300146310116097E
2026-03-30 05:13:28 - msg_id_0200 ==> 7E02000042660000000002E82700000000000C000300C64764049FACA0038900000000260330051327010400000000140400000000150400000000160400000000170200002A020000300146310115417E
2026-03-30 05:13:59 - msg_id_0200 ==> 7E02000042660000000002E83200000000000C000300C64764049FACA0038900000000260330051358010400000000140400000000150400000000160400000000170200002A0200003001463101142A7E
2026-03-30 05:14:30 - msg_id_0200 ==> 7E02000042660000000002E83D00000000000C000300C64762049FACA0038900000000260330051429010400000000140400000000150400000000160400000000170200002A020000300146310113527E
2026-03-30 05:15:01 - msg_id_0200 ==> 7E02000042660000000002E84800000000000C000300C64762049FACA0038900000000260330051500010400000000140400000000150400000000160400000000170200002A020000300146310114087E
2026-03-30 05:15:32 - msg_id_0200 ==> 7E02000042660000000002E85300000000000C000300C64763049FACA0038900000000260330051531010400000000140400000000150400000000160400000000170200002A020000300146310114237E
2026-03-30 05:16:03 - msg_id_0200 ==> 7E02000042660000000002E85E00000000000C000300C64763049FACA0038900000000260330051602010400000000140400000000150400000000160400000000170200002A0200003001463101141E7E
2026-03-30 05:16:34 - msg_id_0200 ==> 7E02000042660000000002E86900000000000C000300C64762049FACA0038900000000260330051633010400000000140400000000150400000000160400000000170200002A0200003001463101131E7E
2026-03-30 05:17:05 - msg_id_0200 ==> 7E02000042660000000002E87400000000000C000300C64761049FACA0038800000000260330051704010400000000140400000000150400000000160400000000170200002A020000300146310113377E
2026-03-30 05:17:35 - msg_id_0200 ==> 7E02000042660000000002E87F00000100000C000300C6475F049FACA0038800000000260330051734010400000000140400000000150400000000160400000000170200002A020000300146310116367E
2026-03-30 05:17:41 - msg_id_0200 ==> 7E02000042660000000002E88200000000000C000300C6475F049FACA8038800000000260330051740010400000000140400000000150400000000160400000000170200002A020000300146310116B67E
2026-03-30 05:18:12 - msg_id_0200 ==> 7E02000042660000000002E88D00000000000C000300C6475D049FACA0038800000000260330051811010400000000140400000000150400000000160400000000170200002A020000300146310115EE7E
2026-03-30 05:18:43 - msg_id_0200 ==> 7E02000042660000000002E89800000000000C000300C6475E049FACA0038800000000260330051842010400000000140400000000150400000000160400000000170200002A020000300146310115AB7E
2026-03-30 05:19:14 - msg_id_0200 ==> 7E02000042660000000002E8A300000000000C000300C6475C049FACA0038800000000260330051913010400000000140400000000150400000000160400000000170200002A020000300146310115C27E
2026-03-30 05:19:45 - msg_id_0200 ==> 7E02000042660000000002E8AE00000000000C000300C6475A049FACA0038800000000260330051944010400000000140400000000150400000000160400000000170200002A0200003001463101179C7E
2026-03-30 05:20:16 - msg_id_0200 ==> 7E02000042660000000002E8B900000000000C000300C64756049FACA0038800000000260330052015010400000000140400000000150400000000160400000000170200002A020000300146310115ED7E
2026-03-30 05:20:47 - msg_id_0200 ==> 7E02000042660000000002E8C400000000000C000300C64753049FACA0038800000000260330052046010400000000140400000000150400000000160400000000170200002A020000300146310117C47E
2026-03-30 05:21:18 - msg_id_0200 ==> 7E02000042660000000002E8CF00000000000C000300C64754049FACA0038800000000260330052117010400000000140400000000150400000000160400000000170200002A0200003001463101159A7E
2026-03-30 05:21:49 - msg_id_0200 ==> 7E02000042660000000002E8DA00000000000C000300C64756049FACA0038800000000260330052148010400000000140400000000150400000000160400000000170200002A020000300146310118DF7E
2026-03-30 05:22:20 - msg_id_0200 ==> 7E02000042660000000002E8E500000000000C000300C64756049FACA0038800000000260330052219010400000000140400000000150400000000160400000000170200002A020000300146310116BC7E
2026-03-30 05:22:51 - msg_id_0200 ==> 7E02000042660000000002E8F000000000000C000300C64756049FACA0038800000000260330052250010400000000140400000000150400000000160400000000170200002A020000300146310114E27E
2026-03-30 05:23:22 - msg_id_0200 ==> 7E02000042660000000002E8FB00000000000C000300C64756049FACA8038800000000260330052321010400000000140400000000150400000000160400000000170200002A020000300146310115907E
2026-03-30 05:23:53 - msg_id_0200 ==> 7E02000042660000000002E90600000000000C000300C64754049FACA8038800000000260330052352010400000000140400000000150400000000160400000000170200002A0200003001463101121A7E
2026-03-30 05:24:24 - msg_id_0200 ==> 7E02000042660000000002E91100000000000C000300C64755049FACA8038800000000260330052423010400000000140400000000150400000000160400000000170200002A0200003001463101147C7E
2026-03-30 05:24:55 - msg_id_0200 ==> 7E02000042660000000002E91C00000000000C000300C64756049FACA0038800000000260330052454010400000000140400000000150400000000160400000000170200002A0200003001463101160F7E
2026-03-30 05:25:26 - msg_id_0200 ==> 7E02000042660000000002E92700000000000C000300C64755049FACA0038800000000260330052525010400000000140400000000150400000000160400000000170200002A020000300146310118497E
2026-03-30 05:25:57 - msg_id_0200 ==> 7E02000042660000000002E93200000000000C000300C64756049FACA0038800000000260330052556010400000000140400000000150400000000160400000000170200002A020000300146310115217E
2026-03-30 05:26:28 - msg_id_0200 ==> 7E02000042660000000002E93D00000000000C000300C64753049FACA0038800000000260330052627010400000000140400000000150400000000160400000000170200002A020000300146310115597E
2026-03-30 05:26:59 - msg_id_0200 ==> 7E02000042660000000002E94800000000000C000300C64754049FACA0038800000000260330052658010400000000140400000000150400000000160400000000170200002A020000300146310116577E
2026-03-30 05:27:30 - msg_id_0200 ==> 7E02000042660000000002E95300000000000C000300C64756049FACA0038800000000260330052729010400000000140400000000150400000000160400000000170200002A0200003001463101173F7E
2026-03-30 05:28:01 - msg_id_0200 ==> 7E02000042660000000002E95E00000000000C000300C64755049FACA8038800000000260330052800010400000000140400000000150400000000160400000000170200002A0200003001463101161E7E
2026-03-30 05:28:32 - msg_id_0200 ==> 7E02000042660000000002E96900000000000C000300C64752049FACA8038800000000260330052831010400000000140400000000150400000000160400000000170200002A0200003001463101151C7E
2026-03-30 05:29:03 - msg_id_0200 ==> 7E02000042660000000002E97400000000000C000300C64751049FACA0038800000000260330052902010400000000140400000000150400000000160400000000170200002A020000300146310115387E
2026-03-30 05:29:33 - msg_id_0200 ==> 7E02000042660000000002E97F00000100000C000300C64749049FAC98038800000000260330052932010400000000140400000000150400000000160400000000170200002A020000300146310115227E
2026-03-30 05:29:38 - msg_id_0200 ==> 7E02000042660000000002E98200000000000C000300C6474B049FAC98038800000000260330052937010400000000140400000000150400000000160400000000170200002A020000300146310116DA7E
2026-03-30 05:30:09 - msg_id_0200 ==> 7E02000042660000000002E98D00000000000C000300C64747049FAC90038800000000260330053008010400000000140400000000150400000000160400000000170200002A020000300146310113F27E
2026-03-30 05:30:40 - msg_id_0200 ==> 7E02000042660000000002E99800000000000C000300C64746049FAC88038800000000260330053039010400000000140400000000150400000000160400000000170200002A020000300146310114C87E
2026-03-30 05:31:11 - msg_id_0200 ==> 7E02000042660000000002E9A300000000000C000300C64749049FAC80038800000000260330053110010400000000140400000000150400000000160400000000170200002A020000300146310114DC7E
2026-03-30 05:31:42 - msg_id_0200 ==> 7E02000042660000000002E9AE00000000000C000300C6474A049FAC80038700000000260330053141010400000000140400000000150400000000160400000000170200002A0200003001463101148C7E
2026-03-30 05:32:13 - msg_id_0200 ==> 7E02000042660000000002E9B900000000000C000300C64748049FAC78038700000000260330053212010400000000140400000000150400000000160400000000170200002A020000300146310115307E
2026-03-30 05:32:44 - msg_id_0200 ==> 7E02000042660000000002E9C400000000000C000300C64749049FAC78038700000000260330053243010400000000140400000000150400000000160400000000170200002A0200003001463101151D7E
2026-03-30 05:33:15 - msg_id_0200 ==> 7E02000042660000000002E9CF00000000000C000300C64748049FAC78038700000000260330053314010400000000140400000000150400000000160400000000170200002A020000300146310114407E
2026-03-30 05:33:46 - msg_id_0200 ==> 7E02000042660000000002E9DA00000000000C000300C64748049FAC78038700000000260330053345010400000000140400000000150400000000160400000000170200002A020000300146310114047E
2026-03-30 05:34:17 - msg_id_0200 ==> 7E02000042660000000002E9E500000000000C000300C64749049FAC78038700000000260330053416010400000000140400000000150400000000160400000000170200002A0200003001463101156F7E
2026-03-30 05:34:48 - msg_id_0200 ==> 7E02000042660000000002E9F000000000000C000300C6474C049FAC78038700000000260330053447010400000000140400000000150400000000160400000000170200002A0200003001463101152E7E
2026-03-30 05:35:19 - msg_id_0200 ==> 7E02000042660000000002E9FB00000000000C000300C6474E049FAC78038700000000260330053518010400000000140400000000150400000000160400000000170200002A020000300146310114787E
2026-03-30 05:35:50 - msg_id_0200 ==> 7E02000042660000000002EA0600000000000C000300C64750049FAC78038600000000260330053549010400000000140400000000150400000000160400000000170200002A020000300146310115C97E
2026-03-30 05:36:21 - msg_id_0200 ==> 7E02000042660000000002EA1100000000000C000300C6474F049FAC78038600000000260330053620010400000000140400000000150400000000160400000000170200002A020000300146310112AC7E
2026-03-30 05:36:52 - msg_id_0200 ==> 7E02000042660000000002EA1C00000000000C000300C6474C049FAC78038600000000260330053651010400000000140400000000150400000000160400000000170200002A020000300146310114D57E
2026-03-30 05:37:23 - msg_id_0200 ==> 7E02000042660000000002EA2700000000000C000300C6474A049FAC78038600000000260330053722010400000000140400000000150400000000160400000000170200002A0200003001463101139D7E
2026-03-30 05:37:54 - msg_id_0200 ==> 7E02000042660000000002EA3200000000000C000300C6474A049FAC78038600000000260330053753010400000000140400000000150400000000160400000000170200002A020000300146310113F97E
2026-03-30 05:38:25 - msg_id_0200 ==> 7E02000042660000000002EA3D00000000000C000300C6474A049FAC78038600000000260330053824010400000000140400000000150400000000160400000000170200002A020000300146310114897E
2026-03-30 05:38:56 - msg_id_0200 ==> 7E02000042660000000002EA4800000000000C000300C64749049FAC78038600000000260330053855010400000000140400000000150400000000160400000000170200002A0200003001463101148E7E
2026-03-30 05:39:27 - msg_id_0200 ==> 7E02000042660000000002EA5300000000000C000300C64747049FAC78038600000000260330053926010400000000140400000000150400000000160400000000170200002A020000300146310115E87E
2026-03-30 05:39:58 - msg_id_0200 ==> 7E02000042660000000002EA5E00000000000C000300C64746049FAC78038600000000260330053957010400000000140400000000150400000000160400000000170200002A020000300146310116967E
2026-03-30 05:40:29 - msg_id_0200 ==> 7E02000042660000000002EA6900000000000C000300C64745049FAC80038500000000260330054028010400000000140400000000150400000000160400000000170200002A0200003001463101165F7E
2026-03-30 05:41:00 - msg_id_0200 ==> 7E02000042660000000002EA7400000000000C000300C64743049FAC80038500000000260330054059010400000000140400000000150400000000160400000000170200002A020000300146310115367E
2026-03-30 05:41:30 - msg_id_0200 ==> 7E02000042660000000002EA7F00000100000C000300C64743049FAC80038500000000260330054129010400000000140400000000150400000000160400000000170200002A0200003001463101154D7E
2026-03-30 05:41:36 - msg_id_0200 ==> 7E02000042660000000002EA8200000000000C000300C64743049FAC80038500000000260330054135010400000000140400000000150400000000160400000000170200002A020000300146310115AD7E
2026-03-30 05:42:07 - msg_id_0200 ==> 7E02000042660000000002EA8D00000000000C000300C64744049FAC80038500000000260330054206010400000000140400000000150400000000160400000000170200002A020000300146310113937E
2026-03-30 05:42:38 - msg_id_0200 ==> 7E02000042660000000002EA9800000000000C000300C64748049FAC80038500000000260330054237010400000000140400000000150400000000160400000000170200002A020000300146310113BB7E
2026-03-30 05:43:09 - msg_id_0200 ==> 7E02000042660000000002EAA300000000000C000300C64748049FAC80038500000000260330054308010400000000140400000000150400000000160400000000170200002A020000300146310115B87E
2026-03-30 05:43:40 - msg_id_0200 ==> 7E02000042660000000002EAAE00000000000C000300C64747049FAC80038500000000260330054339010400000000140400000000150400000000160400000000170200002A0200003001463101158B7E
2026-03-30 05:44:11 - msg_id_0200 ==> 7E02000042660000000002EAB900000000000C000300C64746049FAC80038500000000260330054410010400000000140400000000150400000000160400000000170200002A020000300146310114B27E
2026-03-30 05:44:42 - msg_id_0200 ==> 7E02000042660000000002EAC400000000000C000300C6474A049FAC78038500000000260330054441010400000000140400000000150400000000160400000000170200002A0200003001463101136D7E
2026-03-30 05:45:13 - msg_id_0200 ==> 7E02000042660000000002EACF00000000000C000300C6474C049FAC78038500000000260330054512010400000000140400000000150400000000160400000000170200002A020000300146310114357E
2026-03-30 05:45:44 - msg_id_0200 ==> 7E02000042660000000002EADA00000000000C000300C6474C049FAC78038500000000260330054543010400000000140400000000150400000000160400000000170200002A020000300146310114717E
2026-03-30 05:46:15 - msg_id_0200 ==> 7E02000042660000000002EAE500000000000C000300C6474C049FAC78038400000000260330054614010400000000140400000000150400000000160400000000170200002A0200003001463101151A7E
2026-03-30 05:46:46 - msg_id_0200 ==> 7E02000042660000000002EAF000000000000C000300C6474A049FAC78038400000000260330054645010400000000140400000000150400000000160400000000170200002A020000300146310114597E
2026-03-30 05:47:17 - msg_id_0200 ==> 7E02000042660000000002EAFB00000000000C000300C6474B049FAC78038400000000260330054716010400000000140400000000150400000000160400000000170200002A020000300146310117027E
2026-03-30 05:47:48 - msg_id_0200 ==> 7E02000042660000000002EB0600000000000C000300C6474B049FAC78038400000000260330054747010400000000140400000000150400000000160400000000170200002A020000300146310116AE7E
2026-03-30 05:48:19 - msg_id_0200 ==> 7E02000042660000000002EB1100000000000C000300C6474B049FAC80038400000000260330054818010400000000140400000000150400000000160400000000170200002A020000300146310116117E
2026-03-30 05:48:50 - msg_id_0200 ==> 7E02000042660000000002EB1C00000000000C000300C6474A049FAC80038500000000260330054849010400000000140400000000150400000000160400000000170200002A020000300146310113487E
2026-03-30 05:49:21 - msg_id_0200 ==> 7E02000042660000000002EB2700000000000C000300C64749049FAC80038500000000260330054920010400000000140400000000150400000000160400000000170200002A0200003001463101141F7E
2026-03-30 05:49:51 - msg_id_0200 ==> 7E02000042660000000002EB3200000000000C000300C64747049FAC80038500000000260330054951010400000000140400000000150400000000160400000000170200002A020000300146310112737E
2026-03-30 05:50:23 - msg_id_0200 ==> 7E02000042660000000002EB3D00000000000C000300C64747049FAC80038500000000260330055022010400000000140400000000150400000000160400000000170200002A020000300146310114107E
2026-03-30 05:50:54 - msg_id_0200 ==> 7E02000042660000000002EB4800000000000C000300C64748049FAC80038400000000260330055053010400000000140400000000150400000000160400000000170200002A0200003001463101151B7E
2026-03-30 05:51:25 - msg_id_0200 ==> 7E02000042660000000002EB5300000000000C000300C64747049FAC80038400000000260330055124010400000000140400000000150400000000160400000000170200002A020000300146310114787E
2026-03-30 05:51:56 - msg_id_0200 ==> 7E02000042660000000002EB5E00000000000C000300C64745049FAC80038400000000260330055155010400000000140400000000150400000000160400000000170200002A020000300146310116047E
2026-03-30 05:52:27 - msg_id_0200 ==> 7E02000042660000000002EB6900000000000C000300C64746049FAC88038400000000260330055226010400000000140400000000150400000000160400000000170200002A0200003001463101114F7E
2026-03-30 05:52:58 - msg_id_0200 ==> 7E02000042660000000002EB7400000000000C000300C64746049FAC88038400000000260330055257010400000000140400000000150400000000160400000000170200002A020000300146310113217E
2026-03-30 05:53:28 - msg_id_0200 ==> 7E02000042660000000002EB7F00000100000C000300C64747049FAC88038400000000260330055327010400000000140400000000150400000000160400000000170200002A0200003001463101135B7E
2026-03-30 05:53:33 - msg_id_0200 ==> 7E02000042660000000002EB8200000000000C000300C64747049FAC88038400000000260330055332010400000000140400000000150400000000160400000000170200002A020000300146310113B27E
2026-03-30 05:54:04 - msg_id_0200 ==> 7E02000042660000000002EB8D00000000000C000300C64744049FAC88038400000000260330055403010400000000140400000000150400000000160400000000170200002A020000300146310112897E
2026-03-30 05:54:35 - msg_id_0200 ==> 7E02000042660000000002EB9800000000000C000300C64743049FAC88038400000000260330055434010400000000140400000000150400000000160400000000170200002A020000300146310114AA7E
2026-03-30 05:55:06 - msg_id_0200 ==> 7E02000042660000000002EBA300000000000C000300C64741049FAC90038400000000260330055505010400000000140400000000150400000000160400000000170200002A020000300146310112BD7E
2026-03-30 05:55:37 - msg_id_0200 ==> 7E02000042660000000002EBAE00000000000C000300C64742049FAC90038400000000260330055536010400000000140400000000150400000000160400000000170200002A020000300146310111837E
2026-03-30 05:56:08 - msg_id_0200 ==> 7E02000042660000000002EBB900000000000C000300C64742049FAC90038500000000260330055607010400000000140400000000150400000000160400000000170200002A020000300146310113A57E
2026-03-30 05:56:39 - msg_id_0200 ==> 7E02000042660000000002EBC400000000000C000300C6473B049FAC90038400000000260330055638010400000000140400000000150400000000160400000000170200002A0200003001463101119D7E
2026-03-30 05:57:10 - msg_id_0200 ==> 7E02000042660000000002EBCF00000000000C000300C64737049FAC98038400000000260330055709010400000000140400000000150400000000160400000000170200002A020000300146310113A07E
2026-03-30 05:57:41 - msg_id_0200 ==> 7E02000042660000000002EBDA00000000000C000300C64736049FAC98038400000000260330055740010400000000140400000000150400000000160400000000170200002A020000300146310112FC7E
2026-03-30 05:58:12 - msg_id_0200 ==> 7E02000042660000000002EBE500000000000C000300C64735049FAC98038400000000260330055811010400000000140400000000150400000000160400000000170200002A0200003001463101139F7E
2026-03-30 05:58:43 - msg_id_0200 ==> 7E02000042660000000002EBF000000000000C000300C64736049FAC98038400000000260330055842010400000000140400000000150400000000160400000000170200002A020000300146310111D87E
2026-03-30 05:59:14 - msg_id_0200 ==> 7E02000042660000000002EBFB00000000000C000300C64736049FAC98038400000000260330055913010400000000140400000000150400000000160400000000170200002A020000300146310112807E
2026-03-30 05:59:45 - msg_id_0200 ==> 7E02000042660000000002EC0600000000000C000300C64739049FAC98038400000000260330055944010400000000140400000000150400000000160400000000170200002A020000300146310111217E
2026-03-30 06:00:16 - msg_id_0200 ==> 7E02000042660000000002EC1100000000000C000300C6473A049FAC98038400000000260330060015010400000000140400000000150400000000160400000000170200002A0200003001463101123D7E
2026-03-30 06:00:47 - msg_id_0200 ==> 7E02000042660000000002EC1C00000000000C000300C6473C049FAC98038400000000260330060046010400000000140400000000150400000000160400000000170200002A02000030014631010E797E
2026-03-30 06:01:18 - msg_id_0200 ==> 7E02000042660000000002EC2700000000000C000300C6473C049FAC98038400000000260330060117010400000000140400000000150400000000160400000000170200002A0200003001463101110D7E
2026-03-30 06:01:49 - msg_id_0200 ==> 7E02000042660000000002EC3200000000000C000300C6473C049FAC98038400000000260330060148010400000000140400000000150400000000160400000000170200002A020000300146310111477E
2026-03-30 06:02:20 - msg_id_0200 ==> 7E02000042660000000002EC3D00000000000C000300C6473D049FAC98038400000000260330060219010400000000140400000000150400000000160400000000170200002A020000300146310113197E
2026-03-30 06:02:51 - msg_id_0200 ==> 7E02000042660000000002EC4800000000000C000300C6473A049FAC98038400000000260330060250010400000000140400000000150400000000160400000000170200002A020000300146310115247E
2026-03-30 06:03:22 - msg_id_0200 ==> 7E02000042660000000002EC5300000000000C000300C64738049FAC98038400000000260330060321010400000000140400000000150400000000160400000000170200002A0200003001463101134B7E
2026-03-30 06:03:53 - msg_id_0200 ==> 7E02000042660000000002EC5E00000000000C000300C64737049FAC90038400000000260330060352010400000000140400000000150400000000160400000000170200002A020000300146310113327E
2026-03-30 06:04:24 - msg_id_0200 ==> 7E02000042660000000002EC6900000000000C000300C64734049FAC90038400000000260330060423010400000000140400000000150400000000160400000000170200002A020000300146310112717E
2026-03-30 06:04:55 - msg_id_0200 ==> 7E02000042660000000002EC7400000000000C000300C64731049FAC98038400000000260330060454010400000000140400000000150400000000160400000000170200002A020000300146310110147E
2026-03-30 06:05:26 - msg_id_0200 ==> 7E02000042660000000002EC7F00000100000C000300C6472F049FAC90038300070000260330060525010400000000140400000000150400000000160400000000170200002A0200003001463101127A7E
2026-03-30 06:05:31 - msg_id_0200 ==> 7E02000042660000000002EC8200000000000C000300C6472E049FAC90038300000000260330060530010400000000140400000000150400000000160400000000170200002A020000300146310111967E
2026-03-30 06:06:02 - msg_id_0200 ==> 7E02000042660000000002EC8D00000000000C000300C6472C049FAC90038300000000260330060601010400000000140400000000150400000000160400000000170200002A020000300146310112AA7E
2026-03-30 06:06:33 - msg_id_0200 ==> 7E02000042660000000002EC9800000000000C000300C64728049FAC90038300000000260330060632010400000000140400000000150400000000160400000000170200002A020000300146310112887E
2026-03-30 06:07:04 - msg_id_0200 ==> 7E02000042660000000002ECA300000000000C000300C64727049FAC90038300000000260330060703010400000000140400000000150400000000160400000000170200002A0200003001463101148A7E
2026-03-30 06:07:35 - msg_id_0200 ==> 7E02000042660000000002ECAE00000000000C000300C64725049FAC88038300000000260330060734010400000000140400000000150400000000160400000000170200002A020000300146310113AD7E
2026-03-30 06:08:06 - msg_id_0200 ==> 7E02000042660000000002ECB900000000000C000300C64726049FAC88038300000000260330060805010400000000140400000000150400000000160400000000170200002A020000300146310115817E
2026-03-30 06:08:37 - msg_id_0200 ==> 7E02000042660000000002ECC400000000000C000300C64725049FAC80038300000000260330060836010400000000140400000000150400000000160400000000170200002A020000300146310113C27E
2026-03-30 06:09:08 - msg_id_0200 ==> 7E02000042660000000002ECCF00000000000C000300C64725049FAC80038300000000260330060907010400000000140400000000150400000000160400000000170200002A020000300146310114FE7E
2026-03-30 06:09:39 - msg_id_0200 ==> 7E02000042660000000002ECDA00000000000C000300C64724049FAC80038300000000260330060938010400000000140400000000150400000000160400000000170200002A020000300146310113D27E
2026-03-30 06:10:10 - msg_id_0200 ==> 7E02000042660000000002ECE500000000000C000300C64723049FAC80038300000000260330061009010400000000140400000000150400000000160400000000170200002A020000300146310115C47E
2026-03-30 06:10:41 - msg_id_0200 ==> 7E02000042660000000002ECF000000000000C000300C64721049FAC78038300000000260330061040010400000000140400000000150400000000160400000000170200002A020000300146310113647E
2026-03-30 06:11:12 - msg_id_0200 ==> 7E02000042660000000002ECFB00000000000C000300C64721049FAC78038300000000260330061111010400000000140400000000150400000000160400000000170200002A020000300146310114387E
2026-03-30 06:11:43 - msg_id_0200 ==> 7E02000042660000000002ED0600000000000C000300C64721049FAC70038300000000260330061142010400000000140400000000150400000000160400000000170200002A0200003001463101149F7E
2026-03-30 06:12:14 - msg_id_0200 ==> 7E02000042660000000002ED1100000000000C000300C64721049FAC70038300000000260330061213010400000000140400000000150400000000160400000000170200002A020000300146310113DD7E
2026-03-30 06:12:45 - msg_id_0200 ==> 7E02000042660000000002ED1C00000000000C000300C64721049FAC70038300000000260330061244010400000000140400000000150400000000160400000000170200002A020000300146310112867E
2026-03-30 06:13:16 - msg_id_0200 ==> 7E02000042660000000002ED2700000000000C000300C64722049FAC70038300000000260330061315010400000000140400000000150400000000160400000000170200002A020000300146310115E97E
2026-03-30 06:13:47 - msg_id_0200 ==> 7E02000042660000000002ED3200000000000C000300C64724049FAC68038300000000260330061346010400000000140400000000150400000000160400000000170200002A020000300146310114B07E
2026-03-30 06:14:18 - msg_id_0200 ==> 7E02000042660000000002ED3D00000000000C000300C64723049FAC68038300000000260330061417010400000000140400000000150400000000160400000000170200002A020000300146310114EE7E
2026-03-30 06:14:49 - msg_id_0200 ==> 7E02000042660000000002ED4800000000000C000300C64723049FAC68038300000000260330061448010400000000140400000000150400000000160400000000170200002A020000300146310112C27E
2026-03-30 06:15:20 - msg_id_0200 ==> 7E02000042660000000002ED5300000000000C000300C64724049FAC68038300000000260330061519010400000000140400000000150400000000160400000000170200002A0200003001463101118D7E
2026-03-30 06:15:51 - msg_id_0200 ==> 7E02000042660000000002ED5E00000000000C000300C64724049FAC60038300000000260330061550010400000000140400000000150400000000160400000000170200002A020000300146310112C27E
2026-03-30 06:16:22 - msg_id_0200 ==> 7E02000042660000000002ED6900000000000C000300C64722049FAC60038300000000260330061621010400000000140400000000150400000000160400000000170200002A020000300146310112817E
2026-03-30 06:16:53 - msg_id_0200 ==> 7E02000042660000000002ED7400000000000C000300C64721049FAC60038300000000260330061652010400000000140400000000150400000000160400000000170200002A020000300146310113ED7E
2026-03-30 06:17:23 - msg_id_0200 ==> 7E02000042660000000002ED7F00000100000C000300C64721049FAC60038300000000260330061722010400000000140400000000150400000000160400000000170200002A020000300146310113967E
2026-03-30 06:17:28 - msg_id_0200 ==> 7E02000042660000000002ED8200000000000C000300C64720049FAC60038400000000260330061727010400000000140400000000150400000000160400000000170200002A020000300146310113697E
2026-03-30 06:17:59 - msg_id_0200 ==> 7E02000042660000000002ED8D00000000000C000300C6471F049FAC68038400000000260330061758010400000000140400000000150400000000160400000000170200002A0200003001463101112C7E
2026-03-30 06:18:30 - msg_id_0200 ==> 7E02000042660000000002ED9800000000000C000300C64722049FAC68038400000000260330061829010400000000140400000000150400000000160400000000170200002A0200003001463101117A7E
2026-03-30 06:19:01 - msg_id_0200 ==> 7E02000042660000000002EDA300000000000C000300C64721049FAC60038400000000260330061900010400000000140400000000150400000000160400000000170200002A020000300146310110637E
2026-03-30 06:19:32 - msg_id_0200 ==> 7E02000042660000000002EDAE00000000000C000300C64720049FAC60038400000000260330061931010400000000140400000000150400000000160400000000170200002A02000030014631010F417E
2026-03-30 06:20:03 - msg_id_0200 ==> 7E02000042660000000002EDB900000000000C000300C64720049FAC60038400000000260330062002010400000000140400000000150400000000160400000000170200002A020000300146310110437E
2026-03-30 06:20:34 - msg_id_0200 ==> 7E02000042660000000002EDC400000000000C000300C64721049FAC60038400000000260330062033010400000000140400000000150400000000160400000000170200002A0200003001463101110F7E
2026-03-30 06:21:05 - msg_id_0200 ==> 7E02000042660000000002EDCF00000000000C000300C64721049FAC60038400000000260330062104010400000000140400000000150400000000160400000000170200002A02000030014631010D2E7E
2026-03-30 06:21:36 - msg_id_0200 ==> 7E02000042660000000002EDDA00000000000C000300C64723049FAC60038400000000260330062135010400000000140400000000150400000000160400000000170200002A02000030014631010F0A7E
2026-03-30 06:22:07 - msg_id_0200 ==> 7E02000042660000000002EDE500000000000C000300C64724049FAC60038400000000260330062206010400000000140400000000150400000000160400000000170200002A0200003001463101101D7E
2026-03-30 06:22:38 - msg_id_0200 ==> 7E02000042660000000002EDF000000000000C000300C64724049FAC60038400000000260330062237010400000000140400000000150400000000160400000000170200002A02000030014631010F267E
2026-03-30 06:23:09 - msg_id_0200 ==> 7E02000042660000000002EDFB00000000000C000300C64723049FAC60038400000000260330062308010400000000140400000000150400000000160400000000170200002A02000030014631010F147E
2026-03-30 06:23:40 - msg_id_0200 ==> 7E02000042660000000002EE0600000000000C000300C64723049FAC58038400000000260330062339010400000000140400000000150400000000160400000000170200002A02000030014631010FE37E
2026-03-30 06:24:11 - msg_id_0200 ==> 7E02000042660000000002EE1100000000000C000300C64722049FAC58038400000000260330062410010400000000140400000000150400000000160400000000170200002A02000030014631010FDB7E
2026-03-30 06:24:42 - msg_id_0200 ==> 7E02000042660000000002EE1C00000000000C000300C6471C049FAC58038500000000260330062441010400000000140400000000150400000000160400000000170200002A020000300146310111A67E
2026-03-30 06:25:13 - msg_id_0200 ==> 7E02000042660000000002EE2700000000000C000300C6471C049FAC58038500000000260330062512010400000000140400000000150400000000160400000000170200002A02000030014631010FD17E
2026-03-30 06:25:44 - msg_id_0200 ==> 7E02000042660000000002EE3200000000000C000300C6471B049FAC58038500000000260330062543010400000000140400000000150400000000160400000000170200002A0200003001463101108D7E
2026-03-30 06:26:15 - msg_id_0200 ==> 7E02000042660000000002EE3D00000000000C000300C64718049FAC58038500000000260330062614010400000000140400000000150400000000160400000000170200002A02000030014631010FCA7E
2026-03-30 06:26:46 - msg_id_0200 ==> 7E02000042660000000002EE4800000000000C000300C64716049FAC50038500000000260330062645010400000000140400000000150400000000160400000000170200002A02000030014631010FE87E
2026-03-30 06:27:17 - msg_id_0200 ==> 7E02000042660000000002EE5300000000000C000300C64714049FAC48038500000000260330062716010400000000140400000000150400000000160400000000170200002A02000030014631010CB87E
2026-03-30 06:27:48 - msg_id_0200 ==> 7E02000042660000000002EE5E00000000000C000300C64715049FAC48038500000000260330062747010400000000140400000000150400000000160400000000170200002A02000030014631010EE77E
2026-03-30 06:28:19 - msg_id_0200 ==> 7E02000042660000000002EE6900000000000C000300C64718049FAC40038600000000260330062818010400000000140400000000150400000000160400000000170200002A02000030014631010F877E
2026-03-30 06:28:50 - msg_id_0200 ==> 7E02000042660000000002EE7400000000000C000300C64718049FAC40038600000000260330062849010400000000140400000000150400000000160400000000170200002A020000300146310110D47E
2026-03-30 06:29:21 - msg_id_0200 ==> 7E02000042660000000002EE7F00000100000C000300C64717049FAC40038600000000260330062920010400000000140400000000150400000000160400000000170200002A020000300146310112BB7E
2026-03-30 06:29:26 - msg_id_0200 ==> 7E02000042660000000002EE8200000000000C000300C64717049FAC38038600000000260330062925010400000000140400000000150400000000160400000000170200002A02000030014631010F277E
2026-03-30 06:29:56 - msg_id_0200 ==> 7E02000042660000000002EE8D00000000000C000300C64714049FAC38038600000000260330062956010400000000140400000000150400000000160400000000170200002A020000300146310110477E
2026-03-30 06:30:28 - msg_id_0200 ==> 7E02000042660000000002EE9800000000000C000300C64713049FAC38038600000000260330063027010400000000140400000000150400000000160400000000170200002A0200003001463101103D7E
2026-03-30 06:30:59 - msg_id_0200 ==> 7E02000042660000000002EEA300000000000C000300C64712049FAC38038600000000260330063058010400000000140400000000150400000000160400000000170200002A0200003001463101127A7E
2026-03-30 06:31:30 - msg_id_0200 ==> 7E02000042660000000002EEAE00000000000C000300C64712049FAC38038600000000260330063129010400000000140400000000150400000000160400000000170200002A020000300146310111047E
2026-03-30 06:32:01 - msg_id_0200 ==> 7E02000042660000000002EEB900000000000C000300C64712049FAC38038600000000260330063200010400000000140400000000150400000000160400000000170200002A02000030014631010F277E
2026-03-30 06:32:32 - msg_id_0200 ==> 7E02000042660000000002EEC400000000000C000300C64710049FAC38038600000000260330063231010400000000140400000000150400000000160400000000170200002A020000300146310111777E
2026-03-30 06:33:02 - msg_id_0200 ==> 7E02000042660000000002EECF00000000000C000300C64711049FAC38038600000000260330063302010400000000140400000000150400000000160400000000170200002A02000030014631010F517E
2026-03-30 06:33:34 - msg_id_0200 ==> 7E02000042660000000002EEDA00000000000C000300C64711049FAC38038600000000260330063333010400000000140400000000150400000000160400000000170200002A02000030014631010E747E
2026-03-30 06:34:05 - msg_id_0200 ==> 7E02000042660000000002EEE500000000000C000300C6470E049FAC38038600000000260330063404010400000000140400000000150400000000160400000000170200002A02000030014631010F657E
2026-03-30 06:34:35 - msg_id_0200 ==> 7E02000042660000000002EEF000000000000C000300C6470F049FAC38038600000000260330063435010400000000140400000000150400000000160400000000170200002A02000030014631010F407E
2026-03-30 06:35:07 - msg_id_0200 ==> 7E02000042660000000002EEFB00000000000C000300C6470F049FAC38038600000000260330063506010400000000140400000000150400000000160400000000170200002A020000300146310110667E
2026-03-30 06:35:38 - msg_id_0200 ==> 7E02000042660000000002EF0600000000000C000300C6470D049FAC38038600000000260330063537010400000000140400000000150400000000160400000000170200002A020000300146310111A87E
2026-03-30 06:36:09 - msg_id_0200 ==> 7E02000042660000000002EF1100000000000C000300C6470E049FAC30038600000000260330063608010400000000140400000000150400000000160400000000170200002A0200003001463101138A7E
2026-03-30 06:36:40 - msg_id_0200 ==> 7E02000042660000000002EF1C00000000000C000300C6470C049FAC30038600000000260330063639010400000000140400000000150400000000160400000000170200002A020000300146310112B57E
2026-03-30 06:37:11 - msg_id_0200 ==> 7E02000042660000000002EF2700000000000C000300C6470E049FAC30038600000000260330063710010400000000140400000000150400000000160400000000170200002A020000300146310113A57E
2026-03-30 06:37:42 - msg_id_0200 ==> 7E02000042660000000002EF3200000000000C000300C6470B049FAC30038600000000260330063741010400000000140400000000150400000000160400000000170200002A020000300146310114E37E
2026-03-30 06:38:13 - msg_id_0200 ==> 7E02000042660000000002EF3D00000000000C000300C6470E049FAC30038600000000260330063812010400000000140400000000150400000000160400000000170200002A020000300146310112B37E
2026-03-30 06:38:44 - msg_id_0200 ==> 7E02000042660000000002EF4800000000000C000300C64710049FAC30038600000000260330063843010400000000140400000000150400000000160400000000170200002A020000300146310113887E
2026-03-30 06:39:15 - msg_id_0200 ==> 7E02000042660000000002EF5300000000000C000300C64710049FAC30038500000000260330063914010400000000140400000000150400000000160400000000170200002A020000300146310113C67E
2026-03-30 06:39:46 - msg_id_0200 ==> 7E02000042660000000002EF5E00000000000C000300C6470E049FAC30038500000000260330063945010400000000140400000000150400000000160400000000170200002A020000300146310112857E
2026-03-30 06:40:17 - msg_id_0200 ==> 7E02000042660000000002EF6900000000000C000300C6470F049FAC30038500000000260330064016010400000000140400000000150400000000160400000000170200002A0200003001463101149F7E
2026-03-30 06:40:48 - msg_id_0200 ==> 7E02000042660000000002EF7400000000000C000300C64710049FAC30038500000000260330064047010400000000140400000000150400000000160400000000170200002A020000300146310113CB7E
2026-03-30 06:41:18 - msg_id_0200 ==> 7E02000042660000000002EF7F00000100000C000300C6470F049FAC30038500000000260330064117010400000000140400000000150400000000160400000000170200002A0200003001463101138F7E
2026-03-30 06:41:23 - msg_id_0200 ==> 7E02000042660000000002EF8200000000000C000300C6470F049FAC30038500000000260330064122010400000000140400000000150400000000160400000000170200002A020000300146310112477E
2026-03-30 06:41:54 - msg_id_0200 ==> 7E02000042660000000002EF8D00000000000C000300C64711049FAC30038500000000260330064153010400000000140400000000150400000000160400000000170200002A020000300146310112277E
2026-03-30 06:42:25 - msg_id_0200 ==> 7E02000042660000000002EF9800000000000C000300C64711049FAC30038500000000260330064224010400000000140400000000150400000000160400000000170200002A020000300146310110447E
2026-03-30 06:42:56 - msg_id_0200 ==> 7E02000042660000000002EFA300000000000C000300C64714049FAC28038500000000260330064255010400000000140400000000150400000000160400000000170200002A020000300146310110137E
2026-03-30 06:43:27 - msg_id_0200 ==> 7E02000042660000000002EFAE00000000000C000300C64714049FAC28038400000000260330064326010400000000140400000000150400000000160400000000170200002A0200003001463101126F7E
2026-03-30 06:43:58 - msg_id_0200 ==> 7E02000042660000000002EFB900000000000C000300C64716049FAC28038400000000260330064357010400000000140400000000150400000000160400000000170200002A0200003001463101120B7E
2026-03-30 06:44:29 - msg_id_0200 ==> 7E02000042660000000002EFC400000000000C000300C64718049FAC28038400000000260330064428010400000000140400000000150400000000160400000000170200002A020000300146310111037E
2026-03-30 06:45:00 - msg_id_0200 ==> 7E02000042660000000002EFCF00000000000C000300C64719049FAC28038400000000260330064459010400000000140400000000150400000000160400000000170200002A0200003001463101127B7E
2026-03-30 06:45:31 - msg_id_0200 ==> 7E02000042660000000002EFDA00000000000C000300C64719049FAC28038400000000260330064530010400000000140400000000150400000000160400000000170200002A020000300146310110047E
2026-03-30 06:46:02 - msg_id_0200 ==> 7E02000042660000000002EFE500000000000C000300C64718049FAC28038400000000260330064601010400000000140400000000150400000000160400000000170200002A02000030014631010F177E
2026-03-30 06:46:33 - msg_id_0200 ==> 7E02000042660000000002EFF000000000000C000300C6471B049FAC28038400000000260330064632010400000000140400000000150400000000160400000000170200002A0200003001463101102D7E
2026-03-30 06:47:04 - msg_id_0200 ==> 7E02000042660000000002EFFB00000000000C000300C6471D049FAC20038400000000260330064703010400000000140400000000150400000000160400000000170200002A020000300146310111197E
2026-03-30 06:47:35 - msg_id_0200 ==> 7E02000042660000000002F00600000000000C000300C6471F049FAC20038400000000260330064734010400000000140400000000150400000000160400000000170200002A020000300146310110CF7E
2026-03-30 06:48:06 - msg_id_0200 ==> 7E02000042660000000002F01100000000000C000300C64720049FAC18038400000000260330064805010400000000140400000000150400000000160400000000170200002A020000300146310111E07E
2026-03-30 06:48:37 - msg_id_0200 ==> 7E02000042660000000002F01C00000000000C000300C64722049FAC18038400000000260330064836010400000000140400000000150400000000160400000000170200002A020000300146310110DD7E
2026-03-30 06:49:08 - msg_id_0200 ==> 7E02000042660000000002F02700000000000C000300C64721049FAC18038400000000260330064907010400000000140400000000150400000000160400000000170200002A020000300146310110D57E
2026-03-30 06:49:39 - msg_id_0200 ==> 7E02000042660000000002F03200000000000C000300C64722049FAC18038400000000260330064938010400000000140400000000150400000000160400000000170200002A02000030014631010FE37E
2026-03-30 06:50:10 - msg_id_0200 ==> 7E02000042660000000002F03D00000000000C000300C64721049FAC18038400000000260330065009010400000000140400000000150400000000160400000000170200002A02000030014631010FC77E
2026-03-30 06:50:41 - msg_id_0200 ==> 7E02000042660000000002F04800000000000C000300C64723049FAC18038400000000260330065040010400000000140400000000150400000000160400000000170200002A02000030014631010EF87E
2026-03-30 06:51:12 - msg_id_0200 ==> 7E02000042660000000002F05300000000000C000300C64725049FAC18038400000000260330065111010400000000140400000000150400000000160400000000170200002A02000030014631010DB67E
2026-03-30 06:51:43 - msg_id_0200 ==> 7E02000042660000000002F05E00000000000C000300C64725049FAC18038400000000260330065142010400000000140400000000150400000000160400000000170200002A02000030014631010FEA7E
2026-03-30 06:52:14 - msg_id_0200 ==> 7E02000042660000000002F06900000000000C000300C64727049FAC20038400000000260330065213010400000000140400000000150400000000160400000000170200002A02000030014631010EB47E
2026-03-30 06:52:45 - msg_id_0200 ==> 7E02000042660000000002F07400000000000C000300C64729049FAC20038400000000260330065244010400000000140400000000150400000000160400000000170200002A020000300146310110EE7E
2026-03-30 06:53:16 - msg_id_0200 ==> 7E02000042660000000002F07F00000100000C000300C64727049FAC20038400000000260330065315010400000000140400000000150400000000160400000000170200002A020000300146310110BA7E
2026-03-30 06:53:21 - msg_id_0200 ==> 7E02000042660000000002F08200000000000C000300C64727049FAC20038400000000260330065320010400000000140400000000150400000000160400000000170200002A020000300146310110737E
2026-03-30 06:53:52 - msg_id_0200 ==> 7E02000042660000000002F08D00000000000C000300C64727049FAC20038400000000260330065351010400000000140400000000150400000000160400000000170200002A02000030014631010F127E
2026-03-30 06:54:23 - msg_id_0200 ==> 7E02000042660000000002F09800000000000C000300C64729049FAC20038400000000260330065422010400000000140400000000150400000000160400000000170200002A020000300146310111637E
2026-03-30 06:54:54 - msg_id_0200 ==> 7E02000042660000000002F0A300000000000C000300C64727049FAC28038400000000260330065453010400000000140400000000150400000000160400000000170200002A0200003001463101122C7E
2026-03-30 06:55:25 - msg_id_0200 ==> 7E02000042660000000002F0AE00000000000C000300C64726049FAC28038400000000260330065524010400000000140400000000150400000000160400000000170200002A020000300146310113577E
2026-03-30 06:55:56 - msg_id_0200 ==> 7E02000042660000000002F0B900000000000C000300C64727049FAC28038400000000260330065555010400000000140400000000150400000000160400000000170200002A020000300146310112317E
2026-03-30 06:56:27 - msg_id_0200 ==> 7E02000042660000000002F0C400000000000C000300C64728049FAC28038400000000260330065626010400000000140400000000150400000000160400000000170200002A020000300146310111307E
2026-03-30 06:56:58 - msg_id_0200 ==> 7E02000042660000000002F0CF00000000000C000300C64727049FAC30038400000000260330065657010400000000140400000000150400000000160400000000170200002A0200003001463101115D7E
2026-03-30 06:57:29 - msg_id_0200 ==> 7E02000042660000000002F0DA00000000000C000300C64728049FAC30038400000000260330065728010400000000140400000000150400000000160400000000170200002A02000030014631010F277E
2026-03-30 06:58:00 - msg_id_0200 ==> 7E02000042660000000002F0E500000000000C000300C64729049FAC30038400000000260330065759010400000000140400000000150400000000160400000000170200002A020000300146310111767E
2026-03-30 06:58:31 - msg_id_0200 ==> 7E02000042660000000002F0F000000000000C000300C64729049FAC38038400000000260330065830010400000000140400000000150400000000160400000000170200002A0200003001463101110D7E
2026-03-30 06:59:02 - msg_id_0200 ==> 7E02000042660000000002F0FB00000000000C000300C64729049FAC38038400000000260330065901010400000000140400000000150400000000160400000000170200002A02000030014631010F287E
2026-03-30 06:59:33 - msg_id_0200 ==> 7E02000042660000000002F10600000000000C000300C64727049FAC38038400000000260330065932010400000000140400000000150400000000160400000000170200002A020000300146310111F77E
2026-03-30 07:00:04 - msg_id_0200 ==> 7E02000042660000000002F11100000000000C000300C64724049FAC40038400000000260330070003010400000000140400000000150400000000160400000000170200002A020000300146310112F17E
2026-03-30 07:00:35 - msg_id_0200 ==> 7E02000042660000000002F11C00000000000C000300C64725049FAC38038400000000260330070034010400000000140400000000150400000000160400000000170200002A020000300146310112B27E
2026-03-30 07:01:06 - msg_id_0200 ==> 7E02000042660000000002F12700000000000C000300C64725049FAC38038400000000260330070105010400000000140400000000150400000000160400000000170200002A02000030014631010FA47E
2026-03-30 07:01:37 - msg_id_0200 ==> 7E02000042660000000002F13200000000000C000300C64725049FAC38038400000000260330070136010400000000140400000000150400000000160400000000170200002A0200003001463101129F7E
2026-03-30 07:02:08 - msg_id_0200 ==> 7E02000042660000000002F13D00000000000C000300C64727049FAC38038400000000260330070207010400000000140400000000150400000000160400000000170200002A020000300146310112A07E
2026-03-30 07:02:39 - msg_id_0200 ==> 7E02000042660000000002F14800000000000C000300C64725049FAC30038400000000260330070238010400000000140400000000150400000000160400000000170200002A020000300146310112E07E
2026-03-30 07:03:10 - msg_id_0200 ==> 7E02000042660000000002F15300000000000C000300C64725049FAC30038400000000260330070309010400000000140400000000150400000000160400000000170200002A020000300146310111C87E
2026-03-30 07:03:41 - msg_id_0200 ==> 7E02000042660000000002F15E00000000000C000300C64725049FAC38038400000000260330070340010400000000140400000000150400000000160400000000170200002A020000300146310111847E
2026-03-30 07:04:12 - msg_id_0200 ==> 7E02000042660000000002F16900000000000C000300C64726049FAC38038400000000260330070411010400000000140400000000150400000000160400000000170200002A020000300146310112E57E
2026-03-30 07:04:43 - msg_id_0200 ==> 7E02000042660000000002F17400000000000C000300C64724049FAC38038400000000260330070442010400000000140400000000150400000000160400000000170200002A020000300146310110AB7E
2026-03-30 07:05:13 - msg_id_0200 ==> 7E02000042660000000002F17F00000100000C000300C64724049FAC38038400000000260330070512010400000000140400000000150400000000160400000000170200002A020000300146310111F17E
2026-03-30 07:05:18 - msg_id_0200 ==> 7E02000042660000000002F18200000000000C000300C64724049FAC38038400000000260330070517010400000000140400000000150400000000160400000000170200002A020000300146310111087E
2026-03-30 07:05:49 - msg_id_0200 ==> 7E02000042660000000002F18D00000000000C000300C64726049FAC38038400000000260330070548010400000000140400000000150400000000160400000000170200002A020000300146310113587E
2026-03-30 07:06:20 - msg_id_0200 ==> 7E02000042660000000002F19800000000000C000300C64728049FAC38038300000000260330070619010400000000140400000000150400000000160400000000170200002A020000300146310113167E
2026-03-30 07:06:51 - msg_id_0200 ==> 7E02000042660000000002F1A300000000000C000300C64728049FAC38038300000000260330070650010400000000140400000000150400000000160400000000170200002A020000300146310113647E
2026-03-30 07:07:22 - msg_id_0200 ==> 7E02000042660000000002F1AE00000000000C000300C64727049FAC38038300000000260330070721010400000000140400000000150400000000160400000000170200002A020000300146310112177E
2026-03-30 07:07:53 - msg_id_0200 ==> 7E02000042660000000002F1B900000000000C000300C64727049FAC38038300000000260330070752010400000000140400000000150400000000160400000000170200002A020000300146310112737E
2026-03-30 07:08:24 - msg_id_0200 ==> 7E02000042660000000002F1C400000000000C000300C64725049FAC38038300000000260330070823010400000000140400000000150400000000160400000000170200002A020000300146310115757E
2026-03-30 07:08:55 - msg_id_0200 ==> 7E02000042660000000002F1CF00000000000C000300C64724049FAC38038300000000260330070854010400000000140400000000150400000000160400000000170200002A0200003001463101130E7E
2026-03-30 07:09:26 - msg_id_0200 ==> 7E02000042660000000002F1DA00000000000C000300C64723049FAC38038300000000260330070925010400000000140400000000150400000000160400000000170200002A0200003001463101126D7E
2026-03-30 07:09:57 - msg_id_0200 ==> 7E02000042660000000002F1E500000000000C000300C64724049FAC38038300000000260330070956010400000000140400000000150400000000160400000000170200002A020000300146310112267E
2026-03-30 07:10:28 - msg_id_0200 ==> 7E02000042660000000002F1F000000000000C000300C64724049FAC38038300000000260330071027010400000000140400000000150400000000160400000000170200002A0200003001463101145D7E
2026-03-30 07:10:59 - msg_id_0200 ==> 7E02000042660000000002F1FB00000000000C000300C64724049FAC30038300000000260330071058010400000000140400000000150400000000160400000000170200002A020000300146310113267E
2026-03-30 07:11:30 - msg_id_0200 ==> 7E02000042660000000002F20600000000000C000300C64724049FAC38038300000000260330071129010400000000140400000000150400000000160400000000170200002A020000300146310114A77E
2026-03-30 07:12:01 - msg_id_0200 ==> 7E02000042660000000002F21100000000000C000300C64725049FAC38038300000000260330071200010400000000140400000000150400000000160400000000170200002A0200003001463101159A7E
2026-03-30 07:12:32 - msg_id_0200 ==> 7E02000042660000000002F21C00000000000C000300C64722049FAC38038300000000260330071231010400000000140400000000150400000000160400000000170200002A020000300146310114A07E
2026-03-30 07:13:03 - msg_id_0200 ==> 7E02000042660000000002F22700000000000C000300C64721049FAC38038300000000260330071302010400000000140400000000150400000000160400000000170200002A020000300146310113AD7E
2026-03-30 07:13:34 - msg_id_0200 ==> 7E02000042660000000002F23200000000000C000300C64721049FAC38038300000000260330071333010400000000140400000000150400000000160400000000170200002A020000300146310113897E
2026-03-30 07:14:05 - msg_id_0200 ==> 7E02000042660000000002F23D00000000000C000300C64721049FAC38038300000000260330071404010400000000140400000000150400000000160400000000170200002A020000300146310114B17E
2026-03-30 07:14:36 - msg_id_0200 ==> 7E02000042660000000002F24800000000000C000300C64723049FAC38038300000000260330071435010400000000140400000000150400000000160400000000170200002A020000300146310115F67E
2026-03-30 07:15:07 - msg_id_0200 ==> 7E02000042660000000002F25300000000000C000300C64723049FAC38038300000000260330071506010400000000140400000000150400000000160400000000170200002A020000300146310112D87E
2026-03-30 07:15:38 - msg_id_0200 ==> 7E02000042660000000002F25E00000000000C000300C64723049FAC38038300000000260330071537010400000000140400000000150400000000160400000000170200002A020000300146310115E37E
2026-03-30 07:16:09 - msg_id_0200 ==> 7E02000042660000000002F26900000000000C000300C64726049FAC38038300000000260330071608010400000000140400000000150400000000160400000000170200002A020000300146310116EE7E
2026-03-30 07:16:40 - msg_id_0200 ==> 7E02000042660000000002F27400000000000C000300C64726049FAC38038300000000260330071639010400000000140400000000150400000000160400000000170200002A020000300146310115C17E
2026-03-30 07:17:11 - msg_id_0200 ==> 7E02000042660000000002F27F00000100000C000300C64726049FAC38038300000000260330071710010400000000140400000000150400000000160400000000170200002A020000300146310116E07E
2026-03-30 07:17:16 - msg_id_0200 ==> 7E02000042660000000002F28200000000000C000300C64726049FAC38038300000000260330071715010400000000140400000000150400000000160400000000170200002A020000300146310116197E
2026-03-30 07:17:47 - msg_id_0200 ==> 7E02000042660000000002F28D00000000000C000300C64728049FAC38038300000000260330071746010400000000140400000000150400000000160400000000170200002A0200003001463101134E7E
2026-03-30 07:18:18 - msg_id_0200 ==> 7E02000042660000000002F29800000000000C000300C6472B049FAC38038300000000260330071817010400000000140400000000150400000000160400000000170200002A020000300146310114017E
2026-03-30 07:18:49 - msg_id_0200 ==> 7E02000042660000000002F2A300000000000C000300C6472D049FAC38038300000000260330071848010400000000140400000000150400000000160400000000170200002A020000300146310114637E
2026-03-30 07:19:20 - msg_id_0200 ==> 7E02000042660000000002F2AE00000000000C000300C6472E049FAC38038300000000260330071919010400000000140400000000150400000000160400000000170200002A0200003001463101133A7E
2026-03-30 07:19:51 - msg_id_0200 ==> 7E02000042660000000002F2B900000000000C000300C6472E049FAC40038300000000260330071950010400000000140400000000150400000000160400000000170200002A0200003001463101131C7E
2026-03-30 07:20:22 - msg_id_0200 ==> 7E02000042660000000002F2C400000000000C000300C6472D049FAC40038300000000260330072021010400000000140400000000150400000000160400000000170200002A0200003001463101122B7E
2026-03-30 07:20:53 - msg_id_0200 ==> 7E02000042660000000002F2CF00000000000C000300C6472E049FAC38038300000000260330072052010400000000140400000000150400000000160400000000170200002A020000300146310113297E
2026-03-30 07:21:24 - msg_id_0200 ==> 7E02000042660000000002F2DA00000000000C000300C6472E049FAC40038300000000260330072123010400000000140400000000150400000000160400000000170200002A020000300146310113347E
2026-03-30 07:21:55 - msg_id_0200 ==> 7E02000042660000000002F2E500000000000C000300C6472C049FAC40038300000000260330072154010400000000140400000000150400000000160400000000170200002A020000300146310115787E
2026-03-30 07:22:26 - msg_id_0200 ==> 7E02000042660000000002F2F000000000000C000300C6472B049FAC40038300000000260330072225010400000000140400000000150400000000160400000000170200002A0200003001463101131E7E
2026-03-30 07:22:57 - msg_id_0200 ==> 7E02000042660000000002F2FB00000000000C000300C64729049FAC38038300000000260330072256010400000000140400000000150400000000160400000000170200002A0200003001463101121D7E
2026-03-30 07:23:28 - msg_id_0200 ==> 7E02000042660000000002F30600000000000C000300C64728049FAC40038300000000260330072327010400000000140400000000150400000000160400000000170200002A020000300146310113E97E
2026-03-30 07:23:59 - msg_id_0200 ==> 7E02000042660000000002F31100000000000C000300C64729049FAC40038300000000260330072358010400000000140400000000150400000000160400000000170200002A020000300146310112817E
2026-03-30 07:24:30 - msg_id_0200 ==> 7E02000042660000000002F31C00000000000C000300C64727049FAC40038300000000260330072429010400000000140400000000150400000000160400000000170200002A020000300146310111F77E
2026-03-30 07:25:01 - msg_id_0200 ==> 7E02000042660000000002F32700000000000C000300C64727049FAC40038300000000260330072500010400000000140400000000150400000000160400000000170200002A020000300146310111E47E
2026-03-30 07:25:32 - msg_id_0200 ==> 7E02000042660000000002F33200000000000C000300C64727049FAC40038300000000260330072531010400000000140400000000150400000000160400000000170200002A020000300146310112C37E
2026-03-30 07:26:03 - msg_id_0200 ==> 7E02000042660000000002F33D00000000000C000300C64727049FAC40038300000000260330072602010400000000140400000000150400000000160400000000170200002A020000300146310114FA7E
2026-03-30 07:26:34 - msg_id_0200 ==> 7E02000042660000000002F34800000000000C000300C64727049FAC48038300000000260330072633010400000000140400000000150400000000160400000000170200002A020000300146310112B07E
2026-03-30 07:27:05 - msg_id_0200 ==> 7E02000042660000000002F35300000000000C000300C64727049FAC48038300000000260330072704010400000000140400000000150400000000160400000000170200002A0200003001463101149B7E
2026-03-30 07:27:36 - msg_id_0200 ==> 7E02000042660000000002F35E00000000000C000300C64725049FAC48038300000000260330072735010400000000140400000000150400000000160400000000170200002A020000300146310113A27E
2026-03-30 07:28:07 - msg_id_0200 ==> 7E02000042660000000002F36900000000000C000300C64725049FAC50038300000000260330072806010400000000140400000000150400000000160400000000170200002A020000300146310113B17E
2026-03-30 07:28:38 - msg_id_0200 ==> 7E02000042660000000002F37400000000000C000300C64725049FAC50038300000000260330072837010400000000140400000000150400000000160400000000170200002A0200003001463101139D7E
2026-03-30 07:29:08 - msg_id_0200 ==> 7E02000042660000000002F37F00000100000C000300C64726049FAC58038300000000260330072907010400000000140400000000150400000000160400000000170200002A020000300146310115AB7E
2026-03-30 07:29:14 - msg_id_0200 ==> 7E02000042660000000002F38200000000000C000300C64726049FAC58038300000000260330072913010400000000140400000000150400000000160400000000170200002A020000300146310115437E
2026-03-30 07:29:45 - msg_id_0200 ==> 7E02000042660000000002F38D00000000000C000300C64724049FAC58038300000000260330072944010400000000140400000000150400000000160400000000170200002A020000300146310114187E
2026-03-30 07:30:16 - msg_id_0200 ==> 7E02000042660000000002F39800000000000C000300C64724049FAC58038300000000260330073015010400000000140400000000150400000000160400000000170200002A020000300146310114457E
2026-03-30 07:30:47 - msg_id_0200 ==> 7E02000042660000000002F3A300000000000C000300C64723049FAC58038400000000260330073046010400000000140400000000150400000000160400000000170200002A0200003001463101152C7E
2026-03-30 07:31:18 - msg_id_0200 ==> 7E02000042660000000002F3AE00000000000C000300C64723049FAC58038400000000260330073117010400000000140400000000150400000000160400000000170200002A020000300146310114707E
2026-03-30 07:31:49 - msg_id_0200 ==> 7E02000042660000000002F3B900000000000C000300C64722049FAC60038400000000260330073148010400000000140400000000150400000000160400000000170200002A020000300146310114017E
2026-03-30 07:32:20 - msg_id_0200 ==> 7E02000042660000000002F3C400000000000C000300C64723049FAC60038400000000260330073219010400000000140400000000150400000000160400000000170200002A020000300146310113287E
2026-03-30 07:32:51 - msg_id_0200 ==> 7E02000042660000000002F3CF00000000000C000300C64723049FAC60038400000000260330073250010400000000140400000000150400000000160400000000170200002A0200003001463101166F7E
2026-03-30 07:33:22 - msg_id_0200 ==> 7E02000042660000000002F3DA00000000000C000300C64723049FAC68038400000000260330073321010400000000140400000000150400000000160400000000170200002A020000300146310113077E
2026-03-30 07:33:53 - msg_id_0200 ==> 7E02000042660000000002F3E500000000000C000300C64722049FAC70038400000000260330073352010400000000140400000000150400000000160400000000170200002A020000300146310114557E
2026-03-30 07:34:24 - msg_id_0200 ==> 7E02000042660000000002F3F000000000000C000300C6471F049FAC78038400000000260330073423010400000000140400000000150400000000160400000000170200002A020000300146310111067E
2026-03-30 07:34:55 - msg_id_0200 ==> 7E02000042660000000002F3FB00000000000C000300C6471F049FAC78038400000000260330073454010400000000140400000000150400000000160400000000170200002A0200003001463101157D027E
2026-03-30 07:35:26 - msg_id_0200 ==> 7E02000042660000000002F40600000000000C000300C64721049FAC78038400000000260330073525010400000000140400000000150400000000160400000000170200002A020000300146310114CB7E
2026-03-30 07:35:57 - msg_id_0200 ==> 7E02000042660000000002F41100000000000C000300C64724049FAC78038400000000260330073556010400000000140400000000150400000000160400000000170200002A020000300146310111AF7E
2026-03-30 07:36:28 - msg_id_0200 ==> 7E02000042660000000002F41C00000000000C000300C64725049FAC80038500000000260330073627010400000000140400000000150400000000160400000000170200002A0200003001463101142D7E
2026-03-30 07:36:59 - msg_id_0200 ==> 7E02000042660000000002F42700000000000C000300C64728049FAC80038500000000260330073658010400000000140400000000150400000000160400000000170200002A020000300146310112627E
2026-03-30 07:37:30 - msg_id_0200 ==> 7E02000042660000000002F43200000000000C000300C64729049FAC88038500000000260330073729010400000000140400000000150400000000160400000000170200002A0200003001463101130F7E
2026-03-30 07:38:01 - msg_id_0200 ==> 7E02000042660000000002F43D00000000000C000300C6472D049FAC80038500000000260330073800010400000000140400000000150400000000160400000000170200002A0200003001463101122B7E
2026-03-30 07:38:32 - msg_id_0200 ==> 7E02000042660000000002F44800000000000C000300C6472B049FAC80038500000000260330073831010400000000140400000000150400000000160400000000170200002A020000300146310112697E
2026-03-30 07:39:03 - msg_id_0200 ==> 7E02000042660000000002F45300000000000C000300C6472B049FAC80038500000000260330073902010400000000140400000000150400000000160400000000170200002A020000300146310114467E
2026-03-30 07:39:34 - msg_id_0200 ==> 7E02000042660000000002F45E00000000000C000300C6472D049FAC80038500000000260330073933010400000000140400000000150400000000160400000000170200002A0200003001463101157D017E
2026-03-30 07:40:05 - msg_id_0200 ==> 7E02000042660000000002F46900000000000C000300C6472C049FAC80038500000000260330074004010400000000140400000000150400000000160400000000170200002A020000300146310116067E
2026-03-30 07:40:36 - msg_id_0200 ==> 7E02000042660000000002F47400000000000C000300C6472E049FAC80038500000000260330074035010400000000140400000000150400000000160400000000170200002A0200003001463101142A7E
2026-03-30 07:41:06 - msg_id_0200 ==> 7E02000042660000000002F47F00000100000C000300C6472F049FAC80038600000000260330074105010400000000140400000000150400000000160400000000170200002A020000300146310115127E
2026-03-30 07:41:11 - msg_id_0200 ==> 7E02000042660000000002F48200000000000C000300C64730049FAC80038600000000260330074110010400000000140400000000150400000000160400000000170200002A020000300146310115E47E
2026-03-30 07:41:42 - msg_id_0200 ==> 7E02000042660000000002F48D00000000000C000300C64730049FAC80038500000000260330074141010400000000140400000000150400000000160400000000170200002A020000300146310115B97E
2026-03-30 07:42:13 - msg_id_0200 ==> 7E02000042660000000002F49800000000000C000300C64730049FAC80038500000000260330074212010400000000140400000000150400000000160400000000170200002A020000300146310115FC7E
2026-03-30 07:42:44 - msg_id_0200 ==> 7E02000042660000000002F4A300000000000C000300C64732049FAC80038500000000260330074243010400000000140400000000150400000000160400000000170200002A020000300146310115947E
2026-03-30 07:43:15 - msg_id_0200 ==> 7E02000042660000000002F4AE00000000000C000300C64733049FAC80038500000000260330074314010400000000140400000000150400000000160400000000170200002A020000300146310115CE7E
2026-03-30 07:43:46 - msg_id_0200 ==> 7E02000042660000000002F4B900000000000C000300C64732049FAC80038500000000260330074345010400000000140400000000150400000000160400000000170200002A0200003001463101168A7E
2026-03-30 07:44:17 - msg_id_0200 ==> 7E02000042660000000002F4C400000000000C000300C64735049FAC80038500000000260330074416010400000000140400000000150400000000160400000000170200002A020000300146310115A77E
2026-03-30 07:44:48 - msg_id_0200 ==> 7E02000042660000000002F4CF00000000000C000300C64737049FAC80038500000000260330074447010400000000140400000000150400000000160400000000170200002A020000300146310115FF7E
2026-03-30 07:45:19 - msg_id_0200 ==> 7E02000042660000000002F4DA00000000000C000300C64738049FAC88038500000000260330074518010400000000140400000000150400000000160400000000170200002A020000300146310114B27E
2026-03-30 07:45:50 - msg_id_0200 ==> 7E02000042660000000002F4E500000000000C000300C64738049FAC88038600000000260330074549010400000000140400000000150400000000160400000000170200002A020000300146310114DF7E
2026-03-30 07:46:21 - msg_id_0200 ==> 7E02000042660000000002F4F000000000000C000300C64739049FAC88038600000000260330074620010400000000140400000000150400000000160400000000170200002A020000300146310116A37E
2026-03-30 07:46:52 - msg_id_0200 ==> 7E02000042660000000002F4FB00000000000C000300C6473B049FAC88038600000000260330074651010400000000140400000000150400000000160400000000170200002A020000300146310116DB7E
2026-03-30 07:47:23 - msg_id_0200 ==> 7E02000042660000000002F50600000000000C000300C64739049FAC88038600000000260330074722010400000000140400000000150400000000160400000000170200002A020000300146310112537E
2026-03-30 07:47:54 - msg_id_0200 ==> 7E02000042660000000002F51100000000000C000300C6473A049FAC88038600000000260330074753010400000000140400000000150400000000160400000000170200002A020000300146310115317E
2026-03-30 07:48:25 - msg_id_0200 ==> 7E02000042660000000002F51C00000000000C000300C6473C049FAC80038600000000260330074824010400000000140400000000150400000000160400000000170200002A0200003001463101144B7E
2026-03-30 07:48:56 - msg_id_0200 ==> 7E02000042660000000002F52700000000000C000300C6473C049FAC80038600000000260330074855010400000000140400000000150400000000160400000000170200002A020000300146310114017E
2026-03-30 07:49:27 - msg_id_0200 ==> 7E02000042660000000002F53200000000000C000300C6473D049FAC80038600000000260330074926010400000000140400000000150400000000160400000000170200002A020000300146310114677E
2026-03-30 07:49:58 - msg_id_0200 ==> 7E02000042660000000002F53D00000000000C000300C64742049FAC80038600000000260330074957010400000000140400000000150400000000160400000000170200002A020000300146310112607E
2026-03-30 07:50:29 - msg_id_0200 ==> 7E02000042660000000002F54800000000000C000300C64745049FAC80038600000000260330075028010400000000140400000000150400000000160400000000170200002A020000300146310116707E
2026-03-30 07:51:00 - msg_id_0200 ==> 7E02000042660000000002F55300000000000C000300C64748049FAC80038600000000260330075059010400000000140400000000150400000000160400000000170200002A020000300146310113127E
2026-03-30 07:51:31 - msg_id_0200 ==> 7E02000042660000000002F55E00000000000C000300C6474B049FAC88038600000000260330075130010400000000140400000000150400000000160400000000170200002A0200003001463101147B7E
2026-03-30 07:52:02 - msg_id_0200 ==> 7E02000042660000000002F56900000000000C000300C6474A049FAC88038500000000260330075201010400000000140400000000150400000000160400000000170200002A0200003001463101147C7E
2026-03-30 07:52:33 - msg_id_0200 ==> 7E02000042660000000002F57400000000000C000300C64749049FAC80038500000000260330075232010400000000140400000000150400000000160400000000170200002A020000300146310115587E
2026-03-30 07:53:04 - msg_id_0200 ==> 7E02000042660000000002F57F00000100000C000300C64749049FAC80038500000000260330075303010400000000140400000000150400000000160400000000170200002A020000300146310112657E
2026-03-30 07:53:09 - msg_id_0200 ==> 7E02000042660000000002F58200000000000C000300C64749049FAC80038500000000260330075308010400000000140400000000150400000000160400000000170200002A020000300146310113937E
2026-03-30 07:53:40 - msg_id_0200 ==> 7E02000042660000000002F58D00000000000C000300C64749049FAC80038500000000260330075339010400000000140400000000150400000000160400000000170200002A020000300146310115AB7E
2026-03-30 07:54:11 - msg_id_0200 ==> 7E02000042660000000002F59800000000000C000300C64747049FAC80038500000000260330075410010400000000140400000000150400000000160400000000170200002A0200003001463101159E7E
2026-03-30 07:54:42 - msg_id_0200 ==> 7E02000042660000000002F5A300000000000C000300C64749049FAC80038500000000260330075441010400000000140400000000150400000000160400000000170200002A020000300146310116F97E
2026-03-30 07:55:12 - msg_id_0200 ==> 7E02000042660000000002F5AE00000000000C000300C64749049FAC78038400000000260330075512010400000000140400000000150400000000160400000000170200002A0200003001463101155C7E
2026-03-30 07:55:44 - msg_id_0200 ==> 7E02000042660000000002F5B900000000000C000300C64749049FAC78038400000000260330075543010400000000140400000000150400000000160400000000170200002A0200003001463101151A7E
2026-03-30 07:56:15 - msg_id_0200 ==> 7E02000042660000000002F5C400000000000C000300C64748049FAC78038400000000260330075614010400000000140400000000150400000000160400000000170200002A020000300146310113347E
2026-03-30 07:56:46 - msg_id_0200 ==> 7E02000042660000000002F5CF00000000000C000300C64748049FAC78038400000000260330075645010400000000140400000000150400000000160400000000170200002A0200003001463101136E7E
2026-03-30 07:57:17 - msg_id_0200 ==> 7E02000042660000000002F5DA00000000000C000300C64748049FAC78038400000000260330075716010400000000140400000000150400000000160400000000170200002A0200003001463101142E7E
2026-03-30 07:57:48 - msg_id_0200 ==> 7E02000042660000000002F5E500000000000C000300C64749049FAC80038400000000260330075747010400000000140400000000150400000000160400000000170200002A020000300146310114B97E
2026-03-30 07:58:19 - msg_id_0200 ==> 7E02000042660000000002F5F000000000000C000300C64749049FAC80038400000000260330075818010400000000140400000000150400000000160400000000170200002A020000300146310114FC7E
2026-03-30 07:58:50 - msg_id_0200 ==> 7E02000042660000000002F5FB00000000000C000300C6474A049FAC80038400000000260330075849010400000000140400000000150400000000160400000000170200002A020000300146310115A47E
2026-03-30 07:59:21 - msg_id_0200 ==> 7E02000042660000000002F60600000000000C000300C6474C049FAC80038400000000260330075920010400000000140400000000150400000000160400000000170200002A020000300146310116377E
2026-03-30 07:59:52 - msg_id_0200 ==> 7E02000042660000000002F61100000000000C000300C6474B049FAC80038400000000260330075951010400000000140400000000150400000000160400000000170200002A020000300146310114547E
2026-03-30 08:00:23 - msg_id_0200 ==> 7E02000042660000000002F61C00000000000C000300C64748049FAC88038400000000260330080022010400000000140400000000150400000000160400000000170200002A020000300146310115767E
2026-03-30 08:00:54 - msg_id_0200 ==> 7E02000042660000000002F62700000000000C000300C6474A049FAC88038400000000260330080053010400000000140400000000150400000000160400000000170200002A0200003001463101153E7E
2026-03-30 08:01:25 - msg_id_0200 ==> 7E02000042660000000002F63200000000000C000300C6474E049FAC88038400000000260330080124010400000000140400000000150400000000160400000000170200002A020000300146310114587E
2026-03-30 08:01:56 - msg_id_0200 ==> 7E02000042660000000002F63D00000000000C000300C64750049FAC88038400000000260330080155010400000000140400000000150400000000160400000000170200002A020000300146310115397E
2026-03-30 08:02:27 - msg_id_0200 ==> 7E02000042660000000002F64800000000000C000300C6474F049FAC88038400000000260330080226010400000000140400000000150400000000160400000000170200002A020000300146310114227E
2026-03-30 08:02:58 - msg_id_0200 ==> 7E02000042660000000002F65300000000000C000300C6474E049FAC88038400000000260330080257010400000000140400000000150400000000160400000000170200002A020000300146310115487E
2026-03-30 08:03:29 - msg_id_0200 ==> 7E02000042660000000002F65E00000000000C000300C6474D049FAC88038400000000260330080328010400000000140400000000150400000000160400000000170200002A020000300146310115387E
2026-03-30 08:04:00 - msg_id_0200 ==> 7E02000042660000000002F66900000000000C000300C6474E049FAC88038400000000260330080359010400000000140400000000150400000000160400000000170200002A0200003001463101157D017E
2026-03-30 08:04:31 - msg_id_0200 ==> 7E02000042660000000002F67400000000000C000300C6474F049FAC88038400000000260330080430010400000000140400000000150400000000160400000000170200002A0200003001463101150F7E
2026-03-30 08:05:01 - msg_id_0200 ==> 7E02000042660000000002F67F00000100000C000300C6474E049FAC88038400000000260330080500010400000000140400000000150400000000160400000000170200002A020000300146310115357E
2026-03-30 08:05:06 - msg_id_0200 ==> 7E02000042660000000002F68200000000000C000300C6474E049FAC88038400000000260330080505010400000000140400000000150400000000160400000000170200002A020000300146310115CC7E
2026-03-30 08:05:37 - msg_id_0200 ==> 7E02000042660000000002F68D00000000000C000300C6474E049FAC88038400000000260330080536010400000000140400000000150400000000160400000000170200002A020000300146310114F17E
2026-03-30 08:06:08 - msg_id_0200 ==> 7E02000042660000000002F69800000000000C000300C6474D049FAC88038400000000260330080607010400000000140400000000150400000000160400000000170200002A020000300146310113D27E
2026-03-30 08:06:39 - msg_id_0200 ==> 7E02000042660000000002F6A300000000000C000300C6474C049FAC88038400000000260330080638010400000000140400000000150400000000160400000000170200002A020000300146310113D77E
2026-03-30 08:07:10 - msg_id_0200 ==> 7E02000042660000000002F6AE00000000000C000300C6474C049FAC88038400000000260330080709010400000000140400000000150400000000160400000000170200002A020000300146310113EA7E
2026-03-30 08:07:41 - msg_id_0200 ==> 7E02000042660000000002F6B900000000000C000300C6474D049FAC88038400000000260330080740010400000000140400000000150400000000160400000000170200002A020000300146310113B57E
2026-03-30 08:08:12 - msg_id_0200 ==> 7E02000042660000000002F6C400000000000C000300C6474E049FAC90038400000000260330080811010400000000140400000000150400000000160400000000170200002A0200003001463101148A7E
2026-03-30 08:08:43 - msg_id_0200 ==> 7E02000042660000000002F6CF00000000000C000300C6474F049FAC90038400000000260330080842010400000000140400000000150400000000160400000000170200002A020000300146310112D57E
2026-03-30 08:09:14 - msg_id_0200 ==> 7E02000042660000000002F6DA00000000000C000300C6474C049FAC90038400000000260330080913010400000000140400000000150400000000160400000000170200002A020000300146310112937E
2026-03-30 08:09:45 - msg_id_0200 ==> 7E02000042660000000002F6E500000000000C000300C6474A049FAC88038400000000260330080944010400000000140400000000150400000000160400000000170200002A020000300146310114E37E
2026-03-30 08:10:16 - msg_id_0200 ==> 7E02000042660000000002F6F000000000000C000300C6474A049FAC88038400000000260330081015010400000000140400000000150400000000160400000000170200002A020000300146310114BE7E
2026-03-30 08:10:47 - msg_id_0200 ==> 7E02000042660000000002F6FB00000000000C000300C6474B049FAC88038400000000260330081046010400000000140400000000150400000000160400000000170200002A020000300146310113E07E
2026-03-30 08:11:18 - msg_id_0200 ==> 7E02000042660000000002F70600000000000C000300C6474A049FAC88038500000000260330081117010400000000140400000000150400000000160400000000170200002A0200003001463101144B7E
2026-03-30 08:11:49 - msg_id_0200 ==> 7E02000042660000000002F71100000000000C000300C6474A049FAC80038500110000260330081148010400000000140400000000150400000000160400000000170200002A0200003001463101151B7E
2026-03-30 08:12:20 - msg_id_0200 ==> 7E02000042660000000002F71C00000000000C000300C64745049FAC80038500000000260330081219010400000000140400000000150400000000160400000000170200002A0200003001463101145B7E
2026-03-30 08:12:51 - msg_id_0200 ==> 7E02000042660000000002F72700000000000C000300C64744049FAC80038500000000260330081250010400000000140400000000150400000000160400000000170200002A020000300146310115297E
2026-03-30 08:13:22 - msg_id_0200 ==> 7E02000042660000000002F73200000000000C000300C64743049FAC80038500000000260330081321010400000000140400000000150400000000160400000000170200002A020000300146310116487E
2026-03-30 08:13:53 - msg_id_0200 ==> 7E02000042660000000002F73D00000000000C000300C64741049FAC80038500000000260330081352010400000000140400000000150400000000160400000000170200002A020000300146310116367E
2026-03-30 08:14:24 - msg_id_0200 ==> 7E02000042660000000002F74800000000000C000300C64741049FAC80038500000000260330081423010400000000140400000000150400000000160400000000170200002A020000300146310115367E
2026-03-30 08:14:55 - msg_id_0200 ==> 7E02000042660000000002F75300000000000C000300C64741049FAC78038500000000260330081454010400000000140400000000150400000000160400000000170200002A020000300146310115A27E
2026-03-30 08:15:26 - msg_id_0200 ==> 7E02000042660000000002F75E00000000000C000300C64741049FAC78038500000000260330081525010400000000140400000000150400000000160400000000170200002A020000300146310113D97E
2026-03-30 08:15:57 - msg_id_0200 ==> 7E02000042660000000002F76900000000000C000300C6473F049FAC78038500000000260330081556010400000000140400000000150400000000160400000000170200002A020000300146310112E27E
2026-03-30 08:16:28 - msg_id_0200 ==> 7E02000042660000000002F77400000000000C000300C6473E049FAC78038500000000260330081627010400000000140400000000150400000000160400000000170200002A020000300146310116887E
2026-03-30 08:16:59 - msg_id_0200 ==> 7E02000042660000000002F77F00000100000C000300C64741049FAC68038500000000260330081658010400000000140400000000150400000000160400000000170200002A020000300146310112967E
2026-03-30 08:17:04 - msg_id_0200 ==> 7E02000042660000000002F78200000000000C000300C64740049FAC68038500000000260330081703010400000000140400000000150400000000160400000000170200002A020000300146310113307E
2026-03-30 08:17:35 - msg_id_0200 ==> 7E02000042660000000002F78D00000000000C000300C64741049FAC68038500000000260330081734010400000000140400000000150400000000160400000000170200002A0200003001463101140E7E
2026-03-30 08:18:06 - msg_id_0200 ==> 7E02000042660000000002F79800000000000C000300C64740049FAC68038500000000260330081805010400000000140400000000150400000000160400000000170200002A020000300146310115257E
2026-03-30 08:18:37 - msg_id_0200 ==> 7E02000042660000000002F7A300000000000C000300C6473C049FAC60038500000000260330081836010400000000140400000000150400000000160400000000170200002A02000030014D310113547E
2026-03-30 08:19:08 - msg_id_0200 ==> 7E02000042660000000002F7AE00000000000C000300C6473B049FAC60038400000000260330081907010400000000140400000000150400000000160400000000170200002A02000030014D310114687E
2026-03-30 08:19:39 - msg_id_0200 ==> 7E02000042660000000002F7B900000000000C000300C6473A049FAC60038400000000260330081938010400000000140400000000150400000000160400000000170200002A02000030014D310114417E
2026-03-30 08:20:10 - msg_id_0200 ==> 7E02000042660000000002F7C400000000000C000300C6473B049FAC60038500000000260330082009010400000000140400000000150400000000160400000000170200002A02000030014D310114347E
2026-03-30 08:20:41 - msg_id_0200 ==> 7E02000042660000000002F7CF00000000000C000300C6473A049FAC60038500000000260330082040010400000000140400000000150400000000160400000000170200002A02000030014D310114777E
2026-03-30 08:21:12 - msg_id_0200 ==> 7E02000042660000000002F7DA00000000000C000300C64738049FAC60038500000000260330082111010400000000140400000000150400000000160400000000170200002A02000030014D310113377E
2026-03-30 08:21:43 - msg_id_0200 ==> 7E02000042660000000002F7E500000000000C000300C6473A049FAC60038500000000260330082142010400000000140400000000150400000000160400000000170200002A02000030014D3101145E7E
2026-03-30 08:22:14 - msg_id_0200 ==> 7E02000042660000000002F7F000000000000C000300C6473B049FAC60038400000000260330082213010400000000140400000000150400000000160400000000170200002A02000030014D3101121F7E
2026-03-30 08:22:45 - msg_id_0200 ==> 7E02000042660000000002F7FB00000000000C000300C6473C049FAC60038400000000260330082244010400000000140400000000150400000000160400000000170200002A02000030014D310113457E
2026-03-30 08:23:16 - msg_id_0200 ==> 7E02000042660000000002F80600000000000C000300C6473B049FAC60038400000000260330082315010400000000140400000000150400000000160400000000170200002A02000030014D310116E57E
2026-03-30 08:23:47 - msg_id_0200 ==> 7E02000042660000000002F81100000000000C000300C6473B049FAC60038400000000260330082346010400000000140400000000150400000000160400000000170200002A02000030014D310115A27E
2026-03-30 08:24:18 - msg_id_0200 ==> 7E02000042660000000002F81C00000000000C000300C6473B049FAC58038400000000260330082417010400000000140400000000150400000000160400000000170200002A02000030014D310113C77E
2026-03-30 08:24:49 - msg_id_0200 ==> 7E02000042660000000002F82700000000000C000300C6473A049FAC58038400050000260330082448010400000000140400000000150400000000160400000000170200002A02000030014D310115A17E
2026-03-30 08:25:20 - msg_id_0200 ==> 7E02000042660000000002F83200000000000C000300C6472E049FAC58038400000000260330082519010400000000140400000000150400000000160400000000170200002A02000030014D310114F47E
2026-03-30 08:25:51 - msg_id_0200 ==> 7E02000042660000000002F83D00000000000C000300C64729049FAC58038400000000260330082550010400000000140400000000150400000000160400000000170200002A02000030014D310113B27E
2026-03-30 08:26:22 - msg_id_0200 ==> 7E02000042660000000002F84800000000000C000300C64723049FAC58038400000000260330082621010400000000140400000000150400000000160400000000170200002A02000030014D310113BF7E
2026-03-30 08:26:53 - msg_id_0200 ==> 7E02000042660000000002F85300000000000C000300C6471F049FAC48038400000000260330082652010400000000140400000000150400000000160400000000170200002A02000030014D310113FB7E
2026-03-30 08:27:24 - msg_id_0200 ==> 7E02000042660000000002F85E00000000000C000300C6471B049FAC40038400000000260330082723010400000000140400000000150400000000160400000000170200002A02000030014D3101138A7E
2026-03-30 08:27:55 - msg_id_0200 ==> 7E02000042660000000002F86900000000000C000300C64719049FAC40038400000000260330082754010400000000140400000000150400000000160400000000170200002A02000030014D310115CE7E
2026-03-30 08:28:26 - msg_id_0200 ==> 7E02000042660000000002F87400000000000C000300C64718049FAC38038400000000260330082825010400000000140400000000150400000000160400000000170200002A02000030014D310112D37E
2026-03-30 08:28:56 - msg_id_0200 ==> 7E02000042660000000002F87F00000100000C000300C6471A049FAC38038400000000260330082855010400000000140400000000150400000000160400000000170200002A02000030014D310112AB7E
2026-03-30 08:29:01 - msg_id_0200 ==> 7E02000042660000000002F88200000000000C000300C6471A049FAC38038400000000260330082900010400000000140400000000150400000000160400000000170200002A02000030014D310112037E
2026-03-30 08:29:32 - msg_id_0200 ==> 7E02000042660000000002F88D00000000000C000300C6471A049FAC30038400000000260330082931010400000000140400000000150400000000160400000000170200002A02000030014D310112357E
2026-03-30 08:30:03 - msg_id_0200 ==> 7E02000042660000000002F89800000000000C000300C6471A049FAC30038400000000260330083002010400000000140400000000150400000000160400000000170200002A02000030014D3101130B7E
2026-03-30 08:30:34 - msg_id_0200 ==> 7E02000042660000000002F8A300000000000C000300C6471A049FAC30038400000000260330083033010400000000140400000000150400000000160400000000170200002A02000030014D310110027E
2026-03-30 08:31:05 - msg_id_0200 ==> 7E02000042660000000002F8AE00000000000C000300C6471D049FAC30038500000000260330083104010400000000140400000000150400000000160400000000170200002A02000030014D3101133C7E
2026-03-30 08:31:36 - msg_id_0200 ==> 7E02000042660000000002F8B900000000000C000300C6471B049FAC28038500000000260330083135010400000000140400000000150400000000160400000000170200002A02000030014D310115027E
2026-03-30 08:32:07 - msg_id_0200 ==> 7E02000042660000000002F8C400000000000C000300C6470E049FAC28038400000000260330083206010400000000140400000000150400000000160400000000170200002A02000030014D3101135D7E
2026-03-30 08:32:38 - msg_id_0200 ==> 7E02000042660000000002F8CF00000000000C000300C64702049FAC20038400000000260330083237010400000000140400000000150400000000160400000000170200002A02000030014D310114647E
2026-03-30 08:33:09 - msg_id_0200 ==> 7E02000042660000000002F8DA00000000000C000300C646FD049FAC18038400000000260330083308010400000000140400000000150400000000160400000000170200002A02000030014D310115887E
2026-03-30 08:33:40 - msg_id_0200 ==> 7E02000042660000000002F8E500000000000C000300C646FB049FAC18038400000000260330083339010400000000140400000000150400000000160400000000170200002A02000030014D310114817E
2026-03-30 08:34:11 - msg_id_0200 ==> 7E02000042660000000002F8F000000000000C000300C646FB049FAC18038400000000260330083410010400000000140400000000150400000000160400000000170200002A02000030014D310113BD7E
2026-03-30 08:34:42 - msg_id_0200 ==> 7E02000042660000000002F8FB00000000000C000300C646FB049FAC18038400000000260330083441010400000000140400000000150400000000160400000000170200002A02000030014D310114E07E
2026-03-30 08:35:13 - msg_id_0200 ==> 7E02000042660000000002F90600000000000C000300C646FE049FAC18038500000000260330083512010400000000140400000000150400000000160400000000170200002A02000030014D3101134D7E
2026-03-30 08:35:44 - msg_id_0200 ==> 7E02000042660000000002F91100000000000C000300C646FC049FAC18038400000000260330083543010400000000140400000000150400000000160400000000170200002A02000030014D3101140F7E
2026-03-30 08:36:15 - msg_id_0200 ==> 7E02000042660000000002F91C00000000000C000300C646FB049FAC18038400000000260330083614010400000000140400000000150400000000160400000000170200002A02000030014D310114517E
2026-03-30 08:36:46 - msg_id_0200 ==> 7E02000042660000000002F92700000000000C000300C646FB049FAC18038500000000260330083645010400000000140400000000150400000000160400000000170200002A02000030014D3101123C7E
2026-03-30 08:37:17 - msg_id_0200 ==> 7E02000042660000000002F93200000000000C000300C646F9049FAC18038500000000260330083716010400000000140400000000150400000000160400000000170200002A02000030014D310113787E
2026-03-30 08:37:48 - msg_id_0200 ==> 7E02000042660000000002F93D00000000000C000300C646F9049FAC18038500000000260330083747010400000000140400000000150400000000160400000000170200002A02000030014D310112277E
2026-03-30 08:38:19 - msg_id_0200 ==> 7E02000042660000000002F94800000000000C000300C646F9049FAC18038500000000260330083818010400000000140400000000150400000000160400000000170200002A02000030014D310114047E
2026-03-30 08:38:50 - msg_id_0200 ==> 7E02000042660000000002F95300000000000C000300C646FA049FAC18038500000000260330083849010400000000140400000000150400000000160400000000170200002A02000030014D3101144D7E
2026-03-30 08:39:21 - msg_id_0200 ==> 7E02000042660000000002F95E00000000000C000300C646FB049FAC18038500000000260330083920010400000000140400000000150400000000160400000000170200002A02000030014D310114297E
2026-03-30 08:39:52 - msg_id_0200 ==> 7E02000042660000000002F96900000000000C000300C646FE049FAC10038500000000260330083951010400000000140400000000150400000000160400000000170200002A02000030014D310114627E
2026-03-30 08:40:23 - msg_id_0200 ==> 7E02000042660000000002F97400000000000C000300C64704049FAC08038500000000260330084022010400000000140400000000150400000000160400000000170200002A02000030014D310114967E
2026-03-30 08:40:54 - msg_id_0200 ==> 7E02000042660000000002F97F00000100000C000300C64704049FAC10038500000000260330084053010400000000140400000000150400000000160400000000170200002A02000030014D310114F57E
2026-03-30 08:40:59 - msg_id_0200 ==> 7E02000042660000000002F98200000000000C000300C64703049FAC10038500000000260330084058010400000000140400000000150400000000160400000000170200002A02000030014D310113027E
2026-03-30 08:41:30 - msg_id_0200 ==> 7E02000042660000000002F98D00000000000C000300C64704049FAC08038500000000260330084129010400000000140400000000150400000000160400000000170200002A02000030014D310113627E
2026-03-30 08:42:01 - msg_id_0200 ==> 7E02000042660000000002F99800000000000C000300C64703049FAC10038500000000260330084200010400000000140400000000150400000000160400000000170200002A02000030014D310115447E
2026-03-30 08:42:32 - msg_id_0200 ==> 7E02000042660000000002F9A300000000000C000300C64702049FAC10038400000000260330084231010400000000140400000000150400000000160400000000170200002A02000030014D3101154E7E
2026-03-30 08:43:03 - msg_id_0200 ==> 7E02000042660000000002F9AE00000000000C000300C64701049FAC08038400000000260330084302010400000000140400000000150400000000160400000000170200002A02000030014D3101126D7E
2026-03-30 08:43:34 - msg_id_0200 ==> 7E02000042660000000002F9B900000000000C000300C646FF049FAC08038400000000260330084333010400000000140400000000150400000000160400000000170200002A02000030014D310111B77E
2026-03-30 08:44:05 - msg_id_0200 ==> 7E02000042660000000002F9C400000000000C000300C646FF049FAC08038400000000260330084404010400000000140400000000150400000000160400000000170200002A02000030014D310111FA7E
2026-03-30 08:44:36 - msg_id_0200 ==> 7E02000042660000000002F9CF00000000000C000300C646FC049FAC00038400000000260330084435010400000000140400000000150400000000160400000000170200002A02000030014D310112C87E
2026-03-30 08:45:07 - msg_id_0200 ==> 7E02000042660000000002F9DA00000000000C000300C646FB049FAC08038400000000260330084506010400000000140400000000150400000000160400000000170200002A02000030014D310111E37E
2026-03-30 08:45:38 - msg_id_0200 ==> 7E02000042660000000002F9E500000000000C000300C646FA049FAC08038400000000260330084537010400000000140400000000150400000000160400000000170200002A02000030014D310111EC7E
2026-03-30 08:46:09 - msg_id_0200 ==> 7E02000042660000000002F9F000000000000C000300C646F7049FAC08038500000000260330084608010400000000140400000000150400000000160400000000170200002A02000030014D310113CB7E
2026-03-30 08:46:40 - msg_id_0200 ==> 7E02000042660000000002F9FB00000000000C000300C646F6049FAC08038500000000260330084639010400000000140400000000150400000000160400000000170200002A02000030014D310113F07E
2026-03-30 08:47:11 - msg_id_0200 ==> 7E02000042660000000002FA0600000000000C000300C646F9049FAC08038500000000260330084710010400000000140400000000150400000000160400000000170200002A02000030014D310112287E
2026-03-30 08:47:42 - msg_id_0200 ==> 7E02000042660000000002FA1100000000000C000300C646FA049FAC08038500000000260330084741010400000000140400000000150400000000160400000000170200002A02000030014D3101136C7E
2026-03-30 08:48:13 - msg_id_0200 ==> 7E02000042660000000002FA1C00000000000C000300C646FA049FAC08038500000000260330084812010400000000140400000000150400000000160400000000170200002A02000030014D3101123C7E
2026-03-30 08:48:44 - msg_id_0200 ==> 7E02000042660000000002FA2700000000000C000300C646FB049FAC08038500000000260330084843010400000000140400000000150400000000160400000000170200002A02000030014D310112577E
2026-03-30 08:49:15 - msg_id_0200 ==> 7E02000042660000000002FA3200000000000C000300C646FB049FAC10038500000000260330084914010400000000140400000000150400000000160400000000170200002A02000030014A310111087E
2026-03-30 08:49:46 - msg_id_0200 ==> 7E02000042660000000002FA3D00000000000C000300C646FA049FAC10038500000000260330084945010400000000140400000000150400000000160400000000170200002A02000030014A310113557E
2026-03-30 08:50:17 - msg_id_0200 ==> 7E02000042660000000002FA4800000000000C000300C646FB049FAC18038600000000260330085016010400000000140400000000150400000000160400000000170200002A02000030014A310113607E
2026-03-30 08:50:48 - msg_id_0200 ==> 7E02000042660000000002FA5300000000000C000300C64700049FAC18038600000000260330085047010400000000140400000000150400000000160400000000170200002A02000030014A310114D77E
2026-03-30 08:51:19 - msg_id_0200 ==> 7E02000042660000000002FA5E00000000000C000300C64704049FAC20038600000000260330085118010400000000140400000000150400000000160400000000170200002A02000030014A310112BE7E
2026-03-30 08:51:50 - msg_id_0200 ==> 7E02000042660000000002FA6900000000000C000300C64707049FAC28038600000000260330085149010400000000140400000000150400000000160400000000170200002A02000030014A310115D47E
2026-03-30 08:52:21 - msg_id_0200 ==> 7E02000042660000000002FA7400000000000C000300C6470A049FAC28038600000000260330085220010400000000140400000000150400000000160400000000170200002A02000030014A310114AF7E
2026-03-30 08:52:51 - msg_id_0200 ==> 7E02000042660000000002FA7F00000100000C000300C6470D049FAC28038700000000260330085250010400000000140400000000150400000000160400000000170200002A02000030014D310115D57E
2026-03-30 08:52:56 - msg_id_0200 ==> 7E02000042660000000002FA8200000000000C000300C6470D049FAC28038700000000260330085255010400000000140400000000150400000000160400000000170200002A02000030014D3101152C7E
2026-03-30 08:53:27 - msg_id_0200 ==> 7E02000042660000000002FA8D00000000000C000300C6470F049FAC28038700000000260330085326010400000000140400000000150400000000160400000000170200002A02000030014A310113527E
2026-03-30 08:53:58 - msg_id_0200 ==> 7E02000042660000000002FA9800000000000C000300C6470B049FAC28038700000000260330085357010400000000140400000000150400000000160400000000170200002A02000030014A310115347E
2026-03-30 08:54:29 - msg_id_0200 ==> 7E02000042660000000002FAA300000000000C000300C6470A049FAC28038700000000260330085428010400000000140400000000150400000000160400000000170200002A02000030014A310112717E
2026-03-30 08:55:00 - msg_id_0200 ==> 7E02000042660000000002FAAE00000000000C000300C6470B049FAC30038700000000260330085459010400000000140400000000150400000000160400000000170200002A02000030014A310113157E
2026-03-30 08:55:31 - msg_id_0200 ==> 7E02000042660000000002FAB900000000000C000300C6470C049FAC30038700000000260330085530010400000000140400000000150400000000160400000000170200002A02000030013D3101121B7E
2026-03-30 08:56:02 - msg_id_0200 ==> 7E02000042660000000002FAC400000000000C000300C64711049FAC38038700000000260330085601010400000000140400000000150400000000160400000000170200002A02000030013D310115467E
2026-03-30 08:56:33 - msg_id_0200 ==> 7E02000042660000000002FACF00000000000C000300C64715049FAC38038700000000260330085632010400000000140400000000150400000000160400000000170200002A020000300140310115077E
2026-03-30 08:57:04 - msg_id_0200 ==> 7E02000042660000000002FADA00000000000C000300C64717049FAC38038700000000260330085703010400000000140400000000150400000000160400000000170200002A020000300140310115207E
2026-03-30 08:57:35 - msg_id_0200 ==> 7E02000042660000000002FAE500000000000C000300C64715049FAC40038800000000260330085734010400000000140400000000150400000000160400000000170200002A0200003001403101155D7E
2026-03-30 08:58:06 - msg_id_0200 ==> 7E02000042660000000002FAF000000000000C000300C64716049FAC40038800000000260330085805010400000000140400000000150400000000160400000000170200002A020000300140310114747E
2026-03-30 08:58:37 - msg_id_0200 ==> 7E02000042660000000002FAFB00000000000C000300C64716049FAC40038800000000260330085836010400000000140400000000150400000000160400000000170200002A02000030013D310114317E
2026-03-30 08:59:08 - msg_id_0200 ==> 7E02000042660000000002FB0600000000000C000300C64715049FAC40038800000000260330085907010400000000140400000000150400000000160400000000170200002A02000030013D310115FF7E
2026-03-30 08:59:39 - msg_id_0200 ==> 7E02000042660000000002FB1100000000000C000300C64715049FAC48038800000000260330085938010400000000140400000000150400000000160400000000170200002A02000030013D310116DC7E
2026-03-30 09:00:10 - msg_id_0200 ==> 7E02000042660000000002FB1C00000000000C000300C64715049FAC48038800000000260330090009010400000000140400000000150400000000160400000000170200002A02000030013D310115BB7E
2026-03-30 09:00:41 - msg_id_0200 ==> 7E02000042660000000002FB2700000000000C000300C64715049FAC48038800000000260330090040010400000000140400000000150400000000160400000000170200002A02000030013D310117CB7E
2026-03-30 09:01:12 - msg_id_0200 ==> 7E02000042660000000002FB3200000000000C000300C64715049FAC48038800000000260330090111010400000000140400000000150400000000160400000000170200002A02000030013D3101168F7E
2026-03-30 09:01:43 - msg_id_0200 ==> 7E02000042660000000002FB3D00000000000C000300C64716049FAC48038900000000260330090142010400000000140400000000150400000000160400000000170200002A02000030013D310115D27E
2026-03-30 09:02:14 - msg_id_0200 ==> 7E02000042660000000002FB4800000000000C000300C64718049FAC50038900000000260330090213010400000000140400000000150400000000160400000000170200002A02000030013D310115E37E
2026-03-30 09:02:45 - msg_id_0200 ==> 7E02000042660000000002FB5300000000000C000300C6471A049FAC50038900000000260330090244010400000000140400000000150400000000160400000000170200002A02000030013D310114AC7E
2026-03-30 09:03:16 - msg_id_0200 ==> 7E02000042660000000002FB5E00000000000C000300C6471D049FAC50038900000000260330090315010400000000140400000000150400000000160400000000170200002A0200003001403101158A7E
2026-03-30 09:03:47 - msg_id_0200 ==> 7E02000042660000000002FB6900000000000C000300C6471F049FAC58038900000000260330090346010400000000140400000000150400000000160400000000170200002A020000300140310115E47E
2026-03-30 09:04:18 - msg_id_0200 ==> 7E02000042660000000002FB7400000000000C000300C64720049FAC58038900000000260330090417010400000000140400000000150400000000160400000000170200002A020000300140310113967E
2026-03-30 09:04:54 - msg_id_0200 ==> 7E02000042660000000002FB8200000000000C000300C64721049FAC58038900000000260330090453010400000000140400000000150400000000160400000000170200002A020000300140310115237E
2026-03-30 09:05:25 - msg_id_0200 ==> 7E02000042660000000002FB8D00000000000C000300C64722049FAC58038900000000260330090524010400000000140400000000150400000000160400000000170200002A0200003001403101165A7E
2026-03-30 09:05:56 - msg_id_0200 ==> 7E02000042660000000002FB9800000000000C000300C64727049FAC58038900000000260330090555010400000000140400000000150400000000160400000000170200002A0200003001403101163B7E
2026-03-30 09:06:27 - msg_id_0200 ==> 7E02000042660000000002FBA300000000000C000300C6472A049FAC58038900000000260330090626010400000000140400000000150400000000160400000000170200002A0200003001403101157D027E
2026-03-30 09:06:58 - msg_id_0200 ==> 7E02000042660000000002FBAE00000000000C000300C6472C049FAC58038900000000260330090657010400000000140400000000150400000000160400000000170200002A020000300140310115047E
2026-03-30 09:07:29 - msg_id_0200 ==> 7E02000042660000000002FBB900000000000C000300C64731049FAC58038A00000000260330090728010400000000140400000000150400000000160400000000170200002A020000300140310115737E
2026-03-30 09:08:01 - msg_id_0200 ==> 7E02000042660000000002FBC400000000000C000300C64734049FAC58038A00000000260330090759010400000000140400000000150400000000160400000000170200002A020000300140310116797E
2026-03-30 09:08:31 - msg_id_0200 ==> 7E02000042660000000002FBCF00000000000C000300C64737049FAC58038A00000000260330090830010400000000140400000000150400000000160400000000170200002A020000300140310115147E
2026-03-30 09:09:03 - msg_id_0200 ==> 7E02000042660000000002FBDA00000000000C000300C6473D049FAC58038A00000000260330090901010400000000140400000000150400000000160400000000170200002A0200003001403101123C7E
2026-03-30 09:09:34 - msg_id_0200 ==> 7E02000042660000000002FBE500000000000C000300C6473D049FAC58038A00000000260330090932010400000000140400000000150400000000160400000000170200002A020000300140310113317E
2026-03-30 09:10:05 - msg_id_0200 ==> 7E02000042660000000002FBF000000000000C000300C64740049FAC58038A00000000260330091003010400000000140400000000150400000000160400000000170200002A020000300140310114767E
2026-03-30 09:10:35 - msg_id_0200 ==> 7E02000042660000000002FBFB00000000000C000300C64742049FAC58038A00000000260330091034010400000000140400000000150400000000160400000000170200002A02000030013D310113327E
2026-03-30 09:11:06 - msg_id_0200 ==> 7E02000042660000000002FC0600000000000C000300C64745049FAC58038A00000000260330091105010400000000140400000000150400000000160400000000170200002A02000030013D310114F87E
2026-03-30 09:11:37 - msg_id_0200 ==> 7E02000042660000000002FC1100000000000C000300C64747049FAC58038A00000000260330091136010400000000140400000000150400000000160400000000170200002A02000030013D310112D87E
2026-03-30 09:12:08 - msg_id_0200 ==> 7E02000042660000000002FC1C00000000000C000300C64749049FAC58038A00000000260330091207010400000000140400000000150400000000160400000000170200002A020000300140310115937E
2026-03-30 09:12:40 - msg_id_0200 ==> 7E02000042660000000002FC2700000000000C000300C6474D049FAC58038A00000000260330091238010400000000140400000000150400000000160400000000170200002A020000300140310114927E
2026-03-30 09:13:10 - msg_id_0200 ==> 7E02000042660000000002FC3200000000000C000300C6474F049FAC58038A00000000260330091309010400000000140400000000150400000000160400000000170200002A02000030013D310113CF7E
2026-03-30 09:13:43 - msg_id_0200 ==> 7E02000042660000000002FC3D00000000000C000300C6474E049FAC58038A00000000260330091340010400000000140400000000150400000000160400000000170200002A02000030013D3101158E7E
2026-03-30 09:14:13 - msg_id_0200 ==> 7E02000042660000000002FC4800000000000C000300C64753049FAC58038B00000000260330091411010400000000140400000000150400000000160400000000170200002A02000030013D310115B17E
2026-03-30 09:14:43 - msg_id_0200 ==> 7E02000042660000000002FC5300000000000C000300C64756049FAC58038B00000000260330091442010400000000140400000000150400000000160400000000170200002A020000300140310115817E
2026-03-30 09:15:14 - msg_id_0200 ==> 7E02000042660000000002FC5E00000000000C000300C64758049FAC58038B00000000260330091513010400000000140400000000150400000000160400000000170200002A020000300140310114D37E
2026-03-30 09:15:45 - msg_id_0200 ==> 7E02000042660000000002FC6900000000000C000300C64758049FAC58038B00000000260330091544010400000000140400000000150400000000160400000000170200002A02000030013D310115CF7E
2026-03-30 09:16:16 - msg_id_0200 ==> 7E02000042660000000002FC7400000000000C000300C64759049FAC58038B00000000260330091615010400000000140400000000150400000000160400000000170200002A02000030013D310113877E
2026-03-30 09:16:52 - msg_id_0200 ==> 7E02000042660000000002FC8200000000000C000300C64757049FAC58038B00000000260330091651010400000000140400000000150400000000160400000000170200002A02000030013D3101133B7E
2026-03-30 09:17:23 - msg_id_0200 ==> 7E02000042660000000002FC8D00000000000C000300C64757049FAC58038B00000000260330091722010400000000140400000000150400000000160400000000170200002A02000030013D310114417E
2026-03-30 09:17:54 - msg_id_0200 ==> 7E02000042660000000002FC9800000000000C000300C64757049FAC58038B00000000260330091753010400000000140400000000150400000000160400000000170200002A02000030013D310113227E
2026-03-30 09:18:25 - msg_id_0200 ==> 7E02000042660000000002FCA300000000000C000300C64757049FAC60038A00000000260330091824010400000000140400000000150400000000160400000000170200002A020000300143310114217E
2026-03-30 09:18:56 - msg_id_0200 ==> 7E02000042660000000002FCAE00000000000C000300C64756049FAC60038A00000000260330091855010400000000140400000000150400000000160400000000170200002A0200003001433101135B7E
2026-03-30 09:19:27 - msg_id_0200 ==> 7E02000042660000000002FCB900000000000C000300C64756049FAC68038A00000000260330091926010400000000140400000000150400000000160400000000170200002A02000030013D3101104B7E
2026-03-30 09:19:58 - msg_id_0200 ==> 7E02000042660000000002FCC400000000000C000300C64755049FAC68038A00000000260330091957010400000000140400000000150400000000160400000000170200002A02000030013D310111457E
2026-03-30 09:20:30 - msg_id_0200 ==> 7E02000042660000000002FCCF00000000000C000300C64754049FAC68038A00000000260330092028010400000000140400000000150400000000160400000000170200002A02000030013D3101120A7E
2026-03-30 09:21:00 - msg_id_0200 ==> 7E02000042660000000002FCDA00000000000C000300C64755049FAC68038A00000000260330092059010400000000140400000000150400000000160400000000170200002A02000030013D3101126F7E
2026-03-30 09:21:31 - msg_id_0200 ==> 7E02000042660000000002FCE500000000000C000300C64756049FAC70038A00000000260330092130010400000000140400000000150400000000160400000000170200002A02000030013D310113227E
2026-03-30 09:22:03 - msg_id_0200 ==> 7E02000042660000000002FCF000000000000C000300C64758049FAC68038A00000000260330092201010400000000140400000000150400000000160400000000170200002A02000030013D310113137E
2026-03-30 09:22:33 - msg_id_0200 ==> 7E02000042660000000002FCFB00000000000C000300C6475A049FAC70038A00000000260330092232010400000000140400000000150400000000160400000000170200002A02000030013D310112307E
2026-03-30 09:23:05 - msg_id_0200 ==> 7E02000042660000000002FD0600000000000C000300C6475B049FAC70038A00000000260330092303010400000000140400000000150400000000160400000000170200002A02000030013D310112FD7E
2026-03-30 09:23:37 - msg_id_0200 ==> 7E02000042660000000002FD1100000000000C000300C6475B049FAC70038A00000000260330092334010400000000140400000000150400000000160400000000170200002A02000030013D310112DD7E
2026-03-30 09:24:06 - msg_id_0200 ==> 7E02000042660000000002FD1C00000000000C000300C6475C049FAC78038A00000000260330092405010400000000140400000000150400000000160400000000170200002A02000030013D310113E87E
2026-03-30 09:24:37 - msg_id_0200 ==> 7E02000042660000000002FD2700000000000C000300C6475D049FAC78038A00000000260330092436010400000000140400000000150400000000160400000000170200002A02000030013D310113E17E
2026-03-30 09:25:09 - msg_id_0200 ==> 7E02000042660000000002FD3200000000000C000300C6475E049FAC78038A00000000260330092507010400000000140400000000150400000000160400000000170200002A020000300140310112BB7E
2026-03-30 09:25:39 - msg_id_0200 ==> 7E02000042660000000002FD3D00000000000C000300C6475E049FAC78038A00000000260330092538010400000000140400000000150400000000160400000000170200002A0200003001403101138A7E
2026-03-30 09:26:10 - msg_id_0200 ==> 7E02000042660000000002FD4800000000000C000300C6475F049FAC78038A00000000260330092609010400000000140400000000150400000000160400000000170200002A020000300140310114CB7E
2026-03-30 09:26:43 - msg_id_0200 ==> 7E02000042660000000002FD5300000000000C000300C64761049FAC78038A00000000260330092640010400000000140400000000150400000000160400000000170200002A020000300140310112A17E
2026-03-30 09:27:13 - msg_id_0200 ==> 7E02000042660000000002FD5E00000000000C000300C64762049FAC80038A00000000260330092711010400000000140400000000150400000000160400000000170200002A020000300140310113067E
2026-03-30 09:27:43 - msg_id_0200 ==> 7E02000042660000000002FD6900000000000C000300C64763049FAC80038A00000000260330092742010400000000140400000000150400000000160400000000170200002A020000300140310112627E
2026-03-30 09:28:14 - msg_id_0200 ==> 7E02000042660000000002FD7400000000000C000300C6475E049FAC80038A00000000260330092813010400000000140400000000150400000000160400000000170200002A02000030013D310114677E
2026-03-30 09:28:44 - msg_id_0200 ==> 7E02000042660000000002FD7F00000100000C000300C6475E049FAC80038A00000000260330092843010400000000140400000000150400000000160400000000170200002A020000300140310114407E
2026-03-30 09:28:49 - msg_id_0200 ==> 7E02000042660000000002FD8200000000000C000300C6475D049FAC80038A00000000260330092848010400000000140400000000150400000000160400000000170200002A020000300140310114B47E
2026-03-30 09:29:20 - msg_id_0200 ==> 7E02000042660000000002FD8D00000000000C000300C6475E049FAC80038900000000260330092919010400000000140400000000150400000000160400000000170200002A02000030013D310114967E
2026-03-30 09:29:51 - msg_id_0200 ==> 7E02000042660000000002FD9800000000000C000300C6475E049FAC88038900000000260330092950010400000000140400000000150400000000160400000000170200002A02000030013D310112C47E
2026-03-30 09:30:23 - msg_id_0200 ==> 7E02000042660000000002FDA300000000000C000300C64760049FAC88038900000000260330093021010400000000140400000000150400000000160400000000170200002A02000030013D310113A87E
2026-03-30 09:30:53 - msg_id_0200 ==> 7E02000042660000000002FDAE00000000000C000300C64762049FAC88038A00000000260330093052010400000000140400000000150400000000160400000000170200002A02000030013D310115D17E
2026-03-30 09:31:24 - msg_id_0200 ==> 7E02000042660000000002FDB900000000000C000300C64762049FAC88038900000000260330093123010400000000140400000000150400000000160400000000170200002A02000030013D310115B57E
2026-03-30 09:31:55 - msg_id_0200 ==> 7E02000042660000000002FDC400000000000C000300C64764049FAC88038900000000260330093154010400000000140400000000150400000000160400000000170200002A02000030013D310114B87E
2026-03-30 09:32:26 - msg_id_0200 ==> 7E02000042660000000002FDCF00000000000C000300C64766049FAC88038900000000260330093225010400000000140400000000150400000000160400000000170200002A02000030013D310112C57E
2026-03-30 09:32:57 - msg_id_0200 ==> 7E02000042660000000002FDDA00000000000C000300C64768049FAC90038900000000260330093256010400000000140400000000150400000000160400000000170200002A02000030013D310112B57E
2026-03-30 09:33:28 - msg_id_0200 ==> 7E02000042660000000002FDE500000000000C000300C6476B049FAC88038A00000000260330093327010400000000140400000000150400000000160400000000170200002A02000030013D310113E37E
2026-03-30 09:33:59 - msg_id_0200 ==> 7E02000042660000000002FDF000000000000C000300C6476D049FAC88038900000000260330093358010400000000140400000000150400000000160400000000170200002A02000030013D3101138C7E
2026-03-30 09:34:30 - msg_id_0200 ==> 7E02000042660000000002FDFB00000000000C000300C64770049FAC90038A00000000260330093429010400000000140400000000150400000000160400000000170200002A02000030013D310113F77E
2026-03-30 09:35:01 - msg_id_0200 ==> 7E02000042660000000002FE0600000000000C000300C64771049FAC90038A00000000260330093500010400000000140400000000150400000000160400000000170200002A02000030013D310114277E
2026-03-30 09:35:32 - msg_id_0200 ==> 7E02000042660000000002FE1100000000000C000300C64771049FAC90038A00000000260330093531010400000000140400000000150400000000160400000000170200002A02000030013D310114017E
2026-03-30 09:36:03 - msg_id_0200 ==> 7E02000042660000000002FE1C00000000000C000300C64771049FAC90038A00000000260330093602010400000000140400000000150400000000160400000000170200002A02000030013D3101133B7E
2026-03-30 09:36:34 - msg_id_0200 ==> 7E02000042660000000002FE2700000000000C000300C6476F049FAC90038A00000000260330093633010400000000140400000000150400000000160400000000170200002A02000030013D3101122E7E
2026-03-30 09:37:05 - msg_id_0200 ==> 7E02000042660000000002FE3200000000000C000300C6476E049FAC90038A00000000260330093704010400000000140400000000150400000000160400000000170200002A02000030013D3101130D7E
2026-03-30 09:37:36 - msg_id_0200 ==> 7E02000042660000000002FE3D00000000000C000300C6476C049FAC90038A00000000260330093735010400000000140400000000150400000000160400000000170200002A02000030013D310113317E
2026-03-30 09:38:07 - msg_id_0200 ==> 7E02000042660000000002FE4800000000000C000300C6476D049FAC90038A00000000260330093806010400000000140400000000150400000000160400000000170200002A02000030013D310113797E
2026-03-30 09:38:38 - msg_id_0200 ==> 7E02000042660000000002FE5300000000000C000300C6476F049FAC90038A00000000260330093837010400000000140400000000150400000000160400000000170200002A02000030013D310114567E
2026-03-30 09:39:09 - msg_id_0200 ==> 7E02000042660000000002FE5E00000000000C000300C64770049FAC90038A00000000260330093908010400000000140400000000150400000000160400000000170200002A02000030013D3101147A7E
2026-03-30 09:39:41 - msg_id_0200 ==> 7E02000042660000000002FE6900000000000C000300C6476F049FAC90038A00000000260330093939010400000000140400000000150400000000160400000000170200002A02000030013D310115627E
2026-03-30 09:40:11 - msg_id_0200 ==> 7E02000042660000000002FE7400000000000C000300C64770049FAC90038A00000000260330094010010400000000140400000000150400000000160400000000170200002A02000030013D310115307E
2026-03-30 09:40:48 - msg_id_0200 ==> 7E02000042660000000002FE8200000000000C000300C6476F049FAC90038A00000000260330094047010400000000140400000000150400000000160400000000170200002A02000030013D310112897E
2026-03-30 09:41:19 - msg_id_0200 ==> 7E02000042660000000002FE8D00000000000C000300C6476E049FAC88038A00000000260330094118010400000000140400000000150400000000160400000000170200002A02000030013D310112C17E
2026-03-30 09:41:50 - msg_id_0200 ==> 7E02000042660000000002FE9800000000000C000300C6476F049FAC88038A00000000260330094149010400000000140400000000150400000000160400000000170200002A02000030013D310113857E
2026-03-30 09:42:21 - msg_id_0200 ==> 7E02000042660000000002FEA300000000000C000300C64770049FAC88038A00000000260330094220010400000000140400000000150400000000160400000000170200002A02000030013D310113CB7E
2026-03-30 09:42:52 - msg_id_0200 ==> 7E02000042660000000002FEAE00000000000C000300C64770049FAC88038A00000000260330094251010400000000140400000000150400000000160400000000170200002A02000030013D310112B67E
2026-03-30 09:43:23 - msg_id_0200 ==> 7E02000042660000000002FEB900000000000C000300C64770049FAC88038A00000000260330094322010400000000140400000000150400000000160400000000170200002A02000030013D310113D27E
2026-03-30 09:43:54 - msg_id_0200 ==> 7E02000042660000000002FEC400000000000C000300C64771049FAC80038A00000000260330094353010400000000140400000000150400000000160400000000170200002A02000030013D310112D67E
2026-03-30 09:44:25 - msg_id_0200 ==> 7E02000042660000000002FECF00000000000C000300C64771049FAC80038A00000000260330094424010400000000140400000000150400000000160400000000170200002A02000030013D310113AC7E
2026-03-30 09:44:56 - msg_id_0200 ==> 7E02000042660000000002FEDA00000000000C000300C6476F049FAC88038A00000000260330094455010400000000140400000000150400000000160400000000170200002A02000030013D310114D97E
2026-03-30 09:45:27 - msg_id_0200 ==> 7E02000042660000000002FEE500000000000C000300C6476D049FAC88038A00000000260330094526010400000000140400000000150400000000160400000000170200002A02000030013D310115977E
2026-03-30 09:45:58 - msg_id_0200 ==> 7E02000042660000000002FEF000000000000C000300C6476D049FAC88038A00000000260330094557010400000000140400000000150400000000160400000000170200002A02000030013D310114F27E
2026-03-30 09:46:31 - msg_id_0200 ==> 7E02000042660000000002FEFB00000000000C000300C6476C049FAC80038A00000000260330094628010400000000140400000000150400000000160400000000170200002A02000030013D3101158D7E
2026-03-30 09:47:00 - msg_id_0200 ==> 7E02000042660000000002FF0600000000000C000300C6476C049FAC80038A00000000260330094659010400000000140400000000150400000000160400000000170200002A02000030013D310115007E
2026-03-30 09:47:31 - msg_id_0200 ==> 7E02000042660000000002FF1100000000000C000300C6476D049FAC80038A00000000260330094730010400000000140400000000150400000000160400000000170200002A02000030013D3101157D027E
2026-03-30 09:48:02 - msg_id_0200 ==> 7E02000042660000000002FF1C00000000000C000300C6476E049FAC80038A00000000260330094801010400000000140400000000150400000000160400000000170200002A02000030013D310113487E
2026-03-30 09:48:33 - msg_id_0200 ==> 7E02000042660000000002FF2700000000000C000300C6476E049FAC88038A00000000260330094832010400000000140400000000150400000000160400000000170200002A02000030013D310113487E
2026-03-30 09:49:04 - msg_id_0200 ==> 7E02000042660000000002FF3200000000000C000300C6476F049FAC88038A00000000260330094903010400000000140400000000150400000000160400000000170200002A02000030013D3101156A7E
2026-03-30 09:49:35 - msg_id_0200 ==> 7E02000042660000000002FF3D00000000000C000300C64771049FAC80038A00000000260330094934010400000000140400000000150400000000160400000000170200002A02000030013D310114457E
2026-03-30 09:50:06 - msg_id_0200 ==> 7E02000042660000000002FF4800000000000C000300C64771049FAC80038A00000000260330095005010400000000140400000000150400000000160400000000170200002A02000030013D310114187E
2026-03-30 09:50:38 - msg_id_0200 ==> 7E02000042660000000002FF5300000000000C000300C64771049FAC80038A00000000260330095036010400000000140400000000150400000000160400000000170200002A02000030013D310114307E
2026-03-30 09:51:08 - msg_id_0200 ==> 7E02000042660000000002FF5E00000000000C000300C6476F049FAC80038A00000000260330095107010400000000140400000000150400000000160400000000170200002A02000030013D310113147E
2026-03-30 09:51:39 - msg_id_0200 ==> 7E02000042660000000002FF6900000000000C000300C6476F049FAC80038A00000000260330095138010400000000140400000000150400000000160400000000170200002A02000030013D3101141B7E
2026-03-30 09:52:10 - msg_id_0200 ==> 7E02000042660000000002FF7400000000000C000300C6476E049FAC80038A00000000260330095209010400000000140400000000150400000000160400000000170200002A02000030013D310114357E
2026-03-30 09:52:40 - msg_id_0200 ==> 7E02000042660000000002FF7F00000100000C000300C6476E049FAC80038A00000000260330095239010400000000140400000000150400000000160400000000170200002A02000030013D3101150E7E
2026-03-30 09:52:45 - msg_id_0200 ==> 7E02000042660000000002FF8200000000000C000300C6476E049FAC80038A00000000260330095244010400000000140400000000150400000000160400000000170200002A02000030013D3101158F7E
2026-03-30 09:53:16 - msg_id_0200 ==> 7E02000042660000000002FF8D00000000000C000300C6476E049FAC80038A00000000260330095315010400000000140400000000150400000000160400000000170200002A02000030013D310115D07E
2026-03-30 09:53:47 - msg_id_0200 ==> 7E02000042660000000002FF9800000000000C000300C64771049FAC80038A00000000260330095346010400000000140400000000150400000000160400000000170200002A020000300140310116F77E
2026-03-30 09:54:19 - msg_id_0200 ==> 7E02000042660000000002FFA300000000000C000300C64772049FAC80038A00000000260330095417010400000000140400000000150400000000160400000000170200002A02000030013D310115E77E
2026-03-30 09:54:49 - msg_id_0200 ==> 7E02000042660000000002FFAE00000000000C000300C64772049FAC80038A00000000260330095448010400000000140400000000150400000000160400000000170200002A02000030013D310116B67E
2026-03-30 09:55:20 - msg_id_0200 ==> 7E02000042660000000002FFB900000000000C000300C64773049FAC80038A00000000260330095519010400000000140400000000150400000000160400000000170200002A02000030013D310116F07E
2026-03-30 09:55:51 - msg_id_0200 ==> 7E02000042660000000002FFC400000000000C000300C64771049FAC80038A00000000260330095550010400000000140400000000150400000000160400000000170200002A02000030013D310114C47E
2026-03-30 09:56:22 - msg_id_0200 ==> 7E02000042660000000002FFCF00000000000C000300C6476F049FAC80038A00000000260330095621010400000000140400000000150400000000160400000000170200002A02000030013D310114A37E
2026-03-30 09:56:53 - msg_id_0200 ==> 7E02000042660000000002FFDA00000000000C000300C6476E049FAC80038A00000000260330095652010400000000140400000000150400000000160400000000170200002A02000030013D310113C37E
2026-03-30 09:57:24 - msg_id_0200 ==> 7E02000042660000000002FFE500000000000C000300C6476B049FAC80038A00000000260330095723010400000000140400000000150400000000160400000000170200002A02000030013D3101148E7E
2026-03-30 09:57:55 - msg_id_0200 ==> 7E02000042660000000002FFF000000000000C000300C6476B049FAC80038A00000000260330095754010400000000140400000000150400000000160400000000170200002A02000030013D310114EC7E
2026-03-30 09:58:26 - msg_id_0200 ==> 7E02000042660000000002FFFB00000000000C000300C64769049FAC78038A00000000260330095825010400000000140400000000150400000000160400000000170200002A02000030013D310114637E
2026-03-30 09:58:57 - msg_id_0200 ==> 7E02000042660000000002000600000000000C000300C64769049FAC78038A00000000260330095856010400000000140400000000150400000000160400000000170200002A02000030013D310114127E
2026-03-30 09:59:28 - msg_id_0200 ==> 7E02000042660000000002001100000000000C000300C64766049FAC78038A00000000260330095927010400000000140400000000150400000000160400000000170200002A02000030013D3101137D017E
2026-03-30 09:59:59 - msg_id_0200 ==> 7E02000042660000000002001C00000000000C000300C64768049FAC70038A00000000260330095958010400000000140400000000150400000000160400000000170200002A02000030013D3101140E7E
2026-03-30 10:00:30 - msg_id_0200 ==> 7E02000042660000000002002700000000000C000300C64768049FAC70038A00000000260330100029010400000000140400000000150400000000160400000000170200002A02000030013D310113037E
2026-03-30 10:01:01 - msg_id_0200 ==> 7E02000042660000000002003200000000000C000300C64768049FAC70038A00000000260330100100010400000000140400000000150400000000160400000000170200002A02000030013D310114397E
2026-03-30 10:01:32 - msg_id_0200 ==> 7E02000042660000000002003D00000000000C000300C64769049FAC70038A00000000260330100131010400000000140400000000150400000000160400000000170200002A02000030013D310113017E
2026-03-30 10:02:03 - msg_id_0200 ==> 7E02000042660000000002004800000000000C000300C64767049FAC70038A00000000260330100202010400000000140400000000150400000000160400000000170200002A02000030013D3101134A7E
2026-03-30 10:02:35 - msg_id_0200 ==> 7E02000042660000000002005300000000000C000300C64768049FAC78038A00000000260330100233010400000000140400000000150400000000160400000000170200002A02000030013D310112667E
2026-03-30 10:03:05 - msg_id_0200 ==> 7E02000042660000000002005E00000000000C000300C6476A049FAC78038A00000000260330100304010400000000140400000000150400000000160400000000170200002A02000030013D310114597E
2026-03-30 10:03:36 - msg_id_0200 ==> 7E02000042660000000002006900000000000C000300C6476A049FAC78038A00000000260330100335010400000000140400000000150400000000160400000000170200002A020000300143310114217E
2026-03-30 10:04:07 - msg_id_0200 ==> 7E02000042660000000002007400000000000C000300C6476B049FAC78038A00000000260330100406010400000000140400000000150400000000160400000000170200002A02000030013D310114777E
2026-03-30 10:05:09 - msg_id_0200 ==> 7E02000042660000000002008B00000000000C000300C6476C049FAC78038A00000000260330100508010400000000140400000000150400000000160400000000170200002A020000300140310115FC7E
2026-03-30 10:05:40 - msg_id_0200 ==> 7E02000042660000000002009600000000000C000300C6476D049FAC70038A00000000260330100539010400000000140400000000150400000000160400000000170200002A020000300140310115D97E
2026-03-30 10:06:11 - msg_id_0200 ==> 7E0200004266000000000200A100000000000C000300C6476D049FAC70038900000000260330100610010400000000140400000000150400000000160400000000170200002A020000300140310113C17E
2026-03-30 10:06:42 - msg_id_0200 ==> 7E0200004266000000000200AC00000000000C000300C6476B049FAC70038900000000260330100641010400000000140400000000150400000000160400000000170200002A0200003001403101159D7E
2026-03-30 10:07:13 - msg_id_0200 ==> 7E0200004266000000000200B700000000000C000300C6476B049FAC70038900000000260330100712010400000000140400000000150400000000160400000000170200002A020000300140310114D57E
2026-03-30 10:07:44 - msg_id_0200 ==> 7E0200004266000000000200C200000000000C000300C6476B049FAC70038900000000260330100743010400000000140400000000150400000000160400000000170200002A020000300140310115F07E
2026-03-30 10:08:15 - msg_id_0200 ==> 7E0200004266000000000200CD00000000000C000300C6476D049FAC70038900000000260330100814010400000000140400000000150400000000160400000000170200002A020000300140310116A27E
2026-03-30 10:08:46 - msg_id_0200 ==> 7E0200004266000000000200D800000000000C000300C6476F049FAC70038900000000260330100845010400000000140400000000150400000000160400000000170200002A020000300140310113E17E
2026-03-30 10:09:17 - msg_id_0200 ==> 7E0200004266000000000200E300000000000C000300C64770049FAC70038900000000260330100916010400000000140400000000150400000000160400000000170200002A020000300140310113977E
2026-03-30 10:09:48 - msg_id_0200 ==> 7E0200004266000000000200EE00000000000C000300C64770049FAC70038900000000260330100947010400000000140400000000150400000000160400000000170200002A020000300140310114CC7E
2026-03-30 10:10:19 - msg_id_0200 ==> 7E0200004266000000000200F900000000000C000300C6476E049FAC70038900000000260330101018010400000000140400000000150400000000160400000000170200002A020000300140310117807E
2026-03-30 10:10:50 - msg_id_0200 ==> 7E02000042660000000002010400000000000C000300C6476C049FAC70038900000000260330101049010400000000140400000000150400000000160400000000170200002A0200003001403101152D7E
2026-03-30 10:11:21 - msg_id_0200 ==> 7E02000042660000000002010F00000000000C000300C6476B049FAC78038900000000260330101120010400000000140400000000150400000000160400000000170200002A020000300140310116427E
2026-03-30 10:11:52 - msg_id_0200 ==> 7E02000042660000000002011A00000000000C000300C6476B049FAC78038900000000260330101151010400000000140400000000150400000000160400000000170200002A020000300140310116267E
2026-03-30 10:12:23 - msg_id_0200 ==> 7E02000042660000000002012500000000000C000300C6476B049FAC78038900000000260330101222010400000000140400000000150400000000160400000000170200002A02000030013D310116147E
2026-03-30 10:12:54 - msg_id_0200 ==> 7E02000042660000000002013000000000000C000300C6476B049FAC78038900000000260330101253010400000000140400000000150400000000160400000000170200002A02000030013D310115737E
2026-03-30 10:13:25 - msg_id_0200 ==> 7E02000042660000000002013B00000000000C000300C6476B049FAC78038900000000260330101324010400000000140400000000150400000000160400000000170200002A02000030013D3101140F7E
2026-03-30 10:13:56 - msg_id_0200 ==> 7E02000042660000000002014600000000000C000300C6476B049FAC78038900000000260330101355010400000000140400000000150400000000160400000000170200002A0200003001403101157F7E
2026-03-30 10:14:27 - msg_id_0200 ==> 7E02000042660000000002015100000000000C000300C64769049FAC78038900000000260330101426010400000000140400000000150400000000160400000000170200002A0200003001403101151E7E
2026-03-30 10:14:58 - msg_id_0200 ==> 7E02000042660000000002015C00000000000C000300C6476A049FAC78038900000000260330101457010400000000140400000000150400000000160400000000170200002A020000300140310116627E
2026-03-30 10:15:29 - msg_id_0200 ==> 7E02000042660000000002016700000000000C000300C6476C049FAC80038900000000260330101528010400000000140400000000150400000000160400000000170200002A020000300140310113DC7E
2026-03-30 10:16:00 - msg_id_0200 ==> 7E02000042660000000002017200000000000C000300C6476B049FAC80038900000000260330101559010400000000140400000000150400000000160400000000170200002A020000300140310114B87E
2026-03-30 10:16:31 - msg_id_0200 ==> 7E02000042660000000002017D0100000000000C000300C64769049FAC80038900000000260330101630010400000000140400000000150400000000160400000000170200002A02000030013D310116A07E
2026-03-30 10:17:02 - msg_id_0200 ==> 7E02000042660000000002018900000000000C000300C64768049FAC80038A00000000260330101701010400000000140400000000150400000000160400000000170200002A02000030013D310116667E
2026-03-30 10:17:33 - msg_id_0200 ==> 7E02000042660000000002019400000000000C000300C64769049FAC80038A00000000260330101732010400000000140400000000150400000000160400000000170200002A020000300140310115377E
2026-03-30 10:18:04 - msg_id_0200 ==> 7E02000042660000000002019F00000000000C000300C64769049FAC78038A00000000260330101803010400000000140400000000150400000000160400000000170200002A020000300140310114FB7E
2026-03-30 10:18:36 - msg_id_0200 ==> 7E0200004266000000000201AA00000000000C000300C64768049FAC78038A00000000260330101834010400000000140400000000150400000000160400000000170200002A020000300140310115F97E
2026-03-30 10:19:06 - msg_id_0200 ==> 7E0200004266000000000201B500000000000C000300C64767049FAC80038A00000000260330101905010400000000140400000000150400000000160400000000170200002A020000300140310115217E
2026-03-30 10:19:37 - msg_id_0200 ==> 7E0200004266000000000201C000000000000C000300C64767049FAC80038A00000000260330101936010400000000140400000000150400000000160400000000170200002A020000300140310113617E
2026-03-30 10:20:08 - msg_id_0200 ==> 7E0200004266000000000201CB00000000000C000300C64767049FAC80038A00000000260330102007010400000000140400000000150400000000160400000000170200002A020000300140310115647E
2026-03-30 10:20:39 - msg_id_0200 ==> 7E0200004266000000000201D600000000000C000300C64765049FAC80038A00000000260330102038010400000000140400000000150400000000160400000000170200002A02000030013D310115397E
2026-03-30 10:21:10 - msg_id_0200 ==> 7E0200004266000000000201E100000000000C000300C64764049FAC80038A00000000260330102109010400000000140400000000150400000000160400000000170200002A02000030013D3101143E7E
2026-03-30 10:21:41 - msg_id_0200 ==> 7E0200004266000000000201EC00000000000C000300C64762049FAC80038A00000000260330102140010400000000140400000000150400000000160400000000170200002A02000030013D3101147C7E
2026-03-30 10:22:12 - msg_id_0200 ==> 7E0200004266000000000201F700000000000C000300C64763049FAC80038A00000000260330102211010400000000140400000000150400000000160400000000170200002A02000030013D310115357E
2026-03-30 10:22:43 - msg_id_0200 ==> 7E02000042660000000002020200000000000C000300C64765049FAC78038A00000000260330102242010400000000140400000000150400000000160400000000170200002A02000030013D3101146F7E
2026-03-30 10:23:14 - msg_id_0200 ==> 7E02000042660000000002020D00000000000C000300C6476A049FAC78038A00000000260330102313010400000000140400000000150400000000160400000000170200002A02000030013D310113387E
2026-03-30 10:23:45 - msg_id_0200 ==> 7E02000042660000000002021800000000000C000300C6476C049FAC78038A00000000260330102344010400000000140400000000150400000000160400000000170200002A02000030013D3101127D017E
2026-03-30 10:24:16 - msg_id_0200 ==> 7E02000042660000000002022300000000000C000300C6476F049FAC78038A00000000260330102415010400000000140400000000150400000000160400000000170200002A02000030013D310113127E
2026-03-30 10:24:47 - msg_id_0200 ==> 7E02000042660000000002022E00000000000C000300C64771049FAC78038A00000000260330102446010400000000140400000000150400000000160400000000170200002A02000030013D310113527E
2026-03-30 10:25:18 - msg_id_0200 ==> 7E02000042660000000002023900000000000C000300C64773049FAC78038A00000000260330102517010400000000140400000000150400000000160400000000170200002A0200003001403101146D7E
2026-03-30 10:25:49 - msg_id_0200 ==> 7E02000042660000000002024400000000000C000300C64773049FAC78038A00000000260330102548010400000000140400000000150400000000160400000000170200002A0200003001403101144F7E
2026-03-30 10:26:20 - msg_id_0200 ==> 7E02000042660000000002024F00000000000C000300C64775049FAC78038A00000000260330102619010400000000140400000000150400000000160400000000170200002A020000300140310114107E
2026-03-30 10:26:51 - msg_id_0200 ==> 7E02000042660000000002025A00000000000C000300C64775049FAC78038A00000000260330102650010400000000140400000000150400000000160400000000170200002A0200003001403101134B7E
2026-03-30 10:27:22 - msg_id_0200 ==> 7E02000042660000000002026500000000000C000300C64773049FAC80038A00000000260330102721010400000000140400000000150400000000160400000000170200002A020000300140310111F87E
2026-03-30 10:27:53 - msg_id_0200 ==> 7E02000042660000000002027000000000000C000300C64773049FAC80038A00000000260330102752010400000000140400000000150400000000160400000000170200002A0200003001403101139C7E
2026-03-30 10:28:24 - msg_id_0200 ==> 7E02000042660000000002027B00000000000C000300C64775049FAC80038A00000000260330102823010400000000140400000000150400000000160400000000170200002A02000030013D310111907E
2026-03-30 10:28:55 - msg_id_0200 ==> 7E02000042660000000002028700000000000C000300C64774049FAC80038A00000000260330102854010400000000140400000000150400000000160400000000170200002A02000030013D3101141F7E
2026-03-30 10:29:26 - msg_id_0200 ==> 7E02000042660000000002029200000000000C000300C64775049FAC80038A00000000260330102925010400000000140400000000150400000000160400000000170200002A02000030013D3101147B7E
2026-03-30 10:29:57 - msg_id_0200 ==> 7E02000042660000000002029D00000000000C000300C64775049FAC80038A00000000260330102956010400000000140400000000150400000000160400000000170200002A02000030013D310113007E
2026-03-30 10:30:28 - msg_id_0200 ==> 7E0200004266000000000202A800000000000C000300C64776049FAC80038A00000000260330103027010400000000140400000000150400000000160400000000170200002A02000030013D310114597E
2026-03-30 10:30:59 - msg_id_0200 ==> 7E0200004266000000000202B300000000000C000300C64775049FAC80038A00000000260330103058010400000000140400000000150400000000160400000000170200002A02000030013D3101143E7E
2026-03-30 10:31:30 - msg_id_0200 ==> 7E0200004266000000000202BE00000000000C000300C64774049FAC80038A00000000260330103129010400000000140400000000150400000000160400000000170200002A0200003001403101153E7E
2026-03-30 10:32:01 - msg_id_0200 ==> 7E0200004266000000000202C900000000000C000300C64776049FAC80038A00000000260330103200010400000000140400000000150400000000160400000000170200002A020000300140310114607E
2026-03-30 10:32:32 - msg_id_0200 ==> 7E0200004266000000000202D400000000000C000300C64778049FAC80038A00000000260330103231010400000000140400000000150400000000160400000000170200002A020000300140310114427E
2026-03-30 10:33:03 - msg_id_0200 ==> 7E0200004266000000000202DF00000000000C000300C6477A049FAC80038A00000000260330103302010400000000140400000000150400000000160400000000170200002A02000030013D310114047E
2026-03-30 10:33:34 - msg_id_0200 ==> 7E0200004266000000000202EA00000000000C000300C6477B049FAC80038A00000000260330103333010400000000140400000000150400000000160400000000170200002A02000030013D310114017E
2026-03-30 10:34:05 - msg_id_0200 ==> 7E0200004266000000000202F500000000000C000300C6477C049FAC80038A00000000260330103404010400000000140400000000150400000000160400000000170200002A020000300140310115557E
2026-03-30 10:34:36 - msg_id_0200 ==> 7E02000042660000000002030000000000000C000300C6477F049FAC80038A00000000260330103435010400000000140400000000150400000000160400000000170200002A020000300140310114927E
2026-03-30 10:35:07 - msg_id_0200 ==> 7E02000042660000000002030B00000000000C000300C64780049FAC80038A00000000260330103506010400000000140400000000150400000000160400000000170200002A020000300140310115557E
2026-03-30 10:35:38 - msg_id_0200 ==> 7E02000042660000000002031600000000000C000300C64780049FAC78038A00000000260330103537010400000000140400000000150400000000160400000000170200002A020000300140310113877E
2026-03-30 10:36:09 - msg_id_0200 ==> 7E02000042660000000002032100000000000C000300C64782049FAC78038A00000000260330103608010400000000140400000000150400000000160400000000170200002A02000030013D310114F47E
2026-03-30 10:36:40 - msg_id_0200 ==> 7E02000042660000000002032C00000000000C000300C64784049FAC78038A00000000260330103639010400000000140400000000150400000000160400000000170200002A020000300140310114B37E
2026-03-30 10:37:11 - msg_id_0200 ==> 7E02000042660000000002033700000000000C000300C64786049FAC78038A00000000260330103710010400000000140400000000150400000000160400000000170200002A020000300140310114827E
2026-03-30 10:37:42 - msg_id_0200 ==> 7E02000042660000000002034200000000000C000300C64787049FAC70038A00000000260330103741010400000000140400000000150400000000160400000000170200002A020000300140310115AE7E
2026-03-30 10:38:13 - msg_id_0200 ==> 7E02000042660000000002034D00000000000C000300C64787049FAC70038900000000260330103812010400000000140400000000150400000000160400000000170200002A02000030013D310116807E
2026-03-30 10:38:44 - msg_id_0200 ==> 7E02000042660000000002035800000000000C000300C64788049FAC70038900000000260330103843010400000000140400000000150400000000160400000000170200002A020000300140310114B47E
2026-03-30 10:39:15 - msg_id_0200 ==> 7E02000042660000000002036300000000000C000300C6478B049FAC68038900000000260330103914010400000000140400000000150400000000160400000000170200002A02000030013D310115BE7E
2026-03-30 10:39:46 - msg_id_0200 ==> 7E02000042660000000002036E00000000000C000300C6478B049FAC70038900000000260330103945010400000000140400000000150400000000160400000000170200002A020000300140310113817E
2026-03-30 10:40:17 - msg_id_0200 ==> 7E02000042660000000002037900000000000C000300C6478A049FAC68038900000000260330104016010400000000140400000000150400000000160400000000170200002A020000300140310112A47E
2026-03-30 10:40:48 - msg_id_0200 ==> 7E02000042660000000002038600000000000C000300C6478C049FAC70038900000000260330104047010400000000140400000000150400000000160400000000170200002A020000300140310115137E
2026-03-30 10:41:19 - msg_id_0200 ==> 7E02000042660000000002039100000000000C000300C64788049FAC70038900000000260330104118010400000000140400000000150400000000160400000000170200002A0200003001403101145F7E
2026-03-30 10:41:50 - msg_id_0200 ==> 7E02000042660000000002039C00000000000C000300C64783049FAC70038900000000260330104149010400000000140400000000150400000000160400000000170200002A0200003001403101120E7E
2026-03-30 10:42:21 - msg_id_0200 ==> 7E0200004266000000000203A700000000000C000300C64784049FAC70038900000000260330104220010400000000140400000000150400000000160400000000170200002A020000300140310113597E
2026-03-30 10:42:52 - msg_id_0200 ==> 7E0200004266000000000203B200000000000C000300C64782049FAC70038900000000260330104251010400000000140400000000150400000000160400000000170200002A02000030013D310112477E
2026-03-30 10:43:23 - msg_id_0200 ==> 7E0200004266000000000203BD00000000000C000300C64783049FAC70038900000000260330104322010400000000140400000000150400000000160400000000170200002A020000300140310112467E
2026-03-30 10:43:54 - msg_id_0200 ==> 7E0200004266000000000203C800000000000C000300C64782049FAC68038900000000260330104353010400000000140400000000150400000000160400000000170200002A0200003001403101135A7E
2026-03-30 10:44:25 - msg_id_0200 ==> 7E0200004266000000000203D300000000000C000300C64782049FAC68038900000000260330104424010400000000140400000000150400000000160400000000170200002A020000300140310113317E
2026-03-30 10:44:56 - msg_id_0200 ==> 7E0200004266000000000203DE00000000000C000300C64782049FAC68038900000000260330104455010400000000140400000000150400000000160400000000170200002A02000030013D310113307E
2026-03-30 10:45:27 - msg_id_0200 ==> 7E0200004266000000000203E900000000000C000300C64782049FAC60038900000000260330104526010400000000140400000000150400000000160400000000170200002A020000300140310114077E
2026-03-30 10:45:58 - msg_id_0200 ==> 7E0200004266000000000203F400000000000C000300C64781049FAC60038900000000260330104557010400000000140400000000150400000000160400000000170200002A020000300140310114687E
2026-03-30 10:46:29 - msg_id_0200 ==> 7E0200004266000000000203FF00000000000C000300C64780049FAC60038900000000260330104628010400000000140400000000150400000000160400000000170200002A02000030013D310114637E
2026-03-30 10:47:00 - msg_id_0200 ==> 7E02000042660000000002040A00000000000C000300C64781049FAC60038900000000260330104659010400000000140400000000150400000000160400000000170200002A02000030013D310113E67E
2026-03-30 10:47:31 - msg_id_0200 ==> 7E02000042660000000002041500000000000C000300C64781049FAC60038900000000260330104730010400000000140400000000150400000000160400000000170200002A02000030013D310113917E
2026-03-30 10:48:02 - msg_id_0200 ==> 7E02000042660000000002042000000000000C000300C64781049FAC60038900000000260330104801010400000000140400000000150400000000160400000000170200002A02000030013D3101139A7E
2026-03-30 10:48:33 - msg_id_0200 ==> 7E02000042660000000002042B00000000000C000300C64782049FAC60038900000000260330104832010400000000140400000000150400000000160400000000170200002A02000030013D310115A77E
2026-03-30 10:49:04 - msg_id_0200 ==> 7E02000042660000000002043600000000000C000300C64784049FAC60038900000000260330104903010400000000140400000000150400000000160400000000170200002A02000030013D3101168F7E
2026-03-30 10:49:35 - msg_id_0200 ==> 7E02000042660000000002044100000000000C000300C64781049FAC60038900000000260330104934010400000000140400000000150400000000160400000000170200002A02000030013D310116CA7E
2026-03-30 10:50:06 - msg_id_0200 ==> 7E02000042660000000002044C00000000000C000300C6477F049FAC58038900000000260330105005010400000000140400000000150400000000160400000000170200002A02000030013D310116297E
2026-03-30 10:50:37 - msg_id_0200 ==> 7E02000042660000000002045700000000000C000300C6477F049FAC58038900000000260330105036010400000000140400000000150400000000160400000000170200002A0200003001403101167C7E
2026-03-30 10:51:08 - msg_id_0200 ==> 7E02000042660000000002046200000000000C000300C6477D02049FAC58038900000000260330105107010400000000140400000000150400000000160400000000170200002A0200003001403101157B7E
2026-03-30 10:51:39 - msg_id_0200 ==> 7E02000042660000000002046D00000000000C000300C6477C049FAC58038900000000260330105138010400000000140400000000150400000000160400000000170200002A020000300140310114487E
2026-03-30 10:52:10 - msg_id_0200 ==> 7E02000042660000000002047800000000000C000300C64777049FAC58038900000000260330105209010400000000140400000000150400000000160400000000170200002A020000300143310116657E
2026-03-30 10:52:28 - msg_id_0200 ==> 7E02000042660000000002047F00000100000C000300C64775049FAC60038900000000260330105227010400000000140400000000150400000000160400000000170200002A020000300140310115777E
2026-03-30 10:52:41 - msg_id_0200 ==> 7E02000042660000000002048400000000000C000300C64774049FAC60038900000000260330105240010400000000140400000000150400000000160400000000170200002A020000300143310116EB7E
2026-03-30 10:53:12 - msg_id_0200 ==> 7E02000042660000000002048F00000000000C000300C64770049FAC60038800000000260330105311010400000000140400000000150400000000160400000000170200002A020000300140310113B37E
2026-03-30 10:53:43 - msg_id_0200 ==> 7E02000042660000000002049A00000000000C000300C6476E049FAC60038800000000260330105342010400000000140400000000150400000000160400000000170200002A020000300140310116EE7E
2026-03-30 10:54:14 - msg_id_0200 ==> 7E0200004266000000000204A500000000000C000300C6476D049FAC60038800000000260330105413010400000000140400000000150400000000160400000000170200002A020000300140310115877E
2026-03-30 10:54:45 - msg_id_0200 ==> 7E0200004266000000000204B000000000000C000300C6476D049FAC68038800000000260330105444010400000000140400000000150400000000160400000000170200002A020000300140310116CE7E
2026-03-30 10:55:16 - msg_id_0200 ==> 7E0200004266000000000204BB00000000000C000300C6476B049FAC68038800000000260330105515010400000000140400000000150400000000160400000000170200002A020000300140310114917E
2026-03-30 10:55:47 - msg_id_0200 ==> 7E0200004266000000000204C600000000000C000300C64768049FAC68038800000000260330105546010400000000140400000000150400000000160400000000170200002A020000300140310115BD7E
2026-03-30 10:56:18 - msg_id_0200 ==> 7E0200004266000000000204D100000000000C000300C64765049FAC68038800000000260330105617010400000000140400000000150400000000160400000000170200002A020000300140310116F67E
2026-03-30 10:56:49 - msg_id_0200 ==> 7E0200004266000000000204DC00000000000C000300C64763049FAC70038800000000260330105648010400000000140400000000150400000000160400000000170200002A02000030013D310114C57E
2026-03-30 10:57:20 - msg_id_0200 ==> 7E0200004266000000000204E700000000000C000300C64766049FAC70038800000000260330105719010400000000140400000000150400000000160400000000170200002A02000030013D310113AC7E
2026-03-30 10:57:51 - msg_id_0200 ==> 7E0200004266000000000204F200000000000C000300C64766049FAC78038800000000260330105750010400000000140400000000150400000000160400000000170200002A02000030013D310113F87E
2026-03-30 10:58:22 - msg_id_0200 ==> 7E0200004266000000000204FD00000000000C000300C64766049FAC78038800000000260330105821010400000000140400000000150400000000160400000000170200002A02000030013D3101158F7E
2026-03-30 10:58:53 - msg_id_0200 ==> 7E02000042660000000002050800000000000C000300C64764049FAC78038800000000260330105852010400000000140400000000150400000000160400000000170200002A02000030013D310116097E
2026-03-30 10:59:24 - msg_id_0200 ==> 7E02000042660000000002051300000000000C000300C64762049FAC78038800000000260330105923010400000000140400000000150400000000160400000000170200002A02000030013D310114667E
2026-03-30 10:59:55 - msg_id_0200 ==> 7E02000042660000000002051E00000000000C000300C6475E049FAC78038800000000260330105954010400000000140400000000150400000000160400000000170200002A0200003001403101155C7E
2026-03-30 11:00:26 - msg_id_0200 ==> 7E02000042660000000002052900000000000C000300C6475C049FAC78038800000000260330110025010400000000140400000000150400000000160400000000170200002A020000300140310115407E
2026-03-30 11:00:57 - msg_id_0200 ==> 7E02000042660000000002053400000000000C000300C64759049FAC80038800000000260330110056010400000000140400000000150400000000160400000000170200002A020000300140310116D07E
2026-03-30 11:01:28 - msg_id_0200 ==> 7E02000042660000000002053F00000000000C000300C64758049FAC78038800000000260330110127010400000000140400000000150400000000160400000000170200002A020000300140310116527E
2026-03-30 11:01:59 - msg_id_0200 ==> 7E02000042660000000002054A00000000000C000300C64758049FAC78038800000000260330110158010400000000140400000000150400000000160400000000170200002A020000300140310116587E
2026-03-30 11:02:30 - msg_id_0200 ==> 7E02000042660000000002055500000000000C000300C64757049FAC80038800000000260330110229010400000000140400000000150400000000160400000000170200002A020000300140310116C27E
2026-03-30 11:03:02 - msg_id_0200 ==> 7E02000042660000000002056000000000000C000300C64756049FAC80038800000000260330110300010400000000140400000000150400000000160400000000170200002A020000300140310115DD7E
2026-03-30 11:03:32 - msg_id_0200 ==> 7E02000042660000000002056B00000000000C000300C64755049FAC78038800000000260330110331010400000000140400000000150400000000160400000000170200002A0200003001403101141D7E
2026-03-30 11:04:03 - msg_id_0200 ==> 7E02000042660000000002057600000000000C000300C64756049FAC78038800000000260330110402010400000000140400000000150400000000160400000000170200002A020000300140310115367E
2026-03-30 11:04:34 - msg_id_0200 ==> 7E02000042660000000002058300000000000C000300C64756049FAC78038800000000260330110433010400000000140400000000150400000000160400000000170200002A020000300140310116F17E
2026-03-30 11:05:05 - msg_id_0200 ==> 7E02000042660000000002058E00000000000C000300C64753049FAC80038800000000260330110504010400000000140400000000150400000000160400000000170200002A020000300140310115347E
2026-03-30 11:05:36 - msg_id_0200 ==> 7E02000042660000000002059900000000000C000300C64753049FAC80038800000000260330110535010400000000140400000000150400000000160400000000170200002A020000300140310115127E
2026-03-30 11:06:07 - msg_id_0200 ==> 7E0200004266000000000205A400000000000C000300C6474F049FAC78038800000000260330110606010400000000140400000000150400000000160400000000170200002A020000300140310114FA7E
2026-03-30 11:06:38 - msg_id_0200 ==> 7E0200004266000000000205AF00000000000C000300C6474C049FAC80038800000000260330110637010400000000140400000000150400000000160400000000170200002A020000300140310116397E
2026-03-30 11:07:09 - msg_id_0200 ==> 7E0200004266000000000205BA00000000000C000300C6474E049FAC80038800000000260330110708010400000000140400000000150400000000160400000000170200002A02000030013D3101176C7E
2026-03-30 11:07:40 - msg_id_0200 ==> 7E0200004266000000000205C500000000000C000300C64750049FAC80038800000000260330110739010400000000140400000000150400000000160400000000170200002A02000030013D3101163D7E
2026-03-30 11:08:11 - msg_id_0200 ==> 7E0200004266000000000205D000000000000C000300C64751049FAC78038800000000260330110810010400000000140400000000150400000000160400000000170200002A02000030013D310116F77E
2026-03-30 11:08:42 - msg_id_0200 ==> 7E0200004266000000000205DB00000000000C000300C64751049FAC78038800000000260330110841010400000000140400000000150400000000160400000000170200002A02000030013D310115AE7E
2026-03-30 11:09:13 - msg_id_0200 ==> 7E0200004266000000000205E600000000000C000300C64752049FAC78038800000000260330110912010400000000140400000000150400000000160400000000170200002A02000030013D310115C27E
2026-03-30 11:09:44 - msg_id_0200 ==> 7E0200004266000000000205F100000000000C000300C64751049FAC78038800000000260330110943010400000000140400000000150400000000160400000000170200002A02000030013D310116847E
2026-03-30 11:10:15 - msg_id_0200 ==> 7E0200004266000000000205FC00000000000C000300C64755049FAC78038800000000260330111014010400000000140400000000150400000000160400000000170200002A02000030013D310115C07E
2026-03-30 11:10:46 - msg_id_0200 ==> 7E02000042660000000002060700000000000C000300C64756049FAC80038800000000260330111045010400000000140400000000150400000000160400000000170200002A02000030013D310115927E
2026-03-30 11:11:17 - msg_id_0200 ==> 7E02000042660000000002061200000000000C000300C64756049FAC80038800000000260330111116010400000000140400000000150400000000160400000000170200002A020000300140310114A97E
2026-03-30 11:11:48 - msg_id_0200 ==> 7E02000042660000000002061D00000000000C000300C64759049FAC80038800000000260330111147010400000000140400000000150400000000160400000000170200002A020000300140310114F87E
2026-03-30 11:12:19 - msg_id_0200 ==> 7E02000042660000000002062800000000000C000300C6475B049FAC80038800000000260330111218010400000000140400000000150400000000160400000000170200002A02000030013D310116EC7E
2026-03-30 11:12:50 - msg_id_0200 ==> 7E02000042660000000002063300000000000C000300C6475C049FAC80038800000000260330111249010400000000140400000000150400000000160400000000170200002A02000030013D310117A07E
2026-03-30 11:13:21 - msg_id_0200 ==> 7E02000042660000000002063E00000000000C000300C6475C049FAC80038800000000260330111320010400000000140400000000150400000000160400000000170200002A02000030013D310117C57E
2026-03-30 11:13:52 - msg_id_0200 ==> 7E02000042660000000002064900000000000C000300C6475A049FAC88038800000000260330111351010400000000140400000000150400000000160400000000170200002A02000030013D310116CC7E
2026-03-30 11:14:23 - msg_id_0200 ==> 7E02000042660000000002065400000000000C000300C6475A049FAC88038800000000260330111422010400000000140400000000150400000000160400000000170200002A02000030013D310116A57E
2026-03-30 11:14:54 - msg_id_0200 ==> 7E02000042660000000002065F00000000000C000300C6475C049FAC88038800000000260330111453010400000000140400000000150400000000160400000000170200002A02000030013D310116D97E
2026-03-30 11:15:25 - msg_id_0200 ==> 7E02000042660000000002066A00000000000C000300C6475D049FAC90038800000000260330111524010400000000140400000000150400000000160400000000170200002A02000030013D310115807E
2026-03-30 11:15:56 - msg_id_0200 ==> 7E02000042660000000002067500000000000C000300C6475D049FAC90038800000000260330111555010400000000140400000000150400000000160400000000170200002A02000030013D310115EE7E
2026-03-30 11:16:24 - msg_id_0200 ==> 7E02000042660000000002067F00000100000C000300C6475E049FAC90038800000000260330111623010400000000140400000000150400000000160400000000170200002A02000030013D310116907E
2026-03-30 11:16:29 - msg_id_0200 ==> 7E02000042660000000002068200000000000C000300C6475E049FAC88038800000000260330111628010400000000140400000000150400000000160400000000170200002A02000030013D3101167F7E
2026-03-30 11:17:00 - msg_id_0200 ==> 7E02000042660000000002068D00000000000C000300C6475D049FAC90038800000000260330111659010400000000140400000000150400000000160400000000170200002A02000030013D310115197E
2026-03-30 11:17:31 - msg_id_0200 ==> 7E02000042660000000002069800000000000C000300C6475D049FAC90038800000000260330111730010400000000140400000000150400000000160400000000170200002A02000030013D310117667E
2026-03-30 11:18:02 - msg_id_0200 ==> 7E0200004266000000000206A300000000000C000300C64760049FAC90038800000000260330111801010400000000140400000000150400000000160400000000170200002A02000030013D3101145D7E
2026-03-30 11:18:33 - msg_id_0200 ==> 7E0200004266000000000206AE00000000000C000300C64762049FAC90038800000000260330111832010400000000140400000000150400000000160400000000170200002A02000030013D310115607E
2026-03-30 11:19:04 - msg_id_0200 ==> 7E0200004266000000000206B900000000000C000300C64763049FAC90038700000000260330111903010400000000140400000000150400000000160400000000170200002A02000030013D3101164A7E
2026-03-30 11:19:35 - msg_id_0200 ==> 7E0200004266000000000206C400000000000C000300C64762049FAC90038700000000260330111934010400000000140400000000150400000000160400000000170200002A02000030013D310116017E
2026-03-30 11:20:06 - msg_id_0200 ==> 7E0200004266000000000206CF00000000000C000300C64761049FAC90038700000000260330112005010400000000140400000000150400000000160400000000170200002A02000030013D310115027E
2026-03-30 11:20:37 - msg_id_0200 ==> 7E0200004266000000000206DA00000000000C000300C64761049FAC90038700000000260330112036010400000000140400000000150400000000160400000000170200002A02000030013D310116277E
2026-03-30 11:21:08 - msg_id_0200 ==> 7E0200004266000000000206E500000000000C000300C64760049FAC98038700000000260330112107010400000000140400000000150400000000160400000000170200002A0200003001403101155F7E
2026-03-30 11:21:39 - msg_id_0200 ==> 7E0200004266000000000206F000000000000C000300C64761049FAC98038700000000260330112138010400000000140400000000150400000000160400000000170200002A020000300140310116777E
2026-03-30 11:22:10 - msg_id_0200 ==> 7E0200004266000000000206FB00000000000C000300C64760049FAC98038700000000260330112209010400000000140400000000150400000000160400000000170200002A0200003001403101144D7E
2026-03-30 11:22:41 - msg_id_0200 ==> 7E02000042660000000002070600000000000C000300C6475F049FAC98038700000000260330112240010400000000140400000000150400000000160400000000170200002A020000300140310114C77E
2026-03-30 11:23:12 - msg_id_0200 ==> 7E02000042660000000002071100000000000C000300C6475E049FAC98038700000000260330112311010400000000140400000000150400000000160400000000170200002A020000300140310114817E
2026-03-30 11:23:43 - msg_id_0200 ==> 7E02000042660000000002071C00000000000C000300C6475F049FAC98038700000000260330112342010400000000140400000000150400000000160400000000170200002A02000030013D310115A27E
2026-03-30 11:24:14 - msg_id_0200 ==> 7E02000042660000000002072700000000000C000300C64761049FAC98038700000000260330112413010400000000140400000000150400000000160400000000170200002A02000030013D310116F27E
2026-03-30 11:24:45 - msg_id_0200 ==> 7E02000042660000000002073200000000000C000300C64762049FAC98038700000000260330112444010400000000140400000000150400000000160400000000170200002A02000030013D310115B07E
2026-03-30 11:25:16 - msg_id_0200 ==> 7E02000042660000000002073D00000000000C000300C64762049FAC98038700000000260330112515010400000000140400000000150400000000160400000000170200002A020000300143310113977E
2026-03-30 11:25:47 - msg_id_0200 ==> 7E02000042660000000002074800000000000C000300C64765049FAC98038700000000260330112546010400000000140400000000150400000000160400000000170200002A02000030013D310117CC7E
2026-03-30 11:26:18 - msg_id_0200 ==> 7E02000042660000000002075300000000000C000300C64768049FAC90038700000000260330112617010400000000140400000000150400000000160400000000170200002A020000300143310115FC7E
2026-03-30 11:26:49 - msg_id_0200 ==> 7E02000042660000000002075E00000000000C000300C64767049FAC90038700000000260330112648010400000000140400000000150400000000160400000000170200002A020000300143310118AC7E
2026-03-30 11:27:20 - msg_id_0200 ==> 7E02000042660000000002076900000000000C000300C64766049FAC90038700000000260330112719010400000000140400000000150400000000160400000000170200002A02000030013D310116BA7E
2026-03-30 11:27:51 - msg_id_0200 ==> 7E02000042660000000002077400000000000C000300C64768049FAC90038700000000260330112750010400000000140400000000150400000000160400000000170200002A02000030013D310117E17E
2026-03-30 11:28:21 - msg_id_0200 ==> 7E02000042660000000002077F00000100000C000300C6476B049FAC88038700000000260330112820010400000000140400000000150400000000160400000000170200002A02000030013D3101178F7E
2026-03-30 11:28:26 - msg_id_0200 ==> 7E02000042660000000002078200000000000C000300C6476B049FAC88038700000000260330112825010400000000140400000000150400000000160400000000170200002A02000030013D310117767E
2026-03-30 11:28:57 - msg_id_0200 ==> 7E02000042660000000002078D00000000000C000300C6476B049FAC88038700000000260330112856010400000000140400000000150400000000160400000000170200002A02000030013D3101170A7E
2026-03-30 11:29:28 - msg_id_0200 ==> 7E02000042660000000002079800000000000C000300C6476B049FAC88038700000000260330112927010400000000140400000000150400000000160400000000170200002A02000030013D3101166E7E
2026-03-30 11:29:59 - msg_id_0200 ==> 7E0200004266000000000207A300000000000C000300C6476B049FAC88038700000000260330112958010400000000140400000000150400000000160400000000170200002A02000030013D3101172B7E
2026-03-30 11:30:30 - msg_id_0200 ==> 7E0200004266000000000207AE00000000000C000300C6476C049FAC88038700000000260330113029010400000000140400000000150400000000160400000000170200002A02000030013D310118467E
2026-03-30 11:31:01 - msg_id_0200 ==> 7E0200004266000000000207B900000000000C000300C6476D049FAC88038700000000260330113100010400000000140400000000150400000000160400000000170200002A02000030013D310118787E
2026-03-30 11:31:32 - msg_id_0200 ==> 7E0200004266000000000207C400000000000C000300C6476D049FAC88038700000000260330113131010400000000140400000000150400000000160400000000170200002A02000030013D3101173B7E
2026-03-30 11:32:03 - msg_id_0200 ==> 7E0200004266000000000207CF00000000000C000300C6476B049FAC88038700000000260330113202010400000000140400000000150400000000160400000000170200002A02000030013D310117067E
2026-03-30 11:32:34 - msg_id_0200 ==> 7E0200004266000000000207DA00000000000C000300C6476B049FAC90038700000000260330113233010400000000140400000000150400000000160400000000170200002A02000030013D310119347E
2026-03-30 11:33:05 - msg_id_0200 ==> 7E0200004266000000000207E500000000000C000300C6476B049FAC90038600000000260330113304010400000000140400000000150400000000160400000000170200002A02000030013D3101183D7E
2026-03-30 11:33:36 - msg_id_0200 ==> 7E0200004266000000000207F000000000000C000300C64768049FAC90038600000000260330113335010400000000140400000000150400000000160400000000170200002A020000300143310118647E
2026-03-30 11:34:07 - msg_id_0200 ==> 7E0200004266000000000207FB00000000000C000300C64767049FAC90038600000000260330113406010400000000140400000000150400000000160400000000170200002A02000030013D3101182A7E
2026-03-30 11:34:38 - msg_id_0200 ==> 7E02000042660000000002080600000000000C000300C64766049FAC90038600000000260330113437010400000000140400000000150400000000160400000000170200002A02000030013D310117E77E
2026-03-30 11:35:09 - msg_id_0200 ==> 7E02000042660000000002081100000000000C000300C64767049FAC90038600000000260330113508010400000000140400000000150400000000160400000000170200002A02000030013D310119C17E
2026-03-30 11:35:40 - msg_id_0200 ==> 7E02000042660000000002081C00000000000C000300C64767049FAC90038600000000260330113539010400000000140400000000150400000000160400000000170200002A020000300143310118827E
2026-03-30 11:36:11 - msg_id_0200 ==> 7E02000042660000000002082700000000000C000300C64767049FAC90038600000000260330113610010400000000140400000000150400000000160400000000170200002A0200003001433101179C7E
2026-03-30 11:36:47 - msg_id_0200 ==> 7E02000042660000000002083200000000000C000300C64764049FAC90038600000000260330113641010400000000140400000000150400000000160400000000170200002A020000300143310117DB7E
2026-03-30 11:37:13 - msg_id_0200 ==> 7E02000042660000000002083D00000000000C000300C64761049FAC90038600000000260330113712010400000000140400000000150400000000160400000000170200002A02000030014D3101178D7E
2026-03-30 11:37:44 - msg_id_0200 ==> 7E02000042660000000002084800000000000C000300C64762049FAC90038600000000260330113743010400000000140400000000150400000000160400000000170200002A02000030014D310118A57E
2026-03-30 11:38:15 - msg_id_0200 ==> 7E02000042660000000002085300000000000C000300C64764049FAC90038600000000260330113814010400000000140400000000150400000000160400000000170200002A02000030014D310118E07E
2026-03-30 11:38:46 - msg_id_0200 ==> 7E02000042660000000002085E00000000000C000300C64760049FAC90038600000000260330113845010400000000140400000000150400000000160400000000170200002A02000030014D310116B67E
2026-03-30 11:39:17 - msg_id_0200 ==> 7E02000042660000000002086900000000000C000300C6475D049FAC90038600000000260330113916010400000000140400000000150400000000160400000000170200002A02000030014A310118E77E
2026-03-30 11:39:48 - msg_id_0200 ==> 7E02000042660000000002087400000000000C000300C6475A049FAC90038600000000260330113947010400000000140400000000150400000000160400000000170200002A02000030014A310118AC7E
2026-03-30 11:40:19 - msg_id_0200 ==> 7E02000042660000000002087F00000100000C000300C6475C049FAC90038600000000260330114018010400000000140400000000150400000000160400000000170200002A02000030014A310119877E
2026-03-30 11:40:24 - msg_id_0200 ==> 7E02000042660000000002088200000000000C000300C6475C049FAC90038600000000260330114023010400000000140400000000150400000000160400000000170200002A02000030014A310119407E
2026-03-30 11:40:55 - msg_id_0200 ==> 7E02000042660000000002088D00000000000C000300C6475B049FAC90038600000000260330114054010400000000140400000000150400000000160400000000170200002A02000030014A3101193F7E
2026-03-30 11:41:26 - msg_id_0200 ==> 7E02000042660000000002089800000000000C000300C6475B049FAC90038600000000260330114125010400000000140400000000150400000000160400000000170200002A02000030014A310116557E
2026-03-30 11:41:57 - msg_id_0200 ==> 7E0200004266000000000208A300000000000C000300C6475C049FAC90038600000000260330114156010400000000140400000000150400000000160400000000170200002A02000030014A3101161A7E
2026-03-30 11:42:28 - msg_id_0200 ==> 7E0200004266000000000208AE00000000000C000300C6475C049FAC90038600000000260330114227010400000000140400000000150400000000160400000000170200002A02000030014A310116657E
2026-03-30 11:42:59 - msg_id_0200 ==> 7E0200004266000000000208B900000000000C000300C6475D049FAC90038600000000260330114258010400000000140400000000150400000000160400000000170200002A02000030014A3101150F7E
2026-03-30 11:43:30 - msg_id_0200 ==> 7E0200004266000000000208C400000000000C000300C6475F049FAC90038600000000260330114329010400000000140400000000150400000000160400000000170200002A02000030014A310115007E
2026-03-30 11:44:01 - msg_id_0200 ==> 7E0200004266000000000208CF00000000000C000300C64760049FAC90038600000000260330114400010400000000140400000000150400000000160400000000170200002A02000030014A3101151A7E
2026-03-30 11:44:32 - msg_id_0200 ==> 7E0200004266000000000208DA00000000000C000300C64760049FAC90038600000000260330114431010400000000140400000000150400000000160400000000170200002A02000030014A3101153E7E
2026-03-30 11:45:03 - msg_id_0200 ==> 7E0200004266000000000208E500000000000C000300C6475F049FAC90038600000000260330114502010400000000140400000000150400000000160400000000170200002A02000030014A3101140D7E
2026-03-30 11:45:34 - msg_id_0200 ==> 7E0200004266000000000208F000000000000C000300C6475E049FAC90038600000000260330114533010400000000140400000000150400000000160400000000170200002A02000030014A310115297E
2026-03-30 11:46:05 - msg_id_0200 ==> 7E0200004266000000000208FB00000000000C000300C6475B049FAC90038600000000260330114604010400000000140400000000150400000000160400000000170200002A02000030014A310116107E
2026-03-30 11:46:36 - msg_id_0200 ==> 7E02000042660000000002090600000000000C000300C64759049FAC90038600000000260330114635010400000000140400000000150400000000160400000000170200002A02000030014A310112DB7E
2026-03-30 11:47:07 - msg_id_0200 ==> 7E02000042660000000002091100000000000C000300C64758049FAC90038600000000260330114706010400000000140400000000150400000000160400000000170200002A02000030014A310113FE7E
2026-03-30 11:47:38 - msg_id_0200 ==> 7E02000042660000000002091C00000000000C000300C64759049FAC98038600000000260330114737010400000000140400000000150400000000160400000000170200002A02000030014A310113CB7E
2026-03-30 11:48:09 - msg_id_0200 ==> 7E02000042660000000002092700000000000C000300C64757049FAC90038600000000260330114808010400000000140400000000150400000000160400000000170200002A02000030014A310114C17E
2026-03-30 11:48:40 - msg_id_0200 ==> 7E02000042660000000002093200000000000C000300C64756049FAC90038600000000260330114839010400000000140400000000150400000000160400000000170200002A02000030014A310115E57E
2026-03-30 11:49:11 - msg_id_0200 ==> 7E02000042660000000002093D00000000000C000300C64756049FAC98038600000000260330114910010400000000140400000000150400000000160400000000170200002A02000030014A310114CB7E
2026-03-30 11:49:42 - msg_id_0200 ==> 7E02000042660000000002094800000000000C000300C64756049FAC98038600000000260330114941010400000000140400000000150400000000160400000000170200002A02000030014A310115EE7E
2026-03-30 11:50:13 - msg_id_0200 ==> 7E02000042660000000002095300000000000C000300C64756049FAC98038600000000260330115012010400000000140400000000150400000000160400000000170200002A02000030014A310116BC7E
2026-03-30 11:50:44 - msg_id_0200 ==> 7E02000042660000000002095E00000000000C000300C64757049FAC98038600000000260330115043010400000000140400000000150400000000160400000000170200002A02000030014A310114E37E
2026-03-30 11:51:15 - msg_id_0200 ==> 7E02000042660000000002096900000000000C000300C64757049FAC98038600000000260330115114010400000000140400000000150400000000160400000000170200002A02000030014A310114827E
2026-03-30 11:51:46 - msg_id_0200 ==> 7E02000042660000000002097400000000000C000300C64757049FAC98038600000000260330115145010400000000140400000000150400000000160400000000170200002A02000030014A310114CE7E
2026-03-30 11:52:17 - msg_id_0200 ==> 7E02000042660000000002097F00000100000C000300C64757049FAC98038600000000260330115216010400000000140400000000150400000000160400000000170200002A02000030014A310114947E
2026-03-30 11:52:22 - msg_id_0200 ==> 7E02000042660000000002098200000000000C000300C64757049FAC98038600000000260330115221010400000000140400000000150400000000160400000000170200002A02000030014A3101145F7E
2026-03-30 11:52:53 - msg_id_0200 ==> 7E02000042660000000002098D00000000000C000300C64759049FAC98038600000000260330115252010400000000140400000000150400000000160400000000170200002A02000030014A3101132A7E
2026-03-30 11:53:24 - msg_id_0200 ==> 7E02000042660000000002099800000000000C000300C64759049FAC98038600000000260330115323010400000000140400000000150400000000160400000000170200002A02000030014A3101124E7E
2026-03-30 11:53:55 - msg_id_0200 ==> 7E0200004266000000000209A300000000000C000300C64756049FAC98038600000000260330115354010400000000140400000000150400000000160400000000170200002A02000030014A3101140B7E
2026-03-30 11:54:26 - msg_id_0200 ==> 7E0200004266000000000209AE00000000000C000300C64756049FAC98038600000000260330115425010400000000140400000000150400000000160400000000170200002A02000030014A310116727E
2026-03-30 11:54:57 - msg_id_0200 ==> 7E0200004266000000000209B900000000000C000300C64753049FAC98038600000000260330115456010400000000140400000000150400000000160400000000170200002A02000030014A310116137E
2026-03-30 11:55:28 - msg_id_0200 ==> 7E0200004266000000000209C400000000000C000300C6474F049FAC90038600000000260330115527010400000000140400000000150400000000160400000000170200002A02000030014A3101120E7E
2026-03-30 11:55:59 - msg_id_0200 ==> 7E0200004266000000000209CF00000000000C000300C6474F049FAC90038600000000260330115558010400000000140400000000150400000000160400000000170200002A02000030014A3101147C7E
2026-03-30 11:56:30 - msg_id_0200 ==> 7E0200004266000000000209DA00000000000C000300C6474E049FAC90038600000000260330115629010400000000140400000000150400000000160400000000170200002A02000030014A310116187E
2026-03-30 11:57:01 - msg_id_0200 ==> 7E0200004266000000000209E500000000000C000300C6474F049FAC98038600000000260330115700010400000000140400000000150400000000160400000000170200002A02000030014A310117077E
2026-03-30 11:57:32 - msg_id_0200 ==> 7E0200004266000000000209F000000000000C000300C64750049FAC98038600000000260330115731010400000000140400000000150400000000160400000000170200002A02000030014A3101173C7E
2026-03-30 11:58:03 - msg_id_0200 ==> 7E0200004266000000000209FB00000000000C000300C6474E049FAC98038600000000260330115802010400000000140400000000150400000000160400000000170200002A02000030014A310117157E
2026-03-30 11:58:34 - msg_id_0200 ==> 7E020000426600000000020A0600000000000C000300C6474D049FAC98038600000000260330115833010400000000140400000000150400000000160400000000170200002A02000030014A310118D67E
2026-03-30 11:59:05 - msg_id_0200 ==> 7E020000426600000000020A1100000000000C000300C6474D049FAC98038600000000260330115904010400000000140400000000150400000000160400000000170200002A02000030014A310117F87E
2026-03-30 11:59:36 - msg_id_0200 ==> 7E020000426600000000020A1C00000000000C000300C6474D049FAC98038600000000260330115935010400000000140400000000150400000000160400000000170200002A02000030014A310115C67E
2026-03-30 12:00:07 - msg_id_0200 ==> 7E020000426600000000020A2700000000000C000300C6474C049FAC98038600000000260330120006010400000000140400000000150400000000160400000000170200002A02000030014A310115957E
2026-03-30 12:00:38 - msg_id_0200 ==> 7E020000426600000000020A3200000000000C000300C6474D049FACA0038600000000260330120037010400000000140400000000150400000000160400000000170200002A02000030014A310115887E
2026-03-30 12:01:09 - msg_id_0200 ==> 7E020000426600000000020A3D00000000000C000300C6474E049FACA0038700000000260330120108010400000000140400000000150400000000160400000000170200002A02000030014D310118B17E
2026-03-30 12:01:40 - msg_id_0200 ==> 7E020000426600000000020A4800000000000C000300C6474F049FACA0038700000000260330120139010400000000140400000000150400000000160400000000170200002A02000030014D310116FA7E
2026-03-30 12:02:11 - msg_id_0200 ==> 7E020000426600000000020A5300000000000C000300C6474F049FACA0038700000000260330120210010400000000140400000000150400000000160400000000170200002A02000030014D310116CB7E
2026-03-30 12:02:42 - msg_id_0200 ==> 7E020000426600000000020A5E00000000000C000300C6474D049FACA0038700000000260330120241010400000000140400000000150400000000160400000000170200002A02000030014D310116957E
2026-03-30 12:03:13 - msg_id_0200 ==> 7E020000426600000000020A6900000000000C000300C6474C049FACA0038700000000260330120312010400000000140400000000150400000000160400000000170200002A02000030014D310117F07E
2026-03-30 12:03:44 - msg_id_0200 ==> 7E020000426600000000020A7400000000000C000300C6474A049FACA0038700000000260330120343010400000000140400000000150400000000160400000000170200002A02000030014D310116BB7E
2026-03-30 12:04:14 - msg_id_0200 ==> 7E020000426600000000020A7F00000100000C000300C64749049FACA0038700000000260330120413010400000000140400000000150400000000160400000000170200002A02000030014D310114E77E
2026-03-30 12:04:19 - msg_id_0200 ==> 7E020000426600000000020A8200000000000C000300C64749049FACA0038700000000260330120418010400000000140400000000150400000000160400000000170200002A02000030014D310113177E
2026-03-30 12:04:50 - msg_id_0200 ==> 7E020000426600000000020A8D00000000000C000300C64749049FACA0038700000000260330120449010400000000140400000000150400000000160400000000170200002A02000030014D3101154F7E
2026-03-30 12:05:21 - msg_id_0200 ==> 7E020000426600000000020A9800000000000C000300C64749049FACA0038700000000260330120520010400000000140400000000150400000000160400000000170200002A02000030014D310116317E
2026-03-30 12:05:52 - msg_id_0200 ==> 7E020000426600000000020AA300000000000C000300C64746049FACA0038700000000260330120551010400000000140400000000150400000000160400000000170200002A02000030014D310116747E
2026-03-30 12:06:23 - msg_id_0200 ==> 7E020000426600000000020AAE00000000000C000300C64747049FACA0038700000000260330120622010400000000140400000000150400000000160400000000170200002A02000030014A3101150C7E
2026-03-30 12:06:54 - msg_id_0200 ==> 7E020000426600000000020AB900000000000C000300C64748049FACA0038700000000260330120653010400000000140400000000150400000000160400000000170200002A02000030014D310116617E
2026-03-30 12:07:25 - msg_id_0200 ==> 7E020000426600000000020AC400000000000C000300C64746049FACA0038700000000260330120724010400000000140400000000150400000000160400000000170200002A02000030014D310116647E
2026-03-30 12:07:56 - msg_id_0200 ==> 7E020000426600000000020ACF00000000000C000300C64744049FACA8038700000000260330120755010400000000140400000000150400000000160400000000170200002A02000030014D310115177E
2026-03-30 12:08:27 - msg_id_0200 ==> 7E020000426600000000020ADA00000000000C000300C64742049FACA8038700000000260330120826010400000000140400000000150400000000160400000000170200002A02000030014D3101167B7E
2026-03-30 12:08:58 - msg_id_0200 ==> 7E020000426600000000020AE500000000000C000300C64742049FACA0038700000000260330120857010400000000140400000000150400000000160400000000170200002A02000030014D3101163D7E
2026-03-30 12:09:29 - msg_id_0200 ==> 7E020000426600000000020AF000000000000C000300C64743049FACA0038700000000260330120928010400000000140400000000150400000000160400000000170200002A02000030014D310115547E
2026-03-30 12:10:00 - msg_id_0200 ==> 7E020000426600000000020AFB00000000000C000300C64742049FACA0038700000000260330120959010400000000140400000000150400000000160400000000170200002A02000030014D310118227E
2026-03-30 12:10:31 - msg_id_0200 ==> 7E020000426600000000020B0600000000000C000300C64741049FACA0038700000000260330121030010400000000140400000000150400000000160400000000170200002A02000030014D310117A27E
2026-03-30 12:11:02 - msg_id_0200 ==> 7E020000426600000000020B1100000000000C000300C64742049FACA0038700000000260330121101010400000000140400000000150400000000160400000000170200002A02000030014D310116877E
2026-03-30 12:11:33 - msg_id_0200 ==> 7E020000426600000000020B1C00000000000C000300C64741049FACA0038700000000260330121132010400000000140400000000150400000000160400000000170200002A02000030014D310115B97E
2026-03-30 12:12:04 - msg_id_0200 ==> 7E020000426600000000020B2700000000000C000300C64741049FACA0038700000000260330121203010400000000140400000000150400000000160400000000170200002A02000030014D310116B37E
2026-03-30 12:12:35 - msg_id_0200 ==> 7E020000426600000000020B3200000000000C000300C64742049FACA0038700000000260330121234010400000000140400000000150400000000160400000000170200002A02000030014D310114907E
2026-03-30 12:13:06 - msg_id_0200 ==> 7E020000426600000000020B3D00000000000C000300C64741049FACA0038700000000260330121305010400000000140400000000150400000000160400000000170200002A02000030014D310114AC7E
2026-03-30 12:13:38 - msg_id_0200 ==> 7E020000426600000000020B4800000000000C000300C64740049FACA0038700000000260330121336010400000000140400000000150400000000160400000000170200002A02000030014D310115EA7E
2026-03-30 12:14:10 - msg_id_0200 ==> 7E020000426600000000020B5300000000000C000300C64742049FACA0038700000000260330121407010400000000140400000000150400000000160400000000170200002A02000030014D310114C47E
2026-03-30 12:14:40 - msg_id_0200 ==> 7E020000426600000000020B5E00000000000C000300C64742049FACA0038700000000260330121438010400000000140400000000150400000000160400000000170200002A02000030014D310114F67E
2026-03-30 12:15:10 - msg_id_0200 ==> 7E020000426600000000020B6900000000000C000300C64742049FACA0038700000000260330121509010400000000140400000000150400000000160400000000170200002A02000030014D310115F07E
2026-03-30 12:15:41 - msg_id_0200 ==> 7E020000426600000000020B7400000000000C000300C64741049FACA0038700000000260330121540010400000000140400000000150400000000160400000000170200002A02000030014D310116A47E
2026-03-30 12:16:17 - msg_id_0200 ==> 7E020000426600000000020B8200000000000C000300C64742049FAC98038700000000260330121616010400000000140400000000150400000000160400000000170200002A02000030014D3101153F7E
2026-03-30 12:16:48 - msg_id_0200 ==> 7E020000426600000000020B8D00000000000C000300C64742049FAC98038700000000260330121647010400000000140400000000150400000000160400000000170200002A02000030014D310117637E
2026-03-30 12:17:19 - msg_id_0200 ==> 7E020000426600000000020B9800000000000C000300C64742049FAC98038700000000260330121718010400000000140400000000150400000000160400000000170200002A02000030014D310117287E
2026-03-30 12:17:50 - msg_id_0200 ==> 7E020000426600000000020BA300000000000C000300C6473F049FAC98038700000000260330121749010400000000140400000000150400000000160400000000170200002A02000030014D3101163E7E
2026-03-30 12:18:22 - msg_id_0200 ==> 7E020000426600000000020BAE00000000000C000300C64740049FAC98038700000000260330121820010400000000140400000000150400000000160400000000170200002A02000030014D310118247E
2026-03-30 12:18:52 - msg_id_0200 ==> 7E020000426600000000020BB900000000000C000300C64740049FAC98038700000000260330121851010400000000140400000000150400000000160400000000170200002A02000030014D3101174D7E
2026-03-30 12:19:23 - msg_id_0200 ==> 7E020000426600000000020BC400000000000C000300C64742049FAC98038700000000260330121922010400000000140400000000150400000000160400000000170200002A02000030014D310117407E
2026-03-30 12:19:54 - msg_id_0200 ==> 7E020000426600000000020BCF00000000000C000300C64740049FAC98038700000000260330121953010400000000140400000000150400000000160400000000170200002A02000030014D3101143B7E
2026-03-30 12:20:25 - msg_id_0200 ==> 7E020000426600000000020BDA00000000000C000300C6473F049FAC98038700000000260330122024010400000000140400000000150400000000160400000000170200002A02000030014D3101151E7E
2026-03-30 12:20:56 - msg_id_0200 ==> 7E020000426600000000020BE500000000000C000300C64740049FAC90038700000000260330122055010400000000140400000000150400000000160400000000170200002A02000030014D310115277E
2026-03-30 12:21:27 - msg_id_0200 ==> 7E020000426600000000020BF000000000000C000300C64742049FAC90038700000000260330122126010400000000140400000000150400000000160400000000170200002A02000030014D310116417E
2026-03-30 12:21:58 - msg_id_0200 ==> 7E020000426600000000020BFB00000000000C000300C64745049FAC90038700000000260330122157010400000000140400000000150400000000160400000000170200002A02000030014D3101153F7E
2026-03-30 12:22:29 - msg_id_0200 ==> 7E020000426600000000020C0600000000000C000300C64749049FAC90038700000000260330122228010400000000140400000000150400000000160400000000170200002A02000030014D310114B47E
2026-03-30 12:23:00 - msg_id_0200 ==> 7E020000426600000000020C1100000000000C000300C64753049FAC88038600000000260330122259010400000000140400000000150400000000160400000000170200002A02000030014D310114D17E
2026-03-30 12:23:31 - msg_id_0200 ==> 7E020000426600000000020C1C00000000000C000300C6475B049FAC80038600000000260330122330010400000000140400000000150400000000160400000000170200002A02000030014D310116B67E
2026-03-30 12:24:02 - msg_id_0200 ==> 7E020000426600000000020C2700000000000C000300C64762049FAC78038600000000260330122401010400000000140400000000150400000000160400000000170200002A02000030014D3101167A7E
2026-03-30 12:24:33 - msg_id_0200 ==> 7E020000426600000000020C3200000000000C000300C64763049FAC78038600000000260330122432010400000000140400000000150400000000160400000000170200002A02000030014D310118537E
2026-03-30 12:25:04 - msg_id_0200 ==> 7E020000426600000000020C3D00000000000C000300C64763049FAC70038600000000260330122503010400000000140400000000150400000000160400000000170200002A02000030014D3101176B7E
2026-03-30 12:25:35 - msg_id_0200 ==> 7E020000426600000000020C4800000000000C000300C64766049FAC70038700000000260330122534010400000000140400000000150400000000160400000000170200002A02000030014D310118227E
