2026-03-25 00:00:21 - msg_id_0200 ==> 7E02000042660000000002A29D00000000000C000300C6471E049FAC40038B00000000260325000020010400000000140400000001150400000002160400000000170200002A02000030014631010F347E
2026-03-25 00:00:52 - msg_id_0200 ==> 7E02000042660000000002A2A800000000000C000300C6471F049FAC40038B00000000260325000051010400000000140400000001150400000002160400000000170200002A02000030014631010F717E
2026-03-25 00:01:23 - msg_id_0200 ==> 7E02000042660000000002A2B300000000000C000300C64722049FAC40038B00000000260325000122010400000000140400000001150400000002160400000000170200002A0200003001463101113B7E
2026-03-25 00:01:54 - msg_id_0200 ==> 7E02000042660000000002A2BE00000000000C000300C64721049FAC40038B00000000260325000153010400000000140400000001150400000002160400000000170200002A020000300146310111447E
2026-03-25 00:02:25 - msg_id_0200 ==> 7E02000042660000000002A2C900000000000C000300C64721049FAC40038B00000000260325000224010400000000140400000001150400000002160400000000170200002A020000300146310112447E
2026-03-25 00:02:56 - msg_id_0200 ==> 7E02000042660000000002A2D400000000000C000300C6471D049FAC48038B00000000260325000255010400000000140400000001150400000002160400000000170200002A0200003001463101121C7E
2026-03-25 00:03:27 - msg_id_0200 ==> 7E02000042660000000002A2DF00000000000C000300C64717049FAC48038B00000000260325000326010400000000140400000001150400000002160400000000170200002A0200003001463101116C7E
2026-03-25 00:03:58 - msg_id_0200 ==> 7E02000042660000000002A2EA00000000000C000300C64716049FAC50038B00000000260325000357010400000000140400000001150400000002160400000000170200002A020000300146310113337E
2026-03-25 00:04:36 - msg_id_0200 ==> 7E02000042660000000002A2F500000000000C000300C6470F049FAC48038B00000000260325000428010400000000140400000001150400000002160400000000170200002A020000300146310114527E
2026-03-25 00:05:00 - msg_id_0200 ==> 7E02000042660000000002A30000000000000C000300C64709049FAC50038B00000000260325000459010400000000140400000001150400000002160400000000170200002A020000300140310113C87E
2026-03-25 00:05:31 - msg_id_0200 ==> 7E02000042660000000002A30B00000000000C000300C64704049FAC48038C00000000260325000530010400000000140400000001150400000002160400000000170200002A020000300140310110BA7E
2026-03-25 00:06:02 - msg_id_0200 ==> 7E02000042660000000002A31600000000000C000300C64701049FAC48038C00000000260325000601010400000000140400000001150400000002160400000000170200002A020000300133310113E07E
2026-03-25 00:06:33 - msg_id_0200 ==> 7E02000042660000000002A32100000000000C000300C646FD049FAC48038C00000000260325000632010400000000140400000001150400000002160400000000170200002A02000030014A310113607E
2026-03-25 00:07:04 - msg_id_0200 ==> 7E02000042660000000002A32C00000000000C000300C646FC049FAC48038C00000000260325000703010400000000140400000001150400000002160400000000170200002A02000030014A3101125D7E
2026-03-25 00:07:35 - msg_id_0200 ==> 7E02000042660000000002A33700000000000C000300C646FC049FAC48038C00000000260325000734010400000000140400000001150400000002160400000000170200002A02000030014A310112717E
2026-03-25 00:08:06 - msg_id_0200 ==> 7E02000042660000000002A34200000000000C000300C646FB049FAC48038C00000000260325000805010400000000140400000001150400000002160400000000170200002A02000030014A3101103F7E
2026-03-25 00:08:37 - msg_id_0200 ==> 7E02000042660000000002A34D00000000000C000300C646F8049FAC48038C00000000260325000836010400000000140400000001150400000002160400000000170200002A02000030014A310112027E
2026-03-25 00:09:08 - msg_id_0200 ==> 7E02000042660000000002A35800000000000C000300C646F6049FAC48038C00000000260325000907010400000000140400000001150400000002160400000000170200002A02000030014A3101112A7E
2026-03-25 00:09:39 - msg_id_0200 ==> 7E02000042660000000002A36300000000000C000300C646F4049FAC40038C00000000260325000938010400000000140400000001150400000002160400000000170200002A02000030014A310113267E
2026-03-25 00:10:10 - msg_id_0200 ==> 7E02000042660000000002A36E00000000000C000300C646F4049FAC40038C00000000260325001009010400000000140400000001150400000002160400000000170200002A02000030014A310111017E
2026-03-25 00:10:41 - msg_id_0200 ==> 7E02000042660000000002A37900000000000C000300C646F5049FAC40038C00000000260325001040010400000000140400000001150400000002160400000000170200002A02000030014A3101115E7E
2026-03-25 00:11:12 - msg_id_0200 ==> 7E02000042660000000002A38600000000000C000300C646F4049FAC40038C00000000260325001111010400000000140400000001150400000002160400000000170200002A02000030014A310110F17E
2026-03-25 00:11:43 - msg_id_0200 ==> 7E02000042660000000002A39100000000000C000300C646F3049FAC40038C00000000260325001142010400000000140400000001150400000002160400000000170200002A02000030014A310111B37E
2026-03-25 00:12:14 - msg_id_0200 ==> 7E02000042660000000002A39C00000000000C000300C646F3049FAC40038C00000000260325001213010400000000140400000001150400000002160400000000170200002A02000030014A310111EC7E
2026-03-25 00:12:45 - msg_id_0200 ==> 7E02000042660000000002A3A700000000000C000300C646F4049FAC40038C00000000260325001244010400000000140400000001150400000002160400000000170200002A02000030014A310111877E
2026-03-25 00:13:16 - msg_id_0200 ==> 7E02000042660000000002A3B200000000000C000300C646F5049FAC40038C00000000260325001315010400000000140400000001150400000002160400000000170200002A02000030014A310112C07E
2026-03-25 00:13:47 - msg_id_0200 ==> 7E02000042660000000002A3BD00000000000C000300C646F6049FAC40038C00000000260325001346010400000000140400000001150400000002160400000000170200002A02000030014A3101109D7E
2026-03-25 00:14:18 - msg_id_0200 ==> 7E02000042660000000002A3C800000000000C000300C646F7049FAC40038C00000000260325001417010400000000140400000001150400000002160400000000170200002A02000030014A310110BF7E
2026-03-25 00:14:49 - msg_id_0200 ==> 7E02000042660000000002A3D300000000000C000300C646F7049FAC40038C00000000260325001448010400000000140400000001150400000002160400000000170200002A02000030014A310113F87E
2026-03-25 00:15:20 - msg_id_0200 ==> 7E02000042660000000002A3DE00000000000C000300C646F8049FAC48038D00000000260325001519010400000000140400000001150400000002160400000000170200002A02000030014A310112A27E
2026-03-25 00:15:51 - msg_id_0200 ==> 7E02000042660000000002A3E900000000000C000300C646F9049FAC48038D00000000260325001550010400000000140400000001150400000002160400000000170200002A02000030014A310111DE7E
2026-03-25 00:16:22 - msg_id_0200 ==> 7E02000042660000000002A3F400000000000C000300C646F9049FAC48038C00000000260325001621010400000000140400000001150400000002160400000000170200002A02000030014A310113B27E
2026-03-25 00:16:54 - msg_id_0200 ==> 7E02000042660000000002A3FF00000000000C000300C646FA049FAC48038C00000000260325001652010400000000140400000001150400000002160400000000170200002A02000030014A310113C97E
2026-03-25 00:17:24 - msg_id_0200 ==> 7E02000042660000000002A40A00000000000C000300C646F9049FAC48038C00000000260325001723010400000000140400000001150400000002160400000000170200002A02000030014A3101114A7E
2026-03-25 00:17:55 - msg_id_0200 ==> 7E02000042660000000002A41500000000000C000300C646F9049FAC48038C00000000260325001754010400000000140400000001150400000002160400000000170200002A02000030014A310113207E
2026-03-25 00:18:35 - msg_id_0200 ==> 7E02000042660000000002A42000000000000C000300C646F9049FAC48038C00000000260325001825010400000000140400000001150400000002160400000000170200002A02000030014A3101146C7E
2026-03-25 00:18:57 - msg_id_0200 ==> 7E02000042660000000002A42B00000000000C000300C646F7049FAC50038C00000000260325001856010400000000140400000001150400000002160400000000170200002A02000030014A310113057E
2026-03-25 00:19:28 - msg_id_0200 ==> 7E02000042660000000002A43600000000000C000300C646F6049FAC50038C00000000260325001927010400000000140400000001150400000002160400000000170200002A02000030014A3101146E7E
2026-03-25 00:19:59 - msg_id_0200 ==> 7E02000042660000000002A44100000000000C000300C646F5049FAC50038C00000000260325001958010400000000140400000001150400000002160400000000170200002A02000030014A310115647E
2026-03-25 00:20:30 - msg_id_0200 ==> 7E02000042660000000002A44C00000000000C000300C646F5049FAC50038C00000000260325002029010400000000140400000001150400000002160400000000170200002A0200003001333101135E7E
2026-03-25 00:21:01 - msg_id_0200 ==> 7E02000042660000000002A45700000000000C000300C646F5049FAC50038C00000000260325002100010400000000140400000001150400000002160400000000170200002A0200003001333101126C7E
2026-03-25 00:21:33 - msg_id_0200 ==> 7E02000042660000000002A46200000000000C000300C646F5049FAC58038C00000000260325002131010400000000140400000001150400000002160400000000170200002A020000300136310111667E
2026-03-25 00:22:03 - msg_id_0200 ==> 7E02000042660000000002A46D00000000000C000300C646F5049FAC58038C00000000260325002202010400000000140400000001150400000002160400000000170200002A020000300136310111597E
2026-03-25 00:22:34 - msg_id_0200 ==> 7E02000042660000000002A47800000000000C000300C646F6049FAC58038C00000000260325002233010400000000140400000001150400000002160400000000170200002A0200003001363101137C7E
2026-03-25 00:22:52 - msg_id_0200 ==> 7E02000042660000000002A47F00000100000C000300C646F8049FAC58038C00000000260325002251010400000000140400000001150400000002160400000000170200002A020000300136310113167E
2026-03-25 00:23:05 - msg_id_0200 ==> 7E02000042660000000002A48400000000000C000300C646FA049FAC58038C00000000260325002304010400000000140400000001150400000002160400000000170200002A020000300136310113BA7E
2026-03-25 00:23:36 - msg_id_0200 ==> 7E02000042660000000002A48F00000000000C000300C646FD049FAC58038C00000000260325002335010400000000140400000001150400000002160400000000170200002A020000300136310114807E
2026-03-25 00:24:07 - msg_id_0200 ==> 7E02000042660000000002A49A00000000000C000300C646FD049FAC58038C00000000260325002406010400000000140400000001150400000002160400000000170200002A020000300136310115A07E
2026-03-25 00:24:38 - msg_id_0200 ==> 7E02000042660000000002A4A500000000000C000300C64701049FAC58038C00000000260325002437010400000000140400000001150400000002160400000000170200002A020000300136310116507E
2026-03-25 00:25:09 - msg_id_0200 ==> 7E02000042660000000002A4B000000000000C000300C64704049FAC58038C00000000260325002508010400000000140400000001150400000002160400000000170200002A02000030014A310115017E
2026-03-25 00:25:40 - msg_id_0200 ==> 7E02000042660000000002A4BB00000000000C000300C64706049FAC60038C00000000260325002539010400000000140400000001150400000002160400000000170200002A02000030014A310114007E
2026-03-25 00:26:11 - msg_id_0200 ==> 7E02000042660000000002A4C600000000000C000300C64706049FAC60038C00000000260325002610010400000000140400000001150400000002160400000000170200002A0200003001363101122D7E
2026-03-25 00:26:42 - msg_id_0200 ==> 7E02000042660000000002A4D100000000000C000300C64708049FAC60038C00000000260325002641010400000000140400000001150400000002160400000000170200002A020000300133310111637E
2026-03-25 00:27:13 - msg_id_0200 ==> 7E02000042660000000002A4DC00000000000C000300C6470A049FAC60038C00000000260325002712010400000000140400000001150400000002160400000000170200002A0200003001363101113B7E
2026-03-25 00:27:44 - msg_id_0200 ==> 7E02000042660000000002A4E700000000000C000300C6470A049FAC60038C00000000260325002743010400000000140400000001150400000002160400000000170200002A020000300136310112527E
2026-03-25 00:28:15 - msg_id_0200 ==> 7E02000042660000000002A4F200000000000C000300C6470C049FAC60038C00000000260325002814010400000000140400000001150400000002160400000000170200002A0200003001363101111A7E
2026-03-25 00:28:46 - msg_id_0200 ==> 7E02000042660000000002A4FD00000000000C000300C6470E049FAC68038C00000000260325002845010400000000140400000001150400000002160400000000170200002A0200003001363101104F7E
2026-03-25 00:29:17 - msg_id_0200 ==> 7E02000042660000000002A50800000000000C000300C64710049FAC68038C00000000260325002916010400000000140400000001150400000002160400000000170200002A020000300136310110F77E
2026-03-25 00:29:48 - msg_id_0200 ==> 7E02000042660000000002A51300000000000C000300C64712049FAC70038C00000000260325002947010400000000140400000001150400000002160400000000170200002A020000300136310111A67E
2026-03-25 00:30:19 - msg_id_0200 ==> 7E02000042660000000002A51E00000000000C000300C64712049FAC70038C00000000260325003018010400000000140400000001150400000002160400000000170200002A020000300136310110EC7E
2026-03-25 00:30:50 - msg_id_0200 ==> 7E02000042660000000002A52900000000000C000300C64713049FAC70038C00000000260325003049010400000000140400000001150400000002160400000000170200002A02000030014A310111F67E
2026-03-25 00:31:21 - msg_id_0200 ==> 7E02000042660000000002A53400000000000C000300C64715049FAC70038C00000000260325003120010400000000140400000001150400000002160400000000170200002A02000030014A310113877E
2026-03-25 00:31:52 - msg_id_0200 ==> 7E02000042660000000002A53F00000000000C000300C64716049FAC78038C00000000260325003151010400000000140400000001150400000002160400000000170200002A02000030014A310114F17E
2026-03-25 00:32:23 - msg_id_0200 ==> 7E02000042660000000002A54A00000000000C000300C64718049FAC78038C00000000260325003222010400000000140400000001150400000002160400000000170200002A02000030014A310114FA7E
2026-03-25 00:32:54 - msg_id_0200 ==> 7E02000042660000000002A55500000000000C000300C64719049FAC78038C00000000260325003253010400000000140400000001150400000002160400000000170200002A02000030014A310111907E
2026-03-25 00:33:25 - msg_id_0200 ==> 7E02000042660000000002A56000000000000C000300C6471C049FAC78038C00000000260325003324010400000000140400000001150400000002160400000000170200002A02000030014A310113D47E
2026-03-25 00:33:56 - msg_id_0200 ==> 7E02000042660000000002A56B00000000000C000300C6471F049FAC80038C00000000260325003355010400000000140400000001150400000002160400000000170200002A02000030014A310115537E
2026-03-25 00:34:27 - msg_id_0200 ==> 7E02000042660000000002A57600000000000C000300C64720049FAC80038B00000000260325003426010400000000140400000001150400000002160400000000170200002A02000030014A310114037E
2026-03-25 00:34:50 - msg_id_0200 ==> 7E02000042660000000002A57F00000100000C000300C64721049FAC80038B00000000260325003449010400000000140400000001150400000002160400000000170200002A02000030014A310114657E
2026-03-25 00:34:58 - msg_id_0200 ==> 7E02000042660000000002A58200000000000C000300C64721049FAC80038B00000000260325003457010400000000140400000001150400000002160400000000170200002A02000030014A310115867E
2026-03-25 00:35:29 - msg_id_0200 ==> 7E02000042660000000002A58E00000000000C000300C64721049FAC80038B00000000260325003528010400000000140400000001150400000002160400000000170200002A02000030014A310113F27E
2026-03-25 00:36:00 - msg_id_0200 ==> 7E02000042660000000002A59900000000000C000300C64724049FAC80038B00000000260325003559010400000000140400000001150400000002160400000000170200002A02000030014A310115977E
2026-03-25 00:36:31 - msg_id_0200 ==> 7E02000042660000000002A5A300000000000C000300C64726049FAC88038B00000000260325003630010400000000140400000001150400000002160400000000170200002A02000030014A310114CC7E
2026-03-25 00:37:02 - msg_id_0200 ==> 7E02000042660000000002A5AF00000000000C000300C6472A049FAC88038B00000000260325003701010400000000140400000001150400000002160400000000170200002A02000030014A310115FD7E
2026-03-25 00:37:33 - msg_id_0200 ==> 7E02000042660000000002A5BA00000000000C000300C6472C049FAC90038B00000000260325003732010400000000140400000001150400000002160400000000170200002A02000030014A310114C47E
2026-03-25 00:38:04 - msg_id_0200 ==> 7E02000042660000000002A5C400000000000C000300C6472C049FAC90038B00000000260325003803010400000000140400000001150400000002160400000000170200002A02000030014A310115857E
2026-03-25 00:38:35 - msg_id_0200 ==> 7E02000042660000000002A5D000000000000C000300C6472B049FAC90038B00000000260325003834010400000000140400000001150400000002160400000000170200002A02000030014A310116A27E
2026-03-25 00:39:06 - msg_id_0200 ==> 7E02000042660000000002A5DB00000000000C000300C6472A049FAC90038B00000000260325003905010400000000140400000001150400000002160400000000170200002A02000030014A3101159B7E
2026-03-25 00:39:37 - msg_id_0200 ==> 7E02000042660000000002A5E500000000000C000300C6472B049FAC98038B00000000260325003936010400000000140400000001150400000002160400000000170200002A02000030014A3101159F7E
2026-03-25 00:40:08 - msg_id_0200 ==> 7E02000042660000000002A5F100000000000C000300C6472A049FAC98038B00000000260325004007010400000000140400000001150400000002160400000000170200002A020000300136310116BD7E
2026-03-25 00:40:39 - msg_id_0200 ==> 7E02000042660000000002A5FC00000000000C000300C64728049FAC98038B00000000260325004038010400000000140400000001150400000002160400000000170200002A0200003001363101168D7E
2026-03-25 00:41:10 - msg_id_0200 ==> 7E02000042660000000002A60600000000000C000300C64728049FAC98038B00000000260325004109010400000000140400000001150400000002160400000000170200002A020000300136310116447E
2026-03-25 00:41:41 - msg_id_0200 ==> 7E02000042660000000002A61200000000000C000300C64728049FAC98038B00000000260325004140010400000000140400000001150400000002160400000000170200002A0200003001363101151A7E
2026-03-25 00:42:12 - msg_id_0200 ==> 7E02000042660000000002A61D00000000000C000300C64728049FAC98038B00000000260325004211010400000000140400000001150400000002160400000000170200002A020000300136310115477E
2026-03-25 00:42:43 - msg_id_0200 ==> 7E02000042660000000002A62700000000000C000300C64728049FAC98038B00000000260325004242010400000000140400000001150400000002160400000000170200002A0200003001363101152E7E
2026-03-25 00:43:14 - msg_id_0200 ==> 7E02000042660000000002A63300000000000C000300C64729049FACA0038B00000000260325004313010400000000140400000001150400000002160400000000170200002A020000300136310114527E
2026-03-25 00:43:45 - msg_id_0200 ==> 7E02000042660000000002A63E00000000000C000300C6472A049FACA0038B00000000260325004344010400000000140400000001150400000002160400000000170200002A020000300136310116097E
2026-03-25 00:44:16 - msg_id_0200 ==> 7E02000042660000000002A64800000000000C000300C6472B049FACA0038B00000000260325004415010400000000140400000001150400000002160400000000170200002A0200003001363101132D7E
2026-03-25 00:44:47 - msg_id_0200 ==> 7E02000042660000000002A65400000000000C000300C6472E049FACA0038B00000000260325004446010400000000140400000001150400000002160400000000170200002A020000300133310112637E
2026-03-25 00:45:18 - msg_id_0200 ==> 7E02000042660000000002A65F00000000000C000300C64731049FACA0038B00000000260325004517010400000000140400000001150400000002160400000000170200002A020000300130310114227E
2026-03-25 00:45:49 - msg_id_0200 ==> 7E02000042660000000002A66900000000000C000300C64733049FACA0038B00000000260325004548010400000000140400000001150400000002160400000000170200002A0200003001333101144A7E
2026-03-25 00:46:20 - msg_id_0200 ==> 7E02000042660000000002A67500000000000C000300C64737049FACA8038B00000000260325004619010400000000140400000001150400000002160400000000170200002A020000300133310115097E
2026-03-25 00:46:48 - msg_id_0200 ==> 7E02000042660000000002A67F00000100000C000300C64741049FACA8038A00000000260325004647010400000000140400000001150400000002160400000000170200002A0200003001333101152B7E
2026-03-25 00:46:53 - msg_id_0200 ==> 7E02000042660000000002A68200000000000C000300C64742049FACA8038A00000000260325004652010400000000140400000001150400000002160400000000170200002A020000300133310115C17E
2026-03-25 00:47:24 - msg_id_0200 ==> 7E02000042660000000002A68D00000000000C000300C6474A049FACB0038A00000000260325004723010400000000140400000001150400000002160400000000170200002A020000300133310113A87E
2026-03-25 00:47:55 - msg_id_0200 ==> 7E02000042660000000002A69800000000000C000300C64751049FACB0038A00000000260325004754010400000000140400000001150400000002160400000000170200002A020000300133310113D17E
2026-03-25 00:48:26 - msg_id_0200 ==> 7E02000042660000000002A6A300000000000C000300C64756049FACB8038A00000000260325004825010400000000140400000001150400000002160400000000170200002A0200003001333101149C7E
2026-03-25 00:48:57 - msg_id_0200 ==> 7E02000042660000000002A6AE00000000000C000300C64758049FACB8038A00000000260325004856010400000000140400000001150400000002160400000000170200002A020000300133310112EA7E
2026-03-25 00:49:28 - msg_id_0200 ==> 7E02000042660000000002A6B900000000000C000300C6475A049FACB8038A00000000260325004927010400000000140400000001150400000002160400000000170200002A0200003001333101108D7E
2026-03-25 00:49:59 - msg_id_0200 ==> 7E02000042660000000002A6C400000000000C000300C6475C049FACC0038A00000000260325004958010400000000140400000001150400000002160400000000170200002A020000300133310113F27E
2026-03-25 00:50:30 - msg_id_0200 ==> 7E02000042660000000002A6CF00000000000C000300C6475F049FACC0038A00000000260325005029010400000000140400000001150400000002160400000000170200002A020000300133310112937E
2026-03-25 00:51:01 - msg_id_0200 ==> 7E02000042660000000002A6DA00000000000C000300C64762049FACC0038A00000000260325005100010400000000140400000001150400000002160400000000170200002A020000300133310113927E
2026-03-25 00:51:32 - msg_id_0200 ==> 7E02000042660000000002A6E500000000000C000300C64764049FACC8038A00000000260325005131010400000000140400000001150400000002160400000000170200002A020000300133310113927E
2026-03-25 00:52:03 - msg_id_0200 ==> 7E02000042660000000002A6F000000000000C000300C64765049FACC8038A00000000260325005202010400000000140400000001150400000002160400000000170200002A020000300133310113B67E
2026-03-25 00:52:34 - msg_id_0200 ==> 7E02000042660000000002A6FB00000000000C000300C64767049FACC8038A00000000260325005233010400000000140400000001150400000002160400000000170200002A0200003001333101108D7E
2026-03-25 00:53:05 - msg_id_0200 ==> 7E02000042660000000002A70600000000000C000300C64769049FACC8038A00000000260325005304010400000000140400000001150400000002160400000000170200002A020000300133310111487E
2026-03-25 00:53:36 - msg_id_0200 ==> 7E02000042660000000002A71100000000000C000300C6476D049FACD0038A00000000260325005335010400000000140400000001150400000002160400000000170200002A020000300133310111727E
2026-03-25 00:54:07 - msg_id_0200 ==> 7E02000042660000000002A71C00000000000C000300C6476E049FACD0038900000000260325005406010400000000140400000001150400000002160400000000170200002A0200003001333101114B7E
2026-03-25 00:54:38 - msg_id_0200 ==> 7E02000042660000000002A72700000000000C000300C6476F049FACD0038900000000260325005437010400000000140400000001150400000002160400000000170200002A020000300133310112437E
2026-03-25 00:55:09 - msg_id_0200 ==> 7E02000042660000000002A73200000000000C000300C64771049FACD8038900000000260325005508010400000000140400000001150400000002160400000000170200002A0200003001333101137F7E
2026-03-25 00:55:40 - msg_id_0200 ==> 7E02000042660000000002A73D00000000000C000300C64776049FACD8038900000000260325005539010400000000140400000001150400000002160400000000170200002A020000300133310111447E
2026-03-25 00:56:11 - msg_id_0200 ==> 7E02000042660000000002A74800000000000C000300C64777049FACE0038900000000260325005610010400000000140400000001150400000002160400000000170200002A020000300133310111227E
2026-03-25 00:56:42 - msg_id_0200 ==> 7E02000042660000000002A75300000000000C000300C64779049FACE0038900000000260325005641010400000000140400000001150400000002160400000000170200002A020000300133310112657E
2026-03-25 00:57:13 - msg_id_0200 ==> 7E02000042660000000002A75E00000000000C000300C64779049FACE0038900000000260325005712010400000000140400000001150400000002160400000000170200002A0200003001333101143C7E
2026-03-25 00:57:44 - msg_id_0200 ==> 7E02000042660000000002A76900000000000C000300C6477A049FACE0038900000000260325005743010400000000140400000001150400000002160400000000170200002A0200003001333101135E7E
2026-03-25 00:58:15 - msg_id_0200 ==> 7E02000042660000000002A77400000000000C000300C6477A049FACE0038900000000260325005814010400000000140400000001150400000002160400000000170200002A0200003001333101121A7E
2026-03-25 00:58:46 - msg_id_0200 ==> 7E02000042660000000002A77F00000100000C000300C6477C049FACE0038900000000260325005845010400000000140400000001150400000002160400000000170200002A020000300133310114417E
2026-03-25 00:58:51 - msg_id_0200 ==> 7E02000042660000000002A78200000000000C000300C6477D01049FACE0038900000000260325005850010400000000140400000001150400000002160400000000170200002A020000300133310114A97E
2026-03-25 00:59:22 - msg_id_0200 ==> 7E02000042660000000002A78D00000000000C000300C6477D01049FACE0038900000000260325005921010400000000140400000001150400000002160400000000170200002A020000300133310113D17E
2026-03-25 00:59:53 - msg_id_0200 ==> 7E02000042660000000002A79800000000000C000300C6477C049FACE0038900000000260325005952010400000000140400000001150400000002160400000000170200002A020000300133310113B67E
2026-03-25 01:00:24 - msg_id_0200 ==> 7E02000042660000000002A7A300000000000C000300C6477A049FACE0038900000000260325010023010400000000140400000001150400000002160400000000170200002A020000300133310113A27E
2026-03-25 01:00:55 - msg_id_0200 ==> 7E02000042660000000002A7AE00000000000C000300C64778049FACE0038900000000260325010054010400000000140400000001150400000002160400000000170200002A020000300133310115DC7E
2026-03-25 01:01:26 - msg_id_0200 ==> 7E02000042660000000002A7B900000000000C000300C64778049FACE0038900000000260325010125010400000000140400000001150400000002160400000000170200002A020000300133310114BA7E
2026-03-25 01:01:57 - msg_id_0200 ==> 7E02000042660000000002A7C400000000000C000300C64778049FACD8038900000000260325010156010400000000140400000001150400000002160400000000170200002A0200003001333101148C7E
2026-03-25 01:02:28 - msg_id_0200 ==> 7E02000042660000000002A7CF00000000000C000300C64777049FACD8038900000000260325010227010400000000140400000001150400000002160400000000170200002A020000300136310115FE7E
2026-03-25 01:02:59 - msg_id_0200 ==> 7E02000042660000000002A7DA00000000000C000300C64778049FACD8038900000000260325010258010400000000140400000001150400000002160400000000170200002A020000300136310116987E
2026-03-25 01:03:30 - msg_id_0200 ==> 7E02000042660000000002A7E500000000000C000300C64778049FACD8038900000000260325010329010400000000140400000001150400000002160400000000170200002A020000300136310116D77E
2026-03-25 01:04:01 - msg_id_0200 ==> 7E02000042660000000002A7F000000000000C000300C64779049FACD0038A00000000260325010400010400000000140400000001150400000002160400000000170200002A020000300130310116E07E
2026-03-25 01:04:32 - msg_id_0200 ==> 7E02000042660000000002A7FB00000000000C000300C64778049FACD0038A00000000260325010431010400000000140400000001150400000002160400000000170200002A020000300130310116DB7E
2026-03-25 01:05:03 - msg_id_0200 ==> 7E02000042660000000002A80600000000000C000300C64778049FACD0038900000000260325010502010400000000140400000001150400000002160400000000170200002A020000300130310116187E
2026-03-25 01:05:34 - msg_id_0200 ==> 7E02000042660000000002A81100000000000C000300C64779049FACD0038900000000260325010533010400000000140400000001150400000002160400000000170200002A0200003001303101163F7E
2026-03-25 01:06:05 - msg_id_0200 ==> 7E02000042660000000002A81C00000000000C000300C6477A049FACD0038900000000260325010604010400000000140400000001150400000002160400000000170200002A020000300130310115067E
2026-03-25 01:06:36 - msg_id_0200 ==> 7E02000042660000000002A82700000000000C000300C6477A049FACD0038900000000260325010635010400000000140400000001150400000002160400000000170200002A0200003001363101140B7E
2026-03-25 01:07:07 - msg_id_0200 ==> 7E02000042660000000002A83200000000000C000300C6477A049FACD8038900000000260325010706010400000000140400000001150400000002160400000000170200002A020000300136310114247E
2026-03-25 01:07:38 - msg_id_0200 ==> 7E02000042660000000002A83D00000000000C000300C6477B049FACD8038900000000260325010737010400000000140400000001150400000002160400000000170200002A0200003001363101151A7E
2026-03-25 01:08:09 - msg_id_0200 ==> 7E02000042660000000002A84800000000000C000300C6477C049FACD0038900000000260325010808010400000000140400000001150400000002160400000000170200002A020000300136310115507E
2026-03-25 01:08:40 - msg_id_0200 ==> 7E02000042660000000002A85300000000000C000300C6477C049FACC8038900000000260325010839010400000000140400000001150400000002160400000000170200002A020000300136310116617E
2026-03-25 01:09:11 - msg_id_0200 ==> 7E02000042660000000002A85E00000000000C000300C6477D01049FACC8038900000000260325010910010400000000140400000001150400000002160400000000170200002A020000300136310114477E
2026-03-25 01:09:42 - msg_id_0200 ==> 7E02000042660000000002A86900000000000C000300C6477D02049FACC8038900000000260325010941010400000000140400000001150400000002160400000000170200002A02000030014A3101165C7E
2026-03-25 01:10:13 - msg_id_0200 ==> 7E02000042660000000002A87400000000000C000300C6477C049FACC0038900000000260325011012010400000000140400000001150400000002160400000000170200002A02000030014A310112057E
2026-03-25 01:10:48 - msg_id_0200 ==> 7E02000042660000000002A88200000000000C000300C6477A049FACC0038900000000260325011047010400000000140400000001150400000002160400000000170200002A02000030014A310114A67E
2026-03-25 01:11:19 - msg_id_0200 ==> 7E02000042660000000002A88D00000000000C000300C64779049FACC0038900000000260325011118010400000000140400000001150400000002160400000000170200002A02000030014A310114F47E
2026-03-25 01:11:50 - msg_id_0200 ==> 7E02000042660000000002A89800000000000C000300C64779049FACC0038900000000260325011149010400000000140400000001150400000002160400000000170200002A02000030014A310114B07E
2026-03-25 01:12:21 - msg_id_0200 ==> 7E02000042660000000002A8A300000000000C000300C6477B049FACC0038900000000260325011220010400000000140400000001150400000002160400000000170200002A02000030014A310114E37E
2026-03-25 01:12:52 - msg_id_0200 ==> 7E02000042660000000002A8AE00000000000C000300C6477A049FACC0038900000000260325011251010400000000140400000001150400000002160400000000170200002A02000030014A3101159F7E
2026-03-25 01:13:23 - msg_id_0200 ==> 7E02000042660000000002A8B900000000000C000300C6477B049FACC0038900000000260325011322010400000000140400000001150400000002160400000000170200002A02000030014A310115FB7E
2026-03-25 01:13:54 - msg_id_0200 ==> 7E02000042660000000002A8C400000000000C000300C6477D01049FACC0038900000000260325011353010400000000140400000001150400000002160400000000170200002A02000030014A310113F77E
2026-03-25 01:14:25 - msg_id_0200 ==> 7E02000042660000000002A8CF00000000000C000300C6477D01049FACC0038900000000260325011424010400000000140400000001150400000002160400000000170200002A02000030014A3101138C7E
2026-03-25 01:14:56 - msg_id_0200 ==> 7E02000042660000000002A8DA00000000000C000300C6477D02049FACB8038900000000260325011455010400000000140400000001150400000002160400000000170200002A02000030014A310114947E
2026-03-25 01:15:27 - msg_id_0200 ==> 7E02000042660000000002A8E500000000000C000300C64780049FACB8038900000000260325011526010400000000140400000001150400000002160400000000170200002A02000030014A310116257E
2026-03-25 01:15:58 - msg_id_0200 ==> 7E02000042660000000002A8F000000000000C000300C6477F049FACB8038900000000260325011557010400000000140400000001150400000002160400000000170200002A02000030014A310116BE7E
2026-03-25 01:16:29 - msg_id_0200 ==> 7E02000042660000000002A8FB00000000000C000300C64781049FACC0038900000000260325011628010400000000140400000001150400000002160400000000170200002A02000030014A3101134A7E
2026-03-25 01:17:00 - msg_id_0200 ==> 7E02000042660000000002A90600000000000C000300C64781049FACB8038900000000260325011659010400000000140400000001150400000002160400000000170200002A02000030014A310117BB7E
2026-03-25 01:17:31 - msg_id_0200 ==> 7E02000042660000000002A91100000000000C000300C64780049FACB8038900000000260325011730010400000000140400000001150400000002160400000000170200002A02000030014A310116C47E
2026-03-25 01:18:02 - msg_id_0200 ==> 7E02000042660000000002A91C00000000000C000300C64780049FACB8038900000000260325011801010400000000140400000001150400000002160400000000170200002A02000030014A310117F67E
2026-03-25 01:18:33 - msg_id_0200 ==> 7E02000042660000000002A92700000000000C000300C64781049FACC0038900000000260325011832010400000000140400000001150400000002160400000000170200002A02000030014A310116867E
2026-03-25 01:19:04 - msg_id_0200 ==> 7E02000042660000000002A93200000000000C000300C64782049FACC0038900000000260325011903010400000000140400000001150400000002160400000000170200002A02000030014A310117A17E
2026-03-25 01:19:35 - msg_id_0200 ==> 7E02000042660000000002A93D00000000000C000300C64783049FACC0038900000000260325011934010400000000140400000001150400000002160400000000170200002A02000030014A310116997E
2026-03-25 01:20:06 - msg_id_0200 ==> 7E02000042660000000002A94800000000000C000300C64782049FACC0038900000000260325012005010400000000140400000001150400000002160400000000170200002A02000030014A310114E77E
2026-03-25 01:20:37 - msg_id_0200 ==> 7E02000042660000000002A95300000000000C000300C64786049FACB8038900000000260325012036010400000000140400000001150400000002160400000000170200002A02000030014A310115B27E
2026-03-25 01:21:08 - msg_id_0200 ==> 7E02000042660000000002A95E00000000000C000300C64783049FACB8038900000000260325012107010400000000140400000001150400000002160400000000170200002A02000030014A3101148B7E
2026-03-25 01:21:39 - msg_id_0200 ==> 7E02000042660000000002A96900000000000C000300C64782049FACC0038900000000260325012138010400000000140400000001150400000002160400000000170200002A020000300130310116827E
2026-03-25 01:22:10 - msg_id_0200 ==> 7E02000042660000000002A97400000000000C000300C64780049FACB8038900000000260325012209010400000000140400000001150400000002160400000000170200002A020000300130310116D77E
2026-03-25 01:22:41 - msg_id_0200 ==> 7E02000042660000000002A97F00000100000C000300C6477F049FACB8038900000000260325012240010400000000140400000001150400000002160400000000170200002A0200003001303101166B7E
2026-03-25 01:22:46 - msg_id_0200 ==> 7E02000042660000000002A98200000000000C000300C6477F049FACB8038900000000260325012245010400000000140400000001150400000002160400000000170200002A020000300130310114907E
2026-03-25 01:23:17 - msg_id_0200 ==> 7E02000042660000000002A98D00000000000C000300C6477F049FACB8038900000000260325012316010400000000140400000001150400000002160400000000170200002A020000300130310113CA7E
2026-03-25 01:23:48 - msg_id_0200 ==> 7E02000042660000000002A99800000000000C000300C6477F049FACB8038900000000260325012347010400000000140400000001150400000002160400000000170200002A020000300130310115887E
2026-03-25 01:24:19 - msg_id_0200 ==> 7E02000042660000000002A9A300000000000C000300C6477D02049FACB8038900000000260325012418010400000000140400000001150400000002160400000000170200002A020000300130310114EB7E
2026-03-25 01:24:50 - msg_id_0200 ==> 7E02000042660000000002A9AE00000000000C000300C6477D01049FACB8038900000000260325012449010400000000140400000001150400000002160400000000170200002A020000300130310112B27E
2026-03-25 01:25:21 - msg_id_0200 ==> 7E02000042660000000002A9B900000000000C000300C6477D02049FACB8038900000000260325012520010400000000140400000001150400000002160400000000170200002A020000300130310117CB7E
2026-03-25 01:25:52 - msg_id_0200 ==> 7E02000042660000000002A9C400000000000C000300C6477D02049FACB8038900000000260325012551010400000000140400000001150400000002160400000000170200002A020000300130310115C57E
2026-03-25 01:26:23 - msg_id_0200 ==> 7E02000042660000000002A9CF00000000000C000300C6477D02049FACB0038A00000000260325012622010400000000140400000001150400000002160400000000170200002A020000300130310116B67E
2026-03-25 01:26:54 - msg_id_0200 ==> 7E02000042660000000002A9DA00000000000C000300C6477D02049FACB0038A00000000260325012653010400000000140400000001150400000002160400000000170200002A020000300130310115D17E
2026-03-25 01:27:25 - msg_id_0200 ==> 7E02000042660000000002A9E500000000000C000300C6477F049FACB0038A00000000260325012724010400000000140400000001150400000002160400000000170200002A020000300130310115997E
2026-03-25 01:27:56 - msg_id_0200 ==> 7E02000042660000000002A9F000000000000C000300C6477D01049FACB0038A00000000260325012755010400000000140400000001150400000002160400000000170200002A020000300130310115FF7E
2026-03-25 01:28:27 - msg_id_0200 ==> 7E02000042660000000002A9FB00000000000C000300C6477D01049FACB0038A00000000260325012826010400000000140400000001150400000002160400000000170200002A0200003001303101178A7E
2026-03-25 01:28:58 - msg_id_0200 ==> 7E02000042660000000002AA0600000000000C000300C6477F049FACA8038A00000000260325012857010400000000140400000001150400000002160400000000170200002A0200003001303101161E7E
2026-03-25 01:29:29 - msg_id_0200 ==> 7E02000042660000000002AA1100000000000C000300C6477F049FACA8038A00000000260325012928010400000000140400000001150400000002160400000000170200002A020000300130310111707E
2026-03-25 01:30:00 - msg_id_0200 ==> 7E02000042660000000002AA1C00000000000C000300C6477D02049FACB0038A00000000260325012959010400000000140400000001150400000002160400000000170200002A020000300130310113177E
2026-03-25 01:30:31 - msg_id_0200 ==> 7E02000042660000000002AA2700000000000C000300C6477D02049FACB0038A00000000260325013030010400000000140400000001150400000002160400000000170200002A0200003001303101135C7E
2026-03-25 01:31:02 - msg_id_0200 ==> 7E02000042660000000002AA3200000000000C000300C6477B049FACB0038A00000000260325013101010400000000140400000001150400000002160400000000170200002A0200003001303101147B7E
2026-03-25 01:31:33 - msg_id_0200 ==> 7E02000042660000000002AA3D00000000000C000300C64778049FACB0038A00000000260325013132010400000000140400000001150400000002160400000000170200002A020000300130310114447E
2026-03-25 01:32:04 - msg_id_0200 ==> 7E02000042660000000002AA4800000000000C000300C64779049FACB0038A00000000260325013203010400000000140400000001150400000002160400000000170200002A020000300130310116007E
2026-03-25 01:32:35 - msg_id_0200 ==> 7E02000042660000000002AA5300000000000C000300C64779049FACB8038A00000000260325013234010400000000140400000001150400000002160400000000170200002A020000300130310114267E
2026-03-25 01:33:06 - msg_id_0200 ==> 7E02000042660000000002AA5E00000000000C000300C6477B049FACB8038A00000000260325013305010400000000140400000001150400000002160400000000170200002A0200003001303101131E7E
2026-03-25 01:33:37 - msg_id_0200 ==> 7E02000042660000000002AA6900000000000C000300C6477B049FACB8038A00000000260325013336010400000000140400000001150400000002160400000000170200002A0200003001303101131A7E
2026-03-25 01:34:08 - msg_id_0200 ==> 7E02000042660000000002AA7400000000000C000300C6477A049FACB0038A00000000260325013407010400000000140400000001150400000002160400000000170200002A0200003001303101143F7E
2026-03-25 01:34:38 - msg_id_0200 ==> 7E02000042660000000002AA7F00000100000C000300C6477A049FACB0038A00000000260325013437010400000000140400000001150400000002160400000000170200002A020000300130310115047E
2026-03-25 01:34:43 - msg_id_0200 ==> 7E02000042660000000002AA8200000000000C000300C64779049FACB0038A00000000260325013442010400000000140400000001150400000002160400000000170200002A0200003001303101158E7E
2026-03-25 01:35:14 - msg_id_0200 ==> 7E02000042660000000002AA8D00000000000C000300C64778049FACB0038A00000000260325013513010400000000140400000001150400000002160400000000170200002A020000300130310114D17E
2026-03-25 01:35:45 - msg_id_0200 ==> 7E02000042660000000002AA9800000000000C000300C6477A049FACB0038A00000000260325013544010400000000140400000001150400000002160400000000170200002A020000300130310112977E
2026-03-25 01:36:16 - msg_id_0200 ==> 7E02000042660000000002AAA300000000000C000300C6477B049FACB0038A00000000260325013615010400000000140400000001150400000002160400000000170200002A020000300130310112FF7E
2026-03-25 01:36:47 - msg_id_0200 ==> 7E02000042660000000002AAAE00000000000C000300C6477A049FACB0038A00000000260325013646010400000000140400000001150400000002160400000000170200002A020000300130310113A17E
2026-03-25 01:37:18 - msg_id_0200 ==> 7E02000042660000000002AAB900000000000C000300C6477C049FACB0038A00000000260325013717010400000000140400000001150400000002160400000000170200002A020000300130310113E07E
2026-03-25 01:37:49 - msg_id_0200 ==> 7E02000042660000000002AAC400000000000C000300C6477D01049FACB8038A00000000260325013748010400000000140400000001150400000002160400000000170200002A020000300130310115CD7E
2026-03-25 01:38:20 - msg_id_0200 ==> 7E02000042660000000002AACF00000000000C000300C6477C049FACB8038A00000000260325013819010400000000140400000001150400000002160400000000170200002A020000300130310115997E
2026-03-25 01:38:51 - msg_id_0200 ==> 7E02000042660000000002AADA00000000000C000300C6477B049FACB8038A00000000260325013850010400000000140400000001150400000002160400000000170200002A020000300130310115C27E
2026-03-25 01:39:22 - msg_id_0200 ==> 7E02000042660000000002AAE500000000000C000300C6477A049FACB8038A00000000260325013921010400000000140400000001150400000002160400000000170200002A0200003001303101158C7E
2026-03-25 01:39:53 - msg_id_0200 ==> 7E02000042660000000002AAF000000000000C000300C64779049FACB8038A00000000260325013952010400000000140400000001150400000002160400000000170200002A020000300130310114E87E
2026-03-25 01:40:24 - msg_id_0200 ==> 7E02000042660000000002AAFB00000000000C000300C64777049FACB8038A00000000260325014023010400000000140400000001150400000002160400000000170200002A020000300130310114E57E
2026-03-25 01:40:55 - msg_id_0200 ==> 7E02000042660000000002AB0600000000000C000300C64773049FACB0038A00000000260325014054010400000000140400000001150400000002160400000000170200002A020000300130310115637E
2026-03-25 01:41:26 - msg_id_0200 ==> 7E02000042660000000002AB1100000000000C000300C64770049FACB0038A00000000260325014125010400000000140400000001150400000002160400000000170200002A020000300130310114067E
2026-03-25 01:41:57 - msg_id_0200 ==> 7E02000042660000000002AB1C00000000000C000300C6476E049FACB0038A00000000260325014156010400000000140400000001150400000002160400000000170200002A020000300130310112607E
2026-03-25 01:42:28 - msg_id_0200 ==> 7E02000042660000000002AB2700000000000C000300C6476B049FACB0038A00000000260325014227010400000000140400000001150400000002160400000000170200002A0200003001303101152B7E
2026-03-25 01:42:59 - msg_id_0200 ==> 7E02000042660000000002AB3200000000000C000300C6476B049FACA8038A00000000260325014258010400000000140400000001150400000002160400000000170200002A0200003001303101135F7E
2026-03-25 01:43:30 - msg_id_0200 ==> 7E02000042660000000002AB3D00000000000C000300C6476A049FACA8038A00000000260325014329010400000000140400000001150400000002160400000000170200002A020000300130310112207E
2026-03-25 01:44:01 - msg_id_0200 ==> 7E02000042660000000002AB4800000000000C000300C64769049FACB0038A00000000260325014400010400000000140400000001150400000002160400000000170200002A020000300130310111637E
2026-03-25 01:44:32 - msg_id_0200 ==> 7E02000042660000000002AB5300000000000C000300C6476C049FACB0038A00000000260325014431010400000000140400000001150400000002160400000000170200002A020000300130310114497E
2026-03-25 01:45:03 - msg_id_0200 ==> 7E02000042660000000002AB5E00000000000C000300C6476F049FACB8038900000000260325014502010400000000140400000001150400000002160400000000170200002A0200003001303101147D027E
2026-03-25 01:45:34 - msg_id_0200 ==> 7E02000042660000000002AB6900000000000C000300C6476D049FACB8038A00000000260325014533010400000000140400000001150400000002160400000000170200002A0200003001303101167B7E
2026-03-25 01:46:05 - msg_id_0200 ==> 7E02000042660000000002AB7400000000000C000300C64767049FACB8038A00000000260325014604010400000000140400000001150400000002160400000000170200002A0200003001303101155B7E
2026-03-25 01:46:36 - msg_id_0200 ==> 7E02000042660000000002AB7F00000100000C000300C64762049FACB8038A00000000260325014635010400000000140400000001150400000002160400000000170200002A020000300130310114647E
2026-03-25 01:46:41 - msg_id_0200 ==> 7E02000042660000000002AB8200000000000C000300C64763049FACB0038A00000000260325014640010400000000140400000001150400000002160400000000170200002A020000300130310116E67E
2026-03-25 01:47:12 - msg_id_0200 ==> 7E02000042660000000002AB8D00000000000C000300C64768049FACB0038A00000000260325014711010400000000140400000001150400000002160400000000170200002A020000300130310114B07E
2026-03-25 01:47:43 - msg_id_0200 ==> 7E02000042660000000002AB9800000000000C000300C6476B049FACB0038A00000000260325014742010400000000140400000001150400000002160400000000170200002A020000300130310114F57E
2026-03-25 01:48:14 - msg_id_0200 ==> 7E02000042660000000002ABA300000000000C000300C6476C049FACB0038A00000000260325014813010400000000140400000001150400000002160400000000170200002A020000300130310113907E
2026-03-25 01:48:45 - msg_id_0200 ==> 7E02000042660000000002ABAE00000000000C000300C6476D049FACB0038A00000000260325014844010400000000140400000001150400000002160400000000170200002A020000300130310115CD7E
2026-03-25 01:49:16 - msg_id_0200 ==> 7E02000042660000000002ABB900000000000C000300C6476D049FACB0038900000000260325014915010400000000140400000001150400000002160400000000170200002A020000300130310115897E
2026-03-25 01:49:47 - msg_id_0200 ==> 7E02000042660000000002ABC400000000000C000300C6476F049FACA8038900000000260325014946010400000000140400000001150400000002160400000000170200002A020000300130310114BC7E
2026-03-25 01:50:18 - msg_id_0200 ==> 7E02000042660000000002ABCF00000000000C000300C64773049FACA8038900000000260325015017010400000000140400000001150400000002160400000000170200002A020000300130310114E37E
2026-03-25 01:50:49 - msg_id_0200 ==> 7E02000042660000000002ABDA00000000000C000300C64773049FACA8038900000000260325015048010400000000140400000001150400000002160400000000170200002A020000300130310116AB7E
2026-03-25 01:51:20 - msg_id_0200 ==> 7E02000042660000000002ABE500000000000C000300C64774049FACA8038900000000260325015119010400000000140400000001150400000002160400000000170200002A020000300130310116C37E
2026-03-25 01:51:51 - msg_id_0200 ==> 7E02000042660000000002ABF000000000000C000300C64775049FACA8038A00000000260325015150010400000000140400000001150400000002160400000000170200002A0200003001303101159E7E
2026-03-25 01:52:22 - msg_id_0200 ==> 7E02000042660000000002ABFB00000000000C000300C64776049FACA0038900000000260325015221010400000000140400000001150400000002160400000000170200002A020000300130310113E97E
2026-03-25 01:52:53 - msg_id_0200 ==> 7E02000042660000000002AC0600000000000C000300C64778049FACA0038900000000260325015252010400000000140400000001150400000002160400000000170200002A0200003001303101136E7E
2026-03-25 01:53:24 - msg_id_0200 ==> 7E02000042660000000002AC1100000000000C000300C64778049FACA0038A00000000260325015323010400000000140400000001150400000002160400000000170200002A0200003001303101120B7E
2026-03-25 01:53:55 - msg_id_0200 ==> 7E02000042660000000002AC1C00000000000C000300C64779049FACA0038A00000000260325015354010400000000140400000001150400000002160400000000170200002A020000300130310111737E
2026-03-25 01:54:26 - msg_id_0200 ==> 7E02000042660000000002AC2700000000000C000300C64778049FACA0038900000000260325015425010400000000140400000001150400000002160400000000170200002A020000300130310114397E
2026-03-25 01:54:57 - msg_id_0200 ==> 7E02000042660000000002AC3200000000000C000300C64778049FAC98038900000000260325015456010400000000140400000001150400000002160400000000170200002A020000300130310115667E
2026-03-25 01:55:28 - msg_id_0200 ==> 7E02000042660000000002AC3D00000000000C000300C64778049FAC98038900000000260325015527010400000000140400000001150400000002160400000000170200002A0200003001303101131F7E
2026-03-25 01:55:59 - msg_id_0200 ==> 7E02000042660000000002AC4800000000000C000300C64777049FAC98038900000000260325015558010400000000140400000001150400000002160400000000170200002A0200003001303101131A7E
2026-03-25 01:56:30 - msg_id_0200 ==> 7E02000042660000000002AC5300000000000C000300C64779049FAC98038A00000000260325015629010400000000140400000001150400000002160400000000170200002A0200003001303101127F7E
2026-03-25 01:57:01 - msg_id_0200 ==> 7E02000042660000000002AC5E00000000000C000300C64778049FAC98038900000000260325015700010400000000140400000001150400000002160400000000170200002A020000300130310113597E
2026-03-25 01:57:32 - msg_id_0200 ==> 7E02000042660000000002AC6900000000000C000300C64779049FAC98038A00000000260325015731010400000000140400000001150400000002160400000000170200002A0200003001303101135D7E
2026-03-25 01:58:03 - msg_id_0200 ==> 7E02000042660000000002AC7400000000000C000300C6477C049FAC98038A00000000260325015802010400000000140400000001150400000002160400000000170200002A0200003001303101147D027E
2026-03-25 01:58:33 - msg_id_0200 ==> 7E02000042660000000002AC7F00000100000C000300C6477B049FAC98038A00000000260325015832010400000000140400000001150400000002160400000000170200002A020000300130310112457E
2026-03-25 01:58:38 - msg_id_0200 ==> 7E02000042660000000002AC8200000000000C000300C6477B049FAC98038A00000000260325015837010400000000140400000001150400000002160400000000170200002A020000300130310113BD7E
2026-03-25 01:59:09 - msg_id_0200 ==> 7E02000042660000000002AC8D00000000000C000300C64778049FAC98038A00000000260325015908010400000000140400000001150400000002160400000000170200002A020000300130310115897E
2026-03-25 01:59:40 - msg_id_0200 ==> 7E02000042660000000002AC9800000000000C000300C64778049FAC98038A00000000260325015939010400000000140400000001150400000002160400000000170200002A020000300130310116AE7E
2026-03-25 02:00:11 - msg_id_0200 ==> 7E02000042660000000002ACA300000000000C000300C6477A049FAC98038A00000000260325020010010400000000140400000001150400000002160400000000170200002A020000300130310112E07E
2026-03-25 02:00:42 - msg_id_0200 ==> 7E02000042660000000002ACAE00000000000C000300C6477C049FAC98038A00000000260325020041010400000000140400000001150400000002160400000000170200002A020000300130310115BD7E
2026-03-25 02:01:13 - msg_id_0200 ==> 7E02000042660000000002ACB900000000000C000300C6477B049FAC98038A00000000260325020112010400000000140400000001150400000002160400000000170200002A020000300130310115FF7E
2026-03-25 02:01:44 - msg_id_0200 ==> 7E02000042660000000002ACC400000000000C000300C64779049FAC98038A00000000260325020143010400000000140400000001150400000002160400000000170200002A020000300130310114D07E
2026-03-25 02:02:15 - msg_id_0200 ==> 7E02000042660000000002ACCF00000000000C000300C64779049FAC98038A00000000260325020214010400000000140400000001150400000002160400000000170200002A020000300130310113887E
2026-03-25 02:02:46 - msg_id_0200 ==> 7E02000042660000000002ACDA00000000000C000300C64778049FAC98038A00000000260325020245010400000000140400000001150400000002160400000000170200002A020000300130310114CA7E
2026-03-25 02:03:17 - msg_id_0200 ==> 7E02000042660000000002ACE500000000000C000300C64778049FAC98038A00000000260325020316010400000000140400000001150400000002160400000000170200002A020000300130310115A67E
2026-03-25 02:03:48 - msg_id_0200 ==> 7E02000042660000000002ACF000000000000C000300C64778049FAC98038A00000000260325020347010400000000140400000001150400000002160400000000170200002A020000300130310112E57E
2026-03-25 02:04:19 - msg_id_0200 ==> 7E02000042660000000002ACFB00000000000C000300C64777049FAC90038A00000000260325020418010400000000140400000001150400000002160400000000170200002A020000300130310112B17E
2026-03-25 02:04:50 - msg_id_0200 ==> 7E02000042660000000002AD0600000000000C000300C64777049FAC90038A00000000260325020449010400000000140400000001150400000002160400000000170200002A0200003001303101111F7E
2026-03-25 02:05:21 - msg_id_0200 ==> 7E02000042660000000002AD1100000000000C000300C64778049FAC88038A00000000260325020520010400000000140400000001150400000002160400000000170200002A020000300130310112747E
2026-03-25 02:05:52 - msg_id_0200 ==> 7E02000042660000000002AD1C00000000000C000300C6477C049FAC88038A00000000260325020551010400000000140400000001150400000002160400000000170200002A0200003001303101150B7E
2026-03-25 02:06:23 - msg_id_0200 ==> 7E02000042660000000002AD2700000000000C000300C6477C049FAC88038A00000000260325020622010400000000140400000001150400000002160400000000170200002A020000300130310113467E
2026-03-25 02:06:54 - msg_id_0200 ==> 7E02000042660000000002AD3200000000000C000300C6477D01049FAC88038A00000000260325020653010400000000140400000001150400000002160400000000170200002A020000300130310114247E
2026-03-25 02:07:25 - msg_id_0200 ==> 7E02000042660000000002AD3D00000000000C000300C6477B049FAC88038B00000000260325020724010400000000140400000001150400000002160400000000170200002A0200003001303101155B7E
2026-03-25 02:07:56 - msg_id_0200 ==> 7E02000042660000000002AD4800000000000C000300C6477C049FAC90038B00000000260325020755010400000000140400000001150400000002160400000000170200002A020000300130310114417E
2026-03-25 02:08:27 - msg_id_0200 ==> 7E02000042660000000002AD5300000000000C000300C64779049FAC90038A00000000260325020826010400000000140400000001150400000002160400000000170200002A020000300130310114227E
2026-03-25 02:08:58 - msg_id_0200 ==> 7E02000042660000000002AD5E00000000000C000300C6477A049FAC90038A00000000260325020857010400000000140400000001150400000002160400000000170200002A0200003001303101165F7E
2026-03-25 02:09:29 - msg_id_0200 ==> 7E02000042660000000002AD6900000000000C000300C64778049FAC88038A00000000260325020928010400000000140400000001150400000002160400000000170200002A0200003001303101150F7E
2026-03-25 02:10:00 - msg_id_0200 ==> 7E02000042660000000002AD7400000000000C000300C6477D01049FAC88038B00000000260325020959010400000000140400000001150400000002160400000000170200002A020000300130310116647E
2026-03-25 02:10:31 - msg_id_0200 ==> 7E02000042660000000002AD7F00000100000C000300C6477D02049FAC88038B00000000260325021030010400000000140400000001150400000002160400000000170200002A0200003001303101171C7E
2026-03-25 02:10:36 - msg_id_0200 ==> 7E02000042660000000002AD8200000000000C000300C6477D02049FAC88038B00000000260325021035010400000000140400000001150400000002160400000000170200002A020000300130310116E47E
2026-03-25 02:11:07 - msg_id_0200 ==> 7E02000042660000000002AD8D00000000000C000300C64780049FAC88038B00000000260325021106010400000000140400000001150400000002160400000000170200002A020000300130310115247E
2026-03-25 02:11:38 - msg_id_0200 ==> 7E02000042660000000002AD9800000000000C000300C64781049FAC80038B00000000260325021137010400000000140400000001150400000002160400000000170200002A0200003001303101160A7E
2026-03-25 02:12:09 - msg_id_0200 ==> 7E02000042660000000002ADA300000000000C000300C64782049FAC80038B00000000260325021208010400000000140400000001150400000002160400000000170200002A0200003001363101140A7E
2026-03-25 02:12:40 - msg_id_0200 ==> 7E02000042660000000002ADAE00000000000C000300C64781049FAC80038B00000000260325021239010400000000140400000001150400000002160400000000170200002A020000300130310111367E
2026-03-25 02:13:11 - msg_id_0200 ==> 7E02000042660000000002ADB900000000000C000300C64781049FAC80038C00000000260325021310010400000000140400000001150400000002160400000000170200002A0200003001303101130C7E
2026-03-25 02:13:42 - msg_id_0200 ==> 7E02000042660000000002ADC400000000000C000300C64781049FAC80038C00000000260325021341010400000000140400000001150400000002160400000000170200002A020000300130310115267E
2026-03-25 02:14:13 - msg_id_0200 ==> 7E02000042660000000002ADCF00000000000C000300C6477F049FAC80038C00000000260325021412010400000000140400000001150400000002160400000000170200002A020000300136310116827E
2026-03-25 02:15:15 - msg_id_0200 ==> 7E02000042660000000002ADDA00000000000C000300C6477F049FAC80038C00000000260325021443010400000000140400000001150400000002160400000000170200002A020000300130310116C07E
2026-03-25 02:15:15 - msg_id_0200 ==> 7E02000042660000000002ADDE00000100000C000300C6477F049FAC80038C00000000260325021454010400000000140400000001150400000002160400000000170200002A020000300130310113D77E
2026-03-25 02:15:16 - msg_id_0200 ==> 7E02000042660000000002ADE100000000000C000300C6477F049FAC80038C00000000260325021515010400000000140400000001150400000002160400000000170200002A020000300143310115DC7E
2026-03-25 02:15:47 - msg_id_0200 ==> 7E02000042660000000002ADEC00000000000C000300C6477F049FAC88038C00000000260325021546010400000000140400000001150400000002160400000000170200002A0200003001433101128D7E
2026-03-25 02:16:18 - msg_id_0200 ==> 7E02000042660000000002ADF700000000000C000300C6477F049FAC88038C00000000260325021617010400000000140400000001150400000002160400000000170200002A02000030014A310115CA7E
2026-03-25 02:16:49 - msg_id_0200 ==> 7E02000042660000000002AE0200000000000C000300C6477F049FAC88038C00000000260325021648010400000000140400000001150400000002160400000000170200002A02000030014A310117617E
2026-03-25 02:17:20 - msg_id_0200 ==> 7E02000042660000000002AE0D00000000000C000300C64780049FAC90038C00000000260325021719010400000000140400000001150400000002160400000000170200002A02000030014A310114DA7E
2026-03-25 02:17:51 - msg_id_0200 ==> 7E02000042660000000002AE1800000000000C000300C64782049FAC90038C00000000260325021750010400000000140400000001150400000002160400000000170200002A02000030014A310117877E
2026-03-25 02:18:22 - msg_id_0200 ==> 7E02000042660000000002AE2300000000000C000300C64782049FAC90038D00000000260325021821010400000000140400000001150400000002160400000000170200002A02000030014A310115C17E
2026-03-25 02:18:53 - msg_id_0200 ==> 7E02000042660000000002AE2E00000000000C000300C64783049FAC90038D00000000260325021852010400000000140400000001150400000002160400000000170200002A02000030014A310113B87E
2026-03-25 02:19:24 - msg_id_0200 ==> 7E02000042660000000002AE3900000000000C000300C64784049FAC90038D00000000260325021923010400000000140400000001150400000002160400000000170200002A02000030014A310115DE7E
2026-03-25 02:19:55 - msg_id_0200 ==> 7E02000042660000000002AE4400000000000C000300C64786049FAC98038D00000000260325021954010400000000140400000001150400000002160400000000170200002A02000030014A310114DF7E
2026-03-25 02:20:26 - msg_id_0200 ==> 7E02000042660000000002AE4F00000000000C000300C64784049FAC98038D00000000260325022025010400000000140400000001150400000002160400000000170200002A02000030014A310113997E
2026-03-25 02:20:57 - msg_id_0200 ==> 7E02000042660000000002AE5A00000000000C000300C64784049FAC98038D00000000260325022056010400000000140400000001150400000002160400000000170200002A02000030014A310113FF7E
2026-03-25 02:21:29 - msg_id_0200 ==> 7E02000042660000000002AE6500000000000C000300C64785049FAC98038C00000000260325022127010400000000140400000001150400000002160400000000170200002A02000030014A310111B27E
2026-03-25 02:21:59 - msg_id_0200 ==> 7E02000042660000000002AE7000000000000C000300C64788049FAC98038C00000000260325022158010400000000140400000001150400000002160400000000170200002A02000030014A310111D57E
2026-03-25 02:22:30 - msg_id_0200 ==> 7E02000042660000000002AE7B00000000000C000300C64788049FAC98038C00000000260325022229010400000000140400000001150400000002160400000000170200002A02000030014A310112AF7E
2026-03-25 02:23:01 - msg_id_0200 ==> 7E02000042660000000002AE8800000000000C000300C64786049FACA0038C00000000260325022300010400000000140400000001150400000002160400000000170200002A020000300130310113397E
2026-03-25 02:23:32 - msg_id_0200 ==> 7E02000042660000000002AE9200000000000C000300C64784049FACA8038C00000000260325022331010400000000140400000001150400000002160400000000170200002A020000300130310112197E
2026-03-25 02:24:03 - msg_id_0200 ==> 7E02000042660000000002AE9E00000000000C000300C64782049FACA8038C00000000260325022402010400000000140400000001150400000002160400000000170200002A020000300130310110257E
2026-03-25 02:24:34 - msg_id_0200 ==> 7E02000042660000000002AEA900000000000C000300C64783049FACA8038C00000000260325022433010400000000140400000001150400000002160400000000170200002A020000300130310111237E
2026-03-25 02:25:05 - msg_id_0200 ==> 7E02000042660000000002AEB300000000000C000300C64782049FACA8038C00000000260325022504010400000000140400000001150400000002160400000000170200002A0200003001303101110E7E
2026-03-25 02:25:36 - msg_id_0200 ==> 7E02000042660000000002AEBF00000000000C000300C64782049FACA8038C00000000260325022535010400000000140400000001150400000002160400000000170200002A020000300130310113317E
2026-03-25 02:26:07 - msg_id_0200 ==> 7E02000042660000000002AECA00000000000C000300C64782049FACA8038C00000000260325022606010400000000140400000001150400000002160400000000170200002A020000300130310111767E
2026-03-25 02:26:38 - msg_id_0200 ==> 7E02000042660000000002AED400000000000C000300C64782049FACA8038C00000000260325022637010400000000140400000001150400000002160400000000170200002A020000300130310111597E
2026-03-25 02:27:09 - msg_id_0200 ==> 7E02000042660000000002AEE000000000000C000300C64782049FACA8038D00000000260325022708010400000000140400000001150400000002160400000000170200002A020000300130310111527E
2026-03-25 02:27:40 - msg_id_0200 ==> 7E02000042660000000002AEEB00000000000C000300C64781049FACA8038D00000000260325022739010400000000140400000001150400000002160400000000170200002A020000300130310112687E
2026-03-25 02:28:11 - msg_id_0200 ==> 7E02000042660000000002AEF500000000000C000300C64782049FACB0038D00000000260325022810010400000000140400000001150400000002160400000000170200002A0200003001303101134A7E
2026-03-25 02:28:42 - msg_id_0200 ==> 7E02000042660000000002AF0100000000000C000300C64780049FACB0038D00000000260325022841010400000000140400000001150400000002160400000000170200002A020000300130310112ED7E
2026-03-25 02:29:13 - msg_id_0200 ==> 7E02000042660000000002AF0C00000000000C000300C64780049FACB0038D00000000260325022912010400000000140400000001150400000002160400000000170200002A020000300130310113B37E
2026-03-25 02:29:44 - msg_id_0200 ==> 7E02000042660000000002AF1600000000000C000300C64774049FACB0038D00000000260325022943010400000000140400000001150400000002160400000000170200002A0200003001303101130C7E
2026-03-25 02:30:15 - msg_id_0200 ==> 7E02000042660000000002AF2200000000000C000300C64756049FACA0038D00000000260325023014010400000000140400000001150400000002160400000000170200002A020000300130310114437E
2026-03-25 02:30:46 - msg_id_0200 ==> 7E02000042660000000002AF2D00000000000C000300C64750049FACA8038D00000000260325023045010400000000140400000001150400000002160400000000170200002A020000300130310111167E
2026-03-25 02:31:17 - msg_id_0200 ==> 7E02000042660000000002AF3700000000000C000300C6474B049FACB0038D00000000260325023116010400000000140400000001150400000002160400000000170200002A0200003001303101125E7E
2026-03-25 02:31:48 - msg_id_0200 ==> 7E02000042660000000002AF4300000000000C000300C6474A049FACB8038C00000000260325023147010400000000140400000001150400000002160400000000170200002A02000030013A310113787E
2026-03-25 02:32:19 - msg_id_0200 ==> 7E02000042660000000002AF4E00000000000C000300C64747049FACC0038C00000000260325023218010400000000140400000001150400000002160400000000170200002A020000300133310115537E
2026-03-25 02:32:50 - msg_id_0200 ==> 7E02000042660000000002AF5800000000000C000300C64747049FACC0038C00000000260325023249010400000000140400000001150400000002160400000000170200002A020000300130310115177E
2026-03-25 02:33:21 - msg_id_0200 ==> 7E02000042660000000002AF6400000000000C000300C64744049FACC0038C00000000260325023320010400000000140400000001150400000002160400000000170200002A020000300130310115407E
2026-03-25 02:33:52 - msg_id_0200 ==> 7E02000042660000000002AF6F00000000000C000300C64742049FACB8038C00000000260325023351010400000000140400000001150400000002160400000000170200002A020000300130310114457E
2026-03-25 02:34:23 - msg_id_0200 ==> 7E02000042660000000002AF7900000000000C000300C64740049FACB8038D00000000260325023422010400000000140400000001150400000002160400000000170200002A020000300130310116267E
2026-03-25 02:34:36 - msg_id_0200 ==> 7E02000042660000000002AF7F00000100000C000300C64740049FACB8038D00000000260325023435010400000000140400000001150400000002160400000000170200002A020000300130310116367E
2026-03-25 02:34:54 - msg_id_0200 ==> 7E02000042660000000002AF8600000000000C000300C64741049FACB8038D00000000260325023453010400000000140400000001150400000002160400000000170200002A020000300130310115AA7E
2026-03-25 02:35:25 - msg_id_0200 ==> 7E02000042660000000002AF9100000000000C000300C64741049FACB0038D00000000260325023524010400000000140400000001150400000002160400000000170200002A020000300130310116C07E
2026-03-25 02:35:56 - msg_id_0200 ==> 7E02000042660000000002AF9C00000000000C000300C64741049FACB0038D00000000260325023555010400000000140400000001150400000002160400000000170200002A020000300130310115BF7E
2026-03-25 02:36:27 - msg_id_0200 ==> 7E02000042660000000002AFA700000000000C000300C64741049FACA8038E00000000260325023626010400000000140400000001150400000002160400000000170200002A020000300136310115E97E
2026-03-25 02:36:58 - msg_id_0200 ==> 7E02000042660000000002AFB200000000000C000300C64740049FACA0038E00000000260325023657010400000000140400000001150400000002160400000000170200002A020000300146310116F77E
2026-03-25 02:37:29 - msg_id_0200 ==> 7E02000042660000000002AFBD00000000000C000300C64740049FACA0038E00000000260325023728010400000000140400000001150400000002160400000000170200002A020000300146310116867E
2026-03-25 02:38:00 - msg_id_0200 ==> 7E02000042660000000002AFC800000000000C000300C6473F049FACA0038E00000000260325023759010400000000140400000001150400000002160400000000170200002A020000300146310116FD7E
2026-03-25 02:38:31 - msg_id_0200 ==> 7E02000042660000000002AFD300000000000C000300C64745049FAC98038E00000000260325023830010400000000140400000001150400000002160400000000170200002A020000300146310115C17E
2026-03-25 02:39:02 - msg_id_0200 ==> 7E02000042660000000002AFDE00000000000C000300C64748049FAC98038F00000000260325023901010400000000140400000001150400000002160400000000170200002A020000300146310116F37E
2026-03-25 02:39:33 - msg_id_0200 ==> 7E02000042660000000002AFE900000000000C000300C64748049FAC98038F00000000260325023932010400000000140400000001150400000002160400000000170200002A020000300146310116F77E
2026-03-25 02:40:04 - msg_id_0200 ==> 7E02000042660000000002AFF400000000000C000300C6474C049FAC90038F00000000260325024003010400000000140400000001150400000002160400000000170200002A020000300146310117AF7E
2026-03-25 02:40:35 - msg_id_0200 ==> 7E02000042660000000002AFFF00000000000C000300C6474E049FAC90038F00000000260325024034010400000000140400000001150400000002160400000000170200002A020000300146310117917E
2026-03-25 02:41:06 - msg_id_0200 ==> 7E02000042660000000002B00A00000000000C000300C64751049FAC90038F00000000260325024105010400000000140400000001150400000002160400000000170200002A020000300146310116557E
2026-03-25 02:41:37 - msg_id_0200 ==> 7E02000042660000000002B01500000000000C000300C64755049FAC88038E00000000260325024136010400000000140400000001150400000002160400000000170200002A020000300146310117657E
2026-03-25 02:42:08 - msg_id_0200 ==> 7E02000042660000000002B02000000000000C000300C64756049FAC88038E00000000260325024207010400000000140400000001150400000002160400000000170200002A020000300146310115637E
2026-03-25 02:42:39 - msg_id_0200 ==> 7E02000042660000000002B02B00000000000C000300C64755049FAC88038E00000000260325024238010400000000140400000001150400000002160400000000170200002A020000300146310114557E
2026-03-25 02:43:10 - msg_id_0200 ==> 7E02000042660000000002B03600000000000C000300C64757049FAC88038E00000000260325024309010400000000140400000001150400000002160400000000170200002A020000300146310116787E
2026-03-25 02:43:41 - msg_id_0200 ==> 7E02000042660000000002B04100000000000C000300C64757049FAC80038E00000000260325024340010400000000140400000001150400000002160400000000170200002A0200003001463101144C7E
2026-03-25 02:44:12 - msg_id_0200 ==> 7E02000042660000000002B04C00000000000C000300C64758049FAC78038E00000000260325024411010400000000140400000001150400000002160400000000170200002A020000300146310115E17E
2026-03-25 02:44:43 - msg_id_0200 ==> 7E02000042660000000002B05700000000000C000300C6475B049FAC78038E00000000260325024442010400000000140400000001150400000002160400000000170200002A020000300146310114AB7E
2026-03-25 02:45:14 - msg_id_0200 ==> 7E02000042660000000002B06200000000000C000300C64760049FAC78038E00000000260325024513010400000000140400000001150400000002160400000000170200002A020000300146310114F57E
2026-03-25 02:45:45 - msg_id_0200 ==> 7E02000042660000000002B06D00000000000C000300C64764049FAC78038E00000000260325024544010400000000140400000001150400000002160400000000170200002A020000300146310115A87E
2026-03-25 02:46:16 - msg_id_0200 ==> 7E02000042660000000002B07800000000000C000300C64767049FAC78038D00000000260325024615010400000000140400000001150400000002160400000000170200002A020000300146310115EF7E
2026-03-25 02:46:33 - msg_id_0200 ==> 7E02000042660000000002B07F00000100000C000300C6476B049FAC80038D00000000260325024632010400000000140400000001150400000002160400000000170200002A020000300146310116397E
2026-03-25 02:46:47 - msg_id_0200 ==> 7E02000042660000000002B08500000000000C000300C6476B049FAC80038D00000000260325024646010400000000140400000001150400000002160400000000170200002A020000300146310115B57E
2026-03-25 02:47:18 - msg_id_0200 ==> 7E02000042660000000002B09000000000000C000300C6476E049FAC80038D00000000260325024717010400000000140400000001150400000002160400000000170200002A020000300146310114F47E
2026-03-25 02:47:49 - msg_id_0200 ==> 7E02000042660000000002B09B00000000000C000300C6476A049FAC80038D00000000260325024748010400000000140400000001150400000002160400000000170200002A020000300146310115A57E
2026-03-25 02:48:20 - msg_id_0200 ==> 7E02000042660000000002B0A600000000000C000300C64768049FAC80038D00000000260325024819010400000000140400000001150400000002160400000000170200002A020000300146310115C47E
2026-03-25 02:48:51 - msg_id_0200 ==> 7E02000042660000000002B0B100000000000C000300C6476A049FAC80038E00000000260325024850010400000000140400000001150400000002160400000000170200002A0200003001463101159B7E
2026-03-25 02:49:22 - msg_id_0200 ==> 7E02000042660000000002B0BC00000000000C000300C6476C049FAC80038D00000000260325024921010400000000140400000001150400000002160400000000170200002A020000300146310114E27E
2026-03-25 02:49:53 - msg_id_0200 ==> 7E02000042660000000002B0C700000000000C000300C6476C049FAC80038D00000000260325024952010400000000140400000001150400000002160400000000170200002A020000300146310112EC7E
2026-03-25 02:50:24 - msg_id_0200 ==> 7E02000042660000000002B0D200000000000C000300C6476D049FAC80038D00000000260325025023010400000000140400000001150400000002160400000000170200002A020000300146310113917E
2026-03-25 02:50:55 - msg_id_0200 ==> 7E02000042660000000002B0DD00000000000C000300C6476F049FAC80038D00000000260325025054010400000000140400000001150400000002160400000000170200002A020000300146310115ED7E
2026-03-25 02:51:26 - msg_id_0200 ==> 7E02000042660000000002B0E800000000000C000300C6476E049FAC80038D00000000260325025125010400000000140400000001150400000002160400000000170200002A020000300146310115A97E
2026-03-25 02:51:57 - msg_id_0200 ==> 7E02000042660000000002B0F300000000000C000300C6476F049FAC80038D00000000260325025156010400000000140400000001150400000002160400000000170200002A020000300146310113C67E
2026-03-25 02:52:28 - msg_id_0200 ==> 7E02000042660000000002B0FE00000000000C000300C6476D049FAC80038D00000000260325025227010400000000140400000001150400000002160400000000170200002A020000300146310116BE7E
2026-03-25 02:52:59 - msg_id_0200 ==> 7E02000042660000000002B10900000000000C000300C6476E049FAC80038D00000000260325025258010400000000140400000001150400000002160400000000170200002A020000300146310113317E
2026-03-25 02:53:30 - msg_id_0200 ==> 7E02000042660000000002B11400000000000C000300C6476B049FAC88038E00000000260325025329010400000000140400000001150400000002160400000000170200002A020000300146310113527E
2026-03-25 02:54:01 - msg_id_0200 ==> 7E02000042660000000002B11F00000000000C000300C6476B049FAC88038E00000000260325025400010400000000140400000001150400000002160400000000170200002A020000300146310116727E
2026-03-25 02:54:32 - msg_id_0200 ==> 7E02000042660000000002B12A00000000000C000300C6476C049FAC88038E00000000260325025431010400000000140400000001150400000002160400000000170200002A020000300146310116717E
2026-03-25 02:55:03 - msg_id_0200 ==> 7E02000042660000000002B13500000000000C000300C6476C049FAC80038D00000000260325025502010400000000140400000001150400000002160400000000170200002A020000300146310114557E
2026-03-25 02:55:34 - msg_id_0200 ==> 7E02000042660000000002B14000000000000C000300C6476B049FAC80038D00000000260325025533010400000000140400000001150400000002160400000000170200002A020000300146310114167E
2026-03-25 02:56:05 - msg_id_0200 ==> 7E02000042660000000002B14B00000000000C000300C64769049FAC80038D00000000260325025604010400000000140400000001150400000002160400000000170200002A0200003001463101142B7E
2026-03-25 02:56:35 - msg_id_0200 ==> 7E02000042660000000002B15500000000000C000300C64767049FAC80038D00000000260325025635010400000000140400000001150400000002160400000000170200002A0200003001463101140A7E
2026-03-25 02:57:07 - msg_id_0200 ==> 7E02000042660000000002B16100000000000C000300C64766049FAC80038D00000000260325025706010400000000140400000001150400000002160400000000170200002A0200003001463101130A7E
2026-03-25 02:57:38 - msg_id_0200 ==> 7E02000042660000000002B16C00000000000C000300C64765049FAC80038D00000000260325025737010400000000140400000001150400000002160400000000170200002A020000300146310112347E
2026-03-25 02:58:09 - msg_id_0200 ==> 7E02000042660000000002B17600000000000C000300C64763049FAC80038D00000000260325025808010400000000140400000001150400000002160400000000170200002A020000300146310113197E
2026-03-25 02:58:31 - msg_id_0200 ==> 7E02000042660000000002B17F00000100000C000300C64763049FAC80038D00000000260325025830010400000000140400000001150400000002160400000000170200002A020000300146310112287E
2026-03-25 02:58:40 - msg_id_0200 ==> 7E02000042660000000002B18300000000000C000300C64762049FAC80038D00000000260325025839010400000000140400000001150400000002160400000000170200002A020000300146310113DC7E
2026-03-25 02:59:11 - msg_id_0200 ==> 7E02000042660000000002B18E00000000000C000300C6475F049FAC80038D00000000260325025910010400000000140400000001150400000002160400000000170200002A020000300146310113C47E
2026-03-25 02:59:42 - msg_id_0200 ==> 7E02000042660000000002B19900000000000C000300C6475F049FAC80038D00000000260325025941010400000000140400000001150400000002160400000000170200002A020000300146310113827E
2026-03-25 03:00:13 - msg_id_0200 ==> 7E02000042660000000002B1A400000000000C000300C6475F049FAC88038D00000000260325030012010400000000140400000001150400000002160400000000170200002A020000300146310112BD7E
2026-03-25 03:00:44 - msg_id_0200 ==> 7E02000042660000000002B1AF00000000000C000300C64761049FAC88038D00000000260325030043010400000000140400000001150400000002160400000000170200002A020000300146310114DF7E
2026-03-25 03:01:15 - msg_id_0200 ==> 7E02000042660000000002B1BA00000000000C000300C6475E049FAC88038D00000000260325030114010400000000140400000001150400000002160400000000170200002A020000300130310114D57E
2026-03-25 03:01:46 - msg_id_0200 ==> 7E02000042660000000002B1C500000000000C000300C6475E049FAC88038D00000000260325030145010400000000140400000001150400000002160400000000170200002A020000300130310114FB7E
2026-03-25 03:02:17 - msg_id_0200 ==> 7E02000042660000000002B1D000000000000C000300C6475C049FAC88038D00000000260325030216010400000000140400000001150400000002160400000000170200002A020000300130310113BB7E
2026-03-25 03:02:48 - msg_id_0200 ==> 7E02000042660000000002B1DB00000000000C000300C64760049FAC80038D00000000260325030247010400000000140400000001150400000002160400000000170200002A020000300130310112D47E
2026-03-25 03:03:19 - msg_id_0200 ==> 7E02000042660000000002B1E600000000000C000300C6475E049FAC80038D00000000260325030318010400000000140400000001150400000002160400000000170200002A020000300130310113887E
2026-03-25 03:03:50 - msg_id_0200 ==> 7E02000042660000000002B1F100000000000C000300C6475D049FAC80038E00000000260325030349010400000000140400000001150400000002160400000000170200002A020000300130310112CF7E
2026-03-25 03:04:21 - msg_id_0200 ==> 7E02000042660000000002B1FC00000000000C000300C6475D049FAC80038E00000000260325030420010400000000140400000001150400000002160400000000170200002A020000300146310112DA7E
2026-03-25 03:04:52 - msg_id_0200 ==> 7E02000042660000000002B20700000000000C000300C6475C049FAC80038E00000000260325030451010400000000140400000001150400000002160400000000170200002A020000300146310113537E
2026-03-25 03:05:23 - msg_id_0200 ==> 7E02000042660000000002B21200000000000C000300C6475E049FAC80038E00000000260325030522010400000000140400000001150400000002160400000000170200002A020000300146310112377E
2026-03-25 03:05:54 - msg_id_0200 ==> 7E02000042660000000002B21D00000000000C000300C6475F049FAC80038E00000000260325030553010400000000140400000001150400000002160400000000170200002A020000300146310112487E
2026-03-25 03:06:25 - msg_id_0200 ==> 7E02000042660000000002B22800000000000C000300C6475E049FAC80038E00000000260325030624010400000000140400000001150400000002160400000000170200002A020000300146310113097E
2026-03-25 03:06:56 - msg_id_0200 ==> 7E02000042660000000002B23300000000000C000300C6475B049FAC80038E00000000260325030655010400000000140400000001150400000002160400000000170200002A020000300146310112677E
2026-03-25 03:07:27 - msg_id_0200 ==> 7E02000042660000000002B23E00000000000C000300C6475D049FAC80038E00000000260325030726010400000000140400000001150400000002160400000000170200002A0200003001463101131F7E
2026-03-25 03:07:58 - msg_id_0200 ==> 7E02000042660000000002B24900000000000C000300C6475C049FAC88038E00000000260325030757010400000000140400000001150400000002160400000000170200002A020000300146310112117E
2026-03-25 03:08:29 - msg_id_0200 ==> 7E02000042660000000002B25400000000000C000300C6475B049FAC88038E00000000260325030828010400000000140400000001150400000002160400000000170200002A0200003001463101127B7E
2026-03-25 03:09:00 - msg_id_0200 ==> 7E02000042660000000002B25F00000000000C000300C6475B049FAC88038E00000000260325030859010400000000140400000001150400000002160400000000170200002A020000300146310110037E
2026-03-25 03:09:31 - msg_id_0200 ==> 7E02000042660000000002B26A00000000000C000300C6475B049FAC88038E00000000260325030930010400000000140400000001150400000002160400000000170200002A0200003001463101125C7E
2026-03-25 03:10:02 - msg_id_0200 ==> 7E02000042660000000002B27500000000000C000300C6475A049FAC88038E00000000260325031001010400000000140400000001150400000002160400000000170200002A0200003001463101136B7E
2026-03-25 03:10:34 - msg_id_0200 ==> 7E02000042660000000002B28200000000000C000300C64759049FAC80038E00000000260325031032010400000000140400000001150400000002160400000000170200002A020000300146310111A67E
2026-03-25 03:11:04 - msg_id_0200 ==> 7E02000042660000000002B28D00000000000C000300C64758049FAC80038E00000000260325031103010400000000140400000001150400000002160400000000170200002A0200003001463101149D7E
2026-03-25 03:11:35 - msg_id_0200 ==> 7E02000042660000000002B29800000000000C000300C64758049FAC80038E00000000260325031134010400000000140400000001150400000002160400000000170200002A020000300146310112B97E
2026-03-25 03:12:06 - msg_id_0200 ==> 7E02000042660000000002B2A300000000000C000300C6475B049FAC80038E00000000260325031205010400000000140400000001150400000002160400000000170200002A020000300146310111B07E
2026-03-25 03:12:37 - msg_id_0200 ==> 7E02000042660000000002B2AE00000000000C000300C6475F049FAC80038E00000000260325031236010400000000140400000001150400000002160400000000170200002A020000300146310113887E
2026-03-25 03:13:08 - msg_id_0200 ==> 7E02000042660000000002B2B900000000000C000300C64762049FAC80038D00000000260325031307010400000000140400000001150400000002160400000000170200002A020000300146310113917E
2026-03-25 03:13:39 - msg_id_0200 ==> 7E02000042660000000002B2C400000000000C000300C64761049FAC80038E00000000260325031338010400000000140400000001150400000002160400000000170200002A020000300146310112D27E
2026-03-25 03:14:10 - msg_id_0200 ==> 7E02000042660000000002B2CF00000000000C000300C6475F049FAC88038D00000000260325031409010400000000140400000001150400000002160400000000170200002A020000300146310112DA7E
2026-03-25 03:14:41 - msg_id_0200 ==> 7E02000042660000000002B2DA00000000000C000300C64761049FAC88038D00000000260325031440010400000000140400000001150400000002160400000000170200002A020000300146310113B97E
2026-03-25 03:15:12 - msg_id_0200 ==> 7E02000042660000000002B2E500000000000C000300C64760049FAC88038D00000000260325031511010400000000140400000001150400000002160400000000170200002A020000300146310113D77E
2026-03-25 03:15:43 - msg_id_0200 ==> 7E02000042660000000002B2F000000000000C000300C6475E049FAC88038D00000000260325031542010400000000140400000001150400000002160400000000170200002A020000300146310112AE7E
2026-03-25 03:16:14 - msg_id_0200 ==> 7E02000042660000000002B2FB00000000000C000300C6475B049FAC88038D00000000260325031613010400000000140400000001150400000002160400000000170200002A020000300146310113F37E
2026-03-25 03:16:45 - msg_id_0200 ==> 7E02000042660000000002B30600000000000C000300C6475A049FAC88038C00000000260325031644010400000000140400000001150400000002160400000000170200002A020000300146310113587E
2026-03-25 03:17:16 - msg_id_0200 ==> 7E02000042660000000002B31100000000000C000300C64759049FAC88038C00000000260325031715010400000000140400000001150400000002160400000000170200002A0200003001463101141B7E
2026-03-25 03:17:47 - msg_id_0200 ==> 7E02000042660000000002B31C00000000000C000300C64758049FAC88038C00000000260325031746010400000000140400000001150400000002160400000000170200002A020000300146310114447E
2026-03-25 03:18:18 - msg_id_0200 ==> 7E02000042660000000002B32700000000000C000300C64758049FAC88038C00000000260325031817010400000000140400000001150400000002160400000000170200002A020000300146310114217E
2026-03-25 03:18:49 - msg_id_0200 ==> 7E02000042660000000002B33200000000000C000300C64758049FAC88038C00000000260325031848010400000000140400000001150400000002160400000000170200002A0200003001463101136C7E
2026-03-25 03:19:20 - msg_id_0200 ==> 7E02000042660000000002B33D00000000000C000300C6475B049FAC88038C00000000260325031919010400000000140400000001150400000002160400000000170200002A020000300146310114377E
2026-03-25 03:19:51 - msg_id_0200 ==> 7E02000042660000000002B34800000000000C000300C6475D049FAC88038C00000000260325031950010400000000140400000001150400000002160400000000170200002A0200003001463101150C7E
2026-03-25 03:20:22 - msg_id_0200 ==> 7E02000042660000000002B35300000000000C000300C6475B049FAC88038C00000000260325032021010400000000140400000001150400000002160400000000170200002A020000300146310115597E
2026-03-25 03:20:53 - msg_id_0200 ==> 7E02000042660000000002B35E00000000000C000300C6475C049FAC88038C00000000260325032052010400000000140400000001150400000002160400000000170200002A020000300146310114217E
2026-03-25 03:21:24 - msg_id_0200 ==> 7E02000042660000000002B36900000000000C000300C6475D049FAC88038C00000000260325032123010400000000140400000001150400000002160400000000170200002A020000300146310114677E
2026-03-25 03:21:55 - msg_id_0200 ==> 7E02000042660000000002B37400000000000C000300C6475E049FAC88038C00000000260325032154010400000000140400000001150400000002160400000000170200002A020000300146310113097E
2026-03-25 03:22:31 - msg_id_0200 ==> 7E02000042660000000002B38200000000000C000300C6475D049FAC80038C00000000260325032230010400000000140400000001150400000002160400000000170200002A020000300146310114947E
2026-03-25 03:23:02 - msg_id_0200 ==> 7E02000042660000000002B38D00000000000C000300C6475F049FAC80038C00000000260325032301010400000000140400000001150400000002160400000000170200002A020000300146310114A97E
2026-03-25 03:23:33 - msg_id_0200 ==> 7E02000042660000000002B39800000000000C000300C64761049FAC80038B00000000260325032332010400000000140400000001150400000002160400000000170200002A020000300146310112B07E
2026-03-25 03:24:04 - msg_id_0200 ==> 7E02000042660000000002B3A300000000000C000300C64764049FAC88038B00000000260325032403010400000000140400000001150400000002160400000000170200002A020000300146310113B17E
2026-03-25 03:24:35 - msg_id_0200 ==> 7E02000042660000000002B3AE00000000000C000300C64765049FAC88038B00000000260325032434010400000000140400000001150400000002160400000000170200002A020000300146310111887E
2026-03-25 03:25:06 - msg_id_0200 ==> 7E02000042660000000002B3B900000000000C000300C64767049FAC88038B00000000260325032505010400000000140400000001150400000002160400000000170200002A020000300146310111AD7E
2026-03-25 03:25:37 - msg_id_0200 ==> 7E02000042660000000002B3C400000000000C000300C64769049FAC88038C00000000260325032536010400000000140400000001150400000002160400000000170200002A020000300146310113E87E
2026-03-25 03:26:08 - msg_id_0200 ==> 7E02000042660000000002B3CF00000000000C000300C6476C049FAC88038C00000000260325032607010400000000140400000001150400000002160400000000170200002A020000300146310114D37E
2026-03-25 03:26:39 - msg_id_0200 ==> 7E02000042660000000002B3DA00000000000C000300C6476F049FAC80038C00000000260325032638010400000000140400000001150400000002160400000000170200002A020000300146310113F57E
2026-03-25 03:27:10 - msg_id_0200 ==> 7E02000042660000000002B3E500000000000C000300C6476E049FAC80038C00000000260325032709010400000000140400000001150400000002160400000000170200002A020000300146310113FB7E
2026-03-25 03:27:44 - msg_id_0200 ==> 7E02000042660000000002B3F000000000000C000300C64770049FAC80038C00000000260325032740010400000000140400000001150400000002160400000000170200002A020000300146310114BE7E
2026-03-25 03:28:12 - msg_id_0200 ==> 7E02000042660000000002B3FB00000000000C000300C64779049FAC80038C00000000260325032811010400000000140400000001150400000002160400000000170200002A020000300146310113E57E
2026-03-25 03:28:43 - msg_id_0200 ==> 7E02000042660000000002B40600000000000C000300C6477B049FAC80038C00000000260325032842010400000000140400000001150400000002160400000000170200002A0200003001463101134E7E
2026-03-25 03:29:14 - msg_id_0200 ==> 7E02000042660000000002B41100000000000C000300C6477A049FAC80038C00000000260325032913010400000000140400000001150400000002160400000000170200002A0200003001463101140F7E
2026-03-25 03:29:45 - msg_id_0200 ==> 7E02000042660000000002B41C00000000000C000300C6477B049FAC78038C00000000260325032944010400000000140400000001150400000002160400000000170200002A020000300146310115AD7E
2026-03-25 03:30:16 - msg_id_0200 ==> 7E02000042660000000002B42700000000000C000300C6477A049FAC78038C00000000260325033015010400000000140400000001150400000002160400000000170200002A020000300146310113D97E
2026-03-25 03:30:47 - msg_id_0200 ==> 7E02000042660000000002B43200000000000C000300C64778049FAC78038C00000000260325033046010400000000140400000001150400000002160400000000170200002A0200003001463101149A7E
2026-03-25 03:31:18 - msg_id_0200 ==> 7E02000042660000000002B43D00000000000C000300C6476B049FAC78038C00000000260325033117010400000000140400000001150400000002160400000000170200002A020000300146310114D67E
2026-03-25 03:31:50 - msg_id_0200 ==> 7E02000042660000000002B44800000000000C000300C6476E049FAC78038C00000000260325033148010400000000140400000001150400000002160400000000170200002A020000300146310114F97E
2026-03-25 03:32:20 - msg_id_0200 ==> 7E02000042660000000002B45300000000000C000300C6476F049FAC80038B00000000260325033219010400000000140400000001150400000002160400000000170200002A0200003001463101144E7E
2026-03-25 03:32:51 - msg_id_0200 ==> 7E02000042660000000002B45E00000000000C000300C64768049FAC80038B00000000260325033250010400000000140400000001150400000002160400000000170200002A0200003001463101150C7E
2026-03-25 03:33:22 - msg_id_0200 ==> 7E02000042660000000002B46900000000000C000300C64763049FAC78038B00000000260325033321010400000000140400000001150400000002160400000000170200002A020000300146310115B87E
2026-03-25 03:33:53 - msg_id_0200 ==> 7E02000042660000000002B47400000000000C000300C64762049FAC78038B00000000260325033352010400000000140400000001150400000002160400000000170200002A020000300146310115D77E
2026-03-25 03:34:29 - msg_id_0200 ==> 7E02000042660000000002B48200000000000C000300C64766049FAC68038B00000000260325033428010400000000140400000001150400000002160400000000170200002A0200003001463101124F7E
2026-03-25 03:35:00 - msg_id_0200 ==> 7E02000042660000000002B48D00000000000C000300C64765049FAC58038B00000000260325033459010400000000140400000001150400000002160400000000170200002A020000300146310113037E
2026-03-25 03:35:31 - msg_id_0200 ==> 7E02000042660000000002B49800000000000C000300C64760049FAC58038B00000000260325033530010400000000140400000001150400000002160400000000170200002A0200003001463101127A7E
2026-03-25 03:36:02 - msg_id_0200 ==> 7E02000042660000000002B4A300000000000C000300C6475F049FAC58038B00000000260325033601010400000000140400000001150400000002160400000000170200002A0200003001463101134D7E
2026-03-25 03:36:33 - msg_id_0200 ==> 7E02000042660000000002B4AE00000000000C000300C6475F049FAC58038B00000000260325033632010400000000140400000001150400000002160400000000170200002A020000300146310114747E
2026-03-25 03:37:04 - msg_id_0200 ==> 7E02000042660000000002B4B900000000000C000300C6475F049FAC58038B00000000260325033703010400000000140400000001150400000002160400000000170200002A020000300146310114537E
2026-03-25 03:37:35 - msg_id_0200 ==> 7E02000042660000000002B4C400000000000C000300C6475E049FAC58038B00000000260325033734010400000000140400000001150400000002160400000000170200002A020000300146310114187E
2026-03-25 03:38:06 - msg_id_0200 ==> 7E02000042660000000002B4CF00000000000C000300C6475C049FAC58038A00000000260325033805010400000000140400000001150400000002160400000000170200002A0200003001463101152F7E
2026-03-25 03:38:37 - msg_id_0200 ==> 7E02000042660000000002B4DA00000000000C000300C6475A049FAC58038A00000000260325033836010400000000140400000001150400000002160400000000170200002A0200003001463101150F7E
2026-03-25 03:39:08 - msg_id_0200 ==> 7E02000042660000000002B4E500000000000C000300C64758049FAC58038A00000000260325033907010400000000140400000001150400000002160400000000170200002A020000300146310114037E
2026-03-25 03:39:39 - msg_id_0200 ==> 7E02000042660000000002B4F000000000000C000300C64755049FAC50038A00000000260325033938010400000000140400000001150400000002160400000000170200002A0200003001463101142C7E
2026-03-25 03:40:11 - msg_id_0200 ==> 7E02000042660000000002B4FB00000000000C000300C64754049FAC50038A00000000260325034009010400000000140400000001150400000002160400000000170200002A0200003001463101156F7E
2026-03-25 03:40:41 - msg_id_0200 ==> 7E02000042660000000002B50600000000000C000300C64753049FAC50038A00000000260325034040010400000000140400000001150400000002160400000000170200002A020000300146310110D87E
2026-03-25 03:41:12 - msg_id_0200 ==> 7E02000042660000000002B51100000000000C000300C64753049FAC50038A00000000260325034111010400000000140400000001150400000002160400000000170200002A0200003001463101109F7E
2026-03-25 03:41:43 - msg_id_0200 ==> 7E02000042660000000002B51C00000000000C000300C64752049FAC48038A00000000260325034142010400000000140400000001150400000002160400000000170200002A020000300146310111D97E
2026-03-25 03:42:14 - msg_id_0200 ==> 7E02000042660000000002B52700000000000C000300C6474F049FAC48038A00000000260325034213010400000000140400000001150400000002160400000000170200002A020000300146310113AF7E
2026-03-25 03:42:45 - msg_id_0200 ==> 7E02000042660000000002B53200000000000C000300C6474C049FAC48038A00000000260325034244010400000000140400000001150400000002160400000000170200002A020000300146310113EE7E
2026-03-25 03:43:16 - msg_id_0200 ==> 7E02000042660000000002B53D00000000000C000300C6474B049FAC40038A00000000260325034315010400000000140400000001150400000002160400000000170200002A020000300146310114B97E
2026-03-25 03:43:49 - msg_id_0200 ==> 7E02000042660000000002B54800000000000C000300C64747049FAC40038A00000000260325034346010400000000140400000001150400000002160400000000170200002A020000300146310116917E
2026-03-25 03:44:18 - msg_id_0200 ==> 7E02000042660000000002B55300000000000C000300C64745049FAC40038A00000000260325034417010400000000140400000001150400000002160400000000170200002A020000300146310116DE7E
2026-03-25 03:44:49 - msg_id_0200 ==> 7E02000042660000000002B55E00000000000C000300C64745049FAC40038A00000000260325034448010400000000140400000001150400000002160400000000170200002A0200003001463101148E7E
2026-03-25 03:45:20 - msg_id_0200 ==> 7E02000042660000000002B56900000000000C000300C64743049FAC40038A00000000260325034519010400000000140400000001150400000002160400000000170200002A020000300146310114EF7E
2026-03-25 03:45:51 - msg_id_0200 ==> 7E02000042660000000002B57400000000000C000300C64740049FAC40038A00000000260325034550010400000000140400000001150400000002160400000000170200002A020000300146310114B87E
2026-03-25 03:46:28 - msg_id_0200 ==> 7E02000042660000000002B58200000000000C000300C64734049FAC38038A00000000260325034626010400000000140400000001150400000002160400000000170200002A020000300146310114377E
2026-03-25 03:46:58 - msg_id_0200 ==> 7E02000042660000000002B58D00000000000C000300C6472E049FAC38038A00000000260325034657010400000000140400000001150400000002160400000000170200002A020000300146310114537E
2026-03-25 03:47:29 - msg_id_0200 ==> 7E02000042660000000002B59800000000000C000300C64731049FAC38038A00000000260325034728010400000000140400000001150400000002160400000000170200002A020000300146310111227E
2026-03-25 03:48:00 - msg_id_0200 ==> 7E02000042660000000002B5A300000000000C000300C64731049FAC38038A00000000260325034759010400000000140400000001150400000002160400000000170200002A0200003001463101156C7E
2026-03-25 03:48:31 - msg_id_0200 ==> 7E02000042660000000002B5AE00000000000C000300C64730049FAC30038A00000000260325034830010400000000140400000001150400000002160400000000170200002A0200003001333101147A7E
2026-03-25 03:49:02 - msg_id_0200 ==> 7E02000042660000000002B5B900000000000C000300C6472F049FAC30038A00000000260325034901010400000000140400000001150400000002160400000000170200002A020000300133310111477E
2026-03-25 03:49:33 - msg_id_0200 ==> 7E02000042660000000002B5C400000000000C000300C64731049FAC30038A00000000260325034932010400000000140400000001150400000002160400000000170200002A020000300133310113157E
2026-03-25 03:50:04 - msg_id_0200 ==> 7E02000042660000000002B5CF00000000000C000300C64733049FAC38038A00000000260325035003010400000000140400000001150400000002160400000000170200002A0200003001333101123D7E
2026-03-25 03:50:35 - msg_id_0200 ==> 7E02000042660000000002B5DA00000000000C000300C64732049FAC38038900000000260325035034010400000000140400000001150400000002160400000000170200002A0200003001333101131C7E
2026-03-25 03:51:06 - msg_id_0200 ==> 7E02000042660000000002B5E500000000000C000300C64732049FAC38038900000000260325035105010400000000140400000001150400000002160400000000170200002A020000300133310111117E
2026-03-25 03:51:37 - msg_id_0200 ==> 7E02000042660000000002B5F000000000000C000300C64731049FAC38038900000000260325035136010400000000140400000001150400000002160400000000170200002A020000300133310113367E
2026-03-25 03:52:08 - msg_id_0200 ==> 7E02000042660000000002B5FB00000000000C000300C6472E049FAC30038900000000260325035207010400000000140400000001150400000002160400000000170200002A020000300133310112197E
2026-03-25 03:52:39 - msg_id_0200 ==> 7E02000042660000000002B60600000000000C000300C6472D049FAC30038900000000260325035238010400000000140400000001150400000002160400000000170200002A020000300133310115DC7E
2026-03-25 03:53:10 - msg_id_0200 ==> 7E02000042660000000002B61100000000000C000300C6472C049FAC30038900000000260325035309010400000000140400000001150400000002160400000000170200002A020000300146310112887E
2026-03-25 03:53:41 - msg_id_0200 ==> 7E02000042660000000002B61C00000000000C000300C64730049FAC28038900000000260325035340010400000000140400000001150400000002160400000000170200002A020000300146310112C87E
2026-03-25 03:54:12 - msg_id_0200 ==> 7E02000042660000000002B62700000000000C000300C64732049FAC28038900000000260325035411010400000000140400000001150400000002160400000000170200002A020000300146310112A77E
2026-03-25 03:54:43 - msg_id_0200 ==> 7E02000042660000000002B63200000000000C000300C64732049FAC20038900000000260325035442010400000000140400000001150400000002160400000000170200002A020000300146310111EA7E
2026-03-25 03:55:14 - msg_id_0200 ==> 7E02000042660000000002B63D00000000000C000300C64732049FAC20038900000000260325035513010400000000140400000001150400000002160400000000170200002A020000300146310111B57E
2026-03-25 03:55:45 - msg_id_0200 ==> 7E02000042660000000002B64800000000000C000300C6472F049FAC20038900000000260325035544010400000000140400000001150400000002160400000000170200002A0200003001463101118A7E
2026-03-25 03:56:16 - msg_id_0200 ==> 7E02000042660000000002B65300000000000C000300C6472D049FAC18038900000000260325035615010400000000140400000001150400000002160400000000170200002A020000300146310113FB7E
2026-03-25 03:56:47 - msg_id_0200 ==> 7E02000042660000000002B65E00000000000C000300C6472C049FAC18038800000000260325035646010400000000140400000001150400000002160400000000170200002A020000300146310112A47E
2026-03-25 03:57:18 - msg_id_0200 ==> 7E02000042660000000002B66900000000000C000300C6472D049FAC18038800000000260325035717010400000000140400000001150400000002160400000000170200002A020000300146310112C27E
2026-03-25 03:57:49 - msg_id_0200 ==> 7E02000042660000000002B67400000000000C000300C6472F049FAC10038800000000260325035748010400000000140400000001150400000002160400000000170200002A0200003001463101128A7E
2026-03-25 03:58:20 - msg_id_0200 ==> 7E02000042660000000002B67F00000100000C000300C6472C049FAC10038800000000260325035819010400000000140400000001150400000002160400000000170200002A020000300146310112DD7E
2026-03-25 03:58:26 - msg_id_0200 ==> 7E02000042660000000002B68200000000000C000300C6472B049FAC10038800000000260325035824010400000000140400000001150400000002160400000000170200002A0200003001463101121B7E
2026-03-25 03:58:56 - msg_id_0200 ==> 7E02000042660000000002B68D00000000000C000300C64728049FAC08038800000000260325035855010400000000140400000001150400000002160400000000170200002A0200003001463101127D027E
2026-03-25 03:59:27 - msg_id_0200 ==> 7E02000042660000000002B69800000000000C000300C64728049FAC08038800000000260325035926010400000000140400000001150400000002160400000000170200002A0200003001463101101B7E
2026-03-25 03:59:58 - msg_id_0200 ==> 7E02000042660000000002B6A300000000000C000300C64722049FAC08038800000000260325035957010400000000140400000001150400000002160400000000170200002A020000300146310112597E
2026-03-25 04:00:29 - msg_id_0200 ==> 7E02000042660000000002B6AE00000000000C000300C64722049FAC08038700000000260325040028010400000000140400000001150400000002160400000000170200002A0200003001463101127A7E
2026-03-25 04:01:00 - msg_id_0200 ==> 7E02000042660000000002B6B900000000000C000300C6471B049FAC00038700000000260325040059010400000000140400000001150400000002160400000000170200002A0200003001463101132C7E
2026-03-25 04:01:31 - msg_id_0200 ==> 7E02000042660000000002B6C400000000000C000300C6471D049FAC08038700010000260325040130010400000000140400000001150400000002160400000000170200002A020000300146310113367E
2026-03-25 04:02:03 - msg_id_0200 ==> 7E02000042660000000002B6CF00000000000C000300C6472A049FAC00038600000000260325040201010400000000140400000001150400000002160400000000170200002A020000300146310114377E
2026-03-25 04:02:33 - msg_id_0200 ==> 7E02000042660000000002B6DA00000000000C000300C6472D049FAC08038500000000260325040232010400000000140400000001150400000002160400000000170200002A0200003001463101141D7E
2026-03-25 04:03:04 - msg_id_0200 ==> 7E02000042660000000002B6E500000000000C000300C64729049FAC08038500000000260325040303010400000000140400000001150400000002160400000000170200002A020000300146310113117E
2026-03-25 04:03:35 - msg_id_0200 ==> 7E02000042660000000002B6F000000000000C000300C64725049FAC08038500000000260325040334010400000000140400000001150400000002160400000000170200002A0200003001463101133F7E
2026-03-25 04:04:07 - msg_id_0200 ==> 7E02000042660000000002B6FB00000000000C000300C64723049FAC08038400000000260325040405010400000000140400000001150400000002160400000000170200002A020000300146310113057E
2026-03-25 04:04:37 - msg_id_0200 ==> 7E02000042660000000002B70600000000000C000300C64723049FAC08038400000000260325040436010400000000140400000001150400000002160400000000170200002A020000300146310113CA7E
2026-03-25 04:05:10 - msg_id_0200 ==> 7E02000042660000000002B71100000000000C000300C64722049FAC00038400000000260325040507010400000000140400000001150400000002160400000000170200002A020000300146310112E57E
2026-03-25 04:05:39 - msg_id_0200 ==> 7E02000042660000000002B71C00000000000C000300C64720049FAC00038400000000260325040538010400000000140400000001150400000002160400000000170200002A020000300146310113D47E
2026-03-25 04:06:10 - msg_id_0200 ==> 7E02000042660000000002B72700000000000C000300C64723049FABF8038300000000260325040609010400000000140400000001150400000002160400000000170200002A020000300146310114217E
2026-03-25 04:06:41 - msg_id_0200 ==> 7E02000042660000000002B73200000000000C000300C64729049FAC00038300000000260325040640010400000000140400000001150400000002160400000000170200002A020000300146310114887E
2026-03-25 04:07:12 - msg_id_0200 ==> 7E02000042660000000002B73D00000000000C000300C64723049FAC08038300000000260325040711010400000000140400000001150400000002160400000000170200002A020000300146310115D47E
2026-03-25 04:07:43 - msg_id_0200 ==> 7E02000042660000000002B74800000000000C000300C64724049FAC08038300000000260325040742010400000000140400000001150400000002160400000000170200002A020000300146310114F47E
2026-03-25 04:08:14 - msg_id_0200 ==> 7E02000042660000000002B75300000000000C000300C64721049FAC08038300000000260325040813010400000000140400000001150400000002160400000000170200002A020000300146310114B47E
2026-03-25 04:08:45 - msg_id_0200 ==> 7E02000042660000000002B75E00000000000C000300C64720049FABE8038300000000260325040844010400000000140400000001150400000002160400000000170200002A0200003001463101130F7E
2026-03-25 04:09:16 - msg_id_0200 ==> 7E02000042660000000002B76900000000000C000300C64712049FABD0038300070000260325040915010400000000140400000001150400000002160400000000170200002A020000300146310114627E
2026-03-25 04:09:48 - msg_id_0200 ==> 7E02000042660000000002B77400000000000C000300C64714049FABC8038500000000260325040946010400000000140400000001150400000002160400000000170200002A020000300146310116317E
2026-03-25 04:10:23 - msg_id_0200 ==> 7E02000042660000000002B78200000000000C000300C6471B049FABC8038400000000260325041022010400000000140400000001150400000002160400000000170200002A020000300146310115B77E
2026-03-25 04:10:54 - msg_id_0200 ==> 7E02000042660000000002B78D00000000000C000300C6471F049FABC0038400000000260325041053010400000000140400000001150400000002160400000000170200002A020000300146310115C57E
2026-03-25 04:11:25 - msg_id_0200 ==> 7E02000042660000000002B79800000000000C000300C64721049FABC0038400000000260325041124010400000000140400000001150400000002160400000000170200002A0200003001463101169B7E
2026-03-25 04:11:56 - msg_id_0200 ==> 7E02000042660000000002B7A300000000000C000300C64726049FABB8038400000000260325041155010400000000140400000001150400000002160400000000170200002A020000300146310116AE7E
2026-03-25 04:12:27 - msg_id_0200 ==> 7E02000042660000000002B7AE00000000000C000300C64725049FABC0038400000000260325041226010400000000140400000001150400000002160400000000170200002A020000300146310115AB7E
2026-03-25 04:12:58 - msg_id_0200 ==> 7E02000042660000000002B7B900000000000C000300C64725049FABB8038400000000260325041257010400000000140400000001150400000002160400000000170200002A020000300146310114B47E
2026-03-25 04:13:29 - msg_id_0200 ==> 7E02000042660000000002B7C400000000000C000300C64727049FABB8038400000000260325041328010400000000140400000001150400000002160400000000170200002A020000300146310113B27E
2026-03-25 04:14:00 - msg_id_0200 ==> 7E02000042660000000002B7CF00000000000C000300C64729049FABB8038500000000260325041359010400000000140400000001150400000002160400000000170200002A020000300130310115B77E
2026-03-25 04:14:31 - msg_id_0200 ==> 7E02000042660000000002B7DA00000000000C000300C6472A049FABB8038500000000260325041430010400000000140400000001150400000002160400000000170200002A020000300130310115CF7E
2026-03-25 04:15:02 - msg_id_0200 ==> 7E02000042660000000002B7E500000000000C000300C6472B049FABB8038500000000260325041501010400000000140400000001150400000002160400000000170200002A020000300130310115C17E
2026-03-25 04:15:33 - msg_id_0200 ==> 7E02000042660000000002B7F000000000000C000300C6472B049FABC0038500000000260325041532010400000000140400000001150400000002160400000000170200002A0200003001303101159F7E
2026-03-25 04:16:04 - msg_id_0200 ==> 7E02000042660000000002B7FB00000000000C000300C6472B049FABC0038500000000260325041603010400000000140400000001150400000002160400000000170200002A020000300130310115A67E
2026-03-25 04:16:35 - msg_id_0200 ==> 7E02000042660000000002B80600000000000C000300C6472C049FABC0038500000000260325041634010400000000140400000001150400000002160400000000170200002A020000300130310116677E
2026-03-25 04:17:06 - msg_id_0200 ==> 7E02000042660000000002B81100000000000C000300C6472C049FABC0038500000000260325041705010400000000140400000001150400000002160400000000170200002A020000300130310116407E
2026-03-25 04:17:37 - msg_id_0200 ==> 7E02000042660000000002B81C00000000000C000300C6472B049FABC0038500000000260325041736010400000000140400000001150400000002160400000000170200002A0200003001303101147B7E
2026-03-25 04:18:08 - msg_id_0200 ==> 7E02000042660000000002B82700000000000C000300C6472D049FABC8038500000000260325041807010400000000140400000001150400000002160400000000170200002A020000300130310116727E
2026-03-25 04:18:39 - msg_id_0200 ==> 7E02000042660000000002B83200000000000C000300C6472D049FABC8038500000000260325041838010400000000140400000001150400000002160400000000170200002A0200003001303101125C7E
2026-03-25 04:19:10 - msg_id_0200 ==> 7E02000042660000000002B83D00000000000C000300C6472D049FABD0038500000000260325041909010400000000140400000001150400000002160400000000170200002A0200003001303101147D017E
2026-03-25 04:19:41 - msg_id_0200 ==> 7E02000042660000000002B84800000000000C000300C6472A049FABD0038500000000260325041940010400000000140400000001150400000002160400000000170200002A020000300130310112407E
2026-03-25 04:20:12 - msg_id_0200 ==> 7E02000042660000000002B85300000000000C000300C6472B049FABD8038500000000260325042011010400000000140400000001150400000002160400000000170200002A0200003001303101143C7E
2026-03-25 04:20:43 - msg_id_0200 ==> 7E02000042660000000002B85E00000000000C000300C6472B049FABD8038500000000260325042042010400000000140400000001150400000002160400000000170200002A020000300130310114627E
2026-03-25 04:21:14 - msg_id_0200 ==> 7E02000042660000000002B86900000000000C000300C6472D049FABE0038500000000260325042113010400000000140400000001150400000002160400000000170200002A020000300130310116397E
2026-03-25 04:21:45 - msg_id_0200 ==> 7E02000042660000000002B87400000000000C000300C6472F049FABE8038500000000260325042144010400000000140400000001150400000002160400000000170200002A0200003001303101157A7E
2026-03-25 04:22:16 - msg_id_0200 ==> 7E02000042660000000002B87F00000100000C000300C6472D049FABE8038500000000260325042215010400000000140400000001150400000002160400000000170200002A020000300130310115207E
2026-03-25 04:22:21 - msg_id_0200 ==> 7E02000042660000000002B88200000000000C000300C6472D049FABE8038500000000260325042220010400000000140400000001150400000002160400000000170200002A020000300130310115E97E
2026-03-25 04:22:52 - msg_id_0200 ==> 7E02000042660000000002B88D00000000000C000300C6472D049FABE0038500000000260325042251010400000000140400000001150400000002160400000000170200002A0200003001303101119B7E
2026-03-25 04:23:23 - msg_id_0200 ==> 7E02000042660000000002B89800000000000C000300C6472D049FABE0038400000000260325042322010400000000140400000001150400000002160400000000170200002A020000300130310116FA7E
2026-03-25 04:23:54 - msg_id_0200 ==> 7E02000042660000000002B8A300000000000C000300C64730049FABE0038400000000260325042353010400000000140400000001150400000002160400000000170200002A020000300130310115AE7E
2026-03-25 04:24:25 - msg_id_0200 ==> 7E02000042660000000002B8AE00000000000C000300C64732049FABE0038400000000260325042424010400000000140400000001150400000002160400000000170200002A020000300130310116D27E
2026-03-25 04:24:56 - msg_id_0200 ==> 7E02000042660000000002B8B900000000000C000300C64734049FABE0038400000000260325042455010400000000140400000001150400000002160400000000170200002A020000300130310116B27E
2026-03-25 04:25:27 - msg_id_0200 ==> 7E02000042660000000002B8C400000000000C000300C64735049FABE0038400000000260325042526010400000000140400000001150400000002160400000000170200002A020000300130310116BC7E
2026-03-25 04:25:58 - msg_id_0200 ==> 7E02000042660000000002B8CF00000000000C000300C64737049FABD8038400000000260325042557010400000000140400000001150400000002160400000000170200002A020000300130310115FF7E
2026-03-25 04:26:29 - msg_id_0200 ==> 7E02000042660000000002B8DA00000000000C000300C64737049FABE0038400000000260325042628010400000000140400000001150400000002160400000000170200002A020000300130310115AE7E
2026-03-25 04:27:00 - msg_id_0200 ==> 7E02000042660000000002B8E500000000000C000300C64738049FABD8038400000000260325042659010400000000140400000001150400000002160400000000170200002A020000300130310116D47E
2026-03-25 04:27:31 - msg_id_0200 ==> 7E02000042660000000002B8F000000000000C000300C64738049FABD8038400000000260325042730010400000000140400000001150400000002160400000000170200002A020000300130310115AA7E
2026-03-25 04:28:02 - msg_id_0200 ==> 7E02000042660000000002B8FB00000000000C000300C6473D049FABE0038400000000260325042801010400000000140400000001150400000002160400000000170200002A020000300130310115A27E
2026-03-25 04:28:33 - msg_id_0200 ==> 7E02000042660000000002B90600000000000C000300C6474D049FABE0038400000000260325042832010400000000140400000001150400000002160400000000170200002A0200003001303101161E7E
2026-03-25 04:29:04 - msg_id_0200 ==> 7E02000042660000000002B91100000000000C000300C64749049FABE8038400000000260325042903010400000000140400000001150400000002160400000000170200002A020000300130310115367E
2026-03-25 04:29:35 - msg_id_0200 ==> 7E02000042660000000002B91C00000000000C000300C64744049FABF0038400000000260325042934010400000000140400000001150400000002160400000000170200002A020000300130310115197E
2026-03-25 04:30:06 - msg_id_0200 ==> 7E02000042660000000002B92700000000000C000300C64743049FABF8038400000000260325043005010400000000140400000001150400000002160400000000170200002A020000300130310114047E
2026-03-25 04:30:37 - msg_id_0200 ==> 7E02000042660000000002B93200000000000C000300C64741049FABF8038400000000260325043036010400000000140400000001150400000002160400000000170200002A020000300133310115227E
2026-03-25 04:31:08 - msg_id_0200 ==> 7E02000042660000000002B93D00000000000C000300C64740049FAC00038400000000260325043107010400000000140400000001150400000002160400000000170200002A020000300133310115E37E
2026-03-25 04:31:39 - msg_id_0200 ==> 7E02000042660000000002B94800000000000C000300C6473D049FAC00038400000000260325043138010400000000140400000001150400000002160400000000170200002A020000300133310116D77E
2026-03-25 04:32:10 - msg_id_0200 ==> 7E02000042660000000002B95300000000000C000300C6473C049FAC00038300000000260325043209010400000000140400000001150400000002160400000000170200002A020000300130310115F87E
2026-03-25 04:32:41 - msg_id_0200 ==> 7E02000042660000000002B95E00000000000C000300C6473B049FABF8038300000000260325043240010400000000140400000001150400000002160400000000170200002A020000300133310116447E
2026-03-25 04:33:12 - msg_id_0200 ==> 7E02000042660000000002B96900000000000C000300C64738049FABF8038300000000260325043311010400000000140400000001150400000002160400000000170200002A020000300133310115237E
2026-03-25 04:33:43 - msg_id_0200 ==> 7E02000042660000000002B97400000000000C000300C64735049FABF8038300000000260325043342010400000000140400000001150400000002160400000000170200002A020000300133310114617E
2026-03-25 04:34:14 - msg_id_0200 ==> 7E02000042660000000002B97F00000100000C000300C64733049FABF8038300000000260325043413010400000000140400000001150400000002160400000000170200002A0200003001333101153A7E
2026-03-25 04:34:19 - msg_id_0200 ==> 7E02000042660000000002B98200000000000C000300C64732049FABF8038300000000260325043418010400000000140400000001150400000002160400000000170200002A020000300133310115CC7E
2026-03-25 04:34:50 - msg_id_0200 ==> 7E02000042660000000002B98D00000000000C000300C64731049FABF0038300000000260325043449010400000000140400000001150400000002160400000000170200002A020000300133310115997E
2026-03-25 04:35:21 - msg_id_0200 ==> 7E02000042660000000002B99800000000000C000300C64732049FABE8038300000000260325043520010400000000140400000001150400000002160400000000170200002A020000300133310115FF7E
2026-03-25 04:35:52 - msg_id_0200 ==> 7E02000042660000000002B9A300000000000C000300C64730049FABE8038300000000260325043551010400000000140400000001150400000002160400000000170200002A020000300133310113B17E
2026-03-25 04:36:23 - msg_id_0200 ==> 7E02000042660000000002B9AE00000000000C000300C6472E049FABF0038300000000260325043622010400000000140400000001150400000002160400000000170200002A020000300133310110C97E
2026-03-25 04:36:54 - msg_id_0200 ==> 7E02000042660000000002B9B900000000000C000300C6472F049FABF0038400000000260325043653010400000000140400000001150400000002160400000000170200002A020000300133310111A87E
2026-03-25 04:37:25 - msg_id_0200 ==> 7E02000042660000000002B9C400000000000C000300C6472F049FABF8038300000000260325043724010400000000140400000001150400000002160400000000170200002A020000300133310112AF7E
2026-03-25 04:37:56 - msg_id_0200 ==> 7E02000042660000000002B9CF00000000000C000300C64729049FABF8038300000000260325043755010400000000140400000001150400000002160400000000170200002A020000300130310111D37E
2026-03-25 04:38:27 - msg_id_0200 ==> 7E02000042660000000002B9DA00000000000C000300C6472D049FABF8038300000000260325043826010400000000140400000001150400000002160400000000170200002A020000300130310113BC7E
2026-03-25 04:38:58 - msg_id_0200 ==> 7E02000042660000000002B9E500000000000C000300C6473D049FABF8038400000000260325043857010400000000140400000001150400000002160400000000170200002A020000300130310114E27E
2026-03-25 04:39:29 - msg_id_0200 ==> 7E02000042660000000002B9F000000000000C000300C6473F049FABF8038400000000260325043928010400000000140400000001150400000002160400000000170200002A0200003001303101148B7E
2026-03-25 04:40:00 - msg_id_0200 ==> 7E02000042660000000002B9FB00000000000C000300C64745049FAC08038400000000260325043959010400000000140400000001150400000002160400000000170200002A0200003001333101147F7E
2026-03-25 04:40:31 - msg_id_0200 ==> 7E02000042660000000002BA0600000000000C000300C64747049FAC10038500000000260325044030010400000000140400000001150400000002160400000000170200002A0200003001333101138D7E
2026-03-25 04:41:02 - msg_id_0200 ==> 7E02000042660000000002BA1100000000000C000300C64744049FAC08038400000000260325044101010400000000140400000001150400000002160400000000170200002A020000300133310112B17E
2026-03-25 04:41:33 - msg_id_0200 ==> 7E02000042660000000002BA1C00000000000C000300C64743049FAC08038400000000260325044132010400000000140400000001150400000002160400000000170200002A020000300133310113897E
2026-03-25 04:42:04 - msg_id_0200 ==> 7E02000042660000000002BA2700000000000C000300C64742049FAC10038400000000260325044203010400000000140400000001150400000002160400000000170200002A0200003001333101169C7E
2026-03-25 04:42:35 - msg_id_0200 ==> 7E02000042660000000002BA3200000000000C000300C64743049FAC10038400000000260325044234010400000000140400000001150400000002160400000000170200002A020000300133310115BC7E
2026-03-25 04:43:06 - msg_id_0200 ==> 7E02000042660000000002BA3D00000000000C000300C64742049FAC10038400000000260325044305010400000000140400000001150400000002160400000000170200002A020000300133310111867E
2026-03-25 04:43:37 - msg_id_0200 ==> 7E02000042660000000002BA4800000000000C000300C64742049FAC08038500000000260325044336010400000000140400000001150400000002160400000000170200002A020000300133310114DC7E
2026-03-25 04:44:07 - msg_id_0200 ==> 7E02000042660000000002BA5300000000000C000300C64741049FAC08038500000000260325044407010400000000140400000001150400000002160400000000170200002A020000300133310112F47E
2026-03-25 04:44:39 - msg_id_0200 ==> 7E02000042660000000002BA5E00000000000C000300C64742049FAC08038500000000260325044438010400000000140400000001150400000002160400000000170200002A020000300130310115C17E
2026-03-25 04:45:10 - msg_id_0200 ==> 7E02000042660000000002BA6900000000000C000300C64741049FAC08038500000000260325044509010400000000140400000001150400000002160400000000170200002A020000300133310115C67E
2026-03-25 04:45:41 - msg_id_0200 ==> 7E02000042660000000002BA7400000000000C000300C64741049FAC08038500000000260325044540010400000000140400000001150400000002160400000000170200002A020000300130310114907E
2026-03-25 04:46:11 - msg_id_0200 ==> 7E02000042660000000002BA7F00000100000C000300C6473E049FAC08038500000000260325044610010400000000140400000001150400000002160400000000170200002A020000300130310113B17E
2026-03-25 04:46:16 - msg_id_0200 ==> 7E02000042660000000002BA8200000000000C000300C6473D049FAC08038500000000260325044615010400000000140400000001150400000002160400000000170200002A0200003001303101144C7E
2026-03-25 04:46:47 - msg_id_0200 ==> 7E02000042660000000002BA8D00000000000C000300C6473C049FAC08038500000000260325044646010400000000140400000001150400000002160400000000170200002A020000300130310115107E
2026-03-25 04:47:18 - msg_id_0200 ==> 7E02000042660000000002BA9800000000000C000300C64738049FABF8038400000000260325044717010400000000140400000001150400000002160400000000170200002A020000300130310114A67E
2026-03-25 04:47:49 - msg_id_0200 ==> 7E02000042660000000002BAA300000000000C000300C64737049FABF0038400000000260325044748010400000000140400000001150400000002160400000000170200002A020000300130310117C67E
2026-03-25 04:48:20 - msg_id_0200 ==> 7E02000042660000000002BAAE00000000000C000300C64738049FABF0038400000000260325044819010400000000140400000001150400000002160400000000170200002A020000300133310116987E
2026-03-25 04:48:51 - msg_id_0200 ==> 7E02000042660000000002BAB900000000000C000300C64737049FABF8038400020000260325044850010400000000140400000001150400000002160400000000170200002A020000300133310117C27E
2026-03-25 04:49:22 - msg_id_0200 ==> 7E02000042660000000002BAC400000000000C000300C64732049FABF0038300000000260325044921010400000000140400000001150400000002160400000000170200002A020000300133310115C57E
2026-03-25 04:49:53 - msg_id_0200 ==> 7E02000042660000000002BACF00000000000C000300C6472A049FABE8038300000000260325044952010400000000140400000001150400000002160400000000170200002A020000300133310115BD7E
2026-03-25 04:50:24 - msg_id_0200 ==> 7E02000042660000000002BADA00000000000C000300C64723049FABE8038300000000260325045023010400000000140400000001150400000002160400000000170200002A020000300133310114C87E
2026-03-25 04:50:55 - msg_id_0200 ==> 7E02000042660000000002BAE500000000000C000300C64720049FABE8038200000000260325045054010400000000140400000001150400000002160400000000170200002A020000300133310114827E
2026-03-25 04:51:26 - msg_id_0200 ==> 7E02000042660000000002BAF000000000000C000300C64720049FABE8038200000000260325045125010400000000140400000001150400000002160400000000170200002A020000300133310115E67E
2026-03-25 04:51:57 - msg_id_0200 ==> 7E02000042660000000002BAFB00000000000C000300C64722049FABE8038200000000260325045156010400000000140400000001150400000002160400000000170200002A0200003001333101169F7E
2026-03-25 04:52:28 - msg_id_0200 ==> 7E02000042660000000002BB0600000000000C000300C64721049FABF0038200000000260325045227010400000000140400000001150400000002160400000000170200002A020000300133310114087E
2026-03-25 04:52:59 - msg_id_0200 ==> 7E02000042660000000002BB1100000000000C000300C64722049FABE0038200000000260325045258010400000000140400000001150400000002160400000000170200002A020000300133310116717E
2026-03-25 04:53:30 - msg_id_0200 ==> 7E02000042660000000002BB1C00000000000C000300C6471F049FABE0038200000000260325045329010400000000140400000001150400000002160400000000170200002A020000300133310115327E
2026-03-25 04:54:01 - msg_id_0200 ==> 7E02000042660000000002BB2700000000000C000300C6471D049FABE8038200000000260325045400010400000000140400000001150400000002160400000000170200002A0200003001303101142F7E
2026-03-25 04:54:32 - msg_id_0200 ==> 7E02000042660000000002BB3200000000000C000300C64714049FABF0038200000000260325045431010400000000140400000001150400000002160400000000170200002A0200003001303101141A7E
2026-03-25 04:55:03 - msg_id_0200 ==> 7E02000042660000000002BB3D00000000000C000300C6471E049FABF0038200000000260325045502010400000000140400000001150400000002160400000000170200002A0200003001303101152C7E
2026-03-25 04:55:34 - msg_id_0200 ==> 7E02000042660000000002BB4800000000000C000300C64724049FABF8038200000000260325045533010400000000140400000001150400000002160400000000170200002A0200003001303101145B7E
2026-03-25 04:56:05 - msg_id_0200 ==> 7E02000042660000000002BB5300000000000C000300C64727049FAC00038200000000260325045604010400000000140400000001150400000002160400000000170200002A020000300130310115897E
2026-03-25 04:56:36 - msg_id_0200 ==> 7E02000042660000000002BB5E00000000000C000300C64729049FAC08038200000000260325045635010400000000140400000001150400000002160400000000170200002A020000300130310115B37E
2026-03-25 04:57:07 - msg_id_0200 ==> 7E02000042660000000002BB6900000000000C000300C6472C049FAC10038200000000260325045706010400000000140400000001150400000002160400000000170200002A020000300130310112AC7E
2026-03-25 04:57:38 - msg_id_0200 ==> 7E02000042660000000002BB7400000000000C000300C6472B049FAC10038200000000260325045737010400000000140400000001150400000002160400000000170200002A020000300130310114817E
2026-03-25 04:58:09 - msg_id_0200 ==> 7E02000042660000000002BB7F00000100000C000300C6472B049FAC18038200000000260325045808010400000000140400000001150400000002160400000000170200002A020000300130310114B37E
2026-03-25 04:58:14 - msg_id_0200 ==> 7E02000042660000000002BB8200000000000C000300C6472B049FAC18038200000000260325045813010400000000140400000001150400000002160400000000170200002A020000300130310114547E
2026-03-25 04:58:45 - msg_id_0200 ==> 7E02000042660000000002BB8D00000000000C000300C6472B049FAC20038200000000260325045844010400000000140400000001150400000002160400000000170200002A020000300130310113337E
2026-03-25 04:59:16 - msg_id_0200 ==> 7E02000042660000000002BB9800000000000C000300C6472A049FAC20038200000000260325045915010400000000140400000001150400000002160400000000170200002A020000300130310113777E
2026-03-25 04:59:47 - msg_id_0200 ==> 7E02000042660000000002BBA300000000000C000300C6472A049FAC20038200000000260325045946010400000000140400000001150400000002160400000000170200002A0200003001303101131F7E
2026-03-25 05:00:18 - msg_id_0200 ==> 7E02000042660000000002BBAE00000000000C000300C64728049FAC20038200000000260325050017010400000000140400000001150400000002160400000000170200002A020000300130310113197E
2026-03-25 05:00:49 - msg_id_0200 ==> 7E02000042660000000002BBB900000000000C000300C64727049FAC28038100000000260325050048010400000000140400000001150400000002160400000000170200002A020000300130310114527E
2026-03-25 05:01:20 - msg_id_0200 ==> 7E02000042660000000002BBC400000000000C000300C64724049FAC28038100000000260325050119010400000000140400000001150400000002160400000000170200002A0200003001303101147C7E
2026-03-25 05:01:51 - msg_id_0200 ==> 7E02000042660000000002BBCF00000000000C000300C64725049FAC28038100000000260325050150010400000000140400000001150400000002160400000000170200002A0200003001303101143F7E
2026-03-25 05:02:22 - msg_id_0200 ==> 7E02000042660000000002BBDA00000000000C000300C64716049FAC38038100000000260325050221010400000000140400000001150400000002160400000000170200002A0200003001303101127D017E
2026-03-25 05:02:53 - msg_id_0200 ==> 7E02000042660000000002BBE500000000000C000300C64712049FAC38038100000000260325050252010400000000140400000001150400000002160400000000170200002A020000300130310113347E
2026-03-25 05:03:24 - msg_id_0200 ==> 7E02000042660000000002BBF000000000000C000300C64709049FAC40038000000000260325050323010400000000140400000001150400000002160400000000170200002A020000300130310112327E
2026-03-25 05:03:55 - msg_id_0200 ==> 7E02000042660000000002BBFB00000000000C000300C64701049FAC30038000000000260325050354010400000000140400000001150400000002160400000000170200002A020000300130310114307E
2026-03-25 05:04:26 - msg_id_0200 ==> 7E02000042660000000002BC0600000000000C000300C64702049FAC38038000000000260325050425010400000000140400000001150400000002160400000000170200002A020000300130310113B07E
2026-03-25 05:04:56 - msg_id_0200 ==> 7E02000042660000000002BC1100000000000C000300C64705049FAC30038000000000260325050456010400000000140400000001150400000002160400000000170200002A020000300130310115DD7E
2026-03-25 05:05:28 - msg_id_0200 ==> 7E02000042660000000002BC1C00000000000C000300C64705049FAC20038000000000260325050527010400000000140400000001150400000002160400000000170200002A020000300130310113B67E
2026-03-25 05:05:59 - msg_id_0200 ==> 7E02000042660000000002BC2700000000000C000300C64704049FAC20038000000000260325050558010400000000140400000001150400000002160400000000170200002A020000300133310113F07E
2026-03-25 05:06:30 - msg_id_0200 ==> 7E02000042660000000002BC3200000000000C000300C64703049FAC28038000000000260325050629010400000000140400000001150400000002160400000000170200002A0200003001333101149F7E
2026-03-25 05:07:01 - msg_id_0200 ==> 7E02000042660000000002BC3D00000000000C000300C64702049FAC28038000000000260325050700010400000000140400000001150400000002160400000000170200002A020000300130310115BB7E
2026-03-25 05:07:32 - msg_id_0200 ==> 7E02000042660000000002BC4800000000000C000300C64703049FAC28038000000000260325050731010400000000140400000001150400000002160400000000170200002A020000300130310115FE7E
2026-03-25 05:08:03 - msg_id_0200 ==> 7E02000042660000000002BC5300000000000C000300C64704049FAC28038000000000260325050802010400000000140400000001150400000002160400000000170200002A020000300133310115DD7E
2026-03-25 05:08:34 - msg_id_0200 ==> 7E02000042660000000002BC5E00000000000C000300C64705049FAC28038000000000260325050833010400000000140400000001150400000002160400000000170200002A020000300133310116E37E
2026-03-25 05:09:05 - msg_id_0200 ==> 7E02000042660000000002BC6900000000000C000300C64706049FAC28038000000000260325050904010400000000140400000001150400000002160400000000170200002A020000300133310115E27E
2026-03-25 05:09:36 - msg_id_0200 ==> 7E02000042660000000002BC7400000000000C000300C64703049FAC28038000000000260325050935010400000000140400000001150400000002160400000000170200002A020000300133310115CB7E
2026-03-25 05:10:06 - msg_id_0200 ==> 7E02000042660000000002BC7F00000100000C000300C64704049FAC30038000000000260325051005010400000000140400000001150400000002160400000000170200002A020000300133310115F77E
2026-03-25 05:10:11 - msg_id_0200 ==> 7E02000042660000000002BC8200000000000C000300C64704049FAC30038000000000260325051010010400000000140400000001150400000002160400000000170200002A0200003001333101151E7E
2026-03-25 05:10:42 - msg_id_0200 ==> 7E02000042660000000002BC8D00000000000C000300C64706049FAC30038000000000260325051041010400000000140400000001150400000002160400000000170200002A020000300133310114437E
2026-03-25 05:11:13 - msg_id_0200 ==> 7E02000042660000000002BC9800000000000C000300C64706049FAC30038000000000260325051112010400000000140400000001150400000002160400000000170200002A020000300130310116057E
2026-03-25 05:11:44 - msg_id_0200 ==> 7E02000042660000000002BCA300000000000C000300C64706049FAC38038000000000260325051143010400000000140400000001150400000002160400000000170200002A020000300130310116677E
2026-03-25 05:12:15 - msg_id_0200 ==> 7E02000042660000000002BCAE00000000000C000300C64708049FAC38038000000000260325051214010400000000140400000001150400000002160400000000170200002A020000300130310115337E
2026-03-25 05:12:46 - msg_id_0200 ==> 7E02000042660000000002BCB900000000000C000300C6470A049FAC38038000000000260325051245010400000000140400000001150400000002160400000000170200002A020000300130310114767E
2026-03-25 05:13:17 - msg_id_0200 ==> 7E02000042660000000002BCC400000000000C000300C6470C049FAC40038000000000260325051316010400000000140400000001150400000002160400000000170200002A020000300133310115257E
2026-03-25 05:13:48 - msg_id_0200 ==> 7E02000042660000000002BCCF00000000000C000300C64710049FAC40037F00000000260325051347010400000000140400000001150400000002160400000000170200002A0200003001303101169C7E
2026-03-25 05:14:19 - msg_id_0200 ==> 7E02000042660000000002BCDA00000000000C000300C64714049FAC40037F00000000260325051418010400000000140400000001150400000002160400000000170200002A020000300130310115D67E
2026-03-25 05:14:50 - msg_id_0200 ==> 7E02000042660000000002BCE500000000000C000300C64718049FAC40038000000000260325051449010400000000140400000001150400000002160400000000170200002A0200003001303101134D7E
2026-03-25 05:15:21 - msg_id_0200 ==> 7E02000042660000000002BCF000000000000C000300C6471A049FAC48038000000000260325051520010400000000140400000001150400000002160400000000170200002A0200003001303101163F7E
2026-03-25 05:15:52 - msg_id_0200 ==> 7E02000042660000000002BCFB00000000000C000300C6471D049FAC48038000000000260325051551010400000000140400000001150400000002160400000000170200002A020000300130310114407E
2026-03-25 05:16:23 - msg_id_0200 ==> 7E02000042660000000002BD0600000000000C000300C64725049FAC50037F00000000260325051622010400000000140400000001150400000002160400000000170200002A020000300130310115127E
2026-03-25 05:16:54 - msg_id_0200 ==> 7E02000042660000000002BD1100000000000C000300C64728049FAC50037F00000000260325051653010400000000140400000001150400000002160400000000170200002A020000300130310115797E
2026-03-25 05:17:25 - msg_id_0200 ==> 7E02000042660000000002BD1C00000000000C000300C64727049FAC50037F00000000260325051724010400000000140400000001150400000002160400000000170200002A0200003001303101130B7E
2026-03-25 05:17:56 - msg_id_0200 ==> 7E02000042660000000002BD2700000000000C000300C64721049FAC48037F00000000260325051755010400000000140400000001150400000002160400000000170200002A0200003001303101135F7E
2026-03-25 05:18:27 - msg_id_0200 ==> 7E02000042660000000002BD3200000000000C000300C64720049FAC48037F00000000260325051826010400000000140400000001150400000002160400000000170200002A020000300130310116327E
2026-03-25 05:18:58 - msg_id_0200 ==> 7E02000042660000000002BD3D00000000000C000300C64722049FAC48038000000000260325051857010400000000140400000001150400000002160400000000170200002A020000300130310116B17E
2026-03-25 05:19:29 - msg_id_0200 ==> 7E02000042660000000002BD4800000000000C000300C64724049FAC50038000000000260325051928010400000000140400000001150400000002160400000000170200002A020000300130310116A47E
2026-03-25 05:20:00 - msg_id_0200 ==> 7E02000042660000000002BD5300000000000C000300C64726049FAC50038000000000260325051959010400000000140400000001150400000002160400000000170200002A020000300130310117CD7E
2026-03-25 05:20:31 - msg_id_0200 ==> 7E02000042660000000002BD5E00000000000C000300C64727049FAC48038000000000260325052030010400000000140400000001150400000002160400000000170200002A0200003001303101148A7E
2026-03-25 05:21:02 - msg_id_0200 ==> 7E02000042660000000002BD6900000000000C000300C64728049FAC48038000000000260325052101010400000000140400000001150400000002160400000000170200002A020000300130310115837E
2026-03-25 05:21:33 - msg_id_0200 ==> 7E02000042660000000002BD7400000000000C000300C64729049FAC48038000000000260325052132010400000000140400000001150400000002160400000000170200002A020000300130310115AC7E
2026-03-25 05:22:04 - msg_id_0200 ==> 7E02000042660000000002BD7F00000100000C000300C64729049FAC48038000000000260325052203010400000000140400000001150400000002160400000000170200002A020000300133310114967E
2026-03-25 05:22:09 - msg_id_0200 ==> 7E02000042660000000002BD8200000000000C000300C64729049FAC48038000000000260325052208010400000000140400000001150400000002160400000000170200002A020000300133310114617E
2026-03-25 05:22:40 - msg_id_0200 ==> 7E02000042660000000002BD8D00000000000C000300C6472A049FAC50038100000000260325052239010400000000140400000001150400000002160400000000170200002A020000300130310116447E
2026-03-25 05:23:11 - msg_id_0200 ==> 7E02000042660000000002BD9800000000000C000300C6472A049FAC50038100000000260325052310010400000000140400000001150400000002160400000000170200002A0200003001303101157A7E
2026-03-25 05:23:42 - msg_id_0200 ==> 7E02000042660000000002BDA300000000000C000300C6472B049FAC50038100000000260325052341010400000000140400000001150400000002160400000000170200002A020000300133310117107E
2026-03-25 05:24:13 - msg_id_0200 ==> 7E02000042660000000002BDAE00000000000C000300C6472B049FAC50038100000000260325052412010400000000140400000001150400000002160400000000170200002A020000300133310116487E
2026-03-25 05:24:44 - msg_id_0200 ==> 7E02000042660000000002BDB900000000000C000300C6472C049FAC50038100000000260325052443010400000000140400000001150400000002160400000000170200002A0200003001333101150A7E
2026-03-25 05:25:15 - msg_id_0200 ==> 7E02000042660000000002BDC400000000000C000300C6472B049FAC58038100000000260325052514010400000000140400000001150400000002160400000000170200002A0200003001333101172C7E
2026-03-25 05:25:46 - msg_id_0200 ==> 7E02000042660000000002BDCF00000000000C000300C6472B049FAC58038100000000260325052545010400000000140400000001150400000002160400000000170200002A020000300133310117767E
2026-03-25 05:26:17 - msg_id_0200 ==> 7E02000042660000000002BDDA00000000000C000300C64729049FAC58038100000000260325052616010400000000140400000001150400000002160400000000170200002A020000300133310114327E
2026-03-25 05:26:48 - msg_id_0200 ==> 7E02000042660000000002BDE500000000000C000300C64729049FAC58038200000000260325052647010400000000140400000001150400000002160400000000170200002A0200003001333101145F7E
2026-03-25 05:27:19 - msg_id_0200 ==> 7E02000042660000000002BDF000000000000C000300C64728049FAC58038200000000260325052718010400000000140400000001150400000002160400000000170200002A020000300133310115147E
2026-03-25 05:27:50 - msg_id_0200 ==> 7E02000042660000000002BDFB00000000000C000300C64724049FAC58038200000000260325052749010400000000140400000001150400000002160400000000170200002A020000300130310114407E
2026-03-25 05:28:21 - msg_id_0200 ==> 7E02000042660000000002BE0600000000000C000300C64723049FAC58038200000000260325052820010400000000140400000001150400000002160400000000170200002A020000300133310113DB7E
2026-03-25 05:28:52 - msg_id_0200 ==> 7E02000042660000000002BE1100000000000C000300C64724049FAC58038200000000260325052851010400000000140400000001150400000002160400000000170200002A020000300133310117BE7E
2026-03-25 05:29:23 - msg_id_0200 ==> 7E02000042660000000002BE1C00000000000C000300C64723049FAC58038200000000260325052922010400000000140400000001150400000002160400000000170200002A020000300133310116C77E
2026-03-25 05:29:54 - msg_id_0200 ==> 7E02000042660000000002BE2700000000000C000300C64723049FAC58038200000000260325052953010400000000140400000001150400000002160400000000170200002A0200003001333101148F7E
2026-03-25 05:30:25 - msg_id_0200 ==> 7E02000042660000000002BE3200000000000C000300C64722049FAC58038200000000260325053024010400000000140400000001150400000002160400000000170200002A020000300133310113F27E
2026-03-25 05:30:56 - msg_id_0200 ==> 7E02000042660000000002BE3D00000000000C000300C64723049FAC58038200000000260325053055010400000000140400000001150400000002160400000000170200002A0200003001333101158B7E
2026-03-25 05:31:27 - msg_id_0200 ==> 7E02000042660000000002BE4800000000000C000300C64722049FAC58038200000000260325053126010400000000140400000001150400000002160400000000170200002A0200003001333101158D7E
2026-03-25 05:31:58 - msg_id_0200 ==> 7E02000042660000000002BE5300000000000C000300C64723049FAC58038200000000260325053157010400000000140400000001150400000002160400000000170200002A020000300130310114E47E
2026-03-25 05:32:29 - msg_id_0200 ==> 7E02000042660000000002BE5E00000000000C000300C64727049FAC58038200000000260325053228010400000000140400000001150400000002160400000000170200002A020000300130310114917E
2026-03-25 05:33:00 - msg_id_0200 ==> 7E02000042660000000002BE6900000000000C000300C6472A049FAC58038200000000260325053259010400000000140400000001150400000002160400000000170200002A020000300130310111DF7E
2026-03-25 05:33:31 - msg_id_0200 ==> 7E02000042660000000002BE7400000000000C000300C64728049FAC58038200000000260325053330010400000000140400000001150400000002160400000000170200002A020000300130310112AB7E
2026-03-25 05:34:01 - msg_id_0200 ==> 7E02000042660000000002BE7F00000100000C000300C64726049FAC58038200000000260325053400010400000000140400000001150400000002160400000000170200002A0200003001333101129B7E
2026-03-25 05:34:06 - msg_id_0200 ==> 7E02000042660000000002BE8200000000000C000300C64726049FAC58038200000000260325053405010400000000140400000001150400000002160400000000170200002A020000300133310112627E
2026-03-25 05:34:37 - msg_id_0200 ==> 7E02000042660000000002BE8D00000000000C000300C64725049FAC58038200000000260325053436010400000000140400000001150400000002160400000000170200002A0200003001333101125D7E
2026-03-25 05:35:08 - msg_id_0200 ==> 7E02000042660000000002BE9800000000000C000300C64727049FAC58038200000000260325053507010400000000140400000001150400000002160400000000170200002A020000300133310111797E
2026-03-25 05:35:39 - msg_id_0200 ==> 7E02000042660000000002BEA300000000000C000300C64728049FAC60038200000000260325053538010400000000140400000001150400000002160400000000170200002A0200003001363101104E7E
2026-03-25 05:36:10 - msg_id_0200 ==> 7E02000042660000000002BEAE00000000000C000300C64729049FAC60038200000000260325053609010400000000140400000001150400000002160400000000170200002A020000300133310112777E
2026-03-25 05:36:41 - msg_id_0200 ==> 7E02000042660000000002BEB900000000000C000300C64729049FAC60038300000000260325053640010400000000140400000001150400000002160400000000170200002A0200003001333101102A7E
2026-03-25 05:37:12 - msg_id_0200 ==> 7E02000042660000000002BEC400000000000C000300C6472A049FAC60038300000000260325053711010400000000140400000001150400000002160400000000170200002A020000300133310110047E
2026-03-25 05:37:43 - msg_id_0200 ==> 7E02000042660000000002BECF00000000000C000300C6472A049FAC60038300000000260325053742010400000000140400000001150400000002160400000000170200002A020000300133310114587E
2026-03-25 05:38:14 - msg_id_0200 ==> 7E02000042660000000002BEDA00000000000C000300C64729049FAC60038300000000260325053813010400000000140400000001150400000002160400000000170200002A020000300130310115127E
2026-03-25 05:38:45 - msg_id_0200 ==> 7E02000042660000000002BEE500000000000C000300C6472A049FAC68038300000000260325053844010400000000140400000001150400000002160400000000170200002A020000300130310115717E
2026-03-25 05:39:16 - msg_id_0200 ==> 7E02000042660000000002BEF000000000000C000300C6472B049FAC68038300000000260325053915010400000000140400000001150400000002160400000000170200002A020000300130310115357E
2026-03-25 05:39:47 - msg_id_0200 ==> 7E02000042660000000002BEFB00000000000C000300C6472B049FAC68038300000000260325053946010400000000140400000001150400000002160400000000170200002A0200003001303101156D7E
2026-03-25 05:40:18 - msg_id_0200 ==> 7E02000042660000000002BF0600000000000C000300C6472A049FAC68038300000000260325054017010400000000140400000001150400000002160400000000170200002A020000300130310116BB7E
2026-03-25 05:40:49 - msg_id_0200 ==> 7E02000042660000000002BF1100000000000C000300C6472C049FAC68038300000000260325054048010400000000140400000001150400000002160400000000170200002A020000300130310115F67E
2026-03-25 05:41:20 - msg_id_0200 ==> 7E02000042660000000002BF1C00000000000C000300C6472D049FAC68038300000000260325054119010400000000140400000001150400000002160400000000170200002A020000300130310115AA7E
2026-03-25 05:41:51 - msg_id_0200 ==> 7E02000042660000000002BF2700000000000C000300C6472F049FAC68038300000000260325054150010400000000140400000001150400000002160400000000170200002A020000300130310115DA7E
2026-03-25 05:42:22 - msg_id_0200 ==> 7E02000042660000000002BF3200000000000C000300C6472F049FAC68038300000000260325054221010400000000140400000001150400000002160400000000170200002A020000300130310117BF7E
2026-03-25 05:42:53 - msg_id_0200 ==> 7E02000042660000000002BF3D00000000000C000300C64731049FAC68038300000000260325054252010400000000140400000001150400000002160400000000170200002A020000300133310116DF7E
2026-03-25 05:43:24 - msg_id_0200 ==> 7E02000042660000000002BF4800000000000C000300C64734049FAC70038400000000260325054323010400000000140400000001150400000002160400000000170200002A020000300130310115C07E
2026-03-25 05:43:55 - msg_id_0200 ==> 7E02000042660000000002BF5300000000000C000300C64737049FAC70038400000000260325054354010400000000140400000001150400000002160400000000170200002A020000300130310113A97E
2026-03-25 05:44:26 - msg_id_0200 ==> 7E02000042660000000002BF5E00000000000C000300C64738049FAC70038400000000260325054425010400000000140400000001150400000002160400000000170200002A020000300130310112DC7E
2026-03-25 05:44:57 - msg_id_0200 ==> 7E02000042660000000002BF6900000000000C000300C64738049FAC70038400000000260325054456010400000000140400000001150400000002160400000000170200002A0200003001303101149E7E
2026-03-25 05:45:28 - msg_id_0200 ==> 7E02000042660000000002BF7400000000000C000300C6473A049FAC70038400000000260325054527010400000000140400000001150400000002160400000000170200002A020000300130310115F07E
2026-03-25 05:45:59 - msg_id_0200 ==> 7E02000042660000000002BF7F00000100000C000300C6473B049FAC70038400000000260325054558010400000000140400000001150400000002160400000000170200002A020000300130310118897E
2026-03-25 05:46:04 - msg_id_0200 ==> 7E02000042660000000002BF8200000000000C000300C6473B049FAC70038400000000260325054603010400000000140400000001150400000002160400000000170200002A0200003001303101182D7E
2026-03-25 05:46:35 - msg_id_0200 ==> 7E02000042660000000002BF8D00000000000C000300C6473E049FAC70038400000000260325054634010400000000140400000001150400000002160400000000170200002A0200003001303101161E7E
2026-03-25 05:47:06 - msg_id_0200 ==> 7E02000042660000000002BF9800000000000C000300C6473F049FAC70038400000000260325054705010400000000140400000001150400000002160400000000170200002A0200003001303101173B7E
2026-03-25 05:47:37 - msg_id_0200 ==> 7E02000042660000000002BFA300000000000C000300C64740049FAC70038400000000260325054736010400000000140400000001150400000002160400000000170200002A0200003001303101174C7E
2026-03-25 05:48:08 - msg_id_0200 ==> 7E02000042660000000002BFAE00000000000C000300C64740049FAC70038400000000260325054807010400000000140400000001150400000002160400000000170200002A0200003001303101167D027E
2026-03-25 05:48:39 - msg_id_0200 ==> 7E02000042660000000002BFB900000000000C000300C64741049FAC70038400000000260325054838010400000000140400000001150400000002160400000000170200002A020000300130310116577E
2026-03-25 05:49:10 - msg_id_0200 ==> 7E02000042660000000002BFC400000000000C000300C6473F049FAC70038400000000260325054909010400000000140400000001150400000002160400000000170200002A020000300130310116647E
2026-03-25 05:49:41 - msg_id_0200 ==> 7E02000042660000000002BFCF00000000000C000300C6473D049FAC70038400000000260325054940010400000000140400000001150400000002160400000000170200002A020000300130310114267E
2026-03-25 05:50:12 - msg_id_0200 ==> 7E02000042660000000002BFDA00000000000C000300C6473B049FAC70038400000000260325055011010400000000140400000001150400000002160400000000170200002A0200003001303101177D027E
2026-03-25 05:50:43 - msg_id_0200 ==> 7E02000042660000000002BFE500000000000C000300C6473A049FAC70038400000000260325055042010400000000140400000001150400000002160400000000170200002A020000300130310115117E
2026-03-25 05:51:14 - msg_id_0200 ==> 7E02000042660000000002BFF000000000000C000300C6473A049FAC70038400000000260325055113010400000000140400000001150400000002160400000000170200002A020000300130310116577E
2026-03-25 05:51:45 - msg_id_0200 ==> 7E02000042660000000002BFFB00000000000C000300C64739049FAC70038400020000260325055144010400000000140400000001150400000002160400000000170200002A0200003001303101170B7E
2026-03-25 05:52:16 - msg_id_0200 ==> 7E02000042660000000002C00600000000000C000300C64733049FAC68038400000000260325055215010400000000140400000001150400000002160400000000170200002A020000300130310115C97E
2026-03-25 05:52:47 - msg_id_0200 ==> 7E02000042660000000002C01100000000000C000300C64733049FAC68038400000000260325055246010400000000140400000001150400000002160400000000170200002A0200003001303101158D7E
2026-03-25 05:53:18 - msg_id_0200 ==> 7E02000042660000000002C01C00000000000C000300C64732049FAC60038400000000260325055317010400000000140400000001150400000002160400000000170200002A020000300130310115D97E
2026-03-25 05:53:49 - msg_id_0200 ==> 7E02000042660000000002C02700000000000C000300C64733049FAC60038400000000260325055348010400000000140400000001150400000002160400000000170200002A020000300130310112BB7E
2026-03-25 05:54:20 - msg_id_0200 ==> 7E02000042660000000002C03200000000000C000300C64731049FAC60038400000000260325055419010400000000140400000001150400000002160400000000170200002A020000300130310115FD7E
2026-03-25 05:54:51 - msg_id_0200 ==> 7E02000042660000000002C03D00000000000C000300C64730049FAC60038400000000260325055450010400000000140400000001150400000002160400000000170200002A020000300130310112BD7E
2026-03-25 05:55:22 - msg_id_0200 ==> 7E02000042660000000002C04800000000000C000300C6472F049FAC60038400000000260325055521010400000000140400000001150400000002160400000000170200002A020000300130310113A67E
2026-03-25 05:55:53 - msg_id_0200 ==> 7E02000042660000000002C05300000000000C000300C64730049FAC58038400000000260325055552010400000000140400000001150400000002160400000000170200002A020000300130310114EE7E
2026-03-25 05:56:24 - msg_id_0200 ==> 7E02000042660000000002C05E00000000000C000300C6472D049FAC58038400000000260325055623010400000000140400000001150400000002160400000000170200002A0200003001303101138B7E
2026-03-25 05:56:55 - msg_id_0200 ==> 7E02000042660000000002C06900000000000C000300C64728049FAC58038400000000260325055654010400000000140400000001150400000002160400000000170200002A020000300130310114C97E
2026-03-25 05:57:26 - msg_id_0200 ==> 7E02000042660000000002C07400000000000C000300C6471B049FAC58038400000000260325055725010400000000140400000001150400000002160400000000170200002A020000300133310113937E
2026-03-25 05:57:57 - msg_id_0200 ==> 7E02000042660000000002C07F00000100000C000300C6472B049FAC58038400000000260325055755010400000000140400000001150400000002160400000000170200002A020000300146310116A97E
2026-03-25 05:58:02 - msg_id_0200 ==> 7E02000042660000000002C08200000000000C000300C6472D049FAC58038400000000260325055801010400000000140400000001150400000002160400000000170200002A020000300146310116087E
2026-03-25 05:58:33 - msg_id_0200 ==> 7E02000042660000000002C08D00000000000C000300C64732049FAC60038400000000260325055832010400000000140400000001150400000002160400000000170200002A020000300146310112177E
2026-03-25 05:59:04 - msg_id_0200 ==> 7E02000042660000000002C09800000000000C000300C64730049FAC60038400000000260325055903010400000000140400000001150400000002160400000000170200002A020000300146310112307E
2026-03-25 05:59:35 - msg_id_0200 ==> 7E02000042660000000002C0A300000000000C000300C6472F049FAC60038300000000260325055934010400000000140400000001150400000002160400000000170200002A020000300146310113257E
2026-03-25 06:00:06 - msg_id_0200 ==> 7E02000042660000000002C0AE00000000000C000300C6472E049FAC60038300000000260325060005010400000000140400000001150400000002160400000000170200002A020000300146310113427E
2026-03-25 06:00:37 - msg_id_0200 ==> 7E02000042660000000002C0B900000000000C000300C6472F049FAC60038300000000260325060036010400000000140400000001150400000002160400000000170200002A020000300146310113677E
2026-03-25 06:01:08 - msg_id_0200 ==> 7E02000042660000000002C0C400000000000C000300C6472E049FAC60038300000000260325060107010400000000140400000001150400000002160400000000170200002A0200003001463101142C7E
2026-03-25 06:01:39 - msg_id_0200 ==> 7E02000042660000000002C0CF00000000000C000300C64731049FAC60038200000000260325060138010400000000140400000001150400000002160400000000170200002A020000300146310112007E
2026-03-25 06:02:10 - msg_id_0200 ==> 7E02000042660000000002C0DA00000000000C000300C64732049FAC60038200000000260325060209010400000000140400000001150400000002160400000000170200002A020000300146310115237E
2026-03-25 06:02:41 - msg_id_0200 ==> 7E02000042660000000002C0E500000000000C000300C64734049FAC58038200000000260325060240010400000000140400000001150400000002160400000000170200002A020000300146310116687E
2026-03-25 06:03:12 - msg_id_0200 ==> 7E02000042660000000002C0F000000000000C000300C64734049FAC58038200000000260325060311010400000000140400000001150400000002160400000000170200002A0200003001463101152E7E
2026-03-25 06:03:43 - msg_id_0200 ==> 7E02000042660000000002C0FB00000000000C000300C64734049FAC58038200000000260325060342010400000000140400000001150400000002160400000000170200002A020000300146310116757E
2026-03-25 06:04:14 - msg_id_0200 ==> 7E02000042660000000002C10600000000000C000300C64734049FAC58038100000000260325060413010400000000140400000001150400000002160400000000170200002A020000300146310117DD7E
2026-03-25 06:04:45 - msg_id_0200 ==> 7E02000042660000000002C11100000000000C000300C64734049FAC58038100000000260325060444010400000000140400000001150400000002160400000000170200002A0200003001463101149E7E
2026-03-25 06:05:17 - msg_id_0200 ==> 7E02000042660000000002C11C00000000000C000300C64735049FAC50038100000000260325060515010400000000140400000001150400000002160400000000170200002A020000300146310112CC7E
2026-03-25 06:05:47 - msg_id_0200 ==> 7E02000042660000000002C12700000000000C000300C64735049FAC50038100000000260325060546010400000000140400000001150400000002160400000000170200002A020000300146310115A37E
2026-03-25 06:06:18 - msg_id_0200 ==> 7E02000042660000000002C13200000000000C000300C64737049FAC50038100000000260325060617010400000000140400000001150400000002160400000000170200002A020000300146310114E77E
2026-03-25 06:06:49 - msg_id_0200 ==> 7E02000042660000000002C13D00000000000C000300C64738049FAC50038100000000260325060648010400000000140400000001150400000002160400000000170200002A020000300146310114B87E
2026-03-25 06:07:20 - msg_id_0200 ==> 7E02000042660000000002C14800000000000C000300C64737049FAC50038100000000260325060719010400000000140400000001150400000002160400000000170200002A020000300146310116907E
2026-03-25 06:07:51 - msg_id_0200 ==> 7E02000042660000000002C15300000000000C000300C64735049FAC50038100000000260325060750010400000000140400000001150400000002160400000000170200002A020000300146310115C37E
2026-03-25 06:08:22 - msg_id_0200 ==> 7E02000042660000000002C15E00000000000C000300C64735049FAC50038000000000260325060821010400000000140400000001150400000002160400000000170200002A020000300146310115B17E
2026-03-25 06:08:53 - msg_id_0200 ==> 7E02000042660000000002C16900000000000C000300C64733049FAC58038000000000260325060852010400000000140400000001150400000002160400000000170200002A020000300146310115FB7E
2026-03-25 06:09:24 - msg_id_0200 ==> 7E02000042660000000002C17400000000000C000300C64734049FAC58038000000000260325060923010400000000140400000001150400000002160400000000170200002A020000300146310114907E
2026-03-25 06:09:54 - msg_id_0200 ==> 7E02000042660000000002C17F00000100000C000300C64734049FAC50038000000000260325060953010400000000140400000001150400000002160400000000170200002A020000300146310116E07E
2026-03-25 06:09:59 - msg_id_0200 ==> 7E02000042660000000002C18200000000000C000300C64734049FAC50038000000000260325060958010400000000140400000001150400000002160400000000170200002A020000300146310116177E
2026-03-25 06:10:30 - msg_id_0200 ==> 7E02000042660000000002C18D00000000000C000300C64734049FAC58038000000000260325061029010400000000140400000001150400000002160400000000170200002A0200003001463101157B7E
2026-03-25 06:11:01 - msg_id_0200 ==> 7E02000042660000000002C19800000000000C000300C64735049FAC58038000000000260325061100010400000000140400000001150400000002160400000000170200002A020000300146310113417E
2026-03-25 06:11:32 - msg_id_0200 ==> 7E02000042660000000002C1A300000000000C000300C64733049FAC58038000000000260325061131010400000000140400000001150400000002160400000000170200002A0200003001463101134D7E
2026-03-25 06:12:04 - msg_id_0200 ==> 7E02000042660000000002C1AE00000000000C000300C64733049FAC58038000000000260325061202010400000000140400000001150400000002160400000000170200002A020000300146310113707E
2026-03-25 06:12:34 - msg_id_0200 ==> 7E02000042660000000002C1B900000000000C000300C64731049FAC58038000000000260325061233010400000000140400000001150400000002160400000000170200002A020000300146310111567E
2026-03-25 06:13:05 - msg_id_0200 ==> 7E02000042660000000002C1C400000000000C000300C64731049FAC58038000000000260325061304010400000000140400000001150400000002160400000000170200002A0200003001463101121E7E
2026-03-25 06:13:36 - msg_id_0200 ==> 7E02000042660000000002C1CF00000000000C000300C64732049FAC58038000000000260325061335010400000000140400000001150400000002160400000000170200002A020000300146310112277E
2026-03-25 06:14:07 - msg_id_0200 ==> 7E02000042660000000002C1DA00000000000C000300C64730049FAC58038000000000260325061406010400000000140400000001150400000002160400000000170200002A020000300146310111077E
2026-03-25 06:14:38 - msg_id_0200 ==> 7E02000042660000000002C1E500000000000C000300C64730049FAC58038000000000260325061437010400000000140400000001150400000002160400000000170200002A0200003001463101120A7E
2026-03-25 06:15:10 - msg_id_0200 ==> 7E02000042660000000002C1F000000000000C000300C64731049FAC60037F00010000260325061508010400000000140400000001150400000002160400000000170200002A020000300146310111E57E
2026-03-25 06:15:40 - msg_id_0200 ==> 7E02000042660000000002C1FB00000000000C000300C64734049FAC60037F00000000260325061539010400000000140400000001150400000002160400000000170200002A020000300146310112D87E
2026-03-25 06:16:11 - msg_id_0200 ==> 7E02000042660000000002C20600000000000C000300C64731049FAC60037F00000000260325061610010400000000140400000001150400000002160400000000170200002A0200003001463101100B7E
2026-03-25 06:16:42 - msg_id_0200 ==> 7E02000042660000000002C21100000000000C000300C64732049FAC60037F00000000260325061641010400000000140400000001150400000002160400000000170200002A0200003001463101124C7E
2026-03-25 06:17:13 - msg_id_0200 ==> 7E02000042660000000002C21C00000000000C000300C64731049FAC68037F00000000260325061712010400000000140400000001150400000002160400000000170200002A0200003001463101111B7E
2026-03-25 06:17:44 - msg_id_0200 ==> 7E02000042660000000002C22700000000000C000300C64730049FAC68037F00000000260325061743010400000000140400000001150400000002160400000000170200002A020000300146310112737E
2026-03-25 06:18:16 - msg_id_0200 ==> 7E02000042660000000002C23200000000000C000300C6472F049FAC70037F00000000260325061814010400000000140400000001150400000002160400000000170200002A020000300146310112397E
2026-03-25 06:18:46 - msg_id_0200 ==> 7E02000042660000000002C23D00000000000C000300C64731049FAC70037F00000000260325061845010400000000140400000001150400000002160400000000170200002A0200003001463101117A7E
2026-03-25 06:19:17 - msg_id_0200 ==> 7E02000042660000000002C24800000000000C000300C64733049FAC70037F00000000260325061916010400000000140400000001150400000002160400000000170200002A0200003001463101105E7E
2026-03-25 06:19:48 - msg_id_0200 ==> 7E02000042660000000002C25300000000000C000300C64735049FAC70037F00000000260325061947010400000000140400000001150400000002160400000000170200002A020000300146310111137E
2026-03-25 06:20:19 - msg_id_0200 ==> 7E02000042660000000002C25E00000000000C000300C64736049FAC78037F00000000260325062018010400000000140400000001150400000002160400000000170200002A020000300146310111737E
2026-03-25 06:20:50 - msg_id_0200 ==> 7E02000042660000000002C26900000000000C000300C64738049FAC78037F00000000260325062049010400000000140400000001150400000002160400000000170200002A0200003001463101111B7E
2026-03-25 06:21:21 - msg_id_0200 ==> 7E02000042660000000002C27400000000000C000300C64739049FAC78037D0200000000260325062120010400000000140400000001150400000002160400000000170200002A0200003001463101126D7E
2026-03-25 06:21:57 - msg_id_0200 ==> 7E02000042660000000002C28200000000000C000300C64739049FAC78037D0200000000260325062156010400000000140400000001150400000002160400000000170200002A020000300146310111EE7E
2026-03-25 06:22:28 - msg_id_0200 ==> 7E02000042660000000002C28D00000000000C000300C64739049FAC78037D0200000000260325062227010400000000140400000001150400000002160400000000170200002A020000300146310112907E
2026-03-25 06:22:59 - msg_id_0200 ==> 7E02000042660000000002C29800000000000C000300C64739049FAC80037D0200000000260325062258010400000000140400000001150400000002160400000000170200002A020000300146310112027E
2026-03-25 06:23:30 - msg_id_0200 ==> 7E02000042660000000002C2A300000000000C000300C64738049FAC80037D0200000000260325062329010400000000140400000001150400000002160400000000170200002A020000300146310112487E
2026-03-25 06:24:01 - msg_id_0200 ==> 7E02000042660000000002C2AE00000000000C000300C64736049FAC80037D0200000000260325062400010400000000140400000001150400000002160400000000170200002A020000300146310113647E
2026-03-25 06:24:32 - msg_id_0200 ==> 7E02000042660000000002C2B900000000000C000300C64735049FAC80037D0200000000260325062431010400000000140400000001150400000002160400000000170200002A020000300146310113417E
2026-03-25 06:25:03 - msg_id_0200 ==> 7E02000042660000000002C2C400000000000C000300C64730049FAC80037D0200000000260325062502010400000000140400000001150400000002160400000000170200002A020000300146310111097E
2026-03-25 06:25:34 - msg_id_0200 ==> 7E02000042660000000002C2CF00000000000C000300C64734049FAC80037D0200000000260325062533010400000000140400000001150400000002160400000000170200002A020000300146310110367E
2026-03-25 06:26:05 - msg_id_0200 ==> 7E02000042660000000002C2DA00000000000C000300C64736049FAC88037D0200000000260325062604010400000000140400000001150400000002160400000000170200002A0200003001463101111C7E
2026-03-25 06:26:48 - msg_id_0200 ==> 7E02000042660000000002C2E500000000000C000300C64736049FAC88037D0200000000260325062635010400000000140400000001150400000002160400000000170200002A020000300146310112117E
2026-03-25 06:27:07 - msg_id_0200 ==> 7E02000042660000000002C2F000000000000C000300C64736049FAC88037D0200000000260325062706010400000000140400000001150400000002160400000000170200002A020000300146310111357E
2026-03-25 06:27:38 - msg_id_0200 ==> 7E02000042660000000002C2FB00000000000C000300C64735049FAC80037D0200000000260325062737010400000000140400000001150400000002160400000000170200002A020000300146310112077E
2026-03-25 06:28:09 - msg_id_0200 ==> 7E02000042660000000002C30600000000000C000300C64732049FAC80037D0200000000260325062808010400000000140400000001150400000002160400000000170200002A020000300146310113CD7E
2026-03-25 06:28:40 - msg_id_0200 ==> 7E02000042660000000002C31100000000000C000300C64732049FAC80037D0200000000260325062839010400000000140400000001150400000002160400000000170200002A020000300146310113EB7E
2026-03-25 06:29:11 - msg_id_0200 ==> 7E02000042660000000002C31C00000000000C000300C64731049FAC78037D0200000000260325062910010400000000140400000001150400000002160400000000170200002A020000300146310112347E
2026-03-25 06:29:42 - msg_id_0200 ==> 7E02000042660000000002C32700000000000C000300C64731049FAC78037D0100000000260325062941010400000000140400000001150400000002160400000000170200002A0200003001463101135C7E
2026-03-25 06:30:13 - msg_id_0200 ==> 7E02000042660000000002C33200000000000C000300C64733049FAC78037D0100000000260325063012010400000000140400000001150400000002160400000000170200002A020000300146310113017E
2026-03-25 06:30:44 - msg_id_0200 ==> 7E02000042660000000002C33D00000000000C000300C64730049FAC78037D0100000000260325063043010400000000140400000001150400000002160400000000170200002A0200003001463101125D7E
2026-03-25 06:31:15 - msg_id_0200 ==> 7E02000042660000000002C34800000000000C000300C6472D049FAC78037D0100000000260325063114010400000000140400000001150400000002160400000000170200002A020000300146310113627E
2026-03-25 06:31:46 - msg_id_0200 ==> 7E02000042660000000002C35300000000000C000300C64729049FAC78037D0100000000260325063145010400000000140400000001150400000002160400000000170200002A0200003001463101132C7E
2026-03-25 06:32:17 - msg_id_0200 ==> 7E02000042660000000002C35E00000000000C000300C64728049FAC70037D0100000000260325063216010400000000140400000001150400000002160400000000170200002A020000300146310112797E
2026-03-25 06:32:48 - msg_id_0200 ==> 7E02000042660000000002C36900000000000C000300C64728049FAC70037D0100000000260325063247010400000000140400000001150400000002160400000000170200002A020000300146310114197E
2026-03-25 06:33:19 - msg_id_0200 ==> 7E02000042660000000002C37400000000000C000300C64727049FAC70037D0100000000260325063318010400000000140400000001150400000002160400000000170200002A020000300146310114557E
2026-03-25 06:33:50 - msg_id_0200 ==> 7E02000042660000000002C37F00000100000C000300C64723049FAC70037C00000000260325063349010400000000140400000001150400000002160400000000170200002A0200003001463101140B7E
2026-03-25 06:33:55 - msg_id_0200 ==> 7E02000042660000000002C38200000000000C000300C64723049FAC70037C00000000260325063354010400000000140400000001150400000002160400000000170200002A020000300146310113ED7E
2026-03-25 06:34:26 - msg_id_0200 ==> 7E02000042660000000002C38D00000000000C000300C64720049FAC70037C00000000260325063425010400000000140400000001150400000002160400000000170200002A020000300146310114907E
2026-03-25 06:34:57 - msg_id_0200 ==> 7E02000042660000000002C39800000000000C000300C6471F049FAC68037C00000000260325063456010400000000140400000001150400000002160400000000170200002A020000300146310114D17E
2026-03-25 06:35:28 - msg_id_0200 ==> 7E02000042660000000002C3A300000000000C000300C6471F049FAC70037C00000000260325063527010400000000140400000001150400000002160400000000170200002A020000300146310113857E
2026-03-25 06:35:59 - msg_id_0200 ==> 7E02000042660000000002C3AE00000000000C000300C64723049FAC68037C00000000260325063558010400000000140400000001150400000002160400000000170200002A020000300146310113D37E
2026-03-25 06:36:30 - msg_id_0200 ==> 7E02000042660000000002C3B900000000000C000300C6472B049FAC68037C00000000260325063629010400000000140400000001150400000002160400000000170200002A020000300146310114B97E
2026-03-25 06:37:01 - msg_id_0200 ==> 7E02000042660000000002C3C400000000000C000300C6472D049FAC68037C00000000260325063700010400000000140400000001150400000002160400000000170200002A020000300146310112EC7E
2026-03-25 06:37:32 - msg_id_0200 ==> 7E02000042660000000002C3CF00000000000C000300C64731049FAC68037C00000000260325063731010400000000140400000001150400000002160400000000170200002A020000300146310113CB7E
2026-03-25 06:38:03 - msg_id_0200 ==> 7E02000042660000000002C3DA00000000000C000300C64732049FAC70037C00000000260325063802010400000000140400000001150400000002160400000000170200002A020000300146310111FB7E
2026-03-25 06:38:34 - msg_id_0200 ==> 7E02000042660000000002C3E500000000000C000300C64734049FAC70037C00000000260325063833010400000000140400000001150400000002160400000000170200002A020000300146310110F27E
2026-03-25 06:39:05 - msg_id_0200 ==> 7E02000042660000000002C3F100000000000C000300C64737049FAC70037C00000000260325063904010400000000140400000001150400000002160400000000170200002A02000030014A310112DD7E
2026-03-25 06:39:36 - msg_id_0200 ==> 7E02000042660000000002C3FC00000000000C000300C6473B049FAC70037B00020000260325063935010400000000140400000001150400000002160400000000170200002A02000030014A310112E87E
2026-03-25 06:40:07 - msg_id_0200 ==> 7E02000042660000000002C40700000000000C000300C64743049FAC70037C00000000260325064006010400000000140400000001150400000002160400000000170200002A02000030014A31010F3E7E
2026-03-25 06:40:38 - msg_id_0200 ==> 7E02000042660000000002C41200000000000C000300C64746049FAC78037C00000000260325064037010400000000140400000001150400000002160400000000170200002A02000030014A31010F177E
2026-03-25 06:41:10 - msg_id_0200 ==> 7E02000042660000000002C41D00000000000C000300C6474C049FAC78037D0100000000260325064108010400000000140400000001150400000002160400000000170200002A02000030014A310112307E
2026-03-25 06:41:40 - msg_id_0200 ==> 7E02000042660000000002C42800000000000C000300C6474B049FAC70037D0100000000260325064139010400000000140400000001150400000002160400000000170200002A02000030014A31010F267E
2026-03-25 06:42:11 - msg_id_0200 ==> 7E02000042660000000002C43300000000000C000300C64742049FAC70037D0100000000260325064210010400000000140400000001150400000002160400000000170200002A02000030014A31010E1F7E
2026-03-25 06:42:42 - msg_id_0200 ==> 7E02000042660000000002C43E00000000000C000300C64747049FAC78037D0100000000260325064241010400000000140400000001150400000002160400000000170200002A02000030014A31010D4D7E
2026-03-25 06:43:14 - msg_id_0200 ==> 7E02000042660000000002C44900000000000C000300C6474D049FAC80037D0100000000260325064312010400000000140400000001150400000002160400000000170200002A02000030014A31010D9A7E
2026-03-25 06:43:44 - msg_id_0200 ==> 7E02000042660000000002C45400000000000C000300C6474E049FAC80037D0100000000260325064343010400000000140400000001150400000002160400000000170200002A02000030014A31010DD57E
2026-03-25 06:44:15 - msg_id_0200 ==> 7E02000042660000000002C45F00000000000C000300C64750049FAC80037D0100000000260325064414010400000000140400000001150400000002160400000000170200002A02000030014A3101118C7E
2026-03-25 06:44:46 - msg_id_0200 ==> 7E02000042660000000002C46A00000000000C000300C6474F049FAC78037D0100000000260325064445010400000000140400000001150400000002160400000000170200002A02000030014A3101110F7E
2026-03-25 06:45:17 - msg_id_0200 ==> 7E02000042660000000002C47500000000000C000300C6474F049FAC78037D0200000000260325064516010400000000140400000001150400000002160400000000170200002A02000030014A31010F5F7E
2026-03-25 06:45:50 - msg_id_0200 ==> 7E02000042660000000002C48200000000000C000300C64751049FAC78037D0200000000260325064548010400000000140400000001150400000002160400000000170200002A02000030014A31010FE87E
2026-03-25 06:46:20 - msg_id_0200 ==> 7E02000042660000000002C48D00000000000C000300C6474E049FAC78037D0200000000260325064619010400000000140400000001150400000002160400000000170200002A02000030014A31010EAB7E
2026-03-25 06:46:51 - msg_id_0200 ==> 7E02000042660000000002C49800000000000C000300C6474E049FAC70037D0200000000260325064650010400000000140400000001150400000002160400000000170200002A02000030014A31010FFE7E
2026-03-25 06:47:22 - msg_id_0200 ==> 7E02000042660000000002C4A300000000000C000300C64750049FAC70037D0200000000260325064721010400000000140400000001150400000002160400000000170200002A02000030014A310112B67E
2026-03-25 06:47:53 - msg_id_0200 ==> 7E02000042660000000002C4AE00000000000C000300C64750049FAC70037D0200000000260325064752010400000000140400000001150400000002160400000000170200002A02000030014A310110CA7E
2026-03-25 06:48:24 - msg_id_0200 ==> 7E02000042660000000002C4B900000000000C000300C6474E049FAC68037D0200000000260325064823010400000000140400000001150400000002160400000000170200002A02000030014A31010EBB7E
2026-03-25 06:48:55 - msg_id_0200 ==> 7E02000042660000000002C4C400000000000C000300C6474F049FAC68037D0200000000260325064854010400000000140400000001150400000002160400000000170200002A02000030014A31010EB07E
2026-03-25 06:49:26 - msg_id_0200 ==> 7E02000042660000000002C4CF00000000000C000300C6474E049FAC68037D0100000000260325064925010400000000140400000001150400000002160400000000170200002A02000030014A310112D57E
2026-03-25 06:49:57 - msg_id_0200 ==> 7E02000042660000000002C4DA00000000000C000300C6474B049FAC68037D0100000000260325064956010400000000140400000001150400000002160400000000170200002A02000030014A310111B57E
2026-03-25 06:50:28 - msg_id_0200 ==> 7E02000042660000000002C4E500000000000C000300C6474B049FAC68037D0100000000260325065027010400000000140400000001150400000002160400000000170200002A02000030014A310113E07E
2026-03-25 06:50:59 - msg_id_0200 ==> 7E02000042660000000002C4F000000000000C000300C6474C049FAC68037D0100000000260325065058010400000000140400000001150400000002160400000000170200002A02000030014A3101118F7E
2026-03-25 06:51:30 - msg_id_0200 ==> 7E02000042660000000002C4FB00000000000C000300C6474B049FAC60037D0100000000260325065129010400000000140400000001150400000002160400000000170200002A02000030014A31010EE47E
2026-03-25 06:52:01 - msg_id_0200 ==> 7E02000042660000000002C50600000000000C000300C6474D049FAC68037D0100000000260325065200010400000000140400000001150400000002160400000000170200002A02000030014A31010E3C7E
2026-03-25 06:52:32 - msg_id_0200 ==> 7E02000042660000000002C51100000000000C000300C6474E049FAC60037D0100000000260325065231010400000000140400000001150400000002160400000000170200002A02000030014A31010F107E
2026-03-25 06:53:03 - msg_id_0200 ==> 7E02000042660000000002C51C00000000000C000300C6474F049FAC60037D0100000000260325065302010400000000140400000001150400000002160400000000170200002A02000030014A31010F2E7E
2026-03-25 06:53:34 - msg_id_0200 ==> 7E02000042660000000002C52700000000000C000300C6474F049FAC60037D0200000000260325065333010400000000140400000001150400000002160400000000170200002A02000030014A31010E267E
2026-03-25 06:54:05 - msg_id_0200 ==> 7E02000042660000000002C53200000000000C000300C6474D049FAC68037D0200000000260325065404010400000000140400000001150400000002160400000000170200002A02000030014A310110177E
2026-03-25 06:54:36 - msg_id_0200 ==> 7E02000042660000000002C53D00000000000C000300C6474E049FAC68037D0200000000260325065435010400000000140400000001150400000002160400000000170200002A02000030014A310112287E
2026-03-25 06:55:07 - msg_id_0200 ==> 7E02000042660000000002C54800000000000C000300C6474C049FAC70037D0200000000260325065506010400000000140400000001150400000002160400000000170200002A02000030014A310111767E
2026-03-25 06:55:38 - msg_id_0200 ==> 7E02000042660000000002C55300000000000C000300C64757049FAC70037D0200000000260325065537010400000000140400000001150400000002160400000000170200002A02000030014A310111477E
2026-03-25 06:56:09 - msg_id_0200 ==> 7E02000042660000000002C55E00000000000C000300C64752049FAC70037D0200000000260325065608010400000000140400000001150400000002160400000000170200002A02000030014A310111737E
2026-03-25 06:56:40 - msg_id_0200 ==> 7E02000042660000000002C56900000000000C000300C64752049FAC70037F00000000260325065639010400000000140400000001150400000002160400000000170200002A02000030014A31010F6A7E
2026-03-25 06:57:11 - msg_id_0200 ==> 7E02000042660000000002C57400000000000C000300C6474E049FAC70037F00000000260325065710010400000000140400000001150400000002160400000000170200002A02000030014A3101115D7E
2026-03-25 06:57:47 - msg_id_0200 ==> 7E02000042660000000002C58200000000000C000300C6474E049FAC70037F00000000260325065746010400000000140400000001150400000002160400000000170200002A02000030014A310112FE7E
2026-03-25 06:58:18 - msg_id_0200 ==> 7E02000042660000000002C58D00000000000C000300C6474E049FAC70037F00000000260325065817010400000000140400000001150400000002160400000000170200002A02000030014A310115A87E
2026-03-25 06:58:49 - msg_id_0200 ==> 7E02000042660000000002C59800000000000C000300C6474C049FAC68037F00000000260325065848010400000000140400000001150400000002160400000000170200002A02000030014A310110FD7E
2026-03-25 06:59:20 - msg_id_0200 ==> 7E02000042660000000002C5A300000000000C000300C6474C049FAC68038000000000260325065919010400000000140400000001150400000002160400000000170200002A02000030014A3101126B7E
2026-03-25 06:59:51 - msg_id_0200 ==> 7E02000042660000000002C5AE00000000000C000300C6474B049FAC70038000000000260325065950010400000000140400000001150400000002160400000000170200002A02000030014A31010F2D7E
2026-03-25 07:00:22 - msg_id_0200 ==> 7E02000042660000000002C5B900000000000C000300C64749049FAC68038000000000260325070021010400000000140400000001150400000002160400000000170200002A02000030014A310111177E
2026-03-25 07:00:53 - msg_id_0200 ==> 7E02000042660000000002C5C400000000000C000300C64747049FAC68038000000000260325070052010400000000140400000001150400000002160400000000170200002A02000030014A310114127E
2026-03-25 07:01:24 - msg_id_0200 ==> 7E02000042660000000002C5CF00000000000C000300C64745049FAC68038000000000260325070123010400000000140400000001150400000002160400000000170200002A02000030014A3101156A7E
2026-03-25 07:01:55 - msg_id_0200 ==> 7E02000042660000000002C5DA00000000000C000300C64748049FAC60038000000000260325070154010400000000140400000001150400000002160400000000170200002A02000030014A3101130B7E
2026-03-25 07:02:26 - msg_id_0200 ==> 7E02000042660000000002C5E500000000000C000300C64747049FAC60038000000000260325070225010400000000140400000001150400000002160400000000170200002A02000030014A3101144E7E
2026-03-25 07:02:57 - msg_id_0200 ==> 7E02000042660000000002C5F000000000000C000300C64748049FAC60038000000000260325070256010400000000140400000001150400000002160400000000170200002A02000030014A310113207E
2026-03-25 07:03:28 - msg_id_0200 ==> 7E02000042660000000002C5FB00000000000C000300C64748049FAC60038000000000260325070327010400000000140400000001150400000002160400000000170200002A02000030014A3101135B7E
2026-03-25 07:03:59 - msg_id_0200 ==> 7E02000042660000000002C60600000000000C000300C64746049FAC60038000000000260325070358010400000000140400000001150400000002160400000000170200002A02000030014A310113D47E
2026-03-25 07:04:30 - msg_id_0200 ==> 7E02000042660000000002C61100000000000C000300C64745049FAC60038000000000260325070429010400000000140400000001150400000002160400000000170200002A02000030014A310111B47E
2026-03-25 07:05:01 - msg_id_0200 ==> 7E02000042660000000002C61C00000000000C000300C64745049FAC60038000000000260325070500010400000000140400000001150400000002160400000000170200002A02000030014A310112927E
2026-03-25 07:05:32 - msg_id_0200 ==> 7E02000042660000000002C62700000000000C000300C64742049FAC60038000000000260325070531010400000000140400000001150400000002160400000000170200002A02000030014A3101129F7E
2026-03-25 07:06:03 - msg_id_0200 ==> 7E02000042660000000002C63200000000000C000300C64743049FAC60038000000000260325070602010400000000140400000001150400000002160400000000170200002A02000030014A310111B87E
2026-03-25 07:06:34 - msg_id_0200 ==> 7E02000042660000000002C63D00000000000C000300C64742049FAC60038000000000260325070633010400000000140400000001150400000002160400000000170200002A02000030014A310110867E
2026-03-25 07:07:05 - msg_id_0200 ==> 7E02000042660000000002C64800000000000C000300C64741049FAC60038000000000260325070704010400000000140400000001150400000002160400000000170200002A02000030014A310112C47E
2026-03-25 07:07:36 - msg_id_0200 ==> 7E02000042660000000002C65300000000000C000300C64740049FAC60038000000000260325070735010400000000140400000001150400000002160400000000170200002A02000030014A310110ED7E
2026-03-25 07:08:07 - msg_id_0200 ==> 7E02000042660000000002C65E00000000000C000300C64740049FAC60038000000000260325070806010400000000140400000001150400000002160400000000170200002A02000030014A310110DC7E
2026-03-25 07:08:38 - msg_id_0200 ==> 7E02000042660000000002C66900000000000C000300C64742049FAC68038000000000260325070837010400000000140400000001150400000002160400000000170200002A02000030014A31010ECE7E
2026-03-25 07:09:09 - msg_id_0200 ==> 7E02000042660000000002C67400000000000C000300C64743049FAC68038000000000260325070908010400000000140400000001150400000002160400000000170200002A02000030014A310110F27E
2026-03-25 07:09:45 - msg_id_0200 ==> 7E02000042660000000002C68200000000000C000300C64745049FAC68038000000000260325070944010400000000140400000001150400000002160400000000170200002A02000030014A3101104E7E
2026-03-25 07:10:16 - msg_id_0200 ==> 7E02000042660000000002C68D00000000000C000300C64748049FAC68038000000000260325071015010400000000140400000001150400000002160400000000170200002A02000030014A310110047E
2026-03-25 07:10:47 - msg_id_0200 ==> 7E02000042660000000002C69800000000000C000300C64749049FAC68038000000000260325071046010400000000140400000001150400000002160400000000170200002A02000030014A31010F5C7E
2026-03-25 07:11:18 - msg_id_0200 ==> 7E02000042660000000002C6A300000000000C000300C6474B049FAC68038000000000260325071117010400000000140400000001150400000002160400000000170200002A02000030014A31010F357E
2026-03-25 07:11:49 - msg_id_0200 ==> 7E02000042660000000002C6AE00000000000C000300C6474F049FAC68038000000000260325071148010400000000140400000001150400000002160400000000170200002A02000030014A31010F637E
2026-03-25 07:12:20 - msg_id_0200 ==> 7E02000042660000000002C6B900000000000C000300C64751049FAC68038000000000260325071219010400000000140400000001150400000002160400000000170200002A02000030014A31010F387E
2026-03-25 07:12:51 - msg_id_0200 ==> 7E02000042660000000002C6C400000000000C000300C64753049FAC70037F00000000260325071250010400000000140400000001150400000002160400000000170200002A02000030014A310110F67E
2026-03-25 07:13:22 - msg_id_0200 ==> 7E02000042660000000002C6CF00000000000C000300C64752049FAC70037F00000000260325071321010400000000140400000001150400000002160400000000170200002A02000030014A3101108C7E
2026-03-25 07:13:53 - msg_id_0200 ==> 7E02000042660000000002C6DA00000000000C000300C6474F049FAC70037F00000000260325071352010400000000140400000001150400000002160400000000170200002A02000030014A310113F47E
2026-03-25 07:14:24 - msg_id_0200 ==> 7E02000042660000000002C6E500000000000C000300C6474F049FAC70037F00000000260325071423010400000000140400000001150400000002160400000000170200002A02000030014A310112BC7E
2026-03-25 07:14:56 - msg_id_0200 ==> 7E02000042660000000002C6F000000000000C000300C6474F049FAC70037F00000000260325071454010400000000140400000001150400000002160400000000170200002A02000030014A310112DE7E
2026-03-25 07:15:26 - msg_id_0200 ==> 7E02000042660000000002C6FB00000000000C000300C6474F049FAC70037F00000000260325071525010400000000140400000001150400000002160400000000170200002A02000030014A310113A47E
2026-03-25 07:15:57 - msg_id_0200 ==> 7E02000042660000000002C70600000000000C000300C6474F049FAC70037F00000000260325071556010400000000140400000001150400000002160400000000170200002A02000030014A3101132B7E
2026-03-25 07:16:28 - msg_id_0200 ==> 7E02000042660000000002C71100000000000C000300C6474F049FAC78037F00000000260325071627010400000000140400000001150400000002160400000000170200002A02000030014A310112477E
2026-03-25 07:16:59 - msg_id_0200 ==> 7E02000042660000000002C71C00000000000C000300C64751049FAC78037F00000000260325071658010400000000140400000001150400000002160400000000170200002A02000030014A310111287E
2026-03-25 07:17:30 - msg_id_0200 ==> 7E02000042660000000002C72700000000000C000300C64750049FAC78037F00000000260325071729010400000000140400000001150400000002160400000000170200002A02000030014A310112617E
2026-03-25 07:18:01 - msg_id_0200 ==> 7E02000042660000000002C73200000000000C000300C64751049FAC78037F00000000260325071800010400000000140400000001150400000002160400000000170200002A02000030014A310113527E
2026-03-25 07:18:32 - msg_id_0200 ==> 7E02000042660000000002C73D00000000000C000300C64752049FAC78037F00000000260325071831010400000000140400000001150400000002160400000000170200002A02000030014A3101136F7E
2026-03-25 07:19:03 - msg_id_0200 ==> 7E02000042660000000002C74800000000000C000300C64752049FAC78037F00000000260325071902010400000000140400000001150400000002160400000000170200002A02000030014A310113287E
2026-03-25 07:19:34 - msg_id_0200 ==> 7E02000042660000000002C75300000000000C000300C64752049FAC78038000000000260325071933010400000000140400000001150400000002160400000000170200002A02000030014A310112FC7E
2026-03-25 07:20:05 - msg_id_0200 ==> 7E02000042660000000002C75E00000000000C000300C64752049FAC78038000000000260325072004010400000000140400000001150400000002160400000000170200002A02000030014A310111FC7E
2026-03-25 07:20:36 - msg_id_0200 ==> 7E02000042660000000002C76900000000000C000300C64753049FAC78038000000000260325072035010400000000140400000001150400000002160400000000170200002A02000030014A31010FE57E
2026-03-25 07:21:07 - msg_id_0200 ==> 7E02000042660000000002C77400000000000C000300C64756049FAC78038000000000260325072106010400000000140400000001150400000002160400000000170200002A02000030014A310111D17E
2026-03-25 07:21:43 - msg_id_0200 ==> 7E02000042660000000002C78200000000000C000300C64759049FAC78038000000000260325072142010400000000140400000001150400000002160400000000170200002A02000030014A3101126F7E
2026-03-25 07:22:14 - msg_id_0200 ==> 7E02000042660000000002C78D00000000000C000300C6475A049FAC78038000000000260325072213010400000000140400000001150400000002160400000000170200002A02000030014A310111327E
2026-03-25 07:22:45 - msg_id_0200 ==> 7E02000042660000000002C79800000000000C000300C6475B049FAC78038000000000260325072244010400000000140400000001150400000002160400000000170200002A02000030014A310111717E
2026-03-25 07:23:16 - msg_id_0200 ==> 7E02000042660000000002C7A300000000000C000300C6475B049FAC80038000000000260325072315010400000000140400000001150400000002160400000000170200002A02000030014A310111E27E
2026-03-25 07:23:47 - msg_id_0200 ==> 7E02000042660000000002C7AE00000000000C000300C6475B049FAC80038000000000260325072346010400000000140400000001150400000002160400000000170200002A02000030014A310110BD7E
2026-03-25 07:24:18 - msg_id_0200 ==> 7E02000042660000000002C7B900000000000C000300C6475B049FAC80038000000000260325072417010400000000140400000001150400000002160400000000170200002A02000030014A310112FE7E
2026-03-25 07:24:49 - msg_id_0200 ==> 7E02000042660000000002C7C400000000000C000300C6475A049FAC80038000000000260325072448010400000000140400000001150400000002160400000000170200002A02000030014A310112DD7E
2026-03-25 07:25:20 - msg_id_0200 ==> 7E02000042660000000002C7CF00000000000C000300C6475B049FAC80038000000000260325072519010400000000140400000001150400000002160400000000170200002A02000030014A310111847E
2026-03-25 07:25:51 - msg_id_0200 ==> 7E02000042660000000002C7DA00000000000C000300C64759049FAC80038000000000260325072550010400000000140400000001150400000002160400000000170200002A02000030014A310113D87E
2026-03-25 07:26:22 - msg_id_0200 ==> 7E02000042660000000002C7E500000000000C000300C64757049FAC80038000000000260325072621010400000000140400000001150400000002160400000000170200002A02000030014A3101139B7E
2026-03-25 07:26:53 - msg_id_0200 ==> 7E02000042660000000002C7F000000000000C000300C64757049FAC80038000000000260325072652010400000000140400000001150400000002160400000000170200002A02000030014A310113FD7E
2026-03-25 07:27:24 - msg_id_0200 ==> 7E02000042660000000002C7FB00000000000C000300C64756049FAC80038000000000260325072723010400000000140400000001150400000002160400000000170200002A02000030014A310112867E
2026-03-25 07:27:56 - msg_id_0200 ==> 7E02000042660000000002C80600000000000C000300C64756049FAC88038000000000260325072754010400000000140400000001150400000002160400000000170200002A02000030014A310111087E
2026-03-25 07:28:26 - msg_id_0200 ==> 7E02000042660000000002C81100000000000C000300C64756049FAC88038000000000260325072825010400000000140400000001150400000002160400000000170200002A02000030014A310110607E
2026-03-25 07:28:57 - msg_id_0200 ==> 7E02000042660000000002C81C00000000000C000300C64756049FAC88038000000000260325072856010400000000140400000001150400000002160400000000170200002A02000030014A3101121C7E
2026-03-25 07:29:29 - msg_id_0200 ==> 7E02000042660000000002C82700000000000C000300C64756049FAC88038000000000260325072927010400000000140400000001150400000002160400000000170200002A02000030014A310112577E
2026-03-25 07:29:59 - msg_id_0200 ==> 7E02000042660000000002C83200000000000C000300C64755049FAC90038100000000260325072958010400000000140400000001150400000002160400000000170200002A02000030014A310112277E
2026-03-25 07:30:30 - msg_id_0200 ==> 7E02000042660000000002C83D00000000000C000300C64754049FAC90038100000000260325073029010400000000140400000001150400000002160400000000170200002A02000030014A310111427E
2026-03-25 07:31:01 - msg_id_0200 ==> 7E02000042660000000002C84800000000000C000300C64752049FAC90038100000000260325073100010400000000140400000001150400000002160400000000170200002A02000030014A3101121A7E
2026-03-25 07:31:32 - msg_id_0200 ==> 7E02000042660000000002C85300000000000C000300C64753049FAC90038100000000260325073131010400000000140400000001150400000002160400000000170200002A02000030014A310113307E
2026-03-25 07:32:03 - msg_id_0200 ==> 7E02000042660000000002C85E00000000000C000300C64756049FAC90038100000000260325073202010400000000140400000001150400000002160400000000170200002A02000030014A3101100B7E
2026-03-25 07:32:34 - msg_id_0200 ==> 7E02000042660000000002C86900000000000C000300C64756049FAC90038100000000260325073233010400000000140400000001150400000002160400000000170200002A02000030014A3101130E7E
2026-03-25 07:33:05 - msg_id_0200 ==> 7E02000042660000000002C87400000000000C000300C64756049FAC90038100000000260325073304010400000000140400000001150400000002160400000000170200002A02000030014A310115237E
2026-03-25 07:33:35 - msg_id_0200 ==> 7E02000042660000000002C87F00000100000C000300C64752049FAC98038100000000260325073334010400000000140400000001150400000002160400000000170200002A02000030014A310113137E
2026-03-25 07:33:50 - msg_id_0200 ==> 7E02000042660000000002C88200000000000C000300C64751049FAC98038100000000260325073341010400000000140400000001150400000002160400000000170200002A02000030014A3101149E7E
2026-03-25 07:34:13 - msg_id_0200 ==> 7E02000042660000000002C88D00000000000C000300C6474F049FAC98038100000000260325073412010400000000140400000001150400000002160400000000170200002A02000030014A310113DC7E
2026-03-25 07:34:44 - msg_id_0200 ==> 7E02000042660000000002C89800000000000C000300C64750049FAC98038100000000260325073443010400000000140400000001150400000002160400000000170200002A02000030014A310112867E
2026-03-25 07:35:15 - msg_id_0200 ==> 7E02000042660000000002C8A300000000000C000300C6474F049FACA0038200000000260325073514010400000000140400000001150400000002160400000000170200002A02000030014A310113CE7E
2026-03-25 07:35:46 - msg_id_0200 ==> 7E02000042660000000002C8AE00000000000C000300C6474D049FACA8038200000000260325073545010400000000140400000001150400000002160400000000170200002A02000030014A3101149F7E
2026-03-25 07:36:17 - msg_id_0200 ==> 7E02000042660000000002C8B900000000000C000300C6474E049FACA8038200000000260325073616010400000000140400000001150400000002160400000000170200002A02000030014A310113DC7E
2026-03-25 07:36:48 - msg_id_0200 ==> 7E02000042660000000002C8C400000000000C000300C64750049FACA8038200000000260325073647010400000000140400000001150400000002160400000000170200002A02000030014A310114E97E
2026-03-25 07:37:19 - msg_id_0200 ==> 7E02000042660000000002C8CF00000000000C000300C6474F049FACA8038200000000260325073718010400000000140400000001150400000002160400000000170200002A02000030014A310112A57E
2026-03-25 07:37:50 - msg_id_0200 ==> 7E02000042660000000002C8DA00000000000C000300C6474D049FACA0038200000000260325073749010400000000140400000001150400000002160400000000170200002A02000030014A310114ED7E
2026-03-25 07:38:21 - msg_id_0200 ==> 7E02000042660000000002C8E500000000000C000300C6474B049FACA0038200000000260325073820010400000000140400000001150400000002160400000000170200002A02000030014A310112B47E
2026-03-25 07:38:53 - msg_id_0200 ==> 7E02000042660000000002C8F000000000000C000300C64748049FAC98038200000000260325073851010400000000140400000001150400000002160400000000170200002A02000030014A310114ED7E
2026-03-25 07:39:23 - msg_id_0200 ==> 7E02000042660000000002C8FB00000000000C000300C64745049FAC98038200000000260325073922010400000000140400000001150400000002160400000000170200002A02000030014A310114997E
2026-03-25 07:39:54 - msg_id_0200 ==> 7E02000042660000000002C90600000000000C000300C64746049FAC90038300000000260325073953010400000000140400000001150400000002160400000000170200002A02000030014A3101141E7E
2026-03-25 07:40:25 - msg_id_0200 ==> 7E02000042660000000002C91100000000000C000300C64744049FAC90038300000000260325074024010400000000140400000001150400000002160400000000170200002A02000030014A310112037E
2026-03-25 07:40:56 - msg_id_0200 ==> 7E02000042660000000002C91C00000000000C000300C64742049FAC88038300000000260325074055010400000000140400000001150400000002160400000000170200002A02000030014A310113607E
2026-03-25 07:41:27 - msg_id_0200 ==> 7E02000042660000000002C92700000000000C000300C64742049FAC88038300000000260325074126010400000000140400000001150400000002160400000000170200002A02000030014A310113297E
2026-03-25 07:41:58 - msg_id_0200 ==> 7E02000042660000000002C93200000000000C000300C64742049FAC80038300000000260325074157010400000000140400000001150400000002160400000000170200002A02000030014A310112447E
2026-03-25 07:42:29 - msg_id_0200 ==> 7E02000042660000000002C93D00000000000C000300C64742049FAC80038300000000260325074228010400000000140400000001150400000002160400000000170200002A02000030014A310115307E
2026-03-25 07:43:00 - msg_id_0200 ==> 7E02000042660000000002C94800000000000C000300C64742049FAC78038300000000260325074259010400000000140400000001150400000002160400000000170200002A02000030014A310113CA7E
2026-03-25 07:43:31 - msg_id_0200 ==> 7E02000042660000000002C95300000000000C000300C64742049FAC78038300000000260325074330010400000000140400000001150400000002160400000000170200002A02000030014A310112B87E
2026-03-25 07:44:03 - msg_id_0200 ==> 7E02000042660000000002C95E00000000000C000300C64740049FAC70038300000000260325074401010400000000140400000001150400000002160400000000170200002A02000030014A310113887E
2026-03-25 07:44:33 - msg_id_0200 ==> 7E02000042660000000002C96900000000000C000300C6473F049FAC70038300000000260325074432010400000000140400000001150400000002160400000000170200002A02000030014A310113F37E
2026-03-25 07:45:04 - msg_id_0200 ==> 7E02000042660000000002C97400000000000C000300C64741049FAC70038300000000260325074503010400000000140400000001150400000002160400000000170200002A02000030014A310113A07E
2026-03-25 07:45:34 - msg_id_0200 ==> 7E02000042660000000002C97F00000100000C000300C64741049FAC70038300000000260325074533010400000000140400000001150400000002160400000000170200002A02000030014A3101149D7E
2026-03-25 07:45:39 - msg_id_0200 ==> 7E02000042660000000002C98200000000000C000300C64741049FAC70038300000000260325074539010400000000140400000001150400000002160400000000170200002A02000030014A3101146B7E
2026-03-25 07:46:10 - msg_id_0200 ==> 7E02000042660000000002C98D00000000000C000300C64742049FAC68038300000000260325074609010400000000140400000001150400000002160400000000170200002A02000030014A3101154D7E
2026-03-25 07:46:41 - msg_id_0200 ==> 7E02000042660000000002C99800000000000C000300C64742049FAC68038300000000260325074640010400000000140400000001150400000002160400000000170200002A02000030014A310115117E
2026-03-25 07:47:12 - msg_id_0200 ==> 7E02000042660000000002C9A300000000000C000300C64742049FAC70038300000000260325074711010400000000140400000001150400000002160400000000170200002A02000030014A310116617E
2026-03-25 07:47:43 - msg_id_0200 ==> 7E02000042660000000002C9AE00000000000C000300C64741049FAC68038300000000260325074742010400000000140400000001150400000002160400000000170200002A02000030014A310113217E
2026-03-25 07:48:14 - msg_id_0200 ==> 7E02000042660000000002C9B900000000000C000300C64741049FAC68038300000000260325074813010400000000140400000001150400000002160400000000170200002A02000030014A3101156E7E
2026-03-25 07:48:45 - msg_id_0200 ==> 7E02000042660000000002C9C400000000000C000300C64740049FAC68038400000000260325074844010400000000140400000001150400000002160400000000170200002A02000030014A310112457E
2026-03-25 07:49:17 - msg_id_0200 ==> 7E02000042660000000002C9CF00000000000C000300C64740049FAC68038400000000260325074915010400000000140400000001150400000002160400000000170200002A02000030014A3101121E7E
2026-03-25 07:49:47 - msg_id_0200 ==> 7E02000042660000000002C9DA00000000000C000300C6473F049FAC70038400000000260325074946010400000000140400000001150400000002160400000000170200002A02000030014A310114397E
2026-03-25 07:50:18 - msg_id_0200 ==> 7E02000042660000000002C9E500000000000C000300C6473F049FAC70038400000000260325075017010400000000140400000001150400000002160400000000170200002A02000030014A3101144E7E
2026-03-25 07:50:49 - msg_id_0200 ==> 7E02000042660000000002C9F000000000000C000300C6473F049FAC70038400000000260325075048010400000000140400000001150400000002160400000000170200002A02000030014A310115057E
2026-03-25 07:51:20 - msg_id_0200 ==> 7E02000042660000000002C9FB00000000000C000300C64740049FAC70038400000000260325075119010400000000140400000001150400000002160400000000170200002A02000030014A310114207E
2026-03-25 07:51:51 - msg_id_0200 ==> 7E02000042660000000002CA0600000000000C000300C64741049FAC70038400000000260325075150010400000000140400000001150400000002160400000000170200002A02000030014A310113917E
2026-03-25 07:52:22 - msg_id_0200 ==> 7E02000042660000000002CA1100000000000C000300C64743049FAC70038400000000260325075221010400000000140400000001150400000002160400000000170200002A02000030014A310113F67E
2026-03-25 07:52:53 - msg_id_0200 ==> 7E02000042660000000002CA1C00000000000C000300C64744049FAC70038400000000260325075252010400000000140400000001150400000002160400000000170200002A02000030014A310114887E
2026-03-25 07:53:24 - msg_id_0200 ==> 7E02000042660000000002CA2700000000000C000300C64743049FAC70038400000000260325075323010400000000140400000001150400000002160400000000170200002A02000030014A310113C37E
2026-03-25 07:53:56 - msg_id_0200 ==> 7E02000042660000000002CA3200000000000C000300C64742049FAC70038400000000260325075354010400000000140400000001150400000002160400000000170200002A02000030014A310113A07E
2026-03-25 07:54:26 - msg_id_0200 ==> 7E02000042660000000002CA3D00000000000C000300C64742049FAC70038400000000260325075425010400000000140400000001150400000002160400000000170200002A02000030014A310113D97E
2026-03-25 07:54:57 - msg_id_0200 ==> 7E02000042660000000002CA4800000000000C000300C64741049FAC70038400000000260325075456010400000000140400000001150400000002160400000000170200002A02000030014A310113DC7E
2026-03-25 07:55:28 - msg_id_0200 ==> 7E02000042660000000002CA5300000000000C000300C64741049FAC70038400000000260325075527010400000000140400000001150400000002160400000000170200002A02000030014A310113B77E
2026-03-25 07:55:59 - msg_id_0200 ==> 7E02000042660000000002CA5E00000000000C000300C64740049FAC70038400000000260325075558010400000000140400000001150400000002160400000000170200002A02000030014A310113C47E
2026-03-25 07:56:30 - msg_id_0200 ==> 7E02000042660000000002CA6900000000000C000300C64740049FAC70038400000000260325075629010400000000140400000001150400000002160400000000170200002A02000030014A310113817E
2026-03-25 07:57:01 - msg_id_0200 ==> 7E02000042660000000002CA7400000000000C000300C6473E049FAC70038400000000260325075700010400000000140400000001150400000002160400000000170200002A02000030014A310113CA7E
2026-03-25 07:57:37 - msg_id_0200 ==> 7E02000042660000000002CA8200000000000C000300C6473D049FAC70038400000000260325075736010400000000140400000001150400000002160400000000170200002A02000030014A310112087E
2026-03-25 07:58:08 - msg_id_0200 ==> 7E02000042660000000002CA8D00000000000C000300C6473A049FAC70038400000000260325075807010400000000140400000001150400000002160400000000170200002A02000030014A3101133F7E
2026-03-25 07:58:39 - msg_id_0200 ==> 7E02000042660000000002CA9800000000000C000300C64739049FAC70038400000000260325075838010400000000140400000001150400000002160400000000170200002A02000030014A310113167E
2026-03-25 07:59:10 - msg_id_0200 ==> 7E02000042660000000002CAA300000000000C000300C6473A049FAC70038400000000260325075909010400000000140400000001150400000002160400000000170200002A02000030014A310115187E
2026-03-25 07:59:41 - msg_id_0200 ==> 7E02000042660000000002CAAE00000000000C000300C64739049FAC78038400000000260325075940010400000000140400000001150400000002160400000000170200002A02000030014A310116547E
2026-03-25 08:00:12 - msg_id_0200 ==> 7E02000042660000000002CAB900000000000C000300C64739049FAC78038400000000260325080011010400000000140400000001150400000002160400000000170200002A02000030014A310115477E
2026-03-25 08:00:43 - msg_id_0200 ==> 7E02000042660000000002CAC400000000000C000300C64739049FAC78038400000000260325080042010400000000140400000001150400000002160400000000170200002A02000030014A310114687E
2026-03-25 08:01:14 - msg_id_0200 ==> 7E02000042660000000002CACF00000000000C000300C6473A049FAC78038400000000260325080113010400000000140400000001150400000002160400000000170200002A02000030014A310116327E
2026-03-25 08:01:45 - msg_id_0200 ==> 7E02000042660000000002CADA00000000000C000300C6473A049FAC78038400000000260325080144010400000000140400000001150400000002160400000000170200002A02000030014A310116707E
2026-03-25 08:02:16 - msg_id_0200 ==> 7E02000042660000000002CAE500000000000C000300C64738049FAC78038300000000260325080215010400000000140400000001150400000002160400000000170200002A02000030014A3101151B7E
2026-03-25 08:02:47 - msg_id_0200 ==> 7E02000042660000000002CAF000000000000C000300C64738049FAC78038300000000260325080246010400000000140400000001150400000002160400000000170200002A02000030014A3101155D7E
2026-03-25 08:03:18 - msg_id_0200 ==> 7E02000042660000000002CAFB00000000000C000300C64738049FAC78038300000000260325080317010400000000140400000001150400000002160400000000170200002A02000030014A310115067E
2026-03-25 08:03:49 - msg_id_0200 ==> 7E02000042660000000002CB0600000000000C000300C64738049FAC78038300000000260325080348010400000000140400000001150400000002160400000000170200002A02000030014A310114A47E
2026-03-25 08:04:20 - msg_id_0200 ==> 7E02000042660000000002CB1100000000000C000300C64738049FAC78038300000000260325080419010400000000140400000001150400000002160400000000170200002A02000030014A310116E77E
2026-03-25 08:04:51 - msg_id_0200 ==> 7E02000042660000000002CB1C00000000000C000300C64739049FAC78038300000000260325080450010400000000140400000001150400000002160400000000170200002A02000030014A310116A27E
2026-03-25 08:05:22 - msg_id_0200 ==> 7E02000042660000000002CB2700000000000C000300C64739049FAC78038300000000260325080521010400000000140400000001150400000002160400000000170200002A02000030014A310116E97E
2026-03-25 08:05:53 - msg_id_0200 ==> 7E02000042660000000002CB3200000000000C000300C6473B049FAC78038300000000260325080552010400000000140400000001150400000002160400000000170200002A02000030014A3101158E7E
2026-03-25 08:06:24 - msg_id_0200 ==> 7E02000042660000000002CB3D00000000000C000300C6473E049FAC78038300000000260325080623010400000000140400000001150400000002160400000000170200002A02000030014A310116F57E
2026-03-25 08:06:55 - msg_id_0200 ==> 7E02000042660000000002CB4800000000000C000300C64740049FAC78038300000000260325080654010400000000140400000001150400000002160400000000170200002A02000030014A3101148B7E
2026-03-25 08:07:26 - msg_id_0200 ==> 7E02000042660000000002CB5300000000000C000300C64742049FAC80038300000000260325080725010400000000140400000001150400000002160400000000170200002A02000030014A310116187E
2026-03-25 08:07:57 - msg_id_0200 ==> 7E02000042660000000002CB5E00000000000C000300C64742049FAC80038300000000260325080756010400000000140400000001150400000002160400000000170200002A02000030014A310114647E
2026-03-25 08:08:28 - msg_id_0200 ==> 7E02000042660000000002CB6900000000000C000300C64742049FAC80038300000000260325080827010400000000140400000001150400000002160400000000170200002A02000030014A310111287E
2026-03-25 08:08:59 - msg_id_0200 ==> 7E02000042660000000002CB7400000000000C000300C64742049FAC80038300000000260325080858010400000000140400000001150400000002160400000000170200002A02000030014A3101154E7E
2026-03-25 08:09:35 - msg_id_0200 ==> 7E02000042660000000002CB8200000000000C000300C64741049FAC80038300000000260325080934010400000000140400000001150400000002160400000000170200002A02000030014A310114D77E
2026-03-25 08:10:06 - msg_id_0200 ==> 7E02000042660000000002CB8D00000000000C000300C64742049FAC80038300000000260325081005010400000000140400000001150400000002160400000000170200002A02000030014A310115F27E
2026-03-25 08:10:37 - msg_id_0200 ==> 7E02000042660000000002CB9800000000000C000300C64742049FAC88038300000000260325081036010400000000140400000001150400000002160400000000170200002A02000030014A310115DC7E
2026-03-25 08:11:08 - msg_id_0200 ==> 7E02000042660000000002CBA300000000000C000300C64740049FAC88038300000000260325081107010400000000140400000001150400000002160400000000170200002A02000030014A310116D67E
2026-03-25 08:11:39 - msg_id_0200 ==> 7E02000042660000000002CBAE00000000000C000300C64742049FAC88038300000000260325081138010400000000140400000001150400000002160400000000170200002A02000030014A310114E47E
2026-03-25 08:12:10 - msg_id_0200 ==> 7E02000042660000000002CBB900000000000C000300C64743049FAC88038300000000260325081209010400000000140400000001150400000002160400000000170200002A02000030014A310115C17E
2026-03-25 08:12:41 - msg_id_0200 ==> 7E02000042660000000002CBC400000000000C000300C64743049FAC90038300000000260325081240010400000000140400000001150400000002160400000000170200002A02000030014A310114EC7E
2026-03-25 08:13:12 - msg_id_0200 ==> 7E02000042660000000002CBCF00000000000C000300C64744049FAC88038300000000260325081311010400000000140400000001150400000002160400000000170200002A02000030014A310114A87E
2026-03-25 08:13:43 - msg_id_0200 ==> 7E02000042660000000002CBDA00000000000C000300C64747049FAC88038300000000260325081342010400000000140400000001150400000002160400000000170200002A02000030014A310114ED7E
2026-03-25 08:14:14 - msg_id_0200 ==> 7E02000042660000000002CBE500000000000C000300C64749049FAC88038300000000260325081413010400000000140400000001150400000002160400000000170200002A02000030014A3101158B7E
2026-03-25 08:14:45 - msg_id_0200 ==> 7E02000042660000000002CBF000000000000C000300C6474A049FAC80038300000000260325081444010400000000140400000001150400000002160400000000170200002A02000030014A310115C27E
2026-03-25 08:15:16 - msg_id_0200 ==> 7E02000042660000000002CBFB00000000000C000300C64748049FAC80038300000000260325081515010400000000140400000001150400000002160400000000170200002A02000030014A3101159B7E
2026-03-25 08:15:47 - msg_id_0200 ==> 7E02000042660000000002CC0600000000000C000300C64749049FAC80038200000000260325081546010400000000140400000001150400000002160400000000170200002A02000030014A310115327E
2026-03-25 08:16:18 - msg_id_0200 ==> 7E02000042660000000002CC1100000000000C000300C64749049FAC80038200000000260325081617010400000000140400000001150400000002160400000000170200002A02000030014A310115777E
2026-03-25 08:16:49 - msg_id_0200 ==> 7E02000042660000000002CC1C00000000000C000300C64749049FAC80038200000000260325081648010400000000140400000001150400000002160400000000170200002A02000030014A310116267E
2026-03-25 08:17:20 - msg_id_0200 ==> 7E02000042660000000002CC2700000000000C000300C64748049FAC80038200000000260325081719010400000000140400000001150400000002160400000000170200002A02000030014A3101144E7E
2026-03-25 08:17:51 - msg_id_0200 ==> 7E02000042660000000002CC3200000000000C000300C64748049FAC80038200000000260325081750010400000000140400000001150400000002160400000000170200002A02000030014A310114127E
2026-03-25 08:18:22 - msg_id_0200 ==> 7E02000042660000000002CC3D00000000000C000300C6474B049FAC80038200000000260325081821010400000000140400000001150400000002160400000000170200002A02000030014A310115617E
2026-03-25 08:18:53 - msg_id_0200 ==> 7E02000042660000000002CC4800000000000C000300C6474C049FAC80038200000000260325081852010400000000140400000001150400000002160400000000170200002A02000030014A310112677E
2026-03-25 08:19:24 - msg_id_0200 ==> 7E02000042660000000002CC5300000000000C000300C6474B049FAC80038200000000260325081923010400000000140400000001150400000002160400000000170200002A02000030014A3101120B7E
2026-03-25 08:19:55 - msg_id_0200 ==> 7E02000042660000000002CC5E00000000000C000300C6474C049FAC80038200000000260325081954010400000000140400000001150400000002160400000000170200002A02000030014A310115717E
2026-03-25 08:20:26 - msg_id_0200 ==> 7E02000042660000000002CC6900000000000C000300C6474C049FAC88038200000000260325082025010400000000140400000001150400000002160400000000170200002A02000030014A310114077E
2026-03-25 08:20:57 - msg_id_0200 ==> 7E02000042660000000002CC7400000000000C000300C6474C049FAC88038200000000260325082056010400000000140400000001150400000002160400000000170200002A02000030014A3101126F7E
2026-03-25 08:21:27 - msg_id_0200 ==> 7E02000042660000000002CC7F00000100000C000300C6474C049FAC88038200000000260325082126010400000000140400000001150400000002160400000000170200002A02000030014A310114127E
2026-03-25 08:21:33 - msg_id_0200 ==> 7E02000042660000000002CC8200000000000C000300C6474D049FAC88038200000000260325082132010400000000140400000001150400000002160400000000170200002A02000030014A310113FC7E
2026-03-25 08:22:04 - msg_id_0200 ==> 7E02000042660000000002CC8D00000000000C000300C6474F049FAC90038200000000260325082203010400000000140400000001150400000002160400000000170200002A02000030014A310113DB7E
2026-03-25 08:22:35 - msg_id_0200 ==> 7E02000042660000000002CC9800000000000C000300C6474D049FAC90038200000000260325082234010400000000140400000001150400000002160400000000170200002A02000030014A310113FB7E
2026-03-25 08:23:06 - msg_id_0200 ==> 7E02000042660000000002CCA300000000000C000300C6474F049FAC90038200000000260325082305010400000000140400000001150400000002160400000000170200002A02000030014A310114F57E
2026-03-25 08:23:37 - msg_id_0200 ==> 7E02000042660000000002CCAE00000000000C000300C6474F049FAC98038200000000260325082336010400000000140400000001150400000002160400000000170200002A02000030014A310113C47E
2026-03-25 08:24:08 - msg_id_0200 ==> 7E02000042660000000002CCB900000000000C000300C6474F049FAC98038200000000260325082407010400000000140400000001150400000002160400000000170200002A02000030014A310114E27E
2026-03-25 08:24:39 - msg_id_0200 ==> 7E02000042660000000002CCC400000000000C000300C64750049FAC98038200000000260325082438010400000000140400000001150400000002160400000000170200002A02000030014A310114BF7E
2026-03-25 08:25:10 - msg_id_0200 ==> 7E02000042660000000002CCCF00000000000C000300C64751049FAC98038200000000260325082509010400000000140400000001150400000002160400000000170200002A02000030014A310114857E
2026-03-25 08:25:41 - msg_id_0200 ==> 7E02000042660000000002CCDA00000000000C000300C64752049FAC98038200000000260325082540010400000000140400000001150400000002160400000000170200002A02000030014A310115DB7E
2026-03-25 08:26:12 - msg_id_0200 ==> 7E02000042660000000002CCE500000000000C000300C64751049FAC98038200000000260325082611010400000000140400000001150400000002160400000000170200002A02000030014A310115B57E
2026-03-25 08:26:43 - msg_id_0200 ==> 7E02000042660000000002CCF000000000000C000300C64751049FAC98038200000000260325082642010400000000140400000001150400000002160400000000170200002A02000030014A310114F27E
2026-03-25 08:27:14 - msg_id_0200 ==> 7E02000042660000000002CCFB00000000000C000300C64753049FAC98038200000000260325082713010400000000140400000001150400000002160400000000170200002A02000030014A310115AA7E
2026-03-25 08:27:45 - msg_id_0200 ==> 7E02000042660000000002CD0600000000000C000300C64756049FACA0038200000000260325082744010400000000140400000001150400000002160400000000170200002A02000030014A3101153C7E
2026-03-25 08:28:16 - msg_id_0200 ==> 7E02000042660000000002CD1100000000000C000300C64757049FACA0038200000000260325082815010400000000140400000001150400000002160400000000170200002A02000030014A310112737E
2026-03-25 08:28:47 - msg_id_0200 ==> 7E02000042660000000002CD1C00000000000C000300C64758049FACA0038200000000260325082846010400000000140400000001150400000002160400000000170200002A02000030014A310112227E
2026-03-25 08:29:18 - msg_id_0200 ==> 7E02000042660000000002CD2700000000000C000300C64758049FACA0038300000000260325082917010400000000140400000001150400000002160400000000170200002A02000030014A3101154F7E
2026-03-25 08:29:49 - msg_id_0200 ==> 7E02000042660000000002CD3200000000000C000300C64757049FACA0038300000000260325082948010400000000140400000001150400000002160400000000170200002A02000030014A3101140B7E
2026-03-25 08:30:20 - msg_id_0200 ==> 7E02000042660000000002CD3D00000000000C000300C64757049FACA0038300000000260325083019010400000000140400000001150400000002160400000000170200002A02000030014A3101134B7E
2026-03-25 08:30:51 - msg_id_0200 ==> 7E02000042660000000002CD4800000000000C000300C6475A049FACA0038300000000260325083050010400000000140400000001150400000002160400000000170200002A02000030014A3101137A7E
2026-03-25 08:31:22 - msg_id_0200 ==> 7E02000042660000000002CD5300000000000C000300C64759049FACA0038300000000260325083121010400000000140400000001150400000002160400000000170200002A02000030014A310113127E
2026-03-25 08:31:53 - msg_id_0200 ==> 7E02000042660000000002CD5E00000000000C000300C6475A049FACA0038200000000260325083152010400000000140400000001150400000002160400000000170200002A02000030014A310114697E
2026-03-25 08:32:24 - msg_id_0200 ==> 7E02000042660000000002CD6900000000000C000300C6475C049FACA0038300000000260325083223010400000000140400000001150400000002160400000000170200002A02000030014D3101142C7E
2026-03-25 08:32:55 - msg_id_0200 ==> 7E02000042660000000002CD7400000000000C000300C6475E049FACA0038300000000260325083254010400000000140400000001150400000002160400000000170200002A02000030014D310112427E
2026-03-25 08:33:30 - msg_id_0200 ==> 7E02000042660000000002CD8200000000000C000300C6475F049FACA0038300000000260325083329010400000000140400000001150400000002160400000000170200002A02000030014D310112C97E
2026-03-25 08:34:01 - msg_id_0200 ==> 7E02000042660000000002CD8D00000000000C000300C6475F049FACA0038300000000260325083400010400000000140400000001150400000002160400000000170200002A02000030014D310112E87E
2026-03-25 08:34:32 - msg_id_0200 ==> 7E02000042660000000002CD9800000000000C000300C64760049FACA0038200000000260325083431010400000000140400000001150400000002160400000000170200002A02000030014D310112F27E
2026-03-25 08:35:03 - msg_id_0200 ==> 7E02000042660000000002CDA300000000000C000300C64761049FACA0038200000000260325083502010400000000140400000001150400000002160400000000170200002A02000030014D310111F97E
2026-03-25 08:35:34 - msg_id_0200 ==> 7E02000042660000000002CDAE00000000000C000300C64764049FACA8038300000000260325083533010400000000140400000001150400000002160400000000170200002A02000030014D310112CA7E
2026-03-25 08:36:05 - msg_id_0200 ==> 7E02000042660000000002CDB900000000000C000300C64764049FACA8038300000000260325083604010400000000140400000001150400000002160400000000170200002A02000030014D310112E97E
2026-03-25 08:36:36 - msg_id_0200 ==> 7E02000042660000000002CDC400000000000C000300C64764049FACA0038300000000260325083635010400000000140400000001150400000002160400000000170200002A02000030014D310112AD7E
2026-03-25 08:37:07 - msg_id_0200 ==> 7E02000042660000000002CDCF00000000000C000300C64765049FACA0038300000000260325083706010400000000140400000001150400000002160400000000170200002A02000030014D310113947E
2026-03-25 08:37:38 - msg_id_0200 ==> 7E02000042660000000002CDDA00000000000C000300C64767049FACA0038200000000260325083737010400000000140400000001150400000002160400000000170200002A02000030014D310111B17E
2026-03-25 08:38:09 - msg_id_0200 ==> 7E02000042660000000002CDE500000000000C000300C64768049FACA0038200000000260325083808010400000000140400000001150400000002160400000000170200002A02000030014D310110B07E
2026-03-25 08:38:40 - msg_id_0200 ==> 7E02000042660000000002CDF000000000000C000300C64765049FACA0038300000000260325083839010400000000140400000001150400000002160400000000170200002A02000030014D31010F877E
2026-03-25 08:39:11 - msg_id_0200 ==> 7E02000042660000000002CDFB00000000000C000300C64762049FACA0038200000000260325083910010400000000140400000001150400000002160400000000170200002A02000030014D310111BC7E
2026-03-25 08:39:42 - msg_id_0200 ==> 7E02000042660000000002CE0600000000000C000300C64764049FACA0038200000000260325083941010400000000140400000001150400000002160400000000170200002A02000030014D310111157E
2026-03-25 08:40:13 - msg_id_0200 ==> 7E02000042660000000002CE1100000000000C000300C64763049FACA0038200000000260325084012010400000000140400000001150400000002160400000000170200002A02000030014D3101112F7E
2026-03-25 08:40:44 - msg_id_0200 ==> 7E02000042660000000002CE1C00000000000C000300C6475E049FACA0038200000000260325084043010400000000140400000001150400000002160400000000170200002A02000030014D3101114E7E
2026-03-25 08:41:15 - msg_id_0200 ==> 7E02000042660000000002CE2700000000000C000300C6475B049FAC98038200000000260325084114010400000000140400000001150400000002160400000000170200002A02000030014D3101111E7E
2026-03-25 08:41:46 - msg_id_0200 ==> 7E02000042660000000002CE3200000000000C000300C6475A049FAC98038200000000260325084145010400000000140400000001150400000002160400000000170200002A02000030014D3101105A7E
2026-03-25 08:42:17 - msg_id_0200 ==> 7E02000042660000000002CE3D00000000000C000300C6475B049FAC98038200000000260325084216010400000000140400000001150400000002160400000000170200002A02000030014D310110047E
2026-03-25 08:42:48 - msg_id_0200 ==> 7E02000042660000000002CE4800000000000C000300C6475C049FAC98038200000000260325084247010400000000140400000001150400000002160400000000170200002A02000030014D310111267E
2026-03-25 08:43:19 - msg_id_0200 ==> 7E02000042660000000002CE5300000000000C000300C6475E049FAC90038200000000260325084318010400000000140400000001150400000002160400000000170200002A02000030014D3101126A7E
2026-03-25 08:43:50 - msg_id_0200 ==> 7E02000042660000000002CE5E00000000000C000300C64761049FAC90038200000000260325084349010400000000140400000001150400000002160400000000170200002A02000030014D310112097E
2026-03-25 08:44:21 - msg_id_0200 ==> 7E02000042660000000002CE6900000000000C000300C64762049FAC90038200000000260325084420010400000000140400000001150400000002160400000000170200002A02000030014D310111507E
2026-03-25 08:44:52 - msg_id_0200 ==> 7E02000042660000000002CE7400000000000C000300C64764049FAC90038200000000260325084451010400000000140400000001150400000002160400000000170200002A02000030014D310113387E
2026-03-25 08:45:23 - msg_id_0200 ==> 7E02000042660000000002CE7F00000100000C000300C64763049FAC90038200000000260325084522010400000000140400000001150400000002160400000000170200002A02000030014D310112467E
2026-03-25 08:45:28 - msg_id_0200 ==> 7E02000042660000000002CE8200000000000C000300C64763049FAC90038200000000260325084527010400000000140400000001150400000002160400000000170200002A02000030014D310112BF7E
2026-03-25 08:45:59 - msg_id_0200 ==> 7E02000042660000000002CE8D00000000000C000300C64762049FAC90038200000000260325084558010400000000140400000001150400000002160400000000170200002A02000030014D310113CF7E
2026-03-25 08:46:30 - msg_id_0200 ==> 7E02000042660000000002CE9800000000000C000300C64762049FAC90038200000000260325084629010400000000140400000001150400000002160400000000170200002A02000030014D310112A97E
2026-03-25 08:47:01 - msg_id_0200 ==> 7E02000042660000000002CEA300000000000C000300C64760049FAC90038200000000260325084700010400000000140400000001150400000002160400000000170200002A02000030014D310111BB7E
2026-03-25 08:47:32 - msg_id_0200 ==> 7E02000042660000000002CEAE00000000000C000300C6475F049FAC90038300000000260325084731010400000000140400000001150400000002160400000000170200002A02000030014D310112BA7E
2026-03-25 08:48:03 - msg_id_0200 ==> 7E02000042660000000002CEB900000000000C000300C64760049FAC90038300000000260325084802010400000000140400000001150400000002160400000000170200002A02000030014D310110AC7E
2026-03-25 08:48:34 - msg_id_0200 ==> 7E02000042660000000002CEC400000000000C000300C64761049FAC90038300000000260325084833010400000000140400000001150400000002160400000000170200002A02000030014D310113E27E
2026-03-25 08:49:05 - msg_id_0200 ==> 7E02000042660000000002CECF00000000000C000300C6475E049FAC88038300000000260325084904010400000000140400000001150400000002160400000000170200002A02000030014D310111FA7E
2026-03-25 08:49:36 - msg_id_0200 ==> 7E02000042660000000002CEDA00000000000C000300C6475D049FAC88038300000000260325084935010400000000140400000001150400000002160400000000170200002A02000030014D310112DE7E
2026-03-25 08:50:07 - msg_id_0200 ==> 7E02000042660000000002CEE500000000000C000300C6475B049FAC88038300000000260325085006010400000000140400000001150400000002160400000000170200002A02000030014D310112CD7E
2026-03-25 08:50:38 - msg_id_0200 ==> 7E02000042660000000002CEF000000000000C000300C6475E049FAC80038300000000260325085037010400000000140400000001150400000002160400000000170200002A02000030014D310111E77E
2026-03-25 08:51:09 - msg_id_0200 ==> 7E02000042660000000002CEFB00000000000C000300C64760049FAC80038400000000260325085108010400000000140400000001150400000002160400000000170200002A02000030014D310111EB7E
2026-03-25 08:51:40 - msg_id_0200 ==> 7E02000042660000000002CF0600000000000C000300C64761049FAC80038400000000260325085139010400000000140400000001150400000002160400000000170200002A02000030014D310110267E
2026-03-25 08:52:11 - msg_id_0200 ==> 7E02000042660000000002CF1100000000000C000300C6475D049FAC80038400000000260325085210010400000000140400000001150400000002160400000000170200002A0200003001363101115D7E
2026-03-25 08:52:42 - msg_id_0200 ==> 7E02000042660000000002CF1C00000000000C000300C6475B049FAC78038400000000260325085241010400000000140400000001150400000002160400000000170200002A020000300136310111FF7E
2026-03-25 08:53:13 - msg_id_0200 ==> 7E02000042660000000002CF2700000000000C000300C6475B049FAC70038400000000260325085312010400000000140400000001150400000002160400000000170200002A02000030013A310110937E
2026-03-25 08:53:44 - msg_id_0200 ==> 7E02000042660000000002CF3200000000000C000300C6475A049FAC70038400000000260325085343010400000000140400000001150400000002160400000000170200002A02000030013A310112D47E
2026-03-25 08:54:15 - msg_id_0200 ==> 7E02000042660000000002CF3D00000000000C000300C64758049FAC70038400000000260325085414010400000000140400000001150400000002160400000000170200002A020000300136310112857E
2026-03-25 08:54:46 - msg_id_0200 ==> 7E02000042660000000002CF4800000000000C000300C64756049FAC70038500000000260325085445010400000000140400000001150400000002160400000000170200002A020000300136310112AE7E
2026-03-25 08:55:17 - msg_id_0200 ==> 7E02000042660000000002CF5300000000000C000300C64756049FAC70038500000000260325085516010400000000140400000001150400000002160400000000170200002A020000300136310112E77E
2026-03-25 08:55:48 - msg_id_0200 ==> 7E02000042660000000002CF5E00000000000C000300C64757049FAC78038500000000260325085547010400000000140400000001150400000002160400000000170200002A020000300136310112B27E
2026-03-25 08:56:19 - msg_id_0200 ==> 7E02000042660000000002CF6900000000000C000300C64757049FAC78038500000000260325085618010400000000140400000001150400000002160400000000170200002A020000300136310112D97E
2026-03-25 08:56:50 - msg_id_0200 ==> 7E02000042660000000002CF7400000000000C000300C64756049FAC78038500000000260325085649010400000000140400000001150400000002160400000000170200002A020000300136310111977E
2026-03-25 08:57:20 - msg_id_0200 ==> 7E02000042660000000002CF7F00000100000C000300C64756049FAC78038500000000260325085719010400000000140400000001150400000002160400000000170200002A020000300136310111CC7E
2026-03-25 08:57:25 - msg_id_0200 ==> 7E02000042660000000002CF8200000000000C000300C64756049FAC78038500000000260325085725010400000000140400000001150400000002160400000000170200002A02000030013631010F127E
2026-03-25 08:57:57 - msg_id_0200 ==> 7E02000042660000000002CF8D00000000000C000300C64755049FAC78038500000000260325085756010400000000140400000001150400000002160400000000170200002A020000300136310112707E
2026-03-25 08:58:28 - msg_id_0200 ==> 7E02000042660000000002CF9800000000000C000300C64754049FAC78038500000000260325085827010400000000140400000001150400000002160400000000170200002A0200003001363101131B7E
2026-03-25 08:58:59 - msg_id_0200 ==> 7E02000042660000000002CFA300000000000C000300C64754049FAC78038500000000260325085858010400000000140400000001150400000002160400000000170200002A0200003001363101135F7E
2026-03-25 08:59:30 - msg_id_0200 ==> 7E02000042660000000002CFAE00000000000C000300C64754049FAC70038500000000260325085929010400000000140400000001150400000002160400000000170200002A02000030013A310113267E
2026-03-25 09:00:01 - msg_id_0200 ==> 7E02000042660000000002CFB900000000000C000300C64754049FAC70038500000000260325090000010400000000140400000001150400000002160400000000170200002A02000030013A310113407E
2026-03-25 09:00:32 - msg_id_0200 ==> 7E02000042660000000002CFC400000000000C000300C64755049FAC70038500000000260325090031010400000000140400000001150400000002160400000000170200002A02000030013A3101110F7E
2026-03-25 09:01:03 - msg_id_0200 ==> 7E02000042660000000002CFCF00000000000C000300C64754049FAC70038500000000260325090102010400000000140400000001150400000002160400000000170200002A02000030013A310111377E
2026-03-25 09:01:34 - msg_id_0200 ==> 7E02000042660000000002CFDA00000000000C000300C64753049FAC70038500000000260325090133010400000000140400000001150400000002160400000000170200002A02000030013A310112177E
2026-03-25 09:02:05 - msg_id_0200 ==> 7E02000042660000000002CFE500000000000C000300C64754049FAC70038500000000260325090204010400000000140400000001150400000002160400000000170200002A02000030013A3101121B7E
2026-03-25 09:02:36 - msg_id_0200 ==> 7E02000042660000000002CFF000000000000C000300C64752049FAC68038500000000260325090235010400000000140400000001150400000002160400000000170200002A0200003001363101122D7E
2026-03-25 09:03:07 - msg_id_0200 ==> 7E02000042660000000002CFFB00000000000C000300C64750049FAC68038500000000260325090306010400000000140400000001150400000002160400000000170200002A020000300136310112167E
2026-03-25 09:03:38 - msg_id_0200 ==> 7E02000042660000000002D00600000000000C000300C6474F049FAC68038500000000260325090337010400000000140400000001150400000002160400000000170200002A020000300136310111D97E
2026-03-25 09:04:09 - msg_id_0200 ==> 7E02000042660000000002D01100000000000C000300C6474C049FAC68038500000000260325090408010400000000140400000001150400000002160400000000170200002A020000300136310110F47E
2026-03-25 09:04:40 - msg_id_0200 ==> 7E02000042660000000002D01C00000000000C000300C64749049FAC68038500000000260325090439010400000000140400000001150400000002160400000000170200002A02000030013631010FD27E
2026-03-25 09:05:11 - msg_id_0200 ==> 7E02000042660000000002D02700000000000C000300C64745049FAC68038500000000260325090510010400000000140400000001150400000002160400000000170200002A020000300136310110D27E
2026-03-25 09:05:42 - msg_id_0200 ==> 7E02000042660000000002D03200000000000C000300C6473E049FAC68038500000000260325090541010400000000140400000001150400000002160400000000170200002A02000030013631010FF27E
2026-03-25 09:06:13 - msg_id_0200 ==> 7E02000042660000000002D03D00000000000C000300C64735049FAC68038500000000260325090612010400000000140400000001150400000002160400000000170200002A020000300136310111B87E
2026-03-25 09:06:44 - msg_id_0200 ==> 7E02000042660000000002D04800000000000C000300C6472A049FAC60038500000000260325090643010400000000140400000001150400000002160400000000170200002A0200003001363101118B7E
2026-03-25 09:07:15 - msg_id_0200 ==> 7E02000042660000000002D05300000000000C000300C64725049FAC60038500000000260325090714010400000000140400000001150400000002160400000000170200002A020000300136310111C97E
2026-03-25 09:07:46 - msg_id_0200 ==> 7E02000042660000000002D05E00000000000C000300C64720049FAC58038500000000260325090745010400000000140400000001150400000002160400000000170200002A020000300136310111A87E
2026-03-25 09:08:17 - msg_id_0200 ==> 7E02000042660000000002D06900000000000C000300C6471E049FAC58038500000000260325090816010400000000140400000001150400000002160400000000170200002A02000030013A310112F27E
2026-03-25 09:08:48 - msg_id_0200 ==> 7E02000042660000000002D07400000000000C000300C6471B049FAC58038500000000260325090847010400000000140400000001150400000002160400000000170200002A020000300136310111B47E
2026-03-25 09:09:18 - msg_id_0200 ==> 7E02000042660000000002D07F00000100000C000300C64715049FAC58038500000000260325090917010400000000140400000001150400000002160400000000170200002A020000300136310110E07E
2026-03-25 09:09:23 - msg_id_0200 ==> 7E02000042660000000002D08200000000000C000300C64716049FAC58038500000000260325090922010400000000140400000001150400000002160400000000170200002A0200003001363101102A7E
2026-03-25 09:09:54 - msg_id_0200 ==> 7E02000042660000000002D08D00000000000C000300C64718049FAC50038500000000260325090953010400000000140400000001150400000002160400000000170200002A02000030013A3101115F7E
2026-03-25 09:10:25 - msg_id_0200 ==> 7E02000042660000000002D09800000000000C000300C6471D049FAC50038600000000260325091024010400000000140400000001150400000002160400000000170200002A0200003001363101102F7E
2026-03-25 09:10:56 - msg_id_0200 ==> 7E02000042660000000002D0A300000000000C000300C6471D049FAC50038600000000260325091055010400000000140400000001150400000002160400000000170200002A020000300136310110657E
2026-03-25 09:11:27 - msg_id_0200 ==> 7E02000042660000000002D0AE00000000000C000300C6471E049FAC50038600000000260325091126010400000000140400000001150400000002160400000000170200002A020000300136310110197E
2026-03-25 09:11:58 - msg_id_0200 ==> 7E02000042660000000002D0B900000000000C000300C6471B049FAC50038600000000260325091157010400000000140400000001150400000002160400000000170200002A0200003001363101107A7E
2026-03-25 09:12:29 - msg_id_0200 ==> 7E02000042660000000002D0C400000000000C000300C64719049FAC48038600000000260325091228010400000000140400000001150400000002160400000000170200002A02000030013A31010F727E
2026-03-25 09:13:00 - msg_id_0200 ==> 7E02000042660000000002D0CF00000000000C000300C64718049FAC50038600000000260325091259010400000000140400000001150400000002160400000000170200002A02000030013A31010C127E
2026-03-25 09:13:31 - msg_id_0200 ==> 7E02000042660000000002D0DA00000000000C000300C64718049FAC48038600000000260325091330010400000000140400000001150400000002160400000000170200002A02000030013A3101106B7E
2026-03-25 09:14:02 - msg_id_0200 ==> 7E02000042660000000002D0E500000000000C000300C64718049FAC48038600000000260325091401010400000000140400000001150400000002160400000000170200002A02000030013A310112607E
2026-03-25 09:14:33 - msg_id_0200 ==> 7E02000042660000000002D0F000000000000C000300C64718049FAC48038600000000260325091432010400000000140400000001150400000002160400000000170200002A02000030013631010F577E
2026-03-25 09:15:04 - msg_id_0200 ==> 7E02000042660000000002D0FB00000000000C000300C64718049FAC40038600000000260325091503010400000000140400000001150400000002160400000000170200002A02000030014A310112057E
2026-03-25 09:15:35 - msg_id_0200 ==> 7E02000042660000000002D10600000000000C000300C64714049FAC40038600000000260325091534010400000000140400000001150400000002160400000000170200002A02000030014A310113C37E
2026-03-25 09:16:06 - msg_id_0200 ==> 7E02000042660000000002D11100000000000C000300C64712049FAC38038600000000260325091605010400000000140400000001150400000002160400000000170200002A02000030014A3101119A7E
2026-03-25 09:16:37 - msg_id_0200 ==> 7E02000042660000000002D11C00000000000C000300C6470F049FAC28038700000000260325091636010400000000140400000001150400000002160400000000170200002A02000030013A310113DA7E
2026-03-25 09:17:08 - msg_id_0200 ==> 7E02000042660000000002D12700000000000C000300C6470E049FAC28038700000000260325091707010400000000140400000001150400000002160400000000170200002A020000300136310112DD7E
2026-03-25 09:17:39 - msg_id_0200 ==> 7E02000042660000000002D13200000000000C000300C64706049FAC20038700000000260325091738010400000000140400000001150400000002160400000000170200002A02000030013A310113FA7E
2026-03-25 09:18:10 - msg_id_0200 ==> 7E02000042660000000002D13D00000000000C000300C64701049FAC18038700000000260325091809010400000000140400000001150400000002160400000000170200002A020000300136310113F87E
2026-03-25 09:18:41 - msg_id_0200 ==> 7E02000042660000000002D14800000000000C000300C64700049FAC18038700000000260325091840010400000000140400000001150400000002160400000000170200002A02000030013A310111CB7E
2026-03-25 09:19:12 - msg_id_0200 ==> 7E02000042660000000002D15300000000000C000300C646FD049FAC18038700000000260325091911010400000000140400000001150400000002160400000000170200002A020000300136310110717E
2026-03-25 09:19:43 - msg_id_0200 ==> 7E02000042660000000002D15E00000000000C000300C646F9049FAC18038700000000260325091942010400000000140400000001150400000002160400000000170200002A020000300136310112297E
2026-03-25 09:20:14 - msg_id_0200 ==> 7E02000042660000000002D16900000000000C000300C646F8049FAC18038700000000260325092013010400000000140400000001150400000002160400000000170200002A02000030014D3101130D7E
2026-03-25 09:20:45 - msg_id_0200 ==> 7E02000042660000000002D17400000000000C000300C646F8049FAC18038700000000260325092044010400000000140400000001150400000002160400000000170200002A02000030014D310113477E
2026-03-25 09:21:15 - msg_id_0200 ==> 7E02000042660000000002D17F00000100000C000300C646F5049FAC18038700000000260325092114010400000000140400000001150400000002160400000000170200002A02000030014D310111137E
2026-03-25 09:21:21 - msg_id_0200 ==> 7E02000042660000000002D18200000000000C000300C646F4049FAC18038700000000260325092120010400000000140400000001150400000002160400000000170200002A02000030014D310112D97E
2026-03-25 09:21:52 - msg_id_0200 ==> 7E02000042660000000002D18D00000000000C000300C646F1049FAC18038800000000260325092151010400000000140400000001150400000002160400000000170200002A02000030014D310111AE7E
2026-03-25 09:22:23 - msg_id_0200 ==> 7E02000042660000000002D19800000000000C000300C646F1049FAC18038800000000260325092222010400000000140400000001150400000002160400000000170200002A02000030014D310113C97E
2026-03-25 09:22:54 - msg_id_0200 ==> 7E02000042660000000002D1A300000000000C000300C646F2049FAC18038800000000260325092253010400000000140400000001150400000002160400000000170200002A02000030014D310111827E
2026-03-25 09:23:25 - msg_id_0200 ==> 7E02000042660000000002D1AE00000000000C000300C646F3049FAC18038800000000260325092324010400000000140400000001150400000002160400000000170200002A02000030014D310111F87E
2026-03-25 09:23:56 - msg_id_0200 ==> 7E02000042660000000002D1B900000000000C000300C646F3049FAC20038800000000260325092355010400000000140400000001150400000002160400000000170200002A02000030014D310111A67E
2026-03-25 09:24:27 - msg_id_0200 ==> 7E02000042660000000002D1C400000000000C000300C646F2049FAC20038800000000260325092426010400000000140400000001150400000002160400000000170200002A02000030014A310111A97E
2026-03-25 09:24:58 - msg_id_0200 ==> 7E02000042660000000002D1CF00000000000C000300C646EF049FAC20038800000000260325092457010400000000140400000001150400000002160400000000170200002A02000030014A310113CC7E
2026-03-25 09:25:29 - msg_id_0200 ==> 7E02000042660000000002D1DA00000000000C000300C646F0049FAC20038800000000260325092528010400000000140400000001150400000002160400000000170200002A02000030014A310113B87E
2026-03-25 09:26:00 - msg_id_0200 ==> 7E02000042660000000002D1E500000000000C000300C646F9049FAC20038800000000260325092559010400000000140400000001150400000002160400000000170200002A02000030014A310112FE7E
2026-03-25 09:26:31 - msg_id_0200 ==> 7E02000042660000000002D1F000000000000C000300C64700049FAC20038800000000260325092630010400000000140400000001150400000002160400000000170200002A02000030014A310113787E
2026-03-25 09:27:02 - msg_id_0200 ==> 7E02000042660000000002D1FB00000000000C000300C64701049FAC20038800000000260325092701010400000000140400000001150400000002160400000000170200002A02000030014A310113427E
2026-03-25 09:27:33 - msg_id_0200 ==> 7E02000042660000000002D20600000000000C000300C64701049FAC20038900000000260325092732010400000000140400000001150400000002160400000000170200002A02000030014A3101138E7E
2026-03-25 09:28:04 - msg_id_0200 ==> 7E02000042660000000002D21100000000000C000300C64703049FAC20038900000000260325092803010400000000140400000001150400000002160400000000170200002A02000030014D310113A27E
2026-03-25 09:28:35 - msg_id_0200 ==> 7E02000042660000000002D21C00000000000C000300C64703049FAC20038900000000260325092834010400000000140400000001150400000002160400000000170200002A02000030014D310113987E
2026-03-25 09:29:06 - msg_id_0200 ==> 7E02000042660000000002D22700000000000C000300C64705049FAC20038900000000260325092905010400000000140400000001150400000002160400000000170200002A02000030014D310113957E
2026-03-25 09:29:37 - msg_id_0200 ==> 7E02000042660000000002D23200000000000C000300C64708049FAC18038A00000000260325092936010400000000140400000001150400000002160400000000170200002A02000030014D310112847E
2026-03-25 09:30:08 - msg_id_0200 ==> 7E02000042660000000002D23D00000000000C000300C64706049FAC18038A00000000260325093007010400000000140400000001150400000002160400000000170200002A02000030014D310110AF7E
2026-03-25 09:30:39 - msg_id_0200 ==> 7E02000042660000000002D24800000000000C000300C64705049FAC20038A00000000260325093038010400000000140400000001150400000002160400000000170200002A02000030014D31010FC17E
2026-03-25 09:31:10 - msg_id_0200 ==> 7E02000042660000000002D25300000000000C000300C64707049FAC18038A00000000260325093109010400000000140400000001150400000002160400000000170200002A02000030014D310113CC7E
2026-03-25 09:31:41 - msg_id_0200 ==> 7E02000042660000000002D25E00000000000C000300C64708049FAC18038A00000000260325093140010400000000140400000001150400000002160400000000170200002A02000030014D310111857E
2026-03-25 09:32:12 - msg_id_0200 ==> 7E02000042660000000002D26900000000000C000300C64707049FAC18038A00000000260325093211010400000000140400000001150400000002160400000000170200002A02000030014D310111EF7E
2026-03-25 09:32:43 - msg_id_0200 ==> 7E02000042660000000002D27400000000000C000300C64706049FAC18038A00000000260325093242010400000000140400000001150400000002160400000000170200002A02000030014D310113A27E
2026-03-25 09:33:13 - msg_id_0200 ==> 7E02000042660000000002D27F00000100000C000300C64705049FAC18038A00000000260325093312010400000000140400000001150400000002160400000000170200002A02000030014D310113FA7E
2026-03-25 09:33:18 - msg_id_0200 ==> 7E02000042660000000002D28200000000000C000300C64706049FAC18038A00000000260325093317010400000000140400000001150400000002160400000000170200002A02000030014D310113007E
2026-03-25 09:33:49 - msg_id_0200 ==> 7E02000042660000000002D28D00000000000C000300C64709049FAC18038A00000000260325093348010400000000140400000001150400000002160400000000170200002A02000030014D3101125E7E
2026-03-25 09:34:20 - msg_id_0200 ==> 7E02000042660000000002D29800000000000C000300C64709049FAC18038B00000000260325093419010400000000140400000001150400000002160400000000170200002A02000030014D3101131D7E
2026-03-25 09:34:51 - msg_id_0200 ==> 7E02000042660000000002D2A300000000000C000300C64709049FAC20038B00000000260325093450010400000000140400000001150400000002160400000000170200002A02000030014D310112567E
2026-03-25 09:35:22 - msg_id_0200 ==> 7E02000042660000000002D2AE00000000000C000300C64709049FAC20038B00000000260325093521010400000000140400000001150400000002160400000000170200002A02000030014A3101132D7E
2026-03-25 09:35:53 - msg_id_0200 ==> 7E02000042660000000002D2B900000000000C000300C64709049FAC20038B00000000260325093552010400000000140400000001150400000002160400000000170200002A02000030014A310113497E
2026-03-25 09:36:24 - msg_id_0200 ==> 7E02000042660000000002D2C400000000000C000300C6470B049FAC20038B00000000260325093623010400000000140400000001150400000002160400000000170200002A02000030014A310111467E
2026-03-25 09:36:55 - msg_id_0200 ==> 7E02000042660000000002D2CF00000000000C000300C64710049FAC28038B00000000260325093654010400000000140400000001150400000002160400000000170200002A02000030014A310111297E
2026-03-25 09:37:26 - msg_id_0200 ==> 7E02000042660000000002D2DA00000000000C000300C64713049FAC28038C00000000260325093725010400000000140400000001150400000002160400000000170200002A02000030014A310110497E
2026-03-25 09:37:57 - msg_id_0200 ==> 7E02000042660000000002D2E500000000000C000300C64714049FAC28038C00000000260325093756010400000000140400000001150400000002160400000000170200002A02000030014A310111037E
2026-03-25 09:38:28 - msg_id_0200 ==> 7E02000042660000000002D2F000000000000C000300C64715049FAC28038C00000000260325093827010400000000140400000001150400000002160400000000170200002A02000030014A310110687E
2026-03-25 09:38:59 - msg_id_0200 ==> 7E02000042660000000002D2FB00000000000C000300C64713049FAC28038C00000000260325093858010400000000140400000001150400000002160400000000170200002A02000030014A3101101A7E
2026-03-25 09:39:30 - msg_id_0200 ==> 7E02000042660000000002D30600000000000C000300C6470C049FAC38038C00000000260325093929010400000000140400000001150400000002160400000000170200002A02000030014A310110997E
2026-03-25 09:40:01 - msg_id_0200 ==> 7E02000042660000000002D31100000000000C000300C64714049FAC30038C00000000260325094000010400000000140400000001150400000002160400000000170200002A02000030014A310110CE7E
2026-03-25 09:40:32 - msg_id_0200 ==> 7E02000042660000000002D31C00000000000C000300C6471A049FAC30038C00000000260325094031010400000000140400000001150400000002160400000000170200002A02000030014A310112FE7E
2026-03-25 09:41:03 - msg_id_0200 ==> 7E02000042660000000002D32700000000000C000300C64719049FAC30038C00000000260325094102010400000000140400000001150400000002160400000000170200002A02000030014A310111F77E
2026-03-25 09:41:34 - msg_id_0200 ==> 7E02000042660000000002D33200000000000C000300C6471C049FAC38038C00000000260325094133010400000000140400000001150400000002160400000000170200002A02000030014A310111DE7E
2026-03-25 09:42:05 - msg_id_0200 ==> 7E02000042660000000002D33D00000000000C000300C64721049FAC38038C00000000260325094204010400000000140400000001150400000002160400000000170200002A02000030014A310112DB7E
2026-03-25 09:42:36 - msg_id_0200 ==> 7E02000042660000000002D34800000000000C000300C64728049FAC30038C00000000260325094235010400000000140400000001150400000002160400000000170200002A02000030014A3101139F7E
2026-03-25 09:43:07 - msg_id_0200 ==> 7E02000042660000000002D35300000000000C000300C64724049FAC30038C00000000260325094306010400000000140400000001150400000002160400000000170200002A02000030014A310113BA7E
2026-03-25 09:43:38 - msg_id_0200 ==> 7E02000042660000000002D35E00000000000C000300C6471E049FAC30038C00000000260325094337010400000000140400000001150400000002160400000000170200002A02000030014A310112BD7E
2026-03-25 09:44:09 - msg_id_0200 ==> 7E02000042660000000002D36900000000000C000300C6471B049FAC30038C00000000260325094408010400000000140400000001150400000002160400000000170200002A02000030014A310110B57E
2026-03-25 09:44:40 - msg_id_0200 ==> 7E02000042660000000002D37400000000000C000300C6471A049FAC30038C00000000260325094439010400000000140400000001150400000002160400000000170200002A02000030014A310110987E
2026-03-25 09:45:11 - msg_id_0200 ==> 7E02000042660000000002D37F00000000000C000300C64718049FAC30038C00000000260325094510010400000000140400000001150400000002160400000000170200002A02000030014D310113BD7E
2026-03-25 09:45:42 - msg_id_0200 ==> 7E02000042660000000002D38B00000000000C000300C64718049FAC30038C00000000260325094541010400000000140400000001150400000002160400000000170200002A02000030014D310112197E
2026-03-25 09:46:13 - msg_id_0200 ==> 7E02000042660000000002D39600000000000C000300C64717049FAC30038C00000000260325094612010400000000140400000001150400000002160400000000170200002A02000030014D3101135A7E
2026-03-25 09:46:44 - msg_id_0200 ==> 7E02000042660000000002D3A100000000000C000300C64714049FAC30038D00000000260325094643010400000000140400000001150400000002160400000000170200002A02000030014D3101123F7E
2026-03-25 09:47:15 - msg_id_0200 ==> 7E02000042660000000002D3AC00000000000C000300C6470F049FAC30038C00000000260325094714010400000000140400000001150400000002160400000000170200002A02000030014D3101137F7E
2026-03-25 09:47:46 - msg_id_0200 ==> 7E02000042660000000002D3B700000000000C000300C6470A049FAC28038C00000000260325094745010400000000140400000001150400000002160400000000170200002A02000030014D310112297E
2026-03-25 09:48:17 - msg_id_0200 ==> 7E02000042660000000002D3C200000000000C000300C6470C049FAC28038C00000000260325094816010400000000140400000001150400000002160400000000170200002A02000030014D310111057E
2026-03-25 09:48:48 - msg_id_0200 ==> 7E02000042660000000002D3CD00000000000C000300C64709049FAC28038C00000000260325094847010400000000140400000001150400000002160400000000170200002A02000030014D3101115E7E
2026-03-25 09:49:19 - msg_id_0200 ==> 7E02000042660000000002D3D800000000000C000300C64703049FAC28038C00000000260325094918010400000000140400000001150400000002160400000000170200002A02000030014D3101111F7E
2026-03-25 09:49:50 - msg_id_0200 ==> 7E02000042660000000002D3E300000000000C000300C64703049FAC28038C00000000260325094949010400000000140400000001150400000002160400000000170200002A02000030014D310111757E
2026-03-25 09:50:21 - msg_id_0200 ==> 7E02000042660000000002D3EE00000000000C000300C64701049FAC30038B00000000260325095020010400000000140400000001150400000002160400000000170200002A02000030014D310111157E
2026-03-25 09:50:52 - msg_id_0200 ==> 7E02000042660000000002D3F900000000000C000300C64700049FAC30038B00000000260325095051010400000000140400000001150400000002160400000000170200002A02000030014D31010F6C7E
2026-03-25 09:51:23 - msg_id_0200 ==> 7E02000042660000000002D40400000000000C000300C64705049FAC28038B00000000260325095122010400000000140400000001150400000002160400000000170200002A02000030014D31010FF97E
2026-03-25 09:51:54 - msg_id_0200 ==> 7E02000042660000000002D40F00000000000C000300C64705049FAC28038B00000000260325095153010400000000140400000001150400000002160400000000170200002A02000030014D3101129E7E
2026-03-25 09:52:25 - msg_id_0200 ==> 7E02000042660000000002D41A00000000000C000300C64706049FAC28038B00000000260325095224010400000000140400000001150400000002160400000000170200002A02000030014D310112FC7E
2026-03-25 09:52:56 - msg_id_0200 ==> 7E02000042660000000002D42500000000000C000300C64704049FAC28038B00000000260325095255010400000000140400000001150400000002160400000000170200002A02000030014D310112B07E
2026-03-25 09:53:27 - msg_id_0200 ==> 7E02000042660000000002D43000000000000C000300C646FF049FAC28038B00000000260325095326010400000000140400000001150400000002160400000000170200002A02000030014D3101132C7E
2026-03-25 09:53:58 - msg_id_0200 ==> 7E02000042660000000002D43B00000000000C000300C646FB049FAC30038B00000000260325095357010400000000140400000001150400000002160400000000170200002A02000030014D3101134A7E
2026-03-25 09:54:29 - msg_id_0200 ==> 7E02000042660000000002D44600000000000C000300C646FC049FAC30038B00000000260325095428010400000000140400000001150400000002160400000000170200002A02000030014D310112497E
2026-03-25 09:55:00 - msg_id_0200 ==> 7E02000042660000000002D45100000000000C000300C64701049FAC38038B00000000260325095459010400000000140400000001150400000002160400000000170200002A02000030014D310111D87E
2026-03-25 09:55:31 - msg_id_0200 ==> 7E02000042660000000002D45C00000000000C000300C64703049FAC38038B00000000260325095530010400000000140400000001150400000002160400000000170200002A02000030014D310113BD7E
2026-03-25 09:56:02 - msg_id_0200 ==> 7E02000042660000000002D46700000000000C000300C64704049FAC30038A00000000260325095601010400000000140400000001150400000002160400000000170200002A02000030014D310112BB7E
2026-03-25 09:56:33 - msg_id_0200 ==> 7E02000042660000000002D47200000000000C000300C64706049FAC28038B00000000260325095632010400000000140400000001150400000002160400000000170200002A02000030014D310112867E
2026-03-25 09:57:04 - msg_id_0200 ==> 7E02000042660000000002D47D0100000000000C000300C64709049FAC28038B00000000260325095703010400000000140400000001150400000002160400000000170200002A02000030014D310112B67E
2026-03-25 09:57:05 - msg_id_0200 ==> 7E02000042660000000002D47F00000100000C000300C6470A049FAC28038A00000000260325095704010400000000140400000001150400000002160400000000170200002A02000030014D310112B07E
2026-03-25 09:57:35 - msg_id_0200 ==> 7E02000042660000000002D48900000000000C000300C6470C049FAC20038A00000000260325095734010400000000140400000001150400000002160400000000170200002A02000030014D310112797E
2026-03-25 09:58:06 - msg_id_0200 ==> 7E02000042660000000002D49400000000000C000300C6470F049FAC20038A00000000260325095805010400000000140400000001150400000002160400000000170200002A02000030014D3101115A7E
2026-03-25 09:58:37 - msg_id_0200 ==> 7E02000042660000000002D49F00000000000C000300C6470E049FAC20038A00000000260325095836010400000000140400000001150400000002160400000000170200002A02000030014D310113617E
2026-03-25 09:59:08 - msg_id_0200 ==> 7E02000042660000000002D4AA00000000000C000300C6470D049FAC20038900000000260325095907010400000000140400000001150400000002160400000000170200002A02000030014D310111667E
2026-03-25 09:59:39 - msg_id_0200 ==> 7E02000042660000000002D4B500000000000C000300C6470C049FAC20038900000000260325095938010400000000140400000001150400000002160400000000170200002A02000030014D310112447E
2026-03-25 10:00:10 - msg_id_0200 ==> 7E02000042660000000002D4C000000000000C000300C6470A049FAC20038900000000260325100009010400000000140400000001150400000002160400000000170200002A02000030014D310113477E
2026-03-25 10:00:41 - msg_id_0200 ==> 7E02000042660000000002D4CB00000000000C000300C6470B049FAC20038900000000260325100040010400000000140400000001150400000002160400000000170200002A02000030014D310113047E
2026-03-25 10:01:12 - msg_id_0200 ==> 7E02000042660000000002D4D600000000000C000300C64706049FAC20038800000000260325100111010400000000140400000001150400000002160400000000170200002A02000030014D310111477E
2026-03-25 10:01:43 - msg_id_0200 ==> 7E02000042660000000002D4E100000000000C000300C64702049FAC20038800000000260325100142010400000000140400000001150400000002160400000000170200002A02000030014D310112247E
2026-03-25 10:02:14 - msg_id_0200 ==> 7E02000042660000000002D4EC00000000000C000300C64701049FAC18038800000000260325100213010400000000140400000001150400000002160400000000170200002A02000030014D310111437E
2026-03-25 10:02:45 - msg_id_0200 ==> 7E02000042660000000002D4F700000000000C000300C646FE049FAC10038900000000260325100244010400000000140400000001150400000002160400000000170200002A02000030014D310111F87E
2026-03-25 10:03:16 - msg_id_0200 ==> 7E02000042660000000002D50200000000000C000300C64700049FAC10038800000000260325100315010400000000140400000001150400000002160400000000170200002A02000030014D310113A07E
2026-03-25 10:03:47 - msg_id_0200 ==> 7E02000042660000000002D50D00000000000C000300C646FF049FAC10038800000000260325100346010400000000140400000001150400000002160400000000170200002A02000030014D310113027E
2026-03-25 10:04:18 - msg_id_0200 ==> 7E02000042660000000002D51800000000000C000300C64700049FAC10038800000000260325100417010400000000140400000001150400000002160400000000170200002A02000030014D310113BF7E
2026-03-25 10:04:49 - msg_id_0200 ==> 7E02000042660000000002D52300000000000C000300C646FD049FAC10038800000000260325100448010400000000140400000001150400000002160400000000170200002A02000030014D310110247E
2026-03-25 10:05:20 - msg_id_0200 ==> 7E02000042660000000002D52E00000000000C000300C646FB049FAC08038800000000260325100519010400000000140400000001150400000002160400000000170200002A02000030014D310112657E
2026-03-25 10:05:51 - msg_id_0200 ==> 7E02000042660000000002D53900000000000C000300C646F9049FAC08038800000000260325100550010400000000140400000001150400000002160400000000170200002A02000030014D3101113A7E
2026-03-25 10:06:22 - msg_id_0200 ==> 7E02000042660000000002D54400000000000C000300C646FB049FAC08038800000000260325100621010400000000140400000001150400000002160400000000170200002A02000030014D310110367E
2026-03-25 10:06:53 - msg_id_0200 ==> 7E02000042660000000002D54F00000000000C000300C64704049FAC08038800000000260325100652010400000000140400000001150400000002160400000000170200002A020000300146310112B97E
2026-03-25 10:07:24 - msg_id_0200 ==> 7E02000042660000000002D55A00000000000C000300C64706049FAC08038700000000260325100723010400000000140400000001150400000002160400000000170200002A020000300146310112D17E
2026-03-25 10:07:55 - msg_id_0200 ==> 7E02000042660000000002D56500000000000C000300C64703049FAC08038700000000260325100754010400000000140400000001150400000002160400000000170200002A0200003001463101119F7E
2026-03-25 10:08:26 - msg_id_0200 ==> 7E02000042660000000002D57000000000000C000300C64704049FAC08038700000000260325100825010400000000140400000001150400000002160400000000170200002A020000300146310112F07E
2026-03-25 10:08:57 - msg_id_0200 ==> 7E02000042660000000002D57B00000000000C000300C64702049FAC08038800000000260325100856010400000000140400000001150400000002160400000000170200002A020000300146310112817E
2026-03-25 10:09:06 - msg_id_0200 ==> 7E02000042660000000002D57F00000100000C000300C64701049FAC08038800000000260325100905010400000000140400000001150400000002160400000000170200002A020000300143310111D37E
2026-03-25 10:09:28 - msg_id_0200 ==> 7E02000042660000000002D58700000000000C000300C64701049FAC08038800000000260325100927010400000000140400000001150400000002160400000000170200002A0200003001433101120B7E
2026-03-25 10:09:59 - msg_id_0200 ==> 7E02000042660000000002D59200000000000C000300C64701049FAC08038800000000260325100958010400000000140400000001150400000002160400000000170200002A020000300143310112617E
2026-03-25 10:10:30 - msg_id_0200 ==> 7E02000042660000000002D59D00000000000C000300C64701049FAC08038800000000260325101029010400000000140400000001150400000002160400000000170200002A020000300143310111057E
2026-03-25 10:11:01 - msg_id_0200 ==> 7E02000042660000000002D5A800000000000C000300C64700049FAC00038700000000260325101100010400000000140400000001150400000002160400000000170200002A0200003001433101111E7E
2026-03-25 10:11:32 - msg_id_0200 ==> 7E02000042660000000002D5B300000000000C000300C64700049FAC08038700000000260325101131010400000000140400000001150400000002160400000000170200002A0200003001433101113C7E
2026-03-25 10:12:03 - msg_id_0200 ==> 7E02000042660000000002D5BE00000000000C000300C64703049FAC08038700000000260325101202010400000000140400000001150400000002160400000000170200002A020000300143310111027E
2026-03-25 10:12:34 - msg_id_0200 ==> 7E02000042660000000002D5C900000000000C000300C64703049FAC08038700000000260325101233010400000000140400000001150400000002160400000000170200002A020000300143310110457E
2026-03-25 10:13:05 - msg_id_0200 ==> 7E02000042660000000002D5D400000000000C000300C64702049FAC08038700000000260325101304010400000000140400000001150400000002160400000000170200002A0200003001433101126D7E
2026-03-25 10:13:36 - msg_id_0200 ==> 7E02000042660000000002D5DF00000000000C000300C64703049FAC08038700000000260325101335010400000000140400000001150400000002160400000000170200002A020000300143310111557E
2026-03-25 10:14:07 - msg_id_0200 ==> 7E02000042660000000002D5EA00000000000C000300C64704049FAC08038700000000260325101406010400000000140400000001150400000002160400000000170200002A020000300143310113517E
2026-03-25 10:14:38 - msg_id_0200 ==> 7E02000042660000000002D5F500000000000C000300C64706049FAC10038700000000260325101437010400000000140400000001150400000002160400000000170200002A020000300143310112647E
2026-03-25 10:15:09 - msg_id_0200 ==> 7E02000042660000000002D60000000000000C000300C64708049FAC10038700000000260325101508010400000000140400000001150400000002160400000000170200002A020000300143310111A17E
2026-03-25 10:15:40 - msg_id_0200 ==> 7E02000042660000000002D60B00000000000C000300C6470B049FAC18038700000000260325101539010400000000140400000001150400000002160400000000170200002A020000300143310113927E
2026-03-25 10:16:11 - msg_id_0200 ==> 7E02000042660000000002D61600000000000C000300C6470F049FAC18038700000000260325101610010400000000140400000001150400000002160400000000170200002A020000300143310111A37E
2026-03-25 10:16:42 - msg_id_0200 ==> 7E02000042660000000002D62100000000000C000300C64712049FAC20038700000000260325101641010400000000140400000001150400000002160400000000170200002A020000300143310114E57E
2026-03-25 10:17:13 - msg_id_0200 ==> 7E02000042660000000002D62C00000000000C000300C64713049FAC20038700000000260325101712010400000000140400000001150400000002160400000000170200002A020000300143310114BB7E
2026-03-25 10:17:44 - msg_id_0200 ==> 7E02000042660000000002D63700000000000C000300C64715049FAC20038700000000260325101743010400000000140400000001150400000002160400000000170200002A020000300143310113F07E
2026-03-25 10:18:15 - msg_id_0200 ==> 7E02000042660000000002D64200000000000C000300C64718049FAC20038700000000260325101814010400000000140400000001150400000002160400000000170200002A020000300143310110D37E
2026-03-25 10:18:46 - msg_id_0200 ==> 7E02000042660000000002D64D00000000000C000300C6471B049FAC28038700000000260325101845010400000000140400000001150400000002160400000000170200002A02000030014331010F997E
2026-03-25 10:19:17 - msg_id_0200 ==> 7E02000042660000000002D65800000000000C000300C6471C049FAC28038700000000260325101916010400000000140400000001150400000002160400000000170200002A020000300143310112C47E
2026-03-25 10:19:48 - msg_id_0200 ==> 7E02000042660000000002D66300000000000C000300C6471D049FAC28038700000000260325101947010400000000140400000001150400000002160400000000170200002A020000300143310112AF7E
2026-03-25 10:20:19 - msg_id_0200 ==> 7E02000042660000000002D66E00000000000C000300C6471F049FAC30038700000000260325102018010400000000140400000001150400000002160400000000170200002A020000300143310112DE7E
2026-03-25 10:20:50 - msg_id_0200 ==> 7E02000042660000000002D67900000000000C000300C64723049FAC30038700000000260325102049010400000000140400000001150400000002160400000000170200002A020000300143310113A57E
2026-03-25 10:21:03 - msg_id_0200 ==> 7E02000042660000000002D67F00000100000C000300C64723049FAC30038700000000260325102102010400000000140400000001150400000002160400000000170200002A020000300143310112E97E
2026-03-25 10:21:21 - msg_id_0200 ==> 7E02000042660000000002D68600000000000C000300C64724049FAC38038700000000260325102120010400000000140400000001150400000002160400000000170200002A0200003001433101133D7E
2026-03-25 10:21:52 - msg_id_0200 ==> 7E02000042660000000002D69100000000000C000300C64726049FAC38038700000000260325102151010400000000140400000001150400000002160400000000170200002A020000300143310112587E
2026-03-25 10:22:23 - msg_id_0200 ==> 7E02000042660000000002D69C00000000000C000300C6472A049FAC40038700000000260325102222010400000000140400000001150400000002160400000000170200002A020000300143310113507E
2026-03-25 10:22:54 - msg_id_0200 ==> 7E02000042660000000002D6A700000000000C000300C6472B049FAC40038700000000260325102253010400000000140400000001150400000002160400000000170200002A0200003001433101131B7E
2026-03-25 10:23:25 - msg_id_0200 ==> 7E02000042660000000002D6B200000000000C000300C6472A049FAC48038700000000260325102324010400000000140400000001150400000002160400000000170200002A020000300143310113717E
2026-03-25 10:23:56 - msg_id_0200 ==> 7E02000042660000000002D6BD00000000000C000300C6472D049FAC48038700000000260325102355010400000000140400000001150400000002160400000000170200002A020000300143310113087E
2026-03-25 10:24:27 - msg_id_0200 ==> 7E02000042660000000002D6C800000000000C000300C6472E049FAC48038700000000260325102426010400000000140400000001150400000002160400000000170200002A020000300143310111087E
2026-03-25 10:24:58 - msg_id_0200 ==> 7E02000042660000000002D6D300000000000C000300C6472F049FAC48038600000000260325102457010400000000140400000001150400000002160400000000170200002A020000300143310112617E
2026-03-25 10:25:29 - msg_id_0200 ==> 7E02000042660000000002D6DE00000000000C000300C6472D049FAC50038600000000260325102528010400000000140400000001150400000002160400000000170200002A020000300143310113097E
2026-03-25 10:26:00 - msg_id_0200 ==> 7E02000042660000000002D6E900000000000C000300C6472E049FAC50038600000000260325102559010400000000140400000001150400000002160400000000170200002A0200003001433101134C7E
2026-03-25 10:26:31 - msg_id_0200 ==> 7E02000042660000000002D6F400000000000C000300C64731049FAC50038600000000260325102630010400000000140400000001150400000002160400000000170200002A020000300143310113247E
2026-03-25 10:27:02 - msg_id_0200 ==> 7E02000042660000000002D6FF00000000000C000300C64731049FAC58038600000000260325102701010400000000140400000001150400000002160400000000170200002A020000300143310114107E
2026-03-25 10:27:33 - msg_id_0200 ==> 7E02000042660000000002D70A00000000000C000300C64732049FAC58038600000000260325102732010400000000140400000001150400000002160400000000170200002A020000300143310114D47E
2026-03-25 10:28:04 - msg_id_0200 ==> 7E02000042660000000002D71500000000000C000300C64732049FAC58038600000000260325102803010400000000140400000001150400000002160400000000170200002A020000300143310114F57E
2026-03-25 10:28:35 - msg_id_0200 ==> 7E02000042660000000002D72000000000000C000300C64732049FAC58038600000000260325102834010400000000140400000001150400000002160400000000170200002A020000300143310114F77E
2026-03-25 10:29:06 - msg_id_0200 ==> 7E02000042660000000002D72B00000000000C000300C64733049FAC58038600000000260325102905010400000000140400000001150400000002160400000000170200002A020000300143310115CC7E
2026-03-25 10:29:37 - msg_id_0200 ==> 7E02000042660000000002D73600000000000C000300C64734049FAC58038600000000260325102936010400000000140400000001150400000002160400000000170200002A020000300143310113E37E
2026-03-25 10:30:08 - msg_id_0200 ==> 7E02000042660000000002D74100000000000C000300C64735049FAC58038600000000260325103007010400000000140400000001150400000002160400000000170200002A020000300143310115BB7E
2026-03-25 10:30:39 - msg_id_0200 ==> 7E02000042660000000002D74C00000000000C000300C64736049FAC58038600000000260325103038010400000000140400000001150400000002160400000000170200002A020000300143310116897E
2026-03-25 10:31:10 - msg_id_0200 ==> 7E02000042660000000002D75700000000000C000300C64739049FAC58038600000000260325103109010400000000140400000001150400000002160400000000170200002A020000300143310115AE7E
2026-03-25 10:31:41 - msg_id_0200 ==> 7E02000042660000000002D76200000000000C000300C6473C049FAC58038600000000260325103140010400000000140400000001150400000002160400000000170200002A020000300143310114D67E
2026-03-25 10:32:12 - msg_id_0200 ==> 7E02000042660000000002D76D00000000000C000300C6473E049FAC58038600000000260325103211010400000000140400000001150400000002160400000000170200002A020000300143310115887E
2026-03-25 10:32:43 - msg_id_0200 ==> 7E02000042660000000002D77800000000000C000300C64740049FAC58038600000000260325103242010400000000140400000001150400000002160400000000170200002A020000300143310115B07E
2026-03-25 10:33:01 - msg_id_0200 ==> 7E02000042660000000002D77F00000100000C000300C64742049FAC58038600000000260325103300010400000000140400000001150400000002160400000000170200002A020000300143310115F77E
2026-03-25 10:33:14 - msg_id_0200 ==> 7E02000042660000000002D78500000000000C000300C64742049FAC60038600000000260325103313010400000000140400000001150400000002160400000000170200002A020000300143310116247E
2026-03-25 10:33:45 - msg_id_0200 ==> 7E02000042660000000002D78F00000000000C000300C64745049FAC60038600000000260325103344010400000000140400000001150400000002160400000000170200002A0200003001433101167D027E
2026-03-25 10:34:16 - msg_id_0200 ==> 7E02000042660000000002D79A00000000000C000300C64744049FAC60038600000000260325103415010400000000140400000001150400000002160400000000170200002A0200003001433101163C7E
2026-03-25 10:34:47 - msg_id_0200 ==> 7E02000042660000000002D7A600000000000C000300C64747049FAC60038600000000260325103446010400000000140400000001150400000002160400000000170200002A020000300143310115537E
2026-03-25 10:35:18 - msg_id_0200 ==> 7E02000042660000000002D7B000000000000C000300C64748049FAC60038600000000260325103517010400000000140400000001150400000002160400000000170200002A020000300143310116197E
2026-03-25 10:35:49 - msg_id_0200 ==> 7E02000042660000000002D7BB00000000000C000300C64749049FAC68038600000000260325103548010400000000140400000001150400000002160400000000170200002A020000300143310114467E
2026-03-25 10:36:19 - msg_id_0200 ==> 7E02000042660000000002D7C600000000000C000300C64748049FAC68038600000000260325103619010400000000140400000001150400000002160400000000170200002A0200003001433101166A7E
2026-03-25 10:36:51 - msg_id_0200 ==> 7E02000042660000000002D7D100000000000C000300C6474A049FAC68038700000000260325103650010400000000140400000001150400000002160400000000170200002A020000300143310115347E
2026-03-25 10:37:22 - msg_id_0200 ==> 7E02000042660000000002D7DC00000000000C000300C6474B049FAC70038700000000260325103721010400000000140400000001150400000002160400000000170200002A020000300143310115507E
2026-03-25 10:37:53 - msg_id_0200 ==> 7E02000042660000000002D7E800000000000C000300C6474A049FAC70038700000000260325103752010400000000140400000001150400000002160400000000170200002A020000300143310116157E
2026-03-25 10:38:24 - msg_id_0200 ==> 7E02000042660000000002D7F200000000000C000300C6474A049FAC70038700000000260325103823010400000000140400000001150400000002160400000000170200002A020000300143310116717E
2026-03-25 10:38:55 - msg_id_0200 ==> 7E02000042660000000002D7FD00000000000C000300C6474C049FAC70038700000000260325103854010400000000140400000001150400000002160400000000170200002A0200003001433101160F7E
2026-03-25 10:39:26 - msg_id_0200 ==> 7E02000042660000000002D80800000000000C000300C6474F049FAC70038700000000260325103925010400000000140400000001150400000002160400000000170200002A020000300143310116867E
2026-03-25 10:39:57 - msg_id_0200 ==> 7E02000042660000000002D81300000000000C000300C64753049FAC70038700000000260325103956010400000000140400000001150400000002160400000000170200002A020000300143310116F27E
2026-03-25 10:40:28 - msg_id_0200 ==> 7E02000042660000000002D81E00000000000C000300C64755049FAC70038700000000260325104027010400000000140400000001150400000002160400000000170200002A020000300143310116F17E
2026-03-25 10:40:59 - msg_id_0200 ==> 7E02000042660000000002D82900000000000C000300C64754049FAC70038700000000260325104058010400000000140400000001150400000002160400000000170200002A020000300143310115BB7E
2026-03-25 10:41:30 - msg_id_0200 ==> 7E02000042660000000002D83400000000000C000300C64756049FAC78038700000000260325104129010400000000140400000001150400000002160400000000170200002A020000300143310115DC7E
2026-03-25 10:42:01 - msg_id_0200 ==> 7E02000042660000000002D83F00000000000C000300C64753049FAC78038700000000260325104200010400000000140400000001150400000002160400000000170200002A020000300143310116FB7E
2026-03-25 10:42:32 - msg_id_0200 ==> 7E02000042660000000002D84A00000000000C000300C64755049FAC78038700000000260325104231010400000000140400000001150400000002160400000000170200002A020000300143310114BB7E
2026-03-25 10:43:03 - msg_id_0200 ==> 7E02000042660000000002D85500000000000C000300C64758049FAC80038700000000260325104302010400000000140400000001150400000002160400000000170200002A020000300143310114637E
2026-03-25 10:43:34 - msg_id_0200 ==> 7E02000042660000000002D86000000000000C000300C6475B049FAC80038700000000260325104333010400000000140400000001150400000002160400000000170200002A020000300143310114647E
2026-03-25 10:44:05 - msg_id_0200 ==> 7E02000042660000000002D86B00000000000C000300C6475B049FAC80038700000000260325104404010400000000140400000001150400000002160400000000170200002A0200003001433101165D7E
2026-03-25 10:44:36 - msg_id_0200 ==> 7E02000042660000000002D87600000000000C000300C6475D049FAC88038800000000260325104435010400000000140400000001150400000002160400000000170200002A020000300143310115737E
2026-03-25 10:44:59 - msg_id_0200 ==> 7E02000042660000000002D87F00000100000C000300C6475F049FAC88038800000000260325104458010400000000140400000001150400000002160400000000170200002A020000300143310115147E
2026-03-25 10:45:07 - msg_id_0200 ==> 7E02000042660000000002D88300000000000C000300C6475F049FAC88038800000000260325104506010400000000140400000001150400000002160400000000170200002A020000300143310115B67E
2026-03-25 10:45:38 - msg_id_0200 ==> 7E02000042660000000002D88E00000000000C000300C6475F049FAC88038800000000260325104537010400000000140400000001150400000002160400000000170200002A0200003001433101158A7E
2026-03-25 10:46:09 - msg_id_0200 ==> 7E02000042660000000002D89900000000000C000300C6475E049FAC88038800000000260325104608010400000000140400000001150400000002160400000000170200002A020000300143310114A17E
2026-03-25 10:46:40 - msg_id_0200 ==> 7E02000042660000000002D8A400000000000C000300C6475C049FAC88038800000000260325104639010400000000140400000001150400000002160400000000170200002A020000300143310115AE7E
2026-03-25 10:47:11 - msg_id_0200 ==> 7E02000042660000000002D8AF00000000000C000300C6475C049FAC88038800000000260325104710010400000000140400000001150400000002160400000000170200002A0200003001433101138B7E
2026-03-25 10:47:42 - msg_id_0200 ==> 7E02000042660000000002D8BA00000000000C000300C6475B049FAC88038800000000260325104741010400000000140400000001150400000002160400000000170200002A020000300143310113C87E
2026-03-25 10:48:13 - msg_id_0200 ==> 7E02000042660000000002D8C500000000000C000300C6475B049FAC80038800000000260325104812010400000000140400000001150400000002160400000000170200002A020000300143310112E27E
2026-03-25 10:48:44 - msg_id_0200 ==> 7E02000042660000000002D8D000000000000C000300C6475C049FAC88038800000000260325104843010400000000140400000001150400000002160400000000170200002A020000300143310113A87E
2026-03-25 10:49:15 - msg_id_0200 ==> 7E02000042660000000002D8DB00000000000C000300C6475D049FAC88038800000000260325104914010400000000140400000001150400000002160400000000170200002A020000300143310113F47E
2026-03-25 10:49:46 - msg_id_0200 ==> 7E02000042660000000002D8E600000000000C000300C6475E049FAC88038800000000260325104945010400000000140400000001150400000002160400000000170200002A0200003001433101159D7E
2026-03-25 10:50:17 - msg_id_0200 ==> 7E02000042660000000002D8F100000000000C000300C64761049FAC88038800000000260325105016010400000000140400000001150400000002160400000000170200002A020000300143310114FE7E
2026-03-25 10:50:48 - msg_id_0200 ==> 7E02000042660000000002D8FC00000000000C000300C64763049FAC88038800000000260325105047010400000000140400000001150400000002160400000000170200002A020000300143310115A17E
2026-03-25 10:51:19 - msg_id_0200 ==> 7E02000042660000000002D90700000000000C000300C64765049FAC88038800000000260325105118010400000000140400000001150400000002160400000000170200002A020000300143310114027E
2026-03-25 10:51:50 - msg_id_0200 ==> 7E02000042660000000002D91200000000000C000300C64766049FAC90038800000000260325105149010400000000140400000001150400000002160400000000170200002A0200003001433101155C7E
2026-03-25 10:52:21 - msg_id_0200 ==> 7E02000042660000000002D91D00000000000C000300C64767049FAC90038800000000260325105220010400000000140400000001150400000002160400000000170200002A020000300143310115387E
2026-03-25 10:52:52 - msg_id_0200 ==> 7E02000042660000000002D92800000000000C000300C6476A049FAC88038700000000260325105251010400000000140400000001150400000002160400000000170200002A020000300143310113607E
2026-03-25 10:53:23 - msg_id_0200 ==> 7E02000042660000000002D93300000000000C000300C6476B049FAC88038700000000260325105322010400000000140400000001150400000002160400000000170200002A020000300143310113087E
2026-03-25 10:53:54 - msg_id_0200 ==> 7E02000042660000000002D93E00000000000C000300C6476C049FAC88038700000000260325105353010400000000140400000001150400000002160400000000170200002A020000300143310115757E
2026-03-25 10:54:25 - msg_id_0200 ==> 7E02000042660000000002D94900000000000C000300C6476F049FAC88038700000000260325105424010400000000140400000001150400000002160400000000170200002A020000300143310115717E
2026-03-25 10:54:56 - msg_id_0200 ==> 7E02000042660000000002D95400000000000C000300C64772049FAC88038700000000260325105455010400000000140400000001150400000002160400000000170200002A020000300143310113067E
2026-03-25 10:55:27 - msg_id_0200 ==> 7E02000042660000000002D95F00000000000C000300C64775049FAC88038700000000260325105526010400000000140400000001150400000002160400000000170200002A0200003001433101147F7E
2026-03-25 10:55:58 - msg_id_0200 ==> 7E02000042660000000002D96A00000000000C000300C64775049FAC88038700000000260325105557010400000000140400000001150400000002160400000000170200002A0200003001463101143E7E
2026-03-25 10:56:29 - msg_id_0200 ==> 7E02000042660000000002D97500000000000C000300C64775049FAC88038700000000260325105628010400000000140400000001150400000002160400000000170200002A020000300143310115597E
2026-03-25 10:56:56 - msg_id_0200 ==> 7E02000042660000000002D97F00000100000C000300C6477D01049FAC80038700000000260325105655010400000000140400000001150400000002160400000000170200002A020000300143310113297E
2026-03-25 10:57:01 - msg_id_0200 ==> 7E02000042660000000002D98200000000000C000300C6477F049FAC80038700000000260325105700010400000000140400000001150400000002160400000000170200002A020000300143310113837E
2026-03-25 10:57:32 - msg_id_0200 ==> 7E02000042660000000002D98D00000000000C000300C64782049FAC80038700000000260325105731010400000000140400000001150400000002160400000000170200002A020000300143310113407E
2026-03-25 10:58:03 - msg_id_0200 ==> 7E02000042660000000002D99800000000000C000300C6478B049FAC80038700000000260325105802010400000000140400000001150400000002160400000000170200002A020000300143310115667E
2026-03-25 10:58:34 - msg_id_0200 ==> 7E02000042660000000002D9A300000000000C000300C6478D049FAC80038600000000260325105833010400000000140400000001150400000002160400000000170200002A020000300146310113687E
2026-03-25 10:59:05 - msg_id_0200 ==> 7E02000042660000000002D9AE00000000000C000300C64790049FAC80038600000000260325105904010400000000140400000001150400000002160400000000170200002A020000300146310115487E
2026-03-25 10:59:36 - msg_id_0200 ==> 7E02000042660000000002D9B900000000000C000300C64790049FAC80038600000000260325105935010400000000140400000001150400000002160400000000170200002A0200003001463101146F7E
2026-03-25 11:00:07 - msg_id_0200 ==> 7E02000042660000000002D9C400000000000C000300C6478E049FAC80038600000000260325110006010400000000140400000001150400000002160400000000170200002A020000300146310110637E
2026-03-25 11:00:38 - msg_id_0200 ==> 7E02000042660000000002D9CF00000000000C000300C64790049FAC80038600040000260325110037010400000000140400000001150400000002160400000000170200002A020000300146310113407E
2026-03-25 11:01:09 - msg_id_0200 ==> 7E02000042660000000002D9DA00000000000C000300C6479C049FAC80038600000000260325110108010400000000140400000001150400000002160400000000170200002A020000300146310112627E
2026-03-25 11:01:40 - msg_id_0200 ==> 7E02000042660000000002D9E500000000000C000300C6479B049FAC80038600000000260325110139010400000000140400000001150400000002160400000000170200002A0200003001463101146D7E
2026-03-25 11:02:11 - msg_id_0200 ==> 7E02000042660000000002D9F000000000000C000300C64797049FAC80038600000000260325110210010400000000140400000001150400000002160400000000170200002A020000300146310112587E
2026-03-25 11:02:42 - msg_id_0200 ==> 7E02000042660000000002D9FB00000000000C000300C64797049FAC80038700000000260325110241010400000000140400000001150400000002160400000000170200002A020000300146310112037E
2026-03-25 11:03:13 - msg_id_0200 ==> 7E02000042660000000002DA0600000000000C000300C64797049FAC88038700000000260325110312010400000000140400000001150400000002160400000000170200002A020000300146310112A77E
2026-03-25 11:03:44 - msg_id_0200 ==> 7E02000042660000000002DA1100000000000C000300C64796049FAC88038700000000260325110343010400000000140400000001150400000002160400000000170200002A020000300146310111E37E
2026-03-25 11:04:15 - msg_id_0200 ==> 7E02000042660000000002DA1C00000000000C000300C64797049FAC88038700000000260325110414010400000000140400000001150400000002160400000000170200002A020000300146310110BE7E
2026-03-25 11:04:46 - msg_id_0200 ==> 7E02000042660000000002DA2700000000000C000300C64797049FAC88038600000000260325110445010400000000140400000001150400000002160400000000170200002A020000300146310111D47E
2026-03-25 11:05:17 - msg_id_0200 ==> 7E02000042660000000002DA3200000000000C000300C64797049FAC88038600000000260325110516010400000000140400000001150400000002160400000000170200002A020000300146310111937E
2026-03-25 11:05:48 - msg_id_0200 ==> 7E02000042660000000002DA3D00000000000C000300C64797049FAC88038600000000260325110547010400000000140400000001150400000002160400000000170200002A020000300146310112CE7E
2026-03-25 11:06:19 - msg_id_0200 ==> 7E02000042660000000002DA4800000000000C000300C64797049FAC88038600000000260325110618010400000000140400000001150400000002160400000000170200002A020000300146310113E67E
2026-03-25 11:06:50 - msg_id_0200 ==> 7E02000042660000000002DA5300000000000C000300C64798049FAC88038600000000260325110649010400000000140400000001150400000002160400000000170200002A020000300146310114A47E
2026-03-25 11:07:21 - msg_id_0200 ==> 7E02000042660000000002DA5E00000000000C000300C64798049FAC80038600000000260325110720010400000000140400000001150400000002160400000000170200002A020000300146310113CE7E
2026-03-25 11:07:52 - msg_id_0200 ==> 7E02000042660000000002DA6900000000000C000300C6479A049FAC80038600000000260325110751010400000000140400000001150400000002160400000000170200002A0200003001433101128E7E
2026-03-25 11:08:23 - msg_id_0200 ==> 7E02000042660000000002DA7400000000000C000300C6479D049FAC80038600000000260325110822010400000000140400000001150400000002160400000000170200002A020000300146310112ED7E
2026-03-25 11:08:54 - msg_id_0200 ==> 7E02000042660000000002DA7F00000100000C000300C6479E049FAC80038600000000260325110853010400000000140400000001150400000002160400000000170200002A020000300146310113947E
2026-03-25 11:08:59 - msg_id_0200 ==> 7E02000042660000000002DA8200000000000C000300C6479E049FAC80038600000000260325110858010400000000140400000001150400000002160400000000170200002A020000300146310113637E
2026-03-25 11:09:30 - msg_id_0200 ==> 7E02000042660000000002DA8D00000000000C000300C6479E049FAC80038600000000260325110929010400000000140400000001150400000002160400000000170200002A0200003001463101131C7E
2026-03-25 11:10:01 - msg_id_0200 ==> 7E02000042660000000002DA9800000000000C000300C6479B049FAC80038600000000260325111000010400000000140400000001150400000002160400000000170200002A0200003001433101143E7E
2026-03-25 11:10:32 - msg_id_0200 ==> 7E02000042660000000002DAA300000000000C000300C6479B049FAC80038600000000260325111031010400000000140400000001150400000002160400000000170200002A020000300143310114347E
2026-03-25 11:11:03 - msg_id_0200 ==> 7E02000042660000000002DAAE00000000000C000300C64798049FAC88038600000000260325111102010400000000140400000001150400000002160400000000170200002A020000300143310114007E
2026-03-25 11:11:34 - msg_id_0200 ==> 7E02000042660000000002DAB900000000000C000300C64797049FAC88038600000000260325111133010400000000140400000001150400000002160400000000170200002A0200003001433101132E7E
2026-03-25 11:12:05 - msg_id_0200 ==> 7E02000042660000000002DAC400000000000C000300C64795049FAC88038600000000260325111204010400000000140400000001150400000002160400000000170200002A020000300143310113657E
2026-03-25 11:12:36 - msg_id_0200 ==> 7E02000042660000000002DACF00000000000C000300C64792049FAC88038600000000260325111235010400000000140400000001150400000002160400000000170200002A020000300143310113587E
2026-03-25 11:13:07 - msg_id_0200 ==> 7E02000042660000000002DADA00000000000C000300C6478E049FAC88038600000000260325111306010400000000140400000001150400000002160400000000170200002A020000300146310113667E
2026-03-25 11:13:38 - msg_id_0200 ==> 7E02000042660000000002DAE500000000000C000300C6478B049FAC88038600000000260325111337010400000000140400000001150400000002160400000000170200002A0200003001463101136D7E
2026-03-25 11:14:09 - msg_id_0200 ==> 7E02000042660000000002DAF000000000000C000300C64789049FAC80038600000000260325111408010400000000140400000001150400000002160400000000170200002A0200003001433101134F7E
2026-03-25 11:14:40 - msg_id_0200 ==> 7E02000042660000000002DAFB00000000000C000300C64785049FAC88038600000000260325111439010400000000140400000001150400000002160400000000170200002A020000300143310112707E
2026-03-25 11:15:11 - msg_id_0200 ==> 7E02000042660000000002DB0600000000000C000300C6477A049FAC80038600000000260325111510010400000000140400000001150400000002160400000000170200002A020000300143310113527E
2026-03-25 11:15:42 - msg_id_0200 ==> 7E02000042660000000002DB1100000000000C000300C6477B049FAC80038600000000260325111541010400000000140400000001150400000002160400000000170200002A020000300143310112147E
2026-03-25 11:16:13 - msg_id_0200 ==> 7E02000042660000000002DB1C00000000000C000300C6477A049FAC80038600000000260325111612010400000000140400000001150400000002160400000000170200002A020000300143310113497E
2026-03-25 11:16:44 - msg_id_0200 ==> 7E02000042660000000002DB2700000000000C000300C64777049FAC80038600000000260325111643010400000000140400000001150400000002160400000000170200002A0200003001433101132E7E
2026-03-25 11:17:15 - msg_id_0200 ==> 7E02000042660000000002DB3200000000000C000300C64774049FAC80038600000000260325111714010400000000140400000001150400000002160400000000170200002A0200003001433101126F7E
2026-03-25 11:17:46 - msg_id_0200 ==> 7E02000042660000000002DB3D00000000000C000300C64773049FAC78038600000000260325111745010400000000140400000001150400000002160400000000170200002A020000300143310113CF7E
2026-03-25 11:18:17 - msg_id_0200 ==> 7E02000042660000000002DB4800000000000C000300C64774049FAC78038600000000260325111816010400000000140400000001150400000002160400000000170200002A020000300143310112E07E
2026-03-25 11:18:48 - msg_id_0200 ==> 7E02000042660000000002DB5300000000000C000300C64773049FAC70038600000000260325111847010400000000140400000001150400000002160400000000170200002A020000300143310114A37E
2026-03-25 11:19:19 - msg_id_0200 ==> 7E02000042660000000002DB5E00000000000C000300C64771049FAC68038600000000260325111918010400000000140400000001150400000002160400000000170200002A020000300146310113E87E
2026-03-25 11:19:50 - msg_id_0200 ==> 7E02000042660000000002DB6900000000000C000300C64772049FAC68038600000000260325111949010400000000140400000001150400000002160400000000170200002A0200003001463101128C7E
2026-03-25 11:20:21 - msg_id_0200 ==> 7E02000042660000000002DB7400000000000C000300C64770049FAC68038600000000260325112020010400000000140400000001150400000002160400000000170200002A020000300146310113C27E
2026-03-25 11:20:51 - msg_id_0200 ==> 7E02000042660000000002DB7F00000100000C000300C64770049FAC68038600000000260325112050010400000000140400000001150400000002160400000000170200002A020000300146310113B87E
2026-03-25 11:20:56 - msg_id_0200 ==> 7E02000042660000000002DB8200000000000C000300C6476F049FAC68038600000000260325112055010400000000140400000001150400000002160400000000170200002A020000300146310114597E
2026-03-25 11:21:27 - msg_id_0200 ==> 7E02000042660000000002DB8D00000000000C000300C6476D049FAC60038600000000260325112126010400000000140400000001150400000002160400000000170200002A0200003001463101142E7E
2026-03-25 11:21:58 - msg_id_0200 ==> 7E02000042660000000002DB9800000000000C000300C6476C049FAC60038600000000260325112157010400000000140400000001150400000002160400000000170200002A0200003001463101134C7E
2026-03-25 11:22:29 - msg_id_0200 ==> 7E02000042660000000002DBA300000000000C000300C6476D049FAC60038600000000260325112228010400000000140400000001150400000002160400000000170200002A0200003001463101120B7E
2026-03-25 11:23:00 - msg_id_0200 ==> 7E02000042660000000002DBAE00000000000C000300C6476F049FAC60038600000000260325112259010400000000140400000001150400000002160400000000170200002A020000300146310114737E
2026-03-25 11:23:30 - msg_id_0200 ==> 7E02000042660000000002DBB900000000000C000300C64770049FAC60038600000000260325112330010400000000140400000001150400000002160400000000170200002A020000300146310114137E
2026-03-25 11:24:02 - msg_id_0200 ==> 7E02000042660000000002DBC400000000000C000300C64770049FAC60038600000000260325112401010400000000140400000001150400000002160400000000170200002A020000300146310114587E
2026-03-25 11:24:33 - msg_id_0200 ==> 7E02000042660000000002DBCF00000000000C000300C64771049FAC58038600000000260325112432010400000000140400000001150400000002160400000000170200002A0200003001463101135E7E
2026-03-25 11:25:03 - msg_id_0200 ==> 7E02000042660000000002DBDA00000000000C000300C6476F049FAC58038600000000260325112503010400000000140400000001150400000002160400000000170200002A020000300146310112647E
2026-03-25 11:25:35 - msg_id_0200 ==> 7E02000042660000000002DBE500000000000C000300C6476D049FAC58038600000000260325112534010400000000140400000001150400000002160400000000170200002A020000300146310114687E
2026-03-25 11:26:06 - msg_id_0200 ==> 7E02000042660000000002DBF000000000000C000300C6476D049FAC58038600000000260325112605010400000000140400000001150400000002160400000000170200002A0200003001463101144F7E
2026-03-25 11:26:37 - msg_id_0200 ==> 7E02000042660000000002DBFB00000000000C000300C6476E049FAC58038600000000260325112636010400000000140400000001150400000002160400000000170200002A020000300146310114747E
2026-03-25 11:27:08 - msg_id_0200 ==> 7E02000042660000000002DC0600000000000C000300C6476B049FAC58038600000000260325112707010400000000140400000001150400000002160400000000170200002A020000300146310114BB7E
2026-03-25 11:27:39 - msg_id_0200 ==> 7E02000042660000000002DC1100000000000C000300C64767049FAC58038600000000260325112738010400000000140400000001150400000002160400000000170200002A0200003001463101159E7E
2026-03-25 11:28:10 - msg_id_0200 ==> 7E02000042660000000002DC1C00000000000C000300C64764049FAC60038600000000260325112809010400000000140400000001150400000002160400000000170200002A020000300146310114977E
2026-03-25 11:28:41 - msg_id_0200 ==> 7E02000042660000000002DC2700000000000C000300C64764049FAC68038600000000260325112840010400000000140400000001150400000002160400000000170200002A020000300146310115EC7E
2026-03-25 11:29:12 - msg_id_0200 ==> 7E02000042660000000002DC3200000000000C000300C64763049FAC68038600000000260325112911010400000000140400000001150400000002160400000000170200002A020000300146310114AF7E
2026-03-25 11:29:43 - msg_id_0200 ==> 7E02000042660000000002DC3D00000000000C000300C64760049FAC68038600000000260325112942010400000000140400000001150400000002160400000000170200002A020000300146310115F17E
2026-03-25 11:30:14 - msg_id_0200 ==> 7E02000042660000000002DC4800000000000C000300C6475E049FAC78038500000000260325113013010400000000140400000001150400000002160400000000170200002A020000300146310113E77E
2026-03-25 11:30:45 - msg_id_0200 ==> 7E02000042660000000002DC5300000000000C000300C64761049FAC78038600000000260325113044010400000000140400000001150400000002160400000000170200002A020000300146310112967E
2026-03-25 11:31:16 - msg_id_0200 ==> 7E02000042660000000002DC5E00000000000C000300C64766049FAC78038600000000260325113115010400000000140400000001150400000002160400000000170200002A020000300146310114CA7E
2026-03-25 11:31:47 - msg_id_0200 ==> 7E02000042660000000002DC6900000000000C000300C64768049FAC80038600000000260325113146010400000000140400000001150400000002160400000000170200002A020000300146310114587E
2026-03-25 11:32:18 - msg_id_0200 ==> 7E02000042660000000002DC7400000000000C000300C6476B049FAC80038600000000260325113217010400000000140400000001150400000002160400000000170200002A020000300146310113137E
2026-03-25 11:32:49 - msg_id_0200 ==> 7E02000042660000000002DC7F00000100000C000300C6476A049FAC80038600000000260325113248010400000000140400000001150400000002160400000000170200002A020000300146310115417E
2026-03-25 11:32:54 - msg_id_0200 ==> 7E02000042660000000002DC8200000000000C000300C6476A049FAC80038600000000260325113253010400000000140400000001150400000002160400000000170200002A020000300146310115A67E
2026-03-25 11:33:25 - msg_id_0200 ==> 7E02000042660000000002DC8D00000000000C000300C6476B049FAC80038600000000260325113324010400000000140400000001150400000002160400000000170200002A020000300146310114DF7E
2026-03-25 11:33:56 - msg_id_0200 ==> 7E02000042660000000002DC9800000000000C000300C6476C049FAC80038600000000260325113355010400000000140400000001150400000002160400000000170200002A020000300146310112BA7E
2026-03-25 11:34:27 - msg_id_0200 ==> 7E02000042660000000002DCA300000000000C000300C6476C049FAC80038600000000260325113426010400000000140400000001150400000002160400000000170200002A020000300146310114F37E
2026-03-25 11:34:58 - msg_id_0200 ==> 7E02000042660000000002DCAE00000000000C000300C6476E049FAC88038600000000260325113457010400000000140400000001150400000002160400000000170200002A020000300146310113827E
2026-03-25 11:35:29 - msg_id_0200 ==> 7E02000042660000000002DCB900000000000C000300C64771049FAC88038600000000260325113528010400000000140400000001150400000002160400000000170200002A020000300146310113F47E
2026-03-25 11:36:00 - msg_id_0200 ==> 7E02000042660000000002DCC400000000000C000300C64773049FAC88038600000000260325113559010400000000140400000001150400000002160400000000170200002A020000300146310113FA7E
2026-03-25 11:36:31 - msg_id_0200 ==> 7E02000042660000000002DCCF00000000000C000300C64775049FAC90038600000000260325113630010400000000140400000001150400000002160400000000170200002A020000300143310114877E
2026-03-25 11:37:02 - msg_id_0200 ==> 7E02000042660000000002DCDA00000000000C000300C64774049FAC90038600000000260325113701010400000000140400000001150400000002160400000000170200002A020000300143310112A57E
2026-03-25 11:37:33 - msg_id_0200 ==> 7E02000042660000000002DCE500000000000C000300C64773049FAC90038600000000260325113732010400000000140400000001150400000002160400000000170200002A020000300143310114A87E
2026-03-25 11:38:04 - msg_id_0200 ==> 7E02000042660000000002DCF000000000000C000300C64774049FAC90038600000000260325113803010400000000140400000001150400000002160400000000170200002A020000300143310114847E
2026-03-25 11:38:35 - msg_id_0200 ==> 7E02000042660000000002DCFB00000000000C000300C64775049FAC90038600000000260325113834010400000000140400000001150400000002160400000000170200002A020000300143310115B87E
2026-03-25 11:39:06 - msg_id_0200 ==> 7E02000042660000000002DD0600000000000C000300C64777049FAC90038600000000260325113905010400000000140400000001150400000002160400000000170200002A020000300143310114777E
2026-03-25 11:39:37 - msg_id_0200 ==> 7E02000042660000000002DD1100000000000C000300C6477B049FAC90038600000000260325113936010400000000140400000001150400000002160400000000170200002A0200003001433101155E7E
2026-03-25 11:40:08 - msg_id_0200 ==> 7E02000042660000000002DD1C00000000000C000300C6477C049FAC98038600000000260325114007010400000000140400000001150400000002160400000000170200002A020000300143310113127E
2026-03-25 11:40:39 - msg_id_0200 ==> 7E02000042660000000002DD2700000000000C000300C6477A049FAC98038600000000260325114038010400000000140400000001150400000002160400000000170200002A020000300143310115167E
2026-03-25 11:41:10 - msg_id_0200 ==> 7E02000042660000000002DD3200000000000C000300C64779049FAC90038600000000260325114109010400000000140400000001150400000002160400000000170200002A020000300143310115387E
2026-03-25 11:41:41 - msg_id_0200 ==> 7E02000042660000000002DD3D00000000000C000300C64779049FAC90038600000000260325114140010400000000140400000001150400000002160400000000170200002A0200003001433101157D027E
2026-03-25 11:42:12 - msg_id_0200 ==> 7E02000042660000000002DD4800000000000C000300C6477B049FAC88038600000000260325114211010400000000140400000001150400000002160400000000170200002A020000300143310113457E
2026-03-25 11:42:43 - msg_id_0200 ==> 7E02000042660000000002DD5300000000000C000300C6477A049FAC80038500000000260325114242010400000000140400000001150400000002160400000000170200002A020000300140310116017E
2026-03-25 11:43:14 - msg_id_0200 ==> 7E02000042660000000002DD5E00000000000C000300C6477C049FAC80038500000000260325114313010400000000140400000001150400000002160400000000170200002A0200003001403101135F7E
2026-03-25 11:43:45 - msg_id_0200 ==> 7E02000042660000000002DD6900000000000C000300C6477B049FAC88038500000000260325114344010400000000140400000001150400000002160400000000170200002A020000300140310112317E
2026-03-25 11:44:16 - msg_id_0200 ==> 7E02000042660000000002DD7400000000000C000300C6477B049FAC88038500000000260325114415010400000000140400000001150400000002160400000000170200002A0200003001433101147F7E
2026-03-25 11:44:46 - msg_id_0200 ==> 7E02000042660000000002DD7F00000100000C000300C6477C049FAC88038500000000260325114445010400000000140400000001150400000002160400000000170200002A020000300143310115237E
2026-03-25 11:44:51 - msg_id_0200 ==> 7E02000042660000000002DD8200000000000C000300C6477C049FAC88038500000000260325114450010400000000140400000001150400000002160400000000170200002A020000300143310116C97E
2026-03-25 11:45:22 - msg_id_0200 ==> 7E02000042660000000002DD8D00000000000C000300C6477B049FAC90038500000000260325114521010400000000140400000001150400000002160400000000170200002A020000300136310114DE7E
2026-03-25 11:45:53 - msg_id_0200 ==> 7E02000042660000000002DD9800000000000C000300C6477A049FAC88038500000000260325114552010400000000140400000001150400000002160400000000170200002A020000300136310114A17E
2026-03-25 11:46:24 - msg_id_0200 ==> 7E02000042660000000002DDA300000000000C000300C6477B049FAC88038500000000260325114623010400000000140400000001150400000002160400000000170200002A020000300136310113EE7E
2026-03-25 11:46:55 - msg_id_0200 ==> 7E02000042660000000002DDAE00000000000C000300C6477A049FAC88038500000000260325114654010400000000140400000001150400000002160400000000170200002A020000300136310114927E
2026-03-25 11:47:26 - msg_id_0200 ==> 7E02000042660000000002DDB900000000000C000300C6477B049FAC88038500000000260325114725010400000000140400000001150400000002160400000000170200002A020000300136310113F37E
2026-03-25 11:47:57 - msg_id_0200 ==> 7E02000042660000000002DDC400000000000C000300C6477C049FAC88038500000000260325114756010400000000140400000001150400000002160400000000170200002A020000300136310115FC7E
2026-03-25 11:48:28 - msg_id_0200 ==> 7E02000042660000000002DDCF00000000000C000300C6477C049FAC88038500000000260325114827010400000000140400000001150400000002160400000000170200002A02000030013A310111817E
2026-03-25 11:48:59 - msg_id_0200 ==> 7E02000042660000000002DDDA00000000000C000300C6477D02049FAC88038400000000260325114858010400000000140400000001150400000002160400000000170200002A02000030013A310113EA7E
2026-03-25 11:49:30 - msg_id_0200 ==> 7E02000042660000000002DDE500000000000C000300C6477D02049FAC88038400000000260325114929010400000000140400000001150400000002160400000000170200002A02000030013A310113A57E
2026-03-25 11:50:01 - msg_id_0200 ==> 7E02000042660000000002DDF000000000000C000300C6477D01049FAC88038400000000260325115000010400000000140400000001150400000002160400000000170200002A02000030013A310114847E
2026-03-25 11:50:32 - msg_id_0200 ==> 7E02000042660000000002DDFB00000000000C000300C6477C049FAC90038400000000260325115031010400000000140400000001150400000002160400000000170200002A02000030014A310115D67E
2026-03-25 11:51:03 - msg_id_0200 ==> 7E02000042660000000002DE0600000000000C000300C6477B049FAC90038400000000260325115102010400000000140400000001150400000002160400000000170200002A02000030014D3101151A7E
2026-03-25 11:51:34 - msg_id_0200 ==> 7E02000042660000000002DE1100000000000C000300C64778049FAC90038400000000260325115133010400000000140400000001150400000002160400000000170200002A02000030014D310113397E
2026-03-25 11:52:05 - msg_id_0200 ==> 7E02000042660000000002DE1C00000000000C000300C64774049FAC90038400000000260325115204010400000000140400000001150400000002160400000000170200002A02000030014D3101150A7E
2026-03-25 11:52:36 - msg_id_0200 ==> 7E02000042660000000002DE2700000000000C000300C64773049FAC90038400000000260325115235010400000000140400000001150400000002160400000000170200002A02000030014A310116037E
2026-03-25 11:53:07 - msg_id_0200 ==> 7E02000042660000000002DE3200000000000C000300C64771049FAC88038400000000260325115306010400000000140400000001150400000002160400000000170200002A02000030014A3101133B7E
2026-03-25 11:53:38 - msg_id_0200 ==> 7E02000042660000000002DE3D00000000000C000300C64773049FAC90038400000000260325115337010400000000140400000001150400000002160400000000170200002A02000030014A310114187E
2026-03-25 11:54:09 - msg_id_0200 ==> 7E02000042660000000002DE4800000000000C000300C64773049FAC90038400000000260325115408010400000000140400000001150400000002160400000000170200002A02000030014D310115537E
2026-03-25 11:54:47 - msg_id_0200 ==> 7E02000042660000000002DE5300000000000C000300C64773049FAC90038400000000260325115439010400000000140400000001150400000002160400000000170200002A02000030014D310114787E
2026-03-25 11:55:12 - msg_id_0200 ==> 7E02000042660000000002DE5E00000000000C000300C64770049FAC88038400000000260325115510010400000000140400000001150400000002160400000000170200002A02000030014D310114467E
2026-03-25 11:55:42 - msg_id_0200 ==> 7E02000042660000000002DE6900000000000C000300C64771049FAC88038400000000260325115541010400000000140400000001150400000002160400000000170200002A02000030014D310114217E
2026-03-25 11:56:15 - msg_id_0200 ==> 7E02000042660000000002DE7400000000000C000300C64770049FAC88038400000000260325115612010400000000140400000001150400000002160400000000170200002A02000030014D3101156C7E
2026-03-25 11:56:50 - msg_id_0200 ==> 7E02000042660000000002DE8200000000000C000300C6476B049FAC88038400000000260325115648010400000000140400000001150400000002160400000000170200002A02000030014D310116D87E
2026-03-25 11:57:20 - msg_id_0200 ==> 7E02000042660000000002DE8D00000000000C000300C6476A049FAC90038400000000260325115719010400000000140400000001150400000002160400000000170200002A02000030014D3101179F7E
2026-03-25 11:57:51 - msg_id_0200 ==> 7E02000042660000000002DE9800000000000C000300C64767049FAC98038400000000260325115750010400000000140400000001150400000002160400000000170200002A02000030014D310116C77E
2026-03-25 11:58:22 - msg_id_0200 ==> 7E02000042660000000002DEA300000000000C000300C64766049FAC98038400000000260325115821010400000000140400000001150400000002160400000000170200002A02000030014D310117827E
2026-03-25 11:58:53 - msg_id_0200 ==> 7E02000042660000000002DEAE00000000000C000300C64766049FAC98038400000000260325115852010400000000140400000001150400000002160400000000170200002A02000030014D310115FE7E
2026-03-25 11:59:24 - msg_id_0200 ==> 7E02000042660000000002DEB900000000000C000300C64767049FAC98038400000000260325115923010400000000140400000001150400000002160400000000170200002A02000030014D310114997E
2026-03-25 11:59:55 - msg_id_0200 ==> 7E02000042660000000002DEC400000000000C000300C64767049FAC98038400000000260325115954010400000000140400000001150400000002160400000000170200002A02000030014D310117907E
2026-03-25 12:00:26 - msg_id_0200 ==> 7E02000042660000000002DECF00000000000C000300C64765049FAC98038400000000260325120025010400000000140400000001150400000002160400000000170200002A02000030014D310116B37E
2026-03-25 12:00:57 - msg_id_0200 ==> 7E02000042660000000002DEDA00000000000C000300C64766049FAC98038400000000260325120056010400000000140400000001150400000002160400000000170200002A02000030014D310114D47E
2026-03-25 12:01:28 - msg_id_0200 ==> 7E02000042660000000002DEE500000000000C000300C64766049FAC98038400000000260325120127010400000000140400000001150400000002160400000000170200002A02000030014D3101139C7E
2026-03-25 12:01:59 - msg_id_0200 ==> 7E02000042660000000002DEF000000000000C000300C6476B049FAC90038400000000260325120158010400000000140400000001150400000002160400000000170200002A02000030014A310112F57E
2026-03-25 12:02:30 - msg_id_0200 ==> 7E02000042660000000002DEFB00000000000C000300C6476F049FAC90038400000000260325120229010400000000140400000001150400000002160400000000170200002A020000300143310112817E
2026-03-25 12:03:01 - msg_id_0200 ==> 7E02000042660000000002DF0600000000000C000300C6477D02049FAC90038400000000260325120300010400000000140400000001150400000002160400000000170200002A020000300143310115437E
2026-03-25 12:03:32 - msg_id_0200 ==> 7E02000042660000000002DF1100000000000C000300C64782049FAC90038400000000260325120331010400000000140400000001150400000002160400000000170200002A0200003001433101129E7E
2026-03-25 12:04:03 - msg_id_0200 ==> 7E02000042660000000002DF1C00000000000C000300C64784049FAC90038400000000260325120402010400000000140400000001150400000002160400000000170200002A020000300143310112A17E
2026-03-25 12:04:34 - msg_id_0200 ==> 7E02000042660000000002DF2700000000000C000300C64784049FAC98038400000000260325120433010400000000140400000001150400000002160400000000170200002A020000300143310111A07E
2026-03-25 12:05:05 - msg_id_0200 ==> 7E02000042660000000002DF3200000000000C000300C64784049FAC98038400000000260325120504010400000000140400000001150400000002160400000000170200002A020000300143310112807E
2026-03-25 12:05:36 - msg_id_0200 ==> 7E02000042660000000002DF3D00000000000C000300C64784049FAC98038500000000260325120535010400000000140400000001150400000002160400000000170200002A020000300143310110BD7E
2026-03-25 12:06:07 - msg_id_0200 ==> 7E02000042660000000002DF4800000000000C000300C64783049FAC90038400000000260325120606010400000000140400000001150400000002160400000000170200002A020000300143310112F47E
2026-03-25 12:06:38 - msg_id_0200 ==> 7E02000042660000000002DF5300000000000C000300C6477D01049FAC88038400000000260325120637010400000000140400000001150400000002160400000000170200002A0200003001433101143E7E
2026-03-25 12:07:09 - msg_id_0200 ==> 7E02000042660000000002DF5E00000000000C000300C64775049FAC80038400000000260325120708010400000000140400000001150400000002160400000000170200002A0200003001433101120B7E
2026-03-25 12:07:40 - msg_id_0200 ==> 7E02000042660000000002DF6900000000000C000300C64775049FAC80038400000000260325120739010400000000140400000001150400000002160400000000170200002A020000300143310116097E
2026-03-25 12:08:11 - msg_id_0200 ==> 7E02000042660000000002DF7400000000000C000300C64776049FAC80038400000000260325120810010400000000140400000001150400000002160400000000170200002A020000300143310116317E
2026-03-25 12:08:41 - msg_id_0200 ==> 7E02000042660000000002DF7F00000100000C000300C64777049FAC80038400000000260325120840010400000000140400000001150400000002160400000000170200002A0200003001433101126E7E
2026-03-25 12:08:46 - msg_id_0200 ==> 7E02000042660000000002DF8200000000000C000300C64777049FAC80038400000000260325120845010400000000140400000001150400000002160400000000170200002A020000300143310111947E
2026-03-25 12:09:17 - msg_id_0200 ==> 7E02000042660000000002DF8D00000000000C000300C6477A049FAC80038400000000260325120916010400000000140400000001150400000002160400000000170200002A020000300143310112C77E
2026-03-25 12:09:48 - msg_id_0200 ==> 7E02000042660000000002DF9800000000000C000300C6477D01049FAC78038400000000260325120947010400000000140400000001150400000002160400000000170200002A0200003001433101117F7E
2026-03-25 12:10:19 - msg_id_0200 ==> 7E02000042660000000002DFA300000000000C000300C6477F049FAC80038400000000260325121018010400000000140400000001150400000002160400000000170200002A020000300143310110F97E
2026-03-25 12:10:50 - msg_id_0200 ==> 7E02000042660000000002DFAE00000000000C000300C64781049FAC80038400000000260325121049010400000000140400000001150400000002160400000000170200002A020000300143310112597E
2026-03-25 12:11:21 - msg_id_0200 ==> 7E02000042660000000002DFB900000000000C000300C64781049FAC80038400000000260325121120010400000000140400000001150400000002160400000000170200002A020000300143310111257E
2026-03-25 12:11:52 - msg_id_0200 ==> 7E02000042660000000002DFC400000000000C000300C64785049FAC80038400000000260325121151010400000000140400000001150400000002160400000000170200002A0200003001433101132F7E
2026-03-25 12:12:23 - msg_id_0200 ==> 7E02000042660000000002DFCF00000000000C000300C64787049FAC80038400000000260325121222010400000000140400000001150400000002160400000000170200002A020000300143310111547E
2026-03-25 12:12:54 - msg_id_0200 ==> 7E02000042660000000002DFDA00000000000C000300C6478A049FAC80038400000000260325121253010400000000140400000001150400000002160400000000170200002A0200003001433101133F7E
2026-03-25 12:13:25 - msg_id_0200 ==> 7E02000042660000000002DFE500000000000C000300C64787049FAC80038400000000260325121324010400000000140400000001150400000002160400000000170200002A0200003001433101137B7E
2026-03-25 12:13:56 - msg_id_0200 ==> 7E02000042660000000002DFF000000000000C000300C64788049FAC80038400000000260325121355010400000000140400000001150400000002160400000000170200002A020000300143310113107E
2026-03-25 12:14:27 - msg_id_0200 ==> 7E02000042660000000002DFFB00000000000C000300C64787049FAC78038400000000260325121426010400000000140400000001150400000002160400000000170200002A020000300143310113987E
2026-03-25 12:14:58 - msg_id_0200 ==> 7E02000042660000000002E00600000000000C000300C64786049FAC78038400000000260325121457010400000000140400000001150400000002160400000000170200002A0200003001433101142D7E
2026-03-25 12:15:29 - msg_id_0200 ==> 7E02000042660000000002E01100000000000C000300C64788049FAC78038400000000260325121528010400000000140400000001150400000002160400000000170200002A0200003001433101134D7E
2026-03-25 12:16:00 - msg_id_0200 ==> 7E02000042660000000002E01C00000000000C000300C64786049FAC80038500000000260325121559010400000000140400000001150400000002160400000000170200002A020000300143310113C67E
2026-03-25 12:16:31 - msg_id_0200 ==> 7E02000042660000000002E02700000000000C000300C64785049FAC80038500000000260325121630010400000000140400000001150400000002160400000000170200002A020000300143310112957E
2026-03-25 12:17:02 - msg_id_0200 ==> 7E02000042660000000002E03200000000000C000300C64782049FAC80038500000000260325121701010400000000140400000001150400000002160400000000170200002A020000300143310114B17E
2026-03-25 12:17:33 - msg_id_0200 ==> 7E02000042660000000002E03D00000000000C000300C64782049FAC88038500000000260325121732010400000000140400000001150400000002160400000000170200002A020000300143310111807E
2026-03-25 12:18:04 - msg_id_0200 ==> 7E02000042660000000002E04800000000000C000300C64782049FAC88038500000000260325121803010400000000140400000001150400000002160400000000170200002A020000300143310115CF7E
2026-03-25 12:18:35 - msg_id_0200 ==> 7E02000042660000000002E05300000000000C000300C64782049FAC88038500000000260325121834010400000000140400000001150400000002160400000000170200002A02000030013A3101149B7E
2026-03-25 12:19:06 - msg_id_0200 ==> 7E02000042660000000002E05E00000000000C000300C64781049FAC88038500000000260325121905010400000000140400000001150400000002160400000000170200002A02000030013A310115A47E
2026-03-25 12:19:37 - msg_id_0200 ==> 7E02000042660000000002E06900000000000C000300C64781049FAC88038500000000260325121936010400000000140400000001150400000002160400000000170200002A02000030013A310114A17E
2026-03-25 12:20:08 - msg_id_0200 ==> 7E02000042660000000002E07400000000000C000300C6477F049FAC88038500000000260325122007010400000000140400000001150400000002160400000000170200002A02000030013A3101144A7E
2026-03-25 12:20:39 - msg_id_0200 ==> 7E02000042660000000002E07F00000100000C000300C6477F049FAC88038500000000260325122038010400000000140400000001150400000002160400000000170200002A020000300133310113717E
2026-03-25 12:20:44 - msg_id_0200 ==> 7E02000042660000000002E08200000000000C000300C6477F049FAC88038500000000260325122043010400000000140400000001150400000002160400000000170200002A020000300133310113F67E
2026-03-25 12:21:15 - msg_id_0200 ==> 7E02000042660000000002E08D00000000000C000300C6477F049FAC88038500000000260325122114010400000000140400000001150400000002160400000000170200002A02000030013A310111A47E
2026-03-25 12:21:46 - msg_id_0200 ==> 7E02000042660000000002E09800000000000C000300C6477D02049FAC88038500000000260325122145010400000000140400000001150400000002160400000000170200002A02000030013A310110E07E
2026-03-25 12:22:17 - msg_id_0200 ==> 7E02000042660000000002E0A300000000000C000300C6477D02049FAC88038500000000260325122216010400000000140400000001150400000002160400000000170200002A02000030013A3101108B7E
2026-03-25 12:22:48 - msg_id_0200 ==> 7E02000042660000000002E0AE00000000000C000300C6477F049FAC90038500000000260325122247010400000000140400000001150400000002160400000000170200002A02000030013A310113CD7E
2026-03-25 12:23:19 - msg_id_0200 ==> 7E02000042660000000002E0B900000000000C000300C6477F049FAC90038500000000260325122318010400000000140400000001150400000002160400000000170200002A02000030013A310115827E
2026-03-25 12:23:50 - msg_id_0200 ==> 7E02000042660000000002E0C400000000000C000300C6477F049FAC90038500000000260325122349010400000000140400000001150400000002160400000000170200002A02000030013A310112A97E
2026-03-25 12:24:21 - msg_id_0200 ==> 7E02000042660000000002E0CF00000000000C000300C6477F049FAC98038500000000260325122420010400000000140400000001150400000002160400000000170200002A020000300136310113C97E
2026-03-25 12:24:52 - msg_id_0200 ==> 7E02000042660000000002E0DA00000000000C000300C6477F049FAC98038500000000260325122451010400000000140400000001150400000002160400000000170200002A020000300136310113AD7E
2026-03-25 12:25:23 - msg_id_0200 ==> 7E02000042660000000002E0E500000000000C000300C6477B049FAC98038500000000260325122522010400000000140400000001150400000002160400000000170200002A020000300136310112E57E
2026-03-25 12:25:54 - msg_id_0200 ==> 7E02000042660000000002E0F000000000000C000300C6477C049FACA0038400000000260325122553010400000000140400000001150400000002160400000000170200002A020000300136310111BC7E
2026-03-25 12:26:25 - msg_id_0200 ==> 7E02000042660000000002E0FB00000000000C000300C6477C049FACA0038500000000260325122624010400000000140400000001150400000002160400000000170200002A020000300136310112C17E
2026-03-25 12:26:56 - msg_id_0200 ==> 7E02000042660000000002E10600000000000C000300C6477D01049FACA0038500000000260325122655010400000000140400000001150400000002160400000000170200002A02000030013A310113407E
2026-03-25 12:27:27 - msg_id_0200 ==> 7E02000042660000000002E11100000000000C000300C6477F049FACA0038500000000260325122726010400000000140400000001150400000002160400000000170200002A02000030014D310114577E
2026-03-25 12:27:58 - msg_id_0200 ==> 7E02000042660000000002E11C00000000000C000300C64780049FACA0038400000000260325122757010400000000140400000001150400000002160400000000170200002A02000030014D310113D27E
2026-03-25 12:28:29 - msg_id_0200 ==> 7E02000042660000000002E12700000000000C000300C64780049FACA0038400000000260325122828010400000000140400000001150400000002160400000000170200002A02000030014D310113997E
2026-03-25 12:29:00 - msg_id_0200 ==> 7E02000042660000000002E13200000000000C000300C6477F049FACA0038400000000260325122859010400000000140400000001150400000002160400000000170200002A02000030014D310113027E
2026-03-25 12:29:31 - msg_id_0200 ==> 7E02000042660000000002E13D00000000000C000300C64780049FACA0038400000000260325122930010400000000140400000001150400000002160400000000170200002A02000030014D3101149D7E
2026-03-25 12:30:02 - msg_id_0200 ==> 7E02000042660000000002E14800000000000C000300C6477F049FACA8038400000000260325123001010400000000140400000001150400000002160400000000170200002A02000030014D310114377E
2026-03-25 12:30:33 - msg_id_0200 ==> 7E02000042660000000002E15300000000000C000300C6477F049FACA8038400000000260325123032010400000000140400000001150400000002160400000000170200002A02000030014D3101141F7E
2026-03-25 12:31:04 - msg_id_0200 ==> 7E02000042660000000002E15E00000000000C000300C6477F049FACA8038400000000260325123103010400000000140400000001150400000002160400000000170200002A02000030014D310114227E
2026-03-25 12:31:35 - msg_id_0200 ==> 7E02000042660000000002E16900000000000C000300C6477F049FACA0038400000000260325123134010400000000140400000001150400000002160400000000170200002A02000030014D3101142A7E
2026-03-25 12:32:06 - msg_id_0200 ==> 7E02000042660000000002E17400000000000C000300C6477D01049FACA8038400000000260325123205010400000000140400000001150400000002160400000000170200002A02000030014D3101150E7E
2026-03-25 12:32:36 - msg_id_0200 ==> 7E02000042660000000002E17F00000100000C000300C6477A049FACA8038500000000260325123235010400000000140400000001150400000002160400000000170200002A02000030014D310114337E
2026-03-25 12:32:41 - msg_id_0200 ==> 7E02000042660000000002E18200000000000C000300C6477A049FACA8038500000000260325123240010400000000140400000001150400000002160400000000170200002A02000030014D310114BA7E
2026-03-25 12:33:12 - msg_id_0200 ==> 7E02000042660000000002E18D00000000000C000300C64779049FACA8038500000000260325123311010400000000140400000001150400000002160400000000170200002A02000030014D310112E07E
2026-03-25 12:33:43 - msg_id_0200 ==> 7E02000042660000000002E19800000000000C000300C64779049FACA8038500000000260325123342010400000000140400000001150400000002160400000000170200002A02000030014D310114A07E
2026-03-25 12:34:14 - msg_id_0200 ==> 7E02000042660000000002E1A300000000000C000300C64779049FACA8038500000000260325123413010400000000140400000001150400000002160400000000170200002A02000030014D310114CD7E
2026-03-25 12:34:45 - msg_id_0200 ==> 7E02000042660000000002E1AE00000000000C000300C6477A049FACA8038500000000260325123444010400000000140400000001150400000002160400000000170200002A02000030014A310114937E
2026-03-25 12:35:16 - msg_id_0200 ==> 7E02000042660000000002E1B900000000000C000300C64776049FACA0038500000000260325123515010400000000140400000001150400000002160400000000170200002A02000030014D310114D77E
2026-03-25 12:35:47 - msg_id_0200 ==> 7E02000042660000000002E1C400000000000C000300C64775049FACA0038500000000260325123546010400000000140400000001150400000002160400000000170200002A02000030014D310114FA7E
2026-03-25 12:36:18 - msg_id_0200 ==> 7E02000042660000000002E1CF00000000000C000300C64776049FACA0038500000000260325123617010400000000140400000001150400000002160400000000170200002A02000030014D310115A17E
2026-03-25 12:36:49 - msg_id_0200 ==> 7E02000042660000000002E1DA00000000000C000300C64776049FACA0038500000000260325123648010400000000140400000001150400000002160400000000170200002A02000030014D310113ED7E
2026-03-25 12:37:20 - msg_id_0200 ==> 7E02000042660000000002E1E500000000000C000300C64775049FACA8038500000000260325123719010400000000140400000001150400000002160400000000170200002A02000030014D310113897E
2026-03-25 12:37:51 - msg_id_0200 ==> 7E02000042660000000002E1F000000000000C000300C64774049FACA8038500000000260325123750010400000000140400000001150400000002160400000000170200002A02000030014D310111D67E
2026-03-25 12:38:22 - msg_id_0200 ==> 7E02000042660000000002E1FB00000000000C000300C64773049FACA0038500000000260325123821010400000000140400000001150400000002160400000000170200002A02000030014D310114A97E
2026-03-25 12:38:53 - msg_id_0200 ==> 7E02000042660000000002E20600000000000C000300C64773049FACA0038500000000260325123852010400000000140400000001150400000002160400000000170200002A02000030014D310114247E
2026-03-25 12:39:24 - msg_id_0200 ==> 7E02000042660000000002E21100000000000C000300C64770049FACA0038500000000260325123923010400000000140400000001150400000002160400000000170200002A02000030014D310115417E
2026-03-25 12:39:55 - msg_id_0200 ==> 7E02000042660000000002E21C00000000000C000300C64771049FACA0038500000000260325123954010400000000140400000001150400000002160400000000170200002A02000030014D3101153A7E
2026-03-25 12:40:26 - msg_id_0200 ==> 7E02000042660000000002E22700000000000C000300C64772049FACA0038500000000260325124025010400000000140400000001150400000002160400000000170200002A02000030014D310116097E
2026-03-25 12:40:57 - msg_id_0200 ==> 7E02000042660000000002E23200000000000C000300C64774049FACA0038500000000260325124056010400000000140400000001150400000002160400000000170200002A02000030013A3101141C7E
2026-03-25 12:41:28 - msg_id_0200 ==> 7E02000042660000000002E23D00000000000C000300C64775049FACA0038500000000260325124127010400000000140400000001150400000002160400000000170200002A0200003001363101146E7E
2026-03-25 12:41:59 - msg_id_0200 ==> 7E02000042660000000002E24800000000000C000300C64775049FACA0038500000000260325124158010400000000140400000001150400000002160400000000170200002A020000300136310115657E
2026-03-25 12:42:30 - msg_id_0200 ==> 7E02000042660000000002E25300000000000C000300C64775049FACA0038500000000260325124229010400000000140400000001150400000002160400000000170200002A0200003001363101150C7E
2026-03-25 12:43:01 - msg_id_0200 ==> 7E02000042660000000002E25E00000000000C000300C64773049FAC98038500000000260325124300010400000000140400000001150400000002160400000000170200002A02000030013A3101141A7E
2026-03-25 12:43:32 - msg_id_0200 ==> 7E02000042660000000002E26900000000000C000300C64770049FAC90038500000000260325124331010400000000140400000001150400000002160400000000170200002A02000030013A310116157E
2026-03-25 12:44:03 - msg_id_0200 ==> 7E02000042660000000002E27400000000000C000300C6476D049FAC90038600000000260325124402010400000000140400000001150400000002160400000000170200002A0200003001363101142C7E
2026-03-25 12:44:34 - msg_id_0200 ==> 7E02000042660000000002E27F00000100000C000300C6476D049FAC88038600000000260325124433010400000000140400000001150400000002160400000000170200002A0200003001363101150E7E
2026-03-25 12:44:39 - msg_id_0200 ==> 7E02000042660000000002E28200000000000C000300C6476D049FAC88038600000000260325124438010400000000140400000001150400000002160400000000170200002A020000300136310115F97E
2026-03-25 12:45:10 - msg_id_0200 ==> 7E02000042660000000002E28D00000000000C000300C6476E049FAC88038600000000260325124509010400000000140400000001150400000002160400000000170200002A02000030013A310116CA7E
2026-03-25 12:45:41 - msg_id_0200 ==> 7E02000042660000000002E29800000000000C000300C6476C049FAC80038600000000260325124540010400000000140400000001150400000002160400000000170200002A02000030013A3101159F7E
2026-03-25 12:46:12 - msg_id_0200 ==> 7E02000042660000000002E2A300000000000C000300C6476C049FAC80038600000000260325124611010400000000140400000001150400000002160400000000170200002A02000030013A310117F47E
2026-03-25 12:46:43 - msg_id_0200 ==> 7E02000042660000000002E2AE00000000000C000300C6476A049FAC80038600000000260325124642010400000000140400000001150400000002160400000000170200002A020000300136310115A27E
2026-03-25 12:47:14 - msg_id_0200 ==> 7E02000042660000000002E2B900000000000C000300C64769049FAC80038600000000260325124713010400000000140400000001150400000002160400000000170200002A020000300136310117E47E
2026-03-25 12:47:45 - msg_id_0200 ==> 7E02000042660000000002E2C400000000000C000300C64769049FAC80038600000000260325124744010400000000140400000001150400000002160400000000170200002A020000300136310113CA7E
2026-03-25 12:48:16 - msg_id_0200 ==> 7E02000042660000000002E2CF00000000000C000300C64769049FAC80038600000000260325124815010400000000140400000001150400000002160400000000170200002A0200003001363101139F7E
2026-03-25 12:48:47 - msg_id_0200 ==> 7E02000042660000000002E2DA00000000000C000300C64768049FAC80038600000000260325124846010400000000140400000001150400000002160400000000170200002A020000300136310114DF7E
2026-03-25 12:49:18 - msg_id_0200 ==> 7E02000042660000000002E2E500000000000C000300C64767049FAC80038600000000260325124917010400000000140400000001150400000002160400000000170200002A020000300136310115BE7E
2026-03-25 12:49:49 - msg_id_0200 ==> 7E02000042660000000002E2F000000000000C000300C64767049FAC80038600000000260325124948010400000000140400000001150400000002160400000000170200002A020000300136310115F47E
2026-03-25 12:50:20 - msg_id_0200 ==> 7E02000042660000000002E2FB00000000000C000300C64763049FAC80038600000000260325125019010400000000140400000001150400000002160400000000170200002A020000300136310114B27E
2026-03-25 12:50:51 - msg_id_0200 ==> 7E02000042660000000002E30600000000000C000300C64762049FAC80038600000000260325125050010400000000140400000001150400000002160400000000170200002A020000300136310113017E
2026-03-25 12:51:22 - msg_id_0200 ==> 7E02000042660000000002E31100000000000C000300C64764049FAC80038600000000260325125121010400000000140400000001150400000002160400000000170200002A02000030013A3101146B7E
2026-03-25 12:51:53 - msg_id_0200 ==> 7E02000042660000000002E31C00000000000C000300C64765049FAC80038600000000260325125152010400000000140400000001150400000002160400000000170200002A02000030013A310115157E
2026-03-25 12:52:24 - msg_id_0200 ==> 7E02000042660000000002E32700000000000C000300C64762049FAC80038600000000260325125223010400000000140400000001150400000002160400000000170200002A02000030013A3101135D7E
2026-03-25 12:52:55 - msg_id_0200 ==> 7E02000042660000000002E33200000000000C000300C64763049FAC80038600000000260325125254010400000000140400000001150400000002160400000000170200002A02000030013A3101133E7E
2026-03-25 12:53:26 - msg_id_0200 ==> 7E02000042660000000002E33D00000000000C000300C64766049FAC80038600000000260325125325010400000000140400000001150400000002160400000000170200002A02000030014A310114337E
2026-03-25 12:53:57 - msg_id_0200 ==> 7E02000042660000000002E34800000000000C000300C64766049FAC80038700000000260325125356010400000000140400000001150400000002160400000000170200002A02000030014A310113337E
2026-03-25 12:54:28 - msg_id_0200 ==> 7E02000042660000000002E35300000000000C000300C64769049FAC80038700000000260325125427010400000000140400000001150400000002160400000000170200002A02000030014A310111537E
2026-03-25 12:54:58 - msg_id_0200 ==> 7E02000042660000000002E35E00000000000C000300C6476A049FAC80038700000000260325125458010400000000140400000001150400000002160400000000170200002A02000030014A310115267E
2026-03-25 12:55:30 - msg_id_0200 ==> 7E02000042660000000002E36900000000000C000300C64769049FAC80038700000000260325125529010400000000140400000001150400000002160400000000170200002A02000030014A310113647E
2026-03-25 12:56:01 - msg_id_0200 ==> 7E02000042660000000002E37400000000000C000300C64765049FAC80038700000000260325125600010400000000140400000001150400000002160400000000170200002A02000030014A310115597E
2026-03-25 12:56:32 - msg_id_0200 ==> 7E02000042660000000002E37F00000100000C000300C6475C049FAC88038700000000260325125630010400000000140400000001150400000002160400000000170200002A02000030014D310115557E
2026-03-25 12:56:37 - msg_id_0200 ==> 7E02000042660000000002E38200000000000C000300C64757049FAC88038700000000260325125636010400000000140400000001150400000002160400000000170200002A02000030014D310116A77E
2026-03-25 12:57:08 - msg_id_0200 ==> 7E02000042660000000002E38D00000000000C000300C64758049FAC90038700000000260325125707010400000000140400000001150400000002160400000000170200002A02000030014D3101168F7E
2026-03-25 12:57:39 - msg_id_0200 ==> 7E02000042660000000002E39800000000000C000300C6475C049FAC98038800000000260325125738010400000000140400000001150400000002160400000000170200002A02000030014D310116A67E
2026-03-25 12:58:10 - msg_id_0200 ==> 7E02000042660000000002E3A300000000000C000300C6475D049FAC90038800000000260325125809010400000000140400000001150400000002160400000000170200002A02000030014D310117AB7E
2026-03-25 12:58:41 - msg_id_0200 ==> 7E02000042660000000002E3AE00000000000C000300C6475D049FAC90038800000000260325125840010400000000140400000001150400000002160400000000170200002A02000030014D310117EF7E
2026-03-25 12:59:12 - msg_id_0200 ==> 7E02000042660000000002E3B900000000000C000300C64760049FAC98038800000000260325125911010400000000140400000001150400000002160400000000170200002A02000030014D3101179D7E
2026-03-25 12:59:43 - msg_id_0200 ==> 7E02000042660000000002E3C400000000000C000300C64764049FAC98038800000000260325125942010400000000140400000001150400000002160400000000170200002A02000030014D310117B77E
2026-03-25 13:00:14 - msg_id_0200 ==> 7E02000042660000000002E3CF00000000000C000300C64762049FAC90038800000000260325130013010400000000140400000001150400000002160400000000170200002A02000030014D310115B97E
2026-03-25 13:00:45 - msg_id_0200 ==> 7E02000042660000000002E3DA00000000000C000300C64763049FAC90038800000000260325130044010400000000140400000001150400000002160400000000170200002A02000030014D310116F97E
2026-03-25 13:01:16 - msg_id_0200 ==> 7E02000042660000000002E3E500000000000C000300C64764049FAC90038800000000260325130115010400000000140400000001150400000002160400000000170200002A02000030014D310116917E
2026-03-25 13:01:47 - msg_id_0200 ==> 7E02000042660000000002E3F000000000000C000300C64768049FAC90038800000000260325130146010400000000140400000001150400000002160400000000170200002A02000030014D310116DB7E
2026-03-25 13:02:18 - msg_id_0200 ==> 7E02000042660000000002E3FB00000000000C000300C6476F049FAC80038900000000260325130217010400000000140400000001150400000002160400000000170200002A02000030014D310115977E
2026-03-25 13:02:49 - msg_id_0200 ==> 7E02000042660000000002E40600000000000C000300C6476B049FAC88038900000000260325130248010400000000140400000001150400000002160400000000170200002A02000030014D3101143F7E
2026-03-25 13:03:20 - msg_id_0200 ==> 7E02000042660000000002E41100000000000C000300C6476A049FAC78038900000000260325130319010400000000140400000001150400000002160400000000170200002A02000030014D3101138E7E
2026-03-25 13:03:51 - msg_id_0200 ==> 7E02000042660000000002E41C00000000000C000300C64766049FAC78038900000000260325130350010400000000140400000001150400000002160400000000170200002A02000030014A310113C17E
2026-03-25 13:04:22 - msg_id_0200 ==> 7E02000042660000000002E42700000000000C000300C64764049FAC80038900000000260325130421010400000000140400000001150400000002160400000000170200002A02000030014D310112707E
2026-03-25 13:04:53 - msg_id_0200 ==> 7E02000042660000000002E43200000000000C000300C64767049FAC80038800000000260325130452010400000000140400000001150400000002160400000000170200002A02000030014D310113157E
2026-03-25 13:05:24 - msg_id_0200 ==> 7E02000042660000000002E43D00000000000C000300C6476B049FAC80038800000000260325130523010400000000140400000001150400000002160400000000170200002A0200003001503101127A7E
2026-03-25 13:05:55 - msg_id_0200 ==> 7E02000042660000000002E44800000000000C000300C6476E049FAC78038800000000260325130554010400000000140400000001150400000002160400000000170200002A02000030014D3101149E7E
2026-03-25 13:06:26 - msg_id_0200 ==> 7E02000042660000000002E45300000000000C000300C6476F049FAC78038800000000260325130625010400000000140400000001150400000002160400000000170200002A02000030014D310114F67E
2026-03-25 13:06:57 - msg_id_0200 ==> 7E02000042660000000002E45E00000000000C000300C6475E049FAC88038800000000260325130656010400000000140400000001150400000002160400000000170200002A020000300150310113537E
2026-03-25 13:07:28 - msg_id_0200 ==> 7E02000042660000000002E46900000000000C000300C64753049FAC98038800000000260325130727010400000000140400000001150400000002160400000000170200002A02000030014A310111117E
2026-03-25 13:07:59 - msg_id_0200 ==> 7E02000042660000000002E47400000000000C000300C64753049FAC90038800000000260325130758010400000000140400000001150400000002160400000000170200002A02000030014D3101117C7E
2026-03-25 13:08:29 - msg_id_0200 ==> 7E02000042660000000002E47F00000100000C000300C64756049FAC80038900000000260325130828010400000000140400000001150400000002160400000000170200002A02000030014D310115197E
2026-03-25 13:08:34 - msg_id_0200 ==> 7E02000042660000000002E48200000000000C000300C64756049FAC80038900000000260325130833010400000000140400000001150400000002160400000000170200002A02000030014D310115FE7E
2026-03-25 13:09:05 - msg_id_0200 ==> 7E02000042660000000002E48D00000000000C000300C6475F049FAC78038900000000260325130904010400000000140400000001150400000002160400000000170200002A02000030014D310117347E
2026-03-25 13:09:36 - msg_id_0200 ==> 7E02000042660000000002E49800000000000C000300C64763049FAC78038900000000260325130935010400000000140400000001150400000002160400000000170200002A020000300143310115207E
2026-03-25 13:10:07 - msg_id_0200 ==> 7E02000042660000000002E4A300000000000C000300C64766049FAC70038900000000260325131006010400000000140400000001150400000002160400000000170200002A02000030013D310117407E
2026-03-25 13:10:38 - msg_id_0200 ==> 7E02000042660000000002E4AE00000000000C000300C64765049FAC70038A00000000260325131037010400000000140400000001150400000002160400000000170200002A02000030013D3101147F7E
2026-03-25 13:11:09 - msg_id_0200 ==> 7E02000042660000000002E4B900000000000C000300C64767049FAC70038A00000000260325131108010400000000140400000001150400000002160400000000170200002A02000030013D310112527E
2026-03-25 13:11:40 - msg_id_0200 ==> 7E02000042660000000002E4C400000000000C000300C64768049FAC70038B00000000260325131139010400000000140400000001150400000002160400000000170200002A02000030013D310113117E
2026-03-25 13:12:11 - msg_id_0200 ==> 7E02000042660000000002E4CF00000000000C000300C64768049FAC70038B00000000260325131210010400000000140400000001150400000002160400000000170200002A02000030013D310116357E
2026-03-25 13:12:42 - msg_id_0200 ==> 7E02000042660000000002E4DA00000000000C000300C64767049FAC70038B00000000260325131241010400000000140400000001150400000002160400000000170200002A02000030013D3101147C7E
2026-03-25 13:13:13 - msg_id_0200 ==> 7E02000042660000000002E4E500000000000C000300C64766049FAC70038B00000000260325131312010400000000140400000001150400000002160400000000170200002A0200003001403101146D7E
2026-03-25 13:13:44 - msg_id_0200 ==> 7E02000042660000000002E4F000000000000C000300C64767049FAC78038C00000000260325131343010400000000140400000001150400000002160400000000170200002A020000300140310115267E
2026-03-25 13:14:15 - msg_id_0200 ==> 7E02000042660000000002E4FB00000000000C000300C64768049FAC78038C00000000260325131414010400000000140400000001150400000002160400000000170200002A020000300140310114737E
2026-03-25 13:14:46 - msg_id_0200 ==> 7E02000042660000000002E50600000000000C000300C64762049FAC78038C00000000260325131445010400000000140400000001150400000002160400000000170200002A02000030013D310115A87E
2026-03-25 13:15:17 - msg_id_0200 ==> 7E02000042660000000002E51100000000000C000300C64763049FAC78038C00000000260325131516010400000000140400000001150400000002160400000000170200002A020000300140310115917E
2026-03-25 13:15:48 - msg_id_0200 ==> 7E02000042660000000002E51C00000000000C000300C64764049FAC78038C00000000260325131547010400000000140400000001150400000002160400000000170200002A020000300140310116C97E
2026-03-25 13:16:19 - msg_id_0200 ==> 7E02000042660000000002E52700000000000C000300C64765049FAC78038C00000000260325131618010400000000140400000001150400000002160400000000170200002A020000300140310116AF7E
2026-03-25 13:16:50 - msg_id_0200 ==> 7E02000042660000000002E53200000000000C000300C64766049FAC78038B00000000260325131649010400000000140400000001150400000002160400000000170200002A020000300140310114ED7E
2026-03-25 13:17:21 - msg_id_0200 ==> 7E02000042660000000002E53D00000000000C000300C64765049FAC78038B00000000260325131720010400000000140400000001150400000002160400000000170200002A020000300140310115887E
2026-03-25 13:17:52 - msg_id_0200 ==> 7E02000042660000000002E54800000000000C000300C64765049FAC78038B00000000260325131751010400000000140400000001150400000002160400000000170200002A02000030013D310115F17E
2026-03-25 13:18:23 - msg_id_0200 ==> 7E02000042660000000002E55300000000000C000300C64764049FAC78038B00010000260325131822010400000000140400000001150400000002160400000000170200002A020000300140310116E87E
2026-03-25 13:18:54 - msg_id_0200 ==> 7E02000042660000000002E55E00000000000C000300C6475B049FAC78038B00000000260325131853010400000000140400000001150400000002160400000000170200002A020000300140310115A97E
2026-03-25 13:19:25 - msg_id_0200 ==> 7E02000042660000000002E56900000000000C000300C6475A049FAC70038B00000000260325131924010400000000140400000001150400000002160400000000170200002A020000300140310115E17E
2026-03-25 13:19:56 - msg_id_0200 ==> 7E02000042660000000002E57400000000000C000300C6475E049FAC70038B00000000260325131955010400000000140400000001150400000002160400000000170200002A020000300140310115897E
2026-03-25 13:20:27 - msg_id_0200 ==> 7E02000042660000000002E57F00000100000C000300C64761049FAC68038B00000000260325132026010400000000140400000001150400000002160400000000170200002A020000300140310118E37E
2026-03-25 13:20:32 - msg_id_0200 ==> 7E02000042660000000002E58200000000000C000300C64762049FAC68038B00000000260325132031010400000000140400000001150400000002160400000000170200002A0200003001403101180B7E
2026-03-25 13:21:03 - msg_id_0200 ==> 7E02000042660000000002E58D00000000000C000300C64765049FAC60038C00000000260325132102010400000000140400000001150400000002160400000000170200002A020000300140310117317E
2026-03-25 13:21:34 - msg_id_0200 ==> 7E02000042660000000002E59800000000000C000300C64764049FAC68038B00000000260325132133010400000000140400000001150400000002160400000000170200002A0200003001403101161A7E
2026-03-25 13:22:05 - msg_id_0200 ==> 7E02000042660000000002E5A300000000000C000300C64762049FAC68038B00000000260325132204010400000000140400000001150400000002160400000000170200002A020000300140310116137E
2026-03-25 13:22:36 - msg_id_0200 ==> 7E02000042660000000002E5AE00000000000C000300C6475F049FAC68038B00000000260325132235010400000000140400000001150400000002160400000000170200002A020000300140310117137E
2026-03-25 13:23:07 - msg_id_0200 ==> 7E02000042660000000002E5B900000000000C000300C6475A049FAC60038B00000000260325132306010400000000140400000001150400000002160400000000170200002A020000300140310115397E
2026-03-25 13:23:38 - msg_id_0200 ==> 7E02000042660000000002E5C400000000000C000300C6475C049FAC58038B00040000260325132337010400000000140400000001150400000002160400000000170200002A0200003001403101144E7E
2026-03-25 13:24:09 - msg_id_0200 ==> 7E02000042660000000002E5CF00000000000C000300C64756049FAC58038B00000000260325132408010400000000140400000001150400000002160400000000170200002A020000300140310115727E
2026-03-25 13:24:40 - msg_id_0200 ==> 7E02000042660000000002E5DA00000000000C000300C64756049FAC58038B00000000260325132439010400000000140400000001150400000002160400000000170200002A020000300140310114577E
2026-03-25 13:25:11 - msg_id_0200 ==> 7E02000042660000000002E5E500000000000C000300C64758049FAC58038B00000000260325132510010400000000140400000001150400000002160400000000170200002A0200003001403101154F7E
2026-03-25 13:25:42 - msg_id_0200 ==> 7E02000042660000000002E5F000000000000C000300C6475B049FAC58038B00000000260325132541010400000000140400000001150400000002160400000000170200002A0200003001403101170A7E
2026-03-25 13:26:13 - msg_id_0200 ==> 7E02000042660000000002E5FB00000000000C000300C6475C049FAC58038B00000000260325132612010400000000140400000001150400000002160400000000170200002A020000300140310117567E
2026-03-25 13:26:44 - msg_id_0200 ==> 7E02000042660000000002E60600000000000C000300C6475E049FAC58038B00000000260325132643010400000000140400000001150400000002160400000000170200002A020000300140310115F97E
2026-03-25 13:27:15 - msg_id_0200 ==> 7E02000042660000000002E61100000000000C000300C6475E049FAC58038B00000000260325132714010400000000140400000001150400000002160400000000170200002A020000300140310116BB7E
2026-03-25 13:27:46 - msg_id_0200 ==> 7E02000042660000000002E61C00000000000C000300C64760049FAC58038B00000000260325132745010400000000140400000001150400000002160400000000170200002A020000300140310116D97E
2026-03-25 13:28:17 - msg_id_0200 ==> 7E02000042660000000002E62700000000000C000300C64761049FAC58038B00000000260325132816010400000000140400000001150400000002160400000000170200002A02000030013D310117C37E
2026-03-25 13:28:48 - msg_id_0200 ==> 7E02000042660000000002E63200000000000C000300C64761049FAC58038B00000000260325132847010400000000140400000001150400000002160400000000170200002A02000030013D310117877E
2026-03-25 13:29:19 - msg_id_0200 ==> 7E02000042660000000002E63D00000000000C000300C6476B049FAC58038A00000000260325132918010400000000140400000001150400000002160400000000170200002A02000030013D310117DD7E
2026-03-25 13:29:50 - msg_id_0200 ==> 7E02000042660000000002E64800000000000C000300C64770049FAC58038A00000000260325132949010400000000140400000001150400000002160400000000170200002A0200003001403101169E7E
2026-03-25 13:30:21 - msg_id_0200 ==> 7E02000042660000000002E65300000000000C000300C64773049FAC58038B00000000260325133020010400000000140400000001150400000002160400000000170200002A02000030013D3101168A7E
2026-03-25 13:30:52 - msg_id_0200 ==> 7E02000042660000000002E65E00000000000C000300C64774049FAC58038A00000000260325133051010400000000140400000001150400000002160400000000170200002A0200003001403101168D7E
2026-03-25 13:31:23 - msg_id_0200 ==> 7E02000042660000000002E66900000000000C000300C64774049FAC58038A00000000260325133122010400000000140400000001150400000002160400000000170200002A020000300140310116C87E
2026-03-25 13:31:54 - msg_id_0200 ==> 7E02000042660000000002E67400000000000C000300C64775049FAC58038A00000000260325133153010400000000140400000001150400000002160400000000170200002A020000300140310117A47E
2026-03-25 13:32:24 - msg_id_0200 ==> 7E02000042660000000002E67F00000100000C000300C64776049FAC58038A00000000260325133223010400000000140400000001150400000002160400000000170200002A020000300140310117DE7E
2026-03-25 13:32:29 - msg_id_0200 ==> 7E02000042660000000002E68200000000000C000300C64776049FAC58038A00000000260325133228010400000000140400000001150400000002160400000000170200002A020000300140310117297E
2026-03-25 13:33:00 - msg_id_0200 ==> 7E02000042660000000002E68D00000000000C000300C64778049FAC58038A00000000260325133259010400000000140400000001150400000002160400000000170200002A020000300140310116587E
2026-03-25 13:33:31 - msg_id_0200 ==> 7E02000042660000000002E69800000000000C000300C64779049FAC58038A00000000260325133330010400000000140400000001150400000002160400000000170200002A020000300140310116247E
2026-03-25 13:34:02 - msg_id_0200 ==> 7E02000042660000000002E6A300000000000C000300C64779049FAC58038A00000000260325133401010400000000140400000001150400000002160400000000170200002A0200003001403101152A7E
2026-03-25 13:34:33 - msg_id_0200 ==> 7E02000042660000000002E6AE00000000000C000300C6477A049FAC58038A00000000260325133432010400000000140400000001150400000002160400000000170200002A0200003001403101181A7E
2026-03-25 13:35:04 - msg_id_0200 ==> 7E02000042660000000002E6B900000000000C000300C64778049FAC58038A00000000260325133503010400000000140400000001150400000002160400000000170200002A02000030013D3101164C7E
2026-03-25 13:35:35 - msg_id_0200 ==> 7E02000042660000000002E6C400000000000C000300C64776049FAC50038A00000000260325133534010400000000140400000001150400000002160400000000170200002A0200003001403101177C7E
2026-03-25 13:36:06 - msg_id_0200 ==> 7E02000042660000000002E6CF00000000000C000300C64775049FAC58038A00000000260325133605010400000000140400000001150400000002160400000000170200002A0200003001403101164F7E
2026-03-25 13:36:37 - msg_id_0200 ==> 7E02000042660000000002E6DA00000000000C000300C64776049FAC58038A00000000260325133636010400000000140400000001150400000002160400000000170200002A02000030013D310117167E
2026-03-25 13:37:08 - msg_id_0200 ==> 7E02000042660000000002E6E500000000000C000300C64779049FAC58038A00000000260325133707010400000000140400000001150400000002160400000000170200002A0200003001403101166A7E
2026-03-25 13:37:39 - msg_id_0200 ==> 7E02000042660000000002E6F000000000000C000300C6477B049FAC58038900000000260325133738010400000000140400000001150400000002160400000000170200002A020000300140310116417E
2026-03-25 13:38:10 - msg_id_0200 ==> 7E02000042660000000002E6FB00000000000C000300C6477C049FAC58038900000000260325133809010400000000140400000001150400000002160400000000170200002A020000300140310117727E
2026-03-25 13:38:41 - msg_id_0200 ==> 7E02000042660000000002E70600000000000C000300C6477C049FAC58038900000000260325133840010400000000140400000001150400000002160400000000170200002A020000300140310116C67E
2026-03-25 13:39:12 - msg_id_0200 ==> 7E02000042660000000002E71100000000000C000300C64776049FAC58038900000000260325133911010400000000140400000001150400000002160400000000170200002A02000030013D310114F47E
2026-03-25 13:39:43 - msg_id_0200 ==> 7E02000042660000000002E71C00000000000C000300C64773049FAC58038900000000260325133942010400000000140400000001150400000002160400000000170200002A020000300140310115D37E
2026-03-25 13:40:14 - msg_id_0200 ==> 7E02000042660000000002E72700000000000C000300C64775049FAC58038900000000260325134013010400000000140400000001150400000002160400000000170200002A02000030013D310115BB7E
2026-03-25 13:40:45 - msg_id_0200 ==> 7E02000042660000000002E73200000000000C000300C64774049FAC58038900000000260325134044010400000000140400000001150400000002160400000000170200002A020000300140310114847E
2026-03-25 13:41:16 - msg_id_0200 ==> 7E02000042660000000002E73D00000000000C000300C64775049FAC58038900000000260325134115010400000000140400000001150400000002160400000000170200002A020000300140310112DC7E
2026-03-25 13:41:47 - msg_id_0200 ==> 7E02000042660000000002E74800000000000C000300C64775049FAC58038900000000260325134146010400000000140400000001150400000002160400000000170200002A020000300140310114FC7E
2026-03-25 13:42:18 - msg_id_0200 ==> 7E02000042660000000002E75300000000000C000300C64774049FAC58038900000000260325134217010400000000140400000001150400000002160400000000170200002A020000300140310115B57E
2026-03-25 13:42:49 - msg_id_0200 ==> 7E02000042660000000002E75E00000000000C000300C64773049FAC58038900000000260325134248010400000000140400000001150400000002160400000000170200002A020000300140310113E67E
2026-03-25 13:43:20 - msg_id_0200 ==> 7E02000042660000000002E76900000000000C000300C64773049FAC58038900000000260325134319010400000000140400000001150400000002160400000000170200002A020000300140310115877E
2026-03-25 13:43:51 - msg_id_0200 ==> 7E02000042660000000002E77400000000000C000300C64774049FAC58038900000000260325134350010400000000140400000001150400000002160400000000170200002A02000030013D310114A87E
2026-03-25 13:44:22 - msg_id_0200 ==> 7E02000042660000000002E77F00000100000C000300C64775049FAC58038900000000260325134421010400000000140400000001150400000002160400000000170200002A020000300140310114A87E
2026-03-25 13:44:27 - msg_id_0200 ==> 7E02000042660000000002E78200000000000C000300C64776049FAC58038900000000260325134426010400000000140400000001150400000002160400000000170200002A020000300140310114507E
2026-03-25 13:44:57 - msg_id_0200 ==> 7E02000042660000000002E78D00000000000C000300C64775049FAC58038900000000260325134457010400000000140400000001150400000002160400000000170200002A0200003001403101132A7E
2026-03-25 13:45:29 - msg_id_0200 ==> 7E02000042660000000002E79800000000000C000300C64778049FAC58038900000000260325134528010400000000140400000001150400000002160400000000170200002A0200003001403101124D7E
2026-03-25 13:46:00 - msg_id_0200 ==> 7E02000042660000000002E7A300000000000C000300C64775049FAC60038800000000260325134559010400000000140400000001150400000002160400000000170200002A02000030013D3101134F7E
2026-03-25 13:46:31 - msg_id_0200 ==> 7E02000042660000000002E7AE00000000000C000300C64776049FAC60038900000000260325134630010400000000140400000001150400000002160400000000170200002A02000030013D3101142D7E
2026-03-25 13:47:02 - msg_id_0200 ==> 7E02000042660000000002E7B900000000000C000300C64773049FAC58038800000000260325134701010400000000140400000001150400000002160400000000170200002A02000030013D310114367E
2026-03-25 13:47:33 - msg_id_0200 ==> 7E02000042660000000002E7C400000000000C000300C64772049FAC58038800000000260325134732010400000000140400000001150400000002160400000000170200002A02000030013D3101137D027E
2026-03-25 13:48:04 - msg_id_0200 ==> 7E02000042660000000002E7CF00000000000C000300C64770049FAC58038800000000260325134803010400000000140400000001150400000002160400000000170200002A02000030013D310112487E
2026-03-25 13:48:35 - msg_id_0200 ==> 7E02000042660000000002E7DA00000000000C000300C6476E049FAC58038800000000260325134834010400000000140400000001150400000002160400000000170200002A0200003001403101140F7E
2026-03-25 13:49:06 - msg_id_0200 ==> 7E02000042660000000002E7E500000000000C000300C6476A049FAC58038800000000260325134905010400000000140400000001150400000002160400000000170200002A020000300140310116067E
2026-03-25 13:49:37 - msg_id_0200 ==> 7E02000042660000000002E7F000000000000C000300C64768049FAC58038800000000260325134936010400000000140400000001150400000002160400000000170200002A02000030013D3101165F7E
2026-03-25 13:50:08 - msg_id_0200 ==> 7E02000042660000000002E7FB00000000000C000300C64765049FAC58038800000000260325135007010400000000140400000001150400000002160400000000170200002A0200003001403101140E7E
2026-03-25 13:50:39 - msg_id_0200 ==> 7E02000042660000000002E80600000000000C000300C64764049FAC58038800000000260325135038010400000000140400000001150400000002160400000000170200002A020000300140310115C37E
2026-03-25 13:51:10 - msg_id_0200 ==> 7E02000042660000000002E81100000000000C000300C64764049FAC58038800000000260325135109010400000000140400000001150400000002160400000000170200002A02000030013D3101169A7E
2026-03-25 13:51:41 - msg_id_0200 ==> 7E02000042660000000002E81C00000000000C000300C64764049FAC58038800000000260325135140010400000000140400000001150400000002160400000000170200002A020000300140310116A37E
2026-03-25 13:52:12 - msg_id_0200 ==> 7E02000042660000000002E82700000000000C000300C64765049FAC58038800000000260325135211010400000000140400000001150400000002160400000000170200002A020000300140310116CB7E
2026-03-25 13:52:43 - msg_id_0200 ==> 7E02000042660000000002E83200000000000C000300C64764049FAC58038800000000260325135242010400000000140400000001150400000002160400000000170200002A02000030013D310117F07E
2026-03-25 13:53:14 - msg_id_0200 ==> 7E02000042660000000002E83D00000000000C000300C64762049FAC58038800000000260325135313010400000000140400000001150400000002160400000000170200002A02000030013D310116A87E
2026-03-25 13:53:45 - msg_id_0200 ==> 7E02000042660000000002E84800000000000C000300C6475E049FAC58038800000000260325135344010400000000140400000001150400000002160400000000170200002A02000030013D310117B77E
2026-03-25 13:54:16 - msg_id_0200 ==> 7E02000042660000000002E85300000000000C000300C6475F049FAC58038800000000260325135415010400000000140400000001150400000002160400000000170200002A020000300143310117857E
2026-03-25 13:54:47 - msg_id_0200 ==> 7E02000042660000000002E85E00000000000C000300C6475F049FAC50038800000000260325135446010400000000140400000001150400000002160400000000170200002A02000030013D310116AC7E
2026-03-25 13:55:18 - msg_id_0200 ==> 7E02000042660000000002E86900000000000C000300C6475F049FAC50038800000000260325135517010400000000140400000001150400000002160400000000170200002A02000030013D310116CB7E
2026-03-25 13:55:49 - msg_id_0200 ==> 7E02000042660000000002E87400000000000C000300C6475B049FAC50038800000000260325135548010400000000140400000001150400000002160400000000170200002A02000030013D3101178C7E
2026-03-25 13:56:19 - msg_id_0200 ==> 7E02000042660000000002E87F00000100000C000300C6475C049FAC50038800000000260325135618010400000000140400000001150400000002160400000000170200002A02000030013D310118DD7E
2026-03-25 13:56:24 - msg_id_0200 ==> 7E02000042660000000002E88200000000000C000300C6475C049FAC50038800000000260325135623010400000000140400000001150400000002160400000000170200002A02000030013D3101181A7E
2026-03-25 13:56:55 - msg_id_0200 ==> 7E02000042660000000002E88D00000000000C000300C6475F049FAC50038800000000260325135654010400000000140400000001150400000002160400000000170200002A02000030013D310118617E
2026-03-25 13:57:26 - msg_id_0200 ==> 7E02000042660000000002E89800000000000C000300C64760049FAC50038800000000260325135725010400000000140400000001150400000002160400000000170200002A02000030013D3101183B7E
2026-03-25 13:57:57 - msg_id_0200 ==> 7E02000042660000000002E8A300000000000C000300C64762049FAC50038800000000260325135756010400000000140400000001150400000002160400000000170200002A02000030013D310118717E
2026-03-25 13:58:28 - msg_id_0200 ==> 7E02000042660000000002E8AE00000000000C000300C64762049FAC50038800000000260325135827010400000000140400000001150400000002160400000000170200002A02000030013D3101170D7E
2026-03-25 13:58:59 - msg_id_0200 ==> 7E02000042660000000002E8B900000000000C000300C64764049FAC50038800000000260325135858010400000000140400000001150400000002160400000000170200002A02000030013D310115617E
2026-03-25 13:59:30 - msg_id_0200 ==> 7E02000042660000000002E8C400000000000C000300C64764049FAC50038800000000260325135929010400000000140400000001150400000002160400000000170200002A02000030013D3101176E7E
2026-03-25 14:00:01 - msg_id_0200 ==> 7E02000042660000000002E8CF00000000000C000300C64764049FAC50038800000000260325140000010400000000140400000001150400000002160400000000170200002A02000030013D310115107E
2026-03-25 14:00:32 - msg_id_0200 ==> 7E02000042660000000002E8DA00000000000C000300C64766049FAC48038800000000260325140031010400000000140400000001150400000002160400000000170200002A02000030013D3101162D7E
2026-03-25 14:01:03 - msg_id_0200 ==> 7E02000042660000000002E8E500000000000C000300C64765049FAC48038700000000260325140102010400000000140400000001150400000002160400000000170200002A02000030013D310118227E
2026-03-25 14:01:34 - msg_id_0200 ==> 7E02000042660000000002E8F000000000000C000300C64764049FAC48038700000000260325140133010400000000140400000001150400000002160400000000170200002A02000030013D310118077E
2026-03-25 14:02:05 - msg_id_0200 ==> 7E02000042660000000002E8FB00000000000C000300C64761049FAC40038700000000260325140204010400000000140400000001150400000002160400000000170200002A02000030013D3101163B7E
2026-03-25 14:02:36 - msg_id_0200 ==> 7E02000042660000000002E90600000000000C000300C64763049FAC40038700000000260325140235010400000000140400000001150400000002160400000000170200002A02000030013D310118FA7E
2026-03-25 14:03:07 - msg_id_0200 ==> 7E02000042660000000002E91100000000000C000300C64762049FAC48038700000000260325140306010400000000140400000001150400000002160400000000170200002A02000030013D310118D67E
2026-03-25 14:03:38 - msg_id_0200 ==> 7E02000042660000000002E91C00000000000C000300C64762049FAC48038700000000260325140337010400000000140400000001150400000002160400000000170200002A02000030013D310117E57E
2026-03-25 14:04:09 - msg_id_0200 ==> 7E02000042660000000002E92700000000000C000300C64762049FAC50038700000000260325140408010400000000140400000001150400000002160400000000170200002A02000030013D310116FF7E
2026-03-25 14:04:40 - msg_id_0200 ==> 7E02000042660000000002E93200000000000C000300C64764049FAC50038700000000260325140439010400000000140400000001150400000002160400000000170200002A02000030013D310115DE7E
2026-03-25 14:05:11 - msg_id_0200 ==> 7E02000042660000000002E93D00000000000C000300C64762049FAC50038700000000260325140510010400000000140400000001150400000002160400000000170200002A02000030013D310116FC7E
2026-03-25 14:05:42 - msg_id_0200 ==> 7E02000042660000000002E94800000000000C000300C64762049FAC50038700000000260325140541010400000000140400000001150400000002160400000000170200002A02000030013D310115DB7E
2026-03-25 14:06:13 - msg_id_0200 ==> 7E02000042660000000002E95300000000000C000300C64763049FAC58038700000000260325140612010400000000140400000001150400000002160400000000170200002A02000030013D310115997E
2026-03-25 14:06:44 - msg_id_0200 ==> 7E02000042660000000002E95E00000000000C000300C64765049FAC58038700000000260325140643010400000000140400000001150400000002160400000000170200002A02000030013D310113C57E
2026-03-25 14:07:15 - msg_id_0200 ==> 7E02000042660000000002E96900000000000C000300C64764049FAC58038700000000260325140714010400000000140400000001150400000002160400000000170200002A02000030013D310112A47E
2026-03-25 14:07:46 - msg_id_0200 ==> 7E02000042660000000002E97400000000000C000300C64764049FAC58038700000000260325140745010400000000140400000001150400000002160400000000170200002A02000030013D310115EF7E
2026-03-25 14:08:17 - msg_id_0200 ==> 7E02000042660000000002E97F00000100000C000300C64763049FAC58038700000000260325140816010400000000140400000001150400000002160400000000170200002A02000030013D310114BF7E
2026-03-25 14:08:22 - msg_id_0200 ==> 7E02000042660000000002E98200000000000C000300C64763049FAC58038700000000260325140821010400000000140400000001150400000002160400000000170200002A02000030013D310115757E
2026-03-25 14:08:53 - msg_id_0200 ==> 7E02000042660000000002E98D00000000000C000300C64764049FAC58038700000000260325140852010400000000140400000001150400000002160400000000170200002A02000030013A3101120E7E
2026-03-25 14:09:24 - msg_id_0200 ==> 7E02000042660000000002E99800000000000C000300C64765049FAC58038700000000260325140923010400000000140400000001150400000002160400000000170200002A02000030013D3101146B7E
2026-03-25 14:09:55 - msg_id_0200 ==> 7E02000042660000000002E9A300000000000C000300C64765049FAC58038700000000260325140954010400000000140400000001150400000002160400000000170200002A02000030013D310113207E
2026-03-25 14:10:26 - msg_id_0200 ==> 7E02000042660000000002E9AE00000000000C000300C6475E049FAC58038700000000260325141025010400000000140400000001150400000002160400000000170200002A02000030013A31010F657E
2026-03-25 14:10:57 - msg_id_0200 ==> 7E02000042660000000002E9B900000000000C000300C64755049FAC58038700000000260325141056010400000000140400000001150400000002160400000000170200002A02000030013D310113117E
2026-03-25 14:11:28 - msg_id_0200 ==> 7E02000042660000000002E9C400000000000C000300C64758049FAC58038700000000260325141127010400000000140400000001150400000002160400000000170200002A02000030013D310113117E
2026-03-25 14:11:59 - msg_id_0200 ==> 7E02000042660000000002E9CF00000000000C000300C6475A049FAC58038700000000260325141158010400000000140400000001150400000002160400000000170200002A02000030013A310116657E
2026-03-25 14:12:30 - msg_id_0200 ==> 7E02000042660000000002E9DA00000000000C000300C64759049FAC58038700000000260325141229010400000000140400000001150400000002160400000000170200002A02000030013D310114047E
2026-03-25 14:13:01 - msg_id_0200 ==> 7E02000042660000000002E9E500000000000C000300C64757049FAC60038600000000260325141300010400000000140400000001150400000002160400000000170200002A02000030013D310115257E
2026-03-25 14:13:32 - msg_id_0200 ==> 7E02000042660000000002E9F000000000000C000300C64759049FAC60038600000000260325141331010400000000140400000001150400000002160400000000170200002A020000300140310116717E
2026-03-25 14:14:03 - msg_id_0200 ==> 7E02000042660000000002E9FB00000000000C000300C64758049FAC60038600000000260325141402010400000000140400000001150400000002160400000000170200002A0200003001403101164F7E
2026-03-25 14:14:34 - msg_id_0200 ==> 7E02000042660000000002EA0600000000000C000300C6475A049FAC60038600000000260325141433010400000000140400000001150400000002160400000000170200002A020000300140310115817E
2026-03-25 14:15:05 - msg_id_0200 ==> 7E02000042660000000002EA1100000000000C000300C6475B049FAC60038600000000260325141504010400000000140400000001150400000002160400000000170200002A020000300140310115A17E
2026-03-25 14:15:36 - msg_id_0200 ==> 7E02000042660000000002EA1C00000000000C000300C6475B049FAC60038600000000260325141535010400000000140400000001150400000002160400000000170200002A0200003001403101149C7E
2026-03-25 14:16:07 - msg_id_0200 ==> 7E02000042660000000002EA2700000000000C000300C6475C049FAC60038600000000260325141606010400000000140400000001150400000002160400000000170200002A020000300140310116927E
2026-03-25 14:16:38 - msg_id_0200 ==> 7E02000042660000000002EA3200000000000C000300C6475E049FAC60038600000000260325141637010400000000140400000001150400000002160400000000170200002A02000030013A310114CC7E
2026-03-25 14:17:09 - msg_id_0200 ==> 7E02000042660000000002EA3D00000000000C000300C6475F049FAC68038600000000260325141708010400000000140400000001150400000002160400000000170200002A02000030013A310115F57E
2026-03-25 14:17:40 - msg_id_0200 ==> 7E02000042660000000002EA4800000000000C000300C64762049FAC68038600000000260325141739010400000000140400000001150400000002160400000000170200002A02000030013A3101158C7E
2026-03-25 14:18:11 - msg_id_0200 ==> 7E02000042660000000002EA5300000000000C000300C64760049FAC68038600000000260325141810010400000000140400000001150400000002160400000000170200002A02000030013A310116B07E
2026-03-25 14:18:42 - msg_id_0200 ==> 7E02000042660000000002EA5E00000000000C000300C64761049FAC68038600000000260325141841010400000000140400000001150400000002160400000000170200002A020000300140310115947E
2026-03-25 14:19:13 - msg_id_0200 ==> 7E02000042660000000002EA6900000000000C000300C64764049FAC68038600000000260325141912010400000000140400000001150400000002160400000000170200002A02000030013A3101158E7E
2026-03-25 14:19:44 - msg_id_0200 ==> 7E02000042660000000002EA7400000000000C000300C64764049FAC68038600000000260325141943010400000000140400000001150400000002160400000000170200002A02000030013A310115C27E
2026-03-25 14:20:14 - msg_id_0200 ==> 7E02000042660000000002EA7F00000100000C000300C64765049FAC68038600000000260325142013010400000000140400000001150400000002160400000000170200002A020000300140310115DA7E
2026-03-25 14:20:19 - msg_id_0200 ==> 7E02000042660000000002EA8200000000000C000300C64765049FAC68038600000000260325142018010400000000140400000001150400000002160400000000170200002A02000030013D310115507E
2026-03-25 14:20:50 - msg_id_0200 ==> 7E02000042660000000002EA8D00000000000C000300C64763049FAC68038600000000260325142049010400000000140400000001150400000002160400000000170200002A02000030013D310115087E
2026-03-25 14:21:21 - msg_id_0200 ==> 7E02000042660000000002EA9800000000000C000300C64761049FAC70038600000000260325142120010400000000140400000001150400000002160400000000170200002A02000030013A3101166B7E
2026-03-25 14:21:52 - msg_id_0200 ==> 7E02000042660000000002EAA300000000000C000300C64760049FAC70038600000000260325142151010400000000140400000001150400000002160400000000170200002A02000030013D310114257E
2026-03-25 14:22:23 - msg_id_0200 ==> 7E02000042660000000002EAAE00000000000C000300C64760049FAC70038600000000260325142222010400000000140400000001150400000002160400000000170200002A02000030013A310113587E
2026-03-25 14:22:54 - msg_id_0200 ==> 7E02000042660000000002EAB900000000000C000300C6475E049FAC70038600000000260325142253010400000000140400000001150400000002160400000000170200002A0200003001403101137A7E
2026-03-25 14:23:25 - msg_id_0200 ==> 7E02000042660000000002EAC400000000000C000300C6475C049FAC68038600000000260325142324010400000000140400000001150400000002160400000000170200002A0200003001403101146C7E
2026-03-25 14:23:56 - msg_id_0200 ==> 7E02000042660000000002EACF00000000000C000300C6475B049FAC68038600000000260325142355010400000000140400000001150400000002160400000000170200002A02000030013D3101156D7E
2026-03-25 14:24:27 - msg_id_0200 ==> 7E02000042660000000002EADA00000000000C000300C64759049FAC68038600000000260325142426010400000000140400000001150400000002160400000000170200002A02000030013D3101160D7E
2026-03-25 14:24:58 - msg_id_0200 ==> 7E02000042660000000002EAE500000000000C000300C64757049FAC68038700000000260325142457010400000000140400000001150400000002160400000000170200002A02000030013A310115487E
2026-03-25 14:25:29 - msg_id_0200 ==> 7E02000042660000000002EAF000000000000C000300C64755049FAC68038700000000260325142528010400000000140400000001150400000002160400000000170200002A02000030013A310116227E
2026-03-25 14:26:00 - msg_id_0200 ==> 7E02000042660000000002EAFB00000000000C000300C64754049FAC68038700000000260325142559010400000000140400000001150400000002160400000000170200002A02000030013D3101165E7E
2026-03-25 14:26:31 - msg_id_0200 ==> 7E02000042660000000002EB0600000000000C000300C64752049FAC68038700000000260325142630010400000000140400000001150400000002160400000000170200002A02000030013D310115CD7E
2026-03-25 14:27:02 - msg_id_0200 ==> 7E02000042660000000002EB1100000000000C000300C64751049FAC68038700000000260325142701010400000000140400000001150400000002160400000000170200002A02000030013A310116ED7E
2026-03-25 14:27:33 - msg_id_0200 ==> 7E02000042660000000002EB1C00000000000C000300C64752049FAC68038700000000260325142732010400000000140400000001150400000002160400000000170200002A02000030013D310115D47E
2026-03-25 14:28:04 - msg_id_0200 ==> 7E02000042660000000002EB2700000000000C000300C64752049FAC68038700000000260325142803010400000000140400000001150400000002160400000000170200002A02000030013D310116D27E
2026-03-25 14:28:35 - msg_id_0200 ==> 7E02000042660000000002EB3200000000000C000300C64751049FAC68038800000000260325142834010400000000140400000001150400000002160400000000170200002A02000030013D310115FF7E
2026-03-25 14:29:06 - msg_id_0200 ==> 7E02000042660000000002EB3D00000000000C000300C64750049FAC68038800000000260325142905010400000000140400000001150400000002160400000000170200002A02000030013D310116C27E
2026-03-25 14:29:37 - msg_id_0200 ==> 7E02000042660000000002EB4800000000000C000300C6474F049FAC60038800000000260325142936010400000000140400000001150400000002160400000000170200002A02000030013D310115907E
2026-03-25 14:30:08 - msg_id_0200 ==> 7E02000042660000000002EB5300000000000C000300C6474D049FAC68038800000000260325143007010400000000140400000001150400000002160400000000170200002A02000030013D310114A87E
2026-03-25 14:30:39 - msg_id_0200 ==> 7E02000042660000000002EB5E00000000000C000300C6474D049FAC68038800000000260325143038010400000000140400000001150400000002160400000000170200002A02000030013D3101139D7E
2026-03-25 14:31:10 - msg_id_0200 ==> 7E02000042660000000002EB6900000000000C000300C6474D049FAC68038800000000260325143109010400000000140400000001150400000002160400000000170200002A02000030013A310116987E
2026-03-25 14:31:41 - msg_id_0200 ==> 7E02000042660000000002EB7400000000000C000300C6474B049FAC60038800000000260325143140010400000000140400000001150400000002160400000000170200002A02000030013D310116C57E
2026-03-25 14:32:12 - msg_id_0200 ==> 7E02000042660000000002EB7F00000100000C000300C6474A049FAC68038800000000260325143211010400000000140400000001150400000002160400000000170200002A020000300140310115EA7E
2026-03-25 14:32:17 - msg_id_0200 ==> 7E02000042660000000002EB8200000000000C000300C6474A049FAC68038800000000260325143216010400000000140400000001150400000002160400000000170200002A02000030013A310116687E
2026-03-25 14:32:48 - msg_id_0200 ==> 7E02000042660000000002EB8D00000000000C000300C64747049FAC60038800000000260325143247010400000000140400000001150400000002160400000000170200002A02000030013A310116337E
2026-03-25 14:33:19 - msg_id_0200 ==> 7E02000042660000000002EB9800000000000C000300C64746049FAC60038800000000260325143318010400000000140400000001150400000002160400000000170200002A020000300140310114017E
2026-03-25 14:33:50 - msg_id_0200 ==> 7E02000042660000000002EBA300000000000C000300C64745049FAC60038800000000260325143349010400000000140400000001150400000002160400000000170200002A02000030013A310113157E
2026-03-25 14:34:21 - msg_id_0200 ==> 7E02000042660000000002EBAE00000000000C000300C64746049FAC60038800000000260325143420010400000000140400000001150400000002160400000000170200002A02000030013D310114757E
2026-03-25 14:34:52 - msg_id_0200 ==> 7E02000042660000000002EBB900000000000C000300C64743049FAC60038800000000260325143451010400000000140400000001150400000002160400000000170200002A02000030013D310114167E
2026-03-25 14:35:23 - msg_id_0200 ==> 7E02000042660000000002EBC400000000000C000300C64745049FAC60038800000000260325143522010400000000140400000001150400000002160400000000170200002A02000030013D3101151E7E
2026-03-25 14:35:54 - msg_id_0200 ==> 7E02000042660000000002EBCF00000000000C000300C64745049FAC58038800000000260325143553010400000000140400000001150400000002160400000000170200002A02000030013D3101155C7E
2026-03-25 14:36:25 - msg_id_0200 ==> 7E02000042660000000002EBDA00000000000C000300C64744049FAC58038800000000260325143624010400000000140400000001150400000002160400000000170200002A020000300140310114407E
2026-03-25 14:36:56 - msg_id_0200 ==> 7E02000042660000000002EBE500000000000C000300C64743049FAC60038800000000260325143655010400000000140400000001150400000002160400000000170200002A02000030013D3101164E7E
2026-03-25 14:37:27 - msg_id_0200 ==> 7E02000042660000000002EBF000000000000C000300C64742049FAC60038800000000260325143726010400000000140400000001150400000002160400000000170200002A02000030013D3101152B7E
2026-03-25 14:37:58 - msg_id_0200 ==> 7E02000042660000000002EBFB00000000000C000300C6473F049FAC60038900000000260325143757010400000000140400000001150400000002160400000000170200002A02000030013D3101152D7E
2026-03-25 14:38:29 - msg_id_0200 ==> 7E02000042660000000002EC0600000000000C000300C6473D049FAC68038800000000260325143828010400000000140400000001150400000002160400000000170200002A02000030013D310116AF7E
2026-03-25 14:39:00 - msg_id_0200 ==> 7E02000042660000000002EC1100000000000C000300C6473A049FAC68038800000000260325143859010400000000140400000001150400000002160400000000170200002A02000030013D310115CD7E
2026-03-25 14:39:31 - msg_id_0200 ==> 7E02000042660000000002EC1C00000000000C000300C64738049FAC68038800000000260325143930010400000000140400000001150400000002160400000000170200002A02000030013D310114AB7E
2026-03-25 14:40:02 - msg_id_0200 ==> 7E02000042660000000002EC2700000000000C000300C64737049FAC68038800000000260325144001010400000000140400000001150400000002160400000000170200002A02000030013D310114D77E
2026-03-25 14:40:33 - msg_id_0200 ==> 7E02000042660000000002EC3200000000000C000300C64736049FAC68038800000000260325144032010400000000140400000001150400000002160400000000170200002A0200003001403101158C7E
2026-03-25 14:41:04 - msg_id_0200 ==> 7E02000042660000000002EC3D00000000000C000300C64737049FAC68038800000000260325144103010400000000140400000001150400000002160400000000170200002A02000030013D310116CC7E
2026-03-25 14:41:35 - msg_id_0200 ==> 7E02000042660000000002EC4800000000000C000300C6473A049FAC70038800000000260325144134010400000000140400000001150400000002160400000000170200002A02000030013D310115987E
2026-03-25 14:42:06 - msg_id_0200 ==> 7E02000042660000000002EC5300000000000C000300C6473B049FAC70038800000000260325144205010400000000140400000001150400000002160400000000170200002A02000030013D310114B17E
2026-03-25 14:42:37 - msg_id_0200 ==> 7E02000042660000000002EC5E00000000000C000300C6473D049FAC68038800000000260325144236010400000000140400000001150400000002160400000000170200002A02000030013D310115907E
2026-03-25 14:43:08 - msg_id_0200 ==> 7E02000042660000000002EC6900000000000C000300C6473D049FAC70038800000000260325144307010400000000140400000001150400000002160400000000170200002A02000030013D3101158F7E
2026-03-25 14:43:39 - msg_id_0200 ==> 7E02000042660000000002EC7400000000000C000300C6473C049FAC68038800000000260325144338010400000000140400000001150400000002160400000000170200002A02000030013D310117B67E
2026-03-25 14:44:10 - msg_id_0200 ==> 7E02000042660000000002EC7F00000100000C000300C6473D049FAC68038800000000260325144408010400000000140400000001150400000002160400000000170200002A02000030013D310115887E
2026-03-25 14:44:16 - msg_id_0200 ==> 7E02000042660000000002EC8200000000000C000300C6473D049FAC68038800000000260325144415010400000000140400000001150400000002160400000000170200002A02000030013D3101166A7E
2026-03-25 14:44:47 - msg_id_0200 ==> 7E02000042660000000002EC8D00000000000C000300C6473E049FAC68038800000000260325144446010400000000140400000001150400000002160400000000170200002A02000030013D310117347E
2026-03-25 14:45:18 - msg_id_0200 ==> 7E02000042660000000002EC9800000000000C000300C64741049FAC68038800000000260325144517010400000000140400000001150400000002160400000000170200002A02000030013D3101150C7E
2026-03-25 14:45:49 - msg_id_0200 ==> 7E02000042660000000002ECA300000000000C000300C64742049FAC68038800000000260325144548010400000000140400000001150400000002160400000000170200002A02000030013D3101146A7E
2026-03-25 14:46:20 - msg_id_0200 ==> 7E02000042660000000002ECAE00000000000C000300C64744049FAC70038800000000260325144619010400000000140400000001150400000002160400000000170200002A02000030013D3101142B7E
2026-03-25 14:46:51 - msg_id_0200 ==> 7E02000042660000000002ECB900000000000C000300C64745049FAC70038800000000260325144650010400000000140400000001150400000002160400000000170200002A020000300140310115087E
2026-03-25 14:47:22 - msg_id_0200 ==> 7E02000042660000000002ECC400000000000C000300C64745049FAC70038800000000260325144721010400000000140400000001150400000002160400000000170200002A020000300140310115057E
2026-03-25 14:47:53 - msg_id_0200 ==> 7E02000042660000000002ECCF00000000000C000300C64745049FAC70038800000000260325144752010400000000140400000001150400000002160400000000170200002A02000030013D310115007E
2026-03-25 14:48:24 - msg_id_0200 ==> 7E02000042660000000002ECDA00000000000C000300C64748049FAC70038800000000260325144823010400000000140400000001150400000002160400000000170200002A02000030013D310115667E
2026-03-25 14:48:55 - msg_id_0200 ==> 7E02000042660000000002ECE500000000000C000300C64749049FAC70038800000000260325144854010400000000140400000001150400000002160400000000170200002A02000030013D3101142E7E
2026-03-25 14:49:26 - msg_id_0200 ==> 7E02000042660000000002ECF000000000000C000300C6474C049FAC78038800000000260325144925010400000000140400000001150400000002160400000000170200002A02000030013D310115477E
2026-03-25 14:49:57 - msg_id_0200 ==> 7E02000042660000000002ECFB00000000000C000300C6474D049FAC78038800000000260325144956010400000000140400000001150400000002160400000000170200002A02000030013D3101163D7E
2026-03-25 14:50:28 - msg_id_0200 ==> 7E02000042660000000002ED0600000000000C000300C6474D049FAC78038800000000260325145027010400000000140400000001150400000002160400000000170200002A020000300140310116D47E
2026-03-25 14:50:59 - msg_id_0200 ==> 7E02000042660000000002ED1100000000000C000300C6474D049FAC80038800000000260325145058010400000000140400000001150400000002160400000000170200002A02000030013D3101153A7E
2026-03-25 14:51:30 - msg_id_0200 ==> 7E02000042660000000002ED1C00000000000C000300C6474D049FAC80038800000000260325145129010400000000140400000001150400000002160400000000170200002A02000030013D310115477E
2026-03-25 14:52:01 - msg_id_0200 ==> 7E02000042660000000002ED2700000000000C000300C6474C049FAC80038800000000260325145200010400000000140400000001150400000002160400000000170200002A02000030013A310116537E
2026-03-25 14:52:32 - msg_id_0200 ==> 7E02000042660000000002ED3200000000000C000300C6474B049FAC80038800000000260325145231010400000000140400000001150400000002160400000000170200002A02000030013D310116777E
2026-03-25 14:53:03 - msg_id_0200 ==> 7E02000042660000000002ED3D00000000000C000300C6474D049FAC80038800000000260325145302010400000000140400000001150400000002160400000000170200002A020000300143310114307E
2026-03-25 14:53:34 - msg_id_0200 ==> 7E02000042660000000002ED4800000000000C000300C64751049FAC80038800000000260325145333010400000000140400000001150400000002160400000000170200002A0200003001403101146B7E
2026-03-25 14:54:05 - msg_id_0200 ==> 7E02000042660000000002ED5300000000000C000300C64754049FAC80038800000000260325145404010400000000140400000001150400000002160400000000170200002A020000300140310116477E
2026-03-25 14:54:36 - msg_id_0200 ==> 7E02000042660000000002ED5E00000000000C000300C64756049FAC80038800000000260325145435010400000000140400000001150400000002160400000000170200002A0200003001403101157A7E
2026-03-25 14:55:07 - msg_id_0200 ==> 7E02000042660000000002ED6900000000000C000300C64756049FAC80038800000000260325145506010400000000140400000001150400000002160400000000170200002A0200003001403101147D027E
2026-03-25 14:55:38 - msg_id_0200 ==> 7E02000042660000000002ED7400000000000C000300C64756049FAC80038800000000260325145537010400000000140400000001150400000002160400000000170200002A020000300140310116507E
2026-03-25 14:56:08 - msg_id_0200 ==> 7E02000042660000000002ED7F00000100000C000300C64756049FAC80038800000000260325145607010400000000140400000001150400000002160400000000170200002A02000030013D310115177E
2026-03-25 14:56:13 - msg_id_0200 ==> 7E02000042660000000002ED8200000000000C000300C64756049FAC80038800000000260325145612010400000000140400000001150400000002160400000000170200002A02000030013D310115FE7E
2026-03-25 14:56:44 - msg_id_0200 ==> 7E02000042660000000002ED8D00000000000C000300C64756049FAC78038800000000260325145643010400000000140400000001150400000002160400000000170200002A02000030013D310115587E
2026-03-25 14:57:15 - msg_id_0200 ==> 7E02000042660000000002ED9800000000000C000300C64756049FAC80038800000000260325145714010400000000140400000001150400000002160400000000170200002A02000030013D310116E07E
2026-03-25 14:57:46 - msg_id_0200 ==> 7E02000042660000000002EDA300000000000C000300C64756049FAC80038800000000260325145745010400000000140400000001150400000002160400000000170200002A02000030013D310115897E
2026-03-25 14:58:17 - msg_id_0200 ==> 7E02000042660000000002EDAE00000000000C000300C64756049FAC80038800000000260325145816010400000000140400000001150400000002160400000000170200002A02000030013D310114D97E
2026-03-25 14:58:48 - msg_id_0200 ==> 7E02000042660000000002EDB900000000000C000300C64757049FAC80038800000000260325145847010400000000140400000001150400000002160400000000170200002A02000030013D3101149E7E
2026-03-25 14:59:19 - msg_id_0200 ==> 7E02000042660000000002EDC400000000000C000300C6475A049FAC80038800000000260325145918010400000000140400000001150400000002160400000000170200002A02000030013D310115B17E
2026-03-25 14:59:53 - msg_id_0200 ==> 7E02000042660000000002EDCF00000000000C000300C64759049FAC80038800000000260325145949010400000000140400000001150400000002160400000000170200002A02000030013D310114E97E
2026-03-25 15:00:21 - msg_id_0200 ==> 7E02000042660000000002EDDA00000000000C000300C64759049FAC80038800000000260325150020010400000000140400000001150400000002160400000000170200002A02000030013D310115CC7E
2026-03-25 15:00:52 - msg_id_0200 ==> 7E02000042660000000002EDE500000000000C000300C64758049FAC80038800000000260325150051010400000000140400000001150400000002160400000000170200002A020000300140310115FE7E
2026-03-25 15:01:23 - msg_id_0200 ==> 7E02000042660000000002EDF000000000000C000300C64758049FAC80038800000000260325150122010400000000140400000001150400000002160400000000170200002A020000300140310115997E
2026-03-25 15:01:54 - msg_id_0200 ==> 7E02000042660000000002EDFB00000000000C000300C6475A049FAC80038800000000260325150153010400000000140400000001150400000002160400000000170200002A02000030013D3101149D7E
2026-03-25 15:02:25 - msg_id_0200 ==> 7E02000042660000000002EE0600000000000C000300C6475A049FAC80038800000000260325150224010400000000140400000001150400000002160400000000170200002A02000030013D310114177E
2026-03-25 15:02:56 - msg_id_0200 ==> 7E02000042660000000002EE1100000000000C000300C6475A049FAC80038800000000260325150255010400000000140400000001150400000002160400000000170200002A0200003001403101120A7E
2026-03-25 15:03:27 - msg_id_0200 ==> 7E02000042660000000002EE1C00000000000C000300C6475B049FAC80038800000000260325150326010400000000140400000001150400000002160400000000170200002A020000300140310112747E
2026-03-25 15:03:58 - msg_id_0200 ==> 7E02000042660000000002EE2700000000000C000300C6475B049FAC80038800000000260325150357010400000000140400000001150400000002160400000000170200002A020000300140310114387E
2026-03-25 15:04:29 - msg_id_0200 ==> 7E02000042660000000002EE3200000000000C000300C6475C049FAC88038800000000260325150428010400000000140400000001150400000002160400000000170200002A0200003001403101155B7E
2026-03-25 15:05:00 - msg_id_0200 ==> 7E02000042660000000002EE3D00000000000C000300C6475A049FAC80038800000000260325150459010400000000140400000001150400000002160400000000170200002A0200003001403101132D7E
2026-03-25 15:05:31 - msg_id_0200 ==> 7E02000042660000000002EE4800000000000C000300C64758049FAC80038800000000260325150530010400000000140400000001150400000002160400000000170200002A020000300140310112337E
2026-03-25 15:06:02 - msg_id_0200 ==> 7E02000042660000000002EE5300000000000C000300C64756049FAC80038800000000260325150601010400000000140400000001150400000002160400000000170200002A02000030013D310112697E
2026-03-25 15:06:33 - msg_id_0200 ==> 7E02000042660000000002EE5E00000000000C000300C64756049FAC80038800000000260325150632010400000000140400000001150400000002160400000000170200002A020000300143310113287E
2026-03-25 15:07:04 - msg_id_0200 ==> 7E02000042660000000002EE6900000000000C000300C64755049FAC80038800000000260325150703010400000000140400000001150400000002160400000000170200002A0200003001433101122D7E
2026-03-25 15:07:35 - msg_id_0200 ==> 7E02000042660000000002EE7400000000000C000300C64753049FAC80038800000000260325150734010400000000140400000001150400000002160400000000170200002A02000030013D3101127F7E
2026-03-25 15:08:06 - msg_id_0200 ==> 7E02000042660000000002EE7F00000100000C000300C64754049FAC80038800000000260325150805010400000000140400000001150400000002160400000000170200002A020000300143310114347E
2026-03-25 15:08:11 - msg_id_0200 ==> 7E02000042660000000002EE8200000000000C000300C64755049FAC80038800000000260325150810010400000000140400000001150400000002160400000000170200002A020000300143310113DB7E
2026-03-25 15:08:42 - msg_id_0200 ==> 7E02000042660000000002EE8D00000000000C000300C64753049FAC80038800000000260325150841010400000000140400000001150400000002160400000000170200002A02000030013D310113FD7E
2026-03-25 15:09:13 - msg_id_0200 ==> 7E02000042660000000002EE9800000000000C000300C64752049FAC80038800000000260325150912010400000000140400000001150400000002160400000000170200002A020000300143310113C57E
2026-03-25 15:09:44 - msg_id_0200 ==> 7E02000042660000000002EEA300000000000C000300C64754049FAC80038900000000260325150943010400000000140400000001150400000002160400000000170200002A020000300143310111AA7E
2026-03-25 15:10:15 - msg_id_0200 ==> 7E02000042660000000002EEAE00000000000C000300C64756049FAC78038900000000260325151014010400000000140400000001150400000002160400000000170200002A020000300140310112137E
2026-03-25 15:10:46 - msg_id_0200 ==> 7E02000042660000000002EEB900000000000C000300C64756049FAC78038900000000260325151045010400000000140400000001150400000002160400000000170200002A020000300143310110547E
2026-03-25 15:11:17 - msg_id_0200 ==> 7E02000042660000000002EEC400000000000C000300C64752049FAC78038900000000260325151116010400000000140400000001150400000002160400000000170200002A0200003001403101117D017E
2026-03-25 15:11:48 - msg_id_0200 ==> 7E02000042660000000002EECF00000000000C000300C64753049FAC78038900000000260325151147010400000000140400000001150400000002160400000000170200002A020000300140310112257E
2026-03-25 15:12:19 - msg_id_0200 ==> 7E02000042660000000002EEDA00000000000C000300C64751049FAC78038900000000260325151218010400000000140400000001150400000002160400000000170200002A02000030013D310112137E
2026-03-25 15:12:50 - msg_id_0200 ==> 7E02000042660000000002EEE500000000000C000300C64752049FAC78038900000000260325151249010400000000140400000001150400000002160400000000170200002A02000030013D3101127D027E
2026-03-25 15:13:21 - msg_id_0200 ==> 7E02000042660000000002EEF000000000000C000300C64753049FAC80038900000000260325151320010400000000140400000001150400000002160400000000170200002A02000030013D310113FB7E
2026-03-25 15:13:52 - msg_id_0200 ==> 7E02000042660000000002EEFB00000000000C000300C64753049FAC80038900000000260325151351010400000000140400000001150400000002160400000000170200002A02000030013D310111837E
2026-03-25 15:14:23 - msg_id_0200 ==> 7E02000042660000000002EF0600000000000C000300C64754049FAC80038900000000260325151422010400000000140400000001150400000002160400000000170200002A020000300143310112717E
2026-03-25 15:14:54 - msg_id_0200 ==> 7E02000042660000000002EF1100000000000C000300C64755049FAC78038900000000260325151453010400000000140400000001150400000002160400000000170200002A02000030013A310113967E
2026-03-25 15:15:25 - msg_id_0200 ==> 7E02000042660000000002EF1C00000000000C000300C64755049FAC78038900000000260325151524010400000000140400000001150400000002160400000000170200002A02000030013D310114ED7E
2026-03-25 15:15:56 - msg_id_0200 ==> 7E02000042660000000002EF2700000000000C000300C64755049FAC78038900000000260325151555010400000000140400000001150400000002160400000000170200002A02000030013D310116A57E
2026-03-25 15:16:27 - msg_id_0200 ==> 7E02000042660000000002EF3200000000000C000300C64756049FAC78038900000000260325151626010400000000140400000001150400000002160400000000170200002A02000030013D310115C07E
2026-03-25 15:16:58 - msg_id_0200 ==> 7E02000042660000000002EF3D00000000000C000300C64755049FAC78038900000000260325151657010400000000140400000001150400000002160400000000170200002A02000030013D310115BD7E
2026-03-25 15:17:29 - msg_id_0200 ==> 7E02000042660000000002EF4800000000000C000300C64756049FAC78038900000000260325151728010400000000140400000001150400000002160400000000170200002A02000030013A310114B37E
2026-03-25 15:18:00 - msg_id_0200 ==> 7E02000042660000000002EF5300000000000C000300C64756049FAC78038900000000260325151759010400000000140400000001150400000002160400000000170200002A02000030013D310114DE7E
2026-03-25 15:18:31 - msg_id_0200 ==> 7E02000042660000000002EF5E00000000000C000300C64756049FAC78038900000000260325151830010400000000140400000001150400000002160400000000170200002A02000030013A310114B27E
2026-03-25 15:19:02 - msg_id_0200 ==> 7E02000042660000000002EF6900000000000C000300C64755049FAC78038900000000260325151901010400000000140400000001150400000002160400000000170200002A02000030013A310117B57E
2026-03-25 15:19:33 - msg_id_0200 ==> 7E02000042660000000002EF7400000000000C000300C64754049FAC78038A00000000260325151932010400000000140400000001150400000002160400000000170200002A02000030013A3101159B7E
2026-03-25 15:20:03 - msg_id_0200 ==> 7E02000042660000000002EF7F00000100000C000300C64752049FAC78038A00000000260325152002010400000000140400000001150400000002160400000000170200002A02000030013A3101169D7E
2026-03-25 15:20:08 - msg_id_0200 ==> 7E02000042660000000002EF8200000000000C000300C64752049FAC78038A00000000260325152007010400000000140400000001150400000002160400000000170200002A02000030013A310115677E
2026-03-25 15:20:39 - msg_id_0200 ==> 7E02000042660000000002EF8D00000000000C000300C64752049FAC70038A00000000260325152038010400000000140400000001150400000002160400000000170200002A02000030013A3101165C7E
2026-03-25 15:21:10 - msg_id_0200 ==> 7E02000042660000000002EF9800000000000C000300C6474E049FAC68038A00000000260325152109010400000000140400000001150400000002160400000000170200002A020000300136310115727E
2026-03-25 15:21:41 - msg_id_0200 ==> 7E02000042660000000002EFA300000000000C000300C6474D049FAC60038A00000000260325152140010400000000140400000001150400000002160400000000170200002A0200003001363101150B7E
2026-03-25 15:22:12 - msg_id_0200 ==> 7E02000042660000000002EFAE00000000000C000300C6474B049FAC60038A00000000260325152211010400000000140400000001150400000002160400000000170200002A02000030013D310114587E
2026-03-25 15:22:43 - msg_id_0200 ==> 7E02000042660000000002EFB900000000000C000300C6474B049FAC58038A00000000260325152242010400000000140400000001150400000002160400000000170200002A02000030013D310114247E
2026-03-25 15:23:14 - msg_id_0200 ==> 7E02000042660000000002EFC400000000000C000300C64747049FAC58038B00000000260325152313010400000000140400000001150400000002160400000000170200002A0200003001363101140F7E
2026-03-25 15:23:45 - msg_id_0200 ==> 7E02000042660000000002EFCF00000000000C000300C64745049FAC58038B00000000260325152344010400000000140400000001150400000002160400000000170200002A020000300136310115507E
2026-03-25 15:24:16 - msg_id_0200 ==> 7E02000042660000000002EFDA00000000000C000300C64743049FAC58038B00000000260325152415010400000000140400000001150400000002160400000000170200002A02000030013D3101151E7E
2026-03-25 15:24:47 - msg_id_0200 ==> 7E02000042660000000002EFE500000000000C000300C64742049FAC58038B00000000260325152446010400000000140400000001150400000002160400000000170200002A02000030013D310115737E
2026-03-25 15:25:18 - msg_id_0200 ==> 7E02000042660000000002EFF000000000000C000300C64742049FAC58038B00000000260325152517010400000000140400000001150400000002160400000000170200002A02000030013A310115317E
2026-03-25 15:25:49 - msg_id_0200 ==> 7E02000042660000000002EFFB00000000000C000300C64742049FAC58038B00000000260325152548010400000000140400000001150400000002160400000000170200002A02000030013A310115657E
2026-03-25 15:26:20 - msg_id_0200 ==> 7E02000042660000000002F00600000000000C000300C64742049FAC58038C00000000260325152619010400000000140400000001150400000002160400000000170200002A02000030013D310114D47E
2026-03-25 15:26:51 - msg_id_0200 ==> 7E02000042660000000002F01100000000000C000300C64741049FAC58038C00000000260325152650010400000000140400000001150400000002160400000000170200002A02000030013A3101148E7E
2026-03-25 15:27:22 - msg_id_0200 ==> 7E02000042660000000002F01C00000000000C000300C64741049FAC58038C00000000260325152721010400000000140400000001150400000002160400000000170200002A020000300136310114FF7E
2026-03-25 15:27:53 - msg_id_0200 ==> 7E02000042660000000002F02700000000000C000300C64740049FAC58038C00000000260325152752010400000000140400000001150400000002160400000000170200002A02000030013D310114BD7E
2026-03-25 15:28:24 - msg_id_0200 ==> 7E02000042660000000002F03200000000000C000300C6473E049FAC58038D00000000260325152823010400000000140400000001150400000002160400000000170200002A02000030013A310114AE7E
2026-03-25 15:28:55 - msg_id_0200 ==> 7E02000042660000000002F03D00000000000C000300C6473A049FAC58038D00000000260325152854010400000000140400000001150400000002160400000000170200002A02000030013A310113D57E
2026-03-25 15:29:26 - msg_id_0200 ==> 7E02000042660000000002F04800000000000C000300C6473A049FAC50038D00000000260325152925010400000000140400000001150400000002160400000000170200002A02000030013A310113D87E
2026-03-25 15:29:57 - msg_id_0200 ==> 7E02000042660000000002F05300000000000C000300C6473A049FAC50038D00000000260325152956010400000000140400000001150400000002160400000000170200002A02000030013A310114B77E
2026-03-25 15:30:28 - msg_id_0200 ==> 7E02000042660000000002F05E00000000000C000300C64739049FAC50038D00000000260325153027010400000000140400000001150400000002160400000000170200002A02000030013D310113D17E
2026-03-25 15:30:59 - msg_id_0200 ==> 7E02000042660000000002F06900000000000C000300C64738049FAC50038D00000000260325153058010400000000140400000001150400000002160400000000170200002A02000030013D3101149F7E
2026-03-25 15:31:30 - msg_id_0200 ==> 7E02000042660000000002F07400000000000C000300C64737049FAC50038D00000000260325153129010400000000140400000001150400000002160400000000170200002A02000030013A310113FD7E
2026-03-25 15:32:01 - msg_id_0200 ==> 7E02000042660000000002F07F00000100000C000300C64736049FAC50038D00000000260325153200010400000000140400000001150400000002160400000000170200002A020000300140310113A67E
2026-03-25 15:32:06 - msg_id_0200 ==> 7E02000042660000000002F08200000000000C000300C64736049FAC50038D00000000260325153205010400000000140400000001150400000002160400000000170200002A020000300140310114587E
2026-03-25 15:32:37 - msg_id_0200 ==> 7E02000042660000000002F08D00000000000C000300C64737049FAC50038D00000000260325153236010400000000140400000001150400000002160400000000170200002A020000300140310113627E
2026-03-25 15:33:08 - msg_id_0200 ==> 7E02000042660000000002F09800000000000C000300C64736049FAC50038D00000000260325153307010400000000140400000001150400000002160400000000170200002A020000300140310113467E
2026-03-25 15:33:39 - msg_id_0200 ==> 7E02000042660000000002F0A300000000000C000300C64736049FAC50038D00000000260325153338010400000000140400000001150400000002160400000000170200002A020000300140310112437E
2026-03-25 15:34:10 - msg_id_0200 ==> 7E02000042660000000002F0AE00000000000C000300C64732049FAC50038D00000000260325153409010400000000140400000001150400000002160400000000170200002A02000030013A310113077E
2026-03-25 15:34:41 - msg_id_0200 ==> 7E02000042660000000002F0B900000000000C000300C64733049FAC50038D00000000260325153440010400000000140400000001150400000002160400000000170200002A02000030013A310112597E
2026-03-25 15:35:12 - msg_id_0200 ==> 7E02000042660000000002F0C400000000000C000300C64733049FAC58038D00000000260325153511010400000000140400000001150400000002160400000000170200002A02000030013A31010F617E
2026-03-25 15:35:43 - msg_id_0200 ==> 7E02000042660000000002F0CF00000000000C000300C64733049FAC58038D00000000260325153542010400000000140400000001150400000002160400000000170200002A02000030013A310112247E
2026-03-25 15:36:14 - msg_id_0200 ==> 7E02000042660000000002F0DA00000000000C000300C64731049FAC58038D00000000260325153613010400000000140400000001150400000002160400000000170200002A02000030013A310113607E
2026-03-25 15:36:45 - msg_id_0200 ==> 7E02000042660000000002F0E500000000000C000300C64732049FAC58038D00000000260325153644010400000000140400000001150400000002160400000000170200002A02000030013D3101110E7E
2026-03-25 15:37:15 - msg_id_0200 ==> 7E02000042660000000002F0F000000000000C000300C64730049FAC58038D00000000260325153715010400000000140400000001150400000002160400000000170200002A020000300136310112417E
2026-03-25 15:37:47 - msg_id_0200 ==> 7E02000042660000000002F0FB00000000000C000300C6472E049FAC58038D00000000260325153746010400000000140400000001150400000002160400000000170200002A020000300136310112077E
2026-03-25 15:38:18 - msg_id_0200 ==> 7E02000042660000000002F10600000000000C000300C6472E049FAC58038D00000000260325153817010400000000140400000001150400000002160400000000170200002A020000300136310111A67E
2026-03-25 15:38:49 - msg_id_0200 ==> 7E02000042660000000002F11100000000000C000300C6472F049FAC58038D00000000260325153848010400000000140400000001150400000002160400000000170200002A02000030013631010FF17E
2026-03-25 15:39:20 - msg_id_0200 ==> 7E02000042660000000002F11C00000000000C000300C6472D049FAC58038D00000000260325153919010400000000140400000001150400000002160400000000170200002A020000300136310110B17E
2026-03-25 15:39:51 - msg_id_0200 ==> 7E02000042660000000002F12700000000000C000300C6472B049FAC58038D00000000260325153950010400000000140400000001150400000002160400000000170200002A02000030013A310112CB7E
2026-03-25 15:40:22 - msg_id_0200 ==> 7E02000042660000000002F13200000000000C000300C6472A049FAC58038D00000000260325154021010400000000140400000001150400000002160400000000170200002A02000030013A310113D67E
2026-03-25 15:40:53 - msg_id_0200 ==> 7E02000042660000000002F13D00000000000C000300C64727049FAC58038D00000000260325154052010400000000140400000001150400000002160400000000170200002A02000030013D310112A17E
2026-03-25 15:41:24 - msg_id_0200 ==> 7E02000042660000000002F14800000000000C000300C64723049FAC58038D00000000260325154123010400000000140400000001150400000002160400000000170200002A020000300136310112AB7E
2026-03-25 15:41:55 - msg_id_0200 ==> 7E02000042660000000002F15300000000000C000300C64720049FAC60038D00000000260325154154010400000000140400000001150400000002160400000000170200002A020000300136310113FD7E
2026-03-25 15:42:26 - msg_id_0200 ==> 7E02000042660000000002F15E00000000000C000300C6471F049FAC58038D00000000260325154225010400000000140400000001150400000002160400000000170200002A020000300136310110867E
2026-03-25 15:42:57 - msg_id_0200 ==> 7E02000042660000000002F16900000000000C000300C6471D049FAC60038D00000000260325154256010400000000140400000001150400000002160400000000170200002A02000030013A310111F57E
2026-03-25 15:43:28 - msg_id_0200 ==> 7E02000042660000000002F17400000000000C000300C6471C049FAC60038D00000000260325154327010400000000140400000001150400000002160400000000170200002A02000030013D3101129D7E
2026-03-25 15:43:58 - msg_id_0200 ==> 7E02000042660000000002F17F00000100000C000300C6471E049FAC60038D00000000260325154357010400000000140400000001150400000002160400000000170200002A02000030013A310114E47E
2026-03-25 15:44:03 - msg_id_0200 ==> 7E02000042660000000002F18200000000000C000300C6471E049FAC60038D00000000260325154402010400000000140400000001150400000002160400000000170200002A02000030013A3101144A7E
2026-03-25 15:44:34 - msg_id_0200 ==> 7E02000042660000000002F18D00000000000C000300C6471E049FAC60038D00000000260325154433010400000000140400000001150400000002160400000000170200002A02000030013A310112727E
2026-03-25 15:45:05 - msg_id_0200 ==> 7E02000042660000000002F19800000000000C000300C6471D049FAC60038D00000000260325154504010400000000140400000001150400000002160400000000170200002A02000030013A310113537E
2026-03-25 15:45:36 - msg_id_0200 ==> 7E02000042660000000002F1A300000000000C000300C64721049FAC60038D00000000260325154535010400000000140400000001150400000002160400000000170200002A02000030013D310112637E
2026-03-25 15:46:07 - msg_id_0200 ==> 7E02000042660000000002F1AE00000000000C000300C64720049FAC60038D00000000260325154606010400000000140400000001150400000002160400000000170200002A02000030013D3101135E7E
2026-03-25 15:46:38 - msg_id_0200 ==> 7E02000042660000000002F1B900000000000C000300C64722049FAC60038D00000000260325154637010400000000140400000001150400000002160400000000170200002A02000030013A3101147A7E
2026-03-25 15:47:09 - msg_id_0200 ==> 7E02000042660000000002F1C400000000000C000300C64725049FAC60038D00000000260325154708010400000000140400000001150400000002160400000000170200002A02000030013A310113397E
2026-03-25 15:47:40 - msg_id_0200 ==> 7E02000042660000000002F1CF00000000000C000300C64724049FAC60038D00000000260325154739010400000000140400000001150400000002160400000000170200002A02000030013A310112037E
2026-03-25 15:48:11 - msg_id_0200 ==> 7E02000042660000000002F1DA00000000000C000300C64726049FAC60038D00000000260325154810010400000000140400000001150400000002160400000000170200002A02000030013A310114347E
2026-03-25 15:48:43 - msg_id_0200 ==> 7E02000042660000000002F1E500000000000C000300C64727049FAC60038D00000000260325154841010400000000140400000001150400000002160400000000170200002A02000030013A3101115E7E
2026-03-25 15:49:13 - msg_id_0200 ==> 7E02000042660000000002F1F000000000000C000300C64727049FAC60038D00000000260325154912010400000000140400000001150400000002160400000000170200002A02000030013D3101141B7E
2026-03-25 15:49:44 - msg_id_0200 ==> 7E02000042660000000002F1FB00000000000C000300C64727049FAC60038D00000000260325154943010400000000140400000001150400000002160400000000170200002A02000030013A310112407E
2026-03-25 15:50:15 - msg_id_0200 ==> 7E02000042660000000002F20600000000000C000300C64727049FAC60038D00000000260325155014010400000000140400000001150400000002160400000000170200002A02000030013A310113F17E
2026-03-25 15:50:46 - msg_id_0200 ==> 7E02000042660000000002F21100000000000C000300C64728049FAC60038D00000000260325155045010400000000140400000001150400000002160400000000170200002A020000300140310113C27E
2026-03-25 15:51:17 - msg_id_0200 ==> 7E02000042660000000002F21C00000000000C000300C64728049FAC60038D00000000260325155116010400000000140400000001150400000002160400000000170200002A02000030013A310113E77E
2026-03-25 15:51:48 - msg_id_0200 ==> 7E02000042660000000002F22700000000000C000300C64727049FAC68038D00000000260325155147010400000000140400000001150400000002160400000000170200002A02000030013A3101138A7E
2026-03-25 15:52:19 - msg_id_0200 ==> 7E02000042660000000002F23200000000000C000300C64727049FAC60038D00000000260325155218010400000000140400000001150400000002160400000000170200002A02000030013A310115CD7E
2026-03-25 15:52:50 - msg_id_0200 ==> 7E02000042660000000002F23D00000000000C000300C64728049FAC60038D00000000260325155249010400000000140400000001150400000002160400000000170200002A02000030013A3101139A7E
2026-03-25 15:53:21 - msg_id_0200 ==> 7E02000042660000000002F24800000000000C000300C6472A049FAC60038D00000000260325155320010400000000140400000001150400000002160400000000170200002A02000030013D310114857E
2026-03-25 15:53:52 - msg_id_0200 ==> 7E02000042660000000002F25300000000000C000300C6472B049FAC68038D00000000260325155351010400000000140400000001150400000002160400000000170200002A02000030013D310114E67E
2026-03-25 15:54:23 - msg_id_0200 ==> 7E02000042660000000002F25E00000000000C000300C6472D049FAC60038D00000000260325155422010400000000140400000001150400000002160400000000170200002A020000300140310115ED7E
2026-03-25 15:54:54 - msg_id_0200 ==> 7E02000042660000000002F26900000000000C000300C64731049FAC68038D00000000260325155453010400000000140400000001150400000002160400000000170200002A02000030013A310116C67E
2026-03-25 15:55:25 - msg_id_0200 ==> 7E02000042660000000002F27400000000000C000300C6472F049FAC68038D00000000260325155524010400000000140400000001150400000002160400000000170200002A02000030013A310116B37E
2026-03-25 15:55:56 - msg_id_0200 ==> 7E02000042660000000002F27F00000100000C000300C6472E049FAC68038D00000000260325155555010400000000140400000001150400000002160400000000170200002A02000030013A310115CA7E
2026-03-25 15:56:01 - msg_id_0200 ==> 7E02000042660000000002F28200000000000C000300C6472E049FAC68038D00000000260325155600010400000000140400000001150400000002160400000000170200002A02000030013A310116637E
2026-03-25 15:56:32 - msg_id_0200 ==> 7E02000042660000000002F28D00000000000C000300C6472D049FAC68038D00000000260325155631010400000000140400000001150400000002160400000000170200002A020000300136310116527E
2026-03-25 15:57:03 - msg_id_0200 ==> 7E02000042660000000002F29800000000000C000300C6472D049FAC68038D00000000260325155702010400000000140400000001150400000002160400000000170200002A020000300136310114777E
2026-03-25 15:57:34 - msg_id_0200 ==> 7E02000042660000000002F2A300000000000C000300C64730049FAC68038D00000000260325155733010400000000140400000001150400000002160400000000170200002A020000300136310114607E
2026-03-25 15:58:05 - msg_id_0200 ==> 7E02000042660000000002F2AE00000000000C000300C6472E049FAC68038D00000000260325155804010400000000140400000001150400000002160400000000170200002A0200003001363101134C7E
2026-03-25 15:58:36 - msg_id_0200 ==> 7E02000042660000000002F2B900000000000C000300C6472D049FAC68038D00000000260325155835010400000000140400000001150400000002160400000000170200002A02000030013A310115637E
2026-03-25 15:59:07 - msg_id_0200 ==> 7E02000042660000000002F2C400000000000C000300C6472D049FAC68038D00000000260325155906010400000000140400000001150400000002160400000000170200002A02000030013A3101152C7E
2026-03-25 15:59:38 - msg_id_0200 ==> 7E02000042660000000002F2CF00000000000C000300C6472D049FAC68038D00000000260325155937010400000000140400000001150400000002160400000000170200002A02000030013A310112117E
2026-03-25 16:00:09 - msg_id_0200 ==> 7E02000042660000000002F2DA00000000000C000300C6472C049FAC70038E00000000260325160008010400000000140400000001150400000002160400000000170200002A02000030013A3101137A7E
2026-03-25 16:00:40 - msg_id_0200 ==> 7E02000042660000000002F2E500000000000C000300C6472B049FAC70038E00000000260325160039010400000000140400000001150400000002160400000000170200002A02000030013A310112727E
2026-03-25 16:01:11 - msg_id_0200 ==> 7E02000042660000000002F2F000000000000C000300C6472B049FAC70038E00000000260325160110010400000000140400000001150400000002160400000000170200002A020000300136310113427E
2026-03-25 16:01:42 - msg_id_0200 ==> 7E02000042660000000002F2FB00000000000C000300C6472B049FAC70038E00000000260325160141010400000000140400000001150400000002160400000000170200002A02000030013A310114137E
2026-03-25 16:02:13 - msg_id_0200 ==> 7E02000042660000000002F30600000000000C000300C6472B049FAC70038E00000000260325160212010400000000140400000001150400000002160400000000170200002A02000030013D310113BF7E
2026-03-25 16:02:44 - msg_id_0200 ==> 7E02000042660000000002F31100000000000C000300C6472B049FAC68038E00000000260325160243010400000000140400000001150400000002160400000000170200002A02000030013A310110E57E
2026-03-25 16:03:15 - msg_id_0200 ==> 7E02000042660000000002F31C00000000000C000300C64729049FAC68038E00000000260325160314010400000000140400000001150400000002160400000000170200002A02000030013A310112BE7E
2026-03-25 16:03:46 - msg_id_0200 ==> 7E02000042660000000002F32700000000000C000300C64729049FAC68038E00000000260325160345010400000000140400000001150400000002160400000000170200002A02000030013A310112D47E
2026-03-25 16:04:17 - msg_id_0200 ==> 7E02000042660000000002F33200000000000C000300C6472B049FAC68038E00000000260325160416010400000000140400000001150400000002160400000000170200002A02000030013A310115907E
2026-03-25 16:04:48 - msg_id_0200 ==> 7E02000042660000000002F33D00000000000C000300C64728049FAC68038E00000000260325160447010400000000140400000001150400000002160400000000170200002A02000030013A310113CB7E
2026-03-25 16:05:19 - msg_id_0200 ==> 7E02000042660000000002F34800000000000C000300C64726049FAC68038E00000000260325160518010400000000140400000001150400000002160400000000170200002A02000030013D310113E97E
2026-03-25 16:05:50 - msg_id_0200 ==> 7E02000042660000000002F35300000000000C000300C64725049FAC68038E00000000260325160549010400000000140400000001150400000002160400000000170200002A02000030013A310111A57E
2026-03-25 16:06:21 - msg_id_0200 ==> 7E02000042660000000002F35E00000000000C000300C64724049FAC68038E00000000260325160620010400000000140400000001150400000002160400000000170200002A02000030013D310112C77E
2026-03-25 16:06:52 - msg_id_0200 ==> 7E02000042660000000002F36900000000000C000300C64723049FAC60038E00000000260325160651010400000000140400000001150400000002160400000000170200002A020000300136310111867E
2026-03-25 16:07:23 - msg_id_0200 ==> 7E02000042660000000002F37400000000000C000300C64722049FAC68038E00000000260325160722010400000000140400000001150400000002160400000000170200002A02000030013A310113EE7E
2026-03-25 16:07:53 - msg_id_0200 ==> 7E02000042660000000002F37F00000100000C000300C64722049FAC68038E00000000260325160752010400000000140400000001150400000002160400000000170200002A02000030013A310113947E
2026-03-25 16:07:58 - msg_id_0200 ==> 7E02000042660000000002F38200000000000C000300C64722049FAC68038E00000000260325160757010400000000140400000001150400000002160400000000170200002A02000030013A3101116F7E
2026-03-25 16:08:29 - msg_id_0200 ==> 7E02000042660000000002F38D00000000000C000300C64720049FAC68038E00000000260325160828010400000000140400000001150400000002160400000000170200002A02000030013A310113107E
2026-03-25 16:09:00 - msg_id_0200 ==> 7E02000042660000000002F39800000000000C000300C64721049FAC68038E00000000260325160859010400000000140400000001150400000002160400000000170200002A02000030013A310111777E
2026-03-25 16:09:31 - msg_id_0200 ==> 7E02000042660000000002F3A300000000000C000300C64722049FAC60038E00000000260325160930010400000000140400000001150400000002160400000000170200002A02000030013A3101122C7E
2026-03-25 16:10:02 - msg_id_0200 ==> 7E02000042660000000002F3AE00000000000C000300C64724049FAC68038E00000000260325161001010400000000140400000001150400000002160400000000170200002A020000300136310111087E
2026-03-25 16:10:33 - msg_id_0200 ==> 7E02000042660000000002F3B900000000000C000300C64725049FAC68038E00000000260325161032010400000000140400000001150400000002160400000000170200002A0200003001363101132F7E
2026-03-25 16:11:04 - msg_id_0200 ==> 7E02000042660000000002F3C400000000000C000300C64723049FAC68038E00000000260325161103010400000000140400000001150400000002160400000000170200002A02000030013A310112697E
2026-03-25 16:11:35 - msg_id_0200 ==> 7E02000042660000000002F3CF00000000000C000300C64721049FAC60038E00000000260325161134010400000000140400000001150400000002160400000000170200002A02000030013A3101115C7E
2026-03-25 16:12:06 - msg_id_0200 ==> 7E02000042660000000002F3DA00000000000C000300C64721049FAC68038E00000000260325161205010400000000140400000001150400000002160400000000170200002A02000030013A310113717E
2026-03-25 16:12:37 - msg_id_0200 ==> 7E02000042660000000002F3E500000000000C000300C64721049FAC68038E00000000260325161236010400000000140400000001150400000002160400000000170200002A02000030013A3101137D017E
2026-03-25 16:13:08 - msg_id_0200 ==> 7E02000042660000000002F3F000000000000C000300C6471F049FAC68038E00000000260325161307010400000000140400000001150400000002160400000000170200002A02000030013A310112677E
2026-03-25 16:13:39 - msg_id_0200 ==> 7E02000042660000000002F3FB00000000000C000300C6471F049FAC68038E00000000260325161338010400000000140400000001150400000002160400000000170200002A02000030013A310114557E
2026-03-25 16:14:10 - msg_id_0200 ==> 7E02000042660000000002F40600000000000C000300C6471F049FAC68038E00000000260325161409010400000000140400000001150400000002160400000000170200002A02000030013A3101139E7E
2026-03-25 16:14:41 - msg_id_0200 ==> 7E02000042660000000002F41100000000000C000300C64721049FAC60038E00000000260325161440010400000000140400000001150400000002160400000000170200002A02000030013A310115F07E
2026-03-25 16:15:12 - msg_id_0200 ==> 7E02000042660000000002F41C00000000000C000300C64724049FAC68038E00000000260325161511010400000000140400000001150400000002160400000000170200002A02000030013A310115A07E
2026-03-25 16:15:43 - msg_id_0200 ==> 7E02000042660000000002F42700000000000C000300C64723049FAC68038E00000000260325161542010400000000140400000001150400000002160400000000170200002A02000030013D310114C97E
2026-03-25 16:16:14 - msg_id_0200 ==> 7E02000042660000000002F43200000000000C000300C64725049FAC68038E00000000260325161613010400000000140400000001150400000002160400000000170200002A02000030013A3101158E7E
2026-03-25 16:16:45 - msg_id_0200 ==> 7E02000042660000000002F43D00000000000C000300C64725049FAC68038E00000000260325161644010400000000140400000001150400000002160400000000170200002A02000030013A310114D77E
2026-03-25 16:17:16 - msg_id_0200 ==> 7E02000042660000000002F44800000000000C000300C64726049FAC68038E00000000260325161715010400000000140400000001150400000002160400000000170200002A02000030013A310114F17E
2026-03-25 16:17:47 - msg_id_0200 ==> 7E02000042660000000002F45300000000000C000300C6472A049FAC70038D00000000260325161746010400000000140400000001150400000002160400000000170200002A02000030013D310116AB7E
2026-03-25 16:18:18 - msg_id_0200 ==> 7E02000042660000000002F45E00000000000C000300C6472C049FAC68038D00000000260325161817010400000000140400000001150400000002160400000000170200002A020000300136310116ED7E
2026-03-25 16:18:49 - msg_id_0200 ==> 7E02000042660000000002F46900000000000C000300C6472B049FAC68038D00000000260325161848010400000000140400000001150400000002160400000000170200002A02000030013A3101178F7E
2026-03-25 16:19:20 - msg_id_0200 ==> 7E02000042660000000002F47400000000000C000300C6472D049FAC68038C00000000260325161919010400000000140400000001150400000002160400000000170200002A020000300136310118C67E
2026-03-25 16:19:51 - msg_id_0200 ==> 7E02000042660000000002F47F00000100000C000300C6472B049FAC68038C00000000260325161950010400000000140400000001150400000002160400000000170200002A02000030013A3101198E7E
2026-03-25 16:19:56 - msg_id_0200 ==> 7E02000042660000000002F48200000000000C000300C6472B049FAC68038C00000000260325161955010400000000140400000001150400000002160400000000170200002A02000030013A310119777E
2026-03-25 16:20:27 - msg_id_0200 ==> 7E02000042660000000002F48D00000000000C000300C6472C049FAC68038C00000000260325162026010400000000140400000001150400000002160400000000170200002A02000030013A3101173B7E
2026-03-25 16:20:58 - msg_id_0200 ==> 7E02000042660000000002F49800000000000C000300C6472D049FAC68038B00000000260325162057010400000000140400000001150400000002160400000000170200002A0200003001363101185A7E
2026-03-25 16:21:29 - msg_id_0200 ==> 7E02000042660000000002F4A300000000000C000300C6472D049FAC68038B00000000260325162128010400000000140400000001150400000002160400000000170200002A0200003001363101181F7E
2026-03-25 16:22:00 - msg_id_0200 ==> 7E02000042660000000002F4AE00000000000C000300C6472D049FAC68038B00000000260325162159010400000000140400000001150400000002160400000000170200002A02000030013D310118687E
2026-03-25 16:22:31 - msg_id_0200 ==> 7E02000042660000000002F4B900000000000C000300C6472D049FAC68038B00000000260325162230010400000000140400000001150400000002160400000000170200002A02000030013A3101161C7E
2026-03-25 16:23:02 - msg_id_0200 ==> 7E02000042660000000002F4C400000000000C000300C6472C049FAC68038B00000000260325162301010400000000140400000001150400000002160400000000170200002A02000030013A3101195F7E
2026-03-25 16:23:33 - msg_id_0200 ==> 7E02000042660000000002F4CF00000000000C000300C6472D049FAC68038A00000000260325162332010400000000140400000001150400000002160400000000170200002A02000030013A310116687E
2026-03-25 16:24:04 - msg_id_0200 ==> 7E02000042660000000002F4DA00000000000C000300C6472F049FAC68038A00000000260325162403010400000000140400000001150400000002160400000000170200002A02000030013A310118477E
2026-03-25 16:24:35 - msg_id_0200 ==> 7E02000042660000000002F4E500000000000C000300C64731049FAC70038A00000000260325162434010400000000140400000001150400000002160400000000170200002A02000030013A310116477E
2026-03-25 16:25:06 - msg_id_0200 ==> 7E02000042660000000002F4F000000000000C000300C64732049FAC70038A00000000260325162505010400000000140400000001150400000002160400000000170200002A02000030013A310116617E
2026-03-25 16:25:37 - msg_id_0200 ==> 7E02000042660000000002F4FB00000000000C000300C64734049FAC70038A00000000260325162536010400000000140400000001150400000002160400000000170200002A020000300136310115507E
2026-03-25 16:26:08 - msg_id_0200 ==> 7E02000042660000000002F50600000000000C000300C64735049FAC70038A00000000260325162607010400000000140400000001150400000002160400000000170200002A020000300136310113997E
2026-03-25 16:26:39 - msg_id_0200 ==> 7E02000042660000000002F51100000000000C000300C64734049FAC70038A00000000260325162638010400000000140400000001150400000002160400000000170200002A020000300136310113B07E
2026-03-25 16:27:10 - msg_id_0200 ==> 7E02000042660000000002F51C00000000000C000300C64734049FAC70038A00000000260325162709010400000000140400000001150400000002160400000000170200002A0200003001363101148A7E
2026-03-25 16:27:41 - msg_id_0200 ==> 7E02000042660000000002F52700000000000C000300C64734049FAC70038A00000000260325162740010400000000140400000001150400000002160400000000170200002A020000300136310112FE7E
2026-03-25 16:28:12 - msg_id_0200 ==> 7E02000042660000000002F53200000000000C000300C64735049FAC78038A00000000260325162811010400000000140400000001150400000002160400000000170200002A02000030013A310113B17E
2026-03-25 16:28:43 - msg_id_0200 ==> 7E02000042660000000002F53D00000000000C000300C64736049FAC78038A00000000260325162842010400000000140400000001150400000002160400000000170200002A02000030013A310115E87E
2026-03-25 16:29:14 - msg_id_0200 ==> 7E02000042660000000002F54800000000000C000300C64737049FAC78038A00000000260325162913010400000000140400000001150400000002160400000000170200002A02000030013A310116CF7E
2026-03-25 16:29:45 - msg_id_0200 ==> 7E02000042660000000002F55300000000000C000300C64736049FAC78038A00000000260325162944010400000000140400000001150400000002160400000000170200002A0200003001363101138B7E
2026-03-25 16:30:16 - msg_id_0200 ==> 7E02000042660000000002F55E00000000000C000300C64736049FAC78038A00000000260325163015010400000000140400000001150400000002160400000000170200002A020000300136310115C87E
2026-03-25 16:30:47 - msg_id_0200 ==> 7E02000042660000000002F56900000000000C000300C64737049FAC78038A00000000260325163046010400000000140400000001150400000002160400000000170200002A020000300136310114AC7E
2026-03-25 16:31:18 - msg_id_0200 ==> 7E02000042660000000002F57400000000000C000300C64738049FAC78038A00000000260325163117010400000000140400000001150400000002160400000000170200002A020000300136310115EF7E
2026-03-25 16:31:48 - msg_id_0200 ==> 7E02000042660000000002F57F00000100000C000300C64738049FAC78038A00000000260325163147010400000000140400000001150400000002160400000000170200002A020000300136310114B47E
2026-03-25 16:31:53 - msg_id_0200 ==> 7E02000042660000000002F58200000000000C000300C64738049FAC78038A00000000260325163152010400000000140400000001150400000002160400000000170200002A0200003001363101155C7E
2026-03-25 16:32:24 - msg_id_0200 ==> 7E02000042660000000002F58D00000000000C000300C64738049FAC78038A00000000260325163223010400000000140400000001150400000002160400000000170200002A020000300136310116227E
2026-03-25 16:32:55 - msg_id_0200 ==> 7E02000042660000000002F59800000000000C000300C6473B049FAC78038A00000000260325163254010400000000140400000001150400000002160400000000170200002A020000300136310116437E
2026-03-25 16:33:26 - msg_id_0200 ==> 7E02000042660000000002F5A300000000000C000300C6473A049FAC78038A00000000260325163325010400000000140400000001150400000002160400000000170200002A020000300136310116097E
2026-03-25 16:33:57 - msg_id_0200 ==> 7E02000042660000000002F5AE00000000000C000300C6473C049FAC78038A00000000260325163356010400000000140400000001150400000002160400000000170200002A020000300136310117707E
2026-03-25 16:34:28 - msg_id_0200 ==> 7E02000042660000000002F5B900000000000C000300C6473B049FAC78038A00000000260325163427010400000000140400000001150400000002160400000000170200002A020000300136310116177E
2026-03-25 16:34:59 - msg_id_0200 ==> 7E02000042660000000002F5C400000000000C000300C6473C049FAC78038A00000000260325163458010400000000140400000001150400000002160400000000170200002A020000300136310116127E
2026-03-25 16:35:30 - msg_id_0200 ==> 7E02000042660000000002F5CF00000000000C000300C6473B049FAC78038A00000000260325163529010400000000140400000001150400000002160400000000170200002A02000030013A3101186C7E
2026-03-25 16:36:01 - msg_id_0200 ==> 7E02000042660000000002F5DA00000000000C000300C6473B049FAC78038A00000000260325163600010400000000140400000001150400000002160400000000170200002A0200003001363101195E7E
2026-03-25 16:36:32 - msg_id_0200 ==> 7E02000042660000000002F5E500000000000C000300C6473A049FAC70038A00000000260325163631010400000000140400000001150400000002160400000000170200002A02000030013A310119557E
2026-03-25 16:37:03 - msg_id_0200 ==> 7E02000042660000000002F5F000000000000C000300C6473B049FAC70038A00000000260325163702010400000000140400000001150400000002160400000000170200002A02000030013A310118727E
2026-03-25 16:37:34 - msg_id_0200 ==> 7E02000042660000000002F5FB00000000000C000300C6473B049FAC70038A00000000260325163733010400000000140400000001150400000002160400000000170200002A02000030013A310117477E
2026-03-25 16:38:05 - msg_id_0200 ==> 7E02000042660000000002F60600000000000C000300C6473C049FAC70038A00000000260325163804010400000000140400000001150400000002160400000000170200002A02000030013A310117867E
2026-03-25 16:38:36 - msg_id_0200 ==> 7E02000042660000000002F61100000000000C000300C6473E049FAC70038A00000000260325163835010400000000140400000001150400000002160400000000170200002A02000030013A310117A27E
2026-03-25 16:39:07 - msg_id_0200 ==> 7E02000042660000000002F61C00000000000C000300C6473E049FAC70038A00000000260325163906010400000000140400000001150400000002160400000000170200002A020000300136310117917E
2026-03-25 16:39:38 - msg_id_0200 ==> 7E02000042660000000002F62700000000000C000300C6473D049FAC70038A00000000260325163937010400000000140400000001150400000002160400000000170200002A020000300136310117987E
2026-03-25 16:40:09 - msg_id_0200 ==> 7E02000042660000000002F63200000000000C000300C6473B049FAC70038A00000000260325164008010400000000140400000001150400000002160400000000170200002A020000300133310118C77E
2026-03-25 16:40:40 - msg_id_0200 ==> 7E02000042660000000002F63D00000000000C000300C64738049FAC70038A00000000260325164039010400000000140400000001150400000002160400000000170200002A020000300136310118FF7E
2026-03-25 16:41:11 - msg_id_0200 ==> 7E02000042660000000002F64800000000000C000300C64738049FAC70038A00000000260325164110010400000000140400000001150400000002160400000000170200002A020000300136310117AD7E
2026-03-25 16:41:42 - msg_id_0200 ==> 7E02000042660000000002F65300000000000C000300C6473C049FAC78038B00000000260325164141010400000000140400000001150400000002160400000000170200002A020000300136310118E57E
2026-03-25 16:42:13 - msg_id_0200 ==> 7E02000042660000000002F65E00000000000C000300C6473B049FAC78038B00000000260325164212010400000000140400000001150400000002160400000000170200002A020000300136310118BF7E
2026-03-25 16:42:44 - msg_id_0200 ==> 7E02000042660000000002F66900000000000C000300C6473B049FAC78038B00000000260325164243010400000000140400000001150400000002160400000000170200002A020000300136310119D87E
2026-03-25 16:43:15 - msg_id_0200 ==> 7E02000042660000000002F67400000000000C000300C6473C049FAC78038B00000000260325164314010400000000140400000001150400000002160400000000170200002A0200003001363101179A7E
2026-03-25 16:43:46 - msg_id_0200 ==> 7E02000042660000000002F67F00000100000C000300C6473C049FAC80038B00000000260325164345010400000000140400000001150400000002160400000000170200002A020000300136310117397E
2026-03-25 16:43:51 - msg_id_0200 ==> 7E02000042660000000002F68200000000000C000300C6473C049FAC80038B00000000260325164350010400000000140400000001150400000002160400000000170200002A020000300136310118DF7E
2026-03-25 16:44:22 - msg_id_0200 ==> 7E02000042660000000002F68D00000000000C000300C6473D049FAC80038B00000000260325164421010400000000140400000001150400000002160400000000170200002A02000030013A310116A57E
2026-03-25 16:44:53 - msg_id_0200 ==> 7E02000042660000000002F69800000000000C000300C6473E049FAC80038B00000000260325164452010400000000140400000001150400000002160400000000170200002A020000300136310117CD7E
2026-03-25 16:45:24 - msg_id_0200 ==> 7E02000042660000000002F6A300000000000C000300C6473E049FAC80038B00000000260325164523010400000000140400000001150400000002160400000000170200002A020000300136310114857E
2026-03-25 16:45:55 - msg_id_0200 ==> 7E02000042660000000002F6AE00000000000C000300C64740049FAC88038B00000000260325164554010400000000140400000001150400000002160400000000170200002A020000300136310115887E
2026-03-25 16:46:26 - msg_id_0200 ==> 7E02000042660000000002F6B900000000000C000300C64742049FAC88038B00000000260325164625010400000000140400000001150400000002160400000000170200002A020000300136310116EC7E
2026-03-25 16:46:57 - msg_id_0200 ==> 7E02000042660000000002F6C400000000000C000300C64742049FAC88038B00000000260325164656010400000000140400000001150400000002160400000000170200002A02000030013A310117EF7E
2026-03-25 16:47:28 - msg_id_0200 ==> 7E02000042660000000002F6CF00000000000C000300C64744049FAC88038B00000000260325164727010400000000140400000001150400000002160400000000170200002A02000030013A310116937E
2026-03-25 16:47:59 - msg_id_0200 ==> 7E02000042660000000002F6DA00000000000C000300C64744049FAC88038B00000000260325164758010400000000140400000001150400000002160400000000170200002A02000030013A310115FA7E
2026-03-25 16:48:30 - msg_id_0200 ==> 7E02000042660000000002F6E500000000000C000300C64746049FAC88038B00000000260325164829010400000000140400000001150400000002160400000000170200002A02000030013A310115B97E
2026-03-25 16:49:01 - msg_id_0200 ==> 7E02000042660000000002F6F000000000000C000300C64743049FAC88038B00000000260325164900010400000000140400000001150400000002160400000000170200002A0200003001363101158D7E
2026-03-25 16:49:32 - msg_id_0200 ==> 7E02000042660000000002F6FB00000000000C000300C64745049FAC80038B00000000260325164931010400000000140400000001150400000002160400000000170200002A020000300136310115B97E
2026-03-25 16:50:03 - msg_id_0200 ==> 7E02000042660000000002F70600000000000C000300C64744049FAC88038B00000000260325165002010400000000140400000001150400000002160400000000170200002A020000300136310115667E
2026-03-25 16:50:34 - msg_id_0200 ==> 7E02000042660000000002F71100000000000C000300C64743049FAC80038B00000000260325165033010400000000140400000001150400000002160400000000170200002A0200003001363101154F7E
2026-03-25 16:51:05 - msg_id_0200 ==> 7E02000042660000000002F71C00000000000C000300C64742049FAC80038B00000000260325165104010400000000140400000001150400000002160400000000170200002A020000300136310114747E
2026-03-25 16:51:36 - msg_id_0200 ==> 7E02000042660000000002F72700000000000C000300C64742049FAC80038B00000000260325165135010400000000140400000001150400000002160400000000170200002A0200003001363101157F7E
2026-03-25 16:52:07 - msg_id_0200 ==> 7E02000042660000000002F73200000000000C000300C64742049FAC80038B00000000260325165206010400000000140400000001150400000002160400000000170200002A02000030013A310116557E
2026-03-25 16:52:38 - msg_id_0200 ==> 7E02000042660000000002F73D00000000000C000300C64741049FAC80038B00000000260325165237010400000000140400000001150400000002160400000000170200002A02000030013A3101156B7E
2026-03-25 16:53:09 - msg_id_0200 ==> 7E02000042660000000002F74800000000000C000300C64741049FAC80038B00000000260325165308010400000000140400000001150400000002160400000000170200002A02000030013A310115207E
2026-03-25 16:53:40 - msg_id_0200 ==> 7E02000042660000000002F75300000000000C000300C64742049FAC78038A00000000260325165339010400000000140400000001150400000002160400000000170200002A020000300136310115FC7E
2026-03-25 16:54:11 - msg_id_0200 ==> 7E02000042660000000002F75E00000000000C000300C64742049FAC78038A00000000260325165410010400000000140400000001150400000002160400000000170200002A02000030013D310116D77E
2026-03-25 16:54:42 - msg_id_0200 ==> 7E02000042660000000002F76900000000000C000300C64742049FAC78038A00000000260325165441010400000000140400000001150400000002160400000000170200002A020000300136310117BB7E
2026-03-25 16:55:13 - msg_id_0200 ==> 7E02000042660000000002F77400000000000C000300C64742049FAC78038A00000000260325165512010400000000140400000001150400000002160400000000170200002A020000300136310116F57E
2026-03-25 16:55:43 - msg_id_0200 ==> 7E02000042660000000002F77F00000100000C000300C64740049FAC78038A00000000260325165542010400000000140400000001150400000002160400000000170200002A020000300136310117AC7E
2026-03-25 16:55:48 - msg_id_0200 ==> 7E02000042660000000002F78200000000000C000300C64740049FAC78038A00000000260325165547010400000000140400000001150400000002160400000000170200002A0200003001363101185A7E
2026-03-25 16:56:19 - msg_id_0200 ==> 7E02000042660000000002F78D00000000000C000300C6473F049FAC78038A00000000260325165618010400000000140400000001150400000002160400000000170200002A020000300136310117797E
2026-03-25 16:56:50 - msg_id_0200 ==> 7E02000042660000000002F79800000000000C000300C64740049FAC78038A00000000260325165649010400000000140400000001150400000002160400000000170200002A020000300136310117427E
2026-03-25 16:57:21 - msg_id_0200 ==> 7E02000042660000000002F7A300000000000C000300C64740049FAC78038A00000000260325165720010400000000140400000001150400000002160400000000170200002A0200003001363101181E7E
2026-03-25 16:57:52 - msg_id_0200 ==> 7E02000042660000000002F7AE00000000000C000300C64740049FAC78038A00000000260325165751010400000000140400000001150400000002160400000000170200002A0200003001363101146E7E
2026-03-25 16:58:23 - msg_id_0200 ==> 7E02000042660000000002F7B900000000000C000300C64740049FAC80038A00000000260325165822010400000000140400000001150400000002160400000000170200002A020000300136310116FF7E
2026-03-25 16:58:54 - msg_id_0200 ==> 7E02000042660000000002F7C400000000000C000300C6473E049FAC80038900000000260325165853010400000000140400000001150400000002160400000000170200002A0200003001363101158D7E
2026-03-25 16:59:25 - msg_id_0200 ==> 7E02000042660000000002F7CF00000000000C000300C6473F049FAC80038900000000260325165924010400000000140400000001150400000002160400000000170200002A02000030013A310114FC7E
2026-03-25 16:59:56 - msg_id_0200 ==> 7E02000042660000000002F7DA00000000000C000300C64741049FAC80038900000000260325165955010400000000140400000001150400000002160400000000170200002A02000030013A310116E47E
2026-03-25 17:00:27 - msg_id_0200 ==> 7E02000042660000000002F7E500000000000C000300C64740049FAC80038900000000260325170026010400000000140400000001150400000002160400000000170200002A020000300136310116FD7E
2026-03-25 17:00:58 - msg_id_0200 ==> 7E02000042660000000002F7F000000000000C000300C64740049FAC80038900000000260325170057010400000000140400000001150400000002160400000000170200002A020000300136310116997E
2026-03-25 17:01:29 - msg_id_0200 ==> 7E02000042660000000002F7FB00000000000C000300C64740049FAC80038900000000260325170128010400000000140400000001150400000002160400000000170200002A020000300136310116EC7E
2026-03-25 17:02:00 - msg_id_0200 ==> 7E02000042660000000002F80600000000000C000300C64741049FAC88038900000000260325170159010400000000140400000001150400000002160400000000170200002A020000300136310117677E
2026-03-25 17:02:31 - msg_id_0200 ==> 7E02000042660000000002F81100000000000C000300C64742049FAC88038800000000260325170230010400000000140400000001150400000002160400000000170200002A020000300136310116197E
2026-03-25 17:03:02 - msg_id_0200 ==> 7E02000042660000000002F81C00000000000C000300C64742049FAC88038800000000260325170301010400000000140400000001150400000002160400000000170200002A020000300136310117257E
2026-03-25 17:03:33 - msg_id_0200 ==> 7E02000042660000000002F82700000000000C000300C64742049FAC88038800000000260325170332010400000000140400000001150400000002160400000000170200002A0200003001363101162C7E
2026-03-25 17:04:04 - msg_id_0200 ==> 7E02000042660000000002F83200000000000C000300C64742049FAC88038800000000260325170403010400000000140400000001150400000002160400000000170200002A0200003001363101160F7E
2026-03-25 17:04:35 - msg_id_0200 ==> 7E02000042660000000002F83D00000000000C000300C64742049FAC88038800000000260325170434010400000000140400000001150400000002160400000000170200002A020000300136310117367E
2026-03-25 17:05:06 - msg_id_0200 ==> 7E02000042660000000002F84800000000000C000300C64742049FAC88038800000000260325170505010400000000140400000001150400000002160400000000170200002A020000300136310117737E
2026-03-25 17:05:37 - msg_id_0200 ==> 7E02000042660000000002F85300000000000C000300C64742049FAC88038800000000260325170536010400000000140400000001150400000002160400000000170200002A02000030013A310116567E
2026-03-25 17:06:08 - msg_id_0200 ==> 7E02000042660000000002F85E00000000000C000300C64742049FAC88038800000000260325170607010400000000140400000001150400000002160400000000170200002A02000030013A310116697E
2026-03-25 17:06:39 - msg_id_0200 ==> 7E02000042660000000002F86900000000000C000300C64741049FAC88038800000000260325170638010400000000140400000001150400000002160400000000170200002A0200003001363101146C7E
2026-03-25 17:07:10 - msg_id_0200 ==> 7E02000042660000000002F87400000000000C000300C64743049FAC88038800000000260325170709010400000000140400000001150400000002160400000000170200002A02000030013A310112497E
2026-03-25 17:07:41 - msg_id_0200 ==> 7E02000042660000000002F87F00000100000C000300C64744049FAC90038800000000260325170740010400000000140400000001150400000002160400000000170200002A020000300136310112197E
2026-03-25 17:07:46 - msg_id_0200 ==> 7E02000042660000000002F88200000000000C000300C64745049FAC90038800000000260325170745010400000000140400000001150400000002160400000000170200002A02000030013D310113EB7E
2026-03-25 17:08:17 - msg_id_0200 ==> 7E02000042660000000002F88D00000000000C000300C64747049FAC90038800000000260325170816010400000000140400000001150400000002160400000000170200002A02000030013A310114BA7E
2026-03-25 17:08:48 - msg_id_0200 ==> 7E02000042660000000002F89800000000000C000300C64746049FAC90038800000000260325170847010400000000140400000001150400000002160400000000170200002A02000030013A310114FF7E
2026-03-25 17:09:19 - msg_id_0200 ==> 7E02000042660000000002F8A300000000000C000300C64748049FAC98038800000000260325170918010400000000140400000001150400000002160400000000170200002A02000030013A3101139B7E
2026-03-25 17:09:50 - msg_id_0200 ==> 7E02000042660000000002F8AE00000000000C000300C64749049FAC98038900000000260325170949010400000000140400000001150400000002160400000000170200002A02000030013A310114C07E
2026-03-25 17:10:21 - msg_id_0200 ==> 7E02000042660000000002F8B900000000000C000300C64748049FAC90038900000000260325171020010400000000140400000001150400000002160400000000170200002A02000030013A310113A97E
2026-03-25 17:10:52 - msg_id_0200 ==> 7E02000042660000000002F8C400000000000C000300C64746049FAC90038800000000260325171051010400000000140400000001150400000002160400000000170200002A020000300136310113A67E
2026-03-25 17:11:23 - msg_id_0200 ==> 7E02000042660000000002F8CF00000000000C000300C64744049FAC90038800000000260325171122010400000000140400000001150400000002160400000000170200002A02000030013A310113D17E
2026-03-25 17:11:54 - msg_id_0200 ==> 7E02000042660000000002F8DA00000000000C000300C6473D049FAC90038800000000260325171153010400000000140400000001150400000002160400000000170200002A020000300136310111C27E
2026-03-25 17:12:25 - msg_id_0200 ==> 7E02000042660000000002F8E500000000000C000300C6473D049FAC90038800000000260325171224010400000000140400000001150400000002160400000000170200002A02000030013A310113877E
2026-03-25 17:12:56 - msg_id_0200 ==> 7E02000042660000000002F8F000000000000C000300C6473C049FAC70038800000000260325171255010400000000140400000001150400000002160400000000170200002A0200003001363101120F7E
2026-03-25 17:13:27 - msg_id_0200 ==> 7E02000042660000000002F8FB00000000000C000300C6473E049FAC70038900000000260325171326010400000000140400000001150400000002160400000000170200002A02000030013A310112797E
2026-03-25 17:13:58 - msg_id_0200 ==> 7E02000042660000000002F90600000000000C000300C64742049FAC70038900000000260325171357010400000000140400000001150400000002160400000000170200002A020000300136310113857E
2026-03-25 17:14:29 - msg_id_0200 ==> 7E02000042660000000002F91100000000000C000300C64744049FAC78038900090000260325171428010400000000140400000001150400000002160400000000170200002A020000300136310113ED7E
2026-03-25 17:15:00 - msg_id_0200 ==> 7E02000042660000000002F91C00000000000C000300C64743049FAC78038900000000260325171459010400000000140400000001150400000002160400000000170200002A0200003001363101129E7E
2026-03-25 17:15:31 - msg_id_0200 ==> 7E02000042660000000002F92700000000000C000300C64741049FAC78038A00000000260325171530010400000000140400000001150400000002160400000000170200002A020000300136310112CC7E
2026-03-25 17:16:02 - msg_id_0200 ==> 7E02000042660000000002F93200000000000C000300C6473D049FAC78038A00000000260325171601010400000000140400000001150400000002160400000000170200002A020000300136310113967E
2026-03-25 17:16:33 - msg_id_0200 ==> 7E02000042660000000002F93D00000000000C000300C64739049FAC70038A00000000260325171632010400000000140400000001150400000002160400000000170200002A020000300136310115A07E
2026-03-25 17:17:04 - msg_id_0200 ==> 7E02000042660000000002F94800000000000C000300C64738049FAC70038A00000000260325171703010400000000140400000001150400000002160400000000170200002A02000030013A310114E97E
2026-03-25 17:17:35 - msg_id_0200 ==> 7E02000042660000000002F95300000000000C000300C64739049FAC70038B00000000260325171734010400000000140400000001150400000002160400000000170200002A02000030013D310113C57E
2026-03-25 17:18:06 - msg_id_0200 ==> 7E02000042660000000002F95E00000000000C000300C6473B049FAC70038B00000000260325171805010400000000140400000001150400000002160400000000170200002A020000300136310114F87E
2026-03-25 17:18:37 - msg_id_0200 ==> 7E02000042660000000002F96900000000000C000300C6473B049FAC68038B00000000260325171836010400000000140400000001150400000002160400000000170200002A02000030013A310115E97E
2026-03-25 17:19:08 - msg_id_0200 ==> 7E02000042660000000002F97400000000000C000300C6473C049FAC68038B00000000260325171907010400000000140400000001150400000002160400000000170200002A020000300136310117CD7E
2026-03-25 17:19:38 - msg_id_0200 ==> 7E02000042660000000002F97F00000100000C000300C6473E049FAC68038B00000000260325171937010400000000140400000001150400000002160400000000170200002A02000030013D310117FE7E
2026-03-25 17:19:43 - msg_id_0200 ==> 7E02000042660000000002F98200000000000C000300C6473E049FAC68038B00000000260325171942010400000000140400000001150400000002160400000000170200002A02000030013D310117777E
2026-03-25 17:20:14 - msg_id_0200 ==> 7E02000042660000000002F98D00000000000C000300C64740049FAC68038B00000000260325172013010400000000140400000001150400000002160400000000170200002A02000030013A310117697E
2026-03-25 17:20:45 - msg_id_0200 ==> 7E02000042660000000002F99800000000000C000300C6473F049FAC68038B00000000260325172044010400000000140400000001150400000002160400000000170200002A02000030013D310116527E
2026-03-25 17:21:16 - msg_id_0200 ==> 7E02000042660000000002F9A300000000000C000300C6473C049FAC68038C00000000260325172115010400000000140400000001150400000002160400000000170200002A02000030013D3101143F7E
2026-03-25 17:21:47 - msg_id_0200 ==> 7E02000042660000000002F9AE00000000000C000300C6473C049FAC68038C00000000260325172146010400000000140400000001150400000002160400000000170200002A02000030014D310114117E
2026-03-25 17:22:18 - msg_id_0200 ==> 7E02000042660000000002F9B900000000000C000300C6473B049FAC68038C00000000260325172217010400000000140400000001150400000002160400000000170200002A0200003001503101154F7E
2026-03-25 17:22:49 - msg_id_0200 ==> 7E02000042660000000002F9C400000000000C000300C64739049FAC60038C00000000260325172248010400000000140400000001150400000002160400000000170200002A020000300150310115677E
2026-03-25 17:23:20 - msg_id_0200 ==> 7E02000042660000000002F9CF00000000000C000300C64738049FAC60038C00000000260325172319010400000000140400000001150400000002160400000000170200002A0200003001503101153D7E
2026-03-25 17:23:51 - msg_id_0200 ==> 7E02000042660000000002F9DA00000000000C000300C64733049FAC60038B00000000260325172350010400000000140400000001150400000002160400000000170200002A0200003001503101156D7E
2026-03-25 17:24:22 - msg_id_0200 ==> 7E02000042660000000002F9E500000000000C000300C6472D049FAC68038C00000000260325172421010400000000140400000001150400000002160400000000170200002A020000300150310115357E
2026-03-25 17:24:53 - msg_id_0200 ==> 7E02000042660000000002F9F000000000000C000300C64728049FAC68038C00000000260325172452010400000000140400000001150400000002160400000000170200002A020000300150310116557E
2026-03-25 17:25:24 - msg_id_0200 ==> 7E02000042660000000002F9FB00000000000C000300C64727049FAC68038C00000000260325172523010400000000140400000001150400000002160400000000170200002A020000300150310114237E
2026-03-25 17:25:55 - msg_id_0200 ==> 7E02000042660000000002FA0600000000000C000300C64721049FAC68038C00000000260325172554010400000000140400000001150400000002160400000000170200002A020000300153310114AF7E
2026-03-25 17:26:26 - msg_id_0200 ==> 7E02000042660000000002FA1100000000000C000300C6471D049FAC68038C00000000260325172625010400000000140400000001150400000002160400000000170200002A020000300153310112F07E
2026-03-25 17:26:57 - msg_id_0200 ==> 7E02000042660000000002FA1C00000000000C000300C6471D049FAC68038D00000000260325172656010400000000140400000001150400000002160400000000170200002A0200003001533101118C7E
2026-03-25 17:27:28 - msg_id_0200 ==> 7E02000042660000000002FA2700000000000C000300C6471D049FAC68038D00000000260325172727010400000000140400000001150400000002160400000000170200002A020000300153310114C27E
2026-03-25 17:27:59 - msg_id_0200 ==> 7E02000042660000000002FA3200000000000C000300C6471F049FAC70038D00000000260325172758010400000000140400000001150400000002160400000000170200002A020000300150310113B67E
2026-03-25 17:28:30 - msg_id_0200 ==> 7E02000042660000000002FA3D00000000000C000300C64721049FAC70038D00000000260325172829010400000000140400000001150400000002160400000000170200002A020000300150310114FE7E
2026-03-25 17:29:01 - msg_id_0200 ==> 7E02000042660000000002FA4800000000000C000300C64723049FAC78038D00000000260325172900010400000000140400000001150400000002160400000000170200002A020000300150310114A97E
2026-03-25 17:29:32 - msg_id_0200 ==> 7E02000042660000000002FA5300000000000C000300C64729049FAC80038D00000000260325172931010400000000140400000001150400000002160400000000170200002A020000300150310114717E
2026-03-25 17:30:03 - msg_id_0200 ==> 7E02000042660000000002FA5E00000000000C000300C6472A049FAC80038D00000000260325173002010400000000140400000001150400000002160400000000170200002A020000300153310110527E
2026-03-25 17:30:34 - msg_id_0200 ==> 7E02000042660000000002FA6900000000000C000300C6472A049FAC88038D00000000260325173033010400000000140400000001150400000002160400000000170200002A0200003001503101135C7E
2026-03-25 17:31:05 - msg_id_0200 ==> 7E02000042660000000002FA7400000000000C000300C6472D049FAC88038D00000000260325173104010400000000140400000001150400000002160400000000170200002A020000300153310114747E
2026-03-25 17:31:36 - msg_id_0200 ==> 7E02000042660000000002FA7F00000100000C000300C64730049FAC90038D00000000260325173135010400000000140400000001150400000002160400000000170200002A0200003001533101154B7E
2026-03-25 17:31:41 - msg_id_0200 ==> 7E02000042660000000002FA8200000000000C000300C64730049FAC90038E00000000260325173140010400000000140400000001150400000002160400000000170200002A020000300153310116C27E
2026-03-25 17:32:12 - msg_id_0200 ==> 7E02000042660000000002FA8D00000000000C000300C64731049FAC90038E00000000260325173211010400000000140400000001150400000002160400000000170200002A0200003001533101159D7E
2026-03-25 17:32:43 - msg_id_0200 ==> 7E02000042660000000002FA9800000000000C000300C64730049FAC90038E00000000260325173242010400000000140400000001150400000002160400000000170200002A020000300153310116D97E
2026-03-25 17:33:14 - msg_id_0200 ==> 7E02000042660000000002FAA300000000000C000300C64730049FAC90038E00000000260325173313010400000000140400000001150400000002160400000000170200002A020000300153310116B27E
2026-03-25 17:33:45 - msg_id_0200 ==> 7E02000042660000000002FAAE00000000000C000300C64732049FAC90038E00000000260325173344010400000000140400000001150400000002160400000000170200002A020000300153310115E97E
2026-03-25 17:34:16 - msg_id_0200 ==> 7E02000042660000000002FAB900000000000C000300C64735049FAC98038E00000000260325173415010400000000140400000001150400000002160400000000170200002A020000300153310115A77E
2026-03-25 17:34:47 - msg_id_0200 ==> 7E02000042660000000002FAC400000000000C000300C64734049FAC98038E00000000260325173446010400000000140400000001150400000002160400000000170200002A0200003001533101178A7E
2026-03-25 17:35:18 - msg_id_0200 ==> 7E02000042660000000002FACF00000000000C000300C64734049FAC98038E00000000260325173517010400000000140400000001150400000002160400000000170200002A020000300153310117D17E
2026-03-25 17:35:49 - msg_id_0200 ==> 7E02000042660000000002FADA00000000000C000300C64733049FAC98038E00000000260325173548010400000000140400000001150400000002160400000000170200002A0200003001533101169D7E
2026-03-25 17:36:20 - msg_id_0200 ==> 7E02000042660000000002FAE500000000000C000300C64734049FAC98038E00000000260325173619010400000000140400000001150400000002160400000000170200002A020000300153310117F67E
2026-03-25 17:36:51 - msg_id_0200 ==> 7E02000042660000000002FAF000000000000C000300C64735049FAC98038E00000000260325173650010400000000140400000001150400000002160400000000170200002A020000300153310117AB7E
2026-03-25 17:37:22 - msg_id_0200 ==> 7E02000042660000000002FAFB00000000000C000300C64735049FAC98038E00000000260325173721010400000000140400000001150400000002160400000000170200002A020000300153310117D07E
2026-03-25 17:37:53 - msg_id_0200 ==> 7E02000042660000000002FB0600000000000C000300C64735049FAC98038F00000000260325173752010400000000140400000001150400000002160400000000170200002A0200003001573101165B7E
2026-03-25 17:38:24 - msg_id_0200 ==> 7E02000042660000000002FB1100000000000C000300C64736049FAC98038E00000000260325173823010400000000140400000001150400000002160400000000170200002A020000300153310116347E
2026-03-25 17:38:55 - msg_id_0200 ==> 7E02000042660000000002FB1C00000000000C000300C64736049FAC98038E00000000260325173854010400000000140400000001150400000002160400000000170200002A0200003001533101174F7E
2026-03-25 17:39:26 - msg_id_0200 ==> 7E02000042660000000002FB2700000000000C000300C64737049FAC98038E00000000260325173925010400000000140400000001150400000002160400000000170200002A020000300153310116047E
2026-03-25 17:39:57 - msg_id_0200 ==> 7E02000042660000000002FB3200000000000C000300C64735049FAC90038E00000000260325173956010400000000140400000001150400000002160400000000170200002A0200003001533101146A7E
2026-03-25 17:40:28 - msg_id_0200 ==> 7E02000042660000000002FB3D00000000000C000300C64733049FAC90038E00000000260325174027010400000000140400000001150400000002160400000000170200002A0200003001533101156A7E
2026-03-25 17:40:59 - msg_id_0200 ==> 7E02000042660000000002FB4800000000000C000300C64735049FAC90038E00000000260325174058010400000000140400000001150400000002160400000000170200002A020000300153310116657E
2026-03-25 17:41:30 - msg_id_0200 ==> 7E02000042660000000002FB5300000000000C000300C64736049FAC90038E00000000260325174129010400000000140400000001150400000002160400000000170200002A0200003001533101140F7E
2026-03-25 17:42:01 - msg_id_0200 ==> 7E02000042660000000002FB5E00000000000C000300C64733049FAC90038E00000000260325174200010400000000140400000001150400000002160400000000170200002A0200003001533101172E7E
2026-03-25 17:42:32 - msg_id_0200 ==> 7E02000042660000000002FB6900000000000C000300C64734049FAC88038E00000000260325174231010400000000140400000001150400000002160400000000170200002A020000300153310115357E
2026-03-25 17:43:03 - msg_id_0200 ==> 7E02000042660000000002FB7400000000000C000300C64735049FAC88038E00000000260325174302010400000000140400000001150400000002160400000000170200002A020000300153310116187E
2026-03-25 17:43:33 - msg_id_0200 ==> 7E02000042660000000002FB7F00000100000C000300C64736049FAC80038E00000000260325174332010400000000140400000001150400000002160400000000170200002A0200003001533101152A7E
2026-03-25 17:43:38 - msg_id_0200 ==> 7E02000042660000000002FB8200000000000C000300C64736049FAC80038E00000000260325174337010400000000140400000001150400000002160400000000170200002A020000300153310115D37E
2026-03-25 17:44:09 - msg_id_0200 ==> 7E02000042660000000002FB8D00000000000C000300C64739049FAC78038F00000000260325174408010400000000140400000001150400000002160400000000170200002A020000300153310116117E
2026-03-25 17:44:40 - msg_id_0200 ==> 7E02000042660000000002FB9800000000000C000300C64738049FAC78038F00000000260325174439010400000000140400000001150400000002160400000000170200002A020000300150310118397E
2026-03-25 17:45:11 - msg_id_0200 ==> 7E02000042660000000002FBA300000000000C000300C6473A049FAC78038F00000000260325174510010400000000140400000001150400000002160400000000170200002A020000300153310117247E
2026-03-25 17:45:42 - msg_id_0200 ==> 7E02000042660000000002FBAE00000000000C000300C6473B049FAC70038F00000000260325174541010400000000140400000001150400000002160400000000170200002A020000300150310117727E
2026-03-25 17:46:13 - msg_id_0200 ==> 7E02000042660000000002FBB900000000000C000300C6473A049FAC70038F00000000260325174612010400000000140400000001150400000002160400000000170200002A020000300150310114377E
2026-03-25 17:46:44 - msg_id_0200 ==> 7E02000042660000000002FBC400000000000C000300C64738049FAC68038F00000000260325174643010400000000140400000001150400000002160400000000170200002A020000300150310114017E
2026-03-25 17:47:15 - msg_id_0200 ==> 7E02000042660000000002FBCF00000000000C000300C64739049FAC68038F00000000260325174714010400000000140400000001150400000002160400000000170200002A0200003001503101155C7E
2026-03-25 17:47:46 - msg_id_0200 ==> 7E02000042660000000002FBDA00000000000C000300C6473A049FAC60038F00000000260325174745010400000000140400000001150400000002160400000000170200002A020000300150310117117E
2026-03-25 17:48:17 - msg_id_0200 ==> 7E02000042660000000002FBE500000000000C000300C6473B049FAC60038F00000000260325174816010400000000140400000001150400000002160400000000170200002A020000300150310114707E
2026-03-25 17:48:48 - msg_id_0200 ==> 7E02000042660000000002FBF000000000000C000300C6473C049FAC60038F00000000260325174847010400000000140400000001150400000002160400000000170200002A020000300153310117337E
2026-03-25 17:49:19 - msg_id_0200 ==> 7E02000042660000000002FBFB00000000000C000300C64737049FAC58038F00000000260325174918010400000000140400000001150400000002160400000000170200002A020000300153310116547E
2026-03-25 17:49:50 - msg_id_0200 ==> 7E02000042660000000002FC0600000000000C000300C6473B049FAC50038F00000000260325174949010400000000140400000001150400000002160400000000170200002A020000300153310117FA7E
2026-03-25 17:50:21 - msg_id_0200 ==> 7E02000042660000000002FC1100000000000C000300C6473F049FAC50038F00000000260325175020010400000000140400000001150400000002160400000000170200002A020000300153310117997E
2026-03-25 17:50:52 - msg_id_0200 ==> 7E02000042660000000002FC1C00000000000C000300C6473E049FAC50039000000000260325175051010400000000140400000001150400000002160400000000170200002A020000300153310117FB7E
2026-03-25 17:51:23 - msg_id_0200 ==> 7E02000042660000000002FC2700000000000C000300C64737049FAC50039000000000260325175122010400000000140400000001150400000002160400000000170200002A020000300153310116BA7E
2026-03-25 17:51:54 - msg_id_0200 ==> 7E02000042660000000002FC3200000000000C000300C64739049FAC50039000000000260325175153010400000000140400000001150400000002160400000000170200002A020000300153310117D17E
2026-03-25 17:52:25 - msg_id_0200 ==> 7E02000042660000000002FC3D00000000000C000300C64738049FAC50039000000000260325175224010400000000140400000001150400000002160400000000170200002A020000300153310117AB7E
2026-03-25 17:52:56 - msg_id_0200 ==> 7E02000042660000000002FC4800000000000C000300C6473B049FAC50039100000000260325175255010400000000140400000001150400000002160400000000170200002A020000300153310117AD7E
2026-03-25 17:53:27 - msg_id_0200 ==> 7E02000042660000000002FC5300000000000C000300C6473D049FAC50039100000000260325175326010400000000140400000001150400000002160400000000170200002A020000300153310116C37E
2026-03-25 17:53:58 - msg_id_0200 ==> 7E02000042660000000002FC5E00000000000C000300C6473C049FAC50039100000000260325175357010400000000140400000001150400000002160400000000170200002A020000300153310117BF7E
2026-03-25 17:54:29 - msg_id_0200 ==> 7E02000042660000000002FC6900000000000C000300C6473B049FAC50039200000000260325175428010400000000140400000001150400000002160400000000170200002A020000300153310116F57E
2026-03-25 17:55:00 - msg_id_0200 ==> 7E02000042660000000002FC7400000000000C000300C6473D049FAC58039200000000260325175459010400000000140400000001150400000002160400000000170200002A020000300153310116977E
2026-03-25 17:55:31 - msg_id_0200 ==> 7E02000042660000000002FC7F00000100000C000300C6473D049FAC58039100000000260325175530010400000000140400000001150400000002160400000000170200002A020000300153310113F37E
2026-03-25 17:55:36 - msg_id_0200 ==> 7E02000042660000000002FC8200000000000C000300C6473D049FAC60039100000000260325175535010400000000140400000001150400000002160400000000170200002A020000300153310113327E
2026-03-25 17:56:07 - msg_id_0200 ==> 7E02000042660000000002FC8D00000000000C000300C6473F049FAC68039100000000260325175606010400000000140400000001150400000002160400000000170200002A020000300153310116027E
2026-03-25 17:56:38 - msg_id_0200 ==> 7E02000042660000000002FC9800000000000C000300C64741049FAC70039100000000260325175637010400000000140400000001150400000002160400000000170200002A020000300153310115437E
2026-03-25 17:57:09 - msg_id_0200 ==> 7E02000042660000000002FCA300000000000C000300C64740049FAC70039100000000260325175708010400000000140400000001150400000002160400000000170200002A020000300153310115477E
2026-03-25 17:57:40 - msg_id_0200 ==> 7E02000042660000000002FCAE00000000000C000300C64741049FAC70039100000000260325175739010400000000140400000001150400000002160400000000170200002A0200003001533101157A7E
2026-03-25 17:58:11 - msg_id_0200 ==> 7E02000042660000000002FCB900000000000C000300C64743049FAC70039100000000260325175810010400000000140400000001150400000002160400000000170200002A020000300153310115497E
2026-03-25 17:58:42 - msg_id_0200 ==> 7E02000042660000000002FCC400000000000C000300C64745049FAC70039100000000260325175841010400000000140400000001150400000002160400000000170200002A020000300153310115637E
2026-03-25 17:59:13 - msg_id_0200 ==> 7E02000042660000000002FCCF00000000000C000300C64743049FAC70039100000000260325175912010400000000140400000001150400000002160400000000170200002A0200003001533101143D7E
2026-03-25 17:59:44 - msg_id_0200 ==> 7E02000042660000000002FCDA00000000000C000300C64742049FAC70039100000000260325175943010400000000140400000001150400000002160400000000170200002A0200003001533101127D027E
2026-03-25 18:00:15 - msg_id_0200 ==> 7E02000042660000000002FCE500000000000C000300C64740049FAC70039200000000260325180014010400000000140400000001150400000002160400000000170200002A020000300153310113407E
2026-03-25 18:00:46 - msg_id_0200 ==> 7E02000042660000000002FCF000000000000C000300C6473F049FAC78039200000000260325180045010400000000140400000001150400000002160400000000170200002A020000300153310116767E
2026-03-25 18:01:17 - msg_id_0200 ==> 7E02000042660000000002FCFB00000000000C000300C6473D049FAC78039200000000260325180116010400000000140400000001150400000002160400000000170200002A020000300153310112297E
2026-03-25 18:01:48 - msg_id_0200 ==> 7E02000042660000000002FD0600000000000C000300C64740049FAC78039200000000260325180147010400000000140400000001150400000002160400000000170200002A020000300153310111FA7E
2026-03-25 18:02:19 - msg_id_0200 ==> 7E02000042660000000002FD1100000000000C000300C64741049FAC80039200000000260325180218010400000000140400000001150400000002160400000000170200002A0200003001533101134A7E
2026-03-25 18:02:50 - msg_id_0200 ==> 7E02000042660000000002FD1C00000000000C000300C6473F049FAC80039200000000260325180249010400000000140400000001150400000002160400000000170200002A020000300153310113687E
2026-03-25 18:03:21 - msg_id_0200 ==> 7E02000042660000000002FD2700000000000C000300C6473E049FAC80039200000000260325180320010400000000140400000001150400000002160400000000170200002A0200003001533101143D7E
2026-03-25 18:03:52 - msg_id_0200 ==> 7E02000042660000000002FD3200000000000C000300C6473E049FAC80039200000000260325180351010400000000140400000001150400000002160400000000170200002A0200003001533101135E7E
2026-03-25 18:04:23 - msg_id_0200 ==> 7E02000042660000000002FD3D00000000000C000300C6473F049FAC80039200000000260325180422010400000000140400000001150400000002160400000000170200002A020000300153310114237E
2026-03-25 18:04:54 - msg_id_0200 ==> 7E02000042660000000002FD4800000000000C000300C64741049FAC80039200000000260325180453010400000000140400000001150400000002160400000000170200002A020000300153310115587E
2026-03-25 18:05:25 - msg_id_0200 ==> 7E02000042660000000002FD5300000000000C000300C64742049FAC88039200000000260325180524010400000000140400000001150400000002160400000000170200002A0200003001533101143F7E
2026-03-25 18:05:56 - msg_id_0200 ==> 7E02000042660000000002FD5E00000000000C000300C64744049FAC88039200000000260325180555010400000000140400000001150400000002160400000000170200002A020000300153310115447E
2026-03-25 18:06:27 - msg_id_0200 ==> 7E02000042660000000002FD6900000000000C000300C64744049FAC88039200000000260325180626010400000000140400000001150400000002160400000000170200002A020000300153310115037E
2026-03-25 18:06:58 - msg_id_0200 ==> 7E02000042660000000002FD7400000000000C000300C64745049FAC88039200000000260325180657010400000000140400000001150400000002160400000000170200002A0200003001503101156D7E
2026-03-25 18:07:28 - msg_id_0200 ==> 7E02000042660000000002FD7F00000100000C000300C64749049FAC88039200000000260325180727010400000000140400000001150400000002160400000000170200002A0200003001503101141B7E
2026-03-25 18:07:33 - msg_id_0200 ==> 7E02000042660000000002FD8200000000000C000300C6474A049FAC88039200000000260325180733010400000000140400000001150400000002160400000000170200002A020000300153310114F37E
2026-03-25 18:08:05 - msg_id_0200 ==> 7E02000042660000000002FD8D00000000000C000300C64749049FAC88039200000000260325180804010400000000140400000001150400000002160400000000170200002A020000300153310115C67E
2026-03-25 18:08:36 - msg_id_0200 ==> 7E02000042660000000002FD9800000000000C000300C64749049FAC90039200000000260325180835010400000000140400000001150400000002160400000000170200002A020000300153310115FA7E
2026-03-25 18:09:07 - msg_id_0200 ==> 7E02000042660000000002FDA300000000000C000300C64749049FAC90039200000000260325180906010400000000140400000001150400000002160400000000170200002A020000300150310114F17E
2026-03-25 18:09:38 - msg_id_0200 ==> 7E02000042660000000002FDAE00000000000C000300C6474A049FAC98039200000000260325180937010400000000140400000001150400000002160400000000170200002A020000300140310115D77E
2026-03-25 18:10:09 - msg_id_0200 ==> 7E02000042660000000002FDB900000000000C000300C64749049FACA0039100000000260325181008010400000000140400000001150400000002160400000000170200002A020000300140310116DD7E
2026-03-25 18:10:40 - msg_id_0200 ==> 7E02000042660000000002FDC400000000000C000300C64749049FACA0039100000000260325181039010400000000140400000001150400000002160400000000170200002A020000300140310116917E
2026-03-25 18:11:11 - msg_id_0200 ==> 7E02000042660000000002FDCF00000000000C000300C6474B049FACA8039100000000260325181110010400000000140400000001150400000002160400000000170200002A02000030013D310112C17E
2026-03-25 18:11:42 - msg_id_0200 ==> 7E02000042660000000002FDDA00000000000C000300C6474B049FACA8039100000000260325181141010400000000140400000001150400000002160400000000170200002A020000300140310115FF7E
2026-03-25 18:12:13 - msg_id_0200 ==> 7E02000042660000000002FDE500000000000C000300C6474A049FACB0039100000000260325181212010400000000140400000001150400000002160400000000170200002A0200003001403101178B7E
2026-03-25 18:12:44 - msg_id_0200 ==> 7E02000042660000000002FDF000000000000C000300C64749049FACB0039100000000260325181243010400000000140400000001150400000002160400000000170200002A020000300140310115CE7E
2026-03-25 18:13:15 - msg_id_0200 ==> 7E02000042660000000002FDFB00000000000C000300C64748049FACB0039100000000260325181314010400000000140400000001150400000002160400000000170200002A020000300140310116917E
2026-03-25 18:13:46 - msg_id_0200 ==> 7E02000042660000000002FE0600000000000C000300C64747049FACB0039100000000260325181345010400000000140400000001150400000002160400000000170200002A020000300140310117307E
2026-03-25 18:14:17 - msg_id_0200 ==> 7E02000042660000000002FE1100000000000C000300C64745049FACB0039100000000260325181416010400000000140400000001150400000002160400000000170200002A020000300140310115737E
2026-03-25 18:14:48 - msg_id_0200 ==> 7E02000042660000000002FE1C00000000000C000300C64744049FACB0039000000000260325181447010400000000140400000001150400000002160400000000170200002A0200003001403101172D7E
2026-03-25 18:15:19 - msg_id_0200 ==> 7E02000042660000000002FE2700000000000C000300C64742049FACB0039000000000260325181518010400000000140400000001150400000002160400000000170200002A0200003001403101154C7E
2026-03-25 18:15:50 - msg_id_0200 ==> 7E02000042660000000002FE3200000000000C000300C64742049FACB0039000000000260325181549010400000000140400000001150400000002160400000000170200002A020000300140310115087E
2026-03-25 18:16:21 - msg_id_0200 ==> 7E02000042660000000002FE3D00000000000C000300C64743049FACB0039000000000260325181620010400000000140400000001150400000002160400000000170200002A0200003001403101146D7E
2026-03-25 18:16:52 - msg_id_0200 ==> 7E02000042660000000002FE4800000000000C000300C64743049FACB8039000000000260325181651010400000000140400000001150400000002160400000000170200002A020000300140310117627E
2026-03-25 18:17:23 - msg_id_0200 ==> 7E02000042660000000002FE5300000000000C000300C64744049FACB8039000000000260325181722010400000000140400000001150400000002160400000000170200002A0200003001403101150E7E
2026-03-25 18:17:54 - msg_id_0200 ==> 7E02000042660000000002FE5E00000000000C000300C64742049FACB8038F00000000260325181753010400000000140400000001150400000002160400000000170200002A020000300140310116687E
2026-03-25 18:18:25 - msg_id_0200 ==> 7E02000042660000000002FE6900000000000C000300C64744049FACB8038F00000000260325181824010400000000140400000001150400000002160400000000170200002A020000300140310115227E
2026-03-25 18:18:56 - msg_id_0200 ==> 7E02000042660000000002FE7400000000000C000300C64745049FACB8038F00000000260325181855010400000000140400000001150400000002160400000000170200002A0200003001403101164C7E
2026-03-25 18:19:26 - msg_id_0200 ==> 7E02000042660000000002FE7F00000100000C000300C64746049FACB8038F00000000260325181925010400000000140400000001150400000002160400000000170200002A020000300140310114367E
2026-03-25 18:19:31 - msg_id_0200 ==> 7E02000042660000000002FE8200000000000C000300C64746049FACB8038F00000000260325181930010400000000140400000001150400000002160400000000170200002A020000300140310114DF7E
2026-03-25 18:20:02 - msg_id_0200 ==> 7E02000042660000000002FE8D00000000000C000300C64746049FACB8038F00000000260325182001010400000000140400000001150400000002160400000000170200002A020000300140310114D87E
2026-03-25 18:20:33 - msg_id_0200 ==> 7E02000042660000000002FE9800000000000C000300C64744049FACB8038F00000000260325182032010400000000140400000001150400000002160400000000170200002A020000300140310114FC7E
2026-03-25 18:21:04 - msg_id_0200 ==> 7E02000042660000000002FEA300000000000C000300C64745049FACB8038F00000000260325182103010400000000140400000001150400000002160400000000170200002A020000300140310115F77E
2026-03-25 18:21:35 - msg_id_0200 ==> 7E02000042660000000002FEAE00000000000C000300C64743049FACC0038F00000000260325182134010400000000140400000001150400000002160400000000170200002A020000300140310115B37E
2026-03-25 18:22:06 - msg_id_0200 ==> 7E02000042660000000002FEB900000000000C000300C64742049FACC0038F00000000260325182205010400000000140400000001150400000002160400000000170200002A020000300140310114967E
2026-03-25 18:22:37 - msg_id_0200 ==> 7E02000042660000000002FEC400000000000C000300C6473E049FACC0038F00000000260325182236010400000000140400000001150400000002160400000000170200002A020000300140310115A57E
2026-03-25 18:23:08 - msg_id_0200 ==> 7E02000042660000000002FECF00000000000C000300C64739049FACC0038F00000000260325182307010400000000140400000001150400000002160400000000170200002A02000030013D310115E47E
2026-03-25 18:23:39 - msg_id_0200 ==> 7E02000042660000000002FEDA00000000000C000300C64736049FACB8038F00000000260325182338010400000000140400000001150400000002160400000000170200002A020000300140310113C27E
2026-03-25 18:24:10 - msg_id_0200 ==> 7E02000042660000000002FEE500000000000C000300C64736049FACB8038F00000000260325182409010400000000140400000001150400000002160400000000170200002A020000300140310114CC7E
2026-03-25 18:24:41 - msg_id_0200 ==> 7E02000042660000000002FEF000000000000C000300C64735049FACB8038F00000000260325182440010400000000140400000001150400000002160400000000170200002A020000300140310114937E
2026-03-25 18:25:12 - msg_id_0200 ==> 7E02000042660000000002FEFB00000000000C000300C64734049FACB8038F00000000260325182511010400000000140400000001150400000002160400000000170200002A020000300140310112CF7E
2026-03-25 18:25:43 - msg_id_0200 ==> 7E02000042660000000002FF0600000000000C000300C64735049FACC0038F00000000260325182542010400000000140400000001150400000002160400000000170200002A020000300140310113187E
2026-03-25 18:26:14 - msg_id_0200 ==> 7E02000042660000000002FF1100000000000C000300C64737049FACC0038F00000000260325182613010400000000140400000001150400000002160400000000170200002A0200003001403101115D7E
2026-03-25 18:26:45 - msg_id_0200 ==> 7E02000042660000000002FF1C00000000000C000300C64735049FACC0038F00000000260325182644010400000000140400000001150400000002160400000000170200002A020000300140310112067E
2026-03-25 18:27:16 - msg_id_0200 ==> 7E02000042660000000002FF2700000000000C000300C64735049FACC0038F00000000260325182715010400000000140400000001150400000002160400000000170200002A0200003001403101136C7E
2026-03-25 18:27:47 - msg_id_0200 ==> 7E02000042660000000002FF3200000000000C000300C64735049FACB8038F00000000260325182746010400000000140400000001150400000002160400000000170200002A020000300140310113527E
2026-03-25 18:28:18 - msg_id_0200 ==> 7E02000042660000000002FF3D00000000000C000300C64735049FACB8038F00000000260325182817010400000000140400000001150400000002160400000000170200002A02000030013D310114797E
2026-03-25 18:28:49 - msg_id_0200 ==> 7E02000042660000000002FF4800000000000C000300C64737049FACB8038F00000000260325182848010400000000140400000001150400000002160400000000170200002A0200003001403101142C7E
2026-03-25 18:29:20 - msg_id_0200 ==> 7E02000042660000000002FF5300000000000C000300C64736049FACB0038F00000000260325182919010400000000140400000001150400000002160400000000170200002A020000300140310113697E
2026-03-25 18:29:51 - msg_id_0200 ==> 7E02000042660000000002FF5E00000000000C000300C64736049FACB0038F00000000260325182950010400000000140400000001150400000002160400000000170200002A0200003001403101142A7E
2026-03-25 18:30:22 - msg_id_0200 ==> 7E02000042660000000002FF6900000000000C000300C64738049FACB0038F00000000260325183021010400000000140400000001150400000002160400000000170200002A0200003001403101157A7E
2026-03-25 18:30:53 - msg_id_0200 ==> 7E02000042660000000002FF7400000000000C000300C64738049FACB0038F00000000260325183052010400000000140400000001150400000002160400000000170200002A020000300140310115147E
2026-03-25 18:31:24 - msg_id_0200 ==> 7E02000042660000000002FF7F00000100000C000300C64739049FACA8038F00000000260325183123010400000000140400000001150400000002160400000000170200002A020000300140310115777E
2026-03-25 18:31:29 - msg_id_0200 ==> 7E02000042660000000002FF8200000000000C000300C64739049FACA8038F00000000260325183128010400000000140400000001150400000002160400000000170200002A020000300140310115807E
2026-03-25 18:32:00 - msg_id_0200 ==> 7E02000042660000000002FF8D00000000000C000300C6473B049FACA8038F00000000260325183159010400000000140400000001150400000002160400000000170200002A02000030013A310115867E
2026-03-25 18:32:31 - msg_id_0200 ==> 7E02000042660000000002FF9800000000000C000300C6473C049FACA8038F00000000260325183230010400000000140400000001150400000002160400000000170200002A020000300140310113827E
2026-03-25 18:33:02 - msg_id_0200 ==> 7E02000042660000000002FFA300000000000C000300C64741049FACB0038F00000000260325183301010400000000140400000001150400000002160400000000170200002A020000300140310114EB7E
2026-03-25 18:33:33 - msg_id_0200 ==> 7E02000042660000000002FFAE00000000000C000300C6474A049FACB0038F00000000260325183332010400000000140400000001150400000002160400000000170200002A020000300140310114DE7E
2026-03-25 18:34:04 - msg_id_0200 ==> 7E02000042660000000002FFB900000000000C000300C6474A049FACB8038F00000000260325183403010400000000140400000001150400000002160400000000170200002A020000300140310115F67E
2026-03-25 18:34:35 - msg_id_0200 ==> 7E02000042660000000002FFC400000000000C000300C64749049FACB8038F00000000260325183434010400000000140400000001150400000002160400000000170200002A02000030013A310114C47E
2026-03-25 18:35:06 - msg_id_0200 ==> 7E02000042660000000002FFCF00000000000C000300C64747049FACB8038F00000000260325183505010400000000140400000001150400000002160400000000170200002A0200003001403101148B7E
2026-03-25 18:35:37 - msg_id_0200 ==> 7E02000042660000000002FFDA00000000000C000300C64748049FACC0038F00000000260325183536010400000000140400000001150400000002160400000000170200002A02000030013D310114A77E
2026-03-25 18:36:08 - msg_id_0200 ==> 7E02000042660000000002FFE500000000000C000300C64749049FACC0038F00000000260325183607010400000000140400000001150400000002160400000000170200002A02000030013D310116A97E
2026-03-25 18:36:39 - msg_id_0200 ==> 7E02000042660000000002FFF000000000000C000300C64749049FACC0038F00000000260325183638010400000000140400000001150400000002160400000000170200002A02000030013D310115807E
2026-03-25 18:37:10 - msg_id_0200 ==> 7E02000042660000000002FFFB00000000000C000300C6474A049FACB8038F00000000260325183709010400000000140400000001150400000002160400000000170200002A02000030013D310115C07E
2026-03-25 18:37:41 - msg_id_0200 ==> 7E02000042660000000002000600000000000C000300C6474C049FACB8038F00000000260325183740010400000000140400000001150400000002160400000000170200002A02000030013D3101158D7E
2026-03-25 18:38:12 - msg_id_0200 ==> 7E02000042660000000002001100000000000C000300C6474A049FACB8038F00000000260325183811010400000000140400000001150400000002160400000000170200002A02000030013D310116C17E
2026-03-25 18:38:43 - msg_id_0200 ==> 7E02000042660000000002001C00000000000C000300C6474A049FACB0038F00000000260325183842010400000000140400000001150400000002160400000000170200002A02000030013D310114957E
2026-03-25 18:39:14 - msg_id_0200 ==> 7E02000042660000000002002700000000000C000300C6474B049FACB0038F00000000260325183913010400000000140400000001150400000002160400000000170200002A02000030013D310115FE7E
2026-03-25 18:39:45 - msg_id_0200 ==> 7E02000042660000000002003200000000000C000300C6474D049FACB0038F00000000260325183944010400000000140400000001150400000002160400000000170200002A02000030013D310114BB7E
2026-03-25 18:40:16 - msg_id_0200 ==> 7E02000042660000000002003D00000000000C000300C6474D049FACB8038F00000000260325184015010400000000140400000001150400000002160400000000170200002A02000030013D310116967E
2026-03-25 18:40:47 - msg_id_0200 ==> 7E02000042660000000002004800000000000C000300C6474D049FACB8038F00000000260325184046010400000000140400000001150400000002160400000000170200002A02000030013D310116B07E
2026-03-25 18:41:18 - msg_id_0200 ==> 7E02000042660000000002005300000000000C000300C6474D049FACB8038F00000000260325184117010400000000140400000001150400000002160400000000170200002A02000030013D310116FB7E
2026-03-25 18:41:49 - msg_id_0200 ==> 7E02000042660000000002005E00000000000C000300C6474D049FACB0038F00000000260325184148010400000000140400000001150400000002160400000000170200002A02000030013D310116A17E
2026-03-25 18:42:20 - msg_id_0200 ==> 7E02000042660000000002006900000000000C000300C6474F049FACB0038F00000000260325184219010400000000140400000001150400000002160400000000170200002A02000030013D310117C77E
2026-03-25 18:42:51 - msg_id_0200 ==> 7E02000042660000000002007400000000000C000300C64751049FACB0038F00000000260325184250010400000000140400000001150400000002160400000000170200002A02000030013D3101158F7E
2026-03-25 18:43:21 - msg_id_0200 ==> 7E02000042660000000002007F00000100000C000300C64752049FACA8038E00000000260325184320010400000000140400000001150400000002160400000000170200002A02000030013D310116ED7E
2026-03-25 18:43:26 - msg_id_0200 ==> 7E02000042660000000002008200000000000C000300C64753049FACA8038E00000000260325184325010400000000140400000001150400000002160400000000170200002A02000030013D310116157E
2026-03-25 18:43:57 - msg_id_0200 ==> 7E02000042660000000002008D00000000000C000300C64756049FACB0038F00000000260325184356010400000000140400000001150400000002160400000000170200002A02000030013D310114777E
2026-03-25 18:44:28 - msg_id_0200 ==> 7E02000042660000000002009800000000000C000300C64754049FACB0038E00000000260325184427010400000000140400000001150400000002160400000000170200002A02000030013D310114177E
2026-03-25 18:44:59 - msg_id_0200 ==> 7E0200004266000000000200A300000000000C000300C64753049FACB0038F00000000260325184458010400000000140400000001150400000002160400000000170200002A02000030013D310114557E
2026-03-25 18:45:30 - msg_id_0200 ==> 7E0200004266000000000200AE00000000000C000300C64752049FACA8038F00000000260325184529010400000000140400000001150400000002160400000000170200002A02000030013D310114317E
2026-03-25 18:46:01 - msg_id_0200 ==> 7E0200004266000000000200B900000000000C000300C64752049FACA8038F00000000260325184600010400000000140400000001150400000002160400000000170200002A02000030013D3101120A7E
2026-03-25 18:46:32 - msg_id_0200 ==> 7E0200004266000000000200C400000000000C000300C6474F049FACA8038F00000000260325184631010400000000140400000001150400000002160400000000170200002A02000030013D3101125B7E
2026-03-25 18:47:03 - msg_id_0200 ==> 7E0200004266000000000200CF00000000000C000300C6474B049FACA0038F00000000260325184702010400000000140400000001150400000002160400000000170200002A02000030013D3101126E7E
2026-03-25 18:47:34 - msg_id_0200 ==> 7E0200004266000000000200DA00000000000C000300C6474E049FACA0038E00000000260325184733010400000000140400000001150400000002160400000000170200002A02000030013D3101134F7E
2026-03-25 18:48:05 - msg_id_0200 ==> 7E0200004266000000000200E500000000000C000300C64752049FACA0038E00000000260325184804010400000000140400000001150400000002160400000000170200002A02000030013D310113547E
2026-03-25 18:48:36 - msg_id_0200 ==> 7E0200004266000000000200F000000000000C000300C64752049FACA0038E00000000260325184835010400000000140400000001150400000002160400000000170200002A02000030013D310114777E
2026-03-25 18:49:07 - msg_id_0200 ==> 7E0200004266000000000200FB00000000000C000300C64755049FACA0038E00000000260325184906010400000000140400000001150400000002160400000000170200002A02000030013D3101134E7E
2026-03-25 18:49:38 - msg_id_0200 ==> 7E02000042660000000002010600000000000C000300C64753049FACA0038E00000000260325184937010400000000140400000001150400000002160400000000170200002A02000030013D310112847E
2026-03-25 18:50:09 - msg_id_0200 ==> 7E02000042660000000002011100000000000C000300C64752049FACA0038E00000000260325185008010400000000140400000001150400000002160400000000170200002A02000030013D310112B47E
2026-03-25 18:50:40 - msg_id_0200 ==> 7E02000042660000000002011C00000000000C000300C64750049FACA0038E00000000260325185039010400000000140400000001150400000002160400000000170200002A02000030013D310111897E
2026-03-25 18:51:11 - msg_id_0200 ==> 7E02000042660000000002012700000000000C000300C6474B049FACA0038E00000000260325185110010400000000140400000001150400000002160400000000170200002A02000030013D310110807E
2026-03-25 18:51:42 - msg_id_0200 ==> 7E02000042660000000002013200000000000C000300C6474A049FACA0038E00000000260325185141010400000000140400000001150400000002160400000000170200002A02000030013D310110C57E
2026-03-25 18:52:13 - msg_id_0200 ==> 7E02000042660000000002013D00000000000C000300C6474A049FACA0038E00000000260325185212010400000000140400000001150400000002160400000000170200002A02000030013D3101109A7E
2026-03-25 18:52:44 - msg_id_0200 ==> 7E02000042660000000002014800000000000C000300C6474B049FACA0038E00000000260325185243010400000000140400000001150400000002160400000000170200002A02000030013D310111BE7E
2026-03-25 18:53:15 - msg_id_0200 ==> 7E02000042660000000002015300000000000C000300C6474C049FACA0038E00000000260325185314010400000000140400000001150400000002160400000000170200002A02000030013D31010FEA7E
2026-03-25 18:53:46 - msg_id_0200 ==> 7E02000042660000000002015E00000000000C000300C6474B049FACA8038E00000000260325185345010400000000140400000001150400000002160400000000170200002A02000030013D310110A67E
2026-03-25 18:54:17 - msg_id_0200 ==> 7E02000042660000000002016900000000000C000300C6474B049FACA8038E00000000260325185416010400000000140400000001150400000002160400000000170200002A02000030013D31010FDA7E
2026-03-25 18:54:48 - msg_id_0200 ==> 7E02000042660000000002017400000000000C000300C6474C049FACA8038E00000000260325185447010400000000140400000001150400000002160400000000170200002A02000030013D3101108E7E
2026-03-25 18:55:19 - msg_id_0200 ==> 7E02000042660000000002017F00000100000C000300C6474C049FACB0038E00000000260325185518010400000000140400000001150400000002160400000000170200002A02000030013D310111C37E
2026-03-25 18:55:24 - msg_id_0200 ==> 7E02000042660000000002018200000000000C000300C6474C049FACB0038E00000000260325185523010400000000140400000001150400000002160400000000170200002A02000030013D310110057E
2026-03-25 18:55:55 - msg_id_0200 ==> 7E02000042660000000002018D00000000000C000300C64749049FACB0038E00000000260325185554010400000000140400000001150400000002160400000000170200002A02000030013D310111797E
2026-03-25 18:56:26 - msg_id_0200 ==> 7E02000042660000000002019800000000000C000300C64746049FACB0038D00000000260325185625010400000000140400000001150400000002160400000000170200002A02000030013D310111127E
2026-03-25 18:56:57 - msg_id_0200 ==> 7E0200004266000000000201A300000000000C000300C64746049FACB0038D00000000260325185656010400000000140400000001150400000002160400000000170200002A02000030013D3101115A7E
2026-03-25 18:57:28 - msg_id_0200 ==> 7E0200004266000000000201AE00000000000C000300C64742049FACB8038E00000000260325185727010400000000140400000001150400000002160400000000170200002A02000030013D310111287E
2026-03-25 18:57:59 - msg_id_0200 ==> 7E0200004266000000000201B900000000000C000300C64749049FACC0038D00000000260325185758010400000000140400000001150400000002160400000000170200002A02000030013D310112337E
2026-03-25 18:58:30 - msg_id_0200 ==> 7E0200004266000000000201C400000000000C000300C6474C049FACC0038D00000000260325185829010400000000140400000001150400000002160400000000170200002A02000030013D310112357E
2026-03-25 18:59:01 - msg_id_0200 ==> 7E0200004266000000000201CF00000000000C000300C64749049FACB8038D00000000260325185900010400000000140400000001150400000002160400000000170200002A02000030013D3101136A7E
2026-03-25 18:59:32 - msg_id_0200 ==> 7E0200004266000000000201DA00000000000C000300C64747049FACB0038D00000000260325185931010400000000140400000001150400000002160400000000170200002A02000030013D310113487E
2026-03-25 19:00:03 - msg_id_0200 ==> 7E0200004266000000000201E500000000000C000300C64747049FACB0038D00000000260325190002010400000000140400000001150400000002160400000000170200002A02000030013D3101141B7E
2026-03-25 19:00:34 - msg_id_0200 ==> 7E0200004266000000000201F000000000000C000300C64745049FACB0038D00000000260325190033010400000000140400000001150400000002160400000000170200002A02000030013D3101153C7E
2026-03-25 19:01:05 - msg_id_0200 ==> 7E0200004266000000000201FB00000000000C000300C64745049FACB0038D00000000260325190104010400000000140400000001150400000002160400000000170200002A02000030013D310114007E
2026-03-25 19:01:36 - msg_id_0200 ==> 7E02000042660000000002020600000000000C000300C64746049FACB0038D00000000260325190135010400000000140400000001150400000002160400000000170200002A02000030013D310115CD7E
2026-03-25 19:02:07 - msg_id_0200 ==> 7E02000042660000000002021100000000000C000300C64748049FACA8038D00000000260325190206010400000000140400000001150400000002160400000000170200002A02000030013D310114FD7E
2026-03-25 19:02:38 - msg_id_0200 ==> 7E02000042660000000002021C00000000000C000300C64749049FACA8038D00000000260325190237010400000000140400000001150400000002160400000000170200002A02000030013D310113C77E
2026-03-25 19:03:09 - msg_id_0200 ==> 7E02000042660000000002022700000000000C000300C64749049FACA8038D00000000260325190308010400000000140400000001150400000002160400000000170200002A02000030013D310112C37E
2026-03-25 19:03:40 - msg_id_0200 ==> 7E02000042660000000002023200000000000C000300C6474A049FACA8038D00000000260325190339010400000000140400000001150400000002160400000000170200002A02000030013D310114E27E
2026-03-25 19:04:11 - msg_id_0200 ==> 7E02000042660000000002023D00000000000C000300C6474A049FACA8038D00000000260325190410010400000000140400000001150400000002160400000000170200002A02000030013D310113C47E
2026-03-25 19:04:42 - msg_id_0200 ==> 7E02000042660000000002024800000000000C000300C6474A049FACA8038D00000000260325190441010400000000140400000001150400000002160400000000170200002A02000030013D310112E17E
2026-03-25 19:05:13 - msg_id_0200 ==> 7E02000042660000000002025300000000000C000300C6474D049FACA8038D00000000260325190512010400000000140400000001150400000002160400000000170200002A02000030013D310116AB7E
2026-03-25 19:05:44 - msg_id_0200 ==> 7E02000042660000000002025E00000000000C000300C6474C049FACA8038D00000000260325190543010400000000140400000001150400000002160400000000170200002A02000030013D310115F57E
2026-03-25 19:06:15 - msg_id_0200 ==> 7E02000042660000000002026900000000000C000300C6474B049FACA8038D00000000260325190614010400000000140400000001150400000002160400000000170200002A02000030013D310116927E
2026-03-25 19:06:46 - msg_id_0200 ==> 7E02000042660000000002027400000000000C000300C64749049FACA8038D00000000260325190645010400000000140400000001150400000002160400000000170200002A02000030013D310115DF7E
2026-03-25 19:07:16 - msg_id_0200 ==> 7E02000042660000000002027F00000100000C000300C64747049FACA0038D00000000260325190715010400000000140400000001150400000002160400000000170200002A02000030013D310116817E
2026-03-25 19:07:21 - msg_id_0200 ==> 7E02000042660000000002028200000000000C000300C64747049FACA0038D00000000260325190720010400000000140400000001150400000002160400000000170200002A02000030013D310116487E
2026-03-25 19:07:52 - msg_id_0200 ==> 7E02000042660000000002028D00000000000C000300C64743049FACA0038D00000000260325190751010400000000140400000001150400000002160400000000170200002A02000030013D310116327E
2026-03-25 19:08:23 - msg_id_0200 ==> 7E02000042660000000002029800000000000C000300C64743049FACA0038D00000000260325190822010400000000140400000001150400000002160400000000170200002A02000030013D3101165B7E
2026-03-25 19:08:54 - msg_id_0200 ==> 7E0200004266000000000202A300000000000C000300C64743049FACA0038D00000000260325190853010400000000140400000001150400000002160400000000170200002A02000030013D310116117E
2026-03-25 19:09:25 - msg_id_0200 ==> 7E0200004266000000000202AE00000000000C000300C64741049FACA0038D00000000260325190924010400000000140400000001150400000002160400000000170200002A02000030013D3101156B7E
2026-03-25 19:09:56 - msg_id_0200 ==> 7E0200004266000000000202B900000000000C000300C64740049FACA0038D00000000260325190955010400000000140400000001150400000002160400000000170200002A02000030013D3101160F7E
2026-03-25 19:10:27 - msg_id_0200 ==> 7E0200004266000000000202C400000000000C000300C64740049FACA0038D00000000260325191026010400000000140400000001150400000002160400000000170200002A02000030013D310116187E
2026-03-25 19:10:58 - msg_id_0200 ==> 7E0200004266000000000202CF00000000000C000300C6473F049FACA0038D00000000260325191057010400000000140400000001150400000002160400000000170200002A02000030013D3101161D7E
2026-03-25 19:11:29 - msg_id_0200 ==> 7E0200004266000000000202DA00000000000C000300C6473D049FACA0038D00000000260325191128010400000000140400000001150400000002160400000000170200002A02000030013D310116747E
2026-03-25 19:12:00 - msg_id_0200 ==> 7E0200004266000000000202E500000000000C000300C6473B049FACA0038D00000000260325191159010400000000140400000001150400000002160400000000170200002A02000030013D3101173D7E
2026-03-25 19:12:31 - msg_id_0200 ==> 7E0200004266000000000202F000000000000C000300C6473B049FACA0038D00000000260325191230010400000000140400000001150400000002160400000000170200002A02000030013D310115407E
2026-03-25 19:13:02 - msg_id_0200 ==> 7E0200004266000000000202FB00000000000C000300C6473D049FACA0038D00000000260325191301010400000000140400000001150400000002160400000000170200002A02000030013D3101177F7E
2026-03-25 19:13:33 - msg_id_0200 ==> 7E02000042660000000002030600000000000C000300C6473F049FACA0038D00000000260325191332010400000000140400000001150400000002160400000000170200002A02000030013D310115B07E
2026-03-25 19:14:04 - msg_id_0200 ==> 7E02000042660000000002031100000000000C000300C64740049FACA0038D00000000260325191403010400000000140400000001150400000002160400000000170200002A02000030013D310115EE7E
2026-03-25 19:14:35 - msg_id_0200 ==> 7E02000042660000000002031C00000000000C000300C6473F049FAC98038D00000000260325191434010400000000140400000001150400000002160400000000170200002A02000030013D310116907E
2026-03-25 19:15:06 - msg_id_0200 ==> 7E02000042660000000002032700000000000C000300C64742049FAC98038C00000000260325191505010400000000140400000001150400000002160400000000170200002A02000030013D310118E97E
2026-03-25 19:15:37 - msg_id_0200 ==> 7E02000042660000000002033200000000000C000300C64743049FAC98038C00000000260325191536010400000000140400000001150400000002160400000000170200002A02000030013D310116C07E
2026-03-25 19:16:08 - msg_id_0200 ==> 7E02000042660000000002033D00000000000C000300C64742049FAC98038C00000000260325191607010400000000140400000001150400000002160400000000170200002A02000030013D310116FC7E
2026-03-25 19:16:39 - msg_id_0200 ==> 7E02000042660000000002034800000000000C000300C64745049FAC98038C00000000260325191638010400000000140400000001150400000002160400000000170200002A02000030013D310116B17E
2026-03-25 19:17:10 - msg_id_0200 ==> 7E02000042660000000002035300000000000C000300C64746049FAC98038C00000000260325191709010400000000140400000001150400000002160400000000170200002A02000030013D310117987E
2026-03-25 19:17:41 - msg_id_0200 ==> 7E02000042660000000002035E00000000000C000300C64747049FACA0038C00000000260325191740010400000000140400000001150400000002160400000000170200002A02000030013D310115E77E
2026-03-25 19:18:12 - msg_id_0200 ==> 7E02000042660000000002036900000000000C000300C64747049FAC98038C00000000260325191811010400000000140400000001150400000002160400000000170200002A02000030013D310114B77E
2026-03-25 19:18:43 - msg_id_0200 ==> 7E02000042660000000002037400000000000C000300C64748049FACA0038C00000000260325191842010400000000140400000001150400000002160400000000170200002A02000030013D310118C27E
2026-03-25 19:19:14 - msg_id_0200 ==> 7E02000042660000000002037F00000100000C000300C64748049FACA0038C00000000260325191913010400000000140400000001150400000002160400000000170200002A02000030013D310116967E
2026-03-25 19:19:19 - msg_id_0200 ==> 7E02000042660000000002038200000000000C000300C64749049FACA0038C00000000260325191918010400000000140400000001150400000002160400000000170200002A02000030013D310116607E
2026-03-25 19:19:50 - msg_id_0200 ==> 7E02000042660000000002038D00000000000C000300C64748049FACA0038C00000000260325191949010400000000140400000001150400000002160400000000170200002A02000030013D3101163F7E
2026-03-25 19:20:21 - msg_id_0200 ==> 7E02000042660000000002039800000000000C000300C64747049FACA0038C00000000260325192020010400000000140400000001150400000002160400000000170200002A02000030013D310116757E
2026-03-25 19:20:52 - msg_id_0200 ==> 7E0200004266000000000203A300000000000C000300C64748049FACA0038C00000000260325192051010400000000140400000001150400000002160400000000170200002A02000030013D310117317E
2026-03-25 19:21:23 - msg_id_0200 ==> 7E0200004266000000000203AE00000000000C000300C64749049FACA0038C00000000260325192122010400000000140400000001150400000002160400000000170200002A02000030013D3101174F7E
2026-03-25 19:21:54 - msg_id_0200 ==> 7E0200004266000000000203B900000000000C000300C64749049FACA0038B00000000260325192153010400000000140400000001150400000002160400000000170200002A02000030013D310118217E
2026-03-25 19:22:25 - msg_id_0200 ==> 7E0200004266000000000203C400000000000C000300C6474B049FACA8038B00000000260325192224010400000000140400000001150400000002160400000000170200002A02000030013D3101162C7E
2026-03-25 19:22:56 - msg_id_0200 ==> 7E0200004266000000000203CF00000000000C000300C6474E049FACA8038B00000000260325192255010400000000140400000001150400000002160400000000170200002A02000030013D310117527E
2026-03-25 19:23:27 - msg_id_0200 ==> 7E0200004266000000000203DA00000000000C000300C6474F049FACA8038B00000000260325192326010400000000140400000001150400000002160400000000170200002A02000030013D3101183B7E
2026-03-25 19:23:58 - msg_id_0200 ==> 7E0200004266000000000203E500000000000C000300C6474F049FACA8038B00000000260325192357010400000000140400000001150400000002160400000000170200002A02000030013D310118757E
2026-03-25 19:24:29 - msg_id_0200 ==> 7E0200004266000000000203F000000000000C000300C6474E049FACA8038B00000000260325192428010400000000140400000001150400000002160400000000170200002A02000030013D310117167E
2026-03-25 19:25:00 - msg_id_0200 ==> 7E0200004266000000000203FB00000000000C000300C6474C049FACA8038B00000000260325192459010400000000140400000001150400000002160400000000170200002A02000030013D3101166F7E
2026-03-25 19:25:31 - msg_id_0200 ==> 7E02000042660000000002040600000000000C000300C64749049FACA8038B00000000260325192530010400000000140400000001150400000002160400000000170200002A02000030013D310114FA7E
2026-03-25 19:26:02 - msg_id_0200 ==> 7E02000042660000000002041100000000000C000300C64745049FACA8038C00000000260325192601010400000000140400000001150400000002160400000000170200002A02000030013D310115D57E
2026-03-25 19:26:33 - msg_id_0200 ==> 7E02000042660000000002041C00000000000C000300C64746049FACA8038B00000000260325192632010400000000140400000001150400000002160400000000170200002A02000030013D310115EF7E
2026-03-25 19:27:04 - msg_id_0200 ==> 7E02000042660000000002042700000000000C000300C64748049FACA8038B00000000260325192703010400000000140400000001150400000002160400000000170200002A02000030013D310117E87E
2026-03-25 19:27:35 - msg_id_0200 ==> 7E02000042660000000002043200000000000C000300C6474A049FACA8038B00000000260325192734010400000000140400000001150400000002160400000000170200002A02000030013D310116C97E
2026-03-25 19:28:06 - msg_id_0200 ==> 7E02000042660000000002043D00000000000C000300C6474D049FACA0038B00000000260325192805010400000000140400000001150400000002160400000000170200002A02000030013D310116F77E
2026-03-25 19:28:37 - msg_id_0200 ==> 7E02000042660000000002044800000000000C000300C64750049FACA0038B00000000260325192836010400000000140400000001150400000002160400000000170200002A02000030013D310115AF7E
2026-03-25 19:29:08 - msg_id_0200 ==> 7E02000042660000000002045300000000000C000300C64753049FACA0038B00000000260325192907010400000000140400000001150400000002160400000000170200002A02000030013D310115877E
2026-03-25 19:29:39 - msg_id_0200 ==> 7E02000042660000000002045E00000000000C000300C64755049FAC98038B00000000260325192938010400000000140400000001150400000002160400000000170200002A02000030013D310117897E
2026-03-25 19:30:10 - msg_id_0200 ==> 7E02000042660000000002046900000000000C000300C64754049FAC98038B00000000260325193009010400000000140400000001150400000002160400000000170200002A02000030013D310116967E
2026-03-25 19:30:41 - msg_id_0200 ==> 7E02000042660000000002047400000000000C000300C64756049FACA0038B00000000260325193040010400000000140400000001150400000002160400000000170200002A02000030013D310115FB7E
2026-03-25 19:31:11 - msg_id_0200 ==> 7E02000042660000000002047F00000100000C000300C64757049FACA0038B00000000260325193110010400000000140400000001150400000002160400000000170200002A02000030013D310115A17E
2026-03-25 19:31:16 - msg_id_0200 ==> 7E02000042660000000002048200000000000C000300C64757049FACA0038B00000000260325193116010400000000140400000001150400000002160400000000170200002A02000030013D3101155B7E
2026-03-25 19:31:47 - msg_id_0200 ==> 7E02000042660000000002048D00000000000C000300C64758049FACA0038B00000000260325193146010400000000140400000001150400000002160400000000170200002A02000030013D310117097E
2026-03-25 19:32:18 - msg_id_0200 ==> 7E02000042660000000002049800000000000C000300C6475A049FACA0038B00000000260325193217010400000000140400000001150400000002160400000000170200002A02000030013D3101164D7E
2026-03-25 19:32:49 - msg_id_0200 ==> 7E0200004266000000000204A300000000000C000300C6475C049FACA8038B00000000260325193248010400000000140400000001150400000002160400000000170200002A02000030013D310111207E
2026-03-25 19:33:20 - msg_id_0200 ==> 7E0200004266000000000204AE00000000000C000300C6475C049FACA8038B00000000260325193319010400000000140400000001150400000002160400000000170200002A02000030013D310114787E
2026-03-25 19:33:51 - msg_id_0200 ==> 7E0200004266000000000204B900000000000C000300C64759049FACA8038B00000000260325193350010400000000140400000001150400000002160400000000170200002A02000030013D310113247E
2026-03-25 19:34:22 - msg_id_0200 ==> 7E0200004266000000000204C400000000000C000300C64758049FACA8038B00000000260325193421010400000000140400000001150400000002160400000000170200002A02000030013D3101132E7E
2026-03-25 19:34:53 - msg_id_0200 ==> 7E0200004266000000000204CF00000000000C000300C64758049FACA0038A00000000260325193452010400000000140400000001150400000002160400000000170200002A02000030013D310115597E
2026-03-25 19:35:24 - msg_id_0200 ==> 7E0200004266000000000204DA00000000000C000300C64756049FACA8038A00000000260325193523010400000000140400000001150400000002160400000000170200002A02000030013D3101133C7E
2026-03-25 19:35:55 - msg_id_0200 ==> 7E0200004266000000000204E500000000000C000300C64758049FACA0038A00000000260325193554010400000000140400000001150400000002160400000000170200002A02000030013D310112737E
2026-03-25 19:36:26 - msg_id_0200 ==> 7E0200004266000000000204F000000000000C000300C6475B049FACA8038A00000000260325193625010400000000140400000001150400000002160400000000170200002A02000030013D3101131E7E
2026-03-25 19:36:57 - msg_id_0200 ==> 7E0200004266000000000204FB00000000000C000300C6475B049FACA8038A00000000260325193656010400000000140400000001150400000002160400000000170200002A02000030013D310111647E
2026-03-25 19:37:28 - msg_id_0200 ==> 7E02000042660000000002050600000000000C000300C64759049FACA8038A00000000260325193727010400000000140400000001150400000002160400000000170200002A02000030013D310112E97E
2026-03-25 19:37:59 - msg_id_0200 ==> 7E02000042660000000002051100000000000C000300C64758049FACA0038A00000000260325193758010400000000140400000001150400000002160400000000170200002A02000030013D310112887E
2026-03-25 19:38:30 - msg_id_0200 ==> 7E02000042660000000002051C00000000000C000300C64756049FACA0038A00000000260325193829010400000000140400000001150400000002160400000000170200002A02000030013D310114F37E
2026-03-25 19:39:01 - msg_id_0200 ==> 7E02000042660000000002052700000000000C000300C64754049FACA0038A00000000260325193900010400000000140400000001150400000002160400000000170200002A02000030013D310114E27E
2026-03-25 19:39:32 - msg_id_0200 ==> 7E02000042660000000002053200000000000C000300C64751049FAC98038A00000000260325193931010400000000140400000001150400000002160400000000170200002A02000030013D310114FB7E
2026-03-25 19:40:03 - msg_id_0200 ==> 7E02000042660000000002053D00000000000C000300C6474E049FAC98038A00000000260325194002010400000000140400000001150400000002160400000000170200002A02000030013D310115A07E
2026-03-25 19:40:34 - msg_id_0200 ==> 7E02000042660000000002054800000000000C000300C6474B049FACA0038A00000000260325194033010400000000140400000001150400000002160400000000170200002A02000030013D310115D97E
2026-03-25 19:41:05 - msg_id_0200 ==> 7E02000042660000000002055300000000000C000300C6474C049FACA0038A00000000260325194104010400000000140400000001150400000002160400000000170200002A02000030013D310115F37E
2026-03-25 19:41:36 - msg_id_0200 ==> 7E02000042660000000002055E00000000000C000300C6474B049FACA8038A00000000260325194135010400000000140400000001150400000002160400000000170200002A02000030013D310114C17E
2026-03-25 19:42:07 - msg_id_0200 ==> 7E02000042660000000002056900000000000C000300C6474B049FACA8038A00000000260325194206010400000000140400000001150400000002160400000000170200002A02000030013D310114C67E
2026-03-25 19:42:38 - msg_id_0200 ==> 7E02000042660000000002057400000000000C000300C64748049FACA8038A00000000260325194237010400000000140400000001150400000002160400000000170200002A02000030013D310114E97E
2026-03-25 19:43:09 - msg_id_0200 ==> 7E02000042660000000002057F00000100000C000300C64749049FACB0038A00000000260325194308010400000000140400000001150400000002160400000000170200002A02000030013D310114C47E
2026-03-25 19:43:14 - msg_id_0200 ==> 7E02000042660000000002058200000000000C000300C6474A049FACB0038A00000000260325194313010400000000140400000001150400000002160400000000170200002A02000030013D310115217E
2026-03-25 19:43:45 - msg_id_0200 ==> 7E02000042660000000002058D00000000000C000300C6474B049FACB0038A00000000260325194344010400000000140400000001150400000002160400000000170200002A02000030013D3101167B7E
2026-03-25 19:44:16 - msg_id_0200 ==> 7E02000042660000000002059800000000000C000300C6474B049FACB0038A00000000260325194415010400000000140400000001150400000002160400000000170200002A02000030013D310116387E
2026-03-25 19:44:47 - msg_id_0200 ==> 7E0200004266000000000205A300000000000C000300C6474A049FACB0038A00000000260325194446010400000000140400000001150400000002160400000000170200002A02000030013D310115527E
2026-03-25 19:45:18 - msg_id_0200 ==> 7E0200004266000000000205AE00000000000C000300C6474A049FACB0038A00000000260325194517010400000000140400000001150400000002160400000000170200002A02000030013D3101150F7E
2026-03-25 19:45:49 - msg_id_0200 ==> 7E0200004266000000000205B900000000000C000300C6474E049FACA8038A00000000260325194548010400000000140400000001150400000002160400000000170200002A02000030013D3101155B7E
2026-03-25 19:46:20 - msg_id_0200 ==> 7E0200004266000000000205C400000000000C000300C6474E049FACB0038A00000000260325194619010400000000140400000001150400000002160400000000170200002A02000030013D3101176E7E
2026-03-25 19:46:51 - msg_id_0200 ==> 7E0200004266000000000205CF00000000000C000300C64750049FACB0038A00000000260325194650010400000000140400000001150400000002160400000000170200002A02000030013D3101183D7E
2026-03-25 19:47:22 - msg_id_0200 ==> 7E0200004266000000000205DA00000000000C000300C6474E049FACB0038A00000000260325194721010400000000140400000001150400000002160400000000170200002A02000030013D310116487E
2026-03-25 19:47:53 - msg_id_0200 ==> 7E0200004266000000000205E500000000000C000300C6474D049FACB0038A00000000260325194752010400000000140400000001150400000002160400000000170200002A02000030013D310116077E
2026-03-25 19:48:24 - msg_id_0200 ==> 7E0200004266000000000205F000000000000C000300C6474D049FACA8038A00000000260325194823010400000000140400000001150400000002160400000000170200002A02000030013D310117757E
2026-03-25 19:48:55 - msg_id_0200 ==> 7E0200004266000000000205FB00000000000C000300C6474E049FACA8038A00000000260325194854010400000000140400000001150400000002160400000000170200002A02000030013D310114097E
2026-03-25 19:49:26 - msg_id_0200 ==> 7E02000042660000000002060600000000000C000300C6474F049FACA8038A00000000260325194925010400000000140400000001150400000002160400000000170200002A02000030013D310117857E
2026-03-25 19:49:57 - msg_id_0200 ==> 7E02000042660000000002061100000000000C000300C64750049FACA8038A00000000260325194956010400000000140400000001150400000002160400000000170200002A02000030013D310118F17E
2026-03-25 19:50:28 - msg_id_0200 ==> 7E02000042660000000002061C00000000000C000300C64751049FACA8038A00000000260325195027010400000000140400000001150400000002160400000000170200002A02000030013D3101169B7E
2026-03-25 19:50:59 - msg_id_0200 ==> 7E02000042660000000002062700000000000C000300C64751049FACA0038A00000000260325195058010400000000140400000001150400000002160400000000170200002A02000030013D310114D57E
2026-03-25 19:51:30 - msg_id_0200 ==> 7E02000042660000000002063200000000000C000300C64750049FACA8038A00000000260325195129010400000000140400000001150400000002160400000000170200002A02000030013D310116BB7E
2026-03-25 19:52:01 - msg_id_0200 ==> 7E02000042660000000002063D00000000000C000300C64753049FACA8038A00000000260325195200010400000000140400000001150400000002160400000000170200002A02000030013D3101159E7E
2026-03-25 19:52:32 - msg_id_0200 ==> 7E02000042660000000002064800000000000C000300C64751049FACA8038A00000000260325195231010400000000140400000001150400000002160400000000170200002A02000030013D310116DB7E
2026-03-25 19:53:03 - msg_id_0200 ==> 7E02000042660000000002065300000000000C000300C6474F049FACA8038A00000000260325195302010400000000140400000001150400000002160400000000170200002A02000030013D310115EF7E
2026-03-25 19:53:34 - msg_id_0200 ==> 7E02000042660000000002065E00000000000C000300C6474E049FACA8038A00000000260325195333010400000000140400000001150400000002160400000000170200002A02000030013D310116D17E
2026-03-25 19:54:05 - msg_id_0200 ==> 7E02000042660000000002066900000000000C000300C6474F049FACA8038A00000000260325195404010400000000140400000001150400000002160400000000170200002A02000030013D310116D77E
2026-03-25 19:54:36 - msg_id_0200 ==> 7E02000042660000000002067400000000000C000300C6474E049FACA8038A00000000260325195435010400000000140400000001150400000002160400000000170200002A02000030013D310116FA7E
2026-03-25 19:55:07 - msg_id_0200 ==> 7E02000042660000000002067F00000100000C000300C6474E049FACA8038A00000000260325195506010400000000140400000001150400000002160400000000170200002A02000030013D310116C27E
2026-03-25 19:55:12 - msg_id_0200 ==> 7E02000042660000000002068200000000000C000300C6474F049FACA8038A00000000260325195511010400000000140400000001150400000002160400000000170200002A02000030013D310116287E
2026-03-25 19:55:43 - msg_id_0200 ==> 7E02000042660000000002068D00000000000C000300C6474E049FACA8038A00000000260325195542010400000000140400000001150400000002160400000000170200002A02000030013D310116757E
2026-03-25 19:56:14 - msg_id_0200 ==> 7E02000042660000000002069800000000000C000300C6474F049FACA8038A00000000260325195613010400000000140400000001150400000002160400000000170200002A02000030013D310116337E
2026-03-25 19:56:45 - msg_id_0200 ==> 7E0200004266000000000206A300000000000C000300C64751049FACA8038A00000000260325195644010400000000140400000001150400000002160400000000170200002A02000030013D310115427E
2026-03-25 19:57:16 - msg_id_0200 ==> 7E0200004266000000000206AE00000000000C000300C64750049FACA0038A00000000260325195715010400000000140400000001150400000002160400000000170200002A02000030013D310116157E
2026-03-25 19:57:47 - msg_id_0200 ==> 7E0200004266000000000206B900000000000C000300C6474F049FACA0038A00000000260325195746010400000000140400000001150400000002160400000000170200002A02000030013D310118407E
2026-03-25 19:58:18 - msg_id_0200 ==> 7E0200004266000000000206C400000000000C000300C6474F049FAC98038A00000000260325195817010400000000140400000001150400000002160400000000170200002A02000030013D3101185B7E
2026-03-25 19:58:49 - msg_id_0200 ==> 7E0200004266000000000206CF00000000000C000300C6474E049FAC98038A00000000260325195848010400000000140400000001150400000002160400000000170200002A02000030013D310116007E
2026-03-25 19:59:20 - msg_id_0200 ==> 7E0200004266000000000206DA00000000000C000300C6474F049FAC98038A00000000260325195919010400000000140400000001150400000002160400000000170200002A02000030013D310116447E
2026-03-25 19:59:51 - msg_id_0200 ==> 7E0200004266000000000206E500000000000C000300C64751049FAC90038A00000000260325195950010400000000140400000001150400000002160400000000170200002A02000030013D3101192B7E
2026-03-25 20:00:22 - msg_id_0200 ==> 7E0200004266000000000206F000000000000C000300C64750049FAC90038A00000000260325200021010400000000140400000001150400000002160400000000170200002A02000030013D3101192E7E
2026-03-25 20:00:53 - msg_id_0200 ==> 7E0200004266000000000206FB00000000000C000300C64750049FAC90038A00000000260325200052010400000000140400000001150400000002160400000000170200002A02000030013D310118577E
2026-03-25 20:01:24 - msg_id_0200 ==> 7E02000042660000000002070600000000000C000300C6474E049FAC90038A00000000260325200123010400000000140400000001150400000002160400000000170200002A02000030013D31011AC77E
2026-03-25 20:01:55 - msg_id_0200 ==> 7E02000042660000000002071100000000000C000300C6474D049FAC90038A00000000260325200154010400000000140400000001150400000002160400000000170200002A02000030013D310117A97E
2026-03-25 20:02:26 - msg_id_0200 ==> 7E02000042660000000002071C00000000000C000300C6474D049FAC90038A00000000260325200225010400000000140400000001150400000002160400000000170200002A02000030013A310118DE7E
2026-03-25 20:02:57 - msg_id_0200 ==> 7E02000042660000000002072700000000000C000300C6474F049FAC90038A00000000260325200256010400000000140400000001150400000002160400000000170200002A02000030013D3101179C7E
2026-03-25 20:03:28 - msg_id_0200 ==> 7E02000042660000000002073200000000000C000300C6474E049FAC90038A00000000260325200327010400000000140400000001150400000002160400000000170200002A02000030013D31011AF57E
2026-03-25 20:03:59 - msg_id_0200 ==> 7E02000042660000000002073D00000000000C000300C6474D049FAC90038A00000000260325200358010400000000140400000001150400000002160400000000170200002A02000030013D310118847E
2026-03-25 20:04:30 - msg_id_0200 ==> 7E02000042660000000002074800000000000C000300C6474D049FAC90038A00000000260325200429010400000000140400000001150400000002160400000000170200002A02000030013D310119867E
2026-03-25 20:05:01 - msg_id_0200 ==> 7E02000042660000000002075300000000000C000300C6474E049FAC90038A00000000260325200500010400000000140400000001150400000002160400000000170200002A02000030013D310118B77E
2026-03-25 20:05:32 - msg_id_0200 ==> 7E02000042660000000002075E00000000000C000300C6474E049FAC90038A00000000260325200531010400000000140400000001150400000002160400000000170200002A02000030013D310117847E
2026-03-25 20:06:03 - msg_id_0200 ==> 7E02000042660000000002076900000000000C000300C6474D049FAC90038A00000000260325200602010400000000140400000001150400000002160400000000170200002A02000030013D3101188F7E
2026-03-25 20:06:34 - msg_id_0200 ==> 7E02000042660000000002077400000000000C000300C6474C049FAC90038A00000000260325200633010400000000140400000001150400000002160400000000170200002A02000030013D310118A27E
2026-03-25 20:07:04 - msg_id_0200 ==> 7E02000042660000000002077F00000100000C000300C6474A049FAC98038A00000000260325200703010400000000140400000001150400000002160400000000170200002A02000030013D310116997E
2026-03-25 20:07:09 - msg_id_0200 ==> 7E02000042660000000002078200000000000C000300C6474A049FAC98038A00000000260325200708010400000000140400000001150400000002160400000000170200002A02000030013D3101176F7E
2026-03-25 20:07:40 - msg_id_0200 ==> 7E02000042660000000002078D00000000000C000300C6474A049FACA0038A00000000260325200739010400000000140400000001150400000002160400000000170200002A02000030013D310118667E
2026-03-25 20:08:11 - msg_id_0200 ==> 7E02000042660000000002079800000000000C000300C6474D049FACA0038A00000000260325200810010400000000140400000001150400000002160400000000170200002A02000030013D3101175D7E
2026-03-25 20:08:42 - msg_id_0200 ==> 7E0200004266000000000207A300000000000C000300C64747049FACA8038A00000000260325200841010400000000140400000001150400000002160400000000170200002A02000030013D310117357E
2026-03-25 20:09:13 - msg_id_0200 ==> 7E0200004266000000000207AE00000000000C000300C64747049FACA0038A00000000260325200912010400000000140400000001150400000002160400000000170200002A02000030013D310115607E
2026-03-25 20:09:44 - msg_id_0200 ==> 7E0200004266000000000207B900000000000C000300C64747049FACA0038A00000000260325200943010400000000140400000001150400000002160400000000170200002A02000030013D310116257E
2026-03-25 20:10:15 - msg_id_0200 ==> 7E0200004266000000000207C400000000000C000300C64748049FACA8038A00000000260325201014010400000000140400000001150400000002160400000000170200002A02000030013D3101191E7E
2026-03-25 20:10:46 - msg_id_0200 ==> 7E0200004266000000000207CF00000000000C000300C64748049FACA8038A00000000260325201045010400000000140400000001150400000002160400000000170200002A02000030013A31011A407E
2026-03-25 20:11:17 - msg_id_0200 ==> 7E0200004266000000000207DA00000000000C000300C64749049FACA8038A00000000260325201116010400000000140400000001150400000002160400000000170200002A02000030013A310119057E
2026-03-25 20:11:48 - msg_id_0200 ==> 7E0200004266000000000207E500000000000C000300C64749049FACA8038A00000000260325201147010400000000140400000001150400000002160400000000170200002A02000030013A31011A687E
2026-03-25 20:12:19 - msg_id_0200 ==> 7E0200004266000000000207F000000000000C000300C6474B049FACA8038A00000000260325201218010400000000140400000001150400000002160400000000170200002A02000030013A3101172E7E
2026-03-25 20:12:50 - msg_id_0200 ==> 7E0200004266000000000207FB00000000000C000300C6474C049FACA8038A00000000260325201249010400000000140400000001150400000002160400000000170200002A02000030013A3101187C7E
2026-03-25 20:13:21 - msg_id_0200 ==> 7E02000042660000000002080600000000000C000300C6474E049FACA0038A00000000260325201320010400000000140400000001150400000002160400000000170200002A02000030013A310119ED7E
2026-03-25 20:13:52 - msg_id_0200 ==> 7E02000042660000000002081100000000000C000300C6474D049FACA0038A00000000260325201351010400000000140400000001150400000002160400000000170200002A02000030013A31011A8B7E
2026-03-25 20:14:23 - msg_id_0200 ==> 7E02000042660000000002081C00000000000C000300C6474D049FACA0038A00000000260325201422010400000000140400000001150400000002160400000000170200002A02000030014031011A887E
2026-03-25 20:14:54 - msg_id_0200 ==> 7E02000042660000000002082700000000000C000300C6474A049FACA0038A00000000260325201453010400000000140400000001150400000002160400000000170200002A020000300140310116C97E
2026-03-25 20:15:25 - msg_id_0200 ==> 7E02000042660000000002083200000000000C000300C64747049FACA0038A00000000260325201524010400000000140400000001150400000002160400000000170200002A02000030013D310115D97E
2026-03-25 20:15:56 - msg_id_0200 ==> 7E02000042660000000002083D00000000000C000300C64746049FACA8038A00000000260325201555010400000000140400000001150400000002160400000000170200002A02000030013A310114A87E
2026-03-25 20:16:27 - msg_id_0200 ==> 7E02000042660000000002084800000000000C000300C64744049FACA8038A00000000260325201626010400000000140400000001150400000002160400000000170200002A020000300140310114D57E
2026-03-25 20:16:58 - msg_id_0200 ==> 7E02000042660000000002085300000000000C000300C64743049FACA8038A00000000260325201657010400000000140400000001150400000002160400000000170200002A02000030013A310115C37E
2026-03-25 20:17:29 - msg_id_0200 ==> 7E02000042660000000002085E00000000000C000300C64741049FACA8038A00010000260325201728010400000000140400000001150400000002160400000000170200002A020000300140310115C97E
2026-03-25 20:18:00 - msg_id_0200 ==> 7E02000042660000000002086900000000000C000300C64740049FACB0038A00000000260325201759010400000000140400000001150400000002160400000000170200002A02000030013A310115ED7E
2026-03-25 20:18:31 - msg_id_0200 ==> 7E02000042660000000002087400000000000C000300C6473D049FACA8038A00000000260325201830010400000000140400000001150400000002160400000000170200002A02000030013A310113F57E
2026-03-25 20:19:02 - msg_id_0200 ==> 7E02000042660000000002087F00000100000C000300C6473D049FACA8038A00000000260325201901010400000000140400000001150400000002160400000000170200002A02000030013A310114C87E
2026-03-25 20:19:07 - msg_id_0200 ==> 7E02000042660000000002088200000000000C000300C6473D049FACA8038A00000000260325201906010400000000140400000001150400000002160400000000170200002A02000030013A310114337E
2026-03-25 20:19:38 - msg_id_0200 ==> 7E02000042660000000002088D00000000000C000300C6473A049FACA8038A00000000260325201937010400000000140400000001150400000002160400000000170200002A02000030013A310117097E
2026-03-25 20:20:09 - msg_id_0200 ==> 7E02000042660000000002089800000000000C000300C64739049FACA8038A00000000260325202008010400000000140400000001150400000002160400000000170200002A02000030013A310118167E
2026-03-25 20:20:40 - msg_id_0200 ==> 7E0200004266000000000208A300000000000C000300C64739049FACA8038A00000000260325202039010400000000140400000001150400000002160400000000170200002A02000030013A310117137E
2026-03-25 20:21:11 - msg_id_0200 ==> 7E0200004266000000000208AE00000000000C000300C64738049FACA8038A00000000260325202110010400000000140400000001150400000002160400000000170200002A02000030013A310118387E
2026-03-25 20:21:42 - msg_id_0200 ==> 7E0200004266000000000208B900000000000C000300C64737049FACA8038A00000000260325202141010400000000140400000001150400000002160400000000170200002A0200003001403101190A7E
2026-03-25 20:22:13 - msg_id_0200 ==> 7E0200004266000000000208C400000000000C000300C64737049FACA8038A00000000260325202212010400000000140400000001150400000002160400000000170200002A02000030013A3101195D7E
2026-03-25 20:22:44 - msg_id_0200 ==> 7E0200004266000000000208CF00000000000C000300C64737049FACA8038A00000000260325202243010400000000140400000001150400000002160400000000170200002A02000030013A310119077E
2026-03-25 20:23:15 - msg_id_0200 ==> 7E0200004266000000000208DA00000000000C000300C64735049FACA8038A00000000260325202314010400000000140400000001150400000002160400000000170200002A02000030013A310118477E
2026-03-25 20:23:46 - msg_id_0200 ==> 7E0200004266000000000208E500000000000C000300C64734049FACA8038A00000000260325202345010400000000140400000001150400000002160400000000170200002A02000030013A31011A2A7E
2026-03-25 20:24:17 - msg_id_0200 ==> 7E0200004266000000000208F000000000000C000300C64733049FACA0038A00000000260325202416010400000000140400000001150400000002160400000000170200002A0200003001403101181C7E
2026-03-25 20:24:48 - msg_id_0200 ==> 7E0200004266000000000208FB00000000000C000300C64733049FACA0038A00000000260325202447010400000000140400000001150400000002160400000000170200002A02000030013A3101193D7E
2026-03-25 20:25:19 - msg_id_0200 ==> 7E02000042660000000002090600000000000C000300C64731049FACA0038A00000000260325202518010400000000140400000001150400000002160400000000170200002A02000030013D3101199A7E
2026-03-25 20:25:50 - msg_id_0200 ==> 7E02000042660000000002091100000000000C000300C6472F049FACA0038A00000000260325202549010400000000140400000001150400000002160400000000170200002A02000030013D310116CD7E
2026-03-25 20:26:21 - msg_id_0200 ==> 7E02000042660000000002091C00000000000C000300C6472D049FACA0038A00000000260325202620010400000000140400000001150400000002160400000000170200002A02000030013D310119A77E
2026-03-25 20:26:52 - msg_id_0200 ==> 7E02000042660000000002092700000000000C000300C6472C049FACA0038A00000000260325202651010400000000140400000001150400000002160400000000170200002A02000030013D310116E37E
2026-03-25 20:27:23 - msg_id_0200 ==> 7E02000042660000000002093200000000000C000300C6472C049FACA0038A00000000260325202722010400000000140400000001150400000002160400000000170200002A02000030013D310117857E
2026-03-25 20:27:54 - msg_id_0200 ==> 7E02000042660000000002093D00000000000C000300C6472C049FAC98038A00000000260325202753010400000000140400000001150400000002160400000000170200002A02000030013D310118CC7E
2026-03-25 20:28:25 - msg_id_0200 ==> 7E02000042660000000002094800000000000C000300C6472D049FAC98038A00000000260325202824010400000000140400000001150400000002160400000000170200002A02000030013D310117CF7E
2026-03-25 20:28:56 - msg_id_0200 ==> 7E02000042660000000002095300000000000C000300C6472D049FAC98038A00000000260325202855010400000000140400000001150400000002160400000000170200002A02000030013D310116A47E
2026-03-25 20:29:27 - msg_id_0200 ==> 7E02000042660000000002095E00000000000C000300C6472B049FAC98038A00000000260325202926010400000000140400000001150400000002160400000000170200002A02000030013A310117DB7E
2026-03-25 20:29:58 - msg_id_0200 ==> 7E02000042660000000002096900000000000C000300C64728049FAC98038A00000000260325202957010400000000140400000001150400000002160400000000170200002A02000030013D310118967E
2026-03-25 20:30:29 - msg_id_0200 ==> 7E02000042660000000002097400000000000C000300C64726049FAC98038A00000000260325203028010400000000140400000001150400000002160400000000170200002A02000030013D310118E37E
2026-03-25 20:30:59 - msg_id_0200 ==> 7E02000042660000000002097F00000100000C000300C64724049FAC98038A00000000260325203058010400000000140400000001150400000002160400000000170200002A02000030013D3101199A7E
2026-03-25 20:31:04 - msg_id_0200 ==> 7E02000042660000000002098200000000000C000300C64723049FAC98038A00000000260325203103010400000000140400000001150400000002160400000000170200002A02000030013D3101183A7E
2026-03-25 20:31:35 - msg_id_0200 ==> 7E02000042660000000002098D00000000000C000300C64720049FAC98038A00000000260325203134010400000000140400000001150400000002160400000000170200002A02000030013D310118017E
2026-03-25 20:32:06 - msg_id_0200 ==> 7E02000042660000000002099800000000000C000300C6471E049FAC98038B00000000260325203205010400000000140400000001150400000002160400000000170200002A02000030013D310119187E
2026-03-25 20:32:37 - msg_id_0200 ==> 7E0200004266000000000209A300000000000C000300C6471B049FAC90038B00000000260325203236010400000000140400000001150400000002160400000000170200002A02000030013D3101191D7E
2026-03-25 20:33:08 - msg_id_0200 ==> 7E0200004266000000000209AE00000000000C000300C64714049FAC88038B00000000260325203307010400000000140400000001150400000002160400000000170200002A02000030013D310118367E
2026-03-25 20:33:39 - msg_id_0200 ==> 7E0200004266000000000209B900000000000C000300C64716049FAC88038B00000000260325203338010400000000140400000001150400000002160400000000170200002A02000030013D310117137E
2026-03-25 20:34:10 - msg_id_0200 ==> 7E0200004266000000000209C400000000000C000300C64718049FAC88038B00000000260325203409010400000000140400000001150400000002160400000000170200002A02000030013D310117567E
2026-03-25 20:34:41 - msg_id_0200 ==> 7E0200004266000000000209CF00000000000C000300C6471A049FAC88038B00000000260325203440010400000000140400000001150400000002160400000000170200002A02000030013D310115147E
2026-03-25 20:35:12 - msg_id_0200 ==> 7E0200004266000000000209DA00000000000C000300C6471D049FAC80038B00000000260325203511010400000000140400000001150400000002160400000000170200002A02000030013D3101155E7E
2026-03-25 20:35:43 - msg_id_0200 ==> 7E0200004266000000000209E500000000000C000300C6471F049FAC80038B00000000260325203542010400000000140400000001150400000002160400000000170200002A02000030013D310117327E
2026-03-25 20:36:14 - msg_id_0200 ==> 7E0200004266000000000209F000000000000C000300C64722049FAC78038B00000000260325203613010400000000140400000001150400000002160400000000170200002A02000030013D310119BE7E
2026-03-25 20:36:45 - msg_id_0200 ==> 7E0200004266000000000209FB00000000000C000300C64725049FAC80038B00000000260325203644010400000000140400000001150400000002160400000000170200002A02000030013D3101181C7E
2026-03-25 20:37:16 - msg_id_0200 ==> 7E020000426600000000020A0600000000000C000300C64727049FAC78038B00000000260325203715010400000000140400000001150400000002160400000000170200002A02000030013D310117477E
2026-03-25 20:37:47 - msg_id_0200 ==> 7E020000426600000000020A1100000000000C000300C64728049FAC78038B00000000260325203746010400000000140400000001150400000002160400000000170200002A02000030013D3101160D7E
2026-03-25 20:38:18 - msg_id_0200 ==> 7E020000426600000000020A1C00000000000C000300C64726049FAC78038B00000000260325203817010400000000140400000001150400000002160400000000170200002A02000030013D310117517E
2026-03-25 20:38:49 - msg_id_0200 ==> 7E020000426600000000020A2700000000000C000300C64725049FAC78038C00000000260325203848010400000000140400000001150400000002160400000000170200002A02000030013D310117317E
2026-03-25 20:39:20 - msg_id_0200 ==> 7E020000426600000000020A3200000000000C000300C64723049FAC78038C00000000260325203919010400000000140400000001150400000002160400000000170200002A02000030013D310117727E
2026-03-25 20:39:51 - msg_id_0200 ==> 7E020000426600000000020A3D00000000000C000300C64725049FAC78038C00000000260325203950010400000000140400000001150400000002160400000000170200002A02000030013D310115307E
2026-03-25 20:40:22 - msg_id_0200 ==> 7E020000426600000000020A4800000000000C000300C64725049FAC78038C00000000260325204021010400000000140400000001150400000002160400000000170200002A02000030013D3101174F7E
2026-03-25 20:40:53 - msg_id_0200 ==> 7E020000426600000000020A5300000000000C000300C64724049FAC78038C00000000260325204052010400000000140400000001150400000002160400000000170200002A02000030013D310115247E
2026-03-25 20:41:24 - msg_id_0200 ==> 7E020000426600000000020A5E00000000000C000300C64725049FAC78038C00000000260325204123010400000000140400000001150400000002160400000000170200002A02000030013D3101165B7E
2026-03-25 20:41:55 - msg_id_0200 ==> 7E020000426600000000020A6900000000000C000300C64728049FAC78038C00000000260325204154010400000000140400000001150400000002160400000000170200002A02000030013D310117177E
2026-03-25 20:42:26 - msg_id_0200 ==> 7E020000426600000000020A7400000000000C000300C64729049FAC80038C00000000260325204225010400000000140400000001150400000002160400000000170200002A02000030013D3101188E7E
2026-03-25 20:42:57 - msg_id_0200 ==> 7E020000426600000000020A7F00000100000C000300C64728049FAC78038C00000000260325204256010400000000140400000001150400000002160400000000170200002A02000030013A310115047E
2026-03-25 20:43:02 - msg_id_0200 ==> 7E020000426600000000020A8200000000000C000300C64728049FAC78038C00000000260325204301010400000000140400000001150400000002160400000000170200002A02000030013D310115A97E
2026-03-25 20:43:33 - msg_id_0200 ==> 7E020000426600000000020A8D00000000000C000300C64728049FAC78038D00000000260325204332010400000000140400000001150400000002160400000000170200002A02000030013D310117967E
2026-03-25 20:44:04 - msg_id_0200 ==> 7E020000426600000000020A9800000000000C000300C6472B049FAC78038D00000000260325204403010400000000140400000001150400000002160400000000170200002A02000030013D310119B87E
2026-03-25 20:44:35 - msg_id_0200 ==> 7E020000426600000000020AA300000000000C000300C6472C049FAC78038D00000000260325204434010400000000140400000001150400000002160400000000170200002A02000030013D310119B37E
2026-03-25 20:45:06 - msg_id_0200 ==> 7E020000426600000000020AAE00000000000C000300C6472D049FAC78038D00000000260325204505010400000000140400000001150400000002160400000000170200002A02000030013D3101198F7E
2026-03-25 20:45:37 - msg_id_0200 ==> 7E020000426600000000020AB900000000000C000300C6472D049FAC78038D00000000260325204536010400000000140400000001150400000002160400000000170200002A02000030013D310118AA7E
2026-03-25 20:46:08 - msg_id_0200 ==> 7E020000426600000000020AC400000000000C000300C6472D049FAC80038D00000000260325204607010400000000140400000001150400000002160400000000170200002A02000030013A31011A187E
2026-03-25 20:46:39 - msg_id_0200 ==> 7E020000426600000000020ACF00000000000C000300C6472E049FAC80038D00000000260325204638010400000000140400000001150400000002160400000000170200002A02000030013D3101182A7E
2026-03-25 20:47:10 - msg_id_0200 ==> 7E020000426600000000020ADA00000000000C000300C6472F049FAC80038D00000000260325204709010400000000140400000001150400000002160400000000170200002A02000030013D31011A0C7E
2026-03-25 20:47:41 - msg_id_0200 ==> 7E020000426600000000020AE500000000000C000300C64730049FAC80038D00000000260325204740010400000000140400000001150400000002160400000000170200002A02000030013D31011B647E
2026-03-25 20:48:13 - msg_id_0200 ==> 7E020000426600000000020AF000000000000C000300C64732049FAC80038D00000000260325204811010400000000140400000001150400000002160400000000170200002A02000030013D3101192F7E
2026-03-25 20:48:43 - msg_id_0200 ==> 7E020000426600000000020AFB00000000000C000300C64732049FAC78038D00000000260325204842010400000000140400000001150400000002160400000000170200002A02000030013D3101188E7E
2026-03-25 20:49:14 - msg_id_0200 ==> 7E020000426600000000020B0600000000000C000300C64734049FAC78038D00000000260325204913010400000000140400000001150400000002160400000000170200002A02000030013D3101162A7E
2026-03-25 20:49:45 - msg_id_0200 ==> 7E020000426600000000020B1100000000000C000300C64734049FAC80038D00000000260325204944010400000000140400000001150400000002160400000000170200002A02000030013D310116927E
2026-03-25 20:50:16 - msg_id_0200 ==> 7E020000426600000000020B1C00000000000C000300C64734049FAC80038D00000000260325205015010400000000140400000001150400000002160400000000170200002A02000030013D310117D67E
2026-03-25 20:50:47 - msg_id_0200 ==> 7E020000426600000000020B2700000000000C000300C64733049FAC80038D00000000260325205046010400000000140400000001150400000002160400000000170200002A02000030013D310118B67E
2026-03-25 20:51:18 - msg_id_0200 ==> 7E020000426600000000020B3200000000000C000300C64737049FAC80038D00000000260325205117010400000000140400000001150400000002160400000000170200002A02000030013D310119F67E
2026-03-25 20:51:49 - msg_id_0200 ==> 7E020000426600000000020B3D00000000000C000300C6473A049FAC80038D00000000260325205148010400000000140400000001150400000002160400000000170200002A02000030013D310118AA7E
2026-03-25 20:52:20 - msg_id_0200 ==> 7E020000426600000000020B4800000000000C000300C6473D049FAC80038D00000000260325205219010400000000140400000001150400000002160400000000170200002A02000030013A3101188D7E
2026-03-25 20:52:51 - msg_id_0200 ==> 7E020000426600000000020B5300000000000C000300C6473C049FAC80038D00000000260325205250010400000000140400000001150400000002160400000000170200002A02000030013A310118DE7E
2026-03-25 20:53:22 - msg_id_0200 ==> 7E020000426600000000020B5E00000000000C000300C6473C049FAC80038D00000000260325205321010400000000140400000001150400000002160400000000170200002A02000030013A310116AD7E
2026-03-25 20:53:53 - msg_id_0200 ==> 7E020000426600000000020B6900000000000C000300C6473C049FAC80038D00000000260325205352010400000000140400000001150400000002160400000000170200002A02000030013A310118E77E
2026-03-25 20:54:24 - msg_id_0200 ==> 7E020000426600000000020B7400000000000C000300C6473B049FAC88038D00000000260325205423010400000000140400000001150400000002160400000000170200002A02000030013A3101178C7E
2026-03-25 20:54:54 - msg_id_0200 ==> 7E020000426600000000020B7F00000100000C000300C6473A049FAC88038D00000000260325205453010400000000140400000001150400000002160400000000170200002A02000030013A310118F87E
2026-03-25 20:54:59 - msg_id_0200 ==> 7E020000426600000000020B8200000000000C000300C6473A049FAC88038D00000000260325205458010400000000140400000001150400000002160400000000170200002A02000030013A310116017E
2026-03-25 20:55:30 - msg_id_0200 ==> 7E020000426600000000020B8D00000000000C000300C64739049FAC80038D00000000260325205529010400000000140400000001150400000002160400000000170200002A02000030013A3101187B7E
2026-03-25 20:56:01 - msg_id_0200 ==> 7E020000426600000000020B9800000000000C000300C6473C049FAC80038D00000000260325205600010400000000140400000001150400000002160400000000170200002A02000030013A310119407E
2026-03-25 20:56:32 - msg_id_0200 ==> 7E020000426600000000020BA300000000000C000300C6473C049FAC80038D00000000260325205631010400000000140400000001150400000002160400000000170200002A02000030013A3101194A7E
2026-03-25 20:57:03 - msg_id_0200 ==> 7E020000426600000000020BAE00000000000C000300C6473D049FAC80038D00000000260325205702010400000000140400000001150400000002160400000000170200002A02000030013A310118757E
2026-03-25 20:57:34 - msg_id_0200 ==> 7E020000426600000000020BB900000000000C000300C6473B049FAC88038D00000000260325205733010400000000140400000001150400000002160400000000170200002A02000030013A31011A5F7E
2026-03-25 20:58:05 - msg_id_0200 ==> 7E020000426600000000020BC400000000000C000300C6473D049FAC88038D00000000260325205804010400000000140400000001150400000002160400000000170200002A02000030013A3101191F7E
2026-03-25 20:58:36 - msg_id_0200 ==> 7E020000426600000000020BCF00000000000C000300C6473E049FAC90038D00000000260325205835010400000000140400000001150400000002160400000000170200002A02000030013A31011A3D7E
2026-03-25 20:59:07 - msg_id_0200 ==> 7E020000426600000000020BDA00000000000C000300C6473D049FAC90038D00000000260325205906010400000000140400000001150400000002160400000000170200002A02000030013A31011B187E
2026-03-25 20:59:38 - msg_id_0200 ==> 7E020000426600000000020BE500000000000C000300C6473C049FAC90038D00000000260325205937010400000000140400000001150400000002160400000000170200002A02000030013A3101171B7E
2026-03-25 21:00:09 - msg_id_0200 ==> 7E020000426600000000020BF000000000000C000300C6473C049FAC90038D00000000260325210008010400000000140400000001150400000002160400000000170200002A02000030013A310116687E
2026-03-25 21:00:40 - msg_id_0200 ==> 7E020000426600000000020BFB00000000000C000300C6473A049FAC90038D00000000260325210039010400000000140400000001150400000002160400000000170200002A02000030013A310115577E
2026-03-25 21:01:11 - msg_id_0200 ==> 7E020000426600000000020C0600000000000C000300C64738049FAC90038D00000000260325210110010400000000140400000001150400000002160400000000170200002A02000030013A310116847E
2026-03-25 21:01:42 - msg_id_0200 ==> 7E020000426600000000020C1100000000000C000300C64737049FAC90038D00000000260325210141010400000000140400000001150400000002160400000000170200002A02000030013A310115CE7E
2026-03-25 21:02:13 - msg_id_0200 ==> 7E020000426600000000020C1C00000000000C000300C64736049FAC90038C00000000260325210212010400000000140400000001150400000002160400000000170200002A02000030013A310117917E
2026-03-25 21:02:44 - msg_id_0200 ==> 7E020000426600000000020C2700000000000C000300C64736049FAC90038C00000000260325210243010400000000140400000001150400000002160400000000170200002A02000030013D310117FC7E
2026-03-25 21:03:15 - msg_id_0200 ==> 7E020000426600000000020C3200000000000C000300C64736049FAC90038C00000000260325210314010400000000140400000001150400000002160400000000170200002A02000030013D310117BF7E
2026-03-25 21:03:46 - msg_id_0200 ==> 7E020000426600000000020C3D00000000000C000300C64734049FAC90038D00000000260325210345010400000000140400000001150400000002160400000000170200002A02000030013D310117E27E
2026-03-25 21:04:17 - msg_id_0200 ==> 7E020000426600000000020C4800000000000C000300C64733049FAC98038D00000000260325210416010400000000140400000001150400000002160400000000170200002A02000030013D310117CC7E
2026-03-25 21:04:48 - msg_id_0200 ==> 7E020000426600000000020C5300000000000C000300C64735049FAC98038D00000000260325210447010400000000140400000001150400000002160400000000170200002A02000030013D3101188F7E
2026-03-25 21:05:19 - msg_id_0200 ==> 7E020000426600000000020C5E00000000000C000300C64735049FAC90038D00000000260325210518010400000000140400000001150400000002160400000000170200002A02000030013D310117DB7E
2026-03-25 21:05:50 - msg_id_0200 ==> 7E020000426600000000020C6900000000000C000300C64736049FAC90038D00000000260325210549010400000000140400000001150400000002160400000000170200002A02000030013D310118B17E
2026-03-25 21:06:21 - msg_id_0200 ==> 7E020000426600000000020C7400000000000C000300C64738049FAC98038D00000000260325210620010400000000140400000001150400000002160400000000170200002A02000030013D310119C17E
2026-03-25 21:06:52 - msg_id_0200 ==> 7E020000426600000000020C7F00000100000C000300C64737049FAC98038D00000000260325210651010400000000140400000001150400000002160400000000170200002A02000030013D310117BB7E
2026-03-25 21:06:57 - msg_id_0200 ==> 7E020000426600000000020C8200000000000C000300C64737049FAC98038D00000000260325210656010400000000140400000001150400000002160400000000170200002A02000030013D3101184F7E
2026-03-25 21:07:28 - msg_id_0200 ==> 7E020000426600000000020C8D00000000000C000300C64738049FAC98038D00000000260325210727010400000000140400000001150400000002160400000000170200002A02000030013D31011A3D7E
2026-03-25 21:07:59 - msg_id_0200 ==> 7E020000426600000000020C9800000000000C000300C64739049FAC98038D00000000260325210758010400000000140400000001150400000002160400000000170200002A02000030013D310118547E
2026-03-25 21:08:30 - msg_id_0200 ==> 7E020000426600000000020CA300000000000C000300C6473A049FAC98038D00000000260325210829010400000000140400000001150400000002160400000000170200002A02000030013D31011A107E
2026-03-25 21:09:01 - msg_id_0200 ==> 7E020000426600000000020CAE00000000000C000300C6473A049FAC98038D00000000260325210900010400000000140400000001150400000002160400000000170200002A02000030013D310116397E
2026-03-25 21:09:32 - msg_id_0200 ==> 7E020000426600000000020CB900000000000C000300C6473C049FAC98038D00000000260325210931010400000000140400000001150400000002160400000000170200002A02000030013D310118177E
2026-03-25 21:10:03 - msg_id_0200 ==> 7E020000426600000000020CC400000000000C000300C6473E049FAC98038D00000000260325211002010400000000140400000001150400000002160400000000170200002A02000030013D310119437E
2026-03-25 21:10:34 - msg_id_0200 ==> 7E020000426600000000020CCF00000000000C000300C6473E049FAC98038D00000000260325211033010400000000140400000001150400000002160400000000170200002A02000030013D310118787E
2026-03-25 21:11:05 - msg_id_0200 ==> 7E020000426600000000020CDA00000000000C000300C6473C049FAC98038D00000000260325211104010400000000140400000001150400000002160400000000170200002A02000030013D310119587E
2026-03-25 21:11:36 - msg_id_0200 ==> 7E020000426600000000020CE500000000000C000300C6473B049FACA0038D00000000260325211135010400000000140400000001150400000002160400000000170200002A02000030013D310119697E
2026-03-25 21:12:07 - msg_id_0200 ==> 7E020000426600000000020CF000000000000C000300C6473C049FACA0038D00000000260325211206010400000000140400000001150400000002160400000000170200002A02000030013D31011A487E
2026-03-25 21:12:38 - msg_id_0200 ==> 7E020000426600000000020CFB00000000000C000300C64740049FACA0038D00000000260325211237010400000000140400000001150400000002160400000000170200002A02000030013D3101180C7E
2026-03-25 21:13:09 - msg_id_0200 ==> 7E020000426600000000020D0600000000000C000300C6473E049FACA0038D00000000260325211308010400000000140400000001150400000002160400000000170200002A02000030013A310116B97E
2026-03-25 21:13:40 - msg_id_0200 ==> 7E020000426600000000020D1100000000000C000300C6473F049FACA0038D00000000260325211339010400000000140400000001150400000002160400000000170200002A02000030013D310119967E
2026-03-25 21:14:11 - msg_id_0200 ==> 7E020000426600000000020D1C00000000000C000300C64740049FACA0038D00000000260325211410010400000000140400000001150400000002160400000000170200002A02000030013D310119CA7E
2026-03-25 21:14:42 - msg_id_0200 ==> 7E020000426600000000020D2700000000000C000300C64741049FACA0038D00000000260325211441010400000000140400000001150400000002160400000000170200002A02000030013D310119A17E
2026-03-25 21:15:13 - msg_id_0200 ==> 7E020000426600000000020D3200000000000C000300C6473F049FACA0038D00000000260325211512010400000000140400000001150400000002160400000000170200002A02000030013D310118997E
2026-03-25 21:15:44 - msg_id_0200 ==> 7E020000426600000000020D3D00000000000C000300C6473F049FACA0038D00000000260325211543010400000000140400000001150400000002160400000000170200002A02000030013D310117C87E
2026-03-25 21:16:15 - msg_id_0200 ==> 7E020000426600000000020D4800000000000C000300C64740049FACA0038D00000000260325211614010400000000140400000001150400000002160400000000170200002A02000030013D310118997E
2026-03-25 21:16:46 - msg_id_0200 ==> 7E020000426600000000020D5300000000000C000300C6473F049FACA0038D00000000260325211645010400000000140400000001150400000002160400000000170200002A02000030013D310119AD7E
2026-03-25 21:17:17 - msg_id_0200 ==> 7E020000426600000000020D5E00000000000C000300C6473E049FACA0038D00000000260325211716010400000000140400000001150400000002160400000000170200002A02000030013D310116FC7E
2026-03-25 21:17:48 - msg_id_0200 ==> 7E020000426600000000020D6900000000000C000300C6473E049FACA8038D00000000260325211747010400000000140400000001150400000002160400000000170200002A02000030013D3101189C7E
2026-03-25 21:18:19 - msg_id_0200 ==> 7E020000426600000000020D7400000000000C000300C6473B049FACA8038D00000000260325211818010400000000140400000001150400000002160400000000170200002A02000030013D310117DB7E
2026-03-25 21:18:49 - msg_id_0200 ==> 7E020000426600000000020D7F00000100000C000300C6473A049FACA8038D00000000260325211848010400000000140400000001150400000002160400000000170200002A02000030013D3101198E7E
2026-03-25 21:18:54 - msg_id_0200 ==> 7E020000426600000000020D8200000000000C000300C6473A049FACA8038D00000000260325211853010400000000140400000001150400000002160400000000170200002A02000030013D310119697E
2026-03-25 21:19:25 - msg_id_0200 ==> 7E020000426600000000020D8D00000000000C000300C64738049FACA0038D00000000260325211924010400000000140400000001150400000002160400000000170200002A02000030013D3101181B7E
2026-03-25 21:19:56 - msg_id_0200 ==> 7E020000426600000000020D9800000000000C000300C64738049FACA0038D00000000260325211955010400000000140400000001150400000002160400000000170200002A02000030013D3101187F7E
2026-03-25 21:20:27 - msg_id_0200 ==> 7E020000426600000000020DA300000000000C000300C64738049FACA0038D00000000260325212026010400000000140400000001150400000002160400000000170200002A02000030013D3101180E7E
2026-03-25 21:20:58 - msg_id_0200 ==> 7E020000426600000000020DAE00000000000C000300C64736049FACA0038D00000000260325212057010400000000140400000001150400000002160400000000170200002A02000030013D3101197D017E
2026-03-25 21:21:29 - msg_id_0200 ==> 7E020000426600000000020DB900000000000C000300C64735049FACA0038D00000000260325212128010400000000140400000001150400000002160400000000170200002A02000030013D31011A147E
2026-03-25 21:22:00 - msg_id_0200 ==> 7E020000426600000000020DC400000000000C000300C64733049FACA0038D00000000260325212159010400000000140400000001150400000002160400000000170200002A02000030013D31011A1E7E
2026-03-25 21:22:31 - msg_id_0200 ==> 7E020000426600000000020DCF00000000000C000300C64733049FACA0038D00000000260325212230010400000000140400000001150400000002160400000000170200002A02000030013D3101197C7E
2026-03-25 21:23:03 - msg_id_0200 ==> 7E020000426600000000020DDA00000000000C000300C64733049FACA8038D00000000260325212301010400000000140400000001150400000002160400000000170200002A02000030014031011A2F7E
2026-03-25 21:23:33 - msg_id_0200 ==> 7E020000426600000000020DE500000000000C000300C64735049FACA8038D00000000260325212332010400000000140400000001150400000002160400000000170200002A02000030013D310117557E
2026-03-25 21:24:04 - msg_id_0200 ==> 7E020000426600000000020DF000000000000C000300C64735049FACA8038D00000000260325212403010400000000140400000001150400000002160400000000170200002A02000030013D310116777E
2026-03-25 21:24:35 - msg_id_0200 ==> 7E020000426600000000020DFB00000000000C000300C64737049FACA0038E00000000260325212434010400000000140400000001150400000002160400000000170200002A02000030013D3101184C7E
2026-03-25 21:25:06 - msg_id_0200 ==> 7E020000426600000000020E0600000000000C000300C64736049FACA8038E00000000260325212505010400000000140400000001150400000002160400000000170200002A02000030013D3101188B7E
2026-03-25 21:25:37 - msg_id_0200 ==> 7E020000426600000000020E1100000000000C000300C64737049FACA8038E00000000260325212536010400000000140400000001150400000002160400000000170200002A02000030013D310119AF7E
2026-03-25 21:26:08 - msg_id_0200 ==> 7E020000426600000000020E1C00000000000C000300C64735049FACA8038E00000000260325212607010400000000140400000001150400000002160400000000170200002A02000030013D310118937E
2026-03-25 21:26:39 - msg_id_0200 ==> 7E020000426600000000020E2700000000000C000300C64734049FACA8038E00000000260325212638010400000000140400000001150400000002160400000000170200002A02000030013D310118967E
2026-03-25 21:27:10 - msg_id_0200 ==> 7E020000426600000000020E3200000000000C000300C64735049FACA8038E00000000260325212709010400000000140400000001150400000002160400000000170200002A02000030013D310119B37E
2026-03-25 21:27:41 - msg_id_0200 ==> 7E020000426600000000020E3D00000000000C000300C64736049FACA8038E00000000260325212740010400000000140400000001150400000002160400000000170200002A02000030013D31011AF57E
2026-03-25 21:28:12 - msg_id_0200 ==> 7E020000426600000000020E4800000000000C000300C64737049FACA0038E00000000260325212811010400000000140400000001150400000002160400000000170200002A02000030013D31011AD77E
2026-03-25 21:28:43 - msg_id_0200 ==> 7E020000426600000000020E5300000000000C000300C64737049FACA0038E00000000260325212842010400000000140400000001150400000002160400000000170200002A02000030013D3101189D7E
2026-03-25 21:29:14 - msg_id_0200 ==> 7E020000426600000000020E5E00000000000C000300C64737049FACA0038E00000000260325212913010400000000140400000001150400000002160400000000170200002A02000030013D31011AC27E
2026-03-25 21:29:45 - msg_id_0200 ==> 7E020000426600000000020E6900000000000C000300C64734049FACA0038E00000000260325212944010400000000140400000001150400000002160400000000170200002A02000030013D310117AC7E
2026-03-25 21:30:16 - msg_id_0200 ==> 7E020000426600000000020E7400000000000C000300C64733049FACA0038E00000000260325213015010400000000140400000001150400000002160400000000170200002A02000030013D31011AF37E
2026-03-25 21:30:47 - msg_id_0200 ==> 7E020000426600000000020E7F00000100000C000300C64730049FACA0038E00000000260325213046010400000000140400000001150400000002160400000000170200002A02000030013D310119AA7E
2026-03-25 21:30:52 - msg_id_0200 ==> 7E020000426600000000020E8200000000000C000300C64730049FACA0038E00000000260325213051010400000000140400000001150400000002160400000000170200002A02000030013D310119417E
2026-03-25 21:31:23 - msg_id_0200 ==> 7E020000426600000000020E8D00000000000C000300C6472F049FACA0038E00000000260325213122010400000000140400000001150400000002160400000000170200002A02000030013D310118227E
2026-03-25 21:31:54 - msg_id_0200 ==> 7E020000426600000000020E9800000000000C000300C64731049FACA0038E00000000260325213153010400000000140400000001150400000002160400000000170200002A02000030013D310118587E
2026-03-25 21:32:25 - msg_id_0200 ==> 7E020000426600000000020EA300000000000C000300C64734049FACA0038E00000000260325213224010400000000140400000001150400000002160400000000170200002A02000030013D310118127E
2026-03-25 21:32:56 - msg_id_0200 ==> 7E020000426600000000020EAE00000000000C000300C64736049FACA0038E00000000260325213255010400000000140400000001150400000002160400000000170200002A02000030013D31011A6E7E
2026-03-25 21:33:27 - msg_id_0200 ==> 7E020000426600000000020EB900000000000C000300C64736049FAC98038E00000000260325213326010400000000140400000001150400000002160400000000170200002A02000030013D310119307E
2026-03-25 21:33:58 - msg_id_0200 ==> 7E020000426600000000020EC400000000000C000300C64738049FAC98038E00000000260325213357010400000000140400000001150400000002160400000000170200002A02000030013D310119327E
2026-03-25 21:34:29 - msg_id_0200 ==> 7E020000426600000000020ECF00000000000C000300C64739049FAC98038E00000000260325213428010400000000140400000001150400000002160400000000170200002A02000030013D310119407E
2026-03-25 21:35:00 - msg_id_0200 ==> 7E020000426600000000020EDA00000000000C000300C6473B049FAC90038F00000000260325213459010400000000140400000001150400000002160400000000170200002A02000030013D3101182E7E
2026-03-25 21:35:31 - msg_id_0200 ==> 7E020000426600000000020EE500000000000C000300C6473B049FAC90038F00000000260325213530010400000000140400000001150400000002160400000000170200002A02000030013D310117767E
2026-03-25 21:36:02 - msg_id_0200 ==> 7E020000426600000000020EF000000000000C000300C6473B049FAC90038F00000000260325213601010400000000140400000001150400000002160400000000170200002A02000030013D3101195F7E
2026-03-25 21:36:33 - msg_id_0200 ==> 7E020000426600000000020EFB00000000000C000300C6473D049FAC90038F00000000260325213632010400000000140400000001150400000002160400000000170200002A02000030013D310118607E
2026-03-25 21:37:04 - msg_id_0200 ==> 7E020000426600000000020F0600000000000C000300C6473D049FAC90038F00000000260325213703010400000000140400000001150400000002160400000000170200002A02000030013D310119AD7E
2026-03-25 21:37:35 - msg_id_0200 ==> 7E020000426600000000020F1100000000000C000300C6473D049FAC90038F00000000260325213734010400000000140400000001150400000002160400000000170200002A02000030013D3101188C7E
2026-03-25 21:38:06 - msg_id_0200 ==> 7E020000426600000000020F1C00000000000C000300C6473D049FAC88038F00000000260325213805010400000000140400000001150400000002160400000000170200002A02000030013D310119A67E
2026-03-25 21:38:37 - msg_id_0200 ==> 7E020000426600000000020F2700000000000C000300C6473F049FAC88038F00000000260325213836010400000000140400000001150400000002160400000000170200002A02000030013D310119AC7E
2026-03-25 21:39:08 - msg_id_0200 ==> 7E020000426600000000020F3200000000000C000300C6473F049FAC88038F00000000260325213907010400000000140400000001150400000002160400000000170200002A02000030013D310119897E
2026-03-25 21:39:39 - msg_id_0200 ==> 7E020000426600000000020F3D00000000000C000300C6473F049FAC88038F00000000260325213938010400000000140400000001150400000002160400000000170200002A02000030013D310117B77E
2026-03-25 21:40:10 - msg_id_0200 ==> 7E020000426600000000020F4800000000000C000300C64740049FAC88038F00000000260325214009010400000000140400000001150400000002160400000000170200002A02000030013D310117F57E
2026-03-25 21:40:41 - msg_id_0200 ==> 7E020000426600000000020F5300000000000C000300C64741049FAC88038F00000000260325214040010400000000140400000001150400000002160400000000170200002A02000030013D310118A97E
2026-03-25 21:41:12 - msg_id_0200 ==> 7E020000426600000000020F5E00000000000C000300C64740049FAC88038F00000000260325214111010400000000140400000001150400000002160400000000170200002A02000030013D310119F47E
2026-03-25 21:41:43 - msg_id_0200 ==> 7E020000426600000000020F6900000000000C000300C64741049FAC88038F00000000260325214142010400000000140400000001150400000002160400000000170200002A02000030013D31011A927E
2026-03-25 21:42:14 - msg_id_0200 ==> 7E020000426600000000020F7400000000000C000300C64740049FAC88038F00000000260325214213010400000000140400000001150400000002160400000000170200002A02000030013D31011ADC7E
2026-03-25 21:42:44 - msg_id_0200 ==> 7E020000426600000000020F7F00000100000C000300C6473F049FAC88038F00000000260325214243010400000000140400000001150400000002160400000000170200002A020000300140310119877E
2026-03-25 21:42:50 - msg_id_0200 ==> 7E020000426600000000020F8200000000000C000300C6473F049FAC88038F00000000260325214248010400000000140400000001150400000002160400000000170200002A020000300140310119707E
2026-03-25 21:43:20 - msg_id_0200 ==> 7E020000426600000000020F8D00000000000C000300C64740049FAC88038F00000000260325214319010400000000140400000001150400000002160400000000170200002A02000030013A3101192A7E
2026-03-25 21:43:51 - msg_id_0200 ==> 7E020000426600000000020F9800000000000C000300C6473E049FAC88038F00000000260325214350010400000000140400000001150400000002160400000000170200002A02000030013A31011B0A7E
2026-03-25 21:44:22 - msg_id_0200 ==> 7E020000426600000000020FA300000000000C000300C6473E049FAC88038F00000000260325214421010400000000140400000001150400000002160400000000170200002A02000030013A31011B477E
2026-03-25 21:44:53 - msg_id_0200 ==> 7E020000426600000000020FAE00000000000C000300C64740049FAC88038F00000000260325214452010400000000140400000001150400000002160400000000170200002A02000030013A310119457E
2026-03-25 21:45:24 - msg_id_0200 ==> 7E020000426600000000020FB900000000000C000300C64742049FAC90038F00000000260325214523010400000000140400000001150400000002160400000000170200002A02000030013A31011B3A7E
2026-03-25 21:45:56 - msg_id_0200 ==> 7E020000426600000000020FC400000000000C000300C64741049FAC90038F00000000260325214554010400000000140400000001150400000002160400000000170200002A02000030013A310118307E
2026-03-25 21:46:26 - msg_id_0200 ==> 7E020000426600000000020FCF00000000000C000300C64740049FAC90038F00000000260325214625010400000000140400000001150400000002160400000000170200002A02000030013A310117477E
2026-03-25 21:46:57 - msg_id_0200 ==> 7E020000426600000000020FDA00000000000C000300C64740049FAC90038F00000000260325214656010400000000140400000001150400000002160400000000170200002A02000030013A31011A2C7E
2026-03-25 21:47:28 - msg_id_0200 ==> 7E020000426600000000020FE500000000000C000300C6473F049FAC90038F00000000260325214727010400000000140400000001150400000002160400000000170200002A02000030013A3101181E7E
2026-03-25 21:47:59 - msg_id_0200 ==> 7E020000426600000000020FF000000000000C000300C6473D049FAC98038F00000000260325214758010400000000140400000001150400000002160400000000170200002A02000030013A3101197F7E
2026-03-25 21:48:30 - msg_id_0200 ==> 7E020000426600000000020FFB00000000000C000300C6473D049FAC98038F00000000260325214829010400000000140400000001150400000002160400000000170200002A02000030013A3101190A7E
2026-03-25 21:49:01 - msg_id_0200 ==> 7E02000042660000000002100600000000000C000300C6473D049FAC98038F00000000260325214900010400000000140400000001150400000002160400000000170200002A02000030013A31011BC27E
2026-03-25 21:49:32 - msg_id_0200 ==> 7E02000042660000000002101100000000000C000300C6473F049FAC98038F00000000260325214931010400000000140400000001150400000002160400000000170200002A02000030013A310119E47E
2026-03-25 21:50:03 - msg_id_0200 ==> 7E02000042660000000002101C00000000000C000300C6473F049FAC98038F00000000260325215002010400000000140400000001150400000002160400000000170200002A02000030013A31011AC07E
2026-03-25 21:50:34 - msg_id_0200 ==> 7E02000042660000000002102700000000000C000300C64741049FAC98038F00000000260325215033010400000000140400000001150400000002160400000000170200002A02000030013A31011AB47E
2026-03-25 21:51:05 - msg_id_0200 ==> 7E02000042660000000002103200000000000C000300C64741049FAC98038F00000000260325215104010400000000140400000001150400000002160400000000170200002A02000030013A31011A977E
2026-03-25 21:51:36 - msg_id_0200 ==> 7E02000042660000000002103D00000000000C000300C64740049FACA0038F00000000260325215135010400000000140400000001150400000002160400000000170200002A020000300140310118E87E
2026-03-25 21:52:07 - msg_id_0200 ==> 7E02000042660000000002104800000000000C000300C64741049FACA0038F00000000260325215206010400000000140400000001150400000002160400000000170200002A02000030013A31011AD47E
2026-03-25 21:52:38 - msg_id_0200 ==> 7E02000042660000000002105300000000000C000300C64742049FACA8038F00000000260325215237010400000000140400000001150400000002160400000000170200002A02000030013A31011BF47E
2026-03-25 21:53:09 - msg_id_0200 ==> 7E02000042660000000002105E00000000000C000300C64742049FACA8038F00000000260325215308010400000000140400000001150400000002160400000000170200002A02000030013A310119C57E
2026-03-25 21:53:40 - msg_id_0200 ==> 7E02000042660000000002106900000000000C000300C64742049FACA8038F00000000260325215339010400000000140400000001150400000002160400000000170200002A02000030013A310119C37E
2026-03-25 21:54:11 - msg_id_0200 ==> 7E02000042660000000002107400000000000C000300C64742049FACA8038F00000000260325215410010400000000140400000001150400000002160400000000170200002A02000030013A310119F07E
2026-03-25 21:54:42 - msg_id_0200 ==> 7E02000042660000000002107F00000100000C000300C64742049FACA8038F00000000260325215441010400000000140400000001150400000002160400000000170200002A02000030013A310118AA7E
2026-03-25 21:54:47 - msg_id_0200 ==> 7E02000042660000000002108200000000000C000300C64741049FACA8038F00000000260325215446010400000000140400000001150400000002160400000000170200002A02000030013A31011A507E
2026-03-25 21:55:18 - msg_id_0200 ==> 7E02000042660000000002108D00000000000C000300C64740049FACB0038E00000000260325215517010400000000140400000001150400000002160400000000170200002A02000030013A31011A177E
2026-03-25 21:55:49 - msg_id_0200 ==> 7E02000042660000000002109800000000000C000300C64740049FACB0038E00000000260325215548010400000000140400000001150400000002160400000000170200002A02000030013A3101195E7E
2026-03-25 21:56:20 - msg_id_0200 ==> 7E0200004266000000000210A300000000000C000300C64741049FACB0038E00000000260325215619010400000000140400000001150400000002160400000000170200002A02000030013A310117387E
2026-03-25 21:56:51 - msg_id_0200 ==> 7E0200004266000000000210AE00000000000C000300C64742049FACB0038E00000000260325215650010400000000140400000001150400000002160400000000170200002A02000030013A3101167D027E
2026-03-25 21:57:22 - msg_id_0200 ==> 7E0200004266000000000210B900000000000C000300C64743049FACB0038E00000000260325215721010400000000140400000001150400000002160400000000170200002A02000030013A310118167E
2026-03-25 21:57:53 - msg_id_0200 ==> 7E0200004266000000000210C400000000000C000300C64744049FACB0038E00000000260325215752010400000000140400000001150400000002160400000000170200002A02000030013A31011A1D7E
2026-03-25 21:58:24 - msg_id_0200 ==> 7E0200004266000000000210CF00000000000C000300C64742049FACB0038E00000000260325215823010400000000140400000001150400000002160400000000170200002A02000030013A31011A6E7E
2026-03-25 21:58:55 - msg_id_0200 ==> 7E0200004266000000000210DA00000000000C000300C64741049FACB0038E00000000260325215854010400000000140400000001150400000002160400000000170200002A02000030013A31011B0E7E
2026-03-25 21:59:26 - msg_id_0200 ==> 7E0200004266000000000210E500000000000C000300C64740049FACB0038E00000000260325215925010400000000140400000001150400000002160400000000170200002A02000030013A31011A417E
2026-03-25 21:59:57 - msg_id_0200 ==> 7E0200004266000000000210F000000000000C000300C64741049FACB0038E00000000260325215956010400000000140400000001150400000002160400000000170200002A02000030013A310118247E
2026-03-25 22:00:28 - msg_id_0200 ==> 7E0200004266000000000210FB00000000000C000300C64741049FACB8038E00000000260325220027010400000000140400000001150400000002160400000000170200002A02000030013A31011A0E7E
2026-03-25 22:00:59 - msg_id_0200 ==> 7E02000042660000000002110600000000000C000300C64740049FACB8038E00000000260325220058010400000000140400000001150400000002160400000000170200002A02000030013A310116807E
2026-03-25 22:01:30 - msg_id_0200 ==> 7E02000042660000000002111100000000000C000300C64741049FACB8038E00000000260325220129010400000000140400000001150400000002160400000000170200002A02000030013A310118E87E
2026-03-25 22:02:01 - msg_id_0200 ==> 7E02000042660000000002111C00000000000C000300C64740049FACB8038E00000000260325220200010400000000140400000001150400000002160400000000170200002A02000030013A310119CF7E
2026-03-25 22:02:32 - msg_id_0200 ==> 7E02000042660000000002112700000000000C000300C64740049FACC0038E00000000260325220231010400000000140400000001150400000002160400000000170200002A02000030013A310119BD7E
2026-03-25 22:03:03 - msg_id_0200 ==> 7E02000042660000000002113200000000000C000300C6473F049FACC0038E00000000260325220302010400000000140400000001150400000002160400000000170200002A02000030013A31011AE67E
2026-03-25 22:03:34 - msg_id_0200 ==> 7E02000042660000000002113D00000000000C000300C64740049FACC8038E00000000260325220333010400000000140400000001150400000002160400000000170200002A02000030013A31011AAF7E
2026-03-25 22:04:05 - msg_id_0200 ==> 7E02000042660000000002114800000000000C000300C64742049FACC8038E00000000260325220404010400000000140400000001150400000002160400000000170200002A02000030013A31011AE87E
2026-03-25 22:04:36 - msg_id_0200 ==> 7E02000042660000000002115300000000000C000300C64743049FACC8038F00000000260325220435010400000000140400000001150400000002160400000000170200002A02000030013A31011CC47E
2026-03-25 22:05:07 - msg_id_0200 ==> 7E02000042660000000002115E00000000000C000300C64743049FACC8038F00000000260325220506010400000000140400000001150400000002160400000000170200002A02000030013A31011CFB7E
2026-03-25 22:05:38 - msg_id_0200 ==> 7E02000042660000000002116900000000000C000300C64743049FACC0038F00000000260325220537010400000000140400000001150400000002160400000000170200002A02000030013A310118F17E
2026-03-25 22:06:09 - msg_id_0200 ==> 7E02000042660000000002117400000000000C000300C64742049FACC0038E00000000260325220608010400000000140400000001150400000002160400000000170200002A02000030013A31011AD27E
2026-03-25 22:06:40 - msg_id_0200 ==> 7E02000042660000000002117F00000100000C000300C64742049FACC0038E00000000260325220638010400000000140400000001150400000002160400000000170200002A02000030013A31011AE87E
2026-03-25 22:06:45 - msg_id_0200 ==> 7E02000042660000000002118200000000000C000300C64742049FACC0038E00000000260325220644010400000000140400000001150400000002160400000000170200002A02000030013A31011B697E
2026-03-25 22:07:16 - msg_id_0200 ==> 7E02000042660000000002118D00000000000C000300C64744049FACC0038F00000000260325220715010400000000140400000001150400000002160400000000170200002A02000030013A31011B317E
2026-03-25 22:07:47 - msg_id_0200 ==> 7E02000042660000000002119800000000000C000300C64742049FACC0038F00000000260325220746010400000000140400000001150400000002160400000000170200002A02000030013A3101177D017E
2026-03-25 22:08:18 - msg_id_0200 ==> 7E0200004266000000000211A300000000000C000300C64740049FACC0038F00000000260325220817010400000000140400000001150400000002160400000000170200002A02000030013A310118157E
2026-03-25 22:08:49 - msg_id_0200 ==> 7E0200004266000000000211AE00000000000C000300C64741049FACC0038E00000000260325220848010400000000140400000001150400000002160400000000170200002A02000030013A310119467E
2026-03-25 22:09:20 - msg_id_0200 ==> 7E0200004266000000000211B900000000000C000300C64740049FACC0038F00000000260325220919010400000000140400000001150400000002160400000000170200002A02000030013D310117087E
2026-03-25 22:09:51 - msg_id_0200 ==> 7E0200004266000000000211C400000000000C000300C64741049FACC0038E00000000260325220950010400000000140400000001150400000002160400000000170200002A02000030013D3101173C7E
2026-03-25 22:10:22 - msg_id_0200 ==> 7E0200004266000000000211CF00000000000C000300C64741049FACC0038E00000000260325221021010400000000140400000001150400000002160400000000170200002A02000030013A310118577E
2026-03-25 22:10:53 - msg_id_0200 ==> 7E0200004266000000000211DA00000000000C000300C6473F049FACC0038E00000000260325221052010400000000140400000001150400000002160400000000170200002A02000030013D310116467E
2026-03-25 22:11:24 - msg_id_0200 ==> 7E0200004266000000000211E500000000000C000300C6473C049FACC0038E00000000260325221123010400000000140400000001150400000002160400000000170200002A02000030013D310118047E
2026-03-25 22:11:55 - msg_id_0200 ==> 7E0200004266000000000211F000000000000C000300C6473C049FACC0038E00000000260325221154010400000000140400000001150400000002160400000000170200002A02000030013D310118667E
2026-03-25 22:12:26 - msg_id_0200 ==> 7E0200004266000000000211FB00000000000C000300C6473B049FACC0038E00000000260325221225010400000000140400000001150400000002160400000000170200002A02000030013D310119197E
2026-03-25 22:12:57 - msg_id_0200 ==> 7E02000042660000000002120600000000000C000300C6473B049FACB8038E00000000260325221256010400000000140400000001150400000002160400000000170200002A02000030013D310118ED7E
2026-03-25 22:13:28 - msg_id_0200 ==> 7E02000042660000000002121100000000000C000300C6473C049FACB8038E00000000260325221327010400000000140400000001150400000002160400000000170200002A02000030013D310116837E
2026-03-25 22:13:59 - msg_id_0200 ==> 7E02000042660000000002121C00000000000C000300C6473D049FACB8038E00000000260325221358010400000000140400000001150400000002160400000000170200002A02000030013D310117F17E
2026-03-25 22:14:30 - msg_id_0200 ==> 7E02000042660000000002122700000000000C000300C6473E049FACB8038E00000000260325221429010400000000140400000001150400000002160400000000170200002A02000030013D310117BF7E
2026-03-25 22:15:01 - msg_id_0200 ==> 7E02000042660000000002123200000000000C000300C6473D049FACB8038E00000000260325221500010400000000140400000001150400000002160400000000170200002A02000030013D310117817E
2026-03-25 22:15:32 - msg_id_0200 ==> 7E02000042660000000002123D00000000000C000300C6473B049FACB8038E00000000260325221531010400000000140400000001150400000002160400000000170200002A02000030013D310117B97E
2026-03-25 22:16:03 - msg_id_0200 ==> 7E02000042660000000002124800000000000C000300C6473D049FACB8038E00000000260325221602010400000000140400000001150400000002160400000000170200002A02000030013D310117FA7E
2026-03-25 22:16:34 - msg_id_0200 ==> 7E02000042660000000002125300000000000C000300C6473D049FACB8038E00000000260325221633010400000000140400000001150400000002160400000000170200002A02000030013D310117D07E
2026-03-25 22:17:05 - msg_id_0200 ==> 7E02000042660000000002125E00000000000C000300C6473D049FACB8038E00000000260325221704010400000000140400000001150400000002160400000000170200002A02000030013D310116EA7E
2026-03-25 22:17:36 - msg_id_0200 ==> 7E02000042660000000002126900000000000C000300C6473F049FACB8038E00000000260325221735010400000000140400000001150400000002160400000000170200002A02000030013D310116EE7E
2026-03-25 22:18:07 - msg_id_0200 ==> 7E02000042660000000002127400000000000C000300C6473E049FACB8038E00000000260325221806010400000000140400000001150400000002160400000000170200002A02000030013D310116CE7E
2026-03-25 22:18:37 - msg_id_0200 ==> 7E02000042660000000002127F00000100000C000300C64741049FACB8038E00000000260325221836010400000000140400000001150400000002160400000000170200002A02000030013A3101168C7E
2026-03-25 22:18:42 - msg_id_0200 ==> 7E02000042660000000002128200000000000C000300C64741049FACB8038E00000000260325221841010400000000140400000001150400000002160400000000170200002A02000030013A310116077E
2026-03-25 22:19:13 - msg_id_0200 ==> 7E02000042660000000002128D00000000000C000300C64742049FACB0038E00000000260325221912010400000000140400000001150400000002160400000000170200002A02000030013D310116567E
2026-03-25 22:19:44 - msg_id_0200 ==> 7E02000042660000000002129800000000000C000300C64743049FACB0038E00000000260325221943010400000000140400000001150400000002160400000000170200002A02000030013D310117127E
2026-03-25 22:20:15 - msg_id_0200 ==> 7E0200004266000000000212A300000000000C000300C64746049FACB0038E00000000260325222014010400000000140400000001150400000002160400000000170200002A02000030013D310116437E
2026-03-25 22:20:46 - msg_id_0200 ==> 7E0200004266000000000212AE00000000000C000300C64749049FACB0038E00000000260325222045010400000000140400000001150400000002160400000000170200002A02000030013D3101181E7E
2026-03-25 22:21:17 - msg_id_0200 ==> 7E0200004266000000000212B900000000000C000300C6474A049FACB0038E00000000260325222116010400000000140400000001150400000002160400000000170200002A02000030013D310117577E
2026-03-25 22:21:48 - msg_id_0200 ==> 7E0200004266000000000212C400000000000C000300C6474B049FACB0038D00000000260325222147010400000000140400000001150400000002160400000000170200002A02000030013D310117797E
2026-03-25 22:22:19 - msg_id_0200 ==> 7E0200004266000000000212CF00000000000C000300C6474E049FACB0038D00000000260325222218010400000000140400000001150400000002160400000000170200002A02000030013D310118247E
2026-03-25 22:22:50 - msg_id_0200 ==> 7E0200004266000000000212DA00000000000C000300C64751049FACB0038D00000000260325222249010400000000140400000001150400000002160400000000170200002A02000030013D310116717E
2026-03-25 22:23:21 - msg_id_0200 ==> 7E0200004266000000000212E500000000000C000300C64752049FACB8038D00000000260325222320010400000000140400000001150400000002160400000000170200002A02000030013D3101162D7E
2026-03-25 22:23:52 - msg_id_0200 ==> 7E0200004266000000000212F000000000000C000300C64755049FACB8038D00000000260325222351010400000000140400000001150400000002160400000000170200002A02000030013D3101174F7E
2026-03-25 22:24:23 - msg_id_0200 ==> 7E0200004266000000000212FB00000000000C000300C64756049FACB8038D00000000260325222422010400000000140400000001150400000002160400000000170200002A02000030013D310116327E
2026-03-25 22:24:54 - msg_id_0200 ==> 7E02000042660000000002130600000000000C000300C64758049FACB8038D00000000260325222453010400000000140400000001150400000002160400000000170200002A02000030013D310115B27E
2026-03-25 22:25:25 - msg_id_0200 ==> 7E02000042660000000002131100000000000C000300C64759049FACB8038D00000000260325222524010400000000140400000001150400000002160400000000170200002A02000030013D310116D17E
2026-03-25 22:25:56 - msg_id_0200 ==> 7E02000042660000000002131C00000000000C000300C6475A049FACC0038D00000000260325222555010400000000140400000001150400000002160400000000170200002A02000030013D310116D67E
2026-03-25 22:26:27 - msg_id_0200 ==> 7E02000042660000000002132700000000000C000300C6475C049FACC0038D00000000260325222626010400000000140400000001150400000002160400000000170200002A02000030013D3101169B7E
2026-03-25 22:26:58 - msg_id_0200 ==> 7E02000042660000000002133200000000000C000300C6475E049FACC0038D00000000260325222657010400000000140400000001150400000002160400000000170200002A02000030013D310117FC7E
2026-03-25 22:27:29 - msg_id_0200 ==> 7E02000042660000000002133D00000000000C000300C64760049FACC0038D00000000260325222728010400000000140400000001150400000002160400000000170200002A02000030013D310118BC7E
2026-03-25 22:28:00 - msg_id_0200 ==> 7E02000042660000000002134800000000000C000300C64764049FACC0038D00000000260325222759010400000000140400000001150400000002160400000000170200002A02000030013D310118BC7E
2026-03-25 22:28:31 - msg_id_0200 ==> 7E02000042660000000002135300000000000C000300C64766049FACC0038D00000000260325222830010400000000140400000001150400000002160400000000170200002A02000030013D310115CE7E
2026-03-25 22:29:02 - msg_id_0200 ==> 7E02000042660000000002135E00000000000C000300C64767049FACC0038D00000000260325222901010400000000140400000001150400000002160400000000170200002A02000030013D310118FF7E
2026-03-25 22:29:33 - msg_id_0200 ==> 7E02000042660000000002136900000000000C000300C64769049FACC0038D00000000260325222932010400000000140400000001150400000002160400000000170200002A02000030013D310118F57E
2026-03-25 22:30:04 - msg_id_0200 ==> 7E02000042660000000002137400000000000C000300C6476B049FACC0038D00000000260325223003010400000000140400000001150400000002160400000000170200002A02000030013D310116CC7E
2026-03-25 22:30:35 - msg_id_0200 ==> 7E02000042660000000002137F00000100000C000300C6476B049FACC8038D00000000260325223034010400000000140400000001150400000002160400000000170200002A02000030013D310116F97E
2026-03-25 22:30:40 - msg_id_0200 ==> 7E02000042660000000002138200000000000C000300C6476C049FACC8038D00000000260325223039010400000000140400000001150400000002160400000000170200002A02000030013D3101150C7E
2026-03-25 22:31:11 - msg_id_0200 ==> 7E02000042660000000002138D00000000000C000300C6476D049FACC8038D00000000260325223110010400000000140400000001150400000002160400000000170200002A02000030013D3101142B7E
2026-03-25 22:31:42 - msg_id_0200 ==> 7E02000042660000000002139800000000000C000300C64770049FACC8038D00000000260325223141010400000000140400000001150400000002160400000000170200002A02000030013D310115737E
2026-03-25 22:32:13 - msg_id_0200 ==> 7E0200004266000000000213A300000000000C000300C64771049FACC0038D00000000260325223212010400000000140400000001150400000002160400000000170200002A02000030013D310115117E
2026-03-25 22:32:44 - msg_id_0200 ==> 7E0200004266000000000213AE00000000000C000300C64773049FACC8038D00000000260325223243010400000000140400000001150400000002160400000000170200002A02000030013D310114467E
2026-03-25 22:33:15 - msg_id_0200 ==> 7E0200004266000000000213B900000000000C000300C64773049FACC8038D00000000260325223314010400000000140400000001150400000002160400000000170200002A02000030013D310114077E
2026-03-25 22:33:46 - msg_id_0200 ==> 7E0200004266000000000213C400000000000C000300C64771049FACC8038D00000000260325223345010400000000140400000001150400000002160400000000170200002A02000030013D310115287E
2026-03-25 22:34:17 - msg_id_0200 ==> 7E0200004266000000000213CF00000000000C000300C64773049FACC8038D00000000260325223416010400000000140400000001150400000002160400000000170200002A02000030013D310115757E
2026-03-25 22:34:48 - msg_id_0200 ==> 7E0200004266000000000213DA00000000000C000300C64774049FACD0038D00000000260325223447010400000000140400000001150400000002160400000000170200002A02000030013D3101152E7E
2026-03-25 22:35:19 - msg_id_0200 ==> 7E0200004266000000000213E500000000000C000300C64773049FACD0038D00000000260325223518010400000000140400000001150400000002160400000000170200002A02000030013D310115487E
2026-03-25 22:35:50 - msg_id_0200 ==> 7E0200004266000000000213F000000000000C000300C64772049FACD0038D00000000260325223549010400000000140400000001150400000002160400000000170200002A02000030013D3101150D7E
2026-03-25 22:36:21 - msg_id_0200 ==> 7E0200004266000000000213FB00000000000C000300C64771049FACD0038C00000000260325223620010400000000140400000001150400000002160400000000170200002A02000030013D3101156E7E
2026-03-25 22:36:52 - msg_id_0200 ==> 7E02000042660000000002140600000000000C000300C64771049FACD0038C00000000260325223651010400000000140400000001150400000002160400000000170200002A02000030013D310115E57E
2026-03-25 22:37:23 - msg_id_0200 ==> 7E02000042660000000002141100000000000C000300C64770049FACC8038C00000000260325223722010400000000140400000001150400000002160400000000170200002A02000030013D310114987E
2026-03-25 22:37:54 - msg_id_0200 ==> 7E02000042660000000002141C00000000000C000300C64772049FACC8038C00000000260325223753010400000000140400000001150400000002160400000000170200002A02000030013D310115E77E
2026-03-25 22:38:25 - msg_id_0200 ==> 7E02000042660000000002142700000000000C000300C64772049FACC8038C00000000260325223824010400000000140400000001150400000002160400000000170200002A02000030013D310115A47E
2026-03-25 22:38:56 - msg_id_0200 ==> 7E02000042660000000002143200000000000C000300C64773049FACC8038C00000000260325223855010400000000140400000001150400000002160400000000170200002A02000030013D310115C17E
2026-03-25 22:39:27 - msg_id_0200 ==> 7E02000042660000000002143D00000000000C000300C64772049FACC0038C00000000260325223926010400000000140400000001150400000002160400000000170200002A02000030013D310115B57E
2026-03-25 22:39:58 - msg_id_0200 ==> 7E02000042660000000002144800000000000C000300C64771049FACC0038C00000000260325223957010400000000140400000001150400000002160400000000170200002A02000030013D310115B27E
2026-03-25 22:40:29 - msg_id_0200 ==> 7E02000042660000000002145300000000000C000300C6476F049FACC0038C00000000260325224028010400000000140400000001150400000002160400000000170200002A02000030013D310114B07E
2026-03-25 22:41:00 - msg_id_0200 ==> 7E02000042660000000002145E00000000000C000300C64770049FACC0038C00000000260325224059010400000000140400000001150400000002160400000000170200002A02000030013D310113D47E
2026-03-25 22:41:31 - msg_id_0200 ==> 7E02000042660000000002146900000000000C000300C64772049FACC0038C00000000260325224130010400000000140400000001150400000002160400000000170200002A02000030013D310112887E
2026-03-25 22:42:02 - msg_id_0200 ==> 7E02000042660000000002147400000000000C000300C64772049FACC0038B00000000260325224201010400000000140400000001150400000002160400000000170200002A02000030013D310114A67E
2026-03-25 22:42:32 - msg_id_0200 ==> 7E02000042660000000002147F00000100000C000300C64771049FACC0038B00000000260325224231010400000000140400000001150400000002160400000000170200002A02000030013D3101149F7E
2026-03-25 22:42:37 - msg_id_0200 ==> 7E02000042660000000002148200000000000C000300C64771049FACC0038B00000000260325224236010400000000140400000001150400000002160400000000170200002A02000030013D310114647E
2026-03-25 22:43:08 - msg_id_0200 ==> 7E02000042660000000002148D00000000000C000300C64770049FACC0038B00000000260325224307010400000000140400000001150400000002160400000000170200002A02000030013D3101145A7E
2026-03-25 22:43:39 - msg_id_0200 ==> 7E02000042660000000002149800000000000C000300C64770049FACC0038B00000000260325224338010400000000140400000001150400000002160400000000170200002A02000030013D310114707E
2026-03-25 22:44:10 - msg_id_0200 ==> 7E0200004266000000000214A300000000000C000300C64770049FACB8038B00000000260325224409010400000000140400000001150400000002160400000000170200002A02000030013D310115047E
2026-03-25 22:44:41 - msg_id_0200 ==> 7E0200004266000000000214AE00000000000C000300C64770049FACB8038B00000000260325224440010400000000140400000001150400000002160400000000170200002A02000030013D310115407E
2026-03-25 22:45:12 - msg_id_0200 ==> 7E0200004266000000000214B900000000000C000300C64770049FACB8038B00000000260325224511010400000000140400000001150400000002160400000000170200002A02000030013D310115077E
2026-03-25 22:45:43 - msg_id_0200 ==> 7E0200004266000000000214C400000000000C000300C6476F049FACB8038B00000000260325224542010400000000140400000001150400000002160400000000170200002A02000030013D310114377E
2026-03-25 22:46:14 - msg_id_0200 ==> 7E0200004266000000000214CF00000000000C000300C6476E049FACB8038B00000000260325224613010400000000140400000001150400000002160400000000170200002A02000030013D3101156E7E
2026-03-25 22:46:45 - msg_id_0200 ==> 7E0200004266000000000214DA00000000000C000300C6476B049FACB0038B00000000260325224644010400000000140400000001150400000002160400000000170200002A02000030013D310115217E
2026-03-25 22:47:16 - msg_id_0200 ==> 7E0200004266000000000214E500000000000C000300C64769049FACB0038B00000000260325224715010400000000140400000001150400000002160400000000170200002A02000030013D3101164F7E
2026-03-25 22:47:47 - msg_id_0200 ==> 7E0200004266000000000214F000000000000C000300C64768049FACB0038B00000000260325224746010400000000140400000001150400000002160400000000170200002A02000030013D3101140A7E
2026-03-25 22:48:18 - msg_id_0200 ==> 7E0200004266000000000214FB00000000000C000300C64767049FACB0038B00000000260325224817010400000000140400000001150400000002160400000000170200002A02000030013D310114507E
2026-03-25 22:48:49 - msg_id_0200 ==> 7E02000042660000000002150600000000000C000300C64766049FACB0038B00000000260325224848010400000000140400000001150400000002160400000000170200002A02000030013D310115F37E
2026-03-25 22:49:20 - msg_id_0200 ==> 7E02000042660000000002151100000000000C000300C64765049FACB8038B00000000260325224919010400000000140400000001150400000002160400000000170200002A02000030013D310116BC7E
2026-03-25 22:49:51 - msg_id_0200 ==> 7E02000042660000000002151C00000000000C000300C64760049FACB8038B00000000260325224950010400000000140400000001150400000002160400000000170200002A02000030013D310114FF7E
2026-03-25 22:50:22 - msg_id_0200 ==> 7E02000042660000000002152700000000000C000300C6475C049FACB8038B00000000260325225021010400000000140400000001150400000002160400000000170200002A02000030013D310115917E
2026-03-25 22:50:53 - msg_id_0200 ==> 7E02000042660000000002153200000000000C000300C6475E049FACB8038A00000000260325225052010400000000140400000001150400000002160400000000170200002A02000030013D310115F47E
2026-03-25 22:51:24 - msg_id_0200 ==> 7E02000042660000000002153D00000000000C000300C6475D049FACC0038A00000000260325225123010400000000140400000001150400000002160400000000170200002A02000030013D310115F07E
2026-03-25 22:51:55 - msg_id_0200 ==> 7E02000042660000000002154800000000000C000300C6475B049FACB8038A00000000260325225154010400000000140400000001150400000002160400000000170200002A02000030013D3101148D7E
2026-03-25 22:52:26 - msg_id_0200 ==> 7E02000042660000000002155300000000000C000300C6475B049FACB0038B00000000260325225225010400000000140400000001150400000002160400000000170200002A02000030013D310115EC7E
2026-03-25 22:52:57 - msg_id_0200 ==> 7E02000042660000000002155E00000000000C000300C64759049FACA8038B00000000260325225256010400000000140400000001150400000002160400000000170200002A02000030013D310118857E
2026-03-25 22:53:28 - msg_id_0200 ==> 7E02000042660000000002156900000000000C000300C6475A049FACA8038B00000000260325225327010400000000140400000001150400000002160400000000170200002A02000030013D310116CF7E
2026-03-25 22:53:59 - msg_id_0200 ==> 7E02000042660000000002157400000000000C000300C6475B049FACA8038B00000000260325225358010400000000140400000001150400000002160400000000170200002A02000030013D310118A27E
2026-03-25 22:54:30 - msg_id_0200 ==> 7E02000042660000000002157F00000100000C000300C6475B049FACA8038B00000000260325225429010400000000140400000001150400000002160400000000170200002A02000030013D310117D17E
2026-03-25 22:54:35 - msg_id_0200 ==> 7E02000042660000000002158200000000000C000300C6475A049FACA8038B00000000260325225434010400000000140400000001150400000002160400000000170200002A02000030013D310116307E
2026-03-25 22:55:06 - msg_id_0200 ==> 7E02000042660000000002158D00000000000C000300C6475A049FACA0038B00000000260325225505010400000000140400000001150400000002160400000000170200002A02000030013D310118097E
2026-03-25 22:55:37 - msg_id_0200 ==> 7E02000042660000000002159800000000000C000300C6475B049FACA8038B00000000260325225536010400000000140400000001150400000002160400000000170200002A02000030013D310117297E
2026-03-25 22:56:08 - msg_id_0200 ==> 7E0200004266000000000215A300000000000C000300C6475A049FACA8038B00000000260325225607010400000000140400000001150400000002160400000000170200002A02000030013D310114227E
2026-03-25 22:56:39 - msg_id_0200 ==> 7E0200004266000000000215AE00000000000C000300C6475B049FACA8038B00000000260325225638010400000000140400000001150400000002160400000000170200002A02000030013D310117127E
2026-03-25 22:57:10 - msg_id_0200 ==> 7E0200004266000000000215B900000000000C000300C6475A049FACA8038B00000000260325225709010400000000140400000001150400000002160400000000170200002A02000030013D3101183B7E
2026-03-25 22:57:41 - msg_id_0200 ==> 7E0200004266000000000215C400000000000C000300C64758049FACA8038B00000000260325225740010400000000140400000001150400000002160400000000170200002A02000030013D310116037E
2026-03-25 22:58:12 - msg_id_0200 ==> 7E0200004266000000000215CF00000000000C000300C64756049FACA0038B00000000260325225811010400000000140400000001150400000002160400000000170200002A02000030013D310117517E
2026-03-25 22:58:43 - msg_id_0200 ==> 7E0200004266000000000215DA00000000000C000300C64756049FACA0038B00000000260325225842010400000000140400000001150400000002160400000000170200002A02000030013D310117177E
2026-03-25 22:59:14 - msg_id_0200 ==> 7E0200004266000000000215E500000000000C000300C64757049FACA0038B00000000260325225913010400000000140400000001150400000002160400000000170200002A02000030013D310116787E
2026-03-25 22:59:45 - msg_id_0200 ==> 7E0200004266000000000215F000000000000C000300C6475A049FACA0038B00000000260325225944010400000000140400000001150400000002160400000000170200002A02000030013D310114357E
2026-03-25 23:00:16 - msg_id_0200 ==> 7E0200004266000000000215FB00000000000C000300C64756049FAC98038A00000000260325230015010400000000140400000001150400000002160400000000170200002A02000030013D310116007E
2026-03-25 23:00:47 - msg_id_0200 ==> 7E02000042660000000002160600000000000C000300C64756049FAC98038A00000000260325230046010400000000140400000001150400000002160400000000170200002A02000030013D310116AD7E
2026-03-25 23:01:18 - msg_id_0200 ==> 7E02000042660000000002161100000000000C000300C64756049FAC98038A00000000260325230117010400000000140400000001150400000002160400000000170200002A02000030013D310116EA7E
2026-03-25 23:01:49 - msg_id_0200 ==> 7E02000042660000000002161C00000000000C000300C64753049FAC98038A00000000260325230148010400000000140400000001150400000002160400000000170200002A02000030013D310118B37E
2026-03-25 23:02:20 - msg_id_0200 ==> 7E02000042660000000002162700000000000C000300C64753049FAC98038A00000000260325230219010400000000140400000001150400000002160400000000170200002A02000030013D310118DA7E
2026-03-25 23:02:51 - msg_id_0200 ==> 7E02000042660000000002163200000000000C000300C64756049FAC90038A00000000260325230250010400000000140400000001150400000002160400000000170200002A02000030013D310117847E
2026-03-25 23:03:22 - msg_id_0200 ==> 7E02000042660000000002163D00000000000C000300C64759049FAC90038A00000000260325230321010400000000140400000001150400000002160400000000170200002A02000030013D310119FA7E
2026-03-25 23:03:53 - msg_id_0200 ==> 7E02000042660000000002164800000000000C000300C64758049FAC90038A00000000260325230352010400000000140400000001150400000002160400000000170200002A02000030013D310118FC7E
2026-03-25 23:04:24 - msg_id_0200 ==> 7E02000042660000000002165300000000000C000300C64759049FAC90038A00000000260325230423010400000000140400000001150400000002160400000000170200002A02000030013D3101179F7E
2026-03-25 23:04:55 - msg_id_0200 ==> 7E02000042660000000002165E00000000000C000300C6475B049FAC90038A00000000260325230454010400000000140400000001150400000002160400000000170200002A02000030013D310117E77E
2026-03-25 23:05:26 - msg_id_0200 ==> 7E02000042660000000002166900000000000C000300C6475E049FAC90038A00000000260325230525010400000000140400000001150400000002160400000000170200002A02000030013D310117A57E
2026-03-25 23:05:57 - msg_id_0200 ==> 7E02000042660000000002167400000000000C000300C6475E049FAC90038A00000000260325230556010400000000140400000001150400000002160400000000170200002A02000030013D310116CA7E
2026-03-25 23:06:27 - msg_id_0200 ==> 7E02000042660000000002167F00000100000C000300C6475C049FAC90038A00000000260325230626010400000000140400000001150400000002160400000000170200002A02000030013D310116B17E
2026-03-25 23:06:33 - msg_id_0200 ==> 7E02000042660000000002168200000000000C000300C6475C049FAC90038A00000000260325230632010400000000140400000001150400000002160400000000170200002A02000030013D310116597E
2026-03-25 23:07:04 - msg_id_0200 ==> 7E02000042660000000002168D00000000000C000300C6475A049FAC90038A00000000260325230703010400000000140400000001150400000002160400000000170200002A02000030013D3101186E7E
2026-03-25 23:07:35 - msg_id_0200 ==> 7E02000042660000000002169800000000000C000300C6475A049FAC90038A00000000260325230734010400000000140400000001150400000002160400000000170200002A02000030013D310116427E
2026-03-25 23:08:06 - msg_id_0200 ==> 7E0200004266000000000216A300000000000C000300C6475A049FAC90038A00000000260325230805010400000000140400000001150400000002160400000000170200002A02000030013D310117467E
2026-03-25 23:08:37 - msg_id_0200 ==> 7E0200004266000000000216AE00000000000C000300C6475C049FAC90038A00000000260325230836010400000000140400000001150400000002160400000000170200002A02000030013D3101167F7E
2026-03-25 23:09:08 - msg_id_0200 ==> 7E0200004266000000000216B900000000000C000300C6475E049FAC90038A00000000260325230907010400000000140400000001150400000002160400000000170200002A02000030013D310118547E
2026-03-25 23:09:39 - msg_id_0200 ==> 7E0200004266000000000216C400000000000C000300C6475F049FAC90038A00000000260325230938010400000000140400000001150400000002160400000000170200002A02000030013D310116197E
2026-03-25 23:10:10 - msg_id_0200 ==> 7E0200004266000000000216CF00000000000C000300C64760049FAC90038A00000000260325231009010400000000140400000001150400000002160400000000170200002A02000030013D3101180B7E
2026-03-25 23:10:41 - msg_id_0200 ==> 7E0200004266000000000216DA00000000000C000300C64762049FAC90038A00000000260325231040010400000000140400000001150400000002160400000000170200002A02000030013D3101175A7E
2026-03-25 23:11:12 - msg_id_0200 ==> 7E0200004266000000000216E500000000000C000300C64764049FAC90038A00000000260325231111010400000000140400000001150400000002160400000000170200002A02000030013D3101183C7E
2026-03-25 23:11:43 - msg_id_0200 ==> 7E0200004266000000000216F000000000000C000300C64764049FAC90038A00000000260325231142010400000000140400000001150400000002160400000000170200002A02000030013D3101187A7E
2026-03-25 23:12:14 - msg_id_0200 ==> 7E0200004266000000000216FB00000000000C000300C64763049FAC90038A00000000260325231213010400000000140400000001150400000002160400000000170200002A02000030013D3101172B7E
2026-03-25 23:12:45 - msg_id_0200 ==> 7E02000042660000000002170600000000000C000300C64763049FAC90038A00000000260325231244010400000000140400000001150400000002160400000000170200002A02000030013D3101188F7E
2026-03-25 23:13:16 - msg_id_0200 ==> 7E02000042660000000002171100000000000C000300C64764049FAC90038A00000000260325231315010400000000140400000001150400000002160400000000170200002A02000030013D310119CE7E
2026-03-25 23:13:47 - msg_id_0200 ==> 7E02000042660000000002171C00000000000C000300C64764049FAC90038A00000000260325231346010400000000140400000001150400000002160400000000170200002A02000030013D3101169F7E
2026-03-25 23:14:18 - msg_id_0200 ==> 7E02000042660000000002172700000000000C000300C64763049FAC98038B00000000260325231417010400000000140400000001150400000002160400000000170200002A02000030013D310113F97E
2026-03-25 23:14:49 - msg_id_0200 ==> 7E02000042660000000002173200000000000C000300C64761049FAC90038B00000000260325231448010400000000140400000001150400000002160400000000170200002A02000030013D310117BD7E
2026-03-25 23:15:20 - msg_id_0200 ==> 7E02000042660000000002173D00000000000C000300C6475F049FAC90038B00000000260325231519010400000000140400000001150400000002160400000000170200002A02000030013D310117DC7E
2026-03-25 23:15:51 - msg_id_0200 ==> 7E02000042660000000002174800000000000C000300C6475E049FAC90038B00000000260325231550010400000000140400000001150400000002160400000000170200002A02000030013D310119EF7E
2026-03-25 23:16:22 - msg_id_0200 ==> 7E02000042660000000002175300000000000C000300C6475F049FAC98038B00000000260325231621010400000000140400000001150400000002160400000000170200002A02000030013D3101188E7E
2026-03-25 23:16:53 - msg_id_0200 ==> 7E02000042660000000002175E00000000000C000300C64760049FAC98038B00000000260325231652010400000000140400000001150400000002160400000000170200002A02000030013D310117C07E
2026-03-25 23:17:24 - msg_id_0200 ==> 7E02000042660000000002176900000000000C000300C6475F049FAC98038B00000000260325231723010400000000140400000001150400000002160400000000170200002A02000030013D310119B67E
2026-03-25 23:17:55 - msg_id_0200 ==> 7E02000042660000000002177400000000000C000300C6475F049FAC98038B00000000260325231754010400000000140400000001150400000002160400000000170200002A02000030013D310118DD7E
2026-03-25 23:18:25 - msg_id_0200 ==> 7E02000042660000000002177F00000100000C000300C6475F049FAC98038B00000000260325231824010400000000140400000001150400000002160400000000170200002A02000030013D31011AAA7E
2026-03-25 23:18:30 - msg_id_0200 ==> 7E02000042660000000002178200000000000C000300C6475F049FAC98038B00000000260325231829010400000000140400000001150400000002160400000000170200002A02000030013D310119587E
2026-03-25 23:19:01 - msg_id_0200 ==> 7E02000042660000000002178D00000000000C000300C6475D049FACA0038B00000000260325231900010400000000140400000001150400000002160400000000170200002A02000030013D3101174B7E
2026-03-25 23:19:32 - msg_id_0200 ==> 7E02000042660000000002179800000000000C000300C6475B049FACA0038B00000000260325231931010400000000140400000001150400000002160400000000170200002A02000030013D310117697E
2026-03-25 23:20:03 - msg_id_0200 ==> 7E0200004266000000000217A300000000000C000300C6475D049FACA0038B00000000260325232002010400000000140400000001150400000002160400000000170200002A02000030013D3101165F7E
2026-03-25 23:20:34 - msg_id_0200 ==> 7E0200004266000000000217AE00000000000C000300C6475E049FAC98038B00000000260325232033010400000000140400000001150400000002160400000000170200002A02000030013D310116587E
2026-03-25 23:21:05 - msg_id_0200 ==> 7E0200004266000000000217B900000000000C000300C6475E049FAC98038B00000000260325232104010400000000140400000001150400000002160400000000170200002A02000030013D3101157A7E
2026-03-25 23:21:36 - msg_id_0200 ==> 7E0200004266000000000217C400000000000C000300C6475E049FACA0038B00000000260325232135010400000000140400000001150400000002160400000000170200002A02000030013D3101150E7E
2026-03-25 23:22:07 - msg_id_0200 ==> 7E0200004266000000000217CF00000000000C000300C6475C049FACA0038B00000000260325232206010400000000140400000001150400000002160400000000170200002A02000030013D310115377E
2026-03-25 23:22:38 - msg_id_0200 ==> 7E0200004266000000000217DA00000000000C000300C6475C049FAC98038B00000000260325232237010400000000140400000001150400000002160400000000170200002A02000030013D310116287E
2026-03-25 23:23:09 - msg_id_0200 ==> 7E0200004266000000000217E500000000000C000300C64760049FAC98038B00000000260325232308010400000000140400000001150400000002160400000000170200002A02000030013D310116157E
2026-03-25 23:23:40 - msg_id_0200 ==> 7E0200004266000000000217F000000000000C000300C64766049FAC98038B00000000260325232339010400000000140400000001150400000002160400000000170200002A02000030013D310115347E
2026-03-25 23:24:11 - msg_id_0200 ==> 7E0200004266000000000217FB00000000000C000300C64762049FAC90038B00000000260325232410010400000000140400000001150400000002160400000000170200002A02000030013D3101171F7E
2026-03-25 23:24:42 - msg_id_0200 ==> 7E02000042660000000002180600000000000C000300C6475E049FAC90038B00000000260325232441010400000000140400000001150400000002160400000000170200002A02000030013D310116817E
2026-03-25 23:25:13 - msg_id_0200 ==> 7E02000042660000000002181100000000000C000300C6475E049FAC90038B00000000260325232512010400000000140400000001150400000002160400000000170200002A02000030013D310118CA7E
2026-03-25 23:25:44 - msg_id_0200 ==> 7E02000042660000000002181C00000000000C000300C6475E049FAC90038B00000000260325232543010400000000140400000001150400000002160400000000170200002A02000030013D310117997E
2026-03-25 23:26:15 - msg_id_0200 ==> 7E02000042660000000002182700000000000C000300C6475B049FAC90038B00000000260325232614010400000000140400000001150400000002160400000000170200002A02000030013D310115F17E
2026-03-25 23:26:46 - msg_id_0200 ==> 7E02000042660000000002183200000000000C000300C64758049FAC88038B00000000260325232645010400000000140400000001150400000002160400000000170200002A02000030013D310116AD7E
2026-03-25 23:27:17 - msg_id_0200 ==> 7E02000042660000000002183D00000000000C000300C64758049FAC88038B00000000260325232716010400000000140400000001150400000002160400000000170200002A02000030013A310116F77E
2026-03-25 23:27:48 - msg_id_0200 ==> 7E02000042660000000002184800000000000C000300C64756049FAC88038B00000000260325232747010400000000140400000001150400000002160400000000170200002A02000030013D310117DB7E
2026-03-25 23:28:19 - msg_id_0200 ==> 7E02000042660000000002185300000000000C000300C64754049FAC88038B00000000260325232818010400000000140400000001150400000002160400000000170200002A02000030013D310115907E
2026-03-25 23:28:50 - msg_id_0200 ==> 7E02000042660000000002185E00000000000C000300C64755049FAC88038B00000000260325232849010400000000140400000001150400000002160400000000170200002A02000030013D310116CE7E
2026-03-25 23:29:21 - msg_id_0200 ==> 7E02000042660000000002186900000000000C000300C64756049FAC88038B00000000260325232920010400000000140400000001150400000002160400000000170200002A02000030013D310116927E
2026-03-25 23:29:52 - msg_id_0200 ==> 7E02000042660000000002187400000000000C000300C64757049FAC80038B00000000260325232951010400000000140400000001150400000002160400000000170200002A02000030013D310114F57E
2026-03-25 23:30:23 - msg_id_0200 ==> 7E02000042660000000002187F00000100000C000300C64758049FAC80038B00000000260325233022010400000000140400000001150400000002160400000000170200002A02000030013D3101129C7E
2026-03-25 23:30:28 - msg_id_0200 ==> 7E02000042660000000002188200000000000C000300C64757049FAC80038B00000000260325233027010400000000140400000001150400000002160400000000170200002A02000030013D3101126A7E
2026-03-25 23:30:59 - msg_id_0200 ==> 7E02000042660000000002188D00000000000C000300C64755049FAC80038B00000000260325233058010400000000140400000001150400000002160400000000170200002A02000030013D3101151F7E
2026-03-25 23:31:30 - msg_id_0200 ==> 7E02000042660000000002189800000000000C000300C64754049FAC80038B00000000260325233129010400000000140400000001150400000002160400000000170200002A02000030013A3101157C7E
2026-03-25 23:32:01 - msg_id_0200 ==> 7E0200004266000000000218A300000000000C000300C64750049FAC80038B00000000260325233200010400000000140400000001150400000002160400000000170200002A02000030013A310114687E
2026-03-25 23:32:32 - msg_id_0200 ==> 7E0200004266000000000218AE00000000000C000300C6474D049FAC80038B00000000260325233231010400000000140400000001150400000002160400000000170200002A02000030013D310112487E
2026-03-25 23:33:03 - msg_id_0200 ==> 7E0200004266000000000218B900000000000C000300C64749049FAC70038B00000000260325233302010400000000140400000001150400000002160400000000170200002A02000030013D3101119A7E
2026-03-25 23:33:34 - msg_id_0200 ==> 7E0200004266000000000218C400000000000C000300C64746049FAC68038B00000000260325233333010400000000140400000001150400000002160400000000170200002A02000030013D310112C27E
2026-03-25 23:34:05 - msg_id_0200 ==> 7E0200004266000000000218CF00000000000C000300C64740049FAC68038C00000000260325233404010400000000140400000001150400000002160400000000170200002A02000030013D310113F97E
2026-03-25 23:34:36 - msg_id_0200 ==> 7E0200004266000000000218DA00000000000C000300C6473C049FAC60038B00000000260325233435010400000000140400000001150400000002160400000000170200002A02000030013D310113AE7E
2026-03-25 23:35:07 - msg_id_0200 ==> 7E0200004266000000000218E500000000000C000300C64739049FAC58038C00000000260325233506010400000000140400000001150400000002160400000000170200002A02000030013A3101139E7E
2026-03-25 23:35:38 - msg_id_0200 ==> 7E0200004266000000000218F000000000000C000300C64736049FAC58038C00000000260325233537010400000000140400000001150400000002160400000000170200002A02000030013A310114B27E
2026-03-25 23:36:09 - msg_id_0200 ==> 7E0200004266000000000218FB00000000000C000300C64736049FAC58038C00000000260325233608010400000000140400000001150400000002160400000000170200002A02000030013D310115837E
2026-03-25 23:36:40 - msg_id_0200 ==> 7E02000042660000000002190600000000000C000300C64735049FAC50038C00000000260325233639010400000000140400000001150400000002160400000000170200002A02000030013D310114447E
2026-03-25 23:37:11 - msg_id_0200 ==> 7E02000042660000000002191100000000000C000300C64734049FAC48038C00000000260325233710010400000000140400000001150400000002160400000000170200002A02000030013D310114627E
2026-03-25 23:37:42 - msg_id_0200 ==> 7E02000042660000000002191C00000000000C000300C64734049FAC48038C00000000260325233741010400000000140400000001150400000002160400000000170200002A02000030013A3101123F7E
2026-03-25 23:38:13 - msg_id_0200 ==> 7E02000042660000000002192700000000000C000300C64733049FAC40038C00040000260325233812010400000000140400000001150400000002160400000000170200002A02000030013D310114527E
2026-03-25 23:38:44 - msg_id_0200 ==> 7E02000042660000000002193200000000000C000300C6472D049FAC38038C00000000260325233843010400000000140400000001150400000002160400000000170200002A02000030013A310113747E
2026-03-25 23:39:15 - msg_id_0200 ==> 7E02000042660000000002193D00000000000C000300C64728049FAC30038C00000000260325233914010400000000140400000001150400000002160400000000170200002A02000030013D310114207E
2026-03-25 23:39:46 - msg_id_0200 ==> 7E02000042660000000002194800000000000C000300C64723049FAC28038C00000000260325233945010400000000140400000001150400000002160400000000170200002A02000030013D310112117E
2026-03-25 23:40:17 - msg_id_0200 ==> 7E02000042660000000002195300000000000C000300C64723049FAC28038C00000000260325234016010400000000140400000001150400000002160400000000170200002A02000030013D310113217E
2026-03-25 23:40:48 - msg_id_0200 ==> 7E02000042660000000002195E00000000000C000300C6471F049FAC20038C00000000260325234047010400000000140400000001150400000002160400000000170200002A02000030013D3101144E7E
2026-03-25 23:41:19 - msg_id_0200 ==> 7E02000042660000000002196900000000000C000300C6471B049FAC18038C00000000260325234118010400000000140400000001150400000002160400000000170200002A02000030013D3101151A7E
2026-03-25 23:41:50 - msg_id_0200 ==> 7E02000042660000000002197400000000000C000300C64718049FAC10038C00000000260325234149010400000000140400000001150400000002160400000000170200002A02000030013A3101145B7E
2026-03-25 23:42:20 - msg_id_0200 ==> 7E02000042660000000002197F00000100000C000300C64717049FAC08038C00000000260325234219010400000000140400000001150400000002160400000000170200002A02000030013A310113127E
2026-03-25 23:42:25 - msg_id_0200 ==> 7E02000042660000000002198200000000000C000300C64717049FAC08038C00000000260325234224010400000000140400000001150400000002160400000000170200002A02000030013A310113D37E
2026-03-25 23:42:56 - msg_id_0200 ==> 7E02000042660000000002198D00000000000C000300C64716049FAC08038C00000000260325234255010400000000140400000001150400000002160400000000170200002A02000030013A310113AC7E
2026-03-25 23:43:27 - msg_id_0200 ==> 7E02000042660000000002199800000000000C000300C64714049FAC08038C00000000260325234326010400000000140400000001150400000002160400000000170200002A02000030013D310113CE7E
2026-03-25 23:43:58 - msg_id_0200 ==> 7E0200004266000000000219A300000000000C000300C64716049FAC00038C00000000260325234357010400000000140400000001150400000002160400000000170200002A02000030013D3101138E7E
2026-03-25 23:44:29 - msg_id_0200 ==> 7E0200004266000000000219AE00000000000C000300C64716049FAC00038C00000000260325234428010400000000140400000001150400000002160400000000170200002A02000030013D310113FB7E
2026-03-25 23:45:00 - msg_id_0200 ==> 7E0200004266000000000219B900000000000C000300C64714049FAC00038C00000000260325234459010400000000140400000001150400000002160400000000170200002A02000030013D310115997E
2026-03-25 23:45:31 - msg_id_0200 ==> 7E0200004266000000000219C400000000000C000300C64713049FABF8038C00000000260325234530010400000000140400000001150400000002160400000000170200002A02000030013D310112737E
2026-03-25 23:46:02 - msg_id_0200 ==> 7E0200004266000000000219CF00000000000C000300C64713049FABF8038C00000000260325234601010400000000140400000001150400000002160400000000170200002A02000030013D3101124A7E
2026-03-25 23:46:33 - msg_id_0200 ==> 7E0200004266000000000219DA00000000000C000300C64714049FABF8038C00000000260325234632010400000000140400000001150400000002160400000000170200002A02000030013D310110697E
2026-03-25 23:47:04 - msg_id_0200 ==> 7E0200004266000000000219E500000000000C000300C64714049FABF8038D00000000260325234703010400000000140400000001150400000002160400000000170200002A02000030013A310112627E
2026-03-25 23:47:35 - msg_id_0200 ==> 7E0200004266000000000219F000000000000C000300C64714049FABF8038D00000000260325234734010400000000140400000001150400000002160400000000170200002A02000030013A310112407E
2026-03-25 23:48:06 - msg_id_0200 ==> 7E0200004266000000000219FB00000000000C000300C64716049FABF8038D00000000260325234805010400000000140400000001150400000002160400000000170200002A02000030013A310113767E
2026-03-25 23:48:37 - msg_id_0200 ==> 7E020000426600000000021A0600000000000C000300C64716049FABF8038D00000000260325234836010400000000140400000001150400000002160400000000170200002A02000030013A310111B97E
2026-03-25 23:49:08 - msg_id_0200 ==> 7E020000426600000000021A1100000000000C000300C64717049FABF8038D00000000260325234907010400000000140400000001150400000002160400000000170200002A02000030013A3101119F7E
2026-03-25 23:49:39 - msg_id_0200 ==> 7E020000426600000000021A1C00000000000C000300C64718049FABF8038D00000000260325234938010400000000140400000001150400000002160400000000170200002A02000030013A310110A37E
2026-03-25 23:50:10 - msg_id_0200 ==> 7E020000426600000000021A2700000000000C000300C64719049FABF8038D00000000260325235009010400000000140400000001150400000002160400000000170200002A02000030013D310110B67E
2026-03-25 23:50:41 - msg_id_0200 ==> 7E020000426600000000021A3200000000000C000300C64718049FAC00038D00000000260325235040010400000000140400000001150400000002160400000000170200002A02000030013D310110147E
2026-03-25 23:51:12 - msg_id_0200 ==> 7E020000426600000000021A3D00000000000C000300C64718049FAC00038D00000000260325235111010400000000140400000001150400000002160400000000170200002A02000030013D310112497E
2026-03-25 23:51:43 - msg_id_0200 ==> 7E020000426600000000021A4800000000000C000300C64717049FAC00038D00000000260325235142010400000000140400000001150400000002160400000000170200002A02000030013D310111637E
2026-03-25 23:52:14 - msg_id_0200 ==> 7E020000426600000000021A5300000000000C000300C64717049FAC00038D00000000260325235213010400000000140400000001150400000002160400000000170200002A02000030013A3101122E7E
2026-03-25 23:52:45 - msg_id_0200 ==> 7E020000426600000000021A5E00000000000C000300C64716049FAC08038D00000000260325235244010400000000140400000001150400000002160400000000170200002A02000030013A3101137C7E
2026-03-25 23:53:16 - msg_id_0200 ==> 7E020000426600000000021A6900000000000C000300C64718049FAC08038D00000000260325235315010400000000140400000001150400000002160400000000170200002A02000030013A310112147E
2026-03-25 23:53:47 - msg_id_0200 ==> 7E020000426600000000021A7400000000000C000300C64715049FAC08038E00000000260325235346010400000000140400000001150400000002160400000000170200002A02000030013A310111577E
2026-03-25 23:54:18 - msg_id_0200 ==> 7E020000426600000000021A7F00000100000C000300C64714049FAC00038E00000000260325235417010400000000140400000001150400000002160400000000170200002A02000030013A310110037E
2026-03-25 23:54:23 - msg_id_0200 ==> 7E020000426600000000021A8200000000000C000300C64714049FAC00038E00000000260325235422010400000000140400000001150400000002160400000000170200002A02000030013A310110CA7E
2026-03-25 23:54:54 - msg_id_0200 ==> 7E020000426600000000021A8D00000000000C000300C64714049FAC00038E00000000260325235453010400000000140400000001150400000002160400000000170200002A02000030013A310111B57E
2026-03-25 23:55:25 - msg_id_0200 ==> 7E020000426600000000021A9800000000000C000300C64713049FAC00038E00000000260325235524010400000000140400000001150400000002160400000000170200002A02000030013D310110D77E
2026-03-25 23:55:56 - msg_id_0200 ==> 7E020000426600000000021AA300000000000C000300C64712049FAC00038E00000000260325235555010400000000140400000001150400000002160400000000170200002A02000030013D3101129E7E
2026-03-25 23:56:27 - msg_id_0200 ==> 7E020000426600000000021AAE00000000000C000300C64712049FAC08038E00000000260325235626010400000000140400000001150400000002160400000000170200002A02000030013D310110E97E
2026-03-25 23:56:58 - msg_id_0200 ==> 7E020000426600000000021AB900000000000C000300C64711049FAC08038E00000000260325235657010400000000140400000001150400000002160400000000170200002A02000030013D3101108C7E
2026-03-25 23:57:29 - msg_id_0200 ==> 7E020000426600000000021AC400000000000C000300C6470F049FAC08038E00000000260325235728010400000000140400000001150400000002160400000000170200002A02000030013D310113927E
2026-03-25 23:58:00 - msg_id_0200 ==> 7E020000426600000000021ACF00000000000C000300C6470E049FAC08038E00000000260325235759010400000000140400000001150400000002160400000000170200002A02000030013D310112E87E
2026-03-25 23:58:31 - msg_id_0200 ==> 7E020000426600000000021ADA00000000000C000300C6470E049FAC08038E00000000260325235830010400000000140400000001150400000002160400000000170200002A02000030013D3101139A7E
2026-03-25 23:59:02 - msg_id_0200 ==> 7E020000426600000000021AE500000000000C000300C64710049FAC08038E00000000260325235901010400000000140400000001150400000002160400000000170200002A02000030013D3101148C7E
2026-03-25 23:59:33 - msg_id_0200 ==> 7E020000426600000000021AF000000000000C000300C6470E049FAC10038E00000000260325235932010400000000140400000001150400000002160400000000170200002A02000030013A310115AA7E
