2026-03-29 00:00:08 - msg_id_0200 ==> 7E02000042660000000002558D00000000000C000300C64753049FAC48038A00000000260329000007010400000000140400000000150400000000160400000000170200002A02000030013D310112D97E
2026-03-29 00:00:39 - msg_id_0200 ==> 7E02000042660000000002559800000000000C000300C64755049FAC50038A00000000260329000038010400000000140400000000150400000000160400000000170200002A02000030013D310111EE7E
2026-03-29 00:01:10 - msg_id_0200 ==> 7E0200004266000000000255A300000000000C000300C64756049FAC50038A00000000260329000109010400000000140400000000150400000000160400000000170200002A02000030013D310111E67E
2026-03-29 00:01:41 - msg_id_0200 ==> 7E0200004266000000000255AE00000000000C000300C64756049FAC50038A00000000260329000140010400000000140400000000150400000000160400000000170200002A02000030013D31010FBC7E
2026-03-29 00:02:12 - msg_id_0200 ==> 7E0200004266000000000255B900000000000C000300C64757049FAC50038A00000000260329000211010400000000140400000000150400000000160400000000170200002A02000030013D310110E77E
2026-03-29 00:02:43 - msg_id_0200 ==> 7E0200004266000000000255C400000000000C000300C64757049FAC50038A00000000260329000242010400000000140400000000150400000000160400000000170200002A02000030013D310110C97E
2026-03-29 00:03:14 - msg_id_0200 ==> 7E0200004266000000000255CF00000000000C000300C64764049FAC50038A00000000260329000313010400000000140400000000150400000000160400000000170200002A02000030013D310111A07E
2026-03-29 00:03:45 - msg_id_0200 ==> 7E0200004266000000000255DA00000000000C000300C64769049FAC48038900000000260329000344010400000000140400000000150400000000160400000000170200002A02000030013D310111F47E
2026-03-29 00:04:16 - msg_id_0200 ==> 7E0200004266000000000255E500000000000C000300C64769049FAC48038900000000260329000415010400000000140400000000150400000000160400000000170200002A02000030013D3101119D7E
2026-03-29 00:04:46 - msg_id_0200 ==> 7E0200004266000000000255F000000000000C000300C64767049FAC48038900000000260329000446010400000000140400000000150400000000160400000000170200002A02000030013D310110D47E
2026-03-29 00:05:18 - msg_id_0200 ==> 7E0200004266000000000255FB00000000000C000300C64767049FAC48038900000000260329000517010400000000140400000000150400000000160400000000170200002A02000030013D31010F907E
2026-03-29 00:05:49 - msg_id_0200 ==> 7E02000042660000000002560600000000000C000300C64768049FAC48038900000000260329000548010400000000140400000000150400000000160400000000170200002A02000030013D31010F3E7E
2026-03-29 00:06:19 - msg_id_0200 ==> 7E02000042660000000002561100000000000C000300C64768049FAC50038900000000260329000619010400000000140400000000150400000000160400000000170200002A02000030013D3101107C7E
2026-03-29 00:06:51 - msg_id_0200 ==> 7E02000042660000000002561C00000000000C000300C64766049FAC50038900000000260329000650010400000000140400000000150400000000160400000000170200002A02000030013D310111377E
2026-03-29 00:07:22 - msg_id_0200 ==> 7E02000042660000000002562700000000000C000300C64766049FAC50038900000000260329000721010400000000140400000000150400000000160400000000170200002A02000030013D31010F627E
2026-03-29 00:07:52 - msg_id_0200 ==> 7E02000042660000000002563200000000000C000300C64769049FAC58038900000000260329000752010400000000140400000000150400000000160400000000170200002A02000030013D31010F037E
2026-03-29 00:08:24 - msg_id_0200 ==> 7E02000042660000000002563D00000000000C000300C64768049FAC58038900000000260329000823010400000000140400000000150400000000160400000000170200002A02000030013D3101116D7E
2026-03-29 00:08:55 - msg_id_0200 ==> 7E02000042660000000002564800000000000C000300C64768049FAC58038900000000260329000854010400000000140400000000150400000000160400000000170200002A02000030013D3101126C7E
2026-03-29 00:09:26 - msg_id_0200 ==> 7E02000042660000000002565300000000000C000300C64765049FAC58038900000000260329000925010400000000140400000000150400000000160400000000170200002A02000030013D310111097E
2026-03-29 00:09:57 - msg_id_0200 ==> 7E02000042660000000002565E00000000000C000300C64762049FAC58038900000000260329000956010400000000140400000000150400000000160400000000170200002A02000030013D310110717E
2026-03-29 00:10:28 - msg_id_0200 ==> 7E02000042660000000002566900000000000C000300C64761049FAC58038900000000260329001027010400000000140400000000150400000000160400000000170200002A02000030013D3101122F7E
2026-03-29 00:10:59 - msg_id_0200 ==> 7E02000042660000000002567400000000000C000300C64763049FAC58038900000000260329001058010400000000140400000000150400000000160400000000170200002A02000030013D3101134E7E
2026-03-29 00:11:29 - msg_id_0200 ==> 7E02000042660000000002567F00000100000C000300C64765049FAC60038900000000260329001128010400000000140400000000150400000000160400000000170200002A02000030013D3101120A7E
2026-03-29 00:11:34 - msg_id_0200 ==> 7E02000042660000000002568200000000000C000300C64764049FAC60038900000000260329001133010400000000140400000000150400000000160400000000170200002A02000030013D310112EC7E
2026-03-29 00:12:05 - msg_id_0200 ==> 7E02000042660000000002568D00000000000C000300C64764049FAC60038900000000260329001204010400000000140400000000150400000000160400000000170200002A02000030013D310110D57E
2026-03-29 00:12:36 - msg_id_0200 ==> 7E02000042660000000002569800000000000C000300C64763049FAC60038900000000260329001235010400000000140400000000150400000000160400000000170200002A02000030013D31010FE97E
2026-03-29 00:13:07 - msg_id_0200 ==> 7E0200004266000000000256A300000000000C000300C64763049FAC68038900000000260329001306010400000000140400000000150400000000160400000000170200002A02000030013D310110F77E
2026-03-29 00:13:38 - msg_id_0200 ==> 7E0200004266000000000256AE00000000000C000300C64762049FAC68038900000000260329001337010400000000140400000000150400000000160400000000170200002A02000030013D310112C87E
2026-03-29 00:14:09 - msg_id_0200 ==> 7E0200004266000000000256B900000000000C000300C64762049FAC68038A00000000260329001408010400000000140400000000150400000000160400000000170200002A02000030013D310111E77E
2026-03-29 00:14:40 - msg_id_0200 ==> 7E0200004266000000000256C400000000000C000300C64763049FAC70038900020000260329001439010400000000140400000000150400000000160400000000170200002A02000030013D310111B37E
2026-03-29 00:15:11 - msg_id_0200 ==> 7E0200004266000000000256CF00000000000C000300C64767049FAC70038900000000260329001510010400000000140400000000150400000000160400000000170200002A02000030013D310112957E
2026-03-29 00:15:42 - msg_id_0200 ==> 7E0200004266000000000256DA00000000000C000300C64767049FAC70038900000000260329001541010400000000140400000000150400000000160400000000170200002A02000030013D310113D07E
2026-03-29 00:16:13 - msg_id_0200 ==> 7E0200004266000000000256E500000000000C000300C64764049FAC70038900000000260329001612010400000000140400000000150400000000160400000000170200002A02000030013D310113BC7E
2026-03-29 00:16:44 - msg_id_0200 ==> 7E0200004266000000000256F000000000000C000300C64764049FAC70038900000000260329001643010400000000140400000000150400000000160400000000170200002A02000030013D310112F97E
2026-03-29 00:17:15 - msg_id_0200 ==> 7E0200004266000000000256FB00000000000C000300C64764049FAC70038900000000260329001714010400000000140400000000150400000000160400000000170200002A02000030013D310113A57E
2026-03-29 00:17:46 - msg_id_0200 ==> 7E02000042660000000002570600000000000C000300C64763049FAC70038900000000260329001745010400000000140400000000150400000000160400000000170200002A02000030013D3101120E7E
2026-03-29 00:18:17 - msg_id_0200 ==> 7E02000042660000000002571100000000000C000300C64762049FAC78038900000000260329001816010400000000140400000000150400000000160400000000170200002A02000030013D3101124C7E
2026-03-29 00:18:48 - msg_id_0200 ==> 7E02000042660000000002571C00000000000C000300C64764049FAC78038900000000260329001847010400000000140400000000150400000000160400000000170200002A02000030013D310111157E
2026-03-29 00:19:19 - msg_id_0200 ==> 7E02000042660000000002572700000000000C000300C64768049FAC78038900000000260329001918010400000000140400000000150400000000160400000000170200002A02000030013D3101127F7E
2026-03-29 00:19:50 - msg_id_0200 ==> 7E02000042660000000002573200000000000C000300C6476C049FAC78038900000000260329001949010400000000140400000000150400000000160400000000170200002A02000030013D3101123F7E
2026-03-29 00:20:21 - msg_id_0200 ==> 7E02000042660000000002573D00000000000C000300C64769049FAC78038900000000260329002020010400000000140400000000150400000000160400000000170200002A02000030013D310111667E
2026-03-29 00:20:52 - msg_id_0200 ==> 7E02000042660000000002574800000000000C000300C64765049FAC78038900000000260329002051010400000000140400000000150400000000160400000000170200002A02000030013D3101146B7E
2026-03-29 00:21:23 - msg_id_0200 ==> 7E02000042660000000002575300000000000C000300C64762049FAC78038900000000260329002122010400000000140400000000150400000000160400000000170200002A02000030013D310114057E
2026-03-29 00:21:54 - msg_id_0200 ==> 7E02000042660000000002575E00000000000C000300C6475E049FAC78038900000000260329002153010400000000140400000000150400000000160400000000170200002A02000030013D310112437E
2026-03-29 00:22:25 - msg_id_0200 ==> 7E02000042660000000002576900000000000C000300C64758049FAC80038900000000260329002224010400000000140400000000150400000000160400000000170200002A02000030013D310113FF7E
2026-03-29 00:22:56 - msg_id_0200 ==> 7E02000042660000000002577400000000000C000300C64758049FAC80038900000000260329002255010400000000140400000000150400000000160400000000170200002A02000030013D310114947E
2026-03-29 00:23:27 - msg_id_0200 ==> 7E02000042660000000002577F00000100000C000300C64756049FAC80038900000000260329002326010400000000140400000000150400000000160400000000170200002A02000030013D310114E27E
2026-03-29 00:23:32 - msg_id_0200 ==> 7E02000042660000000002578200000000000C000300C64756049FAC80038900000000260329002331010400000000140400000000150400000000160400000000170200002A02000030013D3101130E7E
2026-03-29 00:24:03 - msg_id_0200 ==> 7E02000042660000000002578D00000000000C000300C64755049FAC80038900000000260329002402010400000000140400000000150400000000160400000000170200002A02000030013D310113367E
2026-03-29 00:24:34 - msg_id_0200 ==> 7E02000042660000000002579800000000000C000300C64753049FAC80038900000000260329002433010400000000140400000000150400000000160400000000170200002A02000030013D310115127E
2026-03-29 00:25:05 - msg_id_0200 ==> 7E0200004266000000000257A300000000000C000300C6474F049FAC88038900000000260329002504010400000000140400000000150400000000160400000000170200002A02000030013D3101150B7E
2026-03-29 00:25:36 - msg_id_0200 ==> 7E0200004266000000000257AE00000000000C000300C6474B049FAC88038900000000260329002535010400000000140400000000150400000000160400000000170200002A02000030013D310114327E
2026-03-29 00:26:07 - msg_id_0200 ==> 7E0200004266000000000257B900000000000C000300C6474B049FAC88038900000000260329002606010400000000140400000000150400000000160400000000170200002A02000030013D310115147E
2026-03-29 00:26:38 - msg_id_0200 ==> 7E0200004266000000000257C400000000000C000300C6474C049FAC88038900000000260329002637010400000000140400000000150400000000160400000000170200002A02000030013D3101145E7E
2026-03-29 00:27:09 - msg_id_0200 ==> 7E0200004266000000000257CF00000000000C000300C64749049FAC88038900000000260329002708010400000000140400000000150400000000160400000000170200002A02000030013D310113697E
2026-03-29 00:27:40 - msg_id_0200 ==> 7E0200004266000000000257DA00000000000C000300C64747049FAC88038900000000260329002739010400000000140400000000150400000000160400000000170200002A02000030013D310113437E
2026-03-29 00:28:11 - msg_id_0200 ==> 7E0200004266000000000257E500000000000C000300C64748049FAC88038900000000260329002810010400000000140400000000150400000000160400000000170200002A02000030013D310114527E
2026-03-29 00:28:42 - msg_id_0200 ==> 7E0200004266000000000257F000000000000C000300C64749049FAC88038900000000260329002841010400000000140400000000150400000000160400000000170200002A02000030013D310110137E
2026-03-29 00:29:13 - msg_id_0200 ==> 7E0200004266000000000257FB00000000000C000300C64746049FAC88038800000000260329002912010400000000140400000000150400000000160400000000170200002A02000030013D310113477E
2026-03-29 00:29:44 - msg_id_0200 ==> 7E02000042660000000002580600000000000C000300C64744049FAC88038800000000260329002943010400000000140400000000150400000000160400000000170200002A02000030013D310113E67E
2026-03-29 00:30:15 - msg_id_0200 ==> 7E02000042660000000002581100000000000C000300C64743049FAC88038800000000260329003014010400000000140400000000150400000000160400000000170200002A02000030013D310112B97E
2026-03-29 00:30:46 - msg_id_0200 ==> 7E02000042660000000002581C00000000000C000300C64746049FAC88038800000000260329003045010400000000140400000000150400000000160400000000170200002A02000030013D310112E07E
2026-03-29 00:31:17 - msg_id_0200 ==> 7E02000042660000000002582700000000000C000300C64749049FAC88038800000000260329003116010400000000140400000000150400000000160400000000170200002A02000030013D310111857E
2026-03-29 00:31:48 - msg_id_0200 ==> 7E02000042660000000002583200000000000C000300C6474B049FAC88038800000000260329003147010400000000140400000000150400000000160400000000170200002A02000030013D310111C37E
2026-03-29 00:32:19 - msg_id_0200 ==> 7E02000042660000000002583D00000000000C000300C64749049FAC88038800000000260329003218010400000000140400000000150400000000160400000000170200002A02000030013A31010F8B7E
2026-03-29 00:32:50 - msg_id_0200 ==> 7E02000042660000000002584800000000000C000300C64749049FAC88038800000000260329003249010400000000140400000000150400000000160400000000170200002A02000030013A310110B07E
2026-03-29 00:33:21 - msg_id_0200 ==> 7E02000042660000000002585300000000000C000300C6474A049FAC88038800000000260329003320010400000000140400000000150400000000160400000000170200002A02000030013D31010FD87E
2026-03-29 00:33:52 - msg_id_0200 ==> 7E02000042660000000002585E00000000000C000300C6474B049FAC88038800000000260329003351010400000000140400000000150400000000160400000000170200002A02000030013D310111BB7E
2026-03-29 00:34:23 - msg_id_0200 ==> 7E02000042660000000002586900000000000C000300C6474B049FAC88038800000000260329003422010400000000140400000000150400000000160400000000170200002A02000030013D310111F87E
2026-03-29 00:34:54 - msg_id_0200 ==> 7E02000042660000000002587400000000000C000300C6474E049FAC88038800000000260329003453010400000000140400000000150400000000160400000000170200002A02000030013D310111917E
2026-03-29 00:35:24 - msg_id_0200 ==> 7E02000042660000000002587F00000100000C000300C6474E049FAC90038800000000260329003523010400000000140400000000150400000000160400000000170200002A02000030013D310111F27E
2026-03-29 00:35:29 - msg_id_0200 ==> 7E02000042660000000002588200000000000C000300C6474D049FAC90038800000000260329003528010400000000140400000000150400000000160400000000170200002A02000030013D310110077E
2026-03-29 00:36:00 - msg_id_0200 ==> 7E02000042660000000002588D00000000000C000300C6474B049FAC90038800000000260329003559010400000000140400000000150400000000160400000000170200002A02000030013D3101127D017E
2026-03-29 00:36:31 - msg_id_0200 ==> 7E02000042660000000002589800000000000C000300C6474C049FAC90038800000000260329003630010400000000140400000000150400000000160400000000170200002A02000030013D310111067E
2026-03-29 00:37:02 - msg_id_0200 ==> 7E0200004266000000000258A300000000000C000300C6474E049FAC90038800000000260329003701010400000000140400000000150400000000160400000000170200002A02000030013D3101130D7E
2026-03-29 00:37:33 - msg_id_0200 ==> 7E0200004266000000000258AE00000000000C000300C64750049FAC90038800000000260329003732010400000000140400000000150400000000160400000000170200002A02000030013D3101112F7E
2026-03-29 00:38:04 - msg_id_0200 ==> 7E0200004266000000000258B900000000000C000300C64752049FAC90038900000000260329003803010400000000140400000000150400000000160400000000170200002A02000030013D310113077E
2026-03-29 00:38:35 - msg_id_0200 ==> 7E0200004266000000000258C400000000000C000300C64754049FAC98038900000000260329003834010400000000140400000000150400000000160400000000170200002A02000030013D310113437E
2026-03-29 00:39:06 - msg_id_0200 ==> 7E0200004266000000000258CF00000000000C000300C64754049FAC98038900000000260329003905010400000000140400000000150400000000160400000000170200002A02000030013D31010F647E
2026-03-29 00:39:37 - msg_id_0200 ==> 7E0200004266000000000258DA00000000000C000300C64755049FACA0038900000000260329003936010400000000140400000000150400000000160400000000170200002A02000030013D31010F7B7E
2026-03-29 00:40:08 - msg_id_0200 ==> 7E0200004266000000000258E500000000000C000300C64756049FACA0038900000000260329004007010400000000140400000000150400000000160400000000170200002A02000030013D310110107E
2026-03-29 00:40:39 - msg_id_0200 ==> 7E0200004266000000000258F000000000000C000300C64754049FACA0038900000000260329004038010400000000140400000000150400000000160400000000170200002A02000030013D310110387E
2026-03-29 00:41:10 - msg_id_0200 ==> 7E0200004266000000000258FB00000000000C000300C64754049FACA8038900000000260329004109010400000000140400000000150400000000160400000000170200002A02000030013D310112097E
2026-03-29 00:41:41 - msg_id_0200 ==> 7E02000042660000000002590600000000000C000300C64753049FACA8038900000000260329004140010400000000140400000000150400000000160400000000170200002A02000030013D310113BA7E
2026-03-29 00:42:12 - msg_id_0200 ==> 7E02000042660000000002591100000000000C000300C64752049FACA8038900000000260329004211010400000000140400000000150400000000160400000000170200002A02000030013D310115F87E
2026-03-29 00:42:43 - msg_id_0200 ==> 7E02000042660000000002591C00000000000C000300C64752049FACB0038900000000260329004242010400000000140400000000150400000000160400000000170200002A02000030013D310114BF7E
2026-03-29 00:43:14 - msg_id_0200 ==> 7E02000042660000000002592700000000000C000300C64751049FACB0038900000000260329004313010400000000140400000000150400000000160400000000170200002A02000030013D310113D07E
2026-03-29 00:43:45 - msg_id_0200 ==> 7E02000042660000000002593200000000000C000300C64750049FACB0038A00000000260329004344010400000000140400000000150400000000160400000000170200002A02000030013D310114977E
2026-03-29 00:44:16 - msg_id_0200 ==> 7E02000042660000000002593D00000000000C000300C6474F049FACB0038A00000000260329004415010400000000140400000000150400000000160400000000170200002A02000030013D310113D67E
2026-03-29 00:44:47 - msg_id_0200 ==> 7E02000042660000000002594800000000000C000300C6474F049FACB0038A00000000260329004446010400000000140400000000150400000000160400000000170200002A02000030013D310115F67E
2026-03-29 00:45:18 - msg_id_0200 ==> 7E02000042660000000002595300000000000C000300C6474F049FACB0038A00000000260329004517010400000000140400000000150400000000160400000000170200002A02000030013D310115BD7E
2026-03-29 00:45:49 - msg_id_0200 ==> 7E02000042660000000002595E00000000000C000300C6474E049FACB0038A00000000260329004548010400000000140400000000150400000000160400000000170200002A02000030013D310115EE7E
2026-03-29 00:46:20 - msg_id_0200 ==> 7E02000042660000000002596900000000000C000300C6474C049FACB0038A00000000260329004619010400000000140400000000150400000000160400000000170200002A02000030013D310115897E
2026-03-29 00:46:51 - msg_id_0200 ==> 7E02000042660000000002597400000000000C000300C6474C049FACB0038A00000000260329004650010400000000140400000000150400000000160400000000170200002A02000030013D310112DA7E
2026-03-29 00:47:22 - msg_id_0200 ==> 7E02000042660000000002597F00000100000C000300C6474C049FACB0038A00000000260329004721010400000000140400000000150400000000160400000000170200002A02000030013D310115A77E
2026-03-29 00:47:27 - msg_id_0200 ==> 7E02000042660000000002598200000000000C000300C6474C049FACB0038A00000000260329004726010400000000140400000000150400000000160400000000170200002A02000030013D3101155C7E
2026-03-29 00:47:58 - msg_id_0200 ==> 7E02000042660000000002598D00000000000C000300C6474D049FACB0038A00000000260329004757010400000000140400000000150400000000160400000000170200002A02000030013D310115237E
2026-03-29 00:48:29 - msg_id_0200 ==> 7E02000042660000000002599800000000000C000300C64750049FACB0038A00000000260329004828010400000000140400000000150400000000160400000000170200002A02000030013D3101155B7E
2026-03-29 00:49:00 - msg_id_0200 ==> 7E0200004266000000000259A300000000000C000300C64753049FACB0038A00000000260329004859010400000000140400000000150400000000160400000000170200002A02000030013D310114137E
2026-03-29 00:49:31 - msg_id_0200 ==> 7E0200004266000000000259AE00000000000C000300C64756049FACB0038A00000000260329004930010400000000140400000000150400000000160400000000170200002A02000030013D310115727E
2026-03-29 00:50:02 - msg_id_0200 ==> 7E0200004266000000000259B900000000000C000300C64758049FACB0038A00000000260329005001010400000000140400000000150400000000160400000000170200002A02000030013D310112447E
2026-03-29 00:50:33 - msg_id_0200 ==> 7E0200004266000000000259C400000000000C000300C64757049FACB0038A00000000260329005032010400000000140400000000150400000000160400000000170200002A02000030013D310112057E
2026-03-29 00:51:04 - msg_id_0200 ==> 7E0200004266000000000259CF00000000000C000300C64759049FACB0038A00000000260329005103010400000000140400000000150400000000160400000000170200002A02000030013D310114367E
2026-03-29 00:51:34 - msg_id_0200 ==> 7E0200004266000000000259DA00000000000C000300C6475D049FACB0038A00000000260329005134010400000000140400000000150400000000160400000000170200002A02000030013D310110147E
2026-03-29 00:52:06 - msg_id_0200 ==> 7E0200004266000000000259E500000000000C000300C64764049FACA8038A00000000260329005205010400000000140400000000150400000000160400000000170200002A02000030013D310111397E
2026-03-29 00:52:37 - msg_id_0200 ==> 7E0200004266000000000259F000000000000C000300C64768049FACA8038A00000000260329005236010400000000140400000000150400000000160400000000170200002A02000030013D310111137E
2026-03-29 00:53:07 - msg_id_0200 ==> 7E0200004266000000000259FB00000000000C000300C6476E049FACB0038A00000000260329005307010400000000140400000000150400000000160400000000170200002A02000030013D310112357E
2026-03-29 00:53:39 - msg_id_0200 ==> 7E020000426600000000025A0600000000000C000300C64773049FACB0038A00000000260329005338010400000000140400000000150400000000160400000000170200002A02000030013D310112E97E
2026-03-29 00:54:10 - msg_id_0200 ==> 7E020000426600000000025A1100000000000C000300C64773049FACB0038A00000000260329005409010400000000140400000000150400000000160400000000170200002A02000030013D310112C87E
2026-03-29 00:54:40 - msg_id_0200 ==> 7E020000426600000000025A1C00000000000C000300C64774049FACB0038A00000000260329005440010400000000140400000000150400000000160400000000170200002A02000030013D310111887E
2026-03-29 00:55:12 - msg_id_0200 ==> 7E020000426600000000025A2700000000000C000300C64775049FACB8038A00000000260329005511010400000000140400000000150400000000160400000000170200002A02000030013D310112E97E
2026-03-29 00:55:43 - msg_id_0200 ==> 7E020000426600000000025A3200000000000C000300C64773049FACB8038A00000000260329005542010400000000140400000000150400000000160400000000170200002A02000030013D310113A87E
2026-03-29 00:56:14 - msg_id_0200 ==> 7E020000426600000000025A3D00000000000C000300C6476F049FACB8038A00000000260329005613010400000000140400000000150400000000160400000000170200002A02000030013D310114EE7E
2026-03-29 00:56:45 - msg_id_0200 ==> 7E020000426600000000025A4800000000000C000300C64770049FACB8038A00000000260329005644010400000000140400000000150400000000160400000000170200002A02000030013D310114D37E
2026-03-29 00:57:16 - msg_id_0200 ==> 7E020000426600000000025A5300000000000C000300C64773049FACB8038A00000000260329005715010400000000140400000000150400000000160400000000170200002A02000030013D3101149B7E
2026-03-29 00:57:47 - msg_id_0200 ==> 7E020000426600000000025A5E00000000000C000300C64776049FACB0038A00000000260329005746010400000000140400000000150400000000160400000000170200002A02000030013D310114C87E
2026-03-29 00:58:18 - msg_id_0200 ==> 7E020000426600000000025A6900000000000C000300C64777049FACB8038A00000000260329005817010400000000140400000000150400000000160400000000170200002A02000030013D310114A87E
2026-03-29 00:58:49 - msg_id_0200 ==> 7E020000426600000000025A7400000000000C000300C6477A049FACB8038A00000000260329005848010400000000140400000000150400000000160400000000170200002A02000030013D310112E17E
2026-03-29 00:59:20 - msg_id_0200 ==> 7E020000426600000000025A7F00000100000C000300C6477A049FACB0038A00000000260329005919010400000000140400000000150400000000160400000000170200002A02000030013D310112B37E
2026-03-29 00:59:25 - msg_id_0200 ==> 7E020000426600000000025A8200000000000C000300C6477A049FACB0038A00000000260329005924010400000000140400000000150400000000160400000000170200002A02000030013D310113737E
2026-03-29 00:59:56 - msg_id_0200 ==> 7E020000426600000000025A8D00000000000C000300C6477C049FACB8038A00000000260329005955010400000000140400000000150400000000160400000000170200002A02000030013D310113037E
2026-03-29 01:00:27 - msg_id_0200 ==> 7E020000426600000000025A9800000000000C000300C6477D01049FACB8038A00000000260329010026010400000000140400000000150400000000160400000000170200002A02000030013D3101133C7E
2026-03-29 01:00:58 - msg_id_0200 ==> 7E020000426600000000025AA300000000000C000300C6477F049FACB8038A00000000260329010057010400000000140400000000150400000000160400000000170200002A02000030013D310114737E
2026-03-29 01:01:29 - msg_id_0200 ==> 7E020000426600000000025AAE00000000000C000300C64780049FACB8038A00000000260329010128010400000000140400000000150400000000160400000000170200002A02000030013D310114FF7E
2026-03-29 01:02:00 - msg_id_0200 ==> 7E020000426600000000025AB900000000000C000300C64780049FACB8038A00000000260329010159010400000000140400000000150400000000160400000000170200002A02000030013D310114997E
2026-03-29 01:02:31 - msg_id_0200 ==> 7E020000426600000000025AC400000000000C000300C64783049FACB8038A00000000260329010230010400000000140400000000150400000000160400000000170200002A02000030013D3101128B7E
2026-03-29 01:03:02 - msg_id_0200 ==> 7E020000426600000000025ACF00000000000C000300C64784049FACB8038A00000000260329010301010400000000140400000000150400000000160400000000170200002A02000030013D310113B67E
2026-03-29 01:03:33 - msg_id_0200 ==> 7E020000426600000000025ADA00000000000C000300C64786049FACB8038A00000000260329010332010400000000140400000000150400000000160400000000170200002A02000030013D310115947E
2026-03-29 01:04:04 - msg_id_0200 ==> 7E020000426600000000025AE500000000000C000300C64786049FACB8038A00000000260329010403010400000000140400000000150400000000160400000000170200002A020000300136310114977E
2026-03-29 01:04:35 - msg_id_0200 ==> 7E020000426600000000025AF000000000000C000300C64784049FACB8038B00000000260329010434010400000000140400000000150400000000160400000000170200002A020000300136310114B67E
2026-03-29 01:05:06 - msg_id_0200 ==> 7E020000426600000000025AFB00000000000C000300C64785049FACB8038B00000000260329010505010400000000140400000000150400000000160400000000170200002A020000300136310111897E
2026-03-29 01:05:37 - msg_id_0200 ==> 7E020000426600000000025B0600000000000C000300C64786049FACB8038B00000000260329010536010400000000140400000000150400000000160400000000170200002A020000300136310115417E
2026-03-29 01:06:08 - msg_id_0200 ==> 7E020000426600000000025B1100000000000C000300C64786049FACB0038B00000000260329010607010400000000140400000000150400000000160400000000170200002A0200003001363101156C7E
2026-03-29 01:06:39 - msg_id_0200 ==> 7E020000426600000000025B1C00000000000C000300C64785049FACB0038B00000000260329010638010400000000140400000000150400000000160400000000170200002A0200003001363101145C7E
2026-03-29 01:07:10 - msg_id_0200 ==> 7E020000426600000000025B2700000000000C000300C64786049FACB8038B00000000260329010709010400000000140400000000150400000000160400000000170200002A02000030013A310115517E
2026-03-29 01:07:41 - msg_id_0200 ==> 7E020000426600000000025B3200000000000C000300C64785049FACB8038B00000000260329010740010400000000140400000000150400000000160400000000170200002A02000030013A3101140F7E
2026-03-29 01:08:12 - msg_id_0200 ==> 7E020000426600000000025B3D00000000000C000300C64785049FACB8038C00000000260329010811010400000000140400000000150400000000160400000000170200002A02000030013A310115587E
2026-03-29 01:08:43 - msg_id_0200 ==> 7E020000426600000000025B4800000000000C000300C64785049FACB0038C00000000260329010842010400000000140400000000150400000000160400000000170200002A02000030013A310114777E
2026-03-29 01:09:14 - msg_id_0200 ==> 7E020000426600000000025B5300000000000C000300C64786049FACB0038C00000000260329010913010400000000140400000000150400000000160400000000170200002A02000030013A3101143F7E
2026-03-29 01:09:45 - msg_id_0200 ==> 7E020000426600000000025B5E00000000000C000300C64783049FACB0038C00000000260329010944010400000000140400000000150400000000160400000000170200002A02000030013A310115617E
2026-03-29 01:10:16 - msg_id_0200 ==> 7E020000426600000000025B6900000000000C000300C6477F049FACB0038C00000000260329011015010400000000140400000000150400000000160400000000170200002A02000030013A310114E37E
2026-03-29 01:10:47 - msg_id_0200 ==> 7E020000426600000000025B7400000000000C000300C6477D01049FACB0038C00000000260329011046010400000000140400000000150400000000160400000000170200002A02000030013A310113A87E
2026-03-29 01:11:17 - msg_id_0200 ==> 7E020000426600000000025B7F00000100000C000300C6477A049FACA8038D00000000260329011116010400000000140400000000150400000000160400000000170200002A02000030013A310113ED7E
2026-03-29 01:11:22 - msg_id_0200 ==> 7E020000426600000000025B8200000000000C000300C64779049FACA8038D00000000260329011121010400000000140400000000150400000000160400000000170200002A02000030013A310113257E
2026-03-29 01:11:53 - msg_id_0200 ==> 7E020000426600000000025B8D00000000000C000300C64775049FACA8038D00000000260329011152010400000000140400000000150400000000160400000000170200002A02000030013A310113557E
2026-03-29 01:12:24 - msg_id_0200 ==> 7E020000426600000000025B9800000000000C000300C64775049FACA8038D00000000260329011223010400000000140400000000150400000000160400000000170200002A02000030013A310113327E
2026-03-29 01:12:55 - msg_id_0200 ==> 7E020000426600000000025BA300000000000C000300C64777049FACA8038D00000000260329011254010400000000140400000000150400000000160400000000170200002A02000030013A3101117D027E
2026-03-29 01:13:26 - msg_id_0200 ==> 7E020000426600000000025BAE00000000000C000300C64775049FACA8038D00000000260329011325010400000000140400000000150400000000160400000000170200002A02000030013A310111017E
2026-03-29 01:13:57 - msg_id_0200 ==> 7E020000426600000000025BB900000000000C000300C64774049FACA8038D00000000260329011356010400000000140400000000150400000000160400000000170200002A02000030013A310111647E
2026-03-29 01:14:28 - msg_id_0200 ==> 7E020000426600000000025BC400000000000C000300C64772049FACA0038D00000000260329011427010400000000140400000000150400000000160400000000170200002A02000030013A310113637E
2026-03-29 01:14:59 - msg_id_0200 ==> 7E020000426600000000025BCF00000000000C000300C6476F049FACA0038D00000000260329011458010400000000140400000000150400000000160400000000170200002A02000030013A3101120B7E
2026-03-29 01:15:29 - msg_id_0200 ==> 7E020000426600000000025BDA00000000000C000300C6476F049FACA8038D00000000260329011529010400000000140400000000150400000000160400000000170200002A02000030013A310112667E
2026-03-29 01:16:01 - msg_id_0200 ==> 7E020000426600000000025BE500000000000C000300C64773049FACA0038D00000000260329011600010400000000140400000000150400000000160400000000170200002A02000030013A310112677E
2026-03-29 01:16:32 - msg_id_0200 ==> 7E020000426600000000025BF000000000000C000300C64773049FACA0038E00000000260329011631010400000000140400000000150400000000160400000000170200002A02000030013A310112407E
2026-03-29 01:17:03 - msg_id_0200 ==> 7E020000426600000000025BFB00000000000C000300C64772049FACA0038E00000000260329011702010400000000140400000000150400000000160400000000170200002A02000030013A3101117B7E
2026-03-29 01:17:34 - msg_id_0200 ==> 7E020000426600000000025C0600000000000C000300C64772049FACA0038E00000000260329011733010400000000140400000000150400000000160400000000170200002A02000030013A310111B07E
2026-03-29 01:18:05 - msg_id_0200 ==> 7E020000426600000000025C1100000000000C000300C64774049FACA0038E00000000260329011804010400000000140400000000150400000000160400000000170200002A02000030013A3101139B7E
2026-03-29 01:18:36 - msg_id_0200 ==> 7E020000426600000000025C1C00000000000C000300C64774049FACA0038E00000000260329011835010400000000140400000000150400000000160400000000170200002A020000300140310113DD7E
2026-03-29 01:19:07 - msg_id_0200 ==> 7E020000426600000000025C2700000000000C000300C64771049FAC98038E00000000260329011906010400000000140400000000150400000000160400000000170200002A020000300140310113E97E
2026-03-29 01:19:38 - msg_id_0200 ==> 7E020000426600000000025C3200000000000C000300C64770049FAC98038E00000000260329011937010400000000140400000000150400000000160400000000170200002A02000030013A310112B77E
2026-03-29 01:20:09 - msg_id_0200 ==> 7E020000426600000000025C3D00000000000C000300C6476F049FAC98038E00000000260329012008010400000000140400000000150400000000160400000000170200002A02000030013A310113A07E
2026-03-29 01:20:40 - msg_id_0200 ==> 7E020000426600000000025C4800000000000C000300C6476E049FAC98038E00000000260329012039010400000000140400000000150400000000160400000000170200002A02000030013A310110E67E
2026-03-29 01:21:11 - msg_id_0200 ==> 7E020000426600000000025C5300000000000C000300C6476F049FAC98038E00000000260329012110010400000000140400000000150400000000160400000000170200002A02000030013A310111D57E
2026-03-29 01:21:42 - msg_id_0200 ==> 7E020000426600000000025C5E00000000000C000300C64771049FAC98038E00000000260329012141010400000000140400000000150400000000160400000000170200002A02000030013A310113957E
2026-03-29 01:22:13 - msg_id_0200 ==> 7E020000426600000000025C6900000000000C000300C64770049FAC98038E00000000260329012212010400000000140400000000150400000000160400000000170200002A02000030013A310113F37E
2026-03-29 01:22:44 - msg_id_0200 ==> 7E020000426600000000025C7400000000000C000300C6476E049FAC98038F00000000260329012243010400000000140400000000150400000000160400000000170200002A02000030013A310112A17E
2026-03-29 01:23:15 - msg_id_0200 ==> 7E020000426600000000025C7F00000100000C000300C6476D049FAC98038F00000000260329012314010400000000140400000000150400000000160400000000170200002A02000030013A310112FE7E
2026-03-29 01:23:20 - msg_id_0200 ==> 7E020000426600000000025C8200000000000C000300C6476D049FAC98038F00000000260329012319010400000000140400000000150400000000160400000000170200002A02000030013A3101120F7E
2026-03-29 01:23:51 - msg_id_0200 ==> 7E020000426600000000025C8D00000000000C000300C6476C049FAC98038F00000000260329012350010400000000140400000000150400000000160400000000170200002A02000030013A3101114B7E
2026-03-29 01:24:22 - msg_id_0200 ==> 7E020000426600000000025C9800000000000C000300C6476B049FAC90038F00000000260329012421010400000000140400000000150400000000160400000000170200002A02000030013A310112247E
2026-03-29 01:24:53 - msg_id_0200 ==> 7E020000426600000000025CA300000000000C000300C64769049FAC90038F00000000260329012452010400000000140400000000150400000000160400000000170200002A02000030013A3101126E7E
2026-03-29 01:25:24 - msg_id_0200 ==> 7E020000426600000000025CAE00000000000C000300C64767049FAC90038F00000000260329012523010400000000140400000000150400000000160400000000170200002A02000030013A3101121D7E
2026-03-29 01:25:55 - msg_id_0200 ==> 7E020000426600000000025CB900000000000C000300C64766049FAC90038E00000000260329012554010400000000140400000000150400000000160400000000170200002A02000030013A31010F607E
2026-03-29 01:26:26 - msg_id_0200 ==> 7E020000426600000000025CC400000000000C000300C64765049FAC90038E00000000260329012625010400000000140400000000150400000000160400000000170200002A02000030013A310111727E
2026-03-29 01:26:57 - msg_id_0200 ==> 7E020000426600000000025CCF00000000000C000300C64765049FAC90038E00000000260329012656010400000000140400000000150400000000160400000000170200002A02000030013A310112097E
2026-03-29 01:27:28 - msg_id_0200 ==> 7E020000426600000000025CDA00000000000C000300C64766049FAC90038E00000000260329012727010400000000140400000000150400000000160400000000170200002A02000030013A3101116C7E
2026-03-29 01:27:59 - msg_id_0200 ==> 7E020000426600000000025CE500000000000C000300C64767049FAC98038E00000000260329012758010400000000140400000000150400000000160400000000170200002A02000030013A310113277E
2026-03-29 01:28:30 - msg_id_0200 ==> 7E020000426600000000025CF000000000000C000300C6476A049FAC90038E00000000260329012829010400000000140400000000150400000000160400000000170200002A02000030013A3101144E7E
2026-03-29 01:29:01 - msg_id_0200 ==> 7E020000426600000000025CFB00000000000C000300C6476A049FAC90038E00000000260329012900010400000000140400000000150400000000160400000000170200002A02000030013A3101126B7E
2026-03-29 01:29:32 - msg_id_0200 ==> 7E020000426600000000025D0600000000000C000300C64769049FAC90038E00000000260329012931010400000000140400000000150400000000160400000000170200002A02000030013A310114A37E
2026-03-29 01:30:03 - msg_id_0200 ==> 7E020000426600000000025D1100000000000C000300C64769049FAC88038E00000000260329013002010400000000140400000000150400000000160400000000170200002A020000300140310114FC7E
2026-03-29 01:30:34 - msg_id_0200 ==> 7E020000426600000000025D1C00000000000C000300C64768049FAC90038E00000000260329013033010400000000140400000000150400000000160400000000170200002A020000300140310114D97E
2026-03-29 01:31:05 - msg_id_0200 ==> 7E020000426600000000025D2700000000000C000300C64768049FAC90038F00000000260329013104010400000000140400000000150400000000160400000000170200002A020000300140310115D47E
2026-03-29 01:31:36 - msg_id_0200 ==> 7E020000426600000000025D3200000000000C000300C64769049FAC90038E00000000260329013135010400000000140400000000150400000000160400000000170200002A02000030013A3101138C7E
2026-03-29 01:32:07 - msg_id_0200 ==> 7E020000426600000000025D3D00000000000C000300C6476B049FAC90038E00000000260329013206010400000000140400000000150400000000160400000000170200002A02000030013A310112B07E
2026-03-29 01:32:38 - msg_id_0200 ==> 7E020000426600000000025D4800000000000C000300C6476A049FAC90038E00000000260329013237010400000000140400000000150400000000160400000000170200002A02000030013A310112F57E
2026-03-29 01:33:09 - msg_id_0200 ==> 7E020000426600000000025D5300000000000C000300C64768049FAC90038E00000000260329013308010400000000140400000000150400000000160400000000170200002A02000030013A310112D27E
2026-03-29 01:33:40 - msg_id_0200 ==> 7E020000426600000000025D5E00000000000C000300C64768049FAC90038E00000000260329013339010400000000140400000000150400000000160400000000170200002A02000030013A310113EF7E
2026-03-29 01:34:11 - msg_id_0200 ==> 7E020000426600000000025D6900000000000C000300C64769049FAC90038F00000000260329013410010400000000140400000000150400000000160400000000170200002A02000030013A310113F67E
2026-03-29 01:34:42 - msg_id_0200 ==> 7E020000426600000000025D7400000000000C000300C64769049FAC90038F00000000260329013441010400000000140400000000150400000000160400000000170200002A02000030013A310112BB7E
2026-03-29 01:35:12 - msg_id_0200 ==> 7E020000426600000000025D7F00000100000C000300C6476A049FAC90038F00000000260329013511010400000000140400000000150400000000160400000000170200002A02000030013A310111E07E
2026-03-29 01:35:17 - msg_id_0200 ==> 7E020000426600000000025D8200000000000C000300C6476A049FAC90038F00000000260329013516010400000000140400000000150400000000160400000000170200002A02000030013A310112187E
2026-03-29 01:35:48 - msg_id_0200 ==> 7E020000426600000000025D8D00000000000C000300C6476B049FAC90038F00000000260329013547010400000000140400000000150400000000160400000000170200002A02000030013A310113467E
2026-03-29 01:36:19 - msg_id_0200 ==> 7E020000426600000000025D9800000000000C000300C6476C049FAC90038F00000000260329013618010400000000140400000000150400000000160400000000170200002A02000030013A310113087E
2026-03-29 01:36:50 - msg_id_0200 ==> 7E020000426600000000025DA300000000000C000300C6476C049FAC98038F00000000260329013649010400000000140400000000150400000000160400000000170200002A02000030013A3101136A7E
2026-03-29 01:37:21 - msg_id_0200 ==> 7E020000426600000000025DAE00000000000C000300C6476A049FAC98038F00000000260329013720010400000000140400000000150400000000160400000000170200002A02000030013A310113097E
2026-03-29 01:37:52 - msg_id_0200 ==> 7E020000426600000000025DB900000000000C000300C6476A049FAC98038F00000000260329013751010400000000140400000000150400000000160400000000170200002A02000030013A3101136F7E
2026-03-29 01:38:23 - msg_id_0200 ==> 7E020000426600000000025DC400000000000C000300C6476A049FACA0038F00000000260329013822010400000000140400000000150400000000160400000000170200002A0200003001363101135A7E
2026-03-29 01:38:54 - msg_id_0200 ==> 7E020000426600000000025DCF00000000000C000300C6476B049FACA0038F00000000260329013853010400000000140400000000150400000000160400000000170200002A020000300136310113217E
2026-03-29 01:39:25 - msg_id_0200 ==> 7E020000426600000000025DDA00000000000C000300C64769049FACA8038F00000000260329013924010400000000140400000000150400000000160400000000170200002A020000300136310113487E
2026-03-29 01:39:56 - msg_id_0200 ==> 7E020000426600000000025DE500000000000C000300C64768049FACA8038F00000000260329013955010400000000140400000000150400000000160400000000170200002A020000300136310111057E
2026-03-29 01:40:27 - msg_id_0200 ==> 7E020000426600000000025DF000000000000C000300C64768049FACA8038F00000000260329014026010400000000140400000000150400000000160400000000170200002A020000300136310112197E
2026-03-29 01:40:58 - msg_id_0200 ==> 7E020000426600000000025DFB00000000000C000300C6476A049FACB0038F00000000260329014057010400000000140400000000150400000000160400000000170200002A0200003001363101117A7E
2026-03-29 01:41:29 - msg_id_0200 ==> 7E020000426600000000025E0600000000000C000300C6476C049FACB0038F00000000260329014128010400000000140400000000150400000000160400000000170200002A020000300136310112FF7E
2026-03-29 01:42:00 - msg_id_0200 ==> 7E020000426600000000025E1100000000000C000300C6476F049FACB0038F00000000260329014159010400000000140400000000150400000000160400000000170200002A020000300136310110987E
2026-03-29 01:42:31 - msg_id_0200 ==> 7E020000426600000000025E1C00000000000C000300C6476E049FACB0038F00000000260329014230010400000000140400000000150400000000160400000000170200002A020000300136310113FD7E
2026-03-29 01:43:02 - msg_id_0200 ==> 7E020000426600000000025E2700000000000C000300C6476E049FACB0038F00000000260329014301010400000000140400000000150400000000160400000000170200002A020000300136310111F47E
2026-03-29 01:43:33 - msg_id_0200 ==> 7E020000426600000000025E3200000000000C000300C6476D049FACB0038F00000000260329014332010400000000140400000000150400000000160400000000170200002A020000300136310112D27E
2026-03-29 01:44:04 - msg_id_0200 ==> 7E020000426600000000025E3D00000000000C000300C6476F049FACB8038F00000000260329014403010400000000140400000000150400000000160400000000170200002A020000300136310111E27E
2026-03-29 01:44:35 - msg_id_0200 ==> 7E020000426600000000025E4800000000000C000300C6476E049FACB0038F00000000260329014434010400000000140400000000150400000000160400000000170200002A020000300136310112AA7E
2026-03-29 01:45:06 - msg_id_0200 ==> 7E020000426600000000025E5300000000000C000300C6476B049FACB0038F00000000260329014505010400000000140400000000150400000000160400000000170200002A020000300136310113857E
2026-03-29 01:45:37 - msg_id_0200 ==> 7E020000426600000000025E5E00000000000C000300C6476B049FACB0038F00000000260329014536010400000000140400000000150400000000160400000000170200002A02000030013D310115B67E
2026-03-29 01:46:08 - msg_id_0200 ==> 7E020000426600000000025E6900000000000C000300C6476C049FACB0038F00000000260329014607010400000000140400000000150400000000160400000000170200002A020000300136310115BF7E
2026-03-29 01:46:39 - msg_id_0200 ==> 7E020000426600000000025E7400000000000C000300C6476A049FACB0038F00000000260329014638010400000000140400000000150400000000160400000000170200002A0200003001363101139D7E
2026-03-29 01:47:10 - msg_id_0200 ==> 7E020000426600000000025E7F00000100000C000300C6476A049FACB0038F00000000260329014709010400000000140400000000150400000000160400000000170200002A02000030013D310114AB7E
2026-03-29 01:47:15 - msg_id_0200 ==> 7E020000426600000000025E8200000000000C000300C6476B049FACB0038F00000000260329014714010400000000140400000000150400000000160400000000170200002A020000300136310114407E
2026-03-29 01:47:46 - msg_id_0200 ==> 7E020000426600000000025E8D00000000000C000300C64769049FACA8038F00000000260329014745010400000000140400000000150400000000160400000000170200002A020000300146310115757E
2026-03-29 01:48:17 - msg_id_0200 ==> 7E020000426600000000025E9800000000000C000300C6476A049FACA8038F00000000260329014816010400000000140400000000150400000000160400000000170200002A0200003001463101143E7E
2026-03-29 01:48:48 - msg_id_0200 ==> 7E020000426600000000025EA300000000000C000300C64769049FACA8038F00000000260329014847010400000000140400000000150400000000160400000000170200002A020000300146310113507E
2026-03-29 01:49:19 - msg_id_0200 ==> 7E020000426600000000025EAE00000000000C000300C64769049FACA8038F00000000260329014918010400000000140400000000150400000000160400000000170200002A020000300146310113037E
2026-03-29 01:49:50 - msg_id_0200 ==> 7E020000426600000000025EB900000000000C000300C64768049FACA8038F00000000260329014949010400000000140400000000150400000000160400000000170200002A020000300146310113447E
2026-03-29 01:50:21 - msg_id_0200 ==> 7E020000426600000000025EC400000000000C000300C64769049FACA0038F00000000260329015020010400000000140400000000150400000000160400000000170200002A020000300146310114477E
2026-03-29 01:50:52 - msg_id_0200 ==> 7E020000426600000000025ECF00000000000C000300C6476B049FACA0038F00000000260329015051010400000000140400000000150400000000160400000000170200002A0200003001463101143F7E
2026-03-29 01:51:23 - msg_id_0200 ==> 7E020000426600000000025EDA00000000000C000300C6476C049FACA0038F00000000260329015122010400000000140400000000150400000000160400000000170200002A0200003001463101155E7E
2026-03-29 01:51:54 - msg_id_0200 ==> 7E020000426600000000025EE500000000000C000300C6476C049FACA0038F00000000260329015153010400000000140400000000150400000000160400000000170200002A020000300146310113167E
2026-03-29 01:52:25 - msg_id_0200 ==> 7E020000426600000000025EF000000000000C000300C6476E049FACA0038F00000000260329015224010400000000140400000000150400000000160400000000170200002A020000300146310114727E
2026-03-29 01:52:56 - msg_id_0200 ==> 7E020000426600000000025EFB00000000000C000300C64770049FACA0038F00000000260329015255010400000000140400000000150400000000160400000000170200002A020000300146310115177E
2026-03-29 01:53:27 - msg_id_0200 ==> 7E020000426600000000025F0600000000000C000300C64773049FACA0038F00000000260329015326010400000000140400000000150400000000160400000000170200002A020000300146310117987E
2026-03-29 01:53:58 - msg_id_0200 ==> 7E020000426600000000025F1100000000000C000300C64775049FAC98039000000000260329015357010400000000140400000000150400000000160400000000170200002A020000300146310117DF7E
2026-03-29 01:54:29 - msg_id_0200 ==> 7E020000426600000000025F1C00000000000C000300C64777049FAC98039000000000260329015428010400000000140400000000150400000000160400000000170200002A020000300146310116A97E
2026-03-29 01:55:00 - msg_id_0200 ==> 7E020000426600000000025F2700000000000C000300C64775049FAC98039000000000260329015459010400000000140400000000150400000000160400000000170200002A020000300146310117E07E
2026-03-29 01:55:31 - msg_id_0200 ==> 7E020000426600000000025F3200000000000C000300C64776049FAC98039000000000260329015530010400000000140400000000150400000000160400000000170200002A0200003001463101179E7E
2026-03-29 01:56:02 - msg_id_0200 ==> 7E020000426600000000025F3D00000000000C000300C64776049FAC98039000000000260329015601010400000000140400000000150400000000160400000000170200002A020000300146310117A37E
2026-03-29 01:56:33 - msg_id_0200 ==> 7E020000426600000000025F4800000000000C000300C64777049FAC98039000000000260329015632010400000000140400000000150400000000160400000000170200002A020000300146310118EB7E
2026-03-29 01:57:04 - msg_id_0200 ==> 7E020000426600000000025F5300000000000C000300C64777049FAC98039000000000260329015703010400000000140400000000150400000000160400000000170200002A020000300146310115CD7E
2026-03-29 01:57:35 - msg_id_0200 ==> 7E020000426600000000025F5E00000000000C000300C64777049FAC98039000000000260329015734010400000000140400000000150400000000160400000000170200002A020000300146310116F47E
2026-03-29 01:58:06 - msg_id_0200 ==> 7E020000426600000000025F6900000000000C000300C64777049FAC98039000000000260329015805010400000000140400000000150400000000160400000000170200002A020000300146310114FF7E
2026-03-29 01:58:37 - msg_id_0200 ==> 7E020000426600000000025F7400000000000C000300C6477A049FAC98039000000000260329015836010400000000140400000000150400000000160400000000170200002A020000300146310115DD7E
2026-03-29 01:59:07 - msg_id_0200 ==> 7E020000426600000000025F7F00000100000C000300C64779049FACA0039000000000260329015906010400000000140400000000150400000000160400000000170200002A020000300146310111D97E
2026-03-29 01:59:12 - msg_id_0200 ==> 7E020000426600000000025F8200000000000C000300C6477A049FACA0039000000000260329015911010400000000140400000000150400000000160400000000170200002A020000300146310110307E
2026-03-29 01:59:43 - msg_id_0200 ==> 7E020000426600000000025F8D00000000000C000300C6477D02049FACA0039000000000260329015942010400000000140400000000150400000000160400000000170200002A0200003001463101146C7E
2026-03-29 02:00:14 - msg_id_0200 ==> 7E020000426600000000025F9800000000000C000300C6477D02049FACA0039000000000260329020013010400000000140400000000150400000000160400000000170200002A020000300146310116707E
2026-03-29 02:00:45 - msg_id_0200 ==> 7E020000426600000000025FA300000000000C000300C6477D01049FACA0039000000000260329020044010400000000140400000000150400000000160400000000170200002A0200003001463101141D7E
2026-03-29 02:01:16 - msg_id_0200 ==> 7E020000426600000000025FAE00000000000C000300C6477D02049FACA8039000000000260329020115010400000000140400000000150400000000160400000000170200002A0200003001463101134C7E
2026-03-29 02:01:47 - msg_id_0200 ==> 7E020000426600000000025FB900000000000C000300C6477F049FACA8039000000000260329020146010400000000140400000000150400000000160400000000170200002A0200003001463101160C7E
2026-03-29 02:02:18 - msg_id_0200 ==> 7E020000426600000000025FC400000000000C000300C64780049FACA8039000000000260329020217010400000000140400000000150400000000160400000000170200002A020000300146310116DC7E
2026-03-29 02:02:49 - msg_id_0200 ==> 7E020000426600000000025FCF00000000000C000300C64781049FACA8039000000000260329020248010400000000140400000000150400000000160400000000170200002A020000300146310116897E
2026-03-29 02:03:20 - msg_id_0200 ==> 7E020000426600000000025FDA00000000000C000300C64781049FACA8038F00000000260329020319010400000000140400000000150400000000160400000000170200002A020000300146310116D37E
2026-03-29 02:03:51 - msg_id_0200 ==> 7E020000426600000000025FE500000000000C000300C64782049FACA8038F00000000260329020350010400000000140400000000150400000000160400000000170200002A020000300146310115A57E
2026-03-29 02:04:22 - msg_id_0200 ==> 7E020000426600000000025FF000000000000C000300C64780049FACA8038F00000000260329020421010400000000140400000000150400000000160400000000170200002A020000300146310114C57E
2026-03-29 02:04:53 - msg_id_0200 ==> 7E020000426600000000025FFB00000000000C000300C6477D02049FACA8038F00000000260329020452010400000000140400000000150400000000160400000000170200002A020000300146310115427E
2026-03-29 02:05:24 - msg_id_0200 ==> 7E02000042660000000002600600000000000C000300C6477F049FACA8038F00000000260329020523010400000000140400000000150400000000160400000000170200002A020000300146310115F17E
2026-03-29 02:05:55 - msg_id_0200 ==> 7E02000042660000000002601100000000000C000300C6477F049FACA8038F00000000260329020554010400000000140400000000150400000000160400000000170200002A020000300146310116927E
2026-03-29 02:06:26 - msg_id_0200 ==> 7E02000042660000000002601C00000000000C000300C6477F049FACB0038F00000000260329020625010400000000140400000000150400000000160400000000170200002A020000300146310112F17E
2026-03-29 02:06:57 - msg_id_0200 ==> 7E02000042660000000002602700000000000C000300C6477D02049FACB0038F00000000260329020656010400000000140400000000150400000000160400000000170200002A020000300146310114BE7E
2026-03-29 02:07:28 - msg_id_0200 ==> 7E02000042660000000002603200000000000C000300C6477F049FACB0038F00000000260329020727010400000000140400000000150400000000160400000000170200002A020000300146310115DB7E
2026-03-29 02:07:59 - msg_id_0200 ==> 7E02000042660000000002603D00000000000C000300C6477F049FACB0038F00000000260329020758010400000000140400000000150400000000160400000000170200002A020000300146310114AA7E
2026-03-29 02:08:30 - msg_id_0200 ==> 7E02000042660000000002604800000000000C000300C6477F049FACB0038F00000000260329020829010400000000140400000000150400000000160400000000170200002A020000300146310115A07E
2026-03-29 02:09:01 - msg_id_0200 ==> 7E02000042660000000002605300000000000C000300C64780049FACB8038F00000000260329020900010400000000140400000000150400000000160400000000170200002A020000300146310116677E
2026-03-29 02:09:32 - msg_id_0200 ==> 7E02000042660000000002605E00000000000C000300C64781049FACB8038F00000000260329020931010400000000140400000000150400000000160400000000170200002A0200003001463101165A7E
2026-03-29 02:10:03 - msg_id_0200 ==> 7E02000042660000000002606900000000000C000300C64782049FACB8038F00000000260329021002010400000000140400000000150400000000160400000000170200002A020000300146310113417E
2026-03-29 02:10:34 - msg_id_0200 ==> 7E02000042660000000002607400000000000C000300C64782049FACB8038F00000000260329021033010400000000140400000000150400000000160400000000170200002A0200003001463101146A7E
2026-03-29 02:11:05 - msg_id_0200 ==> 7E02000042660000000002607F00000100000C000300C64785049FACB8038F00000000260329021104010400000000140400000000150400000000160400000000170200002A020000300146310114517E
2026-03-29 02:11:10 - msg_id_0200 ==> 7E02000042660000000002608200000000000C000300C64786049FACB8038F00000000260329021109010400000000140400000000150400000000160400000000170200002A020000300146310114A37E
2026-03-29 02:11:41 - msg_id_0200 ==> 7E02000042660000000002608D00000000000C000300C64789049FACB8039000000000260329021140010400000000140400000000150400000000160400000000170200002A020000300146310113F27E
2026-03-29 02:12:12 - msg_id_0200 ==> 7E02000042660000000002609800000000000C000300C6478B049FACC0039000000000260329021211010400000000140400000000150400000000160400000000170200002A020000300146310113CF7E
2026-03-29 02:12:43 - msg_id_0200 ==> 7E0200004266000000000260A300000000000C000300C64787049FACC0039000000000260329021242010400000000140400000000150400000000160400000000170200002A020000300146310115AD7E
2026-03-29 02:13:14 - msg_id_0200 ==> 7E0200004266000000000260AE00000000000C000300C64786049FACC0039000000000260329021313010400000000140400000000150400000000160400000000170200002A020000300146310116F27E
2026-03-29 02:13:45 - msg_id_0200 ==> 7E0200004266000000000260B900000000000C000300C64788049FACC0039000000000260329021344010400000000140400000000150400000000160400000000170200002A020000300146310114BE7E
2026-03-29 02:14:16 - msg_id_0200 ==> 7E0200004266000000000260C400000000000C000300C64789049FACC0039000000000260329021415010400000000140400000000150400000000160400000000170200002A020000300146310115957E
2026-03-29 02:14:47 - msg_id_0200 ==> 7E0200004266000000000260CF00000000000C000300C64786049FACC0039000000000260329021446010400000000140400000000150400000000160400000000170200002A020000300146310116C17E
2026-03-29 02:15:18 - msg_id_0200 ==> 7E0200004266000000000260DA00000000000C000300C64788049FACC0039000000000260329021517010400000000140400000000150400000000160400000000170200002A020000300146310114887E
2026-03-29 02:15:49 - msg_id_0200 ==> 7E0200004266000000000260E500000000000C000300C64788049FACC0039000000000260329021548010400000000140400000000150400000000160400000000170200002A020000300146310116EA7E
2026-03-29 02:16:20 - msg_id_0200 ==> 7E0200004266000000000260F000000000000C000300C64789049FACC0039000000000260329021619010400000000140400000000150400000000160400000000170200002A020000300146310114AE7E
2026-03-29 02:16:51 - msg_id_0200 ==> 7E0200004266000000000260FB00000000000C000300C6478B049FACB8039000000000260329021650010400000000140400000000150400000000160400000000170200002A020000300146310115977E
2026-03-29 02:17:22 - msg_id_0200 ==> 7E02000042660000000002610600000000000C000300C6478A049FACB8039000000000260329021721010400000000140400000000150400000000160400000000170200002A020000300146310116197E
2026-03-29 02:17:53 - msg_id_0200 ==> 7E02000042660000000002611100000000000C000300C64787049FACB8039000000000260329021752010400000000140400000000150400000000160400000000170200002A020000300146310115737E
2026-03-29 02:18:24 - msg_id_0200 ==> 7E02000042660000000002611C00000000000C000300C64787049FACB0039000000000260329021823010400000000140400000000150400000000160400000000170200002A020000300146310114097E
2026-03-29 02:18:55 - msg_id_0200 ==> 7E02000042660000000002612700000000000C000300C64787049FACB0039000000000260329021854010400000000140400000000150400000000160400000000170200002A020000300146310116477E
2026-03-29 02:19:26 - msg_id_0200 ==> 7E02000042660000000002613200000000000C000300C64786049FACB0038F00000000260329021925010400000000140400000000150400000000160400000000170200002A0200003001463101163C7E
2026-03-29 02:19:57 - msg_id_0200 ==> 7E02000042660000000002613D00000000000C000300C64785049FACB0038F00000000260329021956010400000000140400000000150400000000160400000000170200002A020000300146310116437E
2026-03-29 02:20:28 - msg_id_0200 ==> 7E02000042660000000002614800000000000C000300C64783049FACA8038F00000000260329022027010400000000140400000000150400000000160400000000170200002A020000300146310116607E
2026-03-29 02:20:59 - msg_id_0200 ==> 7E02000042660000000002615300000000000C000300C64785049FACA8038F00000000260329022058010400000000140400000000150400000000160400000000170200002A020000300146310115017E
2026-03-29 02:21:30 - msg_id_0200 ==> 7E02000042660000000002615E00000000000C000300C64784049FACA8038F00000000260329022129010400000000140400000000150400000000160400000000170200002A0200003001463101167D027E
2026-03-29 02:22:01 - msg_id_0200 ==> 7E02000042660000000002616900000000000C000300C64783049FACA8038F00000000260329022200010400000000140400000000150400000000160400000000170200002A020000300146310116647E
2026-03-29 02:22:32 - msg_id_0200 ==> 7E02000042660000000002617400000000000C000300C64782049FACA8038F00000000260329022231010400000000140400000000150400000000160400000000170200002A0200003001463101154A7E
2026-03-29 02:23:02 - msg_id_0200 ==> 7E02000042660000000002617F00000100000C000300C6477F049FACA8038F00000000260329022301010400000000140400000000150400000000160400000000170200002A0200003001463101168F7E
2026-03-29 02:23:07 - msg_id_0200 ==> 7E02000042660000000002618200000000000C000300C6477F049FACA8038F00000000260329022306010400000000140400000000150400000000160400000000170200002A020000300146310117757E
2026-03-29 02:23:38 - msg_id_0200 ==> 7E02000042660000000002618D00000000000C000300C64780049FACA0038F00000000260329022337010400000000140400000000150400000000160400000000170200002A020000300146310114BF7E
2026-03-29 02:24:09 - msg_id_0200 ==> 7E02000042660000000002619800000000000C000300C64781049FACA8038F00000000260329022408010400000000140400000000150400000000160400000000170200002A020000300146310117987E
2026-03-29 02:24:40 - msg_id_0200 ==> 7E0200004266000000000261A300000000000C000300C64784049FACA0038F00000000260329022439010400000000140400000000150400000000160400000000170200002A0200003001463101179F7E
2026-03-29 02:25:11 - msg_id_0200 ==> 7E0200004266000000000261AE00000000000C000300C64784049FACA0038F00000000260329022510010400000000140400000000150400000000160400000000170200002A020000300146310117BA7E
2026-03-29 02:25:42 - msg_id_0200 ==> 7E0200004266000000000261B900000000000C000300C64784049FACA0038F00000000260329022541010400000000140400000000150400000000160400000000170200002A020000300146310117FC7E
2026-03-29 02:26:13 - msg_id_0200 ==> 7E0200004266000000000261C400000000000C000300C64782049FACA0038F00000000260329022612010400000000140400000000150400000000160400000000170200002A020000300146310113D37E
2026-03-29 02:26:44 - msg_id_0200 ==> 7E0200004266000000000261CF00000000000C000300C64784049FACA0038F00000000260329022643010400000000140400000000150400000000160400000000170200002A0200003001463101168A7E
2026-03-29 02:27:15 - msg_id_0200 ==> 7E0200004266000000000261DA00000000000C000300C64786049FACA0038F00000000260329022714010400000000140400000000150400000000160400000000170200002A020000300146310115C87E
2026-03-29 02:27:46 - msg_id_0200 ==> 7E0200004266000000000261E500000000000C000300C64788049FACA0038F00000000260329022745010400000000140400000000150400000000160400000000170200002A020000300146310116AB7E
2026-03-29 02:28:17 - msg_id_0200 ==> 7E0200004266000000000261F000000000000C000300C6478A049FACA0038F00000000260329022816010400000000140400000000150400000000160400000000170200002A020000300146310115E37E
2026-03-29 02:28:48 - msg_id_0200 ==> 7E0200004266000000000261FB00000000000C000300C64788049FAC98038F00000000260329022847010400000000140400000000150400000000160400000000170200002A020000300146310116807E
2026-03-29 02:29:19 - msg_id_0200 ==> 7E02000042660000000002620600000000000C000300C64783049FAC98038F00000000260329022918010400000000140400000000150400000000160400000000170200002A0200003001463101172A7E
2026-03-29 02:29:50 - msg_id_0200 ==> 7E02000042660000000002621100000000000C000300C64779049FAC80038F00000000260329022949010400000000140400000000150400000000160400000000170200002A0200003001463101138A7E
2026-03-29 02:30:21 - msg_id_0200 ==> 7E02000042660000000002621C00000000000C000300C64780049FAC88038F00000000260329023020010400000000140400000000150400000000160400000000170200002A020000300146310116037E
2026-03-29 02:30:52 - msg_id_0200 ==> 7E02000042660000000002622700000000000C000300C64784049FAC90038F00000000260329023051010400000000140400000000150400000000160400000000170200002A020000300146310116557E
2026-03-29 02:31:23 - msg_id_0200 ==> 7E02000042660000000002623200000000000C000300C64786049FAC90038F00000000260329023122010400000000140400000000150400000000160400000000170200002A020000300146310113357E
2026-03-29 02:31:54 - msg_id_0200 ==> 7E02000042660000000002623D00000000000C000300C64787049FAC90038F00000000260329023153010400000000140400000000150400000000160400000000170200002A0200003001463101144D7E
2026-03-29 02:32:25 - msg_id_0200 ==> 7E02000042660000000002624800000000000C000300C64789049FAC90038F00000000260329023224010400000000140400000000150400000000160400000000170200002A020000300146310115437E
2026-03-29 02:32:56 - msg_id_0200 ==> 7E02000042660000000002625300000000000C000300C64789049FAC90038F00000000260329023255010400000000140400000000150400000000160400000000170200002A0200003001463101122E7E
2026-03-29 02:33:27 - msg_id_0200 ==> 7E02000042660000000002625E00000000000C000300C64786049FAC90038F00000000260329023326010400000000140400000000150400000000160400000000170200002A020000300146310114587E
2026-03-29 02:33:58 - msg_id_0200 ==> 7E02000042660000000002626900000000000C000300C64786049FAC90038F00000000260329023357010400000000140400000000150400000000160400000000170200002A0200003001463101151F7E
2026-03-29 02:34:29 - msg_id_0200 ==> 7E02000042660000000002627400000000000C000300C64783049FAC90038F00000000260329023428010400000000140400000000150400000000160400000000170200002A0200003001463101167C7E
2026-03-29 02:35:00 - msg_id_0200 ==> 7E02000042660000000002627F00000100000C000300C64784049FAC88038F00000000260329023459010400000000140400000000150400000000160400000000170200002A0200003001463101131D7E
2026-03-29 02:35:05 - msg_id_0200 ==> 7E02000042660000000002628200000000000C000300C64784049FAC88038F00000000260329023504010400000000140400000000150400000000160400000000170200002A020000300146310114BA7E
2026-03-29 02:35:36 - msg_id_0200 ==> 7E02000042660000000002628D00000000000C000300C64785049FAC88038F00000000260329023535010400000000140400000000150400000000160400000000170200002A020000300146310114857E
2026-03-29 02:36:07 - msg_id_0200 ==> 7E02000042660000000002629800000000000C000300C64786049FAC88038F00000000260329023606010400000000140400000000150400000000160400000000170200002A020000300146310115A27E
2026-03-29 02:36:38 - msg_id_0200 ==> 7E0200004266000000000262A300000000000C000300C64788049FAC88038F00000000260329023637010400000000140400000000150400000000160400000000170200002A020000300146310115A67E
2026-03-29 02:37:09 - msg_id_0200 ==> 7E0200004266000000000262AE00000000000C000300C64786049FAC88038F00000000260329023708010400000000140400000000150400000000160400000000170200002A020000300146310116987E
2026-03-29 02:37:40 - msg_id_0200 ==> 7E0200004266000000000262B900000000000C000300C64786049FAC88038F00000000260329023739010400000000140400000000150400000000160400000000170200002A020000300146310115BD7E
2026-03-29 02:38:11 - msg_id_0200 ==> 7E0200004266000000000262C400000000000C000300C64784049FAC88038F00000000260329023810010400000000140400000000150400000000160400000000170200002A020000300146310114E57E
2026-03-29 02:38:42 - msg_id_0200 ==> 7E0200004266000000000262CF00000000000C000300C64785049FAC88038F00000000260329023841010400000000140400000000150400000000160400000000170200002A020000300146310116BC7E
2026-03-29 02:39:13 - msg_id_0200 ==> 7E0200004266000000000262DA00000000000C000300C64785049FAC90038F00000000260329023912010400000000140400000000150400000000160400000000170200002A020000300146310117E27E
2026-03-29 02:39:44 - msg_id_0200 ==> 7E0200004266000000000262E500000000000C000300C64787049FAC90038F00000000260329023943010400000000140400000000150400000000160400000000170200002A0200003001463101178E7E
2026-03-29 02:40:15 - msg_id_0200 ==> 7E0200004266000000000262F000000000000C000300C64787049FAC90038F00000000260329024014010400000000140400000000150400000000160400000000170200002A020000300146310115B77E
2026-03-29 02:40:46 - msg_id_0200 ==> 7E0200004266000000000262FB00000000000C000300C64786049FAC98038F00000000260329024045010400000000140400000000150400000000160400000000170200002A020000300146310114E57E
2026-03-29 02:41:17 - msg_id_0200 ==> 7E02000042660000000002630600000000000C000300C64785049FAC98038F00000000260329024116010400000000140400000000150400000000160400000000170200002A020000300146310115497E
2026-03-29 02:41:48 - msg_id_0200 ==> 7E02000042660000000002631100000000000C000300C64784049FAC98038F00000000260329024147010400000000140400000000150400000000160400000000170200002A0200003001463101150E7E
2026-03-29 02:42:19 - msg_id_0200 ==> 7E02000042660000000002631C00000000000C000300C64782049FACA0038F00000000260329024218010400000000140400000000150400000000160400000000170200002A020000300146310115617E
2026-03-29 02:42:50 - msg_id_0200 ==> 7E02000042660000000002632700000000000C000300C64781049FACA0038F00000000260329024249010400000000140400000000150400000000160400000000170200002A020000300146310115087E
2026-03-29 02:43:21 - msg_id_0200 ==> 7E02000042660000000002633200000000000C000300C6477F049FACA0038F00000000260329024320010400000000140400000000150400000000160400000000170200002A0200003001463101148A7E
2026-03-29 02:43:51 - msg_id_0200 ==> 7E02000042660000000002633D00000000000C000300C6477D02049FACA0038F00000000260329024351010400000000140400000000150400000000160400000000170200002A020000300146310115F47E
2026-03-29 02:44:23 - msg_id_0200 ==> 7E02000042660000000002634800000000000C000300C6477C049FACA0038F00000000260329024422010400000000140400000000150400000000160400000000170200002A020000300146310115F77E
2026-03-29 02:44:54 - msg_id_0200 ==> 7E02000042660000000002635300000000000C000300C6477B049FACA8038F00000000260329024453010400000000140400000000150400000000160400000000170200002A020000300146310115927E
2026-03-29 02:45:25 - msg_id_0200 ==> 7E02000042660000000002635E00000000000C000300C6477A049FACA8038F00000000260329024524010400000000140400000000150400000000160400000000170200002A020000300146310115E87E
2026-03-29 02:45:56 - msg_id_0200 ==> 7E02000042660000000002636900000000000C000300C64779049FACA8038F00000000260329024555010400000000140400000000150400000000160400000000170200002A020000300146310115AD7E
2026-03-29 02:46:27 - msg_id_0200 ==> 7E02000042660000000002637400000000000C000300C64777049FACA8039000000000260329024626010400000000140400000000150400000000160400000000170200002A020000300146310115D17E
2026-03-29 02:46:58 - msg_id_0200 ==> 7E02000042660000000002637F00000100000C000300C64779049FACA8039000000000260329024657010400000000140400000000150400000000160400000000170200002A020000300146310115A47E
2026-03-29 02:47:02 - msg_id_0200 ==> 7E02000042660000000002638200000000000C000300C64779049FACA8039000000000260329024701010400000000140400000000150400000000160400000000170200002A0200003001463101140E7E
2026-03-29 02:47:33 - msg_id_0200 ==> 7E02000042660000000002638D00000000000C000300C6477A049FACB0039000000000260329024732010400000000140400000000150400000000160400000000170200002A020000300146310115287E
2026-03-29 02:48:04 - msg_id_0200 ==> 7E02000042660000000002639800000000000C000300C6477A049FACB0039000000000260329024803010400000000140400000000150400000000160400000000170200002A020000300146310114027E
2026-03-29 02:48:35 - msg_id_0200 ==> 7E0200004266000000000263A300000000000C000300C6477D01049FACB0039000000000260329024834010400000000140400000000150400000000160400000000170200002A020000300146310114097E
2026-03-29 02:49:06 - msg_id_0200 ==> 7E0200004266000000000263AE00000000000C000300C6477D02049FACB0039000000000260329024905010400000000140400000000150400000000160400000000170200002A020000300146310115367E
2026-03-29 02:49:37 - msg_id_0200 ==> 7E0200004266000000000263B900000000000C000300C6477F049FACA8039000000000260329024936010400000000140400000000150400000000160400000000170200002A0200003001463101130D7E
2026-03-29 02:50:08 - msg_id_0200 ==> 7E0200004266000000000263C400000000000C000300C6477D02049FACA8039000000000260329025007010400000000140400000000150400000000160400000000170200002A020000300146310113597E
2026-03-29 02:50:39 - msg_id_0200 ==> 7E0200004266000000000263CF00000000000C000300C6477F049FACB0039000000000260329025038010400000000140400000000150400000000160400000000170200002A020000300146310114737E
2026-03-29 02:51:10 - msg_id_0200 ==> 7E0200004266000000000263DA00000000000C000300C6477D02049FACB0039000000000260329025109010400000000140400000000150400000000160400000000170200002A020000300146310115567E
2026-03-29 02:51:41 - msg_id_0200 ==> 7E0200004266000000000263E500000000000C000300C6477D01049FACA8039000000000260329025140010400000000140400000000150400000000160400000000170200002A0200003001463101133D7E
2026-03-29 02:52:12 - msg_id_0200 ==> 7E0200004266000000000263F000000000000C000300C6477C049FACA8039000000000260329025211010400000000140400000000150400000000160400000000170200002A0200003001463101167D027E
2026-03-29 02:52:43 - msg_id_0200 ==> 7E0200004266000000000263FB00000000000C000300C6477B049FACA8039000000000260329025242010400000000140400000000150400000000160400000000170200002A020000300146310114237E
2026-03-29 02:53:14 - msg_id_0200 ==> 7E02000042660000000002640600000000000C000300C6477B049FACA8039000000000260329025313010400000000140400000000150400000000160400000000170200002A020000300146310114897E
2026-03-29 02:53:45 - msg_id_0200 ==> 7E02000042660000000002641100000000000C000300C6477C049FACA8039000000000260329025344010400000000140400000000150400000000160400000000170200002A020000300146310113C97E
2026-03-29 02:54:16 - msg_id_0200 ==> 7E02000042660000000002641C00000000000C000300C6477D01049FACA8039000000000260329025415010400000000140400000000150400000000160400000000170200002A020000300146310113937E
2026-03-29 02:54:47 - msg_id_0200 ==> 7E02000042660000000002642700000000000C000300C6477D01049FACA8039000000000260329025446010400000000140400000000150400000000160400000000170200002A020000300146310114FC7E
2026-03-29 02:55:18 - msg_id_0200 ==> 7E02000042660000000002643200000000000C000300C6477D02049FACA8039000000000260329025517010400000000140400000000150400000000160400000000170200002A020000300146310115BB7E
2026-03-29 02:55:49 - msg_id_0200 ==> 7E02000042660000000002643D00000000000C000300C64780049FACA8038F00000000260329025548010400000000140400000000150400000000160400000000170200002A0200003001463101140B7E
2026-03-29 02:56:20 - msg_id_0200 ==> 7E02000042660000000002644800000000000C000300C64785049FACA8038F00000000260329025619010400000000140400000000150400000000160400000000170200002A020000300146310115287E
2026-03-29 02:56:51 - msg_id_0200 ==> 7E02000042660000000002645300000000000C000300C64783049FACA0038F00000000260329025650010400000000140400000000150400000000160400000000170200002A020000300146310114757E
2026-03-29 02:57:22 - msg_id_0200 ==> 7E02000042660000000002645E00000000000C000300C64785049FACA0038F00000000260329025721010400000000140400000000150400000000160400000000170200002A0200003001463101140E7E
2026-03-29 02:57:53 - msg_id_0200 ==> 7E02000042660000000002646900000000000C000300C64784049FACA0038F00000000260329025752010400000000140400000000150400000000160400000000170200002A0200003001463101134C7E
2026-03-29 02:58:24 - msg_id_0200 ==> 7E02000042660000000002647400000000000C000300C64784049FACA0038F00000000260329025823010400000000140400000000150400000000160400000000170200002A0200003001463101132F7E
2026-03-29 02:58:55 - msg_id_0200 ==> 7E02000042660000000002647F00000100000C000300C64784049FACA0038F00000000260329025854010400000000140400000000150400000000160400000000170200002A020000300146310116577E
2026-03-29 02:59:00 - msg_id_0200 ==> 7E02000042660000000002648200000000000C000300C64784049FACA0038F00000000260329025859010400000000140400000000150400000000160400000000170200002A020000300146310116A67E
2026-03-29 02:59:31 - msg_id_0200 ==> 7E02000042660000000002648D00000000000C000300C64784049FAC98038F00000000260329025930010400000000140400000000150400000000160400000000170200002A020000300146310116F97E
2026-03-29 03:00:02 - msg_id_0200 ==> 7E02000042660000000002649800000000000C000300C64783049FAC98038F00000000260329030001010400000000140400000000150400000000160400000000170200002A020000300146310116827E
2026-03-29 03:00:33 - msg_id_0200 ==> 7E0200004266000000000264A300000000000C000300C64782049FACA0038F00000000260329030032010400000000140400000000150400000000160400000000170200002A020000300146310116B37E
2026-03-29 03:01:04 - msg_id_0200 ==> 7E0200004266000000000264AE00000000000C000300C6477F049FAC98038F00000000260329030103010400000000140400000000150400000000160400000000170200002A020000300146310115487E
2026-03-29 03:01:35 - msg_id_0200 ==> 7E0200004266000000000264B900000000000C000300C6477D01049FAC98038F00000000260329030134010400000000140400000000150400000000160400000000170200002A020000300146310117687E
2026-03-29 03:02:06 - msg_id_0200 ==> 7E0200004266000000000264C400000000000C000300C6477D01049FAC98038F00000000260329030205010400000000140400000000150400000000160400000000170200002A020000300146310117277E
2026-03-29 03:02:37 - msg_id_0200 ==> 7E0200004266000000000264CF00000000000C000300C6477D02049FAC98038F00000000260329030236010400000000140400000000150400000000160400000000170200002A0200003001463101161D7E
2026-03-29 03:03:08 - msg_id_0200 ==> 7E0200004266000000000264DA00000000000C000300C6477C049FAC98038F00000000260329030307010400000000140400000000150400000000160400000000170200002A0200003001463101173B7E
2026-03-29 03:03:39 - msg_id_0200 ==> 7E0200004266000000000264E500000000000C000300C6477A049FAC98038F00000000260329030338010400000000140400000000150400000000160400000000170200002A0200003001463101173D7E
2026-03-29 03:04:10 - msg_id_0200 ==> 7E0200004266000000000264F000000000000C000300C64777049FAC98038F00000000260329030409010400000000140400000000150400000000160400000000170200002A020000300146310114107E
2026-03-29 03:04:41 - msg_id_0200 ==> 7E0200004266000000000264FB00000000000C000300C64773049FAC98038F00000000260329030440010400000000140400000000150400000000160400000000170200002A020000300146310116547E
2026-03-29 03:05:12 - msg_id_0200 ==> 7E02000042660000000002650600000000000C000300C64772049FAC90038F00000000260329030511010400000000140400000000150400000000160400000000170200002A020000300146310116F17E
2026-03-29 03:05:43 - msg_id_0200 ==> 7E02000042660000000002651100000000000C000300C64774049FAC90038F00000000260329030542010400000000140400000000150400000000160400000000170200002A020000300146310116B37E
2026-03-29 03:06:14 - msg_id_0200 ==> 7E02000042660000000002651C00000000000C000300C64775049FAC90038F00000000260329030613010400000000140400000000150400000000160400000000170200002A020000300146310116ED7E
2026-03-29 03:06:45 - msg_id_0200 ==> 7E02000042660000000002652700000000000C000300C64775049FAC90038F00000000260329030644010400000000140400000000150400000000160400000000170200002A020000300146310113847E
2026-03-29 03:07:16 - msg_id_0200 ==> 7E02000042660000000002653200000000000C000300C64776049FAC90039000000000260329030715010400000000140400000000150400000000160400000000170200002A020000300146310114DA7E
2026-03-29 03:07:47 - msg_id_0200 ==> 7E02000042660000000002653D00000000000C000300C64778049FAC90039000000000260329030746010400000000140400000000150400000000160400000000170200002A0200003001463101168A7E
2026-03-29 03:08:18 - msg_id_0200 ==> 7E02000042660000000002654800000000000C000300C6477B049FAC90039000000000260329030817010400000000140400000000150400000000160400000000170200002A020000300146310113A77E
2026-03-29 03:08:49 - msg_id_0200 ==> 7E02000042660000000002655300000000000C000300C6477D01049FAC90039000000000260329030848010400000000140400000000150400000000160400000000170200002A020000300146310116E07E
2026-03-29 03:09:20 - msg_id_0200 ==> 7E02000042660000000002655E00000000000C000300C6477D01049FAC90039000000000260329030919010400000000140400000000150400000000160400000000170200002A020000300146310113B87E
2026-03-29 03:09:51 - msg_id_0200 ==> 7E02000042660000000002656900000000000C000300C6477C049FAC88039000000000260329030950010400000000140400000000150400000000160400000000170200002A020000300146310115D97E
2026-03-29 03:10:22 - msg_id_0200 ==> 7E02000042660000000002657400000000000C000300C6477F049FAC88039000000000260329031021010400000000140400000000150400000000160400000000170200002A020000300146310115AF7E
2026-03-29 03:10:53 - msg_id_0200 ==> 7E02000042660000000002657F00000100000C000300C6477F049FAC88039000000000260329031052010400000000140400000000150400000000160400000000170200002A020000300146310114D77E
2026-03-29 03:10:58 - msg_id_0200 ==> 7E02000042660000000002658200000000000C000300C64780049FAC88039000000000260329031057010400000000140400000000150400000000160400000000170200002A020000300146310114D17E
2026-03-29 03:11:29 - msg_id_0200 ==> 7E02000042660000000002658D00000000000C000300C64788049FAC78039100000000260329031128010400000000140400000000150400000000160400000000170200002A020000300146310114597E
2026-03-29 03:12:00 - msg_id_0200 ==> 7E02000042660000000002659800000000000C000300C64781049FAC80039100000000260329031159010400000000140400000000150400000000160400000000170200002A020000300146310112CA7E
2026-03-29 03:12:31 - msg_id_0200 ==> 7E0200004266000000000265A300000000000C000300C64781049FAC88039100000000260329031230010400000000140400000000150400000000160400000000170200002A020000300146310113927E
2026-03-29 03:13:02 - msg_id_0200 ==> 7E0200004266000000000265AE00000000000C000300C64786049FAC88039100000000260329031301010400000000140400000000150400000000160400000000170200002A020000300146310115AE7E
2026-03-29 03:13:33 - msg_id_0200 ==> 7E0200004266000000000265B900000000000C000300C64784049FAC88039100000000260329031332010400000000140400000000150400000000160400000000170200002A020000300146310115887E
2026-03-29 03:14:04 - msg_id_0200 ==> 7E0200004266000000000265C400000000000C000300C64781049FAC80039200000000260329031403010400000000140400000000150400000000160400000000170200002A020000300146310114CC7E
2026-03-29 03:14:35 - msg_id_0200 ==> 7E0200004266000000000265CF00000000000C000300C64781049FAC80039200000000260329031434010400000000140400000000150400000000160400000000170200002A020000300146310115F17E
2026-03-29 03:15:06 - msg_id_0200 ==> 7E0200004266000000000265DA00000000000C000300C64781049FAC78039200000000260329031505010400000000140400000000150400000000160400000000170200002A0200003001463101152C7E
2026-03-29 03:15:37 - msg_id_0200 ==> 7E0200004266000000000265E500000000000C000300C6477F049FAC78039200000000260329031536010400000000140400000000150400000000160400000000170200002A020000300146310113D87E
2026-03-29 03:16:08 - msg_id_0200 ==> 7E0200004266000000000265F000000000000C000300C64780049FAC78039200000000260329031607010400000000140400000000150400000000160400000000170200002A020000300146310113007E
2026-03-29 03:16:39 - msg_id_0200 ==> 7E0200004266000000000265FB00000000000C000300C6477F049FAC78039200000000260329031638010400000000140400000000150400000000160400000000170200002A020000300146310113CB7E
2026-03-29 03:17:10 - msg_id_0200 ==> 7E02000042660000000002660600000000000C000300C6477D01049FAC78039200000000260329031709010400000000140400000000150400000000160400000000170200002A020000300146310114007E
2026-03-29 03:17:41 - msg_id_0200 ==> 7E02000042660000000002661100000000000C000300C6477A049FAC78039100000000260329031740010400000000140400000000150400000000160400000000170200002A0200003001463101155B7E
2026-03-29 03:18:12 - msg_id_0200 ==> 7E02000042660000000002661C00000000000C000300C6477A049FAC78039100000000260329031811010400000000140400000000150400000000160400000000170200002A020000300146310114097E
2026-03-29 03:18:43 - msg_id_0200 ==> 7E02000042660000000002662700000000000C000300C64777049FAC70039100000000260329031842010400000000140400000000150400000000160400000000170200002A020000300146310116667E
2026-03-29 03:19:14 - msg_id_0200 ==> 7E02000042660000000002663200000000000C000300C64775049FAC70039100000000260329031913010400000000140400000000150400000000160400000000170200002A020000300146310114237E
2026-03-29 03:19:45 - msg_id_0200 ==> 7E02000042660000000002663D00000000000C000300C64775049FAC70039100000000260329031944010400000000140400000000150400000000160400000000170200002A0200003001463101137C7E
2026-03-29 03:20:16 - msg_id_0200 ==> 7E02000042660000000002664800000000000C000300C64775049FAC70039000000000260329032015010400000000140400000000150400000000160400000000170200002A020000300146310115667E
2026-03-29 03:20:47 - msg_id_0200 ==> 7E02000042660000000002665300000000000C000300C64774049FAC70039000000000260329032046010400000000140400000000150400000000160400000000170200002A0200003001463101152F7E
2026-03-29 03:21:18 - msg_id_0200 ==> 7E02000042660000000002665E00000000000C000300C64773049FAC70039000000000260329032117010400000000140400000000150400000000160400000000170200002A020000300146310116767E
2026-03-29 03:21:49 - msg_id_0200 ==> 7E02000042660000000002666900000000000C000300C64773049FAC70039000000000260329032148010400000000140400000000150400000000160400000000170200002A0200003001463101141C7E
2026-03-29 03:22:20 - msg_id_0200 ==> 7E02000042660000000002667400000000000C000300C64771049FAC70039000000000260329032219010400000000140400000000150400000000160400000000170200002A020000300146310115507E
2026-03-29 03:22:50 - msg_id_0200 ==> 7E02000042660000000002667F00000100000C000300C6476F049FAC78038F00000000260329032249010400000000140400000000150400000000160400000000170200002A020000300146310115037E
2026-03-29 03:22:55 - msg_id_0200 ==> 7E02000042660000000002668200000000000C000300C6476E049FAC78038F00000000260329032254010400000000140400000000150400000000160400000000170200002A020000300146310115E37E
2026-03-29 03:23:26 - msg_id_0200 ==> 7E02000042660000000002668D00000000000C000300C64772049FAC70038F00000000260329032325010400000000140400000000150400000000160400000000170200002A0200003001463101168B7E
2026-03-29 03:23:57 - msg_id_0200 ==> 7E02000042660000000002669800000000000C000300C64770049FAC78038F00000000260329032356010400000000140400000000150400000000160400000000170200002A020000300146310116E77E
2026-03-29 03:24:28 - msg_id_0200 ==> 7E0200004266000000000266A300000000000C000300C64770049FAC78038F00000000260329032427010400000000140400000000150400000000160400000000170200002A020000300146310115A97E
2026-03-29 03:24:59 - msg_id_0200 ==> 7E0200004266000000000266AE00000000000C000300C64770049FAC70038F00000000260329032458010400000000140400000000150400000000160400000000170200002A020000300146310114D27E
2026-03-29 03:25:30 - msg_id_0200 ==> 7E0200004266000000000266B900000000000C000300C64771049FAC70038F00000000260329032529010400000000140400000000150400000000160400000000170200002A020000300146310114B47E
2026-03-29 03:26:01 - msg_id_0200 ==> 7E0200004266000000000266C400000000000C000300C64770049FAC70038F00000000260329032600010400000000140400000000150400000000160400000000170200002A020000300146310115E37E
2026-03-29 03:26:32 - msg_id_0200 ==> 7E0200004266000000000266CF00000000000C000300C6476F049FAC70038F00000000260329032631010400000000140400000000150400000000160400000000170200002A020000300146310116C57E
2026-03-29 03:27:03 - msg_id_0200 ==> 7E0200004266000000000266DA00000000000C000300C6476D049FAC70038F00000000260329032702010400000000140400000000150400000000160400000000170200002A020000300146310114E27E
2026-03-29 03:27:34 - msg_id_0200 ==> 7E0200004266000000000266E500000000000C000300C6476E049FAC70038F00000000260329032733010400000000140400000000150400000000160400000000170200002A020000300146310115EE7E
2026-03-29 03:28:05 - msg_id_0200 ==> 7E0200004266000000000266F000000000000C000300C6476A049FAC70038E00000000260329032804010400000000140400000000150400000000160400000000170200002A020000300146310116C57E
2026-03-29 03:28:36 - msg_id_0200 ==> 7E0200004266000000000266FB00000000000C000300C64767049FAC68038E00000000260329032835010400000000140400000000150400000000160400000000170200002A020000300146310116EA7E
2026-03-29 03:29:07 - msg_id_0200 ==> 7E02000042660000000002670600000000000C000300C64763049FAC68038E00000000260329032906010400000000140400000000150400000000160400000000170200002A020000300146310115237E
2026-03-29 03:29:38 - msg_id_0200 ==> 7E02000042660000000002671100000000000C000300C64762049FAC68038E00000000260329032937010400000000140400000000150400000000160400000000170200002A020000300146310115047E
2026-03-29 03:30:09 - msg_id_0200 ==> 7E02000042660000000002671C00000000000C000300C64762049FAC68038E00000000260329033008010400000000140400000000150400000000160400000000170200002A0200003001463101142E7E
2026-03-29 03:30:40 - msg_id_0200 ==> 7E02000042660000000002672700000000000C000300C64760049FAC68038E00000000260329033039010400000000140400000000150400000000160400000000170200002A020000300146310115277E
2026-03-29 03:31:11 - msg_id_0200 ==> 7E02000042660000000002673200000000000C000300C6475E049FAC70038E00000000260329033110010400000000140400000000150400000000160400000000170200002A0200003001463101133A7E
2026-03-29 03:31:42 - msg_id_0200 ==> 7E02000042660000000002673D00000000000C000300C64761049FAC78038E00000000260329033141010400000000140400000000150400000000160400000000170200002A020000300146310114547E
2026-03-29 03:32:13 - msg_id_0200 ==> 7E02000042660000000002674800000000000C000300C6476B049FAC78038E00000000260329033212010400000000140400000000150400000000160400000000170200002A0200003001463101147B7E
2026-03-29 03:32:44 - msg_id_0200 ==> 7E02000042660000000002675300000000000C000300C64768049FAC80038E00000000260329033243010400000000140400000000150400000000160400000000170200002A020000300146310113CD7E
2026-03-29 03:33:15 - msg_id_0200 ==> 7E02000042660000000002675E00000000000C000300C64768049FAC78038F00000000260329033314010400000000140400000000150400000000160400000000170200002A0200003001463101136F7E
2026-03-29 03:33:46 - msg_id_0200 ==> 7E02000042660000000002676900000000000C000300C64766049FAC80038F00000000260329033345010400000000140400000000150400000000160400000000170200002A020000300146310115F97E
2026-03-29 03:34:17 - msg_id_0200 ==> 7E02000042660000000002677400000000000C000300C64764049FAC80038F00000000260329033416010400000000140400000000150400000000160400000000170200002A020000300146310113B47E
2026-03-29 03:34:48 - msg_id_0200 ==> 7E02000042660000000002677F00000100000C000300C64761049FAC78038F00000000260329033447010400000000140400000000150400000000160400000000170200002A020000300146310116177E
2026-03-29 03:34:53 - msg_id_0200 ==> 7E02000042660000000002678200000000000C000300C64761049FAC78038F00000000260329033452010400000000140400000000150400000000160400000000170200002A020000300146310116FE7E
2026-03-29 03:35:24 - msg_id_0200 ==> 7E02000042660000000002678D00000000000C000300C6475F049FAC78038F00000000260329033523010400000000140400000000150400000000160400000000170200002A020000300146310117BE7E
2026-03-29 03:35:55 - msg_id_0200 ==> 7E02000042660000000002679800000000000C000300C6475D049FAC70038F00000000260329033554010400000000140400000000150400000000160400000000170200002A020000300146310115D47E
2026-03-29 03:36:26 - msg_id_0200 ==> 7E0200004266000000000267A300000000000C000300C6475B049FAC70038F00000000260329033625010400000000140400000000150400000000160400000000170200002A020000300146310116987E
2026-03-29 03:36:57 - msg_id_0200 ==> 7E0200004266000000000267AE00000000000C000300C6475A049FAC70038F00000000260329033656010400000000140400000000150400000000160400000000170200002A020000300146310114E57E
2026-03-29 03:37:28 - msg_id_0200 ==> 7E0200004266000000000267B900000000000C000300C6475B049FAC70038F00000000260329033727010400000000140400000000150400000000160400000000170200002A020000300146310113847E
2026-03-29 03:37:59 - msg_id_0200 ==> 7E0200004266000000000267C400000000000C000300C6475C049FAC70038F00000000260329033758010400000000140400000000150400000000160400000000170200002A020000300146310113817E
2026-03-29 03:38:29 - msg_id_0200 ==> 7E0200004266000000000267CF00000000000C000300C6475E049FAC70038F00000000260329033829010400000000140400000000150400000000160400000000170200002A020000300146310114F17E
2026-03-29 03:39:01 - msg_id_0200 ==> 7E0200004266000000000267DA00000000000C000300C6475B049FAC70038F00000000260329033900010400000000140400000000150400000000160400000000170200002A020000300146310112CF7E
2026-03-29 03:39:32 - msg_id_0200 ==> 7E0200004266000000000267E500000000000C000300C6475A049FAC70038F00000000260329033931010400000000140400000000150400000000160400000000170200002A020000300146310114C67E
2026-03-29 03:40:03 - msg_id_0200 ==> 7E0200004266000000000267F000000000000C000300C64757049FAC70038E00000000260329034002010400000000140400000000150400000000160400000000170200002A020000300146310112937E
2026-03-29 03:40:34 - msg_id_0200 ==> 7E0200004266000000000267FB00000000000C000300C64751049FAC58038E00000000260329034033010400000000140400000000150400000000160400000000170200002A020000300146310113867E
2026-03-29 03:41:05 - msg_id_0200 ==> 7E02000042660000000002680600000000000C000300C6474F049FAC58038D00000000260329034104010400000000140400000000150400000000160400000000170200002A0200003001463101125E7E
2026-03-29 03:41:36 - msg_id_0200 ==> 7E02000042660000000002681100000000000C000300C64743049FAC48038D00000000260329034135010400000000140400000000150400000000160400000000170200002A02000030014631010F797E
2026-03-29 03:42:07 - msg_id_0200 ==> 7E02000042660000000002681C00000000000C000300C64745049FAC40038D00000000260329034206010400000000140400000000150400000000160400000000170200002A020000300146310111547E
2026-03-29 03:42:38 - msg_id_0200 ==> 7E02000042660000000002682700000000000C000300C6474A049FAC40038D00000000260329034237010400000000140400000000150400000000160400000000170200002A020000300146310110507E
2026-03-29 03:43:09 - msg_id_0200 ==> 7E02000042660000000002683200000000000C000300C6474C049FAC40038D00000000260329034308010400000000140400000000150400000000160400000000170200002A02000030014631010F627E
2026-03-29 03:43:40 - msg_id_0200 ==> 7E02000042660000000002683D00000000000C000300C64748049FAC40038D00070000260329034339010400000000140400000000150400000000160400000000170200002A02000030014631010F5F7E
2026-03-29 03:44:11 - msg_id_0200 ==> 7E02000042660000000002684800000000000C000300C64746049FAC30038D00000000260329034410010400000000140400000000150400000000160400000000170200002A020000300146310110627E
2026-03-29 03:44:42 - msg_id_0200 ==> 7E02000042660000000002685300000000000C000300C6474F049FAC38038D00000000260329034441010400000000140400000000150400000000160400000000170200002A020000300146310111287E
2026-03-29 03:45:13 - msg_id_0200 ==> 7E02000042660000000002685E00000000000C000300C64751049FAC30038D00000000260329034512010400000000140400000000150400000000160400000000170200002A020000300146310114647E
2026-03-29 03:45:44 - msg_id_0200 ==> 7E02000042660000000002686900000000000C000300C64751049FAC20038C00000000260329034543010400000000140400000000150400000000160400000000170200002A020000300146310114137E
2026-03-29 03:46:15 - msg_id_0200 ==> 7E02000042660000000002687400000000000C000300C64747049FAC20038C00000000260329034614010400000000140400000000150400000000160400000000170200002A0200003001463101134B7E
2026-03-29 03:46:45 - msg_id_0200 ==> 7E02000042660000000002687F00000100000C000300C64746049FAC28038B00000000260329034644010400000000140400000000150400000000160400000000170200002A020000300146310114187E
2026-03-29 03:46:50 - msg_id_0200 ==> 7E02000042660000000002688200000000000C000300C64746049FAC28038B00000000260329034649010400000000140400000000150400000000160400000000170200002A020000300146310113EE7E
2026-03-29 03:47:21 - msg_id_0200 ==> 7E02000042660000000002688D00000000000C000300C64746049FAC28038B00000000260329034720010400000000140400000000150400000000160400000000170200002A020000300146310113897E
2026-03-29 03:47:52 - msg_id_0200 ==> 7E02000042660000000002689800000000000C000300C64750049FAC30038B00000000260329034751010400000000140400000000150400000000160400000000170200002A020000300146310113E37E
2026-03-29 03:48:23 - msg_id_0200 ==> 7E0200004266000000000268A300000000000C000300C64752049FAC30038A00000000260329034822010400000000140400000000150400000000160400000000170200002A020000300146310111A57E
2026-03-29 03:48:54 - msg_id_0200 ==> 7E0200004266000000000268AE00000000000C000300C64754049FAC38038A00000000260329034853010400000000140400000000150400000000160400000000170200002A020000300146310112D47E
2026-03-29 03:49:25 - msg_id_0200 ==> 7E0200004266000000000268B900000000000C000300C64756049FAC40038A00000000260329034924010400000000140400000000150400000000160400000000170200002A020000300146310111CC7E
2026-03-29 03:49:56 - msg_id_0200 ==> 7E0200004266000000000268C400000000000C000300C64756049FAC40038900000000260329034955010400000000140400000000150400000000160400000000170200002A020000300146310110C27E
2026-03-29 03:50:27 - msg_id_0200 ==> 7E0200004266000000000268CF00000000000C000300C64757049FAC40038900000000260329035026010400000000140400000000150400000000160400000000170200002A020000300146310112A07E
2026-03-29 03:50:58 - msg_id_0200 ==> 7E0200004266000000000268DA00000000000C000300C64759049FAC40038900000000260329035057010400000000140400000000150400000000160400000000170200002A020000300146310112CA7E
2026-03-29 03:51:29 - msg_id_0200 ==> 7E0200004266000000000268E500000000000C000300C64759049FAC48038900000000260329035128010400000000140400000000150400000000160400000000170200002A020000300146310110817E
2026-03-29 03:52:00 - msg_id_0200 ==> 7E0200004266000000000268F000000000000C000300C6475A049FAC48038900000000260329035159010400000000140400000000150400000000160400000000170200002A020000300146310112E47E
2026-03-29 03:52:31 - msg_id_0200 ==> 7E0200004266000000000268FB00000000000C000300C6475F049FAC48038900000000260329035230010400000000140400000000150400000000160400000000170200002A020000300146310112807E
2026-03-29 03:53:02 - msg_id_0200 ==> 7E02000042660000000002690600000000000C000300C64764049FAC48038900000000260329035301010400000000140400000000150400000000160400000000170200002A020000300146310113767E
2026-03-29 03:53:33 - msg_id_0200 ==> 7E02000042660000000002691100000000000C000300C64764049FAC50038800000000260329035332010400000000140400000000150400000000160400000000170200002A0200003001463101134B7E
2026-03-29 03:54:04 - msg_id_0200 ==> 7E02000042660000000002691C00000000000C000300C64764049FAC50038900000000260329035403010400000000140400000000150400000000160400000000170200002A020000300146310114767E
2026-03-29 03:54:35 - msg_id_0200 ==> 7E02000042660000000002692700000000000C000300C64760049FAC50038900000000260329035434010400000000140400000000150400000000160400000000170200002A0200003001463101147D027E
2026-03-29 03:55:06 - msg_id_0200 ==> 7E02000042660000000002693200000000000C000300C6475F049FAC50038900000000260329035505010400000000140400000000150400000000160400000000170200002A020000300146310113637E
2026-03-29 03:55:37 - msg_id_0200 ==> 7E02000042660000000002693D00000000000C000300C64760049FAC50038900000000260329035536010400000000140400000000150400000000160400000000170200002A020000300146310113607E
2026-03-29 03:56:08 - msg_id_0200 ==> 7E02000042660000000002694800000000000C000300C6475E049FAC50038900000000260329035607010400000000140400000000150400000000160400000000170200002A0200003001463101141E7E
2026-03-29 03:56:39 - msg_id_0200 ==> 7E02000042660000000002695300000000000C000300C6475C049FAC50038800000000260329035638010400000000140400000000150400000000160400000000170200002A020000300146310115387E
2026-03-29 03:57:10 - msg_id_0200 ==> 7E02000042660000000002695E00000000000C000300C64759049FAC58038800030000260329035709010400000000140400000000150400000000160400000000170200002A0200003001463101140A7E
2026-03-29 03:57:41 - msg_id_0200 ==> 7E02000042660000000002696900000000000C000300C64759049FAC50038800000000260329035740010400000000140400000000150400000000160400000000170200002A0200003001463101157D027E
2026-03-29 03:58:12 - msg_id_0200 ==> 7E02000042660000000002697400000000000C000300C6475E049FAC58038800000000260329035811010400000000140400000000150400000000160400000000170200002A020000300146310115327E
2026-03-29 03:58:43 - msg_id_0200 ==> 7E02000042660000000002697F00000100000C000300C6475F049FAC58038800000000260329035842010400000000140400000000150400000000160400000000170200002A0200003001463101156A7E
2026-03-29 03:58:48 - msg_id_0200 ==> 7E02000042660000000002698200000000000C000300C6475F049FAC58038800000000260329035847010400000000140400000000150400000000160400000000170200002A020000300146310115937E
2026-03-29 03:59:19 - msg_id_0200 ==> 7E02000042660000000002698D00000000000C000300C64761049FAC58038800000000260329035918010400000000140400000000150400000000160400000000170200002A020000300146310116FF7E
2026-03-29 03:59:50 - msg_id_0200 ==> 7E02000042660000000002699800000000000C000300C64761049FAC60038800000000260329035949010400000000140400000000150400000000160400000000170200002A020000300146310113867E
2026-03-29 04:00:21 - msg_id_0200 ==> 7E0200004266000000000269A300000000000C000300C64762049FAC60038800000000260329040020010400000000140400000000150400000000160400000000170200002A020000300146310113897E
2026-03-29 04:00:52 - msg_id_0200 ==> 7E0200004266000000000269AE00000000000C000300C64763049FAC68038800000000260329040051010400000000140400000000150400000000160400000000170200002A020000300146310114FB7E
2026-03-29 04:01:23 - msg_id_0200 ==> 7E0200004266000000000269B900000000000C000300C64764049FAC68038800000000260329040122010400000000140400000000150400000000160400000000170200002A020000300146310115987E
2026-03-29 04:01:54 - msg_id_0200 ==> 7E0200004266000000000269C400000000000C000300C64764049FAC60038800000000260329040153010400000000140400000000150400000000160400000000170200002A0200003001463101179E7E
2026-03-29 04:02:25 - msg_id_0200 ==> 7E0200004266000000000269CF00000000000C000300C64764049FAC60038900000000260329040224010400000000140400000000150400000000160400000000170200002A020000300146310117E07E
2026-03-29 04:02:56 - msg_id_0200 ==> 7E0200004266000000000269DA00000000000C000300C64762049FAC60038900000000260329040255010400000000140400000000150400000000160400000000170200002A020000300146310115807E
2026-03-29 04:03:27 - msg_id_0200 ==> 7E0200004266000000000269E500000000000C000300C64762049FAC58038900000000260329040326010400000000140400000000150400000000160400000000170200002A020000300146310118F87E
2026-03-29 04:03:58 - msg_id_0200 ==> 7E0200004266000000000269F000000000000C000300C64761049FAC60038900000000260329040357010400000000140400000000150400000000160400000000170200002A020000300146310116A97E
2026-03-29 04:04:29 - msg_id_0200 ==> 7E0200004266000000000269FB00000000000C000300C64764049FAC60038900000000260329040428010400000000140400000000150400000000160400000000170200002A020000300146310116DF7E
2026-03-29 04:05:00 - msg_id_0200 ==> 7E020000426600000000026A0600000000000C000300C64762049FAC68038900000000260329040459010400000000140400000000150400000000160400000000170200002A0200003001463101175F7E
2026-03-29 04:05:31 - msg_id_0200 ==> 7E020000426600000000026A1100000000000C000300C64764049FAC68038900000000260329040530010400000000140400000000150400000000160400000000170200002A020000300146310116277E
2026-03-29 04:06:02 - msg_id_0200 ==> 7E020000426600000000026A1C00000000000C000300C64764049FAC70038900000000260329040601010400000000140400000000150400000000160400000000170200002A020000300146310113057E
2026-03-29 04:06:33 - msg_id_0200 ==> 7E020000426600000000026A2700000000000C000300C64765049FAC70038900000000260329040632010400000000140400000000150400000000160400000000170200002A020000300146310116097E
2026-03-29 04:07:04 - msg_id_0200 ==> 7E020000426600000000026A3200000000000C000300C64765049FAC70038900000000260329040703010400000000140400000000150400000000160400000000170200002A0200003001463101162C7E
2026-03-29 04:07:35 - msg_id_0200 ==> 7E020000426600000000026A3D00000000000C000300C64766049FAC70038900000000260329040734010400000000140400000000150400000000160400000000170200002A020000300146310114157E
2026-03-29 04:08:06 - msg_id_0200 ==> 7E020000426600000000026A4800000000000C000300C6476A049FAC70038900000000260329040805010400000000140400000000150400000000160400000000170200002A020000300146310113557E
2026-03-29 04:08:37 - msg_id_0200 ==> 7E020000426600000000026A5300000000000C000300C6476B049FAC78038900000000260329040836010400000000140400000000150400000000160400000000170200002A0200003001463101197D027E
2026-03-29 04:09:08 - msg_id_0200 ==> 7E020000426600000000026A5E00000000000C000300C6476B049FAC78038900000000260329040907010400000000140400000000150400000000160400000000170200002A020000300146310118427E
2026-03-29 04:09:39 - msg_id_0200 ==> 7E020000426600000000026A6900000000000C000300C6476C049FAC70038A00000000260329040938010400000000140400000000150400000000160400000000170200002A020000300146310118467E
2026-03-29 04:10:10 - msg_id_0200 ==> 7E020000426600000000026A7400000000000C000300C6476F049FAC70038A00000000260329041009010400000000140400000000150400000000160400000000170200002A0200003001463101177F7E
2026-03-29 04:10:40 - msg_id_0200 ==> 7E020000426600000000026A7F00000100000C000300C64770049FAC70038A00000000260329041039010400000000140400000000150400000000160400000000170200002A020000300146310118557E
2026-03-29 04:10:45 - msg_id_0200 ==> 7E020000426600000000026A8200000000000C000300C64771049FAC70038A00000000260329041044010400000000140400000000150400000000160400000000170200002A020000300146310118D57E
2026-03-29 04:11:16 - msg_id_0200 ==> 7E020000426600000000026A8D00000000000C000300C64772049FAC70038A00000000260329041115010400000000140400000000150400000000160400000000170200002A020000300146310118897E
2026-03-29 04:11:47 - msg_id_0200 ==> 7E020000426600000000026A9800000000000C000300C64773049FAC68038A00000000260329041146010400000000140400000000150400000000160400000000170200002A020000300146310117D97E
2026-03-29 04:12:18 - msg_id_0200 ==> 7E020000426600000000026AA300000000000C000300C64775049FAC68038A00000000260329041217010400000000140400000000150400000000160400000000170200002A020000300146310116B77E
2026-03-29 04:12:49 - msg_id_0200 ==> 7E020000426600000000026AAE00000000000C000300C64776049FAC68038A00000000260329041248010400000000140400000000150400000000160400000000170200002A020000300146310118E87E
2026-03-29 04:13:20 - msg_id_0200 ==> 7E020000426600000000026AB900000000000C000300C64776049FAC68038A00000000260329041319010400000000140400000000150400000000160400000000170200002A020000300146310116A17E
2026-03-29 04:13:51 - msg_id_0200 ==> 7E020000426600000000026AC400000000000C000300C64777049FAC68038A00000000260329041350010400000000140400000000150400000000160400000000170200002A020000300146310116947E
2026-03-29 04:14:22 - msg_id_0200 ==> 7E020000426600000000026ACF00000000000C000300C64775049FAC68038A00000000260329041421010400000000140400000000150400000000160400000000170200002A020000300146310116EB7E
2026-03-29 04:14:53 - msg_id_0200 ==> 7E020000426600000000026ADA00000000000C000300C64777049FAC68038A00000000260329041452010400000000140400000000150400000000160400000000170200002A020000300146310118817E
2026-03-29 04:15:24 - msg_id_0200 ==> 7E020000426600000000026AE500000000000C000300C64776049FAC68038A00000000260329041523010400000000140400000000150400000000160400000000170200002A020000300146310117C07E
2026-03-29 04:15:55 - msg_id_0200 ==> 7E020000426600000000026AF000000000000C000300C64775049FAC68038A00000000260329041554010400000000140400000000150400000000160400000000170200002A020000300146310115A37E
2026-03-29 04:16:26 - msg_id_0200 ==> 7E020000426600000000026AFB00000000000C000300C64776049FAC68038A00000000260329041625010400000000140400000000150400000000160400000000170200002A020000300146310116DA7E
2026-03-29 04:16:57 - msg_id_0200 ==> 7E020000426600000000026B0600000000000C000300C64775049FAC68038A00000000260329041656010400000000140400000000150400000000160400000000170200002A020000300146310116567E
2026-03-29 04:17:28 - msg_id_0200 ==> 7E020000426600000000026B1100000000000C000300C64774049FAC68038B00000000260329041727010400000000140400000000150400000000160400000000170200002A020000300146310115327E
2026-03-29 04:17:59 - msg_id_0200 ==> 7E020000426600000000026B1C00000000000C000300C64772049FAC68038B00000000260329041758010400000000140400000000150400000000160400000000170200002A020000300146310114477E
2026-03-29 04:18:30 - msg_id_0200 ==> 7E020000426600000000026B2700000000000C000300C64771049FAC68038B00000000260329041829010400000000140400000000150400000000160400000000170200002A020000300146310115007E
2026-03-29 04:19:01 - msg_id_0200 ==> 7E020000426600000000026B3200000000000C000300C64771049FAC68038B00000000260329041900010400000000140400000000150400000000160400000000170200002A0200003001463101153D7E
2026-03-29 04:19:32 - msg_id_0200 ==> 7E020000426600000000026B3D00000000000C000300C64770049FAC68038B00000000260329041931010400000000140400000000150400000000160400000000170200002A020000300146310113047E
2026-03-29 04:20:03 - msg_id_0200 ==> 7E020000426600000000026B4800000000000C000300C64770049FAC68038B00000000260329042002010400000000140400000000150400000000160400000000170200002A0200003001463101147C7E
2026-03-29 04:20:34 - msg_id_0200 ==> 7E020000426600000000026B5300000000000C000300C64770049FAC68038B00000000260329042033010400000000140400000000150400000000160400000000170200002A020000300146310114567E
2026-03-29 04:21:05 - msg_id_0200 ==> 7E020000426600000000026B5E00000000000C000300C6476D049FAC68038B00000000260329042104010400000000140400000000150400000000160400000000170200002A020000300146310115717E
2026-03-29 04:21:36 - msg_id_0200 ==> 7E020000426600000000026B6900000000000C000300C6476C049FAC60038B00000000260329042135010400000000140400000000150400000000160400000000170200002A0200003001463101167D017E
2026-03-29 04:22:07 - msg_id_0200 ==> 7E020000426600000000026B7400000000000C000300C6476B049FAC60038B00020000260329042206010400000000140400000000150400000000160400000000170200002A020000300146310117547E
2026-03-29 04:22:38 - msg_id_0200 ==> 7E020000426600000000026B7F00000100000C000300C64760049FAC60038B00000000260329042237010400000000140400000000150400000000160400000000170200002A020000300146310115647E
2026-03-29 04:22:43 - msg_id_0200 ==> 7E020000426600000000026B8200000000000C000300C6475F049FAC60038B00000000260329042242010400000000140400000000150400000000160400000000170200002A020000300146310115D27E
2026-03-29 04:23:14 - msg_id_0200 ==> 7E020000426600000000026B8D00000000000C000300C64763049FAC68038B00000000260329042313010400000000140400000000150400000000160400000000170200002A020000300146310114B87E
2026-03-29 04:23:45 - msg_id_0200 ==> 7E020000426600000000026B9800000000000C000300C64762049FAC70038C00000000260329042344010400000000140400000000150400000000160400000000170200002A020000300146310116E67E
2026-03-29 04:24:16 - msg_id_0200 ==> 7E020000426600000000026BA300000000000C000300C6475E049FAC70038C00000000260329042415010400000000140400000000150400000000160400000000170200002A020000300146310116B77E
2026-03-29 04:24:47 - msg_id_0200 ==> 7E020000426600000000026BAE00000000000C000300C6475E049FAC70038D00000000260329042446010400000000140400000000150400000000160400000000170200002A020000300146310115EB7E
2026-03-29 04:25:18 - msg_id_0200 ==> 7E020000426600000000026BB900000000000C000300C6475E049FAC70038D00000000260329042517010400000000140400000000150400000000160400000000170200002A020000300146310116AF7E
2026-03-29 04:25:49 - msg_id_0200 ==> 7E020000426600000000026BC400000000000C000300C6475C049FAC68038D00000000260329042548010400000000140400000000150400000000160400000000170200002A020000300146310117967E
2026-03-29 04:26:20 - msg_id_0200 ==> 7E020000426600000000026BCF00000000000C000300C6475C049FAC68038D00000000260329042619010400000000140400000000150400000000160400000000170200002A020000300146310118C07E
2026-03-29 04:26:51 - msg_id_0200 ==> 7E020000426600000000026BDA00000000000C000300C6475B049FAC68038D00000000260329042650010400000000140400000000150400000000160400000000170200002A020000300146310117947E
2026-03-29 04:27:22 - msg_id_0200 ==> 7E020000426600000000026BE500000000000C000300C64759049FAC68038D00000000260329042721010400000000140400000000150400000000160400000000170200002A020000300146310116D87E
2026-03-29 04:27:53 - msg_id_0200 ==> 7E020000426600000000026BF000000000000C000300C6475A049FAC68038D00000000260329042752010400000000140400000000150400000000160400000000170200002A020000300146310116BD7E
2026-03-29 04:28:24 - msg_id_0200 ==> 7E020000426600000000026BFB00000000000C000300C6475A049FAC68038D00000000260329042823010400000000140400000000150400000000160400000000170200002A020000300146310117C97E
2026-03-29 04:28:55 - msg_id_0200 ==> 7E020000426600000000026C0600000000000C000300C6475B049FAC68038D00000000260329042854010400000000140400000000150400000000160400000000170200002A020000300146310117457E
2026-03-29 04:29:26 - msg_id_0200 ==> 7E020000426600000000026C1100000000000C000300C6475B049FAC70038D00000000260329042925010400000000140400000000150400000000160400000000170200002A0200003001463101173A7E
2026-03-29 04:29:57 - msg_id_0200 ==> 7E020000426600000000026C1C00000000000C000300C64758049FAC70038D00000000260329042956010400000000140400000000150400000000160400000000170200002A020000300146310117477E
2026-03-29 04:30:28 - msg_id_0200 ==> 7E020000426600000000026C2700000000000C000300C64757049FAC70038D00000000260329043027010400000000140400000000150400000000160400000000170200002A0200003001463101171B7E
2026-03-29 04:30:59 - msg_id_0200 ==> 7E020000426600000000026C3200000000000C000300C64758049FAC70038D00000000260329043058010400000000140400000000150400000000160400000000170200002A020000300146310118717E
2026-03-29 04:31:30 - msg_id_0200 ==> 7E020000426600000000026C3D00000000000C000300C6475B049FAC78038D00000000260329043129010400000000140400000000150400000000160400000000170200002A0200003001463101170A7E
2026-03-29 04:32:01 - msg_id_0200 ==> 7E020000426600000000026C4800000000000C000300C6475F049FAC78038D00000000260329043200010400000000140400000000150400000000160400000000170200002A020000300146310117517E
2026-03-29 04:32:32 - msg_id_0200 ==> 7E020000426600000000026C5300000000000C000300C64760049FAC78038D00000000260329043231010400000000140400000000150400000000160400000000170200002A020000300146310115467E
2026-03-29 04:33:03 - msg_id_0200 ==> 7E020000426600000000026C5E00000000000C000300C64760049FAC80038D00000000260329043302010400000000140400000000150400000000160400000000170200002A020000300146310115817E
2026-03-29 04:33:34 - msg_id_0200 ==> 7E020000426600000000026C6900000000000C000300C64763049FAC80038D00000000260329043333010400000000140400000000150400000000160400000000170200002A020000300146310116877E
2026-03-29 04:34:05 - msg_id_0200 ==> 7E020000426600000000026C7400000000000C000300C64768049FAC80038D00000000260329043404010400000000140400000000150400000000160400000000170200002A020000300146310116A17E
2026-03-29 04:34:36 - msg_id_0200 ==> 7E020000426600000000026C7F00000100000C000300C6476B049FAC88038D00000000260329043435010400000000140400000000150400000000160400000000170200002A020000300146310115927E
2026-03-29 04:34:41 - msg_id_0200 ==> 7E020000426600000000026C8200000000000C000300C6476C049FAC88038D00000000260329043440010400000000140400000000150400000000160400000000170200002A0200003001463101171E7E
2026-03-29 04:35:12 - msg_id_0200 ==> 7E020000426600000000026C8D00000000000C000300C6476C049FAC80038D00000000260329043511010400000000140400000000150400000000160400000000170200002A020000300146310118467E
2026-03-29 04:35:43 - msg_id_0200 ==> 7E020000426600000000026C9800000000000C000300C6476C049FAC80038D00000000260329043542010400000000140400000000150400000000160400000000170200002A0200003001463101170F7E
2026-03-29 04:36:14 - msg_id_0200 ==> 7E020000426600000000026CA300000000000C000300C6476B049FAC80038D00000000260329043613010400000000140400000000150400000000160400000000170200002A020000300146310117617E
2026-03-29 04:36:45 - msg_id_0200 ==> 7E020000426600000000026CAE00000000000C000300C6476C049FAC88038D00000000260329043644010400000000140400000000150400000000160400000000170200002A0200003001463101183B7E
2026-03-29 04:37:16 - msg_id_0200 ==> 7E020000426600000000026CB900000000000C000300C6476F049FAC88038D00000000260329043715010400000000140400000000150400000000160400000000170200002A0200003001463101187F7E
2026-03-29 04:37:47 - msg_id_0200 ==> 7E020000426600000000026CC400000000000C000300C64771049FAC88038D00000000260329043746010400000000140400000000150400000000160400000000170200002A020000300146310116417E
2026-03-29 04:38:18 - msg_id_0200 ==> 7E020000426600000000026CCF00000000000C000300C64772049FAC88038D00000000260329043817010400000000140400000000150400000000160400000000170200002A020000300146310117167E
2026-03-29 04:38:49 - msg_id_0200 ==> 7E020000426600000000026CDA00000000000C000300C64772049FAC90038D00000000260329043848010400000000140400000000150400000000160400000000170200002A020000300146310117447E
2026-03-29 04:39:20 - msg_id_0200 ==> 7E020000426600000000026CE500000000000C000300C64771049FAC90038D00000000260329043919010400000000140400000000150400000000160400000000170200002A020000300146310116297E
2026-03-29 04:39:51 - msg_id_0200 ==> 7E020000426600000000026CF000000000000C000300C64771049FAC90038D00000000260329043950010400000000140400000000150400000000160400000000170200002A020000300146310116757E
2026-03-29 04:40:22 - msg_id_0200 ==> 7E020000426600000000026CFB00000000000C000300C6476E049FAC90038D00000000260329044021010400000000140400000000150400000000160400000000170200002A020000300146310116697E
2026-03-29 04:40:53 - msg_id_0200 ==> 7E020000426600000000026D0600000000000C000300C6476D049FAC90038D00000000260329044052010400000000140400000000150400000000160400000000170200002A020000300146310116E57E
2026-03-29 04:41:24 - msg_id_0200 ==> 7E020000426600000000026D1100000000000C000300C6476D049FAC90038D00000000260329044123010400000000140400000000150400000000160400000000170200002A020000300146310114807E
2026-03-29 04:41:55 - msg_id_0200 ==> 7E020000426600000000026D1C00000000000C000300C6476D049FAC90038D00000000260329044154010400000000140400000000150400000000160400000000170200002A020000300146310116F87E
2026-03-29 04:42:26 - msg_id_0200 ==> 7E020000426600000000026D2700000000000C000300C64770049FAC90038D00000000260329044225010400000000140400000000150400000000160400000000170200002A020000300146310118A27E
2026-03-29 04:42:57 - msg_id_0200 ==> 7E020000426600000000026D3200000000000C000300C64770049FAC90038D00000000260329044256010400000000140400000000150400000000160400000000170200002A020000300146310118C47E
2026-03-29 04:43:28 - msg_id_0200 ==> 7E020000426600000000026D3D00000000000C000300C64770049FAC98038D00000000260329044327010400000000140400000000150400000000160400000000170200002A020000300146310118B37E
2026-03-29 04:43:59 - msg_id_0200 ==> 7E020000426600000000026D4800000000000C000300C6476E049FAC98038D00000000260329044358010400000000140400000000150400000000160400000000170200002A020000300146310118A77E
2026-03-29 04:44:30 - msg_id_0200 ==> 7E020000426600000000026D5300000000000C000300C6476C049FAC98038C00000000260329044429010400000000140400000000150400000000160400000000170200002A020000300146310118C97E
2026-03-29 04:45:01 - msg_id_0200 ==> 7E020000426600000000026D5E00000000000C000300C6476A049FAC98038C00000000260329044500010400000000140400000000150400000000160400000000170200002A020000300146310116E47E
2026-03-29 04:45:32 - msg_id_0200 ==> 7E020000426600000000026D6900000000000C000300C64769049FACA0038C00000000260329044531010400000000140400000000150400000000160400000000170200002A020000300146310117D87E
2026-03-29 04:46:03 - msg_id_0200 ==> 7E020000426600000000026D7400000000000C000300C64769049FACA0038C00000000260329044602010400000000140400000000150400000000160400000000170200002A020000300146310116F47E
2026-03-29 04:46:33 - msg_id_0200 ==> 7E020000426600000000026D7F00000100000C000300C64768049FACA0038C00000000260329044632010400000000140400000000150400000000160400000000170200002A020000300146310115CC7E
2026-03-29 04:46:38 - msg_id_0200 ==> 7E020000426600000000026D8200000000000C000300C64767049FACA0038C00000000260329044637010400000000140400000000150400000000160400000000170200002A0200003001463101143B7E
2026-03-29 04:47:09 - msg_id_0200 ==> 7E020000426600000000026D8D00000000000C000300C64767049FACA8038C00000000260329044708010400000000140400000000150400000000160400000000170200002A020000300146310116007E
2026-03-29 04:47:40 - msg_id_0200 ==> 7E020000426600000000026D9800000000000C000300C64765049FACA8038C00000000260329044739010400000000140400000000150400000000160400000000170200002A020000300146310115257E
2026-03-29 04:48:11 - msg_id_0200 ==> 7E020000426600000000026DA300000000000C000300C64764049FACA8038C00000000260329044810010400000000140400000000150400000000160400000000170200002A0200003001463101163A7E
2026-03-29 04:48:42 - msg_id_0200 ==> 7E020000426600000000026DAE00000000000C000300C64765049FACA8038C00000000260329044841010400000000140400000000150400000000160400000000170200002A020000300146310115647E
2026-03-29 04:49:13 - msg_id_0200 ==> 7E020000426600000000026DB900000000000C000300C64766049FACB0038C00000000260329044912010400000000140400000000150400000000160400000000170200002A020000300146310116397E
2026-03-29 04:49:44 - msg_id_0200 ==> 7E020000426600000000026DC400000000000C000300C64766049FACB0038C00000000260329044943010400000000140400000000150400000000160400000000170200002A020000300146310116157E
2026-03-29 04:50:15 - msg_id_0200 ==> 7E020000426600000000026DCF00000000000C000300C64766049FACB0038C00000000260329045014010400000000140400000000150400000000160400000000170200002A020000300146310115537E
2026-03-29 04:50:46 - msg_id_0200 ==> 7E020000426600000000026DDA00000000000C000300C64764049FACB0038C00000000260329045045010400000000140400000000150400000000160400000000170200002A020000300146310115157E
2026-03-29 04:51:17 - msg_id_0200 ==> 7E020000426600000000026DE500000000000C000300C64765049FACB0038C00000000260329045116010400000000140400000000150400000000160400000000170200002A0200003001463101167A7E
2026-03-29 04:51:48 - msg_id_0200 ==> 7E020000426600000000026DF000000000000C000300C64767049FACA8038C00000000260329045147010400000000140400000000150400000000160400000000170200002A020000300146310116247E
2026-03-29 04:52:19 - msg_id_0200 ==> 7E020000426600000000026DFB00000000000C000300C64768049FACA8038C00000000260329045218010400000000140400000000150400000000160400000000170200002A0200003001463101167C7E
2026-03-29 04:52:50 - msg_id_0200 ==> 7E020000426600000000026E0600000000000C000300C64768049FACA8038C00000000260329045249010400000000140400000000150400000000160400000000170200002A020000300146310116D37E
2026-03-29 04:53:21 - msg_id_0200 ==> 7E020000426600000000026E1100000000000C000300C6476A049FACB0038C00000000260329045320010400000000140400000000150400000000160400000000170200002A020000300146310116B67E
2026-03-29 04:53:52 - msg_id_0200 ==> 7E020000426600000000026E1C00000000000C000300C6476A049FACB0038C00000000260329045351010400000000140400000000150400000000160400000000170200002A020000300146310118C47E
2026-03-29 04:54:23 - msg_id_0200 ==> 7E020000426600000000026E2700000000000C000300C6476B049FACB0038B00000000260329045422010400000000140400000000150400000000160400000000170200002A0200003001463101188D7E
2026-03-29 04:54:54 - msg_id_0200 ==> 7E020000426600000000026E3200000000000C000300C6476D049FACB0038B00000000260329045453010400000000140400000000150400000000160400000000170200002A020000300146310118EF7E
2026-03-29 04:55:25 - msg_id_0200 ==> 7E020000426600000000026E3D00000000000C000300C6476D049FACA8038B00000000260329045524010400000000140400000000150400000000160400000000170200002A0200003001463101188E7E
2026-03-29 04:55:56 - msg_id_0200 ==> 7E020000426600000000026E4800000000000C000300C6476D049FACA8038B00000000260329045555010400000000140400000000150400000000160400000000170200002A0200003001463101188A7E
2026-03-29 04:56:27 - msg_id_0200 ==> 7E020000426600000000026E5300000000000C000300C6476C049FACA8038B00000000260329045626010400000000140400000000150400000000160400000000170200002A020000300146310119E17E
2026-03-29 04:56:58 - msg_id_0200 ==> 7E020000426600000000026E5E00000000000C000300C6476C049FACA8038B00000000260329045657010400000000140400000000150400000000160400000000170200002A0200003001463101199D7E
2026-03-29 04:57:29 - msg_id_0200 ==> 7E020000426600000000026E6900000000000C000300C6476C049FACA8038B00000000260329045728010400000000140400000000150400000000160400000000170200002A020000300146310118D57E
2026-03-29 04:58:00 - msg_id_0200 ==> 7E020000426600000000026E7400000000000C000300C6476B049FACA8038B00000000260329045759010400000000140400000000150400000000160400000000170200002A020000300146310117B17E
2026-03-29 04:58:31 - msg_id_0200 ==> 7E020000426600000000026E7F00000100000C000300C6476B049FACA8038B00000000260329045830010400000000140400000000150400000000160400000000170200002A020000300146310118D27E
2026-03-29 04:58:36 - msg_id_0200 ==> 7E020000426600000000026E8200000000000C000300C6476B049FACA8038B00000000260329045835010400000000140400000000150400000000160400000000170200002A0200003001463101182B7E
2026-03-29 04:59:07 - msg_id_0200 ==> 7E020000426600000000026E8D00000000000C000300C6476A049FACA8038B00000000260329045906010400000000140400000000150400000000160400000000170200002A020000300146310117187E
2026-03-29 04:59:38 - msg_id_0200 ==> 7E020000426600000000026E9800000000000C000300C6476B049FACA8038B00000000260329045937010400000000140400000000150400000000160400000000170200002A0200003001463101173D7E
2026-03-29 05:00:09 - msg_id_0200 ==> 7E020000426600000000026EA300000000000C000300C6476B049FACA8038B00000000260329050008010400000000140400000000150400000000160400000000170200002A0200003001463101186E7E
2026-03-29 05:00:40 - msg_id_0200 ==> 7E020000426600000000026EAE00000000000C000300C6476B049FACA8038B00000000260329050039010400000000140400000000150400000000160400000000170200002A0200003001463101175D7E
2026-03-29 05:01:11 - msg_id_0200 ==> 7E020000426600000000026EB900000000000C000300C6476B049FACA8038B00000000260329050110010400000000140400000000150400000000160400000000170200002A020000300146310117627E
2026-03-29 05:01:42 - msg_id_0200 ==> 7E020000426600000000026EC400000000000C000300C6476B049FACA8038B00000000260329050141010400000000140400000000150400000000160400000000170200002A0200003001463101174E7E
2026-03-29 05:02:13 - msg_id_0200 ==> 7E020000426600000000026ECF00000000000C000300C6476B049FACA8038B00000000260329050212010400000000140400000000150400000000160400000000170200002A0200003001463101181A7E
2026-03-29 05:02:44 - msg_id_0200 ==> 7E020000426600000000026EDA00000000000C000300C6476B049FACA8038B00000000260329050243010400000000140400000000150400000000160400000000170200002A0200003001463101185E7E
2026-03-29 05:03:15 - msg_id_0200 ==> 7E020000426600000000026EE500000000000C000300C6476B049FACA8038B00000000260329050314010400000000140400000000150400000000160400000000170200002A020000300146310118377E
2026-03-29 05:03:46 - msg_id_0200 ==> 7E020000426600000000026EF000000000000C000300C6476B049FACA8038B00000000260329050345010400000000140400000000150400000000160400000000170200002A020000300146310118737E
2026-03-29 05:04:17 - msg_id_0200 ==> 7E020000426600000000026EFB00000000000C000300C64769049FACB0038B00000000260329050416010400000000140400000000150400000000160400000000170200002A020000300146310117397E
2026-03-29 05:04:48 - msg_id_0200 ==> 7E020000426600000000026F0600000000000C000300C64766049FACB0038B00000000260329050447010400000000140400000000150400000000160400000000170200002A0200003001463101179B7E
2026-03-29 05:05:19 - msg_id_0200 ==> 7E020000426600000000026F1100000000000C000300C64766049FACB0038B00000000260329050518010400000000140400000000150400000000160400000000170200002A020000300146310117D27E
2026-03-29 05:05:50 - msg_id_0200 ==> 7E020000426600000000026F1C00000000000C000300C64765049FACB0038B00000000260329050549010400000000140400000000150400000000160400000000170200002A0200003001463101158F7E
2026-03-29 05:06:21 - msg_id_0200 ==> 7E020000426600000000026F2700000000000C000300C64767049FACB0038B00000000260329050620010400000000140400000000150400000000160400000000170200002A020000300146310116DF7E
2026-03-29 05:06:52 - msg_id_0200 ==> 7E020000426600000000026F3200000000000C000300C64768049FACB0038B00000000260329050651010400000000140400000000150400000000160400000000170200002A020000300146310118BA7E
2026-03-29 05:07:23 - msg_id_0200 ==> 7E020000426600000000026F3D00000000000C000300C6476B049FACB0038B00000000260329050722010400000000140400000000150400000000160400000000170200002A020000300146310118C47E
2026-03-29 05:07:54 - msg_id_0200 ==> 7E020000426600000000026F4800000000000C000300C6476B049FACB0038B00000000260329050753010400000000140400000000150400000000160400000000170200002A020000300146310118C07E
2026-03-29 05:08:25 - msg_id_0200 ==> 7E020000426600000000026F5300000000000C000300C6476B049FACB0038B00000000260329050824010400000000140400000000150400000000160400000000170200002A020000300146310117AC7E
2026-03-29 05:08:56 - msg_id_0200 ==> 7E020000426600000000026F5E00000000000C000300C6476B049FACB0038B00000000260329050855010400000000140400000000150400000000160400000000170200002A020000300146310118DF7E
2026-03-29 05:09:27 - msg_id_0200 ==> 7E020000426600000000026F6900000000000C000300C6476D049FACB0038B00000000260329050926010400000000140400000000150400000000160400000000170200002A020000300146310117937E
2026-03-29 05:09:58 - msg_id_0200 ==> 7E020000426600000000026F7400000000000C000300C6476D049FACB0038A00000000260329050957010400000000140400000000150400000000160400000000170200002A020000300146310117FE7E
2026-03-29 05:10:28 - msg_id_0200 ==> 7E020000426600000000026F7F00000100000C000300C6476D049FACB0038A00000000260329051027010400000000140400000000150400000000160400000000170200002A0200003001463101179D7E
2026-03-29 05:10:33 - msg_id_0200 ==> 7E020000426600000000026F8200000000000C000300C6476C049FACB0038A00000000260329051032010400000000140400000000150400000000160400000000170200002A020000300146310116747E
2026-03-29 05:11:04 - msg_id_0200 ==> 7E020000426600000000026F8D00000000000C000300C6476A049FACB0038A00000000260329051103010400000000140400000000150400000000160400000000170200002A0200003001463101164D7E
2026-03-29 05:11:35 - msg_id_0200 ==> 7E020000426600000000026F9800000000000C000300C6476A049FACB0038B00000000260329051134010400000000140400000000150400000000160400000000170200002A020000300146310118607E
2026-03-29 05:12:06 - msg_id_0200 ==> 7E020000426600000000026FA300000000000C000300C6476A049FACB0038B00000000260329051205010400000000140400000000150400000000160400000000170200002A020000300146310117667E
2026-03-29 05:12:37 - msg_id_0200 ==> 7E020000426600000000026FAE00000000000C000300C6476B049FACB0038B00000000260329051236010400000000140400000000150400000000160400000000170200002A020000300146310116587E
2026-03-29 05:13:08 - msg_id_0200 ==> 7E020000426600000000026FB900000000000C000300C6476C049FACB0038B00000000260329051307010400000000140400000000150400000000160400000000170200002A020000300146310118767E
2026-03-29 05:13:39 - msg_id_0200 ==> 7E020000426600000000026FC400000000000C000300C6476C049FACB0038B00000000260329051338010400000000140400000000150400000000160400000000170200002A0200003001463101163A7E
2026-03-29 05:14:10 - msg_id_0200 ==> 7E020000426600000000026FCF00000000000C000300C6476B049FACB0038B00000000260329051409010400000000140400000000150400000000160400000000170200002A020000300146310116007E
2026-03-29 05:14:41 - msg_id_0200 ==> 7E020000426600000000026FDA00000000000C000300C6476B049FACA8038B00000000260329051440010400000000140400000000150400000000160400000000170200002A020000300146310116447E
2026-03-29 05:15:12 - msg_id_0200 ==> 7E020000426600000000026FE500000000000C000300C6476C049FACA8038B00000000260329051511010400000000140400000000150400000000160400000000170200002A0200003001463101162C7E
2026-03-29 05:15:43 - msg_id_0200 ==> 7E020000426600000000026FF000000000000C000300C6476D049FACA8038B00000000260329051542010400000000140400000000150400000000160400000000170200002A020000300146310115687E
2026-03-29 05:16:14 - msg_id_0200 ==> 7E020000426600000000026FFB00000000000C000300C6476D049FACB0038B00000000260329051613010400000000140400000000150400000000160400000000170200002A020000300146310115297E
2026-03-29 05:16:45 - msg_id_0200 ==> 7E02000042660000000002700600000000000C000300C6476D049FACB0038B00000000260329051644010400000000140400000000150400000000160400000000170200002A0200003001463101169F7E
2026-03-29 05:17:16 - msg_id_0200 ==> 7E02000042660000000002701100000000000C000300C64770049FACB0038B00000000260329051715010400000000140400000000150400000000160400000000170200002A020000300146310116C57E
2026-03-29 05:17:47 - msg_id_0200 ==> 7E02000042660000000002701C00000000000C000300C64771049FACB0038B00000000260329051746010400000000140400000000150400000000160400000000170200002A0200003001463101169A7E
2026-03-29 05:18:18 - msg_id_0200 ==> 7E02000042660000000002702700000000000C000300C64771049FACB0038B00000000260329051817010400000000140400000000150400000000160400000000170200002A020000300146310116FF7E
2026-03-29 05:18:49 - msg_id_0200 ==> 7E02000042660000000002703200000000000C000300C64775049FACB0038B00000000260329051848010400000000140400000000150400000000160400000000170200002A020000300146310115B27E
2026-03-29 05:19:20 - msg_id_0200 ==> 7E02000042660000000002703D00000000000C000300C64775049FACB0038B00000000260329051919010400000000140400000000150400000000160400000000170200002A020000300146310115ED7E
2026-03-29 05:19:51 - msg_id_0200 ==> 7E02000042660000000002704800000000000C000300C64772049FACB0038B00000000260329051950010400000000140400000000150400000000160400000000170200002A020000300146310116D57E
2026-03-29 05:20:22 - msg_id_0200 ==> 7E02000042660000000002705300000000000C000300C64770049FACB0038B00000000260329052021010400000000140400000000150400000000160400000000170200002A020000300146310117857E
2026-03-29 05:20:53 - msg_id_0200 ==> 7E02000042660000000002705E00000000000C000300C64770049FACB0038B00000000260329052052010400000000140400000000150400000000160400000000170200002A020000300146310116FA7E
2026-03-29 05:21:24 - msg_id_0200 ==> 7E02000042660000000002706900000000000C000300C6476D049FACB0038B00000000260329052123010400000000140400000000150400000000160400000000170200002A020000300146310119AF7E
2026-03-29 05:21:55 - msg_id_0200 ==> 7E02000042660000000002707400000000000C000300C6476C049FACB0038B00000000260329052154010400000000140400000000150400000000160400000000170200002A020000300146310117CA7E
2026-03-29 05:22:26 - msg_id_0200 ==> 7E02000042660000000002707F00000100000C000300C6476B049FACB0038B00000000260329052225010400000000140400000000150400000000160400000000170200002A020000300146310117B57E
2026-03-29 05:22:31 - msg_id_0200 ==> 7E02000042660000000002708200000000000C000300C6476B049FACB0038B00000000260329052230010400000000140400000000150400000000160400000000170200002A020000300146310118537E
2026-03-29 05:23:02 - msg_id_0200 ==> 7E02000042660000000002708D00000000000C000300C64766049FACB0038B00000000260329052301010400000000140400000000150400000000160400000000170200002A020000300146310118617E
2026-03-29 05:23:33 - msg_id_0200 ==> 7E02000042660000000002709800000000000C000300C64763049FACB0038B00000000260329052332010400000000140400000000150400000000160400000000170200002A0200003001463101154F7E
2026-03-29 05:24:04 - msg_id_0200 ==> 7E0200004266000000000270A300000000000C000300C64761049FACB0038B00000000260329052403010400000000140400000000150400000000160400000000170200002A0200003001463101184D7E
2026-03-29 05:24:35 - msg_id_0200 ==> 7E0200004266000000000270AE00000000000C000300C64760049FACB0038B00000000260329052434010400000000140400000000150400000000160400000000170200002A020000300146310119777E
2026-03-29 05:25:06 - msg_id_0200 ==> 7E0200004266000000000270B900000000000C000300C64760049FACB0038B00000000260329052505010400000000140400000000150400000000160400000000170200002A0200003001463101165F7E
2026-03-29 05:25:37 - msg_id_0200 ==> 7E0200004266000000000270C400000000000C000300C6475F049FACB0038B00000000260329052536010400000000140400000000150400000000160400000000170200002A020000300146310119217E
2026-03-29 05:26:08 - msg_id_0200 ==> 7E0200004266000000000270CF00000000000C000300C64761049FACA8038B00000000260329052607010400000000140400000000150400000000160400000000170200002A0200003001463101193E7E
2026-03-29 05:26:39 - msg_id_0200 ==> 7E0200004266000000000270DA00000000000C000300C64763049FACA8038B00000000260329052638010400000000140400000000150400000000160400000000170200002A020000300146310118177E
2026-03-29 05:27:10 - msg_id_0200 ==> 7E0200004266000000000270E500000000000C000300C64766049FACA8038B00000000260329052709010400000000140400000000150400000000160400000000170200002A0200003001463101181D7E
2026-03-29 05:27:41 - msg_id_0200 ==> 7E0200004266000000000270F000000000000C000300C64769049FACA0038B00000000260329052740010400000000140400000000150400000000160400000000170200002A020000300146310119477E
2026-03-29 05:28:12 - msg_id_0200 ==> 7E0200004266000000000270FB00000000000C000300C64769049FACA0038B00000000260329052811010400000000140400000000150400000000160400000000170200002A0200003001463101171C7E
2026-03-29 05:28:43 - msg_id_0200 ==> 7E02000042660000000002710600000000000C000300C64768049FACA0038B00000000260329052842010400000000140400000000150400000000160400000000170200002A020000300146310119BC7E
2026-03-29 05:29:14 - msg_id_0200 ==> 7E02000042660000000002711100000000000C000300C64768049FACA0038B00000000260329052913010400000000140400000000150400000000160400000000170200002A02000030014631011BF97E
2026-03-29 05:29:45 - msg_id_0200 ==> 7E02000042660000000002711C00000000000C000300C64765049FACA0038B00000000260329052944010400000000140400000000150400000000160400000000170200002A02000030014631011AAF7E
2026-03-29 05:30:16 - msg_id_0200 ==> 7E02000042660000000002712700000000000C000300C64764049FACA0038B00000000260329053015010400000000140400000000150400000000160400000000170200002A020000300146310119DE7E
2026-03-29 05:30:47 - msg_id_0200 ==> 7E02000042660000000002713200000000000C000300C64761049FACA0038B00000000260329053046010400000000140400000000150400000000160400000000170200002A0200003001463101199D7E
2026-03-29 05:31:18 - msg_id_0200 ==> 7E02000042660000000002713D00000000000C000300C64762049FACA0038B00000000260329053117010400000000140400000000150400000000160400000000170200002A020000300146310118C07E
2026-03-29 05:31:49 - msg_id_0200 ==> 7E02000042660000000002714800000000000C000300C64765049FACA0038B00000000260329053148010400000000140400000000150400000000160400000000170200002A020000300146310118ED7E
2026-03-29 05:32:20 - msg_id_0200 ==> 7E02000042660000000002715300000000000C000300C64768049FACA0038B00000000260329053219010400000000140400000000150400000000160400000000170200002A020000300146310119A87E
2026-03-29 05:32:51 - msg_id_0200 ==> 7E02000042660000000002715E00000000000C000300C64766049FAC98038B00000000260329053250010400000000140400000000150400000000160400000000170200002A020000300146310117D47E
2026-03-29 05:33:22 - msg_id_0200 ==> 7E02000042660000000002716900000000000C000300C64764049FAC98038B00000000260329053321010400000000140400000000150400000000160400000000170200002A020000300146310117917E
2026-03-29 05:33:53 - msg_id_0200 ==> 7E02000042660000000002717400000000000C000300C64764049FAC98038B00000000260329053352010400000000140400000000150400000000160400000000170200002A020000300146310118F07E
2026-03-29 05:34:23 - msg_id_0200 ==> 7E02000042660000000002717F00000100000C000300C64766049FAC98038B00000000260329053422010400000000140400000000150400000000160400000000170200002A020000300146310117807E
2026-03-29 05:34:29 - msg_id_0200 ==> 7E02000042660000000002718200000000000C000300C64767049FAC98038B00000000260329053428010400000000140400000000150400000000160400000000170200002A020000300146310116767E
2026-03-29 05:35:00 - msg_id_0200 ==> 7E02000042660000000002718D00000000000C000300C6476A049FAC98038B00000000260329053459010400000000140400000000150400000000160400000000170200002A020000300146310117047E
2026-03-29 05:35:31 - msg_id_0200 ==> 7E02000042660000000002719800000000000C000300C64766049FAC98038B00000000260329053530010400000000140400000000150400000000160400000000170200002A0200003001463101187A7E
2026-03-29 05:36:02 - msg_id_0200 ==> 7E0200004266000000000271A300000000000C000300C64765049FAC98038B00000000260329053601010400000000140400000000150400000000160400000000170200002A0200003001463101157D017E
2026-03-29 05:36:33 - msg_id_0200 ==> 7E0200004266000000000271AE00000000000C000300C64765049FAC98038B00000000260329053632010400000000140400000000150400000000160400000000170200002A020000300146310117417E
2026-03-29 05:37:04 - msg_id_0200 ==> 7E0200004266000000000271B900000000000C000300C64766049FAC98038B00000000260329053703010400000000140400000000150400000000160400000000170200002A0200003001463101186A7E
2026-03-29 05:37:35 - msg_id_0200 ==> 7E0200004266000000000271C400000000000C000300C64765049FAC90038B00000000260329053734010400000000140400000000150400000000160400000000170200002A0200003001463101182B7E
2026-03-29 05:38:06 - msg_id_0200 ==> 7E0200004266000000000271CF00000000000C000300C64763049FAC90038B00000000260329053805010400000000140400000000150400000000160400000000170200002A020000300146310116167E
2026-03-29 05:38:37 - msg_id_0200 ==> 7E0200004266000000000271DA00000000000C000300C64763049FAC90038B00000000260329053836010400000000140400000000150400000000160400000000170200002A020000300146310116307E
2026-03-29 05:39:08 - msg_id_0200 ==> 7E0200004266000000000271E500000000000C000300C64762049FAC90038B00000000260329053907010400000000140400000000150400000000160400000000170200002A0200003001463101173F7E
2026-03-29 05:39:39 - msg_id_0200 ==> 7E0200004266000000000271F000000000000C000300C64763049FAC90038B00000000260329053938010400000000140400000000150400000000160400000000170200002A0200003001463101191A7E
2026-03-29 05:40:10 - msg_id_0200 ==> 7E0200004266000000000271FB00000000000C000300C6475A049FAC88038B00000000260329054009010400000000140400000000150400000000160400000000170200002A020000300146310117767E
2026-03-29 05:40:41 - msg_id_0200 ==> 7E02000042660000000002720600000000000C000300C64757049FAC88038B00000000260329054040010400000000140400000000150400000000160400000000170200002A020000300146310118C37E
2026-03-29 05:41:12 - msg_id_0200 ==> 7E02000042660000000002721100000000000C000300C64755049FAC88038B00000000260329054111010400000000140400000000150400000000160400000000170200002A020000300146310117897E
2026-03-29 05:41:43 - msg_id_0200 ==> 7E02000042660000000002721C00000000000C000300C64756049FAC88038B00000000260329054142010400000000140400000000150400000000160400000000170200002A020000300146310115D67E
2026-03-29 05:42:14 - msg_id_0200 ==> 7E02000042660000000002722700000000000C000300C64756049FAC88038B00000000260329054213010400000000140400000000150400000000160400000000170200002A020000300146310114BE7E
2026-03-29 05:42:45 - msg_id_0200 ==> 7E02000042660000000002723200000000000C000300C64756049FAC88038B00000000260329054244010400000000140400000000150400000000160400000000170200002A020000300146310116FE7E
2026-03-29 05:43:16 - msg_id_0200 ==> 7E02000042660000000002723D00000000000C000300C64755049FAC88038B00000000260329054315010400000000140400000000150400000000160400000000170200002A020000300146310117A37E
2026-03-29 05:43:47 - msg_id_0200 ==> 7E02000042660000000002724800000000000C000300C64757049FAC88038B00000000260329054346010400000000140400000000150400000000160400000000170200002A020000300146310117877E
2026-03-29 05:44:18 - msg_id_0200 ==> 7E02000042660000000002725300000000000C000300C64758049FAC88038B00000000260329054417010400000000140400000000150400000000160400000000170200002A020000300146310117C57E
2026-03-29 05:44:49 - msg_id_0200 ==> 7E02000042660000000002725E00000000000C000300C64757049FAC88038B00000000260329054448010400000000140400000000150400000000160400000000170200002A020000300146310116997E
2026-03-29 05:45:20 - msg_id_0200 ==> 7E02000042660000000002726900000000000C000300C64758049FAC88038B00000000260329054519010400000000140400000000150400000000160400000000170200002A020000300146310116F17E
2026-03-29 05:45:51 - msg_id_0200 ==> 7E02000042660000000002727400000000000C000300C64758049FAC88038B00000000260329054550010400000000140400000000150400000000160400000000170200002A020000300146310115A67E
2026-03-29 05:46:21 - msg_id_0200 ==> 7E02000042660000000002727F00000100000C000300C64759049FAC90038B00000000260329054620010400000000140400000000150400000000160400000000170200002A020000300146310114C77E
2026-03-29 05:46:26 - msg_id_0200 ==> 7E02000042660000000002728200000000000C000300C6475A049FAC88038B00000000260329054625010400000000140400000000150400000000160400000000170200002A020000300146310116277E
2026-03-29 05:46:57 - msg_id_0200 ==> 7E02000042660000000002728D00000000000C000300C6475D049FAC88038B00000000260329054656010400000000140400000000150400000000160400000000170200002A0200003001463101175D7E
2026-03-29 05:47:28 - msg_id_0200 ==> 7E02000042660000000002729800000000000C000300C6475C049FAC88038B00000000260329054727010400000000140400000000150400000000160400000000170200002A020000300146310117397E
2026-03-29 05:47:59 - msg_id_0200 ==> 7E0200004266000000000272A300000000000C000300C6475B049FAC88038B00000000260329054758010400000000140400000000150400000000160400000000170200002A0200003001463101177A7E
2026-03-29 05:48:30 - msg_id_0200 ==> 7E0200004266000000000272AE00000000000C000300C6475D049FAC88038B00000000260329054829010400000000140400000000150400000000160400000000170200002A0200003001463101170F7E
2026-03-29 05:49:01 - msg_id_0200 ==> 7E0200004266000000000272B900000000000C000300C6475E049FAC88038B00000000260329054900010400000000140400000000150400000000160400000000170200002A020000300146310116327E
2026-03-29 05:49:32 - msg_id_0200 ==> 7E0200004266000000000272C400000000000C000300C6475F049FAC88038B00000000260329054931010400000000140400000000150400000000160400000000170200002A0200003001463101167F7E
2026-03-29 05:50:03 - msg_id_0200 ==> 7E0200004266000000000272CF00000000000C000300C64760049FAC80038B00000000260329055002010400000000140400000000150400000000160400000000170200002A020000300146310118677E
2026-03-29 05:50:34 - msg_id_0200 ==> 7E0200004266000000000272DA00000000000C000300C64762049FAC80038B00000000260329055033010400000000140400000000150400000000160400000000170200002A020000300146310118417E
2026-03-29 05:51:05 - msg_id_0200 ==> 7E0200004266000000000272E500000000000C000300C6475F049FAC88038B00000000260329055104010400000000140400000000150400000000160400000000170200002A020000300146310116737E
2026-03-29 05:51:36 - msg_id_0200 ==> 7E0200004266000000000272F000000000000C000300C6475D049FAC88038B00000000260329055135010400000000140400000000150400000000160400000000170200002A020000300146310115567E
2026-03-29 05:52:07 - msg_id_0200 ==> 7E0200004266000000000272FB00000000000C000300C64762049FAC88038B00000000260329055206010400000000140400000000150400000000160400000000170200002A020000300146310116517E
2026-03-29 05:52:38 - msg_id_0200 ==> 7E02000042660000000002730600000000000C000300C64760049FAC88038B00000000260329055237010400000000140400000000150400000000160400000000170200002A0200003001463101149C7E
2026-03-29 05:53:09 - msg_id_0200 ==> 7E02000042660000000002731100000000000C000300C6475E049FAC88038B00000000260329055308010400000000140400000000150400000000160400000000170200002A020000300146310117887E
2026-03-29 05:53:40 - msg_id_0200 ==> 7E02000042660000000002731C00000000000C000300C6475E049FAC88038B00000000260329055339010400000000140400000000150400000000160400000000170200002A020000300146310115B67E
2026-03-29 05:54:11 - msg_id_0200 ==> 7E02000042660000000002732700000000000C000300C6475F049FAC88038B00000000260329055410010400000000140400000000150400000000160400000000170200002A020000300146310114A37E
2026-03-29 05:54:42 - msg_id_0200 ==> 7E02000042660000000002733200000000000C000300C6475D049FAC88038B00000000260329055441010400000000140400000000150400000000160400000000170200002A020000300146310116E77E
2026-03-29 05:55:13 - msg_id_0200 ==> 7E02000042660000000002733D00000000000C000300C6475C049FAC88038B00000000260329055512010400000000140400000000150400000000160400000000170200002A020000300146310113BE7E
2026-03-29 05:55:44 - msg_id_0200 ==> 7E02000042660000000002734800000000000C000300C6475B049FAC88038B00000000260329055543010400000000140400000000150400000000160400000000170200002A0200003001463101159B7E
2026-03-29 05:56:15 - msg_id_0200 ==> 7E02000042660000000002735300000000000C000300C6475D049FAC88038A00000000260329055614010400000000140400000000150400000000160400000000170200002A020000300146310113D57E
2026-03-29 05:56:46 - msg_id_0200 ==> 7E02000042660000000002735E00000000000C000300C6475E049FAC88038A00000000260329055645010400000000140400000000150400000000160400000000170200002A0200003001463101148D7E
2026-03-29 05:57:17 - msg_id_0200 ==> 7E02000042660000000002736900000000000C000300C6475D049FAC88038A00000000260329055716010400000000140400000000150400000000160400000000170200002A020000300146310115EA7E
2026-03-29 05:57:48 - msg_id_0200 ==> 7E02000042660000000002737400000000000C000300C6475B049FAC88038A00000000260329055747010400000000140400000000150400000000160400000000170200002A020000300146310112A77E
2026-03-29 05:58:19 - msg_id_0200 ==> 7E02000042660000000002737F00000100000C000300C64759049FAC80038A00000000260329055818010400000000140400000000150400000000160400000000170200002A020000300146310115F07E
2026-03-29 05:58:24 - msg_id_0200 ==> 7E02000042660000000002738200000000000C000300C64759049FAC80038A00000000260329055823010400000000140400000000150400000000160400000000170200002A020000300146310115377E
2026-03-29 05:58:55 - msg_id_0200 ==> 7E02000042660000000002738D00000000000C000300C64757049FAC80038A00000000260329055854010400000000140400000000150400000000160400000000170200002A020000300146310114407E
2026-03-29 05:59:26 - msg_id_0200 ==> 7E02000042660000000002739800000000000C000300C64758049FAC80038A00000000260329055925010400000000140400000000150400000000160400000000170200002A0200003001463101112F7E
2026-03-29 05:59:57 - msg_id_0200 ==> 7E0200004266000000000273A300000000000C000300C64759049FAC80038A00000000260329055956010400000000140400000000150400000000160400000000170200002A020000300146310112657E
2026-03-29 06:00:28 - msg_id_0200 ==> 7E0200004266000000000273AE00000000000C000300C64759049FAC88038A00000000260329060027010400000000140400000000150400000000160400000000170200002A0200003001463101144D7E
2026-03-29 06:00:59 - msg_id_0200 ==> 7E0200004266000000000273B900000000000C000300C6475A049FAC88038A00000000260329060058010400000000140400000000150400000000160400000000170200002A020000300146310113217E
2026-03-29 06:01:30 - msg_id_0200 ==> 7E0200004266000000000273C400000000000C000300C64758049FAC88038A00000000260329060129010400000000140400000000150400000000160400000000170200002A020000300146310115287E
2026-03-29 06:02:01 - msg_id_0200 ==> 7E0200004266000000000273CF00000000000C000300C64759049FAC88038A00000000260329060200010400000000140400000000150400000000160400000000170200002A020000300146310115087E
2026-03-29 06:02:32 - msg_id_0200 ==> 7E0200004266000000000273DA00000000000C000300C64758049FAC88038A00000000260329060231010400000000140400000000150400000000160400000000170200002A0200003001463101152D7E
2026-03-29 06:03:03 - msg_id_0200 ==> 7E0200004266000000000273E500000000000C000300C64758049FAC88038A00000000260329060302010400000000140400000000150400000000160400000000170200002A020000300146310115207E
2026-03-29 06:03:34 - msg_id_0200 ==> 7E0200004266000000000273F000000000000C000300C64756049FAC88038A00000000260329060333010400000000140400000000150400000000160400000000170200002A0200003001463101130C7E
2026-03-29 06:04:05 - msg_id_0200 ==> 7E0200004266000000000273FB00000000000C000300C64754049FAC88038A00000000260329060404010400000000140400000000150400000000160400000000170200002A020000300146310114327E
2026-03-29 06:04:36 - msg_id_0200 ==> 7E02000042660000000002740600000000000C000300C64754049FAC88038A00000000260329060435010400000000140400000000150400000000160400000000170200002A020000300146310114F97E
2026-03-29 06:05:07 - msg_id_0200 ==> 7E02000042660000000002741100000000000C000300C64756049FAC88038A00000000260329060506010400000000140400000000150400000000160400000000170200002A020000300146310115DF7E
2026-03-29 06:05:38 - msg_id_0200 ==> 7E02000042660000000002741C00000000000C000300C64756049FAC88038900000000260329060537010400000000140400000000150400000000160400000000170200002A020000300146310115E07E
2026-03-29 06:06:09 - msg_id_0200 ==> 7E02000042660000000002742700000000000C000300C64757049FAC88038900000000260329060608010400000000140400000000150400000000160400000000170200002A020000300146310114E77E
2026-03-29 06:06:40 - msg_id_0200 ==> 7E02000042660000000002743200000000000C000300C6475A049FAC80038A00000000260329060639010400000000140400000000150400000000160400000000170200002A020000300146310114C57E
2026-03-29 06:07:11 - msg_id_0200 ==> 7E02000042660000000002743D00000000000C000300C6475B049FAC80038A00000000260329060710010400000000140400000000150400000000160400000000170200002A020000300146310115E27E
2026-03-29 06:07:42 - msg_id_0200 ==> 7E02000042660000000002744800000000000C000300C64757049FAC80038900000000260329060741010400000000140400000000150400000000160400000000170200002A020000300146310115C97E
2026-03-29 06:08:13 - msg_id_0200 ==> 7E02000042660000000002745300000000000C000300C64756049FAC80038900000000260329060812010400000000140400000000150400000000160400000000170200002A020000300146310113897E
2026-03-29 06:08:44 - msg_id_0200 ==> 7E02000042660000000002745E00000000000C000300C64758049FAC80038900000000260329060843010400000000140400000000150400000000160400000000170200002A020000300146310114DC7E
2026-03-29 06:09:15 - msg_id_0200 ==> 7E02000042660000000002746900000000000C000300C64756049FAC80038900000000260329060914010400000000140400000000150400000000160400000000170200002A020000300146310111B67E
2026-03-29 06:09:45 - msg_id_0200 ==> 7E02000042660000000002747400000000000C000300C64756049FAC80038900000000260329060945010400000000140400000000150400000000160400000000170200002A020000300146310113F87E
2026-03-29 06:10:16 - msg_id_0200 ==> 7E02000042660000000002747F00000100000C000300C64756049FAC80038900000000260329061015010400000000140400000000150400000000160400000000170200002A020000300146310111B97E
2026-03-29 06:10:21 - msg_id_0200 ==> 7E02000042660000000002748200000000000C000300C64757049FAC80038900000000260329061020010400000000140400000000150400000000160400000000170200002A020000300146310113737E
2026-03-29 06:10:52 - msg_id_0200 ==> 7E02000042660000000002748D00000000000C000300C6474D049FAC80038900000000260329061051010400000000140400000000150400000000160400000000170200002A020000300146310113177E
2026-03-29 06:11:23 - msg_id_0200 ==> 7E02000042660000000002749800000000000C000300C64748049FAC88038900000000260329061122010400000000140400000000150400000000160400000000170200002A0200003001463101137D017E
2026-03-29 06:11:54 - msg_id_0200 ==> 7E0200004266000000000274A300000000000C000300C64744049FAC88038900000000260329061153010400000000140400000000150400000000160400000000170200002A0200003001463101133B7E
2026-03-29 06:12:25 - msg_id_0200 ==> 7E0200004266000000000274AE00000000000C000300C64742049FAC88038900000000260329061224010400000000140400000000150400000000160400000000170200002A020000300146310113447E
2026-03-29 06:12:56 - msg_id_0200 ==> 7E0200004266000000000274B900000000000C000300C64740049FAC80038900000000260329061255010400000000140400000000150400000000160400000000170200002A0200003001463101162D7E
2026-03-29 06:13:27 - msg_id_0200 ==> 7E0200004266000000000274C400000000000C000300C6473E049FAC80038800000000260329061326010400000000140400000000150400000000160400000000170200002A0200003001463101165D7E
2026-03-29 06:13:58 - msg_id_0200 ==> 7E0200004266000000000274CF00000000000C000300C64738049FAC78038800000000260329061357010400000000140400000000150400000000160400000000170200002A020000300146310114DB7E
2026-03-29 06:14:29 - msg_id_0200 ==> 7E0200004266000000000274DA00000000000C000300C64738049FAC78038800000000260329061428010400000000140400000000150400000000160400000000170200002A020000300146310116B47E
2026-03-29 06:15:00 - msg_id_0200 ==> 7E0200004266000000000274E500000000000C000300C64738049FAC78038800000000260329061459010400000000140400000000150400000000160400000000170200002A020000300146310117FB7E
2026-03-29 06:15:31 - msg_id_0200 ==> 7E0200004266000000000274F000000000000C000300C64739049FAC78038800000000260329061530010400000000140400000000150400000000160400000000170200002A020000300146310116867E
2026-03-29 06:16:02 - msg_id_0200 ==> 7E0200004266000000000274FB00000000000C000300C64737049FAC78038800000000260329061601010400000000140400000000150400000000160400000000170200002A020000300146310117B07E
2026-03-29 06:16:33 - msg_id_0200 ==> 7E02000042660000000002750600000000000C000300C64736049FAC70038800000000260329061632010400000000140400000000150400000000160400000000170200002A020000300146310117767E
2026-03-29 06:17:04 - msg_id_0200 ==> 7E02000042660000000002751100000000000C000300C64736049FAC70038800000000260329061703010400000000140400000000150400000000160400000000170200002A020000300146310117517E
2026-03-29 06:17:35 - msg_id_0200 ==> 7E02000042660000000002751C00000000000C000300C64735049FAC70038700000000260329061734010400000000140400000000150400000000160400000000170200002A020000300146310114647E
2026-03-29 06:18:06 - msg_id_0200 ==> 7E02000042660000000002752700000000000C000300C64732049FAC70038700000000260329061805010400000000140400000000150400000000160400000000170200002A020000300146310116647E
2026-03-29 06:18:37 - msg_id_0200 ==> 7E02000042660000000002753200000000000C000300C64731049FAC70038700000000260329061836010400000000140400000000150400000000160400000000170200002A020000300146310114437E
2026-03-29 06:19:08 - msg_id_0200 ==> 7E02000042660000000002753D00000000000C000300C64733049FAC70038700000000260329061907010400000000140400000000150400000000160400000000170200002A0200003001463101147D027E
2026-03-29 06:19:39 - msg_id_0200 ==> 7E02000042660000000002754800000000000C000300C64734049FAC70038700000000260329061938010400000000140400000000150400000000160400000000170200002A020000300146310115327E
2026-03-29 06:20:10 - msg_id_0200 ==> 7E02000042660000000002755300000000000C000300C64736049FAC70038700000000260329062009010400000000140400000000150400000000160400000000170200002A020000300146310114227E
2026-03-29 06:20:41 - msg_id_0200 ==> 7E02000042660000000002755E00000000000C000300C64736049FAC78038700000000260329062040010400000000140400000000150400000000160400000000170200002A0200003001463101146E7E
2026-03-29 06:21:12 - msg_id_0200 ==> 7E02000042660000000002756900000000000C000300C64739049FAC78038700000000260329062111010400000000140400000000150400000000160400000000170200002A020000300146310114067E
2026-03-29 06:21:43 - msg_id_0200 ==> 7E02000042660000000002757400000000000C000300C6473A049FAC78038700000000260329062142010400000000140400000000150400000000160400000000170200002A0200003001463101134C7E
2026-03-29 06:22:14 - msg_id_0200 ==> 7E02000042660000000002757F00000100000C000300C6473C049FAC78038700000000260329062213010400000000140400000000150400000000160400000000170200002A020000300146310114157E
2026-03-29 06:22:19 - msg_id_0200 ==> 7E02000042660000000002758200000000000C000300C6473C049FAC78038700000000260329062218010400000000140400000000150400000000160400000000170200002A020000300146310114E27E
2026-03-29 06:22:50 - msg_id_0200 ==> 7E02000042660000000002758D00000000000C000300C6473D049FAC80038700000000260329062249010400000000140400000000150400000000160400000000170200002A020000300146310112437E
2026-03-29 06:23:21 - msg_id_0200 ==> 7E02000042660000000002759800000000000C000300C6473E049FAC80038700000000260329062320010400000000140400000000150400000000160400000000170200002A0200003001463101123D7E
2026-03-29 06:23:52 - msg_id_0200 ==> 7E0200004266000000000275A300000000000C000300C64740049FAC80038700000000260329062351010400000000140400000000150400000000160400000000170200002A020000300146310113087E
2026-03-29 06:24:23 - msg_id_0200 ==> 7E0200004266000000000275AE00000000000C000300C64744049FAC80038700000000260329062422010400000000140400000000150400000000160400000000170200002A020000300146310112747E
2026-03-29 06:24:54 - msg_id_0200 ==> 7E0200004266000000000275B900000000000C000300C64747049FAC80038700000000260329062453010400000000140400000000150400000000160400000000170200002A020000300146310112117E
2026-03-29 06:25:25 - msg_id_0200 ==> 7E0200004266000000000275C400000000000C000300C64748049FAC80038700000000260329062524010400000000140400000000150400000000160400000000170200002A020000300146310113147E
2026-03-29 06:25:56 - msg_id_0200 ==> 7E0200004266000000000275CF00000000000C000300C64747049FAC80038700000000260329062555010400000000140400000000150400000000160400000000170200002A020000300146310113617E
2026-03-29 06:26:27 - msg_id_0200 ==> 7E0200004266000000000275DA00000000000C000300C64746049FAC80038700000000260329062626010400000000140400000000150400000000160400000000170200002A020000300146310112047E
2026-03-29 06:26:58 - msg_id_0200 ==> 7E0200004266000000000275E500000000000C000300C64745049FAC80038600000000260329062657010400000000140400000000150400000000160400000000170200002A0200003001463101154F7E
2026-03-29 06:27:29 - msg_id_0200 ==> 7E0200004266000000000275F000000000000C000300C64745049FAC80038600000000260329062728010400000000140400000000150400000000160400000000170200002A020000300146310114257E
2026-03-29 06:28:00 - msg_id_0200 ==> 7E0200004266000000000275FB00000000000C000300C64746049FAC78038600000000260329062759010400000000140400000000150400000000160400000000170200002A020000300146310115A57E
2026-03-29 06:28:31 - msg_id_0200 ==> 7E02000042660000000002760600000000000C000300C64747049FAC78038600000000260329062830010400000000140400000000150400000000160400000000170200002A0200003001463101133A7E
2026-03-29 06:29:02 - msg_id_0200 ==> 7E02000042660000000002761100000000000C000300C64748049FAC78038600000000260329062901010400000000140400000000150400000000160400000000170200002A020000300146310112137E
2026-03-29 06:29:33 - msg_id_0200 ==> 7E02000042660000000002761C00000000000C000300C6474A049FAC78038600000000260329062932010400000000140400000000150400000000160400000000170200002A0200003001463101132E7E
2026-03-29 06:30:04 - msg_id_0200 ==> 7E02000042660000000002762700000000000C000300C6474B049FAC78038600000000260329063003010400000000140400000000150400000000160400000000170200002A0200003001463101143B7E
2026-03-29 06:30:35 - msg_id_0200 ==> 7E02000042660000000002763200000000000C000300C6474C049FAC78038600000000260329063034010400000000140400000000150400000000160400000000170200002A0200003001463101141E7E
2026-03-29 06:31:06 - msg_id_0200 ==> 7E02000042660000000002763D00000000000C000300C6474E049FAC78038600000000260329063105010400000000140400000000150400000000160400000000170200002A020000300146310112257E
2026-03-29 06:31:37 - msg_id_0200 ==> 7E02000042660000000002764800000000000C000300C6474D049FAC78038600000000260329063136010400000000140400000000150400000000160400000000170200002A020000300146310112607E
2026-03-29 06:32:08 - msg_id_0200 ==> 7E02000042660000000002765300000000000C000300C6474C049FAC70038600000000260329063207010400000000140400000000150400000000160400000000170200002A020000300146310114467E
2026-03-29 06:32:39 - msg_id_0200 ==> 7E02000042660000000002765E00000000000C000300C6474C049FAC70038600000000260329063238010400000000140400000000150400000000160400000000170200002A020000300146310114747E
2026-03-29 06:33:10 - msg_id_0200 ==> 7E02000042660000000002766900000000000C000300C6474C049FAC70038600000000260329063309010400000000140400000000150400000000160400000000170200002A020000300146310113747E
2026-03-29 06:33:41 - msg_id_0200 ==> 7E02000042660000000002767400000000000C000300C6474A049FAC70038600000000260329063340010400000000140400000000150400000000160400000000170200002A020000300146310114217E
2026-03-29 06:34:11 - msg_id_0200 ==> 7E02000042660000000002767F00000100000C000300C64745049FAC70038600000000260329063411010400000000140400000000150400000000160400000000170200002A020000300146310112747E
2026-03-29 06:34:16 - msg_id_0200 ==> 7E02000042660000000002768200000000000C000300C64746049FAC70038600000000260329063415010400000000140400000000150400000000160400000000170200002A0200003001463101128F7E
2026-03-29 06:34:47 - msg_id_0200 ==> 7E02000042660000000002768D00000000000C000300C64748049FAC70038600000000260329063446010400000000140400000000150400000000160400000000170200002A020000300146310113DC7E
2026-03-29 06:35:18 - msg_id_0200 ==> 7E02000042660000000002769800000000000C000300C6474F049FAC68038600000000260329063517010400000000140400000000150400000000160400000000170200002A020000300146310113867E
2026-03-29 06:35:49 - msg_id_0200 ==> 7E0200004266000000000276A300000000000C000300C64750049FAC68038600000000260329063548010400000000140400000000150400000000160400000000170200002A020000300146310114FA7E
2026-03-29 06:36:20 - msg_id_0200 ==> 7E0200004266000000000276AE00000000000C000300C6474D049FAC60038500000000260329063619010400000000140400000000150400000000160400000000170200002A020000300146310112B57E
2026-03-29 06:36:51 - msg_id_0200 ==> 7E0200004266000000000276B900000000000C000300C6474A049FAC68038500000000260329063650010400000000140400000000150400000000160400000000170200002A020000300146310113E57E
2026-03-29 06:37:22 - msg_id_0200 ==> 7E0200004266000000000276C400000000000C000300C64749049FAC60038500000000260329063721010400000000140400000000150400000000160400000000170200002A020000300146310113E37E
2026-03-29 06:37:53 - msg_id_0200 ==> 7E0200004266000000000276CF00000000000C000300C64749049FAC60038500000000260329063752010400000000140400000000150400000000160400000000170200002A0200003001463101139B7E
2026-03-29 06:38:24 - msg_id_0200 ==> 7E0200004266000000000276DA00000000000C000300C6474A049FAC60038500000000260329063823010400000000140400000000150400000000160400000000170200002A020000300146310115F57E
2026-03-29 06:38:55 - msg_id_0200 ==> 7E0200004266000000000276E500000000000C000300C6474B049FAC60038500000000260329063854010400000000140400000000150400000000160400000000170200002A020000300146310115BC7E
2026-03-29 06:39:26 - msg_id_0200 ==> 7E0200004266000000000276F000000000000C000300C64749049FAC60038500000000260329063925010400000000140400000000150400000000160400000000170200002A020000300146310114DA7E
2026-03-29 06:39:57 - msg_id_0200 ==> 7E0200004266000000000276FB00000000000C000300C64746049FAC60038500000000260329063956010400000000140400000000150400000000160400000000170200002A020000300146310114AD7E
2026-03-29 06:40:28 - msg_id_0200 ==> 7E02000042660000000002770600000000000C000300C64743049FAC60038500000000260329064027010400000000140400000000150400000000160400000000170200002A0200003001463101175F7E
2026-03-29 06:40:59 - msg_id_0200 ==> 7E02000042660000000002771100000000000C000300C64744049FAC60038500000000260329064058010400000000140400000000150400000000160400000000170200002A020000300146310117307E
2026-03-29 06:41:30 - msg_id_0200 ==> 7E02000042660000000002771C00000000000C000300C64745049FAC60038500000000260329064129010400000000140400000000150400000000160400000000170200002A0200003001463101174C7E
2026-03-29 06:42:01 - msg_id_0200 ==> 7E02000042660000000002772700000000000C000300C64743049FAC60038500000000260329064200010400000000140400000000150400000000160400000000170200002A020000300146310115597E
2026-03-29 06:42:32 - msg_id_0200 ==> 7E02000042660000000002773200000000000C000300C64744049FAC60038400000000260329064231010400000000140400000000150400000000160400000000170200002A0200003001463101147A7E
2026-03-29 06:43:03 - msg_id_0200 ==> 7E02000042660000000002773D00000000000C000300C64745049FAC60038500000000260329064302010400000000140400000000150400000000160400000000170200002A020000300146310113407E
2026-03-29 06:43:34 - msg_id_0200 ==> 7E02000042660000000002774800000000000C000300C64747049FAC60038400000000260329064333010400000000140400000000150400000000160400000000170200002A020000300146310114007E
2026-03-29 06:44:05 - msg_id_0200 ==> 7E02000042660000000002775300000000000C000300C64747049FAC60038400000000260329064404010400000000140400000000150400000000160400000000170200002A0200003001463101152A7E
2026-03-29 06:44:36 - msg_id_0200 ==> 7E02000042660000000002775E00000000000C000300C64746049FAC60038400000000260329064435010400000000140400000000150400000000160400000000170200002A020000300146310115177E
2026-03-29 06:45:07 - msg_id_0200 ==> 7E02000042660000000002776900000000000C000300C64747049FAC60038400000000260329064506010400000000140400000000150400000000160400000000170200002A020000300146310114127E
2026-03-29 06:45:38 - msg_id_0200 ==> 7E02000042660000000002777400000000000C000300C64746049FAC60038400000000260329064537010400000000140400000000150400000000160400000000170200002A0200003001463101153E7E
2026-03-29 06:46:09 - msg_id_0200 ==> 7E02000042660000000002777F00000100000C000300C64745049FAC60038400000000260329064608010400000000140400000000150400000000160400000000170200002A020000300146310117097E
2026-03-29 06:46:14 - msg_id_0200 ==> 7E02000042660000000002778200000000000C000300C64745049FAC60038400000000260329064613010400000000140400000000150400000000160400000000170200002A020000300146310117EE7E
2026-03-29 06:46:45 - msg_id_0200 ==> 7E02000042660000000002778D00000000000C000300C64744049FAC60038400000000260329064644010400000000140400000000150400000000160400000000170200002A020000300146310117B77E
2026-03-29 06:47:16 - msg_id_0200 ==> 7E02000042660000000002779800000000000C000300C64742049FAC60038400000000260329064715010400000000140400000000150400000000160400000000170200002A020000300146310117F47E
2026-03-29 06:47:47 - msg_id_0200 ==> 7E0200004266000000000277A300000000000C000300C64740049FAC60038400000000260329064746010400000000140400000000150400000000160400000000170200002A0200003001463101179E7E
2026-03-29 06:48:18 - msg_id_0200 ==> 7E0200004266000000000277AE00000000000C000300C6473F049FAC60038400000000260329064817010400000000140400000000150400000000160400000000170200002A020000300146310115B07E
2026-03-29 06:48:49 - msg_id_0200 ==> 7E0200004266000000000277B900000000000C000300C6473F049FAC58038400000000260329064848010400000000140400000000150400000000160400000000170200002A020000300146310115C07E
2026-03-29 06:49:20 - msg_id_0200 ==> 7E0200004266000000000277C400000000000C000300C6473E049FAC58038400000000260329064919010400000000140400000000150400000000160400000000170200002A020000300146310114ED7E
2026-03-29 06:49:51 - msg_id_0200 ==> 7E0200004266000000000277CF00000000000C000300C6473F049FAC58038400000000260329064950010400000000140400000000150400000000160400000000170200002A020000300146310115AF7E
2026-03-29 06:50:22 - msg_id_0200 ==> 7E0200004266000000000277DA00000000000C000300C6473E049FAC58038400000000260329065021010400000000140400000000150400000000160400000000170200002A020000300146310115D37E
2026-03-29 06:50:53 - msg_id_0200 ==> 7E0200004266000000000277E500000000000C000300C6473E049FAC58038400000000260329065052010400000000140400000000150400000000160400000000170200002A0200003001463101159F7E
2026-03-29 06:51:24 - msg_id_0200 ==> 7E0200004266000000000277F000000000000C000300C6473F049FAC58038400000000260329065123010400000000140400000000150400000000160400000000170200002A020000300146310114FA7E
2026-03-29 06:51:55 - msg_id_0200 ==> 7E0200004266000000000277FB00000000000C000300C64741049FAC58038400000000260329065154010400000000140400000000150400000000160400000000170200002A020000300146310112FE7E
2026-03-29 06:52:26 - msg_id_0200 ==> 7E02000042660000000002780600000000000C000300C64741049FAC58038400000000260329065225010400000000140400000000150400000000160400000000170200002A0200003001463101137F7E
2026-03-29 06:52:57 - msg_id_0200 ==> 7E02000042660000000002781100000000000C000300C64742049FAC58038400000000260329065256010400000000140400000000150400000000160400000000170200002A020000300146310113187E
2026-03-29 06:53:28 - msg_id_0200 ==> 7E02000042660000000002781C00000000000C000300C64742049FAC58038400000000260329065327010400000000140400000000150400000000160400000000170200002A020000300146310114627E
2026-03-29 06:53:59 - msg_id_0200 ==> 7E02000042660000000002782700000000000C000300C64742049FAC58038400000000260329065358010400000000140400000000150400000000160400000000170200002A020000300146310113217E
2026-03-29 06:54:30 - msg_id_0200 ==> 7E02000042660000000002783200000000000C000300C64743049FAC58038400000000260329065429010400000000140400000000150400000000160400000000170200002A020000300146310114447E
2026-03-29 06:55:01 - msg_id_0200 ==> 7E02000042660000000002783D00000000000C000300C64745049FAC58038400000000260329065500010400000000140400000000150400000000160400000000170200002A020000300146310114657E
2026-03-29 06:55:32 - msg_id_0200 ==> 7E02000042660000000002784800000000000C000300C64747049FAC58038400000000260329065531010400000000140400000000150400000000160400000000170200002A020000300146310114237E
2026-03-29 06:56:03 - msg_id_0200 ==> 7E02000042660000000002785300000000000C000300C64748049FAC58038400000000260329065602010400000000140400000000150400000000160400000000170200002A020000300146310115067E
2026-03-29 06:56:34 - msg_id_0200 ==> 7E02000042660000000002785E00000000000C000300C64747049FAC58038400000000260329065633010400000000140400000000150400000000160400000000170200002A020000300146310117377E
2026-03-29 06:57:05 - msg_id_0200 ==> 7E02000042660000000002786900000000000C000300C64748049FAC58038400000000260329065704010400000000140400000000150400000000160400000000170200002A020000300146310117397E
2026-03-29 06:57:36 - msg_id_0200 ==> 7E02000042660000000002787400000000000C000300C64745049FAC58038400000000260329065735010400000000140400000000150400000000160400000000170200002A0200003001463101141B7E
2026-03-29 06:58:06 - msg_id_0200 ==> 7E02000042660000000002787F00000100000C000300C64743049FAC60038400000000260329065805010400000000140400000000150400000000160400000000170200002A020000300146310117137E
2026-03-29 06:58:11 - msg_id_0200 ==> 7E02000042660000000002788200000000000C000300C64743049FAC60038400000000260329065810010400000000140400000000150400000000160400000000170200002A020000300146310117FA7E
2026-03-29 06:58:42 - msg_id_0200 ==> 7E02000042660000000002788D00000000000C000300C64742049FAC60038400000000260329065841010400000000140400000000150400000000160400000000170200002A020000300146310116A47E
2026-03-29 06:59:13 - msg_id_0200 ==> 7E02000042660000000002789800000000000C000300C64740049FAC68038300000000260329065912010400000000140400000000150400000000160400000000170200002A020000300146310117EF7E
2026-03-29 06:59:44 - msg_id_0200 ==> 7E0200004266000000000278A300000000000C000300C64740049FAC68038300000000260329065943010400000000140400000000150400000000160400000000170200002A020000300146310116847E
2026-03-29 07:00:15 - msg_id_0200 ==> 7E0200004266000000000278AE00000000000C000300C64741049FAC70038300000000260329070014010400000000140400000000150400000000160400000000170200002A0200003001463101159C7E
2026-03-29 07:00:46 - msg_id_0200 ==> 7E0200004266000000000278B900000000000C000300C64742049FAC70038300000000260329070045010400000000140400000000150400000000160400000000170200002A020000300146310115D97E
2026-03-29 07:01:17 - msg_id_0200 ==> 7E0200004266000000000278C400000000000C000300C64743049FAC70038300000000260329070116010400000000140400000000150400000000160400000000170200002A020000300146310115F77E
2026-03-29 07:01:48 - msg_id_0200 ==> 7E0200004266000000000278CF00000000000C000300C64745049FAC70038300000000260329070147010400000000140400000000150400000000160400000000170200002A020000300146310113AD7E
2026-03-29 07:02:19 - msg_id_0200 ==> 7E0200004266000000000278DA00000000000C000300C64749049FAC78038300000000260329070218010400000000140400000000150400000000160400000000170200002A020000300146310115E67E
2026-03-29 07:02:50 - msg_id_0200 ==> 7E0200004266000000000278E500000000000C000300C6474A049FAC78038300000000260329070249010400000000140400000000150400000000160400000000170200002A0200003001463101158B7E
2026-03-29 07:03:21 - msg_id_0200 ==> 7E0200004266000000000278F000000000000C000300C6474A049FAC78038300000000260329070320010400000000140400000000150400000000160400000000170200002A020000300146310115F67E
2026-03-29 07:03:52 - msg_id_0200 ==> 7E0200004266000000000278FB00000000000C000300C6474B049FAC80038300000000260329070351010400000000140400000000150400000000160400000000170200002A020000300146310115757E
2026-03-29 07:04:23 - msg_id_0200 ==> 7E02000042660000000002790600000000000C000300C6474D049FAC80038300000000260329070422010400000000140400000000150400000000160400000000170200002A020000300146310115FB7E
2026-03-29 07:04:54 - msg_id_0200 ==> 7E02000042660000000002791100000000000C000300C6474F049FAC80038300000000260329070453010400000000140400000000150400000000160400000000170200002A0200003001463101149E7E
2026-03-29 07:05:25 - msg_id_0200 ==> 7E02000042660000000002791C00000000000C000300C64753049FAC80038300000000260329070524010400000000140400000000150400000000160400000000170200002A020000300146310115F87E
2026-03-29 07:05:56 - msg_id_0200 ==> 7E02000042660000000002792700000000000C000300C64756049FAC80038400000000260329070555010400000000140400000000150400000000160400000000170200002A020000300146310114B17E
2026-03-29 07:06:27 - msg_id_0200 ==> 7E02000042660000000002793200000000000C000300C64759049FAC80038400000000260329070626010400000000140400000000150400000000160400000000170200002A020000300146310114DB7E
2026-03-29 07:06:58 - msg_id_0200 ==> 7E02000042660000000002793D00000000000C000300C6475A049FAC80038300000000260329070657010400000000140400000000150400000000160400000000170200002A020000300146310114A17E
2026-03-29 07:07:29 - msg_id_0200 ==> 7E02000042660000000002794800000000000C000300C6475A049FAC88038300000000260329070728010400000000140400000000150400000000160400000000170200002A020000300146310113A57E
2026-03-29 07:08:00 - msg_id_0200 ==> 7E02000042660000000002795300000000000C000300C64758049FAC88038300000000260329070759010400000000140400000000150400000000160400000000170200002A020000300146310114CA7E
2026-03-29 07:08:31 - msg_id_0200 ==> 7E02000042660000000002795E00000000000C000300C64758049FAC88038300000000260329070830010400000000140400000000150400000000160400000000170200002A020000300146310112A77E
2026-03-29 07:09:02 - msg_id_0200 ==> 7E02000042660000000002796900000000000C000300C64759049FAC88038300000000260329070901010400000000140400000000150400000000160400000000170200002A020000300146310113A07E
2026-03-29 07:09:33 - msg_id_0200 ==> 7E02000042660000000002797400000000000C000300C64758049FAC88038300000000260329070932010400000000140400000000150400000000160400000000170200002A020000300146310114887E
2026-03-29 07:10:04 - msg_id_0200 ==> 7E02000042660000000002797F00000100000C000300C64759049FAC88038300000000260329071003010400000000140400000000150400000000160400000000170200002A020000300146310116A97E
2026-03-29 07:10:09 - msg_id_0200 ==> 7E02000042660000000002798200000000000C000300C6475A049FAC88038300000000260329071008010400000000140400000000150400000000160400000000170200002A0200003001463101155E7E
2026-03-29 07:10:40 - msg_id_0200 ==> 7E02000042660000000002798D00000000000C000300C6475B049FAC88038300000000260329071039010400000000140400000000150400000000160400000000170200002A020000300146310116627E
2026-03-29 07:11:11 - msg_id_0200 ==> 7E02000042660000000002799800000000000C000300C64759049FAC88038300000000260329071110010400000000140400000000150400000000160400000000170200002A0200003001463101145F7E
2026-03-29 07:11:42 - msg_id_0200 ==> 7E0200004266000000000279A300000000000C000300C64757049FAC88038300000000260329071141010400000000140400000000150400000000160400000000170200002A0200003001463101143B7E
2026-03-29 07:12:13 - msg_id_0200 ==> 7E0200004266000000000279AE00000000000C000300C6475A049FAC88038300000000260329071212010400000000140400000000150400000000160400000000170200002A0200003001463101156A7E
2026-03-29 07:12:44 - msg_id_0200 ==> 7E0200004266000000000279B900000000000C000300C6475B049FAC88038300000000260329071243010400000000140400000000150400000000160400000000170200002A0200003001463101162E7E
2026-03-29 07:13:15 - msg_id_0200 ==> 7E0200004266000000000279C400000000000C000300C6475B049FAC88038300000000260329071314010400000000140400000000150400000000160400000000170200002A020000300146310117047E
2026-03-29 07:13:46 - msg_id_0200 ==> 7E0200004266000000000279CF00000000000C000300C6475C049FAC88038300000000260329071345010400000000140400000000150400000000160400000000170200002A0200003001463101145A7E
2026-03-29 07:14:17 - msg_id_0200 ==> 7E0200004266000000000279DA00000000000C000300C6475A049FAC88038300000000260329071416010400000000140400000000150400000000160400000000170200002A0200003001463101161F7E
2026-03-29 07:14:48 - msg_id_0200 ==> 7E0200004266000000000279E500000000000C000300C6475A049FAC88038300000000260329071447010400000000140400000000150400000000160400000000170200002A020000300146310116717E
2026-03-29 07:15:19 - msg_id_0200 ==> 7E0200004266000000000279F000000000000C000300C6475B049FAC88038300000000260329071518010400000000140400000000150400000000160400000000170200002A0200003001463101163B7E
2026-03-29 07:15:50 - msg_id_0200 ==> 7E0200004266000000000279FB00000000000C000300C6475C049FAC88038300000000260329071549010400000000140400000000150400000000160400000000170200002A020000300146310116667E
2026-03-29 07:16:21 - msg_id_0200 ==> 7E020000426600000000027A0600000000000C000300C6475E049FAC88038300000000260329071620010400000000140400000000150400000000160400000000170200002A020000300146310114F27E
2026-03-29 07:16:52 - msg_id_0200 ==> 7E020000426600000000027A1100000000000C000300C6475E049FAC88038300000000260329071651010400000000140400000000150400000000160400000000170200002A020000300146310112927E
2026-03-29 07:17:23 - msg_id_0200 ==> 7E020000426600000000027A1C00000000000C000300C6475F049FAC88038300000000260329071722010400000000140400000000150400000000160400000000170200002A020000300146310113ED7E
2026-03-29 07:17:54 - msg_id_0200 ==> 7E020000426600000000027A2700000000000C000300C6475F049FAC88038300000000260329071753010400000000140400000000150400000000160400000000170200002A020000300146310115A17E
2026-03-29 07:18:25 - msg_id_0200 ==> 7E020000426600000000027A3200000000000C000300C6475F049FAC90038300000000260329071824010400000000140400000000150400000000160400000000170200002A020000300146310115D47E
2026-03-29 07:18:56 - msg_id_0200 ==> 7E020000426600000000027A3D00000000000C000300C64760049FAC90038300000000260329071855010400000000140400000000150400000000160400000000170200002A020000300146310115957E
2026-03-29 07:19:27 - msg_id_0200 ==> 7E020000426600000000027A4800000000000C000300C6475F049FAC90038300000000260329071926010400000000140400000000150400000000160400000000170200002A020000300146310116AE7E
2026-03-29 07:19:58 - msg_id_0200 ==> 7E020000426600000000027A5300000000000C000300C64760049FAC90038300000000260329071957010400000000140400000000150400000000160400000000170200002A020000300146310118F57E
2026-03-29 07:20:29 - msg_id_0200 ==> 7E020000426600000000027A5E00000000000C000300C6475E049FAC90038400000000260329072028010400000000140400000000150400000000160400000000170200002A020000300146310119867E
2026-03-29 07:21:00 - msg_id_0200 ==> 7E020000426600000000027A6900000000000C000300C6475F049FAC90038400000000260329072059010400000000140400000000150400000000160400000000170200002A020000300146310119C17E
2026-03-29 07:21:31 - msg_id_0200 ==> 7E020000426600000000027A7400000000000C000300C6475E049FAC90038400000000260329072130010400000000140400000000150400000000160400000000170200002A020000300146310119B57E
2026-03-29 07:22:01 - msg_id_0200 ==> 7E020000426600000000027A7F00000100000C000300C6475A049FAC90038400000000260329072200010400000000140400000000150400000000160400000000170200002A020000300146310119887E
2026-03-29 07:22:07 - msg_id_0200 ==> 7E020000426600000000027A8200000000000C000300C64759049FAC90038400000000260329072206010400000000140400000000150400000000160400000000170200002A020000300146310118707E
2026-03-29 07:22:38 - msg_id_0200 ==> 7E020000426600000000027A8D00000000000C000300C64757049FAC90038400000000260329072237010400000000140400000000150400000000160400000000170200002A0200003001463101164E7E
2026-03-29 07:23:09 - msg_id_0200 ==> 7E020000426600000000027A9800000000000C000300C64757049FAC90038400000000260329072308010400000000140400000000150400000000160400000000170200002A020000300146310115667E
2026-03-29 07:23:40 - msg_id_0200 ==> 7E020000426600000000027AA300000000000C000300C64755049FAC90038400000000260329072339010400000000140400000000150400000000160400000000170200002A0200003001463101176C7E
2026-03-29 07:24:11 - msg_id_0200 ==> 7E020000426600000000027AAE00000000000C000300C64755049FAC90038400000000260329072410010400000000140400000000150400000000160400000000170200002A0200003001463101164E7E
2026-03-29 07:24:42 - msg_id_0200 ==> 7E020000426600000000027AB900000000000C000300C64753049FAC90038400000000260329072441010400000000140400000000150400000000160400000000170200002A0200003001463101150D7E
2026-03-29 07:25:13 - msg_id_0200 ==> 7E020000426600000000027AC400000000000C000300C64753049FAC90038400000000260329072512010400000000140400000000150400000000160400000000170200002A020000300146310116217E
2026-03-29 07:25:44 - msg_id_0200 ==> 7E020000426600000000027ACF00000000000C000300C64751049FAC90038400000000260329072543010400000000140400000000150400000000160400000000170200002A020000300146310117787E
2026-03-29 07:26:15 - msg_id_0200 ==> 7E020000426600000000027ADA00000000000C000300C64750049FAC90038400000000260329072614010400000000140400000000150400000000160400000000170200002A020000300146310117387E
2026-03-29 07:26:46 - msg_id_0200 ==> 7E020000426600000000027AE500000000000C000300C6474E049FAC90038400000000260329072645010400000000140400000000150400000000160400000000170200002A020000300146310117487E
2026-03-29 07:27:17 - msg_id_0200 ==> 7E020000426600000000027AF000000000000C000300C6474A049FAC90038400000000260329072716010400000000140400000000150400000000160400000000170200002A0200003001463101160A7E
2026-03-29 07:27:48 - msg_id_0200 ==> 7E020000426600000000027AFB00000000000C000300C64749049FAC90038400000000260329072747010400000000140400000000150400000000160400000000170200002A020000300146310115507E
2026-03-29 07:28:19 - msg_id_0200 ==> 7E020000426600000000027B0600000000000C000300C64745049FAC88038400000000260329072818010400000000140400000000150400000000160400000000170200002A020000300146310117EA7E
2026-03-29 07:28:50 - msg_id_0200 ==> 7E020000426600000000027B1100000000000C000300C64744049FAC88038400000000260329072849010400000000140400000000150400000000160400000000170200002A020000300146310117AD7E
2026-03-29 07:29:21 - msg_id_0200 ==> 7E020000426600000000027B1C00000000000C000300C64744049FAC88038400000000260329072920010400000000140400000000150400000000160400000000170200002A020000300146310116C97E
2026-03-29 07:29:52 - msg_id_0200 ==> 7E020000426600000000027B2700000000000C000300C64742049FAC88038500000000260329072951010400000000140400000000150400000000160400000000170200002A0200003001463101188A7E
2026-03-29 07:30:23 - msg_id_0200 ==> 7E020000426600000000027B3200000000000C000300C64739049FAC88038500000000260329073022010400000000140400000000150400000000160400000000170200002A020000300146310113857E
2026-03-29 07:30:54 - msg_id_0200 ==> 7E020000426600000000027B3D00000000000C000300C64736049FAC80038500000000260329073053010400000000140400000000150400000000160400000000170200002A020000300146310117F87E
2026-03-29 07:31:25 - msg_id_0200 ==> 7E020000426600000000027B4800000000000C000300C6473D049FAC80038500000000260329073124010400000000140400000000150400000000160400000000170200002A020000300146310117F07E
2026-03-29 07:31:56 - msg_id_0200 ==> 7E020000426600000000027B5300000000000C000300C64740049FAC80038500000000260329073155010400000000140400000000150400000000160400000000170200002A020000300146310118E87E
2026-03-29 07:32:27 - msg_id_0200 ==> 7E020000426600000000027B5E00000000000C000300C64740049FAC80038500000000260329073226010400000000140400000000150400000000160400000000170200002A020000300146310118957E
2026-03-29 07:32:58 - msg_id_0200 ==> 7E020000426600000000027B6900000000000C000300C64742049FAC80038500000000260329073257010400000000140400000000150400000000160400000000170200002A020000300146310116DF7E
2026-03-29 07:33:29 - msg_id_0200 ==> 7E020000426600000000027B7400000000000C000300C64742049FAC78038500000000260329073328010400000000140400000000150400000000160400000000170200002A0200003001463101184A7E
2026-03-29 07:33:59 - msg_id_0200 ==> 7E020000426600000000027B7F00000100000C000300C64741049FAC78038500000000260329073358010400000000140400000000150400000000160400000000170200002A0200003001463101173C7E
2026-03-29 07:34:04 - msg_id_0200 ==> 7E020000426600000000027B8200000000000C000300C64741049FAC78038500000000260329073403010400000000140400000000150400000000160400000000170200002A0200003001463101179C7E
2026-03-29 07:34:35 - msg_id_0200 ==> 7E020000426600000000027B8D00000000000C000300C64742049FAC78038500000000260329073434010400000000140400000000150400000000160400000000170200002A020000300146310117A77E
2026-03-29 07:35:06 - msg_id_0200 ==> 7E020000426600000000027B9800000000000C000300C64742049FAC70038500000000260329073505010400000000140400000000150400000000160400000000170200002A020000300146310118857E
2026-03-29 07:35:37 - msg_id_0200 ==> 7E020000426600000000027BA300000000000C000300C64742049FAC70038600000000260329073536010400000000140400000000150400000000160400000000170200002A020000300146310117817E
2026-03-29 07:36:08 - msg_id_0200 ==> 7E020000426600000000027BAE00000000000C000300C64741049FAC68038600000000260329073607010400000000140400000000150400000000160400000000170200002A020000300146310118AA7E
2026-03-29 07:36:39 - msg_id_0200 ==> 7E020000426600000000027BB900000000000C000300C64742049FAC68038600000000260329073638010400000000140400000000150400000000160400000000170200002A020000300146310118817E
2026-03-29 07:37:10 - msg_id_0200 ==> 7E020000426600000000027BC400000000000C000300C64743049FAC68038600000000260329073709010400000000140400000000150400000000160400000000170200002A020000300146310117C27E
2026-03-29 07:37:41 - msg_id_0200 ==> 7E020000426600000000027BCF00000000000C000300C64742049FAC68038600000000260329073740010400000000140400000000150400000000160400000000170200002A020000300146310112847E
2026-03-29 07:38:12 - msg_id_0200 ==> 7E020000426600000000027BDA00000000000C000300C64745049FAC68038600000000260329073811010400000000140400000000150400000000160400000000170200002A020000300146310114CE7E
2026-03-29 07:38:43 - msg_id_0200 ==> 7E020000426600000000027BE500000000000C000300C64747049FAC68038600000000260329073842010400000000140400000000150400000000160400000000170200002A020000300146310115A17E
2026-03-29 07:39:14 - msg_id_0200 ==> 7E020000426600000000027BF000000000000C000300C64746049FAC70038600000000260329073913010400000000140400000000150400000000160400000000170200002A020000300146310115FD7E
2026-03-29 07:39:45 - msg_id_0200 ==> 7E020000426600000000027BFB00000000000C000300C64745049FAC70038600000000260329073944010400000000140400000000150400000000160400000000170200002A020000300146310116A17E
2026-03-29 07:40:16 - msg_id_0200 ==> 7E020000426600000000027C0600000000000C000300C64746049FAC70038600000000260329074015010400000000140400000000150400000000160400000000170200002A020000300146310114727E
2026-03-29 07:40:47 - msg_id_0200 ==> 7E020000426600000000027C1100000000000C000300C64745049FAC68038600000000260329074046010400000000140400000000150400000000160400000000170200002A0200003001463101142D7E
2026-03-29 07:41:18 - msg_id_0200 ==> 7E020000426600000000027C1C00000000000C000300C64746049FAC68038600000000260329074117010400000000140400000000150400000000160400000000170200002A020000300146310117707E
2026-03-29 07:41:49 - msg_id_0200 ==> 7E020000426600000000027C2700000000000C000300C64749049FAC68038600000000260329074148010400000000140400000000150400000000160400000000170200002A0200003001463101171B7E
2026-03-29 07:42:20 - msg_id_0200 ==> 7E020000426600000000027C3200000000000C000300C64748049FAC70038600000000260329074219010400000000140400000000150400000000160400000000170200002A020000300146310116447E
2026-03-29 07:42:51 - msg_id_0200 ==> 7E020000426600000000027C3D00000000000C000300C64747049FAC70038600000000260329074250010400000000140400000000150400000000160400000000170200002A0200003001463101170C7E
2026-03-29 07:43:22 - msg_id_0200 ==> 7E020000426600000000027C4800000000000C000300C64746049FAC68038600000000260329074321010400000000140400000000150400000000160400000000170200002A0200003001463101181F7E
2026-03-29 07:43:53 - msg_id_0200 ==> 7E020000426600000000027C5300000000000C000300C64746049FAC68038600000000260329074352010400000000140400000000150400000000160400000000170200002A020000300146310116797E
2026-03-29 07:44:24 - msg_id_0200 ==> 7E020000426600000000027C5E00000000000C000300C64745049FAC68038600000000260329074423010400000000140400000000150400000000160400000000170200002A0200003001463101180F7E
2026-03-29 07:44:55 - msg_id_0200 ==> 7E020000426600000000027C6900000000000C000300C64746049FAC60038600000000260329074454010400000000140400000000150400000000160400000000170200002A0200003001463101174B7E
2026-03-29 07:45:26 - msg_id_0200 ==> 7E020000426600000000027C7400000000000C000300C64746049FAC60038600000000260329074525010400000000140400000000150400000000160400000000170200002A020000300146310117267E
2026-03-29 07:45:57 - msg_id_0200 ==> 7E020000426600000000027C7F00000100000C000300C64745049FAC60038600000000260329074556010400000000140400000000150400000000160400000000170200002A0200003001463101175C7E
2026-03-29 07:46:02 - msg_id_0200 ==> 7E020000426600000000027C8200000000000C000300C64745049FAC60038600000000260329074601010400000000140400000000150400000000160400000000170200002A020000300146310117F47E
2026-03-29 07:46:33 - msg_id_0200 ==> 7E020000426600000000027C8D00000000000C000300C64744049FAC60038600000000260329074632010400000000140400000000150400000000160400000000170200002A020000300146310115CB7E
2026-03-29 07:47:04 - msg_id_0200 ==> 7E020000426600000000027C9800000000000C000300C64745049FAC60038600000000260329074703010400000000140400000000150400000000160400000000170200002A020000300146310116EC7E
2026-03-29 07:47:35 - msg_id_0200 ==> 7E020000426600000000027CA300000000000C000300C64744049FAC60038600000000260329074734010400000000140400000000150400000000160400000000170200002A020000300146310116E17E
2026-03-29 07:48:06 - msg_id_0200 ==> 7E020000426600000000027CAE00000000000C000300C64744049FAC60038600000000260329074805010400000000140400000000150400000000160400000000170200002A020000300146310118DC7E
2026-03-29 07:48:37 - msg_id_0200 ==> 7E020000426600000000027CB900000000000C000300C64744049FAC60038600000000260329074836010400000000140400000000150400000000160400000000170200002A020000300146310118F87E
2026-03-29 07:49:08 - msg_id_0200 ==> 7E020000426600000000027CC400000000000C000300C64746049FAC60038600000000260329074907010400000000140400000000150400000000160400000000170200002A020000300146310117B87E
2026-03-29 07:49:39 - msg_id_0200 ==> 7E020000426600000000027CCF00000000000C000300C64745049FAC68038600000000260329074938010400000000140400000000150400000000160400000000170200002A020000300146310117877E
2026-03-29 07:50:10 - msg_id_0200 ==> 7E020000426600000000027CDA00000000000C000300C64744049FAC68038600000000260329075009010400000000140400000000150400000000160400000000170200002A020000300146310115B97E
2026-03-29 07:50:41 - msg_id_0200 ==> 7E020000426600000000027CE500000000000C000300C64743049FAC68038600000000260329075040010400000000140400000000150400000000160400000000170200002A020000300146310114C97E
2026-03-29 07:51:12 - msg_id_0200 ==> 7E020000426600000000027CF000000000000C000300C64742049FAC68038600000000260329075111010400000000140400000000150400000000160400000000170200002A0200003001463101158C7E
2026-03-29 07:51:43 - msg_id_0200 ==> 7E020000426600000000027CFB00000000000C000300C64742049FAC68038600000000260329075142010400000000140400000000150400000000160400000000170200002A020000300146310118D97E
2026-03-29 07:52:14 - msg_id_0200 ==> 7E020000426600000000027D010600000000000C000300C6473E049FAC68038600000000260329075213010400000000140400000000150400000000160400000000170200002A020000300146310117047E
2026-03-29 07:52:45 - msg_id_0200 ==> 7E020000426600000000027D011100000000000C000300C6473C049FAC60038600000000260329075244010400000000140400000000150400000000160400000000170200002A020000300146310118417E
2026-03-29 07:53:16 - msg_id_0200 ==> 7E020000426600000000027D011C00000000000C000300C6473E049FAC68038600000000260329075315010400000000140400000000150400000000160400000000170200002A020000300146310117197E
2026-03-29 07:53:47 - msg_id_0200 ==> 7E020000426600000000027D012700000000000C000300C6473D049FAC68038600000000260329075346010400000000140400000000150400000000160400000000170200002A020000300146310115707E
2026-03-29 07:54:18 - msg_id_0200 ==> 7E020000426600000000027D013200000000000C000300C6473C049FAC60038600000000260329075417010400000000140400000000150400000000160400000000170200002A020000300146310116397E
2026-03-29 07:54:49 - msg_id_0200 ==> 7E020000426600000000027D013D00000000000C000300C64739049FAC68038600000000260329075448010400000000140400000000150400000000160400000000170200002A0200003001463101186A7E
2026-03-29 07:55:20 - msg_id_0200 ==> 7E020000426600000000027D014800000000000C000300C64739049FAC60038600000000260329075519010400000000140400000000150400000000160400000000170200002A020000300146310116497E
2026-03-29 07:55:51 - msg_id_0200 ==> 7E020000426600000000027D015300000000000C000300C64738049FAC68038600000000260329075550010400000000140400000000150400000000160400000000170200002A020000300146310117137E
2026-03-29 07:56:22 - msg_id_0200 ==> 7E020000426600000000027D015E00000000000C000300C64736049FAC68038600000000260329075621010400000000140400000000150400000000160400000000170200002A020000300146310115607E
2026-03-29 07:56:53 - msg_id_0200 ==> 7E020000426600000000027D016900000000000C000300C64736049FAC68038600000000260329075652010400000000140400000000150400000000160400000000170200002A020000300146310116277E
2026-03-29 07:57:24 - msg_id_0200 ==> 7E020000426600000000027D017400000000000C000300C64737049FAC68038500000000260329075723010400000000140400000000150400000000160400000000170200002A020000300146310117497E
2026-03-29 07:57:54 - msg_id_0200 ==> 7E020000426600000000027D017F00000100000C000300C64739049FAC68038500000000260329075753010400000000140400000000150400000000160400000000170200002A0200003001463101173D7E
2026-03-29 07:57:59 - msg_id_0200 ==> 7E020000426600000000027D018200000000000C000300C6473A049FAC68038500000000260329075758010400000000140400000000150400000000160400000000170200002A020000300146310117C97E
2026-03-29 07:58:30 - msg_id_0200 ==> 7E020000426600000000027D018D00000000000C000300C6473A049FAC60038500000000260329075829010400000000140400000000150400000000160400000000170200002A020000300146310118BF7E
2026-03-29 07:59:01 - msg_id_0200 ==> 7E020000426600000000027D019800000000000C000300C6473A049FAC60038500000000260329075900010400000000140400000000150400000000160400000000170200002A020000300146310118827E
2026-03-29 07:59:32 - msg_id_0200 ==> 7E020000426600000000027D01A300000000000C000300C64739049FAC60038500000000260329075931010400000000140400000000150400000000160400000000170200002A020000300146310116857E
2026-03-29 08:00:03 - msg_id_0200 ==> 7E020000426600000000027D01AE00000000000C000300C64738049FAC60038500000000260329080002010400000000140400000000150400000000160400000000170200002A020000300146310118E27E
2026-03-29 08:00:34 - msg_id_0200 ==> 7E020000426600000000027D01B900000000000C000300C64736049FAC60038500000000260329080033010400000000140400000000150400000000160400000000170200002A020000300146310116C47E
2026-03-29 08:01:05 - msg_id_0200 ==> 7E020000426600000000027D01C400000000000C000300C64737049FAC60038500000000260329080104010400000000140400000000150400000000160400000000170200002A0200003001463101168E7E
2026-03-29 08:01:36 - msg_id_0200 ==> 7E020000426600000000027D01CF00000000000C000300C64738049FAC60038500000000260329080135010400000000140400000000150400000000160400000000170200002A020000300146310117BA7E
2026-03-29 08:02:07 - msg_id_0200 ==> 7E020000426600000000027D01DA00000000000C000300C64738049FAC60038600000000260329080206010400000000140400000000150400000000160400000000170200002A0200003001463101169D7E
2026-03-29 08:02:38 - msg_id_0200 ==> 7E020000426600000000027D01E500000000000C000300C64738049FAC68038600000000260329080237010400000000140400000000150400000000160400000000170200002A0200003001463101179A7E
2026-03-29 08:03:09 - msg_id_0200 ==> 7E020000426600000000027D01F000000000000C000300C6473A049FAC68038600000000260329080308010400000000140400000000150400000000160400000000170200002A020000300146310116B27E
2026-03-29 08:03:40 - msg_id_0200 ==> 7E020000426600000000027D01FB00000000000C000300C6473B049FAC68038600000000260329080339010400000000140400000000150400000000160400000000170200002A020000300146310118877E
2026-03-29 08:04:11 - msg_id_0200 ==> 7E020000426600000000027D020600000000000C000300C6473B049FAC60038600000000260329080410010400000000140400000000150400000000160400000000170200002A020000300146310117507E
2026-03-29 08:04:42 - msg_id_0200 ==> 7E020000426600000000027D021100000000000C000300C6473A049FAC68038600000000260329080441010400000000140400000000150400000000160400000000170200002A0200003001463101161E7E
2026-03-29 08:05:13 - msg_id_0200 ==> 7E020000426600000000027D021C00000000000C000300C6473C049FAC68038600000000260329080512010400000000140400000000150400000000160400000000170200002A020000300146310117467E
2026-03-29 08:05:44 - msg_id_0200 ==> 7E020000426600000000027D022700000000000C000300C6473D049FAC68038600000000260329080543010400000000140400000000150400000000160400000000170200002A0200003001463101152F7E
2026-03-29 08:06:15 - msg_id_0200 ==> 7E020000426600000000027D023200000000000C000300C6473F049FAC68038600000000260329080614010400000000140400000000150400000000160400000000170200002A0200003001463101176E7E
2026-03-29 08:06:46 - msg_id_0200 ==> 7E020000426600000000027D023D00000000000C000300C6473F049FAC68038600000000260329080645010400000000140400000000150400000000160400000000170200002A020000300146310115327E
2026-03-29 08:07:17 - msg_id_0200 ==> 7E020000426600000000027D024800000000000C000300C6473F049FAC70038600000000260329080716010400000000140400000000150400000000160400000000170200002A0200003001463101150D7E
2026-03-29 08:07:48 - msg_id_0200 ==> 7E020000426600000000027D025300000000000C000300C64740049FAC70038600000000260329080747010400000000140400000000150400000000160400000000170200002A0200003001463101163B7E
2026-03-29 08:08:19 - msg_id_0200 ==> 7E020000426600000000027D025E00000000000C000300C64742049FAC70038600000000260329080818010400000000140400000000150400000000160400000000170200002A020000300146310114667E
2026-03-29 08:08:50 - msg_id_0200 ==> 7E020000426600000000027D026900000000000C000300C64743049FAC70038600000000260329080849010400000000140400000000150400000000160400000000170200002A020000300146310114017E
2026-03-29 08:09:21 - msg_id_0200 ==> 7E020000426600000000027D027400000000000C000300C64742049FAC70038600000000260329080920010400000000140400000000150400000000160400000000170200002A020000300146310115747E
2026-03-29 08:09:52 - msg_id_0200 ==> 7E020000426600000000027D027F00000100000C000300C64742049FAC70038600000000260329080951010400000000140400000000150400000000160400000000170200002A0200003001463101160C7E
2026-03-29 08:09:57 - msg_id_0200 ==> 7E020000426600000000027D028200000000000C000300C64742049FAC70038600000000260329080956010400000000140400000000150400000000160400000000170200002A020000300146310116F77E
2026-03-29 08:10:28 - msg_id_0200 ==> 7E020000426600000000027D028D00000000000C000300C64742049FAC70038600000000260329081027010400000000140400000000150400000000160400000000170200002A020000300146310116907E
2026-03-29 08:10:59 - msg_id_0200 ==> 7E020000426600000000027D029800000000000C000300C64742049FAC70038600000000260329081058010400000000140400000000150400000000160400000000170200002A020000300146310117FB7E
2026-03-29 08:11:30 - msg_id_0200 ==> 7E020000426600000000027D02A300000000000C000300C64742049FAC70038600000000260329081129010400000000140400000000150400000000160400000000170200002A020000300146310114B37E
2026-03-29 08:12:01 - msg_id_0200 ==> 7E020000426600000000027D02AE00000000000C000300C64742049FAC70038700000000260329081200010400000000140400000000150400000000160400000000170200002A020000300146310114957E
2026-03-29 08:12:32 - msg_id_0200 ==> 7E020000426600000000027D02B900000000000C000300C64744049FAC70038700000000260329081231010400000000140400000000150400000000160400000000170200002A020000300146310118B97E
2026-03-29 08:13:03 - msg_id_0200 ==> 7E020000426600000000027D02C400000000000C000300C64744049FAC78038700000000260329081302010400000000140400000000150400000000160400000000170200002A020000300146310117F17E
2026-03-29 08:13:34 - msg_id_0200 ==> 7E020000426600000000027D02CF00000000000C000300C64746049FAC70038700000000260329081333010400000000140400000000150400000000160400000000170200002A020000300146310115C37E
2026-03-29 08:14:05 - msg_id_0200 ==> 7E020000426600000000027D02DA00000000000C000300C64745049FAC70038700000000260329081404010400000000140400000000150400000000160400000000170200002A020000300146310114E47E
2026-03-29 08:14:36 - msg_id_0200 ==> 7E020000426600000000027D02E500000000000C000300C64741049FAC70038700000000260329081435010400000000140400000000150400000000160400000000170200002A020000300146310114EE7E
2026-03-29 08:15:07 - msg_id_0200 ==> 7E020000426600000000027D02F000000000000C000300C6473F049FAC70038700000000260329081506010400000000140400000000150400000000160400000000170200002A020000300146310113B07E
2026-03-29 08:15:38 - msg_id_0200 ==> 7E020000426600000000027D02FB00000000000C000300C6473E049FAC70038700000000260329081537010400000000140400000000150400000000160400000000170200002A0200003001463101138B7E
2026-03-29 08:16:09 - msg_id_0200 ==> 7E020000426600000000027F0600000000000C000300C6473E049FAC70038700000000260329081608010400000000140400000000150400000000160400000000170200002A0200003001463101164E7E
2026-03-29 08:16:40 - msg_id_0200 ==> 7E020000426600000000027F1100000000000C000300C64740049FAC70038700000000260329081639010400000000140400000000150400000000160400000000170200002A020000300146310113137E
2026-03-29 08:17:11 - msg_id_0200 ==> 7E020000426600000000027F1C00000000000C000300C6473F049FAC70038700000000260329081710010400000000140400000000150400000000160400000000170200002A0200003001463101174D7E
2026-03-29 08:17:42 - msg_id_0200 ==> 7E020000426600000000027F2700000000000C000300C6473D049FAC70038700000000260329081741010400000000140400000000150400000000160400000000170200002A020000300146310117257E
2026-03-29 08:18:13 - msg_id_0200 ==> 7E020000426600000000027F3200000000000C000300C6473D049FAC70038700000000260329081812010400000000140400000000150400000000160400000000170200002A020000300146310118637E
2026-03-29 08:18:44 - msg_id_0200 ==> 7E020000426600000000027F3D00000000000C000300C6473C049FAC70038700000000260329081843010400000000140400000000150400000000160400000000170200002A020000300146310117337E
2026-03-29 08:19:15 - msg_id_0200 ==> 7E020000426600000000027F4800000000000C000300C6473B049FAC68038700000000260329081914010400000000140400000000150400000000160400000000170200002A020000300146310118007E
2026-03-29 08:19:46 - msg_id_0200 ==> 7E020000426600000000027F5300000000000C000300C64739049FAC68038700000000260329081945010400000000140400000000150400000000160400000000170200002A020000300146310118487E
2026-03-29 08:20:17 - msg_id_0200 ==> 7E020000426600000000027F5E00000000000C000300C64739049FAC68038700000000260329082016010400000000140400000000150400000000160400000000170200002A0200003001463101182F7E
2026-03-29 08:20:48 - msg_id_0200 ==> 7E020000426600000000027F6900000000000C000300C64737049FAC68038700000000260329082047010400000000140400000000150400000000160400000000170200002A020000300146310117487E
2026-03-29 08:21:19 - msg_id_0200 ==> 7E020000426600000000027F7400000000000C000300C64736049FAC60038700000000260329082118010400000000140400000000150400000000160400000000170200002A0200003001463101180D7E
2026-03-29 08:21:49 - msg_id_0200 ==> 7E020000426600000000027F7F00000100000C000300C64735049FAC60038700000000260329082148010400000000140400000000150400000000160400000000170200002A0200003001463101175B7E
2026-03-29 08:21:54 - msg_id_0200 ==> 7E020000426600000000027F8200000000000C000300C64735049FAC60038700000000260329082153010400000000140400000000150400000000160400000000170200002A020000300146310117BC7E
2026-03-29 08:22:25 - msg_id_0200 ==> 7E020000426600000000027F8D00000000000C000300C64731049FAC58038700000000260329082224010400000000140400000000150400000000160400000000170200002A020000300146310118F47E
2026-03-29 08:22:56 - msg_id_0200 ==> 7E020000426600000000027F9800000000000C000300C64730049FAC58038700000000260329082255010400000000140400000000150400000000160400000000170200002A0200003001463101179E7E
2026-03-29 08:23:27 - msg_id_0200 ==> 7E020000426600000000027FA300000000000C000300C64731049FAC58038700000000260329082326010400000000140400000000150400000000160400000000170200002A020000300146310117D67E
2026-03-29 08:23:58 - msg_id_0200 ==> 7E020000426600000000027FAE00000000000C000300C64732049FAC58038700000000260329082357010400000000140400000000150400000000160400000000170200002A020000300146310116A87E
2026-03-29 08:24:29 - msg_id_0200 ==> 7E020000426600000000027FB900000000000C000300C64732049FAC58038700000000260329082428010400000000140400000000150400000000160400000000170200002A020000300146310114C57E
2026-03-29 08:25:00 - msg_id_0200 ==> 7E020000426600000000027FC400000000000C000300C64733049FAC58038700000000260329082459010400000000140400000000150400000000160400000000170200002A020000300146310116CA7E
2026-03-29 08:25:31 - msg_id_0200 ==> 7E020000426600000000027FCF00000000000C000300C64733049FAC58038700000000260329082530010400000000140400000000150400000000160400000000170200002A020000300146310115AA7E
2026-03-29 08:26:02 - msg_id_0200 ==> 7E020000426600000000027FDA00000000000C000300C64734049FAC58038700000000260329082601010400000000140400000000150400000000160400000000170200002A020000300146310116897E
2026-03-29 08:26:33 - msg_id_0200 ==> 7E020000426600000000027FE500000000000C000300C64734049FAC58038700000000260329082632010400000000140400000000150400000000160400000000170200002A020000300146310116857E
2026-03-29 08:27:04 - msg_id_0200 ==> 7E020000426600000000027FF000000000000C000300C64735049FAC58038700000000260329082703010400000000140400000000150400000000160400000000170200002A020000300146310117A07E
2026-03-29 08:27:35 - msg_id_0200 ==> 7E020000426600000000027FFB00000000000C000300C64732049FAC58038700000000260329082734010400000000140400000000150400000000160400000000170200002A020000300146310114987E
2026-03-29 08:28:06 - msg_id_0200 ==> 7E02000042660000000002800600000000000C000300C64732049FAC58038700000000260329082805010400000000140400000000150400000000160400000000170200002A020000300146310117A77E
2026-03-29 08:28:37 - msg_id_0200 ==> 7E02000042660000000002801100000000000C000300C64732049FAC58038700000000260329082836010400000000140400000000150400000000160400000000170200002A020000300146310116827E
2026-03-29 08:29:08 - msg_id_0200 ==> 7E02000042660000000002801C00000000000C000300C64731049FAC58038700000000260329082907010400000000140400000000150400000000160400000000170200002A020000300146310116BC7E
2026-03-29 08:29:39 - msg_id_0200 ==> 7E02000042660000000002802700000000000C000300C64731049FAC58038700000000260329082938010400000000140400000000150400000000160400000000170200002A020000300146310117B97E
2026-03-29 08:30:10 - msg_id_0200 ==> 7E02000042660000000002803200000000000C000300C64732049FAC50038700000000260329083009010400000000140400000000150400000000160400000000170200002A0200003001463101158D7E
2026-03-29 08:30:41 - msg_id_0200 ==> 7E02000042660000000002803D00000000000C000300C64732049FAC50038700000000260329083040010400000000140400000000150400000000160400000000170200002A020000300146310114CA7E
2026-03-29 08:31:12 - msg_id_0200 ==> 7E02000042660000000002804800000000000C000300C64731049FAC50038700000000260329083111010400000000140400000000150400000000160400000000170200002A020000300146310115ED7E
2026-03-29 08:31:43 - msg_id_0200 ==> 7E02000042660000000002805300000000000C000300C6472F049FAC50038700000000260329083142010400000000140400000000150400000000160400000000170200002A020000300146310115BB7E
2026-03-29 08:32:14 - msg_id_0200 ==> 7E02000042660000000002805E00000000000C000300C6472E049FAC50038700000000260329083213010400000000140400000000150400000000160400000000170200002A020000300146310115E57E
2026-03-29 08:32:45 - msg_id_0200 ==> 7E02000042660000000002806900000000000C000300C6472E049FAC48038700000000260329083244010400000000140400000000150400000000160400000000170200002A0200003001463101169E7E
2026-03-29 08:33:16 - msg_id_0200 ==> 7E02000042660000000002807400000000000C000300C64732049FAC48038700000000260329083315010400000000140400000000150400000000160400000000170200002A020000300146310116CF7E
2026-03-29 08:33:47 - msg_id_0200 ==> 7E02000042660000000002807F00000100000C000300C64735049FAC48038700000000260329083346010400000000140400000000150400000000160400000000170200002A020000300146310114937E
2026-03-29 08:33:52 - msg_id_0200 ==> 7E02000042660000000002808200000000000C000300C64735049FAC48038700000000260329083351010400000000140400000000150400000000160400000000170200002A020000300146310115797E
2026-03-29 08:34:23 - msg_id_0200 ==> 7E02000042660000000002808D00000000000C000300C64734049FAC48038700000000260329083422010400000000140400000000150400000000160400000000170200002A020000300146310115037E
2026-03-29 08:34:54 - msg_id_0200 ==> 7E02000042660000000002809800000000000C000300C64731049FAC48038700000000260329083453010400000000140400000000150400000000160400000000170200002A020000300146310116617E
2026-03-29 08:35:25 - msg_id_0200 ==> 7E0200004266000000000280A300000000000C000300C6472D049FAC40038700000000260329083524010400000000140400000000150400000000160400000000170200002A020000300146310116387E
2026-03-29 08:35:56 - msg_id_0200 ==> 7E0200004266000000000280AE00000000000C000300C6472D049FAC40038700000000260329083555010400000000140400000000150400000000160400000000170200002A020000300146310115477E
2026-03-29 08:36:27 - msg_id_0200 ==> 7E0200004266000000000280B900000000000C000300C6472A049FAC40038700000000260329083626010400000000140400000000150400000000160400000000170200002A020000300146310114267E
2026-03-29 08:36:58 - msg_id_0200 ==> 7E0200004266000000000280C400000000000C000300C6472A049FAC38038700000000260329083657010400000000140400000000150400000000160400000000170200002A020000300146310116507E
2026-03-29 08:37:29 - msg_id_0200 ==> 7E0200004266000000000280CF00000000000C000300C64728049FAC38038700000000260329083728010400000000140400000000150400000000160400000000170200002A020000300146310115247E
2026-03-29 08:38:00 - msg_id_0200 ==> 7E0200004266000000000280DA00000000000C000300C64727049FAC38038700000000260329083759010400000000140400000000150400000000160400000000170200002A0200003001463101154F7E
2026-03-29 08:38:31 - msg_id_0200 ==> 7E0200004266000000000280E500000000000C000300C64725049FAC38038700000000260329083830010400000000140400000000150400000000160400000000170200002A020000300146310114157E
2026-03-29 08:39:02 - msg_id_0200 ==> 7E0200004266000000000280F000000000000C000300C64723049FAC38038700000000260329083901010400000000140400000000150400000000160400000000170200002A020000300146310116347E
2026-03-29 08:39:33 - msg_id_0200 ==> 7E0200004266000000000280FB00000000000C000300C64722049FAC38038700000000260329083932010400000000140400000000150400000000160400000000170200002A0200003001463101160D7E
2026-03-29 08:40:04 - msg_id_0200 ==> 7E02000042660000000002810600000000000C000300C64721049FAC38038700000000260329084003010400000000140400000000150400000000160400000000170200002A020000300146310116BA7E
2026-03-29 08:40:35 - msg_id_0200 ==> 7E02000042660000000002811100000000000C000300C64720049FAC30038700000000260329084034010400000000140400000000150400000000160400000000170200002A020000300146310115907E
2026-03-29 08:41:06 - msg_id_0200 ==> 7E02000042660000000002811C00000000000C000300C6471D049FAC30038700000000260329084105010400000000140400000000150400000000160400000000170200002A020000300146310115907E
2026-03-29 08:41:37 - msg_id_0200 ==> 7E02000042660000000002812700000000000C000300C6471B049FAC30038700000000260329084136010400000000140400000000150400000000160400000000170200002A0200003001463101169D7E
2026-03-29 08:42:08 - msg_id_0200 ==> 7E02000042660000000002813200000000000C000300C64719049FAC30038700000000260329084207010400000000140400000000150400000000160400000000170200002A020000300146310116B87E
2026-03-29 08:42:39 - msg_id_0200 ==> 7E02000042660000000002813D00000000000C000300C64718049FAC30038700000000260329084238010400000000140400000000150400000000160400000000170200002A0200003001463101158A7E
2026-03-29 08:43:10 - msg_id_0200 ==> 7E02000042660000000002814800000000000C000300C64718049FAC30038700000000260329084309010400000000140400000000150400000000160400000000170200002A020000300146310116CC7E
2026-03-29 08:43:41 - msg_id_0200 ==> 7E02000042660000000002815300000000000C000300C64717049FAC30038700000000260329084340010400000000140400000000150400000000160400000000170200002A020000300146310116917E
2026-03-29 08:44:12 - msg_id_0200 ==> 7E02000042660000000002815E00000000000C000300C64715049FAC30038700000000260329084411010400000000140400000000150400000000160400000000170200002A020000300146310113CD7E
2026-03-29 08:44:43 - msg_id_0200 ==> 7E02000042660000000002816900000000000C000300C64716049FAC30038700000000260329084442010400000000140400000000150400000000160400000000170200002A020000300146310113AA7E
2026-03-29 08:45:14 - msg_id_0200 ==> 7E02000042660000000002817400000000000C000300C64715049FAC30038700000000260329084513010400000000140400000000150400000000160400000000170200002A020000300146310114E37E
2026-03-29 08:45:44 - msg_id_0200 ==> 7E02000042660000000002817F00000100000C000300C64715049FAC30038700000000260329084543010400000000140400000000150400000000160400000000170200002A020000300146310116BB7E
2026-03-29 08:45:50 - msg_id_0200 ==> 7E02000042660000000002818200000000000C000300C64715049FAC30038700000000260329084549010400000000140400000000150400000000160400000000170200002A0200003001463101164D7E
2026-03-29 08:46:21 - msg_id_0200 ==> 7E02000042660000000002818D00000000000C000300C64715049FAC30038700000000260329084620010400000000140400000000150400000000160400000000170200002A0200003001463101152B7E
2026-03-29 08:46:52 - msg_id_0200 ==> 7E02000042660000000002819800000000000C000300C64713049FAC30038700000000260329084651010400000000140400000000150400000000160400000000170200002A020000300146310114487E
2026-03-29 08:47:23 - msg_id_0200 ==> 7E0200004266000000000281A300000000000C000300C64712049FAC38038700000000260329084722010400000000140400000000150400000000160400000000170200002A0200003001463101130F7E
2026-03-29 08:47:54 - msg_id_0200 ==> 7E0200004266000000000281AE00000000000C000300C64711049FAC38038700000000260329084753010400000000140400000000150400000000160400000000170200002A020000300146310114777E
2026-03-29 08:48:25 - msg_id_0200 ==> 7E0200004266000000000281B900000000000C000300C64711049FAC30038700000000260329084824010400000000140400000000150400000000160400000000170200002A020000300146310113177E
2026-03-29 08:48:56 - msg_id_0200 ==> 7E0200004266000000000281C400000000000C000300C6470F049FAC30038700000000260329084855010400000000140400000000150400000000160400000000170200002A020000300146310113057E
2026-03-29 08:49:27 - msg_id_0200 ==> 7E0200004266000000000281CF00000000000C000300C6470D049FAC30038700000000260329084926010400000000140400000000150400000000160400000000170200002A020000300146310115787E
2026-03-29 08:49:58 - msg_id_0200 ==> 7E0200004266000000000281DA00000000000C000300C6470D049FAC38038700000000260329084957010400000000140400000000150400000000160400000000170200002A020000300146310115147E
2026-03-29 08:50:29 - msg_id_0200 ==> 7E0200004266000000000281E500000000000C000300C6470B049FAC38038700000000260329085028010400000000140400000000150400000000160400000000170200002A0200003001463101154B7E
2026-03-29 08:51:00 - msg_id_0200 ==> 7E0200004266000000000281F000000000000C000300C6470A049FAC38038700000000260329085059010400000000140400000000150400000000160400000000170200002A0200003001463101152E7E
2026-03-29 08:51:31 - msg_id_0200 ==> 7E0200004266000000000281FB00000000000C000300C64709049FAC38038700000000260329085130010400000000140400000000150400000000160400000000170200002A0200003001463101144F7E
2026-03-29 08:52:02 - msg_id_0200 ==> 7E02000042660000000002820600000000000C000300C64709049FAC38038700000000260329085201010400000000140400000000150400000000160400000000170200002A020000300146310115827E
2026-03-29 08:52:33 - msg_id_0200 ==> 7E02000042660000000002821100000000000C000300C64708049FAC38038700000000260329085232010400000000140400000000150400000000160400000000170200002A020000300146310115A77E
2026-03-29 08:53:04 - msg_id_0200 ==> 7E02000042660000000002821C00000000000C000300C64709049FAC38038700000000260329085303010400000000140400000000150400000000160400000000170200002A0200003001463101159B7E
2026-03-29 08:53:35 - msg_id_0200 ==> 7E02000042660000000002822700000000000C000300C6470C049FAC38038700000000260329085334010400000000140400000000150400000000160400000000170200002A020000300146310116917E
2026-03-29 08:54:06 - msg_id_0200 ==> 7E02000042660000000002823200000000000C000300C6470E049FAC38038700000000260329085405010400000000140400000000150400000000160400000000170200002A020000300146310114B27E
2026-03-29 08:54:37 - msg_id_0200 ==> 7E02000042660000000002823D00000000000C000300C6470D049FAC38038700000000260329085436010400000000140400000000150400000000160400000000170200002A0200003001463101148D7E
2026-03-29 08:55:08 - msg_id_0200 ==> 7E02000042660000000002824800000000000C000300C6470C049FAC38038700000000260329085507010400000000140400000000150400000000160400000000170200002A020000300146310115C87E
2026-03-29 08:55:39 - msg_id_0200 ==> 7E02000042660000000002825300000000000C000300C6470E049FAC38038700000000260329085538010400000000140400000000150400000000160400000000170200002A020000300146310113E87E
2026-03-29 08:56:10 - msg_id_0200 ==> 7E02000042660000000002825E00000000000C000300C6470F049FAC38038800000000260329085609010400000000140400000000150400000000160400000000170200002A020000300146310114DE7E
2026-03-29 08:56:41 - msg_id_0200 ==> 7E02000042660000000002826900000000000C000300C64712049FAC38038800000000260329085640010400000000140400000000150400000000160400000000170200002A020000300146310115BC7E
2026-03-29 08:57:12 - msg_id_0200 ==> 7E02000042660000000002827400000000000C000300C64714049FAC38038800000000260329085711010400000000140400000000150400000000160400000000170200002A020000300146310115F77E
2026-03-29 08:57:42 - msg_id_0200 ==> 7E02000042660000000002827F00000100000C000300C64716049FAC38038800000000260329085741010400000000140400000000150400000000160400000000170200002A020000300146310116AC7E
2026-03-29 08:57:47 - msg_id_0200 ==> 7E02000042660000000002828200000000000C000300C64715049FAC38038800000000260329085746010400000000140400000000150400000000160400000000170200002A020000300146310116547E
2026-03-29 08:58:18 - msg_id_0200 ==> 7E02000042660000000002828D00000000000C000300C64714049FAC40038800000000260329085817010400000000140400000000150400000000160400000000170200002A020000300146310113797E
2026-03-29 08:58:49 - msg_id_0200 ==> 7E02000042660000000002829800000000000C000300C64714049FAC38038800000000260329085848010400000000140400000000150400000000160400000000170200002A0200003001463101144C7E
2026-03-29 08:59:20 - msg_id_0200 ==> 7E0200004266000000000282A300000000000C000300C64715049FAC38038800000000260329085919010400000000140400000000150400000000160400000000170200002A020000300146310116247E
2026-03-29 08:59:51 - msg_id_0200 ==> 7E0200004266000000000282AE00000000000C000300C64716049FAC38038900000000260329085950010400000000140400000000150400000000160400000000170200002A020000300146310115617E
2026-03-29 09:00:22 - msg_id_0200 ==> 7E0200004266000000000282B900000000000C000300C64716049FAC38038900000000260329090021010400000000140400000000150400000000160400000000170200002A0200003001463101145E7E
2026-03-29 09:00:53 - msg_id_0200 ==> 7E0200004266000000000282C400000000000C000300C64717049FAC38038900000000260329090052010400000000140400000000150400000000160400000000170200002A020000300146310115507E
2026-03-29 09:01:24 - msg_id_0200 ==> 7E0200004266000000000282CF00000000000C000300C64718049FAC40038900000000260329090123010400000000140400000000150400000000160400000000170200002A020000300146310118517E
2026-03-29 09:01:55 - msg_id_0200 ==> 7E0200004266000000000282DA00000000000C000300C64718049FAC40038900000000260329090154010400000000140400000000150400000000160400000000170200002A0200003001463101173C7E
2026-03-29 09:02:26 - msg_id_0200 ==> 7E0200004266000000000282E500000000000C000300C64719049FAC40038900000000260329090225010400000000140400000000150400000000160400000000170200002A020000300146310115727E
2026-03-29 09:02:57 - msg_id_0200 ==> 7E0200004266000000000282F000000000000C000300C64719049FAC38038900000000260329090256010400000000140400000000150400000000160400000000170200002A0200003001463101176E7E
2026-03-29 09:03:28 - msg_id_0200 ==> 7E0200004266000000000282FB00000000000C000300C64719049FAC38038900000000260329090327010400000000140400000000150400000000160400000000170200002A020000300146310117157E
2026-03-29 09:03:59 - msg_id_0200 ==> 7E02000042660000000002830600000000000C000300C64719049FAC38038900000000260329090358010400000000140400000000150400000000160400000000170200002A020000300146310118997E
2026-03-29 09:04:30 - msg_id_0200 ==> 7E02000042660000000002831100000000000C000300C64719049FAC38038900000000260329090429010400000000140400000000150400000000160400000000170200002A020000300146310116F67E
2026-03-29 09:05:01 - msg_id_0200 ==> 7E02000042660000000002831C00000000000C000300C64718049FAC38038A00000000260329090500010400000000140400000000150400000000160400000000170200002A020000300146310117D07E
2026-03-29 09:05:32 - msg_id_0200 ==> 7E02000042660000000002832700000000000C000300C64718049FAC38038A00000000260329090531010400000000140400000000150400000000160400000000170200002A020000300146310117DA7E
2026-03-29 09:06:03 - msg_id_0200 ==> 7E02000042660000000002833200000000000C000300C64718049FAC38038A00000000260329090602010400000000140400000000150400000000160400000000170200002A020000300146310117FF7E
2026-03-29 09:06:34 - msg_id_0200 ==> 7E02000042660000000002833D00000000000C000300C64718049FAC38038A00000000260329090633010400000000140400000000150400000000160400000000170200002A020000300146310116C07E
2026-03-29 09:07:05 - msg_id_0200 ==> 7E02000042660000000002834800000000000C000300C6471A049FAC38038A00000000260329090704010400000000140400000000150400000000160400000000170200002A020000300146310116817E
2026-03-29 09:07:36 - msg_id_0200 ==> 7E02000042660000000002835300000000000C000300C6471C049FAC40038A00000000260329090735010400000000140400000000150400000000160400000000170200002A020000300146310116D57E
2026-03-29 09:08:07 - msg_id_0200 ==> 7E02000042660000000002835E00000000000C000300C6471C049FAC38038A00000000260329090806010400000000140400000000150400000000160400000000170200002A0200003001463101169C7E
2026-03-29 09:08:38 - msg_id_0200 ==> 7E02000042660000000002836900000000000C000300C6471C049FAC38038A00000000260329090837010400000000140400000000150400000000160400000000170200002A0200003001463101179B7E
2026-03-29 09:09:09 - msg_id_0200 ==> 7E02000042660000000002837400000000000C000300C6471E049FAC38038A00000000260329090908010400000000140400000000150400000000160400000000170200002A020000300146310116BB7E
2026-03-29 09:09:40 - msg_id_0200 ==> 7E02000042660000000002837F00000100000C000300C6471F049FAC38038A00000000260329090939010400000000140400000000150400000000160400000000170200002A020000300146310117807E
2026-03-29 09:09:45 - msg_id_0200 ==> 7E02000042660000000002838200000000000C000300C64720049FAC38038A00000000260329090944010400000000140400000000150400000000160400000000170200002A0200003001463101173E7E
2026-03-29 09:10:16 - msg_id_0200 ==> 7E02000042660000000002838D00000000000C000300C64723049FAC40038A00000000260329091015010400000000140400000000150400000000160400000000170200002A020000300146310117027E
2026-03-29 09:10:47 - msg_id_0200 ==> 7E02000042660000000002839800000000000C000300C64726049FAC40038A00000000260329091046010400000000140400000000150400000000160400000000170200002A020000300146310115437E
2026-03-29 09:11:18 - msg_id_0200 ==> 7E0200004266000000000283A300000000000C000300C64728049FAC38038A00000000260329091117010400000000140400000000150400000000160400000000170200002A0200003001463101155E7E
2026-03-29 09:11:49 - msg_id_0200 ==> 7E0200004266000000000283AE00000000000C000300C64729049FAC40038A00000000260329091148010400000000140400000000150400000000160400000000170200002A020000300146310117777E
2026-03-29 09:12:20 - msg_id_0200 ==> 7E0200004266000000000283B900000000000C000300C6472C049FAC38038A00000000260329091219010400000000140400000000150400000000160400000000170200002A0200003001463101174F7E
2026-03-29 09:12:51 - msg_id_0200 ==> 7E0200004266000000000283C400000000000C000300C6472B049FAC38038A00000000260329091250010400000000140400000000150400000000160400000000170200002A0200003001463101167D017E
2026-03-29 09:13:22 - msg_id_0200 ==> 7E0200004266000000000283CF00000000000C000300C6472B049FAC38038A00000000260329091321010400000000140400000000150400000000160400000000170200002A020000300146310117077E
2026-03-29 09:13:53 - msg_id_0200 ==> 7E0200004266000000000283DA00000000000C000300C64729049FAC38038A00000000260329091352010400000000140400000000150400000000160400000000170200002A020000300146310117637E
2026-03-29 09:14:24 - msg_id_0200 ==> 7E0200004266000000000283E500000000000C000300C64728049FAC38038A00000000260329091423010400000000140400000000150400000000160400000000170200002A0200003001463101172B7E
2026-03-29 09:14:55 - msg_id_0200 ==> 7E0200004266000000000283F000000000000C000300C6472A049FAC38038A00000000260329091454010400000000140400000000150400000000160400000000170200002A020000300146310115497E
2026-03-29 09:15:26 - msg_id_0200 ==> 7E0200004266000000000283FB00000000000C000300C6472B049FAC38038A00000000260329091525010400000000140400000000150400000000160400000000170200002A020000300146310116307E
2026-03-29 09:15:57 - msg_id_0200 ==> 7E02000042660000000002840600000000000C000300C6472D049FAC30038A00000000260329091556010400000000140400000000150400000000160400000000170200002A020000300146310117B67E
2026-03-29 09:16:28 - msg_id_0200 ==> 7E02000042660000000002841100000000000C000300C6472E049FAC30038A00000000260329091627010400000000140400000000150400000000160400000000170200002A020000300146310117D07E
2026-03-29 09:16:59 - msg_id_0200 ==> 7E02000042660000000002841C00000000000C000300C6472F049FAC30038A00000000260329091658010400000000140400000000150400000000160400000000170200002A020000300146310116A27E
2026-03-29 09:17:30 - msg_id_0200 ==> 7E02000042660000000002842700000000000C000300C6472E049FAC30038A00000000260329091729010400000000140400000000150400000000160400000000170200002A020000300146310117E97E
2026-03-29 09:18:01 - msg_id_0200 ==> 7E02000042660000000002843200000000000C000300C6472F049FAC28038A00000000260329091800010400000000140400000000150400000000160400000000170200002A020000300146310116C27E
2026-03-29 09:18:32 - msg_id_0200 ==> 7E02000042660000000002843D00000000000C000300C6472F049FAC28038A00000000260329091831010400000000140400000000150400000000160400000000170200002A020000300146310116FC7E
2026-03-29 09:19:03 - msg_id_0200 ==> 7E02000042660000000002844800000000000C000300C64730049FAC20038B00000000260329091902010400000000140400000000150400000000160400000000170200002A020000300146310116AD7E
2026-03-29 09:19:34 - msg_id_0200 ==> 7E02000042660000000002845300000000000C000300C64731049FAC20038B00000000260329091933010400000000140400000000150400000000160400000000170200002A020000300146310117877E
2026-03-29 09:20:05 - msg_id_0200 ==> 7E02000042660000000002845E00000000000C000300C64732049FAC20038B00000000260329092004010400000000140400000000150400000000160400000000170200002A020000300146310117877E
2026-03-29 09:20:36 - msg_id_0200 ==> 7E02000042660000000002846900000000000C000300C64733049FAC20038B00000000260329092035010400000000140400000000150400000000160400000000170200002A020000300146310116817E
2026-03-29 09:21:07 - msg_id_0200 ==> 7E02000042660000000002847400000000000C000300C64733049FAC20038B00000000260329092106010400000000140400000000150400000000160400000000170200002A020000300146310116AE7E
2026-03-29 09:21:37 - msg_id_0200 ==> 7E02000042660000000002847F00000100000C000300C64735049FAC20038B00000000260329092136010400000000140400000000150400000000160400000000170200002A020000300146310116927E
2026-03-29 09:21:42 - msg_id_0200 ==> 7E02000042660000000002848200000000000C000300C64735049FAC20038B00000000260329092141010400000000140400000000150400000000160400000000170200002A020000300146310116197E
2026-03-29 09:22:13 - msg_id_0200 ==> 7E02000042660000000002848D00000000000C000300C64735049FAC28038B00000000260329092212010400000000140400000000150400000000160400000000170200002A0200003001463101164E7E
2026-03-29 09:22:44 - msg_id_0200 ==> 7E02000042660000000002849800000000000C000300C64735049FAC28038B00000000260329092243010400000000140400000000150400000000160400000000170200002A0200003001463101160A7E
2026-03-29 09:23:15 - msg_id_0200 ==> 7E0200004266000000000284A300000000000C000300C64735049FAC28038B00000000260329092314010400000000140400000000150400000000160400000000170200002A020000300146310114657E
2026-03-29 09:23:46 - msg_id_0200 ==> 7E0200004266000000000284AE00000000000C000300C64734049FAC28038B00000000260329092345010400000000140400000000150400000000160400000000170200002A020000300146310115397E
2026-03-29 09:24:17 - msg_id_0200 ==> 7E0200004266000000000284B900000000000C000300C64732049FAC28038B00000000260329092416010400000000140400000000150400000000160400000000170200002A0200003001463101157C7E
2026-03-29 09:24:48 - msg_id_0200 ==> 7E0200004266000000000284C400000000000C000300C64732049FAC28038B00000000260329092447010400000000140400000000150400000000160400000000170200002A020000300146310116537E
2026-03-29 09:25:19 - msg_id_0200 ==> 7E0200004266000000000284CF00000000000C000300C64731049FAC30038B00000000260329092518010400000000140400000000150400000000160400000000170200002A0200003001463101171C7E
2026-03-29 09:25:50 - msg_id_0200 ==> 7E0200004266000000000284DA00000000000C000300C64732049FAC30038A00000000260329092549010400000000140400000000150400000000160400000000170200002A0200003001463101175A7E
2026-03-29 09:26:21 - msg_id_0200 ==> 7E0200004266000000000284E500000000000C000300C64732049FAC30038A00000000260329092620010400000000140400000000150400000000160400000000170200002A0200003001463101160E7E
2026-03-29 09:26:52 - msg_id_0200 ==> 7E0200004266000000000284F000000000000C000300C64732049FAC30038A00000000260329092651010400000000140400000000150400000000160400000000170200002A0200003001463101176B7E
2026-03-29 09:27:23 - msg_id_0200 ==> 7E0200004266000000000284FB00000000000C000300C64732049FAC30038A00000000260329092722010400000000140400000000150400000000160400000000170200002A020000300146310115107E
2026-03-29 09:27:54 - msg_id_0200 ==> 7E02000042660000000002850600000000000C000300C64733049FAC30038A00000000260329092753010400000000140400000000150400000000160400000000170200002A0200003001463101169F7E
2026-03-29 09:28:25 - msg_id_0200 ==> 7E02000042660000000002851100000000000C000300C64732049FAC30038A00000000260329092824010400000000140400000000150400000000160400000000170200002A020000300146310114F37E
2026-03-29 09:28:56 - msg_id_0200 ==> 7E02000042660000000002851C00000000000C000300C64733049FAC30038A00000000260329092855010400000000140400000000150400000000160400000000170200002A0200003001463101178D7E
2026-03-29 09:29:27 - msg_id_0200 ==> 7E02000042660000000002852700000000000C000300C64734049FAC30038A00000000260329092926010400000000140400000000150400000000160400000000170200002A020000300146310117C37E
2026-03-29 09:29:58 - msg_id_0200 ==> 7E02000042660000000002853200000000000C000300C64734049FAC30038A00000000260329092957010400000000140400000000150400000000160400000000170200002A020000300146310116A67E
2026-03-29 09:30:29 - msg_id_0200 ==> 7E02000042660000000002853D00000000000C000300C64732049FAC30038A00000000260329093028010400000000140400000000150400000000160400000000170200002A020000300146310115CA7E
2026-03-29 09:31:00 - msg_id_0200 ==> 7E02000042660000000002854800000000000C000300C6472E049FAC30038A00000000260329093059010400000000140400000000150400000000160400000000170200002A020000300146310117D07E
2026-03-29 09:31:31 - msg_id_0200 ==> 7E02000042660000000002855300000000000C000300C6472D049FAC30038A00000000260329093130010400000000140400000000150400000000160400000000170200002A020000300146310117A07E
2026-03-29 09:32:02 - msg_id_0200 ==> 7E02000042660000000002855E00000000000C000300C64729049FAC30038B00000000260329093201010400000000140400000000150400000000160400000000170200002A0200003001463101169B7E
2026-03-29 09:32:33 - msg_id_0200 ==> 7E02000042660000000002856900000000000C000300C64728049FAC30038B00000000260329093232010400000000140400000000150400000000160400000000170200002A0200003001463101179F7E
2026-03-29 09:33:04 - msg_id_0200 ==> 7E02000042660000000002857400000000000C000300C64727049FAC30038B00000000260329093303010400000000140400000000150400000000160400000000170200002A020000300146310117BD7E
2026-03-29 09:33:35 - msg_id_0200 ==> 7E02000042660000000002857F00000100000C000300C64725049FAC30038B00000000260329093334010400000000140400000000150400000000160400000000170200002A020000300146310117827E
2026-03-29 09:33:40 - msg_id_0200 ==> 7E02000042660000000002858200000000000C000300C64725049FAC30038B00000000260329093339010400000000140400000000150400000000160400000000170200002A020000300146310117737E
2026-03-29 09:34:11 - msg_id_0200 ==> 7E02000042660000000002858D00000000000C000300C64725049FAC30038B00000000260329093410010400000000140400000000150400000000160400000000170200002A020000300146310116537E
2026-03-29 09:34:42 - msg_id_0200 ==> 7E02000042660000000002859800000000000C000300C64724049FAC30038B00000000260329093441010400000000140400000000150400000000160400000000170200002A020000300146310118187E
2026-03-29 09:35:13 - msg_id_0200 ==> 7E0200004266000000000285A300000000000C000300C64724049FAC30038B00000000260329093512010400000000140400000000150400000000160400000000170200002A020000300146310118717E
2026-03-29 09:35:44 - msg_id_0200 ==> 7E0200004266000000000285AE00000000000C000300C6472B049FAC30038B00000000260329093543010400000000140400000000150400000000160400000000170200002A0200003001463101162C7E
2026-03-29 09:36:15 - msg_id_0200 ==> 7E0200004266000000000285B900000000000C000300C6472D049FAC30038B00000000260329093614010400000000140400000000150400000000160400000000170200002A0200003001463101156A7E
2026-03-29 09:36:46 - msg_id_0200 ==> 7E0200004266000000000285C400000000000C000300C64733049FAC30038B00000000260329093645010400000000140400000000150400000000160400000000170200002A020000300146310115587E
2026-03-29 09:37:17 - msg_id_0200 ==> 7E0200004266000000000285CF00000000000C000300C64736049FAC38038B00000000260329093716010400000000140400000000150400000000160400000000170200002A0200003001463101150C7E
2026-03-29 09:37:48 - msg_id_0200 ==> 7E0200004266000000000285DA00000000000C000300C6473C049FAC38038B00000000260329093747010400000000140400000000150400000000160400000000170200002A020000300146310113447E
2026-03-29 09:38:19 - msg_id_0200 ==> 7E0200004266000000000285E500000000000C000300C64740049FAC40038C00000000260329093818010400000000140400000000150400000000160400000000170200002A0200003001463101152E7E
2026-03-29 09:38:50 - msg_id_0200 ==> 7E0200004266000000000285F000000000000C000300C64740049FAC40038C00000000260329093849010400000000140400000000150400000000160400000000170200002A020000300146310116697E
2026-03-29 09:39:21 - msg_id_0200 ==> 7E0200004266000000000285FB00000000000C000300C64740049FAC40038C00000000260329093920010400000000140400000000150400000000160400000000170200002A0200003001463101160A7E
2026-03-29 09:39:52 - msg_id_0200 ==> 7E02000042660000000002860600000000000C000300C64740049FAC40038C00000000260329093951010400000000140400000000150400000000160400000000170200002A020000300146310117847E
2026-03-29 09:40:23 - msg_id_0200 ==> 7E02000042660000000002861100000000000C000300C64742049FAC40038C00000000260329094022010400000000140400000000150400000000160400000000170200002A020000300146310114987E
2026-03-29 09:40:54 - msg_id_0200 ==> 7E02000042660000000002861C00000000000C000300C64743049FAC40038C00000000260329094053010400000000140400000000150400000000160400000000170200002A020000300146310116E77E
2026-03-29 09:41:25 - msg_id_0200 ==> 7E02000042660000000002862700000000000C000300C64744049FAC48038C00000000260329094124010400000000140400000000150400000000160400000000170200002A020000300146310116A57E
2026-03-29 09:41:56 - msg_id_0200 ==> 7E02000042660000000002863200000000000C000300C64744049FAC48038C00000000260329094155010400000000140400000000150400000000160400000000170200002A020000300146310116C17E
2026-03-29 09:42:27 - msg_id_0200 ==> 7E02000042660000000002863D00000000000C000300C64746049FAC50038C00000000260329094226010400000000140400000000150400000000160400000000170200002A020000300146310114A67E
2026-03-29 09:42:58 - msg_id_0200 ==> 7E02000042660000000002864800000000000C000300C64749049FAC50038C00000000260329094257010400000000140400000000150400000000160400000000170200002A02000030014D310113A17E
2026-03-29 09:43:29 - msg_id_0200 ==> 7E02000042660000000002865300000000000C000300C64749049FAC50038C00000000260329094328010400000000140400000000150400000000160400000000170200002A02000030014D310115C27E
2026-03-29 09:44:00 - msg_id_0200 ==> 7E02000042660000000002865E00000000000C000300C64748049FAC50038C00000000260329094359010400000000140400000000150400000000160400000000170200002A02000030014D310115BF7E
2026-03-29 09:44:31 - msg_id_0200 ==> 7E02000042660000000002866900000000000C000300C64749049FAC50038C00000000260329094430010400000000140400000000150400000000160400000000170200002A02000030014D310114E67E
2026-03-29 09:45:02 - msg_id_0200 ==> 7E02000042660000000002867400000000000C000300C64746049FAC50038C00000000260329094501010400000000140400000000150400000000160400000000170200002A02000030014D310116C67E
2026-03-29 09:45:32 - msg_id_0200 ==> 7E02000042660000000002867F00000100000C000300C64744049FAC50038C00000000260329094531010400000000140400000000150400000000160400000000170200002A02000030014D310114FC7E
2026-03-29 09:45:37 - msg_id_0200 ==> 7E02000042660000000002868200000000000C000300C64744049FAC50038C00000000260329094536010400000000140400000000150400000000160400000000170200002A02000030014D310114077E
2026-03-29 09:46:08 - msg_id_0200 ==> 7E02000042660000000002868D00000000000C000300C64745049FAC50038C00000000260329094607010400000000140400000000150400000000160400000000170200002A02000030014D3101143B7E
2026-03-29 09:46:39 - msg_id_0200 ==> 7E02000042660000000002869800000000000C000300C64745049FAC48038C00000000260329094638010400000000140400000000150400000000160400000000170200002A02000030014D310114097E
2026-03-29 09:47:10 - msg_id_0200 ==> 7E0200004266000000000286A300000000000C000300C64744049FAC50038C00000000260329094709010400000000140400000000150400000000160400000000170200002A02000030014D3101141B7E
2026-03-29 09:47:41 - msg_id_0200 ==> 7E0200004266000000000286AE00000000000C000300C64745049FAC50038C00000000260329094740010400000000140400000000150400000000160400000000170200002A02000030014D3101145E7E
2026-03-29 09:48:12 - msg_id_0200 ==> 7E0200004266000000000286B900000000000C000300C64746049FAC50038C00000000260329094811010400000000140400000000150400000000160400000000170200002A02000030014D310115157E
2026-03-29 09:48:43 - msg_id_0200 ==> 7E0200004266000000000286C400000000000C000300C64744049FAC50038C00000000260329094842010400000000140400000000150400000000160400000000170200002A02000030014D310114387E
2026-03-29 09:49:14 - msg_id_0200 ==> 7E0200004266000000000286CF00000000000C000300C64744049FAC50038C00000000260329094913010400000000140400000000150400000000160400000000170200002A02000030014D310115627E
2026-03-29 09:49:45 - msg_id_0200 ==> 7E0200004266000000000286DA00000000000C000300C64744049FAC50038C00000000260329094944010400000000140400000000150400000000160400000000170200002A02000030014D310114217E
2026-03-29 09:50:16 - msg_id_0200 ==> 7E0200004266000000000286E500000000000C000300C64746049FAC58038C00000000260329095015010400000000140400000000150400000000160400000000170200002A02000030014D3101135B7E
2026-03-29 09:50:47 - msg_id_0200 ==> 7E0200004266000000000286F000000000000C000300C64746049FAC58038C00000000260329095046010400000000140400000000150400000000160400000000170200002A02000030014D3101151B7E
2026-03-29 09:51:18 - msg_id_0200 ==> 7E0200004266000000000286FB00000000000C000300C64746049FAC58038C00000000260329095117010400000000140400000000150400000000160400000000170200002A02000030014D310114417E
2026-03-29 09:51:49 - msg_id_0200 ==> 7E02000042660000000002870600000000000C000300C64746049FAC58038C00000000260329095148010400000000140400000000150400000000160400000000170200002A02000030014D310113E57E
2026-03-29 09:52:20 - msg_id_0200 ==> 7E02000042660000000002871100000000000C000300C64747049FAC58038C00000000260329095219010400000000140400000000150400000000160400000000170200002A02000030014D310113A17E
2026-03-29 09:52:51 - msg_id_0200 ==> 7E02000042660000000002871C00000000000C000300C64746049FAC58038C00000000260329095250010400000000140400000000150400000000160400000000170200002A02000030014D310114E37E
2026-03-29 09:53:22 - msg_id_0200 ==> 7E02000042660000000002872700000000000C000300C64747049FAC58038C00000000260329095321010400000000140400000000150400000000160400000000170200002A02000030014D310114A97E
2026-03-29 09:53:53 - msg_id_0200 ==> 7E02000042660000000002873200000000000C000300C64748049FAC58038C00000000260329095352010400000000140400000000150400000000160400000000170200002A02000030014D310115C17E
2026-03-29 09:54:24 - msg_id_0200 ==> 7E02000042660000000002873D00000000000C000300C64749049FAC58038C00000000260329095423010400000000140400000000150400000000160400000000170200002A02000030014D310114B87E
2026-03-29 09:54:55 - msg_id_0200 ==> 7E02000042660000000002874800000000000C000300C6474A049FAC58038C00000000260329095454010400000000140400000000150400000000160400000000170200002A02000030014D310113BE7E
2026-03-29 09:55:26 - msg_id_0200 ==> 7E02000042660000000002875300000000000C000300C6474B049FAC58038C00000000260329095525010400000000140400000000150400000000160400000000170200002A02000030014D310112D57E
2026-03-29 09:55:57 - msg_id_0200 ==> 7E02000042660000000002875E00000000000C000300C6474F049FAC58038C00000000260329095556010400000000140400000000150400000000160400000000170200002A02000030014D310114A97E
2026-03-29 09:56:28 - msg_id_0200 ==> 7E02000042660000000002876900000000000C000300C6474A049FAC58038C00000000260329095627010400000000140400000000150400000000160400000000170200002A02000030014D310115E87E
2026-03-29 09:56:59 - msg_id_0200 ==> 7E02000042660000000002877400000000000C000300C64745049FAC58038C00000000260329095658010400000000140400000000150400000000160400000000170200002A02000030014D310114847E
2026-03-29 09:57:30 - msg_id_0200 ==> 7E02000042660000000002877F00000100000C000300C6474B049FAC58038C00000000260329095729010400000000140400000000150400000000160400000000170200002A02000030014D310114F07E
2026-03-29 09:57:35 - msg_id_0200 ==> 7E02000042660000000002878200000000000C000300C6474C049FAC58038C00000000260329095734010400000000140400000000150400000000160400000000170200002A02000030014D310115177E
2026-03-29 09:58:06 - msg_id_0200 ==> 7E02000042660000000002878D00000000000C000300C6474F049FAC58038C00000000260329095805010400000000140400000000150400000000160400000000170200002A02000030014D310115257E
2026-03-29 09:58:37 - msg_id_0200 ==> 7E02000042660000000002879800000000000C000300C6474E049FAC58038C00000000260329095836010400000000140400000000150400000000160400000000170200002A02000030014D310115027E
2026-03-29 09:59:08 - msg_id_0200 ==> 7E0200004266000000000287A300000000000C000300C64750049FAC50038B00000000260329095907010400000000140400000000150400000000160400000000170200002A02000030014D310115187E
2026-03-29 09:59:39 - msg_id_0200 ==> 7E0200004266000000000287AE00000000000C000300C64753049FAC50038C00000000260329095938010400000000140400000000150400000000160400000000170200002A02000030014D3101152E7E
2026-03-29 10:00:10 - msg_id_0200 ==> 7E0200004266000000000287B900000000000C000300C64751049FAC58038C00000000260329100009010400000000140400000000150400000000160400000000170200002A02000030014D310116417E
2026-03-29 10:00:41 - msg_id_0200 ==> 7E0200004266000000000287C400000000000C000300C6474F049FAC58038B00000000260329100040010400000000140400000000150400000000160400000000170200002A02000030014D3101166C7E
2026-03-29 10:01:12 - msg_id_0200 ==> 7E0200004266000000000287CF00000000000C000300C6474E049FAC58038B00000000260329100111010400000000140400000000150400000000160400000000170200002A02000030014D310115357E
2026-03-29 10:01:43 - msg_id_0200 ==> 7E0200004266000000000287DA00000000000C000300C6474F049FAC50038B00000000260329100142010400000000140400000000150400000000160400000000170200002A02000030014D3101157A7E
2026-03-29 10:02:14 - msg_id_0200 ==> 7E0200004266000000000287E500000000000C000300C6474F049FAC50038B00000000260329100213010400000000140400000000150400000000160400000000170200002A02000030014D310115177E
2026-03-29 10:02:45 - msg_id_0200 ==> 7E0200004266000000000287F000000000000C000300C6474C049FAC50038B00000000260329100244010400000000140400000000150400000000160400000000170200002A02000030014D310116557E
2026-03-29 10:03:16 - msg_id_0200 ==> 7E0200004266000000000287FB00000000000C000300C6474B049FAC48038B00000000260329100315010400000000140400000000150400000000160400000000170200002A02000030014D310115127E
2026-03-29 10:03:47 - msg_id_0200 ==> 7E02000042660000000002880600000000000C000300C6474E049FAC48038B00000000260329100346010400000000140400000000150400000000160400000000170200002A02000030014D310115B67E
2026-03-29 10:04:18 - msg_id_0200 ==> 7E02000042660000000002881100000000000C000300C64750049FAC48038B00000000260329100417010400000000140400000000150400000000160400000000170200002A02000030014D310114E87E
2026-03-29 10:04:49 - msg_id_0200 ==> 7E02000042660000000002881C00000000000C000300C64754049FAC48038B00000000260329100448010400000000140400000000150400000000160400000000170200002A02000030014D310114BE7E
2026-03-29 10:05:20 - msg_id_0200 ==> 7E02000042660000000002882700000000000C000300C64753049FAC48038B00000000260329100519010400000000140400000000150400000000160400000000170200002A02000030014D310114D27E
2026-03-29 10:05:51 - msg_id_0200 ==> 7E02000042660000000002883200000000000C000300C64754049FAC48038B00000000260329100550010400000000140400000000150400000000160400000000170200002A02000030014D3101128F7E
2026-03-29 10:06:22 - msg_id_0200 ==> 7E02000042660000000002883D00000000000C000300C64753049FAC48038B00000000260329100621010400000000140400000000150400000000160400000000170200002A02000030014D310115F27E
2026-03-29 10:06:53 - msg_id_0200 ==> 7E02000042660000000002884800000000000C000300C64752049FAC50038B00000000260329100652010400000000140400000000150400000000160400000000170200002A02000030014D310113EB7E
2026-03-29 10:07:24 - msg_id_0200 ==> 7E02000042660000000002885300000000000C000300C64753049FAC50038B00000000260329100723010400000000140400000000150400000000160400000000170200002A02000030014D310114867E
2026-03-29 10:07:55 - msg_id_0200 ==> 7E02000042660000000002885E00000000000C000300C64755049FAC50038B00000000260329100754010400000000140400000000150400000000160400000000170200002A02000030014D310114FA7E
2026-03-29 10:08:26 - msg_id_0200 ==> 7E02000042660000000002886900000000000C000300C64756049FAC58038B00000000260329100825010400000000140400000000150400000000160400000000170200002A02000030014D310115B97E
2026-03-29 10:08:57 - msg_id_0200 ==> 7E02000042660000000002887400000000000C000300C64758049FAC58038B00000000260329100856010400000000140400000000150400000000160400000000170200002A02000030014D310116DA7E
2026-03-29 10:09:27 - msg_id_0200 ==> 7E02000042660000000002887F00000100000C000300C64758049FAC58038B00000000260329100926010400000000140400000000150400000000160400000000170200002A02000030014D310116A17E
2026-03-29 10:09:32 - msg_id_0200 ==> 7E02000042660000000002888200000000000C000300C64758049FAC58038B00000000260329100931010400000000140400000000150400000000160400000000170200002A02000030014D3101164A7E
2026-03-29 10:10:03 - msg_id_0200 ==> 7E02000042660000000002888D00000000000C000300C6475A049FAC58038B00000000260329101002010400000000140400000000150400000000160400000000170200002A02000030014D3101166D7E
2026-03-29 10:10:34 - msg_id_0200 ==> 7E02000042660000000002889800000000000C000300C6475A049FAC58038B00000000260329101033010400000000140400000000150400000000160400000000170200002A02000030014D310116497E
2026-03-29 10:11:05 - msg_id_0200 ==> 7E0200004266000000000288A300000000000C000300C6475C049FAC58038B00000000260329101104010400000000140400000000150400000000160400000000170200002A02000030014D310116427E
2026-03-29 10:11:36 - msg_id_0200 ==> 7E0200004266000000000288AE00000000000C000300C6475E049FAC58038A00000000260329101135010400000000140400000000150400000000160400000000170200002A02000030014D3101157D027E
2026-03-29 10:12:07 - msg_id_0200 ==> 7E0200004266000000000288B900000000000C000300C64760049FAC58038A00000000260329101206010400000000140400000000150400000000160400000000170200002A02000030014D310114667E
2026-03-29 10:12:38 - msg_id_0200 ==> 7E0200004266000000000288C400000000000C000300C64764049FAC58038A00000000260329101237010400000000140400000000150400000000160400000000170200002A02000030014D3101142E7E
2026-03-29 10:13:09 - msg_id_0200 ==> 7E0200004266000000000288CF00000000000C000300C64764049FAC58038A00000000260329101308010400000000140400000000150400000000160400000000170200002A02000030014D3101141B7E
2026-03-29 10:13:40 - msg_id_0200 ==> 7E0200004266000000000288DA00000000000C000300C64764049FAC58038A00000000260329101339010400000000140400000000150400000000160400000000170200002A02000030014D3101153E7E
2026-03-29 10:14:11 - msg_id_0200 ==> 7E0200004266000000000288E500000000000C000300C64765049FAC58038A00000000260329101410010400000000140400000000150400000000160400000000170200002A02000030014D3101152E7E
2026-03-29 10:14:42 - msg_id_0200 ==> 7E0200004266000000000288F000000000000C000300C64766049FAC58038A00000000260329101441010400000000140400000000150400000000160400000000170200002A02000030014D3101136F7E
2026-03-29 10:15:13 - msg_id_0200 ==> 7E0200004266000000000288FB00000000000C000300C6476A049FAC60038A00000000260329101512010400000000140400000000150400000000160400000000170200002A02000030014D310115047E
2026-03-29 10:15:44 - msg_id_0200 ==> 7E02000042660000000002890600000000000C000300C6476D049FAC60038B00000000260329101543010400000000140400000000150400000000160400000000170200002A02000030014D310116AC7E
2026-03-29 10:16:15 - msg_id_0200 ==> 7E02000042660000000002891100000000000C000300C6476F049FAC60038B00000000260329101614010400000000140400000000150400000000160400000000170200002A02000030014D310117EC7E
2026-03-29 10:16:46 - msg_id_0200 ==> 7E02000042660000000002891C00000000000C000300C64771049FAC60038B00000000260329101645010400000000140400000000150400000000160400000000170200002A02000030014D310115AC7E
2026-03-29 10:17:17 - msg_id_0200 ==> 7E02000042660000000002892700000000000C000300C64772049FAC60038B00000000260329101716010400000000140400000000150400000000160400000000170200002A02000030014D310117C47E
2026-03-29 10:17:48 - msg_id_0200 ==> 7E02000042660000000002893200000000000C000300C64773049FAC68038B00000000260329101747010400000000140400000000150400000000160400000000170200002A02000030014D310116887E
2026-03-29 10:18:19 - msg_id_0200 ==> 7E02000042660000000002893D00000000000C000300C64776049FAC68038B00000000260329101818010400000000140400000000150400000000160400000000170200002A02000030014D310115D17E
2026-03-29 10:18:50 - msg_id_0200 ==> 7E02000042660000000002894800000000000C000300C64777049FAC68038A00000000260329101849010400000000140400000000150400000000160400000000170200002A02000030014D310115F57E
2026-03-29 10:19:21 - msg_id_0200 ==> 7E02000042660000000002895300000000000C000300C64779049FAC70038B00000000260329101920010400000000140400000000150400000000160400000000170200002A02000030014D310115917E
2026-03-29 10:19:52 - msg_id_0200 ==> 7E02000042660000000002895E00000000000C000300C6477B049FAC70038B00000000260329101951010400000000140400000000150400000000160400000000170200002A02000030014D310115EF7E
2026-03-29 10:20:23 - msg_id_0200 ==> 7E02000042660000000002896900000000000C000300C64779049FAC70038B00000000260329102022010400000000140400000000150400000000160400000000170200002A02000030014D310114917E
2026-03-29 10:20:54 - msg_id_0200 ==> 7E02000042660000000002897400000000000C000300C64777049FAC70038B00000000260329102053010400000000140400000000150400000000160400000000170200002A02000030014D310116F17E
2026-03-29 10:21:25 - msg_id_0200 ==> 7E02000042660000000002897F00000100000C000300C64776049FAC70038B00000000260329102124010400000000140400000000150400000000160400000000170200002A02000030014D3101158F7E
2026-03-29 10:21:30 - msg_id_0200 ==> 7E02000042660000000002898200000000000C000300C64776049FAC70038B00000000260329102129010400000000140400000000150400000000160400000000170200002A02000030014D3101157D027E
2026-03-29 10:22:01 - msg_id_0200 ==> 7E02000042660000000002898D00000000000C000300C64778049FAC70038B00000000260329102200010400000000140400000000150400000000160400000000170200002A02000030014D310116567E
2026-03-29 10:22:32 - msg_id_0200 ==> 7E02000042660000000002899800000000000C000300C64777049FAC70038B00000000260329102231010400000000140400000000150400000000160400000000170200002A02000030014D3101157D027E
2026-03-29 10:23:03 - msg_id_0200 ==> 7E0200004266000000000289A300000000000C000300C64779049FAC70038B00000000260329102302010400000000140400000000150400000000160400000000170200002A02000030014D310115797E
2026-03-29 10:23:34 - msg_id_0200 ==> 7E0200004266000000000289AE00000000000C000300C64779049FAC70038B00000000260329102333010400000000140400000000150400000000160400000000170200002A02000030014D310114447E
2026-03-29 10:24:05 - msg_id_0200 ==> 7E0200004266000000000289B900000000000C000300C6477A049FAC70038B00000000260329102404010400000000140400000000150400000000160400000000170200002A02000030014D310115617E
2026-03-29 10:24:36 - msg_id_0200 ==> 7E0200004266000000000289C400000000000C000300C6477A049FAC70038B00000000260329102435010400000000140400000000150400000000160400000000170200002A02000030014D3101152D7E
2026-03-29 10:25:07 - msg_id_0200 ==> 7E0200004266000000000289CF00000000000C000300C6477C049FAC70038B00000000260329102506010400000000140400000000150400000000160400000000170200002A02000030014D310115127E
2026-03-29 10:25:38 - msg_id_0200 ==> 7E0200004266000000000289DA00000000000C000300C6477B049FAC70038B00000000260329102537010400000000140400000000150400000000160400000000170200002A02000030014D310115317E
2026-03-29 10:26:09 - msg_id_0200 ==> 7E0200004266000000000289E500000000000C000300C6477B049FAC70038B00000000260329102608010400000000140400000000150400000000160400000000170200002A02000030014D310116317E
2026-03-29 10:26:40 - msg_id_0200 ==> 7E0200004266000000000289F000000000000C000300C6477C049FAC70038B00000000260329102639010400000000140400000000150400000000160400000000170200002A02000030014D310114107E
2026-03-29 10:27:11 - msg_id_0200 ==> 7E0200004266000000000289FB00000000000C000300C6477D02049FAC70038B00000000260329102710010400000000140400000000150400000000160400000000170200002A02000030014D310114317E
2026-03-29 10:27:42 - msg_id_0200 ==> 7E020000426600000000028A0600000000000C000300C6477D02049FAC78038B00000000260329102741010400000000140400000000150400000000160400000000170200002A02000030014D310116947E
2026-03-29 10:28:13 - msg_id_0200 ==> 7E020000426600000000028A1100000000000C000300C6477F049FAC78038B00000000260329102812010400000000140400000000150400000000160400000000170200002A02000030014D310116DE7E
2026-03-29 10:28:44 - msg_id_0200 ==> 7E020000426600000000028A1C00000000000C000300C6477F049FAC78038B00000000260329102843010400000000140400000000150400000000160400000000170200002A02000030014D310117837E
2026-03-29 10:29:15 - msg_id_0200 ==> 7E020000426600000000028A2700000000000C000300C6477F049FAC78038B00000000260329102914010400000000140400000000150400000000160400000000170200002A02000030014D310113EA7E
2026-03-29 10:29:46 - msg_id_0200 ==> 7E020000426600000000028A3200000000000C000300C64780049FAC80038B00000000260329102945010400000000140400000000150400000000160400000000170200002A02000030014D310115AF7E
2026-03-29 10:30:17 - msg_id_0200 ==> 7E020000426600000000028A3D00000000000C000300C6477F049FAC80038B00000000260329103016010400000000140400000000150400000000160400000000170200002A02000030014D310114147E
2026-03-29 10:30:48 - msg_id_0200 ==> 7E020000426600000000028A4800000000000C000300C6477D02049FAC80038B00000000260329103047010400000000140400000000150400000000160400000000170200002A02000030014D310115307E
2026-03-29 10:31:19 - msg_id_0200 ==> 7E020000426600000000028A5300000000000C000300C6477F049FAC80038B00000000260329103118010400000000140400000000150400000000160400000000170200002A02000030014D310114757E
2026-03-29 10:31:50 - msg_id_0200 ==> 7E020000426600000000028A5E00000000000C000300C64780049FAC80038B00000000260329103149010400000000140400000000150400000000160400000000170200002A02000030014D310115D77E
2026-03-29 10:32:21 - msg_id_0200 ==> 7E020000426600000000028A6900000000000C000300C64780049FAC80038A00000000260329103220010400000000140400000000150400000000160400000000170200002A02000030014D3101158B7E
2026-03-29 10:32:52 - msg_id_0200 ==> 7E020000426600000000028A7400000000000C000300C6477F049FAC80038A00000000260329103251010400000000140400000000150400000000160400000000170200002A02000030014D3101161B7E
2026-03-29 10:33:23 - msg_id_0200 ==> 7E020000426600000000028A7F00000100000C000300C6477C049FAC80038A00000000260329103322010400000000140400000000150400000000160400000000170200002A02000030014D310115637E
2026-03-29 10:33:28 - msg_id_0200 ==> 7E020000426600000000028A8200000000000C000300C6477C049FAC80038A00000000260329103327010400000000140400000000150400000000160400000000170200002A02000030014D3101159A7E
2026-03-29 10:33:59 - msg_id_0200 ==> 7E020000426600000000028A8D00000000000C000300C64778049FAC80038A00000000260329103358010400000000140400000000150400000000160400000000170200002A02000030014D310115EE7E
2026-03-29 10:34:30 - msg_id_0200 ==> 7E020000426600000000028A9800000000000C000300C64775049FAC80038A00000000260329103429010400000000140400000000150400000000160400000000170200002A02000030014D310116837E
2026-03-29 10:35:01 - msg_id_0200 ==> 7E020000426600000000028AA300000000000C000300C64773049FAC80038A00000000260329103500010400000000140400000000150400000000160400000000170200002A02000030014D310116967E
2026-03-29 10:35:32 - msg_id_0200 ==> 7E020000426600000000028AAE00000000000C000300C64771049FAC80038A00000000260329103531010400000000140400000000150400000000160400000000170200002A02000030014D310116A87E
2026-03-29 10:36:03 - msg_id_0200 ==> 7E020000426600000000028AB900000000000C000300C64771049FAC80038A00000000260329103602010400000000140400000000150400000000160400000000170200002A02000030014D3101168F7E
2026-03-29 10:36:34 - msg_id_0200 ==> 7E020000426600000000028AC400000000000C000300C64770049FAC78038A00000000260329103633010400000000140400000000150400000000160400000000170200002A02000030014D3101163A7E
2026-03-29 10:37:05 - msg_id_0200 ==> 7E020000426600000000028ACF00000000000C000300C6476F049FAC70038A00000000260329103704010400000000140400000000150400000000160400000000170200002A02000030014D310116107E
2026-03-29 10:37:36 - msg_id_0200 ==> 7E020000426600000000028ADA00000000000C000300C6476C049FAC70038A00000000260329103735010400000000140400000000150400000000160400000000170200002A02000030014D310115347E
2026-03-29 10:38:07 - msg_id_0200 ==> 7E020000426600000000028AE500000000000C000300C6476C049FAC70038A00000000260329103806010400000000140400000000150400000000160400000000170200002A02000030014D310115377E
2026-03-29 10:38:38 - msg_id_0200 ==> 7E020000426600000000028AF000000000000C000300C6476B049FAC68038A00000000260329103837010400000000140400000000150400000000160400000000170200002A02000030014D3101160F7E
2026-03-29 10:39:09 - msg_id_0200 ==> 7E020000426600000000028AFB00000000000C000300C6476B049FAC68038A00010000260329103908010400000000140400000000150400000000160400000000170200002A02000030014D3101163B7E
2026-03-29 10:39:40 - msg_id_0200 ==> 7E020000426600000000028B0600000000000C000300C6476C049FAC68038A00000000260329103939010400000000140400000000150400000000160400000000170200002A02000030014D310115F37E
2026-03-29 10:40:11 - msg_id_0200 ==> 7E020000426600000000028B1100000000000C000300C6476F049FAC60038A00000000260329104010010400000000140400000000150400000000160400000000170200002A02000030014D310116BC7E
2026-03-29 10:40:42 - msg_id_0200 ==> 7E020000426600000000028B1C00000000000C000300C64770049FAC60038A00000000260329104041010400000000140400000000150400000000160400000000170200002A02000030014D310115FC7E
2026-03-29 10:41:13 - msg_id_0200 ==> 7E020000426600000000028B2700000000000C000300C64770049FAC60038A00000000260329104112010400000000140400000000150400000000160400000000170200002A02000030014D310116967E
2026-03-29 10:41:44 - msg_id_0200 ==> 7E020000426600000000028B3200000000000C000300C64771049FAC60038900000000260329104143010400000000140400000000150400000000160400000000170200002A02000030014D310116D07E
2026-03-29 10:42:15 - msg_id_0200 ==> 7E020000426600000000028B3D00000000000C000300C6476E049FAC58038900000000260329104214010400000000140400000000150400000000160400000000170200002A02000030014D310115AF7E
2026-03-29 10:42:46 - msg_id_0200 ==> 7E020000426600000000028B4800000000000C000300C6476D049FAC60038A00000000260329104245010400000000140400000000150400000000160400000000170200002A02000030014D310114B27E
2026-03-29 10:43:17 - msg_id_0200 ==> 7E020000426600000000028B5300000000000C000300C6476C049FAC58038900000000260329104316010400000000140400000000150400000000160400000000170200002A02000030014D310113C67E
2026-03-29 10:43:48 - msg_id_0200 ==> 7E020000426600000000028B5E00000000000C000300C6476C049FAC58038900000000260329104347010400000000140400000000150400000000160400000000170200002A02000030014D3101139A7E
2026-03-29 10:44:19 - msg_id_0200 ==> 7E020000426600000000028B6900000000000C000300C6476C049FAC58038900000000260329104418010400000000140400000000150400000000160400000000170200002A02000030014D310114F27E
2026-03-29 10:44:49 - msg_id_0200 ==> 7E020000426600000000028B7400000000000C000300C6476B049FAC58038900000000260329104449010400000000140400000000150400000000160400000000170200002A02000030014D310112BF7E
2026-03-29 10:45:20 - msg_id_0200 ==> 7E020000426600000000028B7F00000100000C000300C6476D049FAC58038900000000260329104519010400000000140400000000150400000000160400000000170200002A02000030014D310113E37E
2026-03-29 10:45:25 - msg_id_0200 ==> 7E020000426600000000028B8200000000000C000300C6476D049FAC58038900000000260329104524010400000000140400000000150400000000160400000000170200002A02000030014D310112237E
2026-03-29 10:45:56 - msg_id_0200 ==> 7E020000426600000000028B8D00000000000C000300C6476F049FAC58038900000000260329104555010400000000140400000000150400000000160400000000170200002A02000030014D310114597E
2026-03-29 10:46:27 - msg_id_0200 ==> 7E020000426600000000028B9800000000000C000300C6476E049FAC60038900000000260329104626010400000000140400000000150400000000160400000000170200002A02000030014D310112037E
2026-03-29 10:46:58 - msg_id_0200 ==> 7E020000426600000000028BA300000000000C000300C64772049FAC68038900000000260329104657010400000000140400000000150400000000160400000000170200002A02000030014D3101145B7E
2026-03-29 10:47:29 - msg_id_0200 ==> 7E020000426600000000028BAE00000000000C000300C6476F049FAC68038900000000260329104728010400000000140400000000150400000000160400000000170200002A02000030014D310113327E
2026-03-29 10:48:00 - msg_id_0200 ==> 7E020000426600000000028BB900000000000C000300C6476B049FAC68038900000000260329104759010400000000140400000000150400000000160400000000170200002A02000030014D310114577E
2026-03-29 10:48:31 - msg_id_0200 ==> 7E020000426600000000028BC400000000000C000300C64769049FAC68038900000000260329104830010400000000140400000000150400000000160400000000170200002A02000030014D3101154F7E
2026-03-29 10:49:02 - msg_id_0200 ==> 7E020000426600000000028BCF00000000000C000300C64768049FAC68038900000000260329104901010400000000140400000000150400000000160400000000170200002A02000030014D310115757E
2026-03-29 10:49:33 - msg_id_0200 ==> 7E020000426600000000028BDA00000000000C000300C64764049FAC68038900000000260329104932010400000000140400000000150400000000160400000000170200002A02000030014D310113597E
2026-03-29 10:50:04 - msg_id_0200 ==> 7E020000426600000000028BE500000000000C000300C64762049FAC68038900000000260329105003010400000000140400000000150400000000160400000000170200002A02000030014D3101164D7E
2026-03-29 10:50:35 - msg_id_0200 ==> 7E020000426600000000028BF000000000000C000300C64762049FAC68038900000000260329105034010400000000140400000000150400000000160400000000170200002A02000030014D3101166F7E
2026-03-29 10:51:06 - msg_id_0200 ==> 7E020000426600000000028BFB00000000000C000300C64762049FAC70038800000000260329105105010400000000140400000000150400000000160400000000170200002A02000030014D3101144F7E
2026-03-29 10:51:37 - msg_id_0200 ==> 7E020000426600000000028C0600000000000C000300C64761049FAC70038800000000260329105136010400000000140400000000150400000000160400000000170200002A02000030014D310115847E
2026-03-29 10:52:08 - msg_id_0200 ==> 7E020000426600000000028C1100000000000C000300C64764049FAC78038800000000260329105207010400000000140400000000150400000000160400000000170200002A02000030014D310114AD7E
2026-03-29 10:52:39 - msg_id_0200 ==> 7E020000426600000000028C1C00000000000C000300C64766049FAC88038900000000260329105238010400000000140400000000150400000000160400000000170200002A02000030014D3101166E7E
2026-03-29 10:53:10 - msg_id_0200 ==> 7E020000426600000000028C2700000000000C000300C6476E049FAC90038900000000260329105309010400000000140400000000150400000000160400000000170200002A02000030014D310115767E
2026-03-29 10:53:41 - msg_id_0200 ==> 7E020000426600000000028C3200000000000C000300C64772049FAC90038900000000260329105340010400000000140400000000150400000000160400000000170200002A02000030014D310115367E
2026-03-29 10:54:12 - msg_id_0200 ==> 7E020000426600000000028C3D00000000000C000300C64778049FAC90038900000000260329105411010400000000140400000000150400000000160400000000170200002A02000030014D310114647E
2026-03-29 10:54:43 - msg_id_0200 ==> 7E020000426600000000028C4800000000000C000300C6477B049FAC88038900000000260329105442010400000000140400000000150400000000160400000000170200002A02000030014D310115587E
2026-03-29 10:55:14 - msg_id_0200 ==> 7E020000426600000000028C5300000000000C000300C6477F049FAC88038800000000260329105513010400000000140400000000150400000000160400000000170200002A02000030014D310115167E
2026-03-29 10:55:45 - msg_id_0200 ==> 7E020000426600000000028C5E00000000000C000300C6477D01049FAC88038800000000260329105544010400000000140400000000150400000000160400000000170200002A02000030014D3101154E7E
2026-03-29 10:56:16 - msg_id_0200 ==> 7E020000426600000000028C6900000000000C000300C6477B049FAC88038800000000260329105615010400000000140400000000150400000000160400000000170200002A02000030014D3101142C7E
2026-03-29 10:56:47 - msg_id_0200 ==> 7E020000426600000000028C7400000000000C000300C6477B049FAC88038800000000260329105646010400000000140400000000150400000000160400000000170200002A02000030014D310115637E
2026-03-29 10:57:18 - msg_id_0200 ==> 7E020000426600000000028C7F00000100000C000300C6477B049FAC88038800000000260329105717010400000000140400000000150400000000160400000000170200002A02000030014D310114387E
2026-03-29 10:57:23 - msg_id_0200 ==> 7E020000426600000000028C8200000000000C000300C6477B049FAC88038800000000260329105722010400000000140400000000150400000000160400000000170200002A02000030014D310114F17E
2026-03-29 10:57:54 - msg_id_0200 ==> 7E020000426600000000028C8D00000000000C000300C6477B049FAC88038700000000260329105753010400000000140400000000150400000000160400000000170200002A02000030014D310113877E
2026-03-29 10:58:25 - msg_id_0200 ==> 7E020000426600000000028C9800000000000C000300C6477C049FAC88038700000000260329105824010400000000140400000000150400000000160400000000170200002A02000030014D310114EA7E
2026-03-29 10:58:56 - msg_id_0200 ==> 7E020000426600000000028CA300000000000C000300C64778049FAC98038700000000260329105855010400000000140400000000150400000000160400000000170200002A02000030014D310114B47E
2026-03-29 10:59:27 - msg_id_0200 ==> 7E020000426600000000028CAE00000000000C000300C64778049FAC98038600000000260329105926010400000000140400000000150400000000160400000000170200002A02000030014D310112CC7E
2026-03-29 10:59:58 - msg_id_0200 ==> 7E020000426600000000028CB900000000000C000300C64777049FAC98038600000000260329105957010400000000140400000000150400000000160400000000170200002A02000030014D310114A37E
2026-03-29 11:00:29 - msg_id_0200 ==> 7E020000426600000000028CC400000000000C000300C64775049FAC98038600000000260329110028010400000000140400000000150400000000160400000000170200002A02000030014D310113FC7E
2026-03-29 11:01:00 - msg_id_0200 ==> 7E020000426600000000028CCF00000000000C000300C64776049FAC98038600000000260329110059010400000000140400000000150400000000160400000000170200002A02000030014D310112847E
2026-03-29 11:01:31 - msg_id_0200 ==> 7E020000426600000000028CDA00000000000C000300C64778049FAC98038600000000260329110130010400000000140400000000150400000000160400000000170200002A02000030014D310111F47E
2026-03-29 11:02:02 - msg_id_0200 ==> 7E020000426600000000028CE500000000000C000300C64777049FAC98038600000000260329110201010400000000140400000000150400000000160400000000170200002A02000030014D310112F57E
2026-03-29 11:02:33 - msg_id_0200 ==> 7E020000426600000000028CF000000000000C000300C64776049FAC98038600000000260329110232010400000000140400000000150400000000160400000000170200002A02000030014D310112D27E
2026-03-29 11:03:04 - msg_id_0200 ==> 7E020000426600000000028CFB00000000000C000300C64775049FAC90038600000000260329110303010400000000140400000000150400000000160400000000170200002A02000030014D310112E27E
2026-03-29 11:03:35 - msg_id_0200 ==> 7E020000426600000000028D0600000000000C000300C64772049FAC90038600000000260329110334010400000000140400000000150400000000160400000000170200002A02000030014D3101122E7E
2026-03-29 11:04:06 - msg_id_0200 ==> 7E020000426600000000028D1100000000000C000300C64770049FAC90038500000000260329110405010400000000140400000000150400000000160400000000170200002A02000030014D3101120E7E
2026-03-29 11:04:37 - msg_id_0200 ==> 7E020000426600000000028D1C00000000000C000300C64770049FAC90038500000000260329110436010400000000140400000000150400000000160400000000170200002A02000030014D310113317E
2026-03-29 11:05:08 - msg_id_0200 ==> 7E020000426600000000028D2700000000000C000300C6476F049FAC90038500000000260329110507010400000000140400000000150400000000160400000000170200002A02000030014D310113257E
2026-03-29 11:05:39 - msg_id_0200 ==> 7E020000426600000000028D3200000000000C000300C6476C049FAC90038500000000260329110538010400000000140400000000150400000000160400000000170200002A02000030014D3101130C7E
2026-03-29 11:06:10 - msg_id_0200 ==> 7E020000426600000000028D3D00000000000C000300C6476C049FAC90038500000000260329110609010400000000140400000000150400000000160400000000170200002A02000030014D310114367E
2026-03-29 11:06:41 - msg_id_0200 ==> 7E020000426600000000028D4800000000000C000300C6476D049FAC90038500000000260329110640010400000000140400000000150400000000160400000000170200002A02000030014D3101130C7E
2026-03-29 11:07:12 - msg_id_0200 ==> 7E020000426600000000028D5300000000000C000300C6476D049FAC90038500000000260329110711010400000000140400000000150400000000160400000000170200002A02000030014D310112467E
2026-03-29 11:07:43 - msg_id_0200 ==> 7E020000426600000000028D5E00000000000C000300C6476D049FAC90038500000000260329110742010400000000140400000000150400000000160400000000170200002A02000030014D3101141E7E
2026-03-29 11:08:14 - msg_id_0200 ==> 7E020000426600000000028D6900000000000C000300C6476D049FAC90038500000000260329110813010400000000140400000000150400000000160400000000170200002A02000030014D310115767E
2026-03-29 11:08:45 - msg_id_0200 ==> 7E020000426600000000028D7400000000000C000300C6476B049FAC90038500000000260329110844010400000000140400000000150400000000160400000000170200002A02000030014D310116397E
2026-03-29 11:09:15 - msg_id_0200 ==> 7E020000426600000000028D7F00000100000C000300C64769049FAC98038500000000260329110914010400000000140400000000150400000000160400000000170200002A02000030014D310116687E
2026-03-29 11:09:21 - msg_id_0200 ==> 7E020000426600000000028D8200000000000C000300C64769049FAC98038500000000260329110920010400000000140400000000150400000000160400000000170200002A02000030014D310116A07E
2026-03-29 11:09:52 - msg_id_0200 ==> 7E020000426600000000028D8D00000000000C000300C6476A049FAC98038500000000260329110951010400000000140400000000150400000000160400000000170200002A02000030014D310115DE7E
2026-03-29 11:10:23 - msg_id_0200 ==> 7E020000426600000000028D9800000000000C000300C6476B049FAC98038500000000260329111022010400000000140400000000150400000000160400000000170200002A02000030014D310116A37E
2026-03-29 11:10:54 - msg_id_0200 ==> 7E020000426600000000028DA300000000000C000300C6476B049FAC98038500000000260329111053010400000000140400000000150400000000160400000000170200002A02000030014D310116E97E
2026-03-29 11:11:25 - msg_id_0200 ==> 7E020000426600000000028DAE00000000000C000300C6476B049FAC98038500000000260329111124010400000000140400000000150400000000160400000000170200002A02000030014D310117937E
2026-03-29 11:11:56 - msg_id_0200 ==> 7E020000426600000000028DB900000000000C000300C6476B049FAC90038500000000260329111155010400000000140400000000150400000000160400000000170200002A02000030014D310116FC7E
2026-03-29 11:12:27 - msg_id_0200 ==> 7E020000426600000000028DC400000000000C000300C6476C049FAC98038500000000260329111226010400000000140400000000150400000000160400000000170200002A02000030014D310116FE7E
2026-03-29 11:12:58 - msg_id_0200 ==> 7E020000426600000000028DCF00000000000C000300C6476B049FAC98038500000000260329111257010400000000140400000000150400000000160400000000170200002A02000030014D310116837E
2026-03-29 11:13:29 - msg_id_0200 ==> 7E020000426600000000028DDA00000000000C000300C6476B049FAC98038500000000260329111328010400000000140400000000150400000000160400000000170200002A02000030014D310116E87E
2026-03-29 11:14:00 - msg_id_0200 ==> 7E020000426600000000028DE500000000000C000300C6476B049FAC98038500000000260329111359010400000000140400000000150400000000160400000000170200002A02000030014D310116A67E
2026-03-29 11:14:31 - msg_id_0200 ==> 7E020000426600000000028DF000000000000C000300C6476D049FAC98038500000000260329111430010400000000140400000000150400000000160400000000170200002A02000030014D310116DB7E
2026-03-29 11:15:02 - msg_id_0200 ==> 7E020000426600000000028DFB00000000000C000300C64770049FAC98038500000000260329111501010400000000140400000000150400000000160400000000170200002A02000030014D310116FD7E
2026-03-29 11:15:33 - msg_id_0200 ==> 7E020000426600000000028E0600000000000C000300C64774049FAC98038500000000260329111532010400000000140400000000150400000000160400000000170200002A02000030014D310115377E
2026-03-29 11:16:04 - msg_id_0200 ==> 7E020000426600000000028E1100000000000C000300C64774049FAC98038500000000260329111603010400000000140400000000150400000000160400000000170200002A02000030014D310117107E
2026-03-29 11:16:35 - msg_id_0200 ==> 7E020000426600000000028E1C00000000000C000300C64773049FAC98038500000000260329111634010400000000140400000000150400000000160400000000170200002A02000030014D3101142E7E
2026-03-29 11:17:06 - msg_id_0200 ==> 7E020000426600000000028E2700000000000C000300C64774049FAC98038500000000260329111705010400000000140400000000150400000000160400000000170200002A02000030014D310116207E
2026-03-29 11:17:37 - msg_id_0200 ==> 7E020000426600000000028E3200000000000C000300C64772049FAC98038500000000260329111736010400000000140400000000150400000000160400000000170200002A02000030014D310117017E
2026-03-29 11:18:08 - msg_id_0200 ==> 7E020000426600000000028E3D00000000000C000300C64773049FAC98038500000000260329111807010400000000140400000000150400000000160400000000170200002A02000030014D3101183E7E
2026-03-29 11:18:39 - msg_id_0200 ==> 7E020000426600000000028E4800000000000C000300C64774049FAC98038500000000260329111838010400000000140400000000150400000000160400000000170200002A02000030014D310119727E
2026-03-29 11:19:10 - msg_id_0200 ==> 7E020000426600000000028E5300000000000C000300C64774049FAC98038600000000260329111909010400000000140400000000150400000000160400000000170200002A02000030014D3101185B7E
2026-03-29 11:19:41 - msg_id_0200 ==> 7E020000426600000000028E5E00000000000C000300C64774049FAC98038600000000260329111940010400000000140400000000150400000000160400000000170200002A02000030014D3101181F7E
2026-03-29 11:20:12 - msg_id_0200 ==> 7E020000426600000000028E6900000000000C000300C64774049FAC98038600000000260329112011010400000000140400000000150400000000160400000000170200002A02000030014D310119417E
2026-03-29 11:20:43 - msg_id_0200 ==> 7E020000426600000000028E7400000000000C000300C64775049FAC98038600000000260329112042010400000000140400000000150400000000160400000000170200002A02000030014D3101190E7E
2026-03-29 11:21:13 - msg_id_0200 ==> 7E020000426600000000028E7F00000100000C000300C64777049FAC98038600000000260329112112010400000000140400000000150400000000160400000000170200002A02000030014D31011A547E
2026-03-29 11:21:18 - msg_id_0200 ==> 7E020000426600000000028E8200000000000C000300C64777049FAC98038600000000260329112117010400000000140400000000150400000000160400000000170200002A02000030014D31011AAD7E
2026-03-29 11:21:49 - msg_id_0200 ==> 7E020000426600000000028E8D00000000000C000300C64777049FAC98038600000000260329112148010400000000140400000000150400000000160400000000170200002A02000030014D310119FE7E
2026-03-29 11:22:20 - msg_id_0200 ==> 7E020000426600000000028E9800000000000C000300C64779049FAC98038500000000260329112219010400000000140400000000150400000000160400000000170200002A02000030014D31011AB77E
2026-03-29 11:22:51 - msg_id_0200 ==> 7E020000426600000000028EA300000000000C000300C64779049FAC98038500000000260329112250010400000000140400000000150400000000160400000000170200002A02000030014D31011AC57E
2026-03-29 11:23:22 - msg_id_0200 ==> 7E020000426600000000028EAE00000000000C000300C64777049FAC90038600000000260329112321010400000000140400000000150400000000160400000000170200002A02000030014D31011ABD7E
2026-03-29 11:23:54 - msg_id_0200 ==> 7E020000426600000000028EB900000000000C000300C64776049FAC90038600000000260329112352010400000000140400000000150400000000160400000000170200002A02000030014D310117D57E
2026-03-29 11:24:24 - msg_id_0200 ==> 7E020000426600000000028EC400000000000C000300C64777049FAC90038600000000260329112423010400000000140400000000150400000000160400000000170200002A02000030014D310117DF7E
2026-03-29 11:24:55 - msg_id_0200 ==> 7E020000426600000000028ECF00000000000C000300C64778049FAC90038600000000260329112454010400000000140400000000150400000000160400000000170200002A02000030014D310116AD7E
2026-03-29 11:25:26 - msg_id_0200 ==> 7E020000426600000000028EDA00000000000C000300C64779049FAC88038600000000260329112525010400000000140400000000150400000000160400000000170200002A02000030014D310116D17E
2026-03-29 11:25:57 - msg_id_0200 ==> 7E020000426600000000028EE500000000000C000300C64777049FAC88038600000000260329112556010400000000140400000000150400000000160400000000170200002A02000030014D310116937E
2026-03-29 11:26:28 - msg_id_0200 ==> 7E020000426600000000028EF000000000000C000300C64776049FAC80038600000000260329112627010400000000140400000000150400000000160400000000170200002A02000030014D310117FC7E
2026-03-29 11:26:59 - msg_id_0200 ==> 7E020000426600000000028EFB00000000000C000300C64775049FAC88038600000000260329112658010400000000140400000000150400000000160400000000170200002A02000030014D310115817E
2026-03-29 11:27:30 - msg_id_0200 ==> 7E020000426600000000028F0600000000000C000300C64773049FAC88038600000000260329112729010400000000140400000000150400000000160400000000170200002A02000030014D3101140A7E
2026-03-29 11:28:01 - msg_id_0200 ==> 7E020000426600000000028F1100000000000C000300C64772049FAC88038600000000260329112800010400000000140400000000150400000000160400000000170200002A02000030014D3101133D7E
2026-03-29 11:28:32 - msg_id_0200 ==> 7E020000426600000000028F1C00000000000C000300C64770049FAC88038600000000260329112831010400000000140400000000150400000000160400000000170200002A02000030014D310114047E
2026-03-29 11:29:03 - msg_id_0200 ==> 7E020000426600000000028F2700000000000C000300C6476F049FAC80038600000000260329112902010400000000140400000000150400000000160400000000170200002A02000030014D3101131D7E
2026-03-29 11:29:34 - msg_id_0200 ==> 7E020000426600000000028F3200000000000C000300C64770049FAC80038500000000260329112933010400000000140400000000150400000000160400000000170200002A02000030014D310113257E
2026-03-29 11:30:05 - msg_id_0200 ==> 7E020000426600000000028F3D00000000000C000300C64771049FAC80038600000000260329113004010400000000140400000000150400000000160400000000170200002A02000030014D310113067E
2026-03-29 11:30:36 - msg_id_0200 ==> 7E020000426600000000028F4800000000000C000300C64771049FAC80038600000000260329113035010400000000140400000000150400000000160400000000170200002A02000030014D310115447E
2026-03-29 11:31:07 - msg_id_0200 ==> 7E020000426600000000028F5300000000000C000300C64772049FAC78038600000000260329113106010400000000140400000000150400000000160400000000170200002A02000030014D310114977E
2026-03-29 11:31:38 - msg_id_0200 ==> 7E020000426600000000028F5E00000000000C000300C64772049FAC78038500000000260329113137010400000000140400000000150400000000160400000000170200002A02000030014D310115A97E
2026-03-29 11:32:09 - msg_id_0200 ==> 7E020000426600000000028F6900000000000C000300C64774049FAC78038500000000260329113208010400000000140400000000150400000000160400000000170200002A02000030014D310115A47E
2026-03-29 11:32:40 - msg_id_0200 ==> 7E020000426600000000028F7400000000000C000300C64775049FAC78038500000000260329113239010400000000140400000000150400000000160400000000170200002A02000030014D3101178B7E
2026-03-29 11:33:11 - msg_id_0200 ==> 7E020000426600000000028F7F00000100000C000300C64775049FAC78038500000000260329113310010400000000140400000000150400000000160400000000170200002A02000030014D310117A97E
2026-03-29 11:33:16 - msg_id_0200 ==> 7E020000426600000000028F8200000000000C000300C64775049FAC78038500000000260329113315010400000000140400000000150400000000160400000000170200002A02000030014D310117507E
2026-03-29 11:33:47 - msg_id_0200 ==> 7E020000426600000000028F8D00000000000C000300C64775049FAC78038500000000260329113346010400000000140400000000150400000000160400000000170200002A02000030014D3101150E7E
2026-03-29 11:34:18 - msg_id_0200 ==> 7E020000426600000000028F9800000000000C000300C64778049FAC78038500000000260329113417010400000000140400000000150400000000160400000000170200002A02000030014D310116437E
2026-03-29 11:34:49 - msg_id_0200 ==> 7E020000426600000000028FA300000000000C000300C64777049FAC78038500000000260329113448010400000000140400000000150400000000160400000000170200002A02000030014D310118267E
2026-03-29 11:35:20 - msg_id_0200 ==> 7E020000426600000000028FAE00000000000C000300C64777049FAC78038500000000260329113519010400000000140400000000150400000000160400000000170200002A02000030014D310117747E
2026-03-29 11:35:51 - msg_id_0200 ==> 7E020000426600000000028FB900000000000C000300C64775049FAC78038500000000260329113550010400000000140400000000150400000000160400000000170200002A02000030014D310116297E
2026-03-29 11:36:22 - msg_id_0200 ==> 7E020000426600000000028FC400000000000C000300C64772049FAC78038500000000260329113621010400000000140400000000150400000000160400000000170200002A02000030014D3101192E7E
2026-03-29 11:36:53 - msg_id_0200 ==> 7E020000426600000000028FCF00000000000C000300C6476F049FAC78038500000000260329113652010400000000140400000000150400000000160400000000170200002A02000030014D310117457E
2026-03-29 11:37:24 - msg_id_0200 ==> 7E020000426600000000028FDA00000000000C000300C64770049FAC78038500000000260329113723010400000000140400000000150400000000160400000000170200002A02000030014D3101173F7E
2026-03-29 11:37:55 - msg_id_0200 ==> 7E020000426600000000028FE500000000000C000300C64770049FAC78038500000000260329113754010400000000140400000000150400000000160400000000170200002A02000030014D310117777E
2026-03-29 11:38:26 - msg_id_0200 ==> 7E020000426600000000028FF000000000000C000300C6476F049FAC78038500000000260329113825010400000000140400000000150400000000160400000000170200002A02000030014D310117037E
2026-03-29 11:38:57 - msg_id_0200 ==> 7E020000426600000000028FFB00000000000C000300C6476C049FAC78038500000000260329113856010400000000140400000000150400000000160400000000170200002A02000030014D310116797E
2026-03-29 11:39:28 - msg_id_0200 ==> 7E02000042660000000002900600000000000C000300C6476D049FAC70038500000000260329113927010400000000140400000000150400000000160400000000170200002A02000030014D310117E37E
2026-03-29 11:39:59 - msg_id_0200 ==> 7E02000042660000000002901100000000000C000300C6476C049FAC78038500000000260329113958010400000000140400000000150400000000160400000000170200002A02000030014D310116837E
2026-03-29 11:40:30 - msg_id_0200 ==> 7E02000042660000000002901C00000000000C000300C6476B049FAC78038500000000260329114029010400000000140400000000150400000000160400000000170200002A02000030014D310117807E
2026-03-29 11:41:01 - msg_id_0200 ==> 7E02000042660000000002902700000000000C000300C6476B049FAC78038500000000260329114100010400000000140400000000150400000000160400000000170200002A02000030014D310116927E
2026-03-29 11:41:33 - msg_id_0200 ==> 7E02000042660000000002903200000000000C000300C6476B049FAC78038500000000260329114131010400000000140400000000150400000000160400000000170200002A02000030014D310118B87E
2026-03-29 11:42:03 - msg_id_0200 ==> 7E02000042660000000002903D00000000000C000300C6476A049FAC78038500000000260329114202010400000000140400000000150400000000160400000000170200002A02000030014D310118867E
2026-03-29 11:42:34 - msg_id_0200 ==> 7E02000042660000000002904800000000000C000300C64768049FAC78038500000000260329114233010400000000140400000000150400000000160400000000170200002A02000030014D310116CE7E
2026-03-29 11:43:05 - msg_id_0200 ==> 7E02000042660000000002905300000000000C000300C64766049FAC78038500000000260329114304010400000000140400000000150400000000160400000000170200002A02000030014D310116ED7E
2026-03-29 11:43:36 - msg_id_0200 ==> 7E02000042660000000002905E00000000000C000300C64766049FAC78038500000000260329114335010400000000140400000000150400000000160400000000170200002A02000030014D310116D17E
2026-03-29 11:44:07 - msg_id_0200 ==> 7E02000042660000000002906900000000000C000300C64766049FAC80038500000000260329114406010400000000140400000000150400000000160400000000170200002A02000030014D310118247E
2026-03-29 11:44:38 - msg_id_0200 ==> 7E02000042660000000002907400000000000C000300C64764049FAC80038500000000260329114437010400000000140400000000150400000000160400000000170200002A02000030014D310117057E
2026-03-29 11:45:08 - msg_id_0200 ==> 7E02000042660000000002907F00000100000C000300C64765049FAC80038500000000260329114507010400000000140400000000150400000000160400000000170200002A02000030014D3101143C7E
2026-03-29 11:45:13 - msg_id_0200 ==> 7E02000042660000000002908200000000000C000300C64766049FAC80038500000000260329114512010400000000140400000000150400000000160400000000170200002A02000030014D310115D77E
2026-03-29 11:45:44 - msg_id_0200 ==> 7E02000042660000000002908D00000000000C000300C64766049FAC80038500000000260329114543010400000000140400000000150400000000160400000000170200002A02000030014D3101138F7E
2026-03-29 11:46:15 - msg_id_0200 ==> 7E02000042660000000002909800000000000C000300C64765049FAC80038500000000260329114614010400000000140400000000150400000000160400000000170200002A02000030014D310114CA7E
2026-03-29 11:46:46 - msg_id_0200 ==> 7E0200004266000000000290A300000000000C000300C64764049FAC78038500000000260329114645010400000000140400000000150400000000160400000000170200002A02000030014D310115587E
2026-03-29 11:47:17 - msg_id_0200 ==> 7E0200004266000000000290AE00000000000C000300C6475F049FAC78038500000000260329114716010400000000140400000000150400000000160400000000170200002A02000030014D3101153C7E
2026-03-29 11:47:48 - msg_id_0200 ==> 7E0200004266000000000290B900000000000C000300C64764049FAC78038600000000260329114747010400000000140400000000150400000000160400000000170200002A02000030014D310114437E
2026-03-29 11:48:19 - msg_id_0200 ==> 7E0200004266000000000290C400000000000C000300C64763049FAC78038600000000260329114818010400000000140400000000150400000000160400000000170200002A02000030014D3101176A7E
2026-03-29 11:48:50 - msg_id_0200 ==> 7E0200004266000000000290CF00000000000C000300C64764049FAC80038600000000260329114849010400000000140400000000150400000000160400000000170200002A02000030014D310117CF7E
2026-03-29 11:49:21 - msg_id_0200 ==> 7E0200004266000000000290DA00000000000C000300C64760049FAC80038600000000260329114920010400000000140400000000150400000000160400000000170200002A02000030014D310116B77E
2026-03-29 11:49:52 - msg_id_0200 ==> 7E0200004266000000000290E500000000000C000300C6475E049FAC80038600000000260329114951010400000000140400000000150400000000160400000000170200002A02000030014D310114C57E
2026-03-29 11:50:23 - msg_id_0200 ==> 7E0200004266000000000290F000000000000C000300C64760049FAC80038600000000260329115022010400000000140400000000150400000000160400000000170200002A02000030014D310115857E
2026-03-29 11:50:54 - msg_id_0200 ==> 7E0200004266000000000290FB00000000000C000300C6475D049FAC80038600000000260329115053010400000000140400000000150400000000160400000000170200002A02000030014D310116C17E
2026-03-29 11:51:25 - msg_id_0200 ==> 7E02000042660000000002910600000000000C000300C6475B049FAC80038600000000260329115124010400000000140400000000150400000000160400000000170200002A02000030014D3101164D7E
2026-03-29 11:51:56 - msg_id_0200 ==> 7E02000042660000000002911100000000000C000300C6475D049FAC80038600000000260329115155010400000000140400000000150400000000160400000000170200002A02000030014D3101172C7E
2026-03-29 11:52:27 - msg_id_0200 ==> 7E02000042660000000002911C00000000000C000300C6475D049FAC88038600000000260329115226010400000000140400000000150400000000160400000000170200002A02000030014D3101155B7E
2026-03-29 11:52:58 - msg_id_0200 ==> 7E02000042660000000002912700000000000C000300C6475D049FAC88038600000000260329115257010400000000140400000000150400000000160400000000170200002A02000030014D310116127E
2026-03-29 11:53:29 - msg_id_0200 ==> 7E02000042660000000002913200000000000C000300C6475C049FAC90038600000000260329115328010400000000140400000000150400000000160400000000170200002A02000030014D310115637E
2026-03-29 11:54:00 - msg_id_0200 ==> 7E02000042660000000002913D00000000000C000300C6475C049FAC90038600000000260329115359010400000000140400000000150400000000160400000000170200002A02000030014D3101151D7E
2026-03-29 11:54:31 - msg_id_0200 ==> 7E02000042660000000002914800000000000C000300C6475C049FAC90038600000000260329115430010400000000140400000000150400000000160400000000170200002A02000030014D310115067E
2026-03-29 11:55:02 - msg_id_0200 ==> 7E02000042660000000002915300000000000C000300C6475A049FAC90038600000000260329115501010400000000140400000000150400000000160400000000170200002A02000030014D3101152B7E
2026-03-29 11:55:33 - msg_id_0200 ==> 7E02000042660000000002915E00000000000C000300C6475A049FAC90038600000000260329115532010400000000140400000000150400000000160400000000170200002A02000030014D310116167E
2026-03-29 11:56:04 - msg_id_0200 ==> 7E02000042660000000002916900000000000C000300C6475A049FAC90038600000000260329115603010400000000140400000000150400000000160400000000170200002A02000030014D310115107E
2026-03-29 11:56:35 - msg_id_0200 ==> 7E02000042660000000002917400000000000C000300C6475A049FAC90038600000000260329115634010400000000140400000000150400000000160400000000170200002A02000030014D3101153A7E
2026-03-29 11:57:06 - msg_id_0200 ==> 7E02000042660000000002917F00000100000C000300C6475B049FAC90038600000000260329115705010400000000140400000000150400000000160400000000170200002A02000030014D310116027E
2026-03-29 11:57:11 - msg_id_0200 ==> 7E02000042660000000002918200000000000C000300C6475B049FAC90038600000000260329115710010400000000140400000000150400000000160400000000170200002A02000030014D310117EA7E
2026-03-29 11:57:42 - msg_id_0200 ==> 7E02000042660000000002918D00000000000C000300C6475A049FAC90038600000000260329115741010400000000140400000000150400000000160400000000170200002A02000030014D310116B47E
2026-03-29 11:58:13 - msg_id_0200 ==> 7E02000042660000000002919800000000000C000300C6475F049FAC90038600000000260329115812010400000000140400000000150400000000160400000000170200002A02000030014D310115FB7E
2026-03-29 11:58:44 - msg_id_0200 ==> 7E0200004266000000000291A300000000000C000300C64763049FAC98038600000000260329115843010400000000140400000000150400000000160400000000170200002A02000030014D310116A67E
2026-03-29 11:59:15 - msg_id_0200 ==> 7E0200004266000000000291AE00000000000C000300C64764049FAC98038600000000260329115914010400000000140400000000150400000000160400000000170200002A02000030014D310114F87E
2026-03-29 11:59:46 - msg_id_0200 ==> 7E0200004266000000000291B900000000000C000300C64763049FAC98038600000000260329115945010400000000140400000000150400000000160400000000170200002A02000030014D310116BB7E
2026-03-29 12:00:17 - msg_id_0200 ==> 7E0200004266000000000291C400000000000C000300C64763049FACA0038700000000260329120016010400000000140400000000150400000000160400000000170200002A02000030014D310116F67E
2026-03-29 12:00:48 - msg_id_0200 ==> 7E0200004266000000000291CF00000000000C000300C64764049FACA0038700000000260329120047010400000000140400000000150400000000160400000000170200002A02000030014D310117AA7E
2026-03-29 12:01:19 - msg_id_0200 ==> 7E0200004266000000000291DA00000000000C000300C64767049FACA0038700000000260329120118010400000000140400000000150400000000160400000000170200002A02000030014D310119EC7E
2026-03-29 12:01:50 - msg_id_0200 ==> 7E0200004266000000000291E500000000000C000300C64768049FACA0038700000000260329120149010400000000140400000000150400000000160400000000170200002A02000030014D310117837E
2026-03-29 12:02:21 - msg_id_0200 ==> 7E0200004266000000000291F000000000000C000300C6476A049FACA0038700000000260329120220010400000000140400000000150400000000160400000000170200002A02000030014D310118F17E
2026-03-29 12:02:52 - msg_id_0200 ==> 7E0200004266000000000291FB00000000000C000300C6476B049FACA0038700000000260329120251010400000000140400000000150400000000160400000000170200002A02000030014D310117857E
2026-03-29 12:03:23 - msg_id_0200 ==> 7E02000042660000000002920600000000000C000300C6476B049FACA0038700000000260329120322010400000000140400000000150400000000160400000000170200002A02000030014D310118067E
2026-03-29 12:03:54 - msg_id_0200 ==> 7E02000042660000000002921100000000000C000300C6476C049FACA0038700000000260329120353010400000000140400000000150400000000160400000000170200002A02000030014D310118677E
2026-03-29 12:04:25 - msg_id_0200 ==> 7E02000042660000000002921C00000000000C000300C6476C049FACA0038700000000260329120424010400000000140400000000150400000000160400000000170200002A02000030014D310117157E
2026-03-29 12:04:56 - msg_id_0200 ==> 7E02000042660000000002922700000000000C000300C6476C049FAC98038700000000260329120455010400000000140400000000150400000000160400000000170200002A02000030014D310116667E
2026-03-29 12:05:27 - msg_id_0200 ==> 7E02000042660000000002923200000000000C000300C6476B049FAC98038700000000260329120526010400000000140400000000150400000000160400000000170200002A02000030014D310117077E
2026-03-29 12:05:58 - msg_id_0200 ==> 7E02000042660000000002923D00000000000C000300C6476C049FAC98038700000000260329120557010400000000140400000000150400000000160400000000170200002A02000030014D3101167F7E
2026-03-29 12:06:29 - msg_id_0200 ==> 7E02000042660000000002924800000000000C000300C6476D049FAC98038700000000260329120628010400000000140400000000150400000000160400000000170200002A02000030014D310115747E
2026-03-29 12:07:00 - msg_id_0200 ==> 7E02000042660000000002925300000000000C000300C6476D049FAC98038700000000260329120659010400000000140400000000150400000000160400000000170200002A02000030014D3101151E7E
2026-03-29 12:07:31 - msg_id_0200 ==> 7E02000042660000000002925E00000000000C000300C6476E049FAC90038700000000260329120730010400000000140400000000150400000000160400000000170200002A02000030014D310115707E
2026-03-29 12:08:02 - msg_id_0200 ==> 7E02000042660000000002926900000000000C000300C6476E049FAC90038700000000260329120801010400000000140400000000150400000000160400000000170200002A02000030014D3101167A7E
2026-03-29 12:08:33 - msg_id_0200 ==> 7E02000042660000000002927400000000000C000300C6476F049FAC90038700000000260329120832010400000000140400000000150400000000160400000000170200002A02000030014D310115567E
2026-03-29 12:09:03 - msg_id_0200 ==> 7E02000042660000000002927F00000100000C000300C64770049FAC90038700000000260329120902010400000000140400000000150400000000160400000000170200002A02000030014D310115727E
2026-03-29 12:09:08 - msg_id_0200 ==> 7E02000042660000000002928200000000000C000300C64770049FAC90038700000000260329120907010400000000140400000000150400000000160400000000170200002A02000030014D3101158B7E
2026-03-29 12:09:39 - msg_id_0200 ==> 7E02000042660000000002928D00000000000C000300C64771049FAC90038700000000260329120938010400000000140400000000150400000000160400000000170200002A02000030014D310117B87E
2026-03-29 12:10:10 - msg_id_0200 ==> 7E02000042660000000002929800000000000C000300C64771049FAC90038800000000260329121009010400000000140400000000150400000000160400000000170200002A02000030014D310115887E
2026-03-29 12:10:41 - msg_id_0200 ==> 7E0200004266000000000292A300000000000C000300C64772049FAC90038800000000260329121040010400000000140400000000150400000000160400000000170200002A02000030014D310117FB7E
2026-03-29 12:11:12 - msg_id_0200 ==> 7E0200004266000000000292AE00000000000C000300C64775049FAC90038700000000260329121111010400000000140400000000150400000000160400000000170200002A02000030014D310116AF7E
2026-03-29 12:11:43 - msg_id_0200 ==> 7E0200004266000000000292B900000000000C000300C64774049FAC88038700000000260329121142010400000000140400000000150400000000160400000000170200002A02000030014D310116F27E
2026-03-29 12:12:14 - msg_id_0200 ==> 7E0200004266000000000292C400000000000C000300C64772049FAC88038700000000260329121213010400000000140400000000150400000000160400000000170200002A02000030014D310116DB7E
2026-03-29 12:12:45 - msg_id_0200 ==> 7E0200004266000000000292CF00000000000C000300C64771049FAC80038700000000260329121244010400000000140400000000150400000000160400000000170200002A02000030014D3101158F7E
2026-03-29 12:13:16 - msg_id_0200 ==> 7E0200004266000000000292DA00000000000C000300C64772049FAC88038700000000260329121315010400000000140400000000150400000000160400000000170200002A02000030014D310116C27E
2026-03-29 12:13:47 - msg_id_0200 ==> 7E0200004266000000000292E500000000000C000300C64773049FAC88038700000000260329121346010400000000140400000000150400000000160400000000170200002A02000030014D310118A17E
2026-03-29 12:14:18 - msg_id_0200 ==> 7E0200004266000000000292F000000000000C000300C64773049FAC80038700000000260329121417010400000000140400000000150400000000160400000000170200002A02000030014D310117E57E
2026-03-29 12:14:49 - msg_id_0200 ==> 7E0200004266000000000292FB00000000000C000300C64773049FAC80038700000000260329121448010400000000140400000000150400000000160400000000170200002A02000030014D310117B17E
2026-03-29 12:15:20 - msg_id_0200 ==> 7E02000042660000000002930600000000000C000300C64775049FAC80038700000000260329121519010400000000140400000000150400000000160400000000170200002A02000030014D310118147E
2026-03-29 12:15:51 - msg_id_0200 ==> 7E02000042660000000002931100000000000C000300C64777049FAC80038700000000260329121550010400000000140400000000150400000000160400000000170200002A02000030014D310118487E
2026-03-29 12:16:22 - msg_id_0200 ==> 7E02000042660000000002931C00000000000C000300C64779049FAC80038700000000260329121621010400000000140400000000150400000000160400000000170200002A02000030014D310117367E
2026-03-29 12:16:53 - msg_id_0200 ==> 7E02000042660000000002932700000000000C000300C64776049FAC80038700000000260329121652010400000000140400000000150400000000160400000000170200002A02000030014D310117717E
2026-03-29 12:17:24 - msg_id_0200 ==> 7E02000042660000000002933200000000000C000300C64775049FAC80038700000000260329121723010400000000140400000000150400000000160400000000170200002A02000030014D310118187E
2026-03-29 12:17:55 - msg_id_0200 ==> 7E02000042660000000002933D00000000000C000300C64773049FAC80038700000000260329121754010400000000140400000000150400000000160400000000170200002A02000030014D310118667E
2026-03-29 12:18:26 - msg_id_0200 ==> 7E02000042660000000002934800000000000C000300C64773049FAC80038700000000260329121825010400000000140400000000150400000000160400000000170200002A02000030014D310117627E
2026-03-29 12:18:57 - msg_id_0200 ==> 7E02000042660000000002935300000000000C000300C64770049FAC80038700000000260329121856010400000000140400000000150400000000160400000000170200002A02000030014D310118067E
2026-03-29 12:19:28 - msg_id_0200 ==> 7E02000042660000000002935E00000000000C000300C6476E049FAC88038700000000260329121927010400000000140400000000150400000000160400000000170200002A02000030014D310117627E
2026-03-29 12:19:59 - msg_id_0200 ==> 7E02000042660000000002936900000000000C000300C6476F049FAC88038700000000260329121958010400000000140400000000150400000000160400000000170200002A02000030014D310119257E
2026-03-29 12:20:30 - msg_id_0200 ==> 7E02000042660000000002937400000000000C000300C6476E049FAC88038700000000260329122029010400000000140400000000150400000000160400000000170200002A02000030014D310119717E
2026-03-29 12:21:01 - msg_id_0200 ==> 7E02000042660000000002937F00000100000C000300C6476E049FAC88038700000000260329122100010400000000140400000000150400000000160400000000170200002A02000030014D3101165C7E
2026-03-29 12:21:06 - msg_id_0200 ==> 7E02000042660000000002938200000000000C000300C6476E049FAC80038700000000260329122105010400000000140400000000150400000000160400000000170200002A02000030014D310117AC7E
2026-03-29 12:21:37 - msg_id_0200 ==> 7E02000042660000000002938D00000000000C000300C6476C049FAC80038700000000260329122136010400000000140400000000150400000000160400000000170200002A02000030014D3101189D7E
2026-03-29 12:22:08 - msg_id_0200 ==> 7E02000042660000000002939800000000000C000300C6476B049FAC88038700000000260329122207010400000000140400000000150400000000160400000000170200002A02000030014D310118B57E
2026-03-29 12:22:39 - msg_id_0200 ==> 7E0200004266000000000293A300000000000C000300C6476B049FAC88038700000000260329122238010400000000140400000000150400000000160400000000170200002A02000030014D310117BE7E
2026-03-29 12:23:10 - msg_id_0200 ==> 7E0200004266000000000293AE00000000000C000300C6476B049FAC88038700000000260329122309010400000000140400000000150400000000160400000000170200002A02000030014D310117837E
2026-03-29 12:23:41 - msg_id_0200 ==> 7E0200004266000000000293B900000000000C000300C6476A049FAC90038700000000260329122340010400000000140400000000150400000000160400000000170200002A02000030014D310116C57E
2026-03-29 12:24:12 - msg_id_0200 ==> 7E0200004266000000000293C400000000000C000300C64768049FAC90038700000000260329122411010400000000140400000000150400000000160400000000170200002A02000030014D310116EC7E
2026-03-29 12:24:43 - msg_id_0200 ==> 7E0200004266000000000293CF00000000000C000300C64769049FAC90038700000000260329122442010400000000140400000000150400000000160400000000170200002A02000030014D310116B57E
2026-03-29 12:25:14 - msg_id_0200 ==> 7E0200004266000000000293DA00000000000C000300C6476A049FAC90038700000000260329122513010400000000140400000000150400000000160400000000170200002A02000030014D310116F37E
2026-03-29 12:25:45 - msg_id_0200 ==> 7E0200004266000000000293E500000000000C000300C6476B049FAC80038700000000260329122544010400000000140400000000150400000000160400000000170200002A02000030014D3101178B7E
2026-03-29 12:26:16 - msg_id_0200 ==> 7E0200004266000000000293F000000000000C000300C6476B049FAC78038700000000260329122615010400000000140400000000150400000000160400000000170200002A02000030014D310117347E
2026-03-29 12:26:47 - msg_id_0200 ==> 7E0200004266000000000293FB00000000000C000300C6476E049FAC78038700000000260329122646010400000000140400000000150400000000160400000000170200002A02000030014D310116687E
2026-03-29 12:27:18 - msg_id_0200 ==> 7E02000042660000000002940600000000000C000300C64771049FAC78038700000000260329122717010400000000140400000000150400000000160400000000170200002A02000030014D310116DD7E
2026-03-29 12:27:49 - msg_id_0200 ==> 7E02000042660000000002941100000000000C000300C64771049FAC78038700000000260329122748010400000000140400000000150400000000160400000000170200002A02000030014D310115967E
2026-03-29 12:28:20 - msg_id_0200 ==> 7E02000042660000000002941C00000000000C000300C6476F049FAC70038700000000260329122819010400000000140400000000150400000000160400000000170200002A02000030014D310115D37E
2026-03-29 12:28:51 - msg_id_0200 ==> 7E02000042660000000002942700000000000C000300C6476E049FAC70038700000000260329122850010400000000140400000000150400000000160400000000170200002A02000030014D310113A67E
2026-03-29 12:29:22 - msg_id_0200 ==> 7E02000042660000000002943200000000000C000300C6476D049FAC70038700000000260329122921010400000000140400000000150400000000160400000000170200002A02000030014D310115C67E
2026-03-29 12:29:53 - msg_id_0200 ==> 7E02000042660000000002943D00000000000C000300C6476B049FAC68038700000000260329122952010400000000140400000000150400000000160400000000170200002A02000030014D310115A47E
2026-03-29 12:30:24 - msg_id_0200 ==> 7E02000042660000000002944800000000000C000300C64767049FAC68038700000000260329123023010400000000140400000000150400000000160400000000170200002A02000030014D310116B67E
2026-03-29 12:30:55 - msg_id_0200 ==> 7E02000042660000000002945300000000000C000300C64769049FAC68038800000000260329123054010400000000140400000000150400000000160400000000170200002A02000030014D310116DB7E
2026-03-29 12:31:26 - msg_id_0200 ==> 7E02000042660000000002945E00000000000C000300C64769049FAC68038800000000260329123125010400000000140400000000150400000000160400000000170200002A02000030014D310113A37E
2026-03-29 12:31:57 - msg_id_0200 ==> 7E02000042660000000002946900000000000C000300C6476B049FAC60038800000000260329123156010400000000140400000000150400000000160400000000170200002A02000030014D310115EB7E
2026-03-29 12:32:28 - msg_id_0200 ==> 7E02000042660000000002947400000000000C000300C64769049FAC60038800000000260329123227010400000000140400000000150400000000160400000000170200002A02000030014D310114877E
2026-03-29 12:32:58 - msg_id_0200 ==> 7E02000042660000000002947F00000100000C000300C6476A049FAC60038800000000260329123257010400000000140400000000150400000000160400000000170200002A02000030014D310115FF7E
2026-03-29 12:33:03 - msg_id_0200 ==> 7E02000042660000000002948200000000000C000300C6476A049FAC60038800000000260329123303010400000000140400000000150400000000160400000000170200002A02000030014D310115567E
2026-03-29 12:33:35 - msg_id_0200 ==> 7E02000042660000000002948D00000000000C000300C64768049FAC60038800000000260329123334010400000000140400000000150400000000160400000000170200002A02000030014D3101156C7E
2026-03-29 12:34:06 - msg_id_0200 ==> 7E02000042660000000002949800000000000C000300C6476A049FAC60038800000000260329123405010400000000140400000000150400000000160400000000170200002A02000030014D3101164E7E
2026-03-29 12:34:37 - msg_id_0200 ==> 7E0200004266000000000294A300000000000C000300C64769049FAC58038A00000000260329123436010400000000140400000000150400000000160400000000170200002A02000030014D3101157C7E
2026-03-29 12:35:08 - msg_id_0200 ==> 7E0200004266000000000294AE00000000000C000300C64768049FAC58038A00000000260329123507010400000000140400000000150400000000160400000000170200002A02000030014D310115407E
2026-03-29 12:35:39 - msg_id_0200 ==> 7E0200004266000000000294B900000000000C000300C64767049FAC58038A00000000260329123538010400000000140400000000150400000000160400000000170200002A02000030014D310115677E
2026-03-29 12:36:10 - msg_id_0200 ==> 7E0200004266000000000294C400000000000C000300C64764049FAC58038B00000000260329123609010400000000140400000000150400000000160400000000170200002A02000030014D3101142B7E
2026-03-29 12:36:41 - msg_id_0200 ==> 7E0200004266000000000294CF00000000000C000300C64766049FAC58038B00000000260329123640010400000000140400000000150400000000160400000000170200002A02000030014D3101156A7E
2026-03-29 12:37:12 - msg_id_0200 ==> 7E0200004266000000000294DA00000000000C000300C64765049FAC58038B00000000260329123711010400000000140400000000150400000000160400000000170200002A02000030014D3101162F7E
2026-03-29 12:37:43 - msg_id_0200 ==> 7E0200004266000000000294E500000000000C000300C64763049FAC58038B00000000260329123742010400000000140400000000150400000000160400000000170200002A02000030014D310116457E
2026-03-29 12:38:14 - msg_id_0200 ==> 7E0200004266000000000294F000000000000C000300C64762049FAC58038B00000000260329123813010400000000140400000000150400000000160400000000170200002A02000030014D3101150C7E
2026-03-29 12:38:45 - msg_id_0200 ==> 7E0200004266000000000294FB00000000000C000300C64763049FAC58038B00000000260329123844010400000000140400000000150400000000160400000000170200002A02000030014D310115517E
2026-03-29 12:39:16 - msg_id_0200 ==> 7E02000042660000000002950600000000000C000300C64763049FAC58038B00000000260329123915010400000000140400000000150400000000160400000000170200002A02000030014D310116FE7E
2026-03-29 12:39:47 - msg_id_0200 ==> 7E02000042660000000002951100000000000C000300C64764049FAC58038B00000000260329123946010400000000140400000000150400000000160400000000170200002A02000030014D310116BD7E
2026-03-29 12:40:18 - msg_id_0200 ==> 7E02000042660000000002951C00000000000C000300C64764049FAC58038B00000000260329124017010400000000140400000000150400000000160400000000170200002A02000030014D310116987E
2026-03-29 12:40:49 - msg_id_0200 ==> 7E02000042660000000002952700000000000C000300C64760049FAC58038B00000000260329124048010400000000140400000000150400000000160400000000170200002A02000030014D310116F87E
2026-03-29 12:41:20 - msg_id_0200 ==> 7E02000042660000000002953200000000000C000300C6475F049FAC58038B00000000260329124119010400000000140400000000150400000000160400000000170200002A02000030014D310117837E
2026-03-29 12:41:51 - msg_id_0200 ==> 7E02000042660000000002953D00000000000C000300C6475E049FAC58038C00000000260329124150010400000000140400000000150400000000160400000000170200002A02000030014D310116C27E
2026-03-29 12:42:22 - msg_id_0200 ==> 7E02000042660000000002954800000000000C000300C6475D049FAC60038C00000000260329124221010400000000140400000000150400000000160400000000170200002A02000030014D310115FD7E
2026-03-29 12:42:53 - msg_id_0200 ==> 7E02000042660000000002955300000000000C000300C6475F049FAC68038C00000000260329124252010400000000140400000000150400000000160400000000170200002A02000030014D3101169C7E
2026-03-29 12:43:24 - msg_id_0200 ==> 7E02000042660000000002955E00000000000C000300C64761049FAC68038C00000000260329124323010400000000140400000000150400000000160400000000170200002A02000030014D310117DE7E
2026-03-29 12:43:55 - msg_id_0200 ==> 7E02000042660000000002956900000000000C000300C64761049FAC68038C00000000260329124354010400000000140400000000150400000000160400000000170200002A02000030014D3101159C7E
2026-03-29 12:44:26 - msg_id_0200 ==> 7E02000042660000000002957400000000000C000300C64760049FAC68038C00000000260329124425010400000000140400000000150400000000160400000000170200002A02000030014D310115F67E
2026-03-29 12:44:56 - msg_id_0200 ==> 7E02000042660000000002957F00000100000C000300C64760049FAC68038C00000000260329124455010400000000140400000000150400000000160400000000170200002A02000030014D3101178E7E
2026-03-29 12:45:01 - msg_id_0200 ==> 7E02000042660000000002958200000000000C000300C64760049FAC68038C00000000260329124500010400000000140400000000150400000000160400000000170200002A02000030014D310115247E
2026-03-29 12:45:32 - msg_id_0200 ==> 7E02000042660000000002958D00000000000C000300C6475E049FAC68038C00000000260329124531010400000000140400000000150400000000160400000000170200002A02000030014D310116277E
2026-03-29 12:46:03 - msg_id_0200 ==> 7E02000042660000000002959800000000000C000300C64745049FAC78038D00000000260329124602010400000000140400000000150400000000160400000000170200002A02000030014D310116087E
2026-03-29 12:46:34 - msg_id_0200 ==> 7E0200004266000000000295A300000000000C000300C64740049FAC70038D00000000260329124633010400000000140400000000150400000000160400000000170200002A02000030014D3101170E7E
2026-03-29 12:47:05 - msg_id_0200 ==> 7E0200004266000000000295AE00000000000C000300C6473F049FAC68038D00000000260329124704010400000000140400000000150400000000160400000000170200002A02000030014D310117527E
2026-03-29 12:47:36 - msg_id_0200 ==> 7E0200004266000000000295B900000000000C000300C6473B049FAC68038E00000000260329124735010400000000140400000000150400000000160400000000170200002A02000030014D310115717E
2026-03-29 12:48:07 - msg_id_0200 ==> 7E0200004266000000000295C400000000000C000300C64734049FAC70038E00000000260329124806010400000000140400000000150400000000160400000000170200002A02000030014D310116247E
2026-03-29 12:48:38 - msg_id_0200 ==> 7E0200004266000000000295CF00000000000C000300C64735049FAC70038E00000000260329124837010400000000140400000000150400000000160400000000170200002A02000030014D3101151C7E
2026-03-29 12:49:09 - msg_id_0200 ==> 7E0200004266000000000295DA00000000000C000300C64736049FAC78038D00000000260329124908010400000000140400000000150400000000160400000000170200002A02000030014D3101143E7E
2026-03-29 12:49:40 - msg_id_0200 ==> 7E0200004266000000000295E500000000000C000300C64737049FAC78038E00000000260329124939010400000000140400000000150400000000160400000000170200002A02000030014D310116307E
2026-03-29 12:50:11 - msg_id_0200 ==> 7E0200004266000000000295F000000000000C000300C64739049FAC78038E00000000260329125010010400000000140400000000150400000000160400000000170200002A02000030014D310115187E
2026-03-29 12:50:42 - msg_id_0200 ==> 7E0200004266000000000295FB00000000000C000300C64738049FAC78038E00000000260329125041010400000000140400000000150400000000160400000000170200002A02000030014D310112447E
2026-03-29 12:51:13 - msg_id_0200 ==> 7E02000042660000000002960600000000000C000300C64738049FAC78038E00000000260329125112010400000000140400000000150400000000160400000000170200002A02000030014D310116EC7E
2026-03-29 12:51:44 - msg_id_0200 ==> 7E02000042660000000002961100000000000C000300C64735049FAC78038E00000000260329125143010400000000140400000000150400000000160400000000170200002A02000030014D310117A67E
2026-03-29 12:52:15 - msg_id_0200 ==> 7E02000042660000000002961C00000000000C000300C64739049FAC80038E00000000260329125214010400000000140400000000150400000000160400000000170200002A02000030014D310115097E
2026-03-29 12:52:46 - msg_id_0200 ==> 7E02000042660000000002962700000000000C000300C64739049FAC78038E00000000260329125245010400000000140400000000150400000000160400000000170200002A02000030014D3101159B7E
2026-03-29 12:53:17 - msg_id_0200 ==> 7E02000042660000000002963200000000000C000300C6473B049FAC78038E00000000260329125316010400000000140400000000150400000000160400000000170200002A02000030014D310117DC7E
2026-03-29 12:53:48 - msg_id_0200 ==> 7E02000042660000000002963D00000000000C000300C6473B049FAC78038D00000000260329125347010400000000140400000000150400000000160400000000170200002A02000030014D310115837E
2026-03-29 12:54:19 - msg_id_0200 ==> 7E02000042660000000002964800000000000C000300C6473C049FAC80038E00000000260329125418010400000000140400000000150400000000160400000000170200002A02000030014D310114537E
2026-03-29 12:54:50 - msg_id_0200 ==> 7E02000042660000000002965300000000000C000300C6473C049FAC80038E00000000260329125449010400000000140400000000150400000000160400000000170200002A02000030014D3101111C7E
2026-03-29 12:55:21 - msg_id_0200 ==> 7E02000042660000000002965E00000000000C000300C6473F049FAC80038D00000000260329125520010400000000140400000000150400000000160400000000170200002A02000030014D3101147C7E
2026-03-29 12:55:52 - msg_id_0200 ==> 7E02000042660000000002966900000000000C000300C64740049FAC78038D00000000260329125551010400000000140400000000150400000000160400000000170200002A02000030014D310115BC7E
2026-03-29 12:56:23 - msg_id_0200 ==> 7E02000042660000000002967400000000000C000300C6473F049FAC80038D00000000260329125622010400000000140400000000150400000000160400000000170200002A02000030014D310117547E
2026-03-29 12:56:54 - msg_id_0200 ==> 7E02000042660000000002967F00000100000C000300C6473D049FAC88038D00000000260329125653010400000000140400000000150400000000160400000000170200002A02000030014D310113217E
2026-03-29 12:56:59 - msg_id_0200 ==> 7E02000042660000000002968200000000000C000300C6473B049FAC88038D00000000260329125658010400000000140400000000150400000000160400000000170200002A02000030014D310115D67E
2026-03-29 12:57:30 - msg_id_0200 ==> 7E02000042660000000002968D00000000000C000300C6473D049FAC90038D00000000260329125729010400000000140400000000150400000000160400000000170200002A02000030014D310113B17E
2026-03-29 12:58:01 - msg_id_0200 ==> 7E02000042660000000002969800000000000C000300C64740049FAC88038D00000000260329125800010400000000140400000000150400000000160400000000170200002A02000030014D310113E77E
2026-03-29 12:58:32 - msg_id_0200 ==> 7E0200004266000000000296A300000000000C000300C64742049FAC88038D00000000260329125831010400000000140400000000150400000000160400000000170200002A02000030014D310115E97E
2026-03-29 12:59:03 - msg_id_0200 ==> 7E0200004266000000000296AE00000000000C000300C64746049FAC88038D00000000260329125902010400000000140400000000150400000000160400000000170200002A02000030014D310116D17E
2026-03-29 12:59:34 - msg_id_0200 ==> 7E0200004266000000000296B900000000000C000300C64744049FAC88038D00000000260329125933010400000000140400000000150400000000160400000000170200002A02000030014D310116F57E
2026-03-29 13:00:05 - msg_id_0200 ==> 7E0200004266000000000296C400000000000C000300C64744049FAC88038D00000000260329130004010400000000140400000000150400000000160400000000170200002A02000030014D310114E57E
2026-03-29 13:00:36 - msg_id_0200 ==> 7E0200004266000000000296CF00000000000C000300C64744049FAC88038D00000000260329130035010400000000140400000000150400000000160400000000170200002A02000030014D310116DD7E
2026-03-29 13:01:07 - msg_id_0200 ==> 7E0200004266000000000296DA00000000000C000300C64744049FAC88038D00000000260329130106010400000000140400000000150400000000160400000000170200002A02000030014D310118F47E
2026-03-29 13:01:38 - msg_id_0200 ==> 7E0200004266000000000296E500000000000C000300C64744049FAC80038D00000000260329130137010400000000140400000000150400000000160400000000170200002A02000030014D310117FD7E
2026-03-29 13:02:09 - msg_id_0200 ==> 7E0200004266000000000296F000000000000C000300C64744049FAC80038D00000000260329130208010400000000140400000000150400000000160400000000170200002A02000030014D310116D57E
2026-03-29 13:02:40 - msg_id_0200 ==> 7E0200004266000000000296FB00000000000C000300C64744049FAC80038D00000000260329130239010400000000140400000000150400000000160400000000170200002A02000030014D310118E17E
2026-03-29 13:03:11 - msg_id_0200 ==> 7E02000042660000000002970600000000000C000300C64745049FAC80038D00000000260329130310010400000000140400000000150400000000160400000000170200002A02000030014D310119357E
2026-03-29 13:03:42 - msg_id_0200 ==> 7E02000042660000000002971100000000000C000300C64747049FAC78038D00000000260329130341010400000000140400000000150400000000160400000000170200002A02000030014D310118887E
2026-03-29 13:04:13 - msg_id_0200 ==> 7E02000042660000000002971C00000000000C000300C6474A049FAC78038E00000000260329130412010400000000140400000000150400000000160400000000170200002A02000030014D310119DE7E
2026-03-29 13:04:44 - msg_id_0200 ==> 7E02000042660000000002972700000000000C000300C6474D049FAC70038E00000000260329130443010400000000140400000000150400000000160400000000170200002A02000030014D310119BB7E
2026-03-29 13:05:15 - msg_id_0200 ==> 7E02000042660000000002973200000000000C000300C6474E049FAC70038E00000000260329130514010400000000140400000000150400000000160400000000170200002A02000030014D310119FB7E
2026-03-29 13:05:46 - msg_id_0200 ==> 7E02000042660000000002973D00000000000C000300C6474D049FAC70038E00000000260329130545010400000000140400000000150400000000160400000000170200002A02000030014D310117A87E
2026-03-29 13:06:17 - msg_id_0200 ==> 7E02000042660000000002974800000000000C000300C6474B049FAC70038E00000000260329130616010400000000140400000000150400000000160400000000170200002A02000030014D310118847E
2026-03-29 13:06:48 - msg_id_0200 ==> 7E02000042660000000002975300000000000C000300C6474B049FAC70038E00000000260329130647010400000000140400000000150400000000160400000000170200002A02000030014D310117C17E
2026-03-29 13:07:19 - msg_id_0200 ==> 7E02000042660000000002975E00000000000C000300C6474C049FAC68038E00000000260329130718010400000000140400000000150400000000160400000000170200002A02000030014D3101168C7E
2026-03-29 13:07:50 - msg_id_0200 ==> 7E02000042660000000002976900000000000C000300C64749049FAC68038E00000000260329130749010400000000140400000000150400000000160400000000170200002A02000030014D310119E07E
2026-03-29 13:08:21 - msg_id_0200 ==> 7E02000042660000000002977400000000000C000300C64748049FAC68038E00000000260329130820010400000000140400000000150400000000160400000000170200002A02000030014D3101199A7E
2026-03-29 13:08:51 - msg_id_0200 ==> 7E02000042660000000002977F00000100000C000300C64749049FAC68038E00000000260329130850010400000000140400000000150400000000160400000000170200002A02000030014D310119E17E
2026-03-29 13:08:56 - msg_id_0200 ==> 7E02000042660000000002978200000000000C000300C64749049FAC68038E00000000260329130855010400000000140400000000150400000000160400000000170200002A02000030014D310119187E
2026-03-29 13:09:27 - msg_id_0200 ==> 7E02000042660000000002978D00000000000C000300C64749049FAC68038E00000000260329130926010400000000140400000000150400000000160400000000170200002A02000030014D3101176B7E
2026-03-29 13:09:58 - msg_id_0200 ==> 7E02000042660000000002979800000000000C000300C64749049FAC68038E00000000260329130957010400000000140400000000150400000000160400000000170200002A02000030014D3101170F7E
2026-03-29 13:10:29 - msg_id_0200 ==> 7E0200004266000000000297A300000000000C000300C64747049FAC68038E00000000260329131028010400000000140400000000150400000000160400000000170200002A02000030014D3101175C7E
2026-03-29 13:11:00 - msg_id_0200 ==> 7E0200004266000000000297AE00000000000C000300C64745049FAC68038E00000000260329131059010400000000140400000000150400000000160400000000170200002A02000030014D3101182D7E
2026-03-29 13:11:31 - msg_id_0200 ==> 7E0200004266000000000297B900000000000C000300C64745049FAC68038E00000000260329131130010400000000140400000000150400000000160400000000170200002A02000030014D310118527E
2026-03-29 13:12:02 - msg_id_0200 ==> 7E0200004266000000000297C400000000000C000300C64744049FAC68038E00010000260329131201010400000000140400000000150400000000160400000000170200002A02000030014D3101191C7E
2026-03-29 13:12:33 - msg_id_0200 ==> 7E0200004266000000000297CF00000000000C000300C64742049FAC68038E00000000260329131232010400000000140400000000150400000000160400000000170200002A02000030014D31011A207E
2026-03-29 13:13:04 - msg_id_0200 ==> 7E0200004266000000000297DA00000000000C000300C64741049FAC68038E00000000260329131303010400000000140400000000150400000000160400000000170200002A02000030014D31011A067E
2026-03-29 13:13:35 - msg_id_0200 ==> 7E0200004266000000000297E500000000000C000300C64744049FAC68038E00000000260329131334010400000000140400000000150400000000160400000000170200002A02000030014D31011A0B7E
2026-03-29 13:14:06 - msg_id_0200 ==> 7E0200004266000000000297F000000000000C000300C64745049FAC70038E00000000260329131405010400000000140400000000150400000000160400000000170200002A02000030014D310119327E
2026-03-29 13:14:37 - msg_id_0200 ==> 7E0200004266000000000297FB00000000000C000300C64746049FAC70038E00000000260329131436010400000000140400000000150400000000160400000000170200002A02000030014D310118087E
2026-03-29 13:15:08 - msg_id_0200 ==> 7E02000042660000000002980600000000000C000300C64747049FAC78038E00000000260329131507010400000000140400000000150400000000160400000000170200002A02000030014D310117CC7E
2026-03-29 13:15:39 - msg_id_0200 ==> 7E02000042660000000002981100000000000C000300C64747049FAC78038E00000000260329131538010400000000140400000000150400000000160400000000170200002A02000030014D310118EB7E
2026-03-29 13:16:10 - msg_id_0200 ==> 7E02000042660000000002981C00000000000C000300C64747049FAC78038E00000000260329131609010400000000140400000000150400000000160400000000170200002A02000030014D310118D47E
2026-03-29 13:16:41 - msg_id_0200 ==> 7E02000042660000000002982700000000000C000300C64750049FAC70038E00000000260329131640010400000000140400000000150400000000160400000000170200002A02000030014D310117B67E
2026-03-29 13:17:12 - msg_id_0200 ==> 7E02000042660000000002983200000000000C000300C64756049FAC68038E00000000260329131711010400000000140400000000150400000000160400000000170200002A02000030014D310117ED7E
2026-03-29 13:17:43 - msg_id_0200 ==> 7E02000042660000000002983D00000000000C000300C64756049FAC68038E00000000260329131742010400000000140400000000150400000000160400000000170200002A02000030014D310116B07E
2026-03-29 13:18:14 - msg_id_0200 ==> 7E02000042660000000002984800000000000C000300C64758049FAC68038E00000000260329131813010400000000140400000000150400000000160400000000170200002A02000030014D310114977E
2026-03-29 13:18:45 - msg_id_0200 ==> 7E02000042660000000002985300000000000C000300C64756049FAC68038E00000000260329131844010400000000140400000000150400000000160400000000170200002A02000030014D310116D77E
2026-03-29 13:19:16 - msg_id_0200 ==> 7E02000042660000000002985E00000000000C000300C64756049FAC68038E00000000260329131915010400000000140400000000150400000000160400000000170200002A02000030014D3101168A7E
2026-03-29 13:19:47 - msg_id_0200 ==> 7E02000042660000000002986900000000000C000300C64758049FAC68038D00020000260329131946010400000000140400000000150400000000160400000000170200002A02000030014D310115E27E
2026-03-29 13:20:18 - msg_id_0200 ==> 7E02000042660000000002987400000000000C000300C64764049FAC70038D00000000260329132017010400000000140400000000150400000000160400000000170200002A02000030014D310112B67E
2026-03-29 13:20:49 - msg_id_0200 ==> 7E02000042660000000002987F00000100000C000300C64760049FAC78038D00000000260329132048010400000000140400000000150400000000160400000000170200002A02000030014D310115E87E
2026-03-29 13:20:54 - msg_id_0200 ==> 7E02000042660000000002988200000000000C000300C6475F049FAC78038D00000000260329132053010400000000140400000000150400000000160400000000170200002A02000030014D310115307E
2026-03-29 13:21:25 - msg_id_0200 ==> 7E02000042660000000002988D00000000000C000300C6475E049FAC78038D00000000260329132124010400000000140400000000150400000000160400000000170200002A02000030014D310114497E
2026-03-29 13:21:56 - msg_id_0200 ==> 7E02000042660000000002989800000000000C000300C6475E049FAC78038D00000000260329132155010400000000140400000000150400000000160400000000170200002A02000030014D3101152C7E
2026-03-29 13:22:27 - msg_id_0200 ==> 7E0200004266000000000298A300000000000C000300C6475F049FAC70038D00000000260329132226010400000000140400000000150400000000160400000000170200002A02000030014D3101146F7E
2026-03-29 13:22:58 - msg_id_0200 ==> 7E0200004266000000000298AE00000000000C000300C6475F049FAC78038D00000000260329132257010400000000140400000000150400000000160400000000170200002A02000030014D3101131C7E
2026-03-29 13:23:29 - msg_id_0200 ==> 7E0200004266000000000298B900000000000C000300C6475E049FAC78038D00000000260329132328010400000000140400000000150400000000160400000000170200002A02000030014D310113747E
2026-03-29 13:24:00 - msg_id_0200 ==> 7E0200004266000000000298C400000000000C000300C6475E049FAC78038D00000000260329132359010400000000140400000000150400000000160400000000170200002A02000030014D3101157D027E
2026-03-29 13:24:31 - msg_id_0200 ==> 7E0200004266000000000298CF00000000000C000300C6475D049FAC78038D00000000260329132430010400000000140400000000150400000000160400000000170200002A02000030014D310114197E
2026-03-29 13:25:02 - msg_id_0200 ==> 7E0200004266000000000298DA00000000000C000300C6475A049FAC78038C00000000260329132501010400000000140400000000150400000000160400000000170200002A02000030014D3101133D7E
2026-03-29 13:25:33 - msg_id_0200 ==> 7E0200004266000000000298E500000000000C000300C64758049FAC78038C00000000260329132532010400000000140400000000150400000000160400000000170200002A02000030014D310114347E
2026-03-29 13:26:04 - msg_id_0200 ==> 7E0200004266000000000298F000000000000C000300C64757049FAC70038C00000000260329132603010400000000140400000000150400000000160400000000170200002A02000030014D310112127E
2026-03-29 13:26:35 - msg_id_0200 ==> 7E0200004266000000000298FB00000000000C000300C64759049FAC70038C00000000260329132634010400000000140400000000150400000000160400000000170200002A02000030014D310112207E
2026-03-29 13:27:06 - msg_id_0200 ==> 7E02000042660000000002990600000000000C000300C64758049FAC70038C00000000260329132705010400000000140400000000150400000000160400000000170200002A02000030014D310115EA7E
2026-03-29 13:27:37 - msg_id_0200 ==> 7E02000042660000000002991100000000000C000300C64758049FAC78038C00000000260329132736010400000000140400000000150400000000160400000000170200002A02000030014D310116C57E
2026-03-29 13:28:08 - msg_id_0200 ==> 7E02000042660000000002991C00000000000C000300C64761049FAC78038C00000000260329132807010400000000140400000000150400000000160400000000170200002A02000030014D310117CE7E
2026-03-29 13:28:39 - msg_id_0200 ==> 7E02000042660000000002992700000000000C000300C6475B049FAC78038C00000000260329132838010400000000140400000000150400000000160400000000170200002A02000030014D310117F07E
2026-03-29 13:29:10 - msg_id_0200 ==> 7E02000042660000000002993200000000000C000300C6475B049FAC70038D00000000260329132909010400000000140400000000150400000000160400000000170200002A02000030014D310118D37E
2026-03-29 13:29:41 - msg_id_0200 ==> 7E02000042660000000002993D00000000000C000300C6475D049FAC70038C00000000260329132940010400000000140400000000150400000000160400000000170200002A02000030014D310118927E
2026-03-29 13:30:12 - msg_id_0200 ==> 7E02000042660000000002994800000000000C000300C64758049FAC70038D00000000260329133011010400000000140400000000150400000000160400000000170200002A02000030014D310119AA7E
2026-03-29 13:30:44 - msg_id_0200 ==> 7E02000042660000000002995300000000000C000300C64754049FAC70038C00000000260329133042010400000000140400000000150400000000160400000000170200002A02000030014D310119EF7E
2026-03-29 13:31:14 - msg_id_0200 ==> 7E02000042660000000002995E00000000000C000300C64752049FAC68038C00000000260329133113010400000000140400000000150400000000160400000000170200002A02000030014D310118AD7E
2026-03-29 13:31:45 - msg_id_0200 ==> 7E02000042660000000002996900000000000C000300C64750049FAC68038C00000000260329133144010400000000140400000000150400000000160400000000170200002A02000030014D310118CF7E
2026-03-29 13:32:16 - msg_id_0200 ==> 7E02000042660000000002997400000000000C000300C6474B049FAC68038C00000000260329133215010400000000140400000000150400000000160400000000170200002A02000030014D310117947E
2026-03-29 13:32:46 - msg_id_0200 ==> 7E02000042660000000002997F00000100000C000300C6474A049FAC60038C00000000260329133245010400000000140400000000150400000000160400000000170200002A02000030014D310116C67E
2026-03-29 13:32:51 - msg_id_0200 ==> 7E02000042660000000002998200000000000C000300C6474A049FAC60038C00000000260329133250010400000000140400000000150400000000160400000000170200002A02000030014D3101162F7E
2026-03-29 13:33:22 - msg_id_0200 ==> 7E02000042660000000002998D00000000000C000300C64749049FAC60038C00000000260329133321010400000000140400000000150400000000160400000000170200002A02000030014D3101185D7E
2026-03-29 13:33:53 - msg_id_0200 ==> 7E02000042660000000002999800000000000C000300C64747049FAC60038C00000000260329133352010400000000140400000000150400000000160400000000170200002A02000030014D3101173A7E
2026-03-29 13:34:24 - msg_id_0200 ==> 7E0200004266000000000299A300000000000C000300C64747049FAC58038C00000000260329133423010400000000140400000000150400000000160400000000170200002A02000030014D3101164E7E
2026-03-29 13:34:55 - msg_id_0200 ==> 7E0200004266000000000299AE00000000000C000300C64747049FAC58038C00000000260329133454010400000000140400000000150400000000160400000000170200002A02000030014D310116347E
2026-03-29 13:35:26 - msg_id_0200 ==> 7E0200004266000000000299B900000000000C000300C64744049FAC58038C00000000260329133525010400000000140400000000150400000000160400000000170200002A02000030014D3101185E7E
2026-03-29 13:35:57 - msg_id_0200 ==> 7E0200004266000000000299C400000000000C000300C64742049FAC58038C00000000260329133556010400000000140400000000150400000000160400000000170200002A02000030014D310119577E
2026-03-29 13:36:28 - msg_id_0200 ==> 7E0200004266000000000299CF00000000000C000300C64741049FAC58038C00000000260329133627010400000000140400000000150400000000160400000000170200002A02000030014D31011A2E7E
2026-03-29 13:36:59 - msg_id_0200 ==> 7E0200004266000000000299DA00000000000C000300C6473C049FAC58038C00000000260329133658010400000000140400000000150400000000160400000000170200002A02000030014D3101193A7E
2026-03-29 13:37:30 - msg_id_0200 ==> 7E0200004266000000000299E500000000000C000300C6473D049FAC50038C00000000260329133729010400000000140400000000150400000000160400000000170200002A02000030014D3101187D017E
2026-03-29 13:38:01 - msg_id_0200 ==> 7E0200004266000000000299F000000000000C000300C6473D049FAC50038C00000000260329133800010400000000140400000000150400000000160400000000170200002A02000030014D310116407E
2026-03-29 13:38:32 - msg_id_0200 ==> 7E0200004266000000000299FB00000000000C000300C6473B049FAC50038C00000000260329133831010400000000140400000000150400000000160400000000170200002A02000030014D3101157F7E
2026-03-29 13:39:03 - msg_id_0200 ==> 7E020000426600000000029A0600000000000C000300C64738049FAC50038C00000000260329133902010400000000140400000000150400000000160400000000170200002A02000030014D310117B27E
2026-03-29 13:39:34 - msg_id_0200 ==> 7E020000426600000000029A1100000000000C000300C64738049FAC50038C00000000260329133933010400000000140400000000150400000000160400000000170200002A02000030014D3101189B7E
2026-03-29 13:40:05 - msg_id_0200 ==> 7E020000426600000000029A1C00000000000C000300C64739049FAC50038C00000000260329134004010400000000140400000000150400000000160400000000170200002A02000030014D310117D67E
2026-03-29 13:40:37 - msg_id_0200 ==> 7E020000426600000000029A2700000000000C000300C64739049FAC50038D00000000260329134035010400000000140400000000150400000000160400000000170200002A02000030014D310118D27E
2026-03-29 13:41:07 - msg_id_0200 ==> 7E020000426600000000029A3200000000000C000300C64738049FAC58038D00000000260329134106010400000000140400000000150400000000160400000000170200002A02000030014D310118FC7E
2026-03-29 13:41:38 - msg_id_0200 ==> 7E020000426600000000029A3D00000000000C000300C64738049FAC58038D00000000260329134137010400000000140400000000150400000000160400000000170200002A02000030014D310118C27E
2026-03-29 13:42:09 - msg_id_0200 ==> 7E020000426600000000029A4800000000000C000300C64738049FAC50038D00000000260329134208010400000000140400000000150400000000160400000000170200002A02000030014D3101158E7E
2026-03-29 13:42:40 - msg_id_0200 ==> 7E020000426600000000029A5300000000000C000300C64738049FAC50038C00000000260329134239010400000000140400000000150400000000160400000000170200002A02000030014D310117A77E
2026-03-29 13:43:11 - msg_id_0200 ==> 7E020000426600000000029A5E00000000000C000300C6473A049FAC50038C00000000260329134310010400000000140400000000150400000000160400000000170200002A02000030014D310117807E
2026-03-29 13:43:42 - msg_id_0200 ==> 7E020000426600000000029A6900000000000C000300C6473B049FAC50038C00000000260329134341010400000000140400000000150400000000160400000000170200002A02000030014D310114E47E
2026-03-29 13:44:13 - msg_id_0200 ==> 7E020000426600000000029A7400000000000C000300C6473C049FAC50038D00000000260329134412010400000000140400000000150400000000160400000000170200002A02000030014D310116A97E
2026-03-29 13:44:44 - msg_id_0200 ==> 7E020000426600000000029A7F00000100000C000300C6473C049FAC50038D00000000260329134443010400000000140400000000150400000000160400000000170200002A02000030014D310115F17E
2026-03-29 13:44:49 - msg_id_0200 ==> 7E020000426600000000029A8200000000000C000300C6473C049FAC50038D00000000260329134448010400000000140400000000150400000000160400000000170200002A02000030014D310115067E
2026-03-29 13:45:20 - msg_id_0200 ==> 7E020000426600000000029A8D00000000000C000300C6473D049FAC50038D00000000260329134519010400000000140400000000150400000000160400000000170200002A02000030014D3101175A7E
2026-03-29 13:45:51 - msg_id_0200 ==> 7E020000426600000000029A9800000000000C000300C6473C049FAC58038D00000000260329134550010400000000140400000000150400000000160400000000170200002A02000030014D3101130B7E
2026-03-29 13:46:22 - msg_id_0200 ==> 7E020000426600000000029AA300000000000C000300C6473C049FAC58038D00000000260329134621010400000000140400000000150400000000160400000000170200002A02000030014D310114457E
2026-03-29 13:46:53 - msg_id_0200 ==> 7E020000426600000000029AAE00000000000C000300C6473C049FAC58038D00000000260329134652010400000000140400000000150400000000160400000000170200002A02000030014D310116397E
2026-03-29 13:47:24 - msg_id_0200 ==> 7E020000426600000000029AB900000000000C000300C6473E049FAC58038D00000000260329134723010400000000140400000000150400000000160400000000170200002A02000030014D3101155F7E
2026-03-29 13:47:55 - msg_id_0200 ==> 7E020000426600000000029AC400000000000C000300C64740049FAC50038D00000000260329134754010400000000140400000000150400000000160400000000170200002A02000030014D310115237E
2026-03-29 13:48:26 - msg_id_0200 ==> 7E020000426600000000029ACF00000000000C000300C64741049FAC50038D00000000260329134825010400000000140400000000150400000000160400000000170200002A02000030014D310115577E
2026-03-29 13:48:57 - msg_id_0200 ==> 7E020000426600000000029ADA00000000000C000300C64741049FAC58038D00000000260329134856010400000000140400000000150400000000160400000000170200002A02000030014D310114387E
2026-03-29 13:49:28 - msg_id_0200 ==> 7E020000426600000000029AE500000000000C000300C64741049FAC50038D00000000260329134927010400000000140400000000150400000000160400000000170200002A02000030014D3101157D027E
2026-03-29 13:49:59 - msg_id_0200 ==> 7E020000426600000000029AF000000000000C000300C6473E049FAC50038D00000000260329134958010400000000140400000000150400000000160400000000170200002A02000030014D3101136D7E
2026-03-29 13:50:30 - msg_id_0200 ==> 7E020000426600000000029AFB00000000000C000300C64740049FAC50038D00000000260329135029010400000000140400000000150400000000160400000000170200002A02000030014D310114777E
2026-03-29 13:51:01 - msg_id_0200 ==> 7E020000426600000000029B0600000000000C000300C64740049FAC50038D00000000260329135100010400000000140400000000150400000000160400000000170200002A02000030014D310116A17E
2026-03-29 13:51:32 - msg_id_0200 ==> 7E020000426600000000029B1100000000000C000300C64742049FAC50038D00000000260329135131010400000000140400000000150400000000160400000000170200002A02000030014D310116857E
2026-03-29 13:52:03 - msg_id_0200 ==> 7E020000426600000000029B1C00000000000C000300C64741049FAC50038D00000000260329135202010400000000140400000000150400000000160400000000170200002A02000030014D310114B97E
2026-03-29 13:52:34 - msg_id_0200 ==> 7E020000426600000000029B2700000000000C000300C64741049FAC50038D00000000260329135233010400000000140400000000150400000000160400000000170200002A02000030014D310115B27E
2026-03-29 13:53:05 - msg_id_0200 ==> 7E020000426600000000029B3200000000000C000300C64743049FAC50038D00000000260329135304010400000000140400000000150400000000160400000000170200002A02000030014D310115937E
2026-03-29 13:53:36 - msg_id_0200 ==> 7E020000426600000000029B3D00000000000C000300C64744049FAC48038D00000000260329135335010400000000140400000000150400000000160400000000170200002A02000030014D310116B17E
2026-03-29 13:54:07 - msg_id_0200 ==> 7E020000426600000000029B4800000000000C000300C64744049FAC48038D00000000260329135406010400000000140400000000150400000000160400000000170200002A02000030014D310114F27E
2026-03-29 13:54:38 - msg_id_0200 ==> 7E020000426600000000029B5300000000000C000300C64743049FAC50038D00000000260329135437010400000000140400000000150400000000160400000000170200002A02000030014D310115C67E
2026-03-29 13:55:09 - msg_id_0200 ==> 7E020000426600000000029B5E00000000000C000300C64743049FAC48038D00000000260329135508010400000000140400000000150400000000160400000000170200002A02000030014D310116EE7E
2026-03-29 13:55:40 - msg_id_0200 ==> 7E020000426600000000029B6900000000000C000300C64743049FAC50038D00000000260329135539010400000000140400000000150400000000160400000000170200002A02000030014D310113F57E
2026-03-29 13:56:11 - msg_id_0200 ==> 7E020000426600000000029B7400000000000C000300C64744049FAC48038D00000000260329135610010400000000140400000000150400000000160400000000170200002A02000030014D310115DB7E
2026-03-29 13:56:42 - msg_id_0200 ==> 7E020000426600000000029B7F00000100000C000300C64740049FAC48038D00000000260329135641010400000000140400000000150400000000160400000000170200002A02000030014D310116877E
2026-03-29 13:56:47 - msg_id_0200 ==> 7E020000426600000000029B8200000000000C000300C64740049FAC48038D00000000260329135646010400000000140400000000150400000000160400000000170200002A02000030014D3101157F7E
2026-03-29 13:57:18 - msg_id_0200 ==> 7E020000426600000000029B8D00000000000C000300C64741049FAC48038D00000000260329135717010400000000140400000000150400000000160400000000170200002A02000030014D310114207E
2026-03-29 13:57:49 - msg_id_0200 ==> 7E020000426600000000029B9800000000000C000300C64742049FAC48038D00000000260329135748010400000000140400000000150400000000160400000000170200002A02000030014D3101166B7E
2026-03-29 13:58:20 - msg_id_0200 ==> 7E020000426600000000029BA300000000000C000300C64743049FAC48038D00000000260329135819010400000000140400000000150400000000160400000000170200002A02000030014D3101170E7E
2026-03-29 13:58:51 - msg_id_0200 ==> 7E020000426600000000029BAE00000000000C000300C64744049FAC48038D00000000260329135850010400000000140400000000150400000000160400000000170200002A02000030014D3101164C7E
2026-03-29 13:59:22 - msg_id_0200 ==> 7E020000426600000000029BB900000000000C000300C64744049FAC48038D00000000260329135921010400000000140400000000150400000000160400000000170200002A02000030014D3101162B7E
2026-03-29 13:59:53 - msg_id_0200 ==> 7E020000426600000000029BC400000000000C000300C64746049FAC48038D00000000260329135952010400000000140400000000150400000000160400000000170200002A02000030014D310116277E
2026-03-29 14:00:24 - msg_id_0200 ==> 7E020000426600000000029BCF00000000000C000300C64749049FAC48038D00000000260329140023010400000000140400000000150400000000160400000000170200002A02000030014D3101170D7E
2026-03-29 14:00:55 - msg_id_0200 ==> 7E020000426600000000029BDA00000000000C000300C6474A049FAC48038D00000000260329140054010400000000140400000000150400000000160400000000170200002A02000030014D3101166D7E
2026-03-29 14:01:26 - msg_id_0200 ==> 7E020000426600000000029BE500000000000C000300C6474A049FAC50038D00000000260329140125010400000000140400000000150400000000160400000000170200002A02000030014D310115397E
2026-03-29 14:01:57 - msg_id_0200 ==> 7E020000426600000000029BF000000000000C000300C64748049FAC50038D00000000260329140156010400000000140400000000150400000000160400000000170200002A02000030014D3101155D7E
2026-03-29 14:02:28 - msg_id_0200 ==> 7E020000426600000000029BFB00000000000C000300C64749049FAC48038C00000000260329140227010400000000140400000000150400000000160400000000170200002A02000030014D310118317E
2026-03-29 14:02:59 - msg_id_0200 ==> 7E020000426600000000029C0600000000000C000300C6474A049FAC48038C00000000260329140258010400000000140400000000150400000000160400000000170200002A02000030014D310117B87E
2026-03-29 14:03:30 - msg_id_0200 ==> 7E020000426600000000029C1100000000000C000300C6474B049FAC48038C00000000260329140329010400000000140400000000150400000000160400000000170200002A02000030014D310115DC7E
2026-03-29 14:04:01 - msg_id_0200 ==> 7E020000426600000000029C1C00000000000C000300C6474C049FAC48038C00000000260329140400010400000000140400000000150400000000160400000000170200002A02000030014D310115F87E
2026-03-29 14:04:32 - msg_id_0200 ==> 7E020000426600000000029C2700000000000C000300C6474C049FAC48038D00000000260329140431010400000000140400000000150400000000160400000000170200002A02000030014D310116F07E
2026-03-29 14:05:03 - msg_id_0200 ==> 7E020000426600000000029C3200000000000C000300C6474B049FAC48038D00000000260329140502010400000000140400000000150400000000160400000000170200002A02000030014D310115D37E
2026-03-29 14:05:34 - msg_id_0200 ==> 7E020000426600000000029C3D00000000000C000300C6474D049FAC50038D00000000260329140533010400000000140400000000150400000000160400000000170200002A02000030014D310116F07E
2026-03-29 14:06:05 - msg_id_0200 ==> 7E020000426600000000029C4800000000000C000300C6474D049FAC50038D00000000260329140604010400000000140400000000150400000000160400000000170200002A02000030014D310117B07E
2026-03-29 14:06:36 - msg_id_0200 ==> 7E020000426600000000029C5300000000000C000300C6474D049FAC48038D00000000260329140635010400000000140400000000150400000000160400000000170200002A02000030014D310117827E
2026-03-29 14:07:07 - msg_id_0200 ==> 7E020000426600000000029C5E00000000000C000300C6474C049FAC48038D00000000260329140706010400000000140400000000150400000000160400000000170200002A02000030014D310116BD7E
2026-03-29 14:07:38 - msg_id_0200 ==> 7E020000426600000000029C6900000000000C000300C64749049FAC48038D00000000260329140737010400000000140400000000150400000000160400000000170200002A02000030014D310116BE7E
2026-03-29 14:08:09 - msg_id_0200 ==> 7E020000426600000000029C7400000000000C000300C64749049FAC48038D00000000260329140808010400000000140400000000150400000000160400000000170200002A02000030014D310117927E
2026-03-29 14:08:39 - msg_id_0200 ==> 7E020000426600000000029C7F00000100000C000300C64749049FAC48038D00000000260329140838010400000000140400000000150400000000160400000000170200002A02000030014D310116A97E
2026-03-29 14:08:44 - msg_id_0200 ==> 7E020000426600000000029C8200000000000C000300C64748049FAC48038D00000000260329140843010400000000140400000000150400000000160400000000170200002A02000030014D3101162F7E
2026-03-29 14:09:15 - msg_id_0200 ==> 7E020000426600000000029C8D00000000000C000300C64748049FAC48038D00000000260329140914010400000000140400000000150400000000160400000000170200002A02000030014D310117777E
2026-03-29 14:09:46 - msg_id_0200 ==> 7E020000426600000000029C9800000000000C000300C64747049FAC48038D00000000260329140945010400000000140400000000150400000000160400000000170200002A02000030014D310118337E
2026-03-29 14:10:17 - msg_id_0200 ==> 7E020000426600000000029CA300000000000C000300C64747049FAC48038D00000000260329141016010400000000140400000000150400000000160400000000170200002A02000030014D3101164C7E
2026-03-29 14:10:48 - msg_id_0200 ==> 7E020000426600000000029CAE00000000000C000300C64749049FAC48038D00000000260329141047010400000000140400000000150400000000160400000000170200002A02000030014D3101171F7E
2026-03-29 14:11:19 - msg_id_0200 ==> 7E020000426600000000029CB900000000000C000300C64749049FAC48038D00000000260329141118010400000000140400000000150400000000160400000000170200002A02000030014D310117567E
2026-03-29 14:11:50 - msg_id_0200 ==> 7E020000426600000000029CC400000000000C000300C64749049FAC48038D00000000260329141149010400000000140400000000150400000000160400000000170200002A02000030014D3101177A7E
2026-03-29 14:12:21 - msg_id_0200 ==> 7E020000426600000000029CCF00000000000C000300C64749049FAC48038D00000000260329141220010400000000140400000000150400000000160400000000170200002A02000030014D3101171B7E
2026-03-29 14:12:52 - msg_id_0200 ==> 7E020000426600000000029CDA00000000000C000300C6474A049FAC48038D00000000260329141251010400000000140400000000150400000000160400000000170200002A02000030014D3101177C7E
2026-03-29 14:13:23 - msg_id_0200 ==> 7E020000426600000000029CE500000000000C000300C64749049FAC40038D00000000260329141322010400000000140400000000150400000000160400000000170200002A02000030014D3101173A7E
2026-03-29 14:13:54 - msg_id_0200 ==> 7E020000426600000000029CF000000000000C000300C64749049FAC40038D00000000260329141353010400000000140400000000150400000000160400000000170200002A02000030014D3101165F7E
2026-03-29 14:14:25 - msg_id_0200 ==> 7E020000426600000000029CFB00000000000C000300C64746049FAC40038D00000000260329141424010400000000140400000000150400000000160400000000170200002A02000030014D3101172A7E
2026-03-29 14:14:56 - msg_id_0200 ==> 7E020000426600000000029D0600000000000C000300C64745049FAC40038D00000000260329141455010400000000140400000000150400000000160400000000170200002A02000030014D310118AB7E
2026-03-29 14:15:27 - msg_id_0200 ==> 7E020000426600000000029D1100000000000C000300C64744049FAC40038C00000000260329141526010400000000140400000000150400000000160400000000170200002A02000030014D310116C07E
2026-03-29 14:15:58 - msg_id_0200 ==> 7E020000426600000000029D1C00000000000C000300C64745049FAC40038C00000000260329141557010400000000140400000000150400000000160400000000170200002A02000030014D310118B37E
2026-03-29 14:16:29 - msg_id_0200 ==> 7E020000426600000000029D2700000000000C000300C64745049FAC40038C00000000260329141628010400000000140400000000150400000000160400000000170200002A02000030014D310117FB7E
2026-03-29 14:17:00 - msg_id_0200 ==> 7E020000426600000000029D3200000000000C000300C64746049FAC40038C00000000260329141659010400000000140400000000150400000000160400000000170200002A02000030014D3101159E7E
2026-03-29 14:17:31 - msg_id_0200 ==> 7E020000426600000000029D3D00000000000C000300C64745049FAC40038C00000000260329141730010400000000140400000000150400000000160400000000170200002A02000030014D310114FB7E
2026-03-29 14:18:02 - msg_id_0200 ==> 7E020000426600000000029D4800000000000C000300C64743049FAC40038C00000000260329141801010400000000140400000000150400000000160400000000170200002A02000030014D310113B17E
2026-03-29 14:18:33 - msg_id_0200 ==> 7E020000426600000000029D5300000000000C000300C64744049FAC48038D00000000260329141832010400000000140400000000150400000000160400000000170200002A02000030014D310116927E
2026-03-29 14:19:04 - msg_id_0200 ==> 7E020000426600000000029D5E00000000000C000300C64742049FAC48038D00000000260329141903010400000000140400000000150400000000160400000000170200002A02000030014D310115AA7E
2026-03-29 14:19:35 - msg_id_0200 ==> 7E020000426600000000029D6900000000000C000300C64742049FAC48038D00000000260329141934010400000000140400000000150400000000160400000000170200002A02000030014D310116A97E
2026-03-29 14:20:06 - msg_id_0200 ==> 7E020000426600000000029D7400000000000C000300C64741049FAC48038D00000000260329142005010400000000140400000000150400000000160400000000170200002A02000030014D310118B17E
2026-03-29 14:20:37 - msg_id_0200 ==> 7E020000426600000000029D7F00000100000C000300C64741049FAC48038D00000000260329142036010400000000140400000000150400000000160400000000170200002A02000030014D310116867E
2026-03-29 14:20:42 - msg_id_0200 ==> 7E020000426600000000029D8200000000000C000300C64741049FAC48038D00000000260329142041010400000000140400000000150400000000160400000000170200002A02000030014D3101160D7E
2026-03-29 14:21:13 - msg_id_0200 ==> 7E020000426600000000029D8D00000000000C000300C6473E049FAC48038D00000000260329142112010400000000140400000000150400000000160400000000170200002A02000030014D3101162F7E
2026-03-29 14:21:44 - msg_id_0200 ==> 7E020000426600000000029D9800000000000C000300C6473D049FAC48038C00000000260329142143010400000000140400000000150400000000160400000000170200002A02000030014D3101156A7E
2026-03-29 14:22:15 - msg_id_0200 ==> 7E020000426600000000029DA300000000000C000300C6473D049FAC50038C00000000260329142214010400000000140400000000150400000000160400000000170200002A02000030014D3101151D7E
2026-03-29 14:22:46 - msg_id_0200 ==> 7E020000426600000000029DAE00000000000C000300C6473B049FAC50038C00000000260329142245010400000000140400000000150400000000160400000000170200002A02000030014D310116447E
2026-03-29 14:23:17 - msg_id_0200 ==> 7E020000426600000000029DB900000000000C000300C6473B049FAC58038C00000000260329142316010400000000140400000000150400000000160400000000170200002A02000030014D3101150A7E
2026-03-29 14:23:48 - msg_id_0200 ==> 7E020000426600000000029DC400000000000C000300C6473C049FAC58038C00000000260329142347010400000000140400000000150400000000160400000000170200002A02000030014D310116227E
2026-03-29 14:24:19 - msg_id_0200 ==> 7E020000426600000000029DCF00000000000C000300C6473A049FAC50038C00000000260329142418010400000000140400000000150400000000160400000000170200002A02000030014D3101167F7E
2026-03-29 14:24:50 - msg_id_0200 ==> 7E020000426600000000029DDA00000000000C000300C6473C049FAC58038C00000000260329142449010400000000140400000000150400000000160400000000170200002A02000030014D310115367E
2026-03-29 14:25:21 - msg_id_0200 ==> 7E020000426600000000029DE500000000000C000300C6473E049FAC58038C00000000260329142520010400000000140400000000150400000000160400000000170200002A02000030014D310115637E
2026-03-29 14:25:52 - msg_id_0200 ==> 7E020000426600000000029DF000000000000C000300C6473D049FAC58038C00000000260329142551010400000000140400000000150400000000160400000000170200002A02000030014D310114057E
2026-03-29 14:26:23 - msg_id_0200 ==> 7E020000426600000000029DFB00000000000C000300C6473B049FAC58038C00000000260329142622010400000000140400000000150400000000160400000000170200002A02000030014D310114787E
2026-03-29 14:26:54 - msg_id_0200 ==> 7E020000426600000000029E0600000000000C000300C64738049FAC58038C00000000260329142653010400000000140400000000150400000000160400000000170200002A02000030014D310115F57E
2026-03-29 14:27:25 - msg_id_0200 ==> 7E020000426600000000029E1100000000000C000300C64736049FAC60038B00000000260329142724010400000000140400000000150400000000160400000000170200002A02000030014D310114A47E
2026-03-29 14:27:56 - msg_id_0200 ==> 7E020000426600000000029E1C00000000000C000300C64738049FAC60038B00000000260329142755010400000000140400000000150400000000160400000000170200002A02000030014D310115D77E
2026-03-29 14:28:27 - msg_id_0200 ==> 7E020000426600000000029E2700000000000C000300C64739049FAC68038B00000000260329142826010400000000140400000000150400000000160400000000170200002A02000030014D3101139F7E
2026-03-29 14:28:58 - msg_id_0200 ==> 7E020000426600000000029E3200000000000C000300C6473A049FAC68038B00000000260329142857010400000000140400000000150400000000160400000000170200002A02000030014D310113F87E
2026-03-29 14:29:29 - msg_id_0200 ==> 7E020000426600000000029E3D00000000000C000300C6473C049FAC70038B00000000260329142928010400000000140400000000150400000000160400000000170200002A02000030014D310114907E
2026-03-29 14:30:00 - msg_id_0200 ==> 7E020000426600000000029E4800000000000C000300C6473D049FAC70038B00000000260329142959010400000000140400000000150400000000160400000000170200002A02000030014D310114957E
2026-03-29 14:30:31 - msg_id_0200 ==> 7E020000426600000000029E5300000000000C000300C6473D049FAC70038A00000000260329143030010400000000140400000000150400000000160400000000170200002A02000030014D310115FE7E
2026-03-29 14:31:02 - msg_id_0200 ==> 7E020000426600000000029E5E00000000000C000300C6473F049FAC70038A00000000260329143101010400000000140400000000150400000000160400000000170200002A02000030014D310114C07E
2026-03-29 14:31:33 - msg_id_0200 ==> 7E020000426600000000029E6900000000000C000300C64741049FAC70038A00000000260329143132010400000000140400000000150400000000160400000000170200002A02000030014D310115BB7E
2026-03-29 14:32:04 - msg_id_0200 ==> 7E020000426600000000029E7400000000000C000300C64740049FAC70038A00000000260329143203010400000000140400000000150400000000160400000000170200002A02000030014D310114947E
2026-03-29 14:32:35 - msg_id_0200 ==> 7E020000426600000000029E7F00000100000C000300C64742049FAC70038A00000000260329143234010400000000140400000000150400000000160400000000170200002A02000030014D310115AA7E
2026-03-29 14:32:40 - msg_id_0200 ==> 7E020000426600000000029E8200000000000C000300C64742049FAC70038A00000000260329143239010400000000140400000000150400000000160400000000170200002A02000030014D3101155B7E
2026-03-29 14:33:11 - msg_id_0200 ==> 7E020000426600000000029E8D00000000000C000300C64742049FAC78038A00000000260329143310010400000000140400000000150400000000160400000000170200002A02000030014D310115747E
2026-03-29 14:33:42 - msg_id_0200 ==> 7E020000426600000000029E9800000000000C000300C64744049FAC78038A00000000260329143341010400000000140400000000150400000000160400000000170200002A02000030014D310115367E
2026-03-29 14:34:13 - msg_id_0200 ==> 7E020000426600000000029EA300000000000C000300C64747049FAC78038A00000000260329143412010400000000140400000000150400000000160400000000170200002A02000030014D3101155A7E
2026-03-29 14:34:44 - msg_id_0200 ==> 7E020000426600000000029EAE00000000000C000300C64749049FAC78038A00000000260329143443010400000000140400000000150400000000160400000000170200002A02000030014D310114097E
2026-03-29 14:35:15 - msg_id_0200 ==> 7E020000426600000000029EB900000000000C000300C6474A049FAC78038A00000000260329143514010400000000140400000000150400000000160400000000170200002A02000030014D310116497E
2026-03-29 14:35:46 - msg_id_0200 ==> 7E020000426600000000029EC400000000000C000300C6474B049FAC78038A00000000260329143545010400000000140400000000150400000000160400000000170200002A02000030014D310114667E
2026-03-29 14:36:17 - msg_id_0200 ==> 7E020000426600000000029ECF00000000000C000300C6474A049FAC78038A00000000260329143616010400000000140400000000150400000000160400000000170200002A02000030014D3101163E7E
2026-03-29 14:36:48 - msg_id_0200 ==> 7E020000426600000000029EDA00000000000C000300C64749049FAC78038A00000000260329143647010400000000140400000000150400000000160400000000170200002A02000030014D3101137C7E
2026-03-29 14:37:19 - msg_id_0200 ==> 7E020000426600000000029EE500000000000C000300C64747049FAC78038A00000000260329143718010400000000140400000000150400000000160400000000170200002A02000030014D310111117E
2026-03-29 14:37:50 - msg_id_0200 ==> 7E020000426600000000029EF000000000000C000300C64747049FAC78038A00000000260329143749010400000000140400000000150400000000160400000000170200002A02000030014D310114507E
2026-03-29 14:38:21 - msg_id_0200 ==> 7E020000426600000000029EFB00000000000C000300C64747049FAC70038A00000000260329143820010400000000140400000000150400000000160400000000170200002A02000030014D310115347E
2026-03-29 14:38:52 - msg_id_0200 ==> 7E020000426600000000029F0600000000000C000300C64748049FAC70038A00000000260329143851010400000000140400000000150400000000160400000000170200002A02000030014D310115B67E
2026-03-29 14:39:23 - msg_id_0200 ==> 7E020000426600000000029F1100000000000C000300C64749049FAC70038A00000000260329143922010400000000140400000000150400000000160400000000170200002A02000030014D310113D47E
2026-03-29 14:39:54 - msg_id_0200 ==> 7E020000426600000000029F1C00000000000C000300C64749049FAC70038A00000000260329143953010400000000140400000000150400000000160400000000170200002A02000030014D310114AF7E
2026-03-29 14:40:25 - msg_id_0200 ==> 7E020000426600000000029F2700000000000C000300C64749049FAC70038A00000000260329144024010400000000140400000000150400000000160400000000170200002A02000030014D3101149A7E
2026-03-29 14:40:56 - msg_id_0200 ==> 7E020000426600000000029F3200000000000C000300C64749049FAC70038A00000000260329144055010400000000140400000000150400000000160400000000170200002A02000030014D310113F97E
2026-03-29 14:41:27 - msg_id_0200 ==> 7E020000426600000000029F3D00000000000C000300C64748049FAC70038A00000000260329144126010400000000140400000000150400000000160400000000170200002A02000030014D310114827E
2026-03-29 14:41:58 - msg_id_0200 ==> 7E020000426600000000029F4800000000000C000300C64749049FAC70038A00000000260329144157010400000000140400000000150400000000160400000000170200002A02000030014D310115867E
2026-03-29 14:42:29 - msg_id_0200 ==> 7E020000426600000000029F5300000000000C000300C64749049FAC68038A00000000260329144228010400000000140400000000150400000000160400000000170200002A02000030014D310116FA7E
2026-03-29 14:43:00 - msg_id_0200 ==> 7E020000426600000000029F5E00000000000C000300C64749049FAC68038A00000000260329144259010400000000140400000000150400000000160400000000170200002A02000030014D310112827E
2026-03-29 14:43:31 - msg_id_0200 ==> 7E020000426600000000029F6900000000000C000300C64749049FAC70038A00000000260329144330010400000000140400000000150400000000160400000000170200002A02000030014D310114C37E
2026-03-29 14:44:02 - msg_id_0200 ==> 7E020000426600000000029F7400000000000C000300C64749049FAC70038A00000000260329144401010400000000140400000000150400000000160400000000170200002A02000030014D310113EF7E
2026-03-29 14:44:32 - msg_id_0200 ==> 7E020000426600000000029F7F00000100000C000300C64749049FAC70038A00000000260329144431010400000000140400000000150400000000160400000000170200002A02000030014D310115D37E
2026-03-29 14:44:37 - msg_id_0200 ==> 7E020000426600000000029F8200000000000C000300C64749049FAC70038A00000000260329144436010400000000140400000000150400000000160400000000170200002A02000030014D310115287E
2026-03-29 14:45:08 - msg_id_0200 ==> 7E020000426600000000029F8D00000000000C000300C6474A049FAC70038A00000000260329144507010400000000140400000000150400000000160400000000170200002A02000030014D310114157E
2026-03-29 14:45:39 - msg_id_0200 ==> 7E020000426600000000029F9800000000000C000300C6474B049FAC70038A00000000260329144538010400000000140400000000150400000000160400000000170200002A02000030014D3101163C7E
2026-03-29 14:46:10 - msg_id_0200 ==> 7E020000426600000000029FA300000000000C000300C6474B049FAC68038A00000000260329144609010400000000140400000000150400000000160400000000170200002A02000030014D3101162D7E
2026-03-29 14:46:41 - msg_id_0200 ==> 7E020000426600000000029FAE00000000000C000300C6474C049FAC68038A00000000260329144640010400000000140400000000150400000000160400000000170200002A02000030014D3101166E7E
2026-03-29 14:47:12 - msg_id_0200 ==> 7E020000426600000000029FB900000000000C000300C6474D049FAC68038A00000000260329144711010400000000140400000000150400000000160400000000170200002A02000030014D310117297E
2026-03-29 14:47:43 - msg_id_0200 ==> 7E020000426600000000029FC400000000000C000300C6474D049FAC68038A00000000260329144742010400000000140400000000150400000000160400000000170200002A02000030014D310116067E
2026-03-29 14:48:14 - msg_id_0200 ==> 7E020000426600000000029FCF00000000000C000300C6474D049FAC68038A00000000260329144813010400000000140400000000150400000000160400000000170200002A02000030014D310117527E
2026-03-29 14:48:45 - msg_id_0200 ==> 7E020000426600000000029FDA00000000000C000300C6474D049FAC68038A00000000260329144844010400000000140400000000150400000000160400000000170200002A02000030014D310116117E
2026-03-29 14:49:16 - msg_id_0200 ==> 7E020000426600000000029FE500000000000C000300C6474A049FAC60038A00000000260329144915010400000000140400000000150400000000160400000000170200002A02000030014D310114737E
2026-03-29 14:49:47 - msg_id_0200 ==> 7E020000426600000000029FF000000000000C000300C6474C049FAC60038A00000000260329144946010400000000140400000000150400000000160400000000170200002A02000030014D310115327E
2026-03-29 14:50:18 - msg_id_0200 ==> 7E020000426600000000029FFB00000000000C000300C6474F049FAC60038A00000000260329145017010400000000140400000000150400000000160400000000170200002A02000030014D310117707E
2026-03-29 14:50:49 - msg_id_0200 ==> 7E02000042660000000002A00600000000000C000300C6474C049FAC68038A00000000260329145048010400000000140400000000150400000000160400000000170200002A02000030014D310118E97E
2026-03-29 14:51:20 - msg_id_0200 ==> 7E02000042660000000002A01100000000000C000300C6474E049FAC68038A00000000260329145119010400000000140400000000150400000000160400000000170200002A02000030014D310117A37E
2026-03-29 14:51:51 - msg_id_0200 ==> 7E02000042660000000002A01C00000000000C000300C6474F049FAC68038A00000000260329145150010400000000140400000000150400000000160400000000170200002A02000030014D310115E47E
2026-03-29 14:52:22 - msg_id_0200 ==> 7E02000042660000000002A02700000000000C000300C6474E049FAC68038A00000000260329145221010400000000140400000000150400000000160400000000170200002A02000030014D310114AD7E
2026-03-29 14:52:53 - msg_id_0200 ==> 7E02000042660000000002A03200000000000C000300C6474E049FAC68038A00000000260329145252010400000000140400000000150400000000160400000000170200002A02000030014D310114CB7E
2026-03-29 14:53:24 - msg_id_0200 ==> 7E02000042660000000002A03D00000000000C000300C64751049FAC68038A00000000260329145323010400000000140400000000150400000000160400000000170200002A02000030014D310116A97E
2026-03-29 14:53:55 - msg_id_0200 ==> 7E02000042660000000002A04800000000000C000300C64753049FAC68038A00000000260329145354010400000000140400000000150400000000160400000000170200002A02000030014D310115AA7E
2026-03-29 14:54:26 - msg_id_0200 ==> 7E02000042660000000002A05300000000000C000300C64755049FAC68038B00000000260329145425010400000000140400000000150400000000160400000000170200002A02000030014D310116C37E
2026-03-29 14:54:57 - msg_id_0200 ==> 7E02000042660000000002A05E00000000000C000300C64757049FAC60038A00000000260329145456010400000000140400000000150400000000160400000000170200002A02000030014D310115B57E
2026-03-29 14:55:28 - msg_id_0200 ==> 7E02000042660000000002A06900000000000C000300C64756049FAC68038A00000000260329145527010400000000140400000000150400000000160400000000170200002A02000030014D310115FB7E
2026-03-29 14:55:59 - msg_id_0200 ==> 7E02000042660000000002A07400000000000C000300C64756049FAC68038A00000000260329145558010400000000140400000000150400000000160400000000170200002A02000030014D3101179B7E
2026-03-29 14:56:30 - msg_id_0200 ==> 7E02000042660000000002A07F00000100000C000300C64756049FAC68038A00000000260329145629010400000000140400000000150400000000160400000000170200002A02000030014D310117E37E
2026-03-29 14:56:35 - msg_id_0200 ==> 7E02000042660000000002A08200000000000C000300C64755049FAC68038A00000000260329145634010400000000140400000000150400000000160400000000170200002A02000030014D310115037E
2026-03-29 14:57:06 - msg_id_0200 ==> 7E02000042660000000002A08D00000000000C000300C64755049FAC68038B00000000260329145705010400000000140400000000150400000000160400000000170200002A02000030014D3101163E7E
2026-03-29 14:57:37 - msg_id_0200 ==> 7E02000042660000000002A09800000000000C000300C64755049FAC60038B00000000260329145736010400000000140400000000150400000000160400000000170200002A02000030014D310114127E
2026-03-29 14:58:08 - msg_id_0200 ==> 7E02000042660000000002A0A300000000000C000300C64754049FAC60038B00000000260329145807010400000000140400000000150400000000160400000000170200002A02000030014D310115177E
2026-03-29 14:58:39 - msg_id_0200 ==> 7E02000042660000000002A0AE00000000000C000300C64754049FAC60038B00000000260329145838010400000000140400000000150400000000160400000000170200002A02000030014D310114247E
2026-03-29 14:59:10 - msg_id_0200 ==> 7E02000042660000000002A0B900000000000C000300C64753049FAC68038B00000000260329145909010400000000140400000000150400000000160400000000170200002A02000030014D3101140C7E
2026-03-29 14:59:41 - msg_id_0200 ==> 7E02000042660000000002A0C400000000000C000300C64753049FAC68038B00000000260329145940010400000000140400000000150400000000160400000000170200002A02000030014D310114387E
2026-03-29 15:00:12 - msg_id_0200 ==> 7E02000042660000000002A0CF00000000000C000300C64753049FAC68038B00000000260329150011010400000000140400000000150400000000160400000000170200002A02000030014D3101153B7E
2026-03-29 15:00:43 - msg_id_0200 ==> 7E02000042660000000002A0DA00000000000C000300C64752049FAC60038B00000000260329150042010400000000140400000000150400000000160400000000170200002A02000030014D310113727E
2026-03-29 15:01:14 - msg_id_0200 ==> 7E02000042660000000002A0E500000000000C000300C64754049FAC68038B00000000260329150113010400000000140400000000150400000000160400000000170200002A02000030014D310113137E
2026-03-29 15:01:45 - msg_id_0200 ==> 7E02000042660000000002A0F000000000000C000300C64755049FAC68038B00000000260329150144010400000000140400000000150400000000160400000000170200002A02000030014D310114577E
2026-03-29 15:02:16 - msg_id_0200 ==> 7E02000042660000000002A0FB00000000000C000300C64755049FAC68038B00000000260329150215010400000000140400000000150400000000160400000000170200002A02000030014D3101150F7E
2026-03-29 15:02:47 - msg_id_0200 ==> 7E02000042660000000002A10600000000000C000300C64753049FAC68038B00000000260329150246010400000000140400000000150400000000160400000000170200002A02000030014D310115A67E
2026-03-29 15:03:18 - msg_id_0200 ==> 7E02000042660000000002A11100000000000C000300C64752049FAC68038B00000000260329150317010400000000140400000000150400000000160400000000170200002A02000030014D310115E07E
2026-03-29 15:03:49 - msg_id_0200 ==> 7E02000042660000000002A11C00000000000C000300C64750049FAC68038B00000000260329150348010400000000140400000000150400000000160400000000170200002A02000030014D310114B17E
2026-03-29 15:04:20 - msg_id_0200 ==> 7E02000042660000000002A12700000000000C000300C64751049FAC60038B00000000260329150419010400000000140400000000150400000000160400000000170200002A02000030014D310113D27E
2026-03-29 15:04:51 - msg_id_0200 ==> 7E02000042660000000002A13200000000000C000300C64752049FAC68038B00000000260329150450010400000000140400000000150400000000160400000000170200002A02000030014D310115837E
2026-03-29 15:05:22 - msg_id_0200 ==> 7E02000042660000000002A13D00000000000C000300C64752049FAC68038B00000000260329150521010400000000140400000000150400000000160400000000170200002A02000030014D310111F87E
2026-03-29 15:05:53 - msg_id_0200 ==> 7E02000042660000000002A14800000000000C000300C64752049FAC68038B00000000260329150552010400000000140400000000150400000000160400000000170200002A02000030014D310113FC7E
2026-03-29 15:06:24 - msg_id_0200 ==> 7E02000042660000000002A15300000000000C000300C64751049FAC68038B00000000260329150623010400000000140400000000150400000000160400000000170200002A02000030014D310111947E
2026-03-29 15:06:55 - msg_id_0200 ==> 7E02000042660000000002A15E00000000000C000300C64752049FAC70038B00000000260329150654010400000000140400000000150400000000160400000000170200002A02000030014D310112F67E
2026-03-29 15:07:26 - msg_id_0200 ==> 7E02000042660000000002A16900000000000C000300C64752049FAC70038B00000000260329150725010400000000140400000000150400000000160400000000170200002A02000030014D310112B17E
2026-03-29 15:07:57 - msg_id_0200 ==> 7E02000042660000000002A17400000000000C000300C64752049FAC68038B00000000260329150756010400000000140400000000150400000000160400000000170200002A02000030014D310111C47E
2026-03-29 15:08:28 - msg_id_0200 ==> 7E02000042660000000002A17F00000100000C000300C64751049FAC68038B00000000260329150827010400000000140400000000150400000000160400000000170200002A02000030014D310111B37E
2026-03-29 15:08:33 - msg_id_0200 ==> 7E02000042660000000002A18200000000000C000300C64751049FAC68038B00000000260329150832010400000000140400000000150400000000160400000000170200002A02000030014D310112597E
2026-03-29 15:09:04 - msg_id_0200 ==> 7E02000042660000000002A18D00000000000C000300C64751049FAC68038B00000000260329150903010400000000140400000000150400000000160400000000170200002A02000030014D310112667E
2026-03-29 15:09:35 - msg_id_0200 ==> 7E02000042660000000002A19800000000000C000300C64750049FAC68038B00000000260329150934010400000000140400000000150400000000160400000000170200002A02000030014D310111467E
2026-03-29 15:10:06 - msg_id_0200 ==> 7E02000042660000000002A1A300000000000C000300C64751049FAC68038B00000000260329151005010400000000140400000000150400000000160400000000170200002A02000030014D310111547E
2026-03-29 15:10:37 - msg_id_0200 ==> 7E02000042660000000002A1AE00000000000C000300C64753049FAC68038C00000000260329151036010400000000140400000000150400000000160400000000170200002A02000030014D3101136D7E
2026-03-29 15:11:08 - msg_id_0200 ==> 7E02000042660000000002A1B900000000000C000300C64752049FAC60038B00000000260329151107010400000000140400000000150400000000160400000000170200002A02000030014D310114437E
2026-03-29 15:11:39 - msg_id_0200 ==> 7E02000042660000000002A1C400000000000C000300C64740049FAC50038D00000000260329151138010400000000140400000000150400000000160400000000170200002A02000030014D310113227E
2026-03-29 15:12:10 - msg_id_0200 ==> 7E02000042660000000002A1CF00000000000C000300C64748049FAC48038D00000000260329151209010400000000140400000000150400000000160400000000170200002A02000030014D3101140C7E
2026-03-29 15:12:41 - msg_id_0200 ==> 7E02000042660000000002A1DA00000000000C000300C64749049FAC40038D00000000260329151240010400000000140400000000150400000000160400000000170200002A02000030014D3101125F7E
2026-03-29 15:13:12 - msg_id_0200 ==> 7E02000042660000000002A1E500000000000C000300C64744049FAC38038D00000000260329151311010400000000140400000000150400000000160400000000170200002A02000030014D310112457E
2026-03-29 15:13:43 - msg_id_0200 ==> 7E02000042660000000002A1F000000000000C000300C64747049FAC30038E00000000260329151342010400000000140400000000150400000000160400000000170200002A02000030014D3101120B7E
2026-03-29 15:14:14 - msg_id_0200 ==> 7E02000042660000000002A1FB00000000000C000300C64749049FAC28038F00000000260329151413010400000000140400000000150400000000160400000000170200002A02000030014D310112417E
2026-03-29 15:14:45 - msg_id_0200 ==> 7E02000042660000000002A20600000000000C000300C64742049FAC28038F00000000260329151444010400000000140400000000150400000000160400000000170200002A02000030014D310114E57E
2026-03-29 15:15:16 - msg_id_0200 ==> 7E02000042660000000002A21100000000000C000300C6473F049FAC18038F00000000260329151515010400000000140400000000150400000000160400000000170200002A02000030014D310114EF7E
2026-03-29 15:15:47 - msg_id_0200 ==> 7E02000042660000000002A21C00000000000C000300C6473A049FAC10038F00000000260329151546010400000000140400000000150400000000160400000000170200002A02000030014D310114BC7E
2026-03-29 15:16:18 - msg_id_0200 ==> 7E02000042660000000002A22700000000000C000300C64737049FAC18039000000000260329151617010400000000140400000000150400000000160400000000170200002A02000030014D310115CE7E
2026-03-29 15:16:49 - msg_id_0200 ==> 7E02000042660000000002A23200000000000C000300C64732049FAC10039000000000260329151648010400000000140400000000150400000000160400000000170200002A02000030014D310115897E
2026-03-29 15:17:20 - msg_id_0200 ==> 7E02000042660000000002A23D00000000000C000300C64730049FAC10039000000000260329151719010400000000140400000000150400000000160400000000170200002A02000030014D310113D27E
2026-03-29 15:17:51 - msg_id_0200 ==> 7E02000042660000000002A24800000000000C000300C64722049FAC10039000000000260329151750010400000000140400000000150400000000160400000000170200002A02000030014D310113FC7E
2026-03-29 15:18:22 - msg_id_0200 ==> 7E02000042660000000002A25300000000000C000300C64721049FAC08039000000000260329151821010400000000140400000000150400000000160400000000170200002A02000030014D310114857E
2026-03-29 15:18:53 - msg_id_0200 ==> 7E02000042660000000002A25E00000000000C000300C64720049FAC08039000000000260329151852010400000000140400000000150400000000160400000000170200002A02000030014D310112FC7E
2026-03-29 15:19:24 - msg_id_0200 ==> 7E02000042660000000002A26900000000000C000300C64720049FAC08039100000000260329151923010400000000140400000000150400000000160400000000170200002A02000030014D310114BC7E
2026-03-29 15:19:55 - msg_id_0200 ==> 7E02000042660000000002A27400000000000C000300C6471F049FAC00039100000000260329151954010400000000140400000000150400000000160400000000170200002A02000030014D310114E17E
2026-03-29 15:20:25 - msg_id_0200 ==> 7E02000042660000000002A27F00000100000C000300C6471C049FAC00039100000000260329152024010400000000140400000000150400000000160400000000170200002A02000030014D310114A17E
2026-03-29 15:20:30 - msg_id_0200 ==> 7E02000042660000000002A28200000000000C000300C6471C049FAC00039100000000260329152029010400000000140400000000150400000000160400000000170200002A02000030014D310114507E
2026-03-29 15:21:01 - msg_id_0200 ==> 7E02000042660000000002A28D00000000000C000300C6471C049FABF8039100000000260329152100010400000000140400000000150400000000160400000000170200002A02000030014D310114887E
2026-03-29 15:21:32 - msg_id_0200 ==> 7E02000042660000000002A29800000000000C000300C6471A049FABF8039100000000260329152131010400000000140400000000150400000000160400000000170200002A02000030014D310114AA7E
2026-03-29 15:22:03 - msg_id_0200 ==> 7E02000042660000000002A2A300000000000C000300C6471A049FABF8039100000000260329152202010400000000140400000000150400000000160400000000170200002A02000030014D310113A67E
2026-03-29 15:22:34 - msg_id_0200 ==> 7E02000042660000000002A2AE00000000000C000300C64718049FABF8039100000000260329152233010400000000140400000000150400000000160400000000170200002A02000030014D310113987E
2026-03-29 15:23:05 - msg_id_0200 ==> 7E02000042660000000002A2B900000000000C000300C64715049FABE8039200000000260329152304010400000000140400000000150400000000160400000000170200002A02000030014D310114A07E
2026-03-29 15:23:36 - msg_id_0200 ==> 7E02000042660000000002A2C400000000000C000300C6470F049FABE8039200000000260329152335010400000000140400000000150400000000160400000000170200002A02000030014D310114F67E
2026-03-29 15:24:07 - msg_id_0200 ==> 7E02000042660000000002A2CF00000000000C000300C6470B049FABE8039200000000260329152406010400000000140400000000150400000000160400000000170200002A02000030014D310114CD7E
2026-03-29 15:24:38 - msg_id_0200 ==> 7E02000042660000000002A2DA00000000000C000300C64707049FABE8039200000000260329152437010400000000140400000000150400000000160400000000170200002A02000030014D310111E07E
2026-03-29 15:25:09 - msg_id_0200 ==> 7E02000042660000000002A2E500000000000C000300C64706049FABE8039200000000260329152508010400000000140400000000150400000000160400000000170200002A02000030014D310112E37E
2026-03-29 15:25:40 - msg_id_0200 ==> 7E02000042660000000002A2F000000000000C000300C64704049FABE0039200000000260329152539010400000000140400000000150400000000160400000000170200002A02000030014D310111CE7E
2026-03-29 15:26:11 - msg_id_0200 ==> 7E02000042660000000002A2FB00000000000C000300C64700049FABD8039200000000260329152610010400000000140400000000150400000000160400000000170200002A02000030014D310113D17E
2026-03-29 15:26:42 - msg_id_0200 ==> 7E02000042660000000002A30600000000000C000300C646FD049FABD8039200000000260329152641010400000000140400000000150400000000160400000000170200002A02000030014D310113807E
2026-03-29 15:27:13 - msg_id_0200 ==> 7E02000042660000000002A31100000000000C000300C646FD049FABD8039200000000260329152712010400000000140400000000150400000000160400000000170200002A02000030014D310113C57E
2026-03-29 15:27:44 - msg_id_0200 ==> 7E02000042660000000002A31C00000000000C000300C646FD049FABD0039200000000260329152743010400000000140400000000150400000000160400000000170200002A02000030014D310112907E
2026-03-29 15:28:15 - msg_id_0200 ==> 7E02000042660000000002A32700000000000C000300C646FC049FABD0039200000000260329152814010400000000140400000000150400000000160400000000170200002A02000030014D310114F47E
2026-03-29 15:28:46 - msg_id_0200 ==> 7E02000042660000000002A33200000000000C000300C646FE049FABD0039200000000260329152845010400000000140400000000150400000000160400000000170200002A02000030014D310112B47E
2026-03-29 15:29:17 - msg_id_0200 ==> 7E02000042660000000002A33D00000000000C000300C646FF049FABD0039200000000260329152916010400000000140400000000150400000000160400000000170200002A02000030014D310114EE7E
2026-03-29 15:29:48 - msg_id_0200 ==> 7E02000042660000000002A34800000000000C000300C646FE049FABD0039200000000260329152947010400000000140400000000150400000000160400000000170200002A02000030014D310114CB7E
2026-03-29 15:30:19 - msg_id_0200 ==> 7E02000042660000000002A35300000000000C000300C646FD049FABD0039200000000260329153018010400000000140400000000150400000000160400000000170200002A02000030014D310112937E
2026-03-29 15:30:50 - msg_id_0200 ==> 7E02000042660000000002A35E00000000000C000300C646FD049FABD0039200000000260329153049010400000000140400000000150400000000160400000000170200002A02000030014D310114C97E
2026-03-29 15:31:21 - msg_id_0200 ==> 7E02000042660000000002A36900000000000C000300C646FD049FABD0039300000000260329153120010400000000140400000000150400000000160400000000170200002A02000030014D310114977E
2026-03-29 15:31:52 - msg_id_0200 ==> 7E02000042660000000002A37400000000000C000300C646FC049FABD0039300000000260329153151010400000000140400000000150400000000160400000000170200002A02000030014D310114FA7E
2026-03-29 15:32:23 - msg_id_0200 ==> 7E02000042660000000002A37F00000100000C000300C646FB049FABD0039300000000260329153222010400000000140400000000150400000000160400000000170200002A02000030014D310112817E
2026-03-29 15:32:28 - msg_id_0200 ==> 7E02000042660000000002A38200000000000C000300C646FB049FABD0039300000000260329153227010400000000140400000000150400000000160400000000170200002A02000030014D310112787E
2026-03-29 15:32:59 - msg_id_0200 ==> 7E02000042660000000002A38D00000000000C000300C646FB049FABD0039300000000260329153258010400000000140400000000150400000000160400000000170200002A02000030014D310112087E
2026-03-29 15:33:30 - msg_id_0200 ==> 7E02000042660000000002A39800000000000C000300C646FB049FABD0039300000000260329153329010400000000140400000000150400000000160400000000170200002A02000030014D3101126D7E
2026-03-29 15:34:01 - msg_id_0200 ==> 7E02000042660000000002A3A300000000000C000300C646F6049FABD0039300000000260329153400010400000000140400000000150400000000160400000000170200002A02000030014D310113747E
2026-03-29 15:34:32 - msg_id_0200 ==> 7E02000042660000000002A3AE00000000000C000300C646F6049FABD8039300000000260329153431010400000000140400000000150400000000160400000000170200002A02000030014D310111427E
2026-03-29 15:35:03 - msg_id_0200 ==> 7E02000042660000000002A3B900000000000C000300C646FD049FABE0039400000000260329153502010400000000140400000000150400000000160400000000170200002A02000030014D310111537E
2026-03-29 15:35:34 - msg_id_0200 ==> 7E02000042660000000002A3C400000000000C000300C646FA049FABD8039400000000260329153533010400000000140400000000150400000000160400000000170200002A02000030014D310113227E
2026-03-29 15:36:05 - msg_id_0200 ==> 7E02000042660000000002A3CF00000000000C000300C646F6049FABE0039400000000260329153604010400000000140400000000150400000000160400000000170200002A02000030014D3101112B7E
2026-03-29 15:36:36 - msg_id_0200 ==> 7E02000042660000000002A3DA00000000000C000300C646F4049FABE8039400000000260329153635010400000000140400000000150400000000160400000000170200002A02000030014D310115017E
2026-03-29 15:37:07 - msg_id_0200 ==> 7E02000042660000000002A3E500000000000C000300C646F8049FABF0039400000000260329153706010400000000140400000000150400000000160400000000170200002A02000030014D3101161B7E
2026-03-29 15:37:38 - msg_id_0200 ==> 7E02000042660000000002A3F000000000000C000300C646FC049FABF0039300000000260329153737010400000000140400000000150400000000160400000000170200002A02000030014D3101143E7E
2026-03-29 15:38:09 - msg_id_0200 ==> 7E02000042660000000002A3FB00000000000C000300C646FC049FABF8039300000000260329153808010400000000140400000000150400000000160400000000170200002A02000030014D3101120B7E
2026-03-29 15:38:40 - msg_id_0200 ==> 7E02000042660000000002A40600000000000C000300C646FD049FABF8039300000000260329153839010400000000140400000000150400000000160400000000170200002A02000030014D310115C67E
2026-03-29 15:39:11 - msg_id_0200 ==> 7E02000042660000000002A41100000000000C000300C646FE049FAC00039300000000260329153910010400000000140400000000150400000000160400000000170200002A02000030014D310116067E
2026-03-29 15:39:42 - msg_id_0200 ==> 7E02000042660000000002A41C00000000000C000300C646FE049FAC00039300000000260329153941010400000000140400000000150400000000160400000000170200002A02000030014D310115597E
2026-03-29 15:40:13 - msg_id_0200 ==> 7E02000042660000000002A42700000000000C000300C646FD049FAC00039300000000260329154012010400000000140400000000150400000000160400000000170200002A02000030014D310116487E
2026-03-29 15:40:44 - msg_id_0200 ==> 7E02000042660000000002A43200000000000C000300C646FC049FAC00039300000000260329154043010400000000140400000000150400000000160400000000170200002A02000030014D3101150E7E
2026-03-29 15:41:15 - msg_id_0200 ==> 7E02000042660000000002A43D00000000000C000300C646FE049FAC08039300000000260329154114010400000000140400000000150400000000160400000000170200002A02000030014D3101135B7E
2026-03-29 15:41:46 - msg_id_0200 ==> 7E02000042660000000002A44800000000000C000300C64700049FAC08039300000000260329154145010400000000140400000000150400000000160400000000170200002A0200003001463101148C7E
2026-03-29 15:42:17 - msg_id_0200 ==> 7E02000042660000000002A45300000000000C000300C64701049FAC08039300000000260329154216010400000000140400000000150400000000160400000000170200002A020000300146310113C17E
2026-03-29 15:42:48 - msg_id_0200 ==> 7E02000042660000000002A45E00000000000C000300C64701049FAC08039200000000260329154247010400000000140400000000150400000000160400000000170200002A0200003001463101149B7E
2026-03-29 15:43:19 - msg_id_0200 ==> 7E02000042660000000002A46900000000000C000300C64702049FAC08039200000000260329154318010400000000140400000000150400000000160400000000170200002A020000300146310115F07E
2026-03-29 15:43:50 - msg_id_0200 ==> 7E02000042660000000002A47400000000000C000300C64702049FAC08039200000000260329154349010400000000140400000000150400000000160400000000170200002A020000300146310116BF7E
2026-03-29 15:44:20 - msg_id_0200 ==> 7E02000042660000000002A47F00000100000C000300C64704049FAC08039200000000260329154419010400000000140400000000150400000000160400000000170200002A020000300146310114E67E
2026-03-29 15:44:25 - msg_id_0200 ==> 7E02000042660000000002A48200000000000C000300C64704049FAC08039200000000260329154424010400000000140400000000150400000000160400000000170200002A020000300146310114277E
2026-03-29 15:44:56 - msg_id_0200 ==> 7E02000042660000000002A48D00000000000C000300C64706049FAC10039200000000260329154455010400000000140400000000150400000000160400000000170200002A020000300146310113447E
2026-03-29 15:45:27 - msg_id_0200 ==> 7E02000042660000000002A49800000000000C000300C64708049FAC10039200000000260329154526010400000000140400000000150400000000160400000000170200002A0200003001463101132D7E
2026-03-29 15:45:58 - msg_id_0200 ==> 7E02000042660000000002A4A300000000000C000300C6470A049FAC10039200000000260329154557010400000000140400000000150400000000160400000000170200002A020000300146310115637E
2026-03-29 15:46:29 - msg_id_0200 ==> 7E02000042660000000002A4AE00000000000C000300C6470A049FAC10039200000000260329154628010400000000140400000000150400000000160400000000170200002A020000300146310114137E
2026-03-29 15:47:00 - msg_id_0200 ==> 7E02000042660000000002A4B900000000000C000300C6470C049FAC10039200000000260329154659010400000000140400000000150400000000160400000000170200002A020000300146310114737E
2026-03-29 15:47:31 - msg_id_0200 ==> 7E02000042660000000002A4C400000000000C000300C6470A049FAC08039200000000260329154730010400000000140400000000150400000000160400000000170200002A020000300146310114787E
2026-03-29 15:48:02 - msg_id_0200 ==> 7E02000042660000000002A4CF00000000000C000300C64707049FAC08039200000000260329154801010400000000140400000000150400000000160400000000170200002A020000300146310115417E
2026-03-29 15:48:33 - msg_id_0200 ==> 7E02000042660000000002A4DA00000000000C000300C64706049FAC08039200000000260329154832010400000000140400000000150400000000160400000000170200002A020000300146310115667E
2026-03-29 15:49:04 - msg_id_0200 ==> 7E02000042660000000002A4E500000000000C000300C64706049FAC08039200000000260329154903010400000000140400000000150400000000160400000000170200002A020000300146310115697E
2026-03-29 15:49:35 - msg_id_0200 ==> 7E02000042660000000002A4F000000000000C000300C64705049FAC00039200000000260329154934010400000000140400000000150400000000160400000000170200002A020000300146310114417E
2026-03-29 15:50:06 - msg_id_0200 ==> 7E02000042660000000002A4FB00000000000C000300C64704049FAC00039200000000260329155005010400000000140400000000150400000000160400000000170200002A020000300146310115627E
2026-03-29 15:50:37 - msg_id_0200 ==> 7E02000042660000000002A50600000000000C000300C64704049FAC00039200000000260329155036010400000000140400000000150400000000160400000000170200002A020000300146310115AD7E
2026-03-29 15:51:08 - msg_id_0200 ==> 7E02000042660000000002A51100000000000C000300C64703049FABF8039200000000260329155107010400000000140400000000150400000000160400000000170200002A020000300146310115727E
2026-03-29 15:51:39 - msg_id_0200 ==> 7E02000042660000000002A51C00000000000C000300C64700049FABF8039200000000260329155138010400000000140400000000150400000000160400000000170200002A020000300146310114427E
2026-03-29 15:52:10 - msg_id_0200 ==> 7E02000042660000000002A52700000000000C000300C646FC049FABF8039200000000260329155209010400000000140400000000150400000000160400000000170200002A020000300146310113B17E
2026-03-29 15:52:41 - msg_id_0200 ==> 7E02000042660000000002A53200000000000C000300C646F9049FABF8039200000000260329155240010400000000140400000000150400000000160400000000170200002A020000300146310115EE7E
2026-03-29 15:53:12 - msg_id_0200 ==> 7E02000042660000000002A53D00000000000C000300C646F7049FABF8039100000000260329155311010400000000140400000000150400000000160400000000170200002A020000300146310115BC7E
2026-03-29 15:53:43 - msg_id_0200 ==> 7E02000042660000000002A54800000000000C000300C646F7049FABF8039100000000260329155342010400000000140400000000150400000000160400000000170200002A0200003001463101159A7E
2026-03-29 15:54:14 - msg_id_0200 ==> 7E02000042660000000002A55300000000000C000300C646F7049FABF0039100000000260329155413010400000000140400000000150400000000160400000000170200002A020000300146310115DF7E
2026-03-29 15:54:45 - msg_id_0200 ==> 7E02000042660000000002A55E00000000000C000300C646F7049FABF0039100000000260329155444010400000000140400000000150400000000160400000000170200002A020000300146310116867E
2026-03-29 15:55:16 - msg_id_0200 ==> 7E02000042660000000002A56900000000000C000300C646F6049FABF0039100000000260329155515010400000000140400000000150400000000160400000000170200002A020000300146310116E07E
2026-03-29 15:55:47 - msg_id_0200 ==> 7E02000042660000000002A57400000000000C000300C646F5049FABF8039100000000260329155546010400000000140400000000150400000000160400000000170200002A020000300146310116A57E
2026-03-29 15:56:18 - msg_id_0200 ==> 7E02000042660000000002A57F00000100000C000300C646F5049FABF8039100000000260329155617010400000000140400000000150400000000160400000000170200002A020000300146310114FF7E
2026-03-29 15:56:23 - msg_id_0200 ==> 7E02000042660000000002A58200000000000C000300C646F5049FABF8039100000000260329155622010400000000140400000000150400000000160400000000170200002A020000300146310115377E
2026-03-29 15:56:54 - msg_id_0200 ==> 7E02000042660000000002A58D00000000000C000300C646F7049FABF8039000000000260329155653010400000000140400000000150400000000160400000000170200002A0200003001463101144B7E
2026-03-29 15:57:25 - msg_id_0200 ==> 7E02000042660000000002A59800000000000C000300C646F6049FAC00039000000000260329155724010400000000140400000000150400000000160400000000170200002A020000300146310114D67E
2026-03-29 15:57:56 - msg_id_0200 ==> 7E02000042660000000002A5A300000000000C000300C646F3049FAC00039000000000260329155755010400000000140400000000150400000000160400000000170200002A020000300146310114997E
2026-03-29 15:58:27 - msg_id_0200 ==> 7E02000042660000000002A5AE00000000000C000300C646F1049FAC00039000000000260329155826010400000000140400000000150400000000160400000000170200002A020000300146310113ED7E
2026-03-29 15:58:58 - msg_id_0200 ==> 7E02000042660000000002A5B900000000000C000300C646F2049FAC00039000000000260329155857010400000000140400000000150400000000160400000000170200002A0200003001463101148F7E
2026-03-29 15:59:29 - msg_id_0200 ==> 7E02000042660000000002A5C400000000000C000300C646F4049FAC00039000000000260329155928010400000000140400000000150400000000160400000000170200002A0200003001463101138D7E
2026-03-29 16:00:00 - msg_id_0200 ==> 7E02000042660000000002A5CF00000000000C000300C646F4049FAC08038F00000000260329155959010400000000140400000000150400000000160400000000170200002A020000300146310113E07E
2026-03-29 16:00:31 - msg_id_0200 ==> 7E02000042660000000002A5DA00000000000C000300C646F4049FAC08038F00000000260329160030010400000000140400000000150400000000160400000000170200002A020000300146310114C17E
2026-03-29 16:01:02 - msg_id_0200 ==> 7E02000042660000000002A5E500000000000C000300C646F4049FAC08038F00000000260329160101010400000000140400000000150400000000160400000000170200002A020000300146310114CE7E
2026-03-29 16:01:33 - msg_id_0200 ==> 7E02000042660000000002A5F000000000000C000300C646F4049FAC08038F00000000260329160132010400000000140400000000150400000000160400000000170200002A020000300146310114E87E
2026-03-29 16:02:04 - msg_id_0200 ==> 7E02000042660000000002A5FB00000000000C000300C646F2049FAC10038F00000000260329160203010400000000140400000000150400000000160400000000170200002A020000300146310114CF7E
2026-03-29 16:02:35 - msg_id_0200 ==> 7E02000042660000000002A60600000000000C000300C646F1049FAC10038F00000000260329160234010400000000140400000000150400000000160400000000170200002A020000300146310115047E
2026-03-29 16:03:06 - msg_id_0200 ==> 7E02000042660000000002A61100000000000C000300C646F1049FAC10038F00000000260329160305010400000000140400000000150400000000160400000000170200002A020000300146310115237E
2026-03-29 16:03:37 - msg_id_0200 ==> 7E02000042660000000002A61C00000000000C000300C646F2049FAC18038F00000000260329160336010400000000140400000000150400000000160400000000170200002A020000300146310114177E
2026-03-29 16:04:08 - msg_id_0200 ==> 7E02000042660000000002A62700000000000C000300C646F3049FAC18038F00000000260329160407010400000000140400000000150400000000160400000000170200002A0200003001463101141B7E
2026-03-29 16:04:39 - msg_id_0200 ==> 7E02000042660000000002A63200000000000C000300C646F5049FAC18038F00000000260329160438010400000000140400000000150400000000160400000000170200002A020000300146310114377E
2026-03-29 16:05:10 - msg_id_0200 ==> 7E02000042660000000002A63D00000000000C000300C646F7049FAC18038F00000000260329160509010400000000140400000000150400000000160400000000170200002A0200003001463101140A7E
2026-03-29 16:05:41 - msg_id_0200 ==> 7E02000042660000000002A64800000000000C000300C646F8049FAC20038F00000000260329160540010400000000140400000000150400000000160400000000170200002A020000300146310110057E
2026-03-29 16:06:12 - msg_id_0200 ==> 7E02000042660000000002A65300000000000C000300C646F8049FAC20038F00000000260329160611010400000000140400000000150400000000160400000000170200002A0200003001463101124E7E
2026-03-29 16:06:43 - msg_id_0200 ==> 7E02000042660000000002A65E00000000000C000300C646FA049FAC20038F00000000260329160642010400000000140400000000150400000000160400000000170200002A020000300146310113137E
2026-03-29 16:07:14 - msg_id_0200 ==> 7E02000042660000000002A66900000000000C000300C646FB049FAC20038F00000000260329160713010400000000140400000000150400000000160400000000170200002A020000300146310112747E
2026-03-29 16:07:45 - msg_id_0200 ==> 7E02000042660000000002A67400000000000C000300C646FB049FAC20038F00000000260329160744010400000000140400000000150400000000160400000000170200002A0200003001463101123E7E
2026-03-29 16:08:16 - msg_id_0200 ==> 7E02000042660000000002A67F00000100000C000300C646F8049FAC28038F00000000260329160815010400000000140400000000150400000000160400000000170200002A020000300146310111627E
2026-03-29 16:08:21 - msg_id_0200 ==> 7E02000042660000000002A68200000000000C000300C646F6049FAC28038F00000000260329160820010400000000140400000000150400000000160400000000170200002A020000300146310110A47E
2026-03-29 16:08:52 - msg_id_0200 ==> 7E02000042660000000002A68D00000000000C000300C646F9049FAC20038F00000000260329160851010400000000140400000000150400000000160400000000170200002A020000300146310112DF7E
2026-03-29 16:09:23 - msg_id_0200 ==> 7E02000042660000000002A69800000000000C000300C646FB049FAC28038F00000000260329160922010400000000140400000000150400000000160400000000170200002A020000300146310111B17E
2026-03-29 16:09:54 - msg_id_0200 ==> 7E02000042660000000002A6A300000000000C000300C646F9049FAC28038F00000000260329160953010400000000140400000000150400000000160400000000170200002A020000300146310111F97E
2026-03-29 16:10:25 - msg_id_0200 ==> 7E02000042660000000002A6AE00000000000C000300C646F6049FAC28038E00000000260329161024010400000000140400000000150400000000160400000000170200002A020000300146310111947E
2026-03-29 16:10:56 - msg_id_0200 ==> 7E02000042660000000002A6B900000000000C000300C646F2049FAC30038E00000000260329161055010400000000140400000000150400000000160400000000170200002A020000300146310111EE7E
2026-03-29 16:11:27 - msg_id_0200 ==> 7E02000042660000000002A6C400000000000C000300C646F2049FAC30038E00000000260329161126010400000000140400000000150400000000160400000000170200002A020000300146310113E37E
2026-03-29 16:11:58 - msg_id_0200 ==> 7E02000042660000000002A6CF00000000000C000300C646F3049FAC30038E00000000260329161157010400000000140400000000150400000000160400000000170200002A020000300146310112997E
2026-03-29 16:12:29 - msg_id_0200 ==> 7E02000042660000000002A6DA00000000000C000300C646F7049FAC30038E00000000260329161228010400000000140400000000150400000000160400000000170200002A020000300146310114F27E
2026-03-29 16:13:00 - msg_id_0200 ==> 7E02000042660000000002A6E500000000000C000300C646FB049FAC28038E00000000260329161259010400000000140400000000150400000000160400000000170200002A020000300146310115A97E
2026-03-29 16:13:31 - msg_id_0200 ==> 7E02000042660000000002A6F000000000000C000300C646FA049FAC30038E00000000260329161330010400000000140400000000150400000000160400000000170200002A020000300146310116CE7E
2026-03-29 16:14:02 - msg_id_0200 ==> 7E02000042660000000002A6FB00000000000C000300C646FB049FAC30038E00000000260329161401010400000000140400000000150400000000160400000000170200002A020000300146310115F17E
2026-03-29 16:14:33 - msg_id_0200 ==> 7E02000042660000000002A70600000000000C000300C646FB049FAC30038E00000000260329161432010400000000140400000000150400000000160400000000170200002A0200003001463101153E7E
2026-03-29 16:15:04 - msg_id_0200 ==> 7E02000042660000000002A71100000000000C000300C646FB049FAC30038E00000000260329161503010400000000140400000000150400000000160400000000170200002A020000300146310115197E
2026-03-29 16:15:35 - msg_id_0200 ==> 7E02000042660000000002A71C00000000000C000300C646FC049FAC30038D00000000260329161534010400000000140400000000150400000000160400000000170200002A020000300146310114267E
2026-03-29 16:16:06 - msg_id_0200 ==> 7E02000042660000000002A72700000000000C000300C646FB049FAC30038D00000000260329161605010400000000140400000000150400000000160400000000170200002A020000300146310115297E
2026-03-29 16:16:37 - msg_id_0200 ==> 7E02000042660000000002A73200000000000C000300C646FF049FAC38038D00000000260329161636010400000000140400000000150400000000160400000000170200002A020000300146310115037E
2026-03-29 16:17:08 - msg_id_0200 ==> 7E02000042660000000002A73D00000000000C000300C64702049FAC38038D00000000260329161707010400000000140400000000150400000000160400000000170200002A020000300146310113C67E
2026-03-29 16:17:39 - msg_id_0200 ==> 7E02000042660000000002A74800000000000C000300C64701049FAC38038D00000000260329161738010400000000140400000000150400000000160400000000170200002A0200003001463101168A7E
2026-03-29 16:18:10 - msg_id_0200 ==> 7E02000042660000000002A75300000000000C000300C64700049FAC38038C00000000260329161809010400000000140400000000150400000000160400000000170200002A020000300146310112AB7E
2026-03-29 16:18:41 - msg_id_0200 ==> 7E02000042660000000002A75E00000000000C000300C64700049FAC38038C00000000260329161840010400000000140400000000150400000000160400000000170200002A020000300146310116EB7E
2026-03-29 16:19:12 - msg_id_0200 ==> 7E02000042660000000002A76900000000000C000300C64701049FAC40038C00000000260329161911010400000000140400000000150400000000160400000000170200002A020000300146310115F67E
2026-03-29 16:19:43 - msg_id_0200 ==> 7E02000042660000000002A77400000000000C000300C64703049FAC40038C00000000260329161942010400000000140400000000150400000000160400000000170200002A020000300146310114BB7E
2026-03-29 16:20:13 - msg_id_0200 ==> 7E02000042660000000002A77F00000100000C000300C64705049FAC40038C00000000260329162012010400000000140400000000150400000000160400000000170200002A020000300146310114DE7E
2026-03-29 16:20:18 - msg_id_0200 ==> 7E02000042660000000002A78200000000000C000300C64705049FAC40038C00000000260329162017010400000000140400000000150400000000160400000000170200002A020000300146310114277E
2026-03-29 16:20:49 - msg_id_0200 ==> 7E02000042660000000002A78D00000000000C000300C64706049FAC40038C00000000260329162048010400000000140400000000150400000000160400000000170200002A020000300146310115757E
2026-03-29 16:21:20 - msg_id_0200 ==> 7E02000042660000000002A79800000000000C000300C64706049FAC40038C00000000260329162119010400000000140400000000150400000000160400000000170200002A020000300146310116337E
2026-03-29 16:21:51 - msg_id_0200 ==> 7E02000042660000000002A7A300000000000C000300C64707049FAC40038C00000000260329162150010400000000140400000000150400000000160400000000170200002A020000300146310116407E
2026-03-29 16:22:22 - msg_id_0200 ==> 7E02000042660000000002A7AE00000000000C000300C6470A049FAC40038C00000000260329162221010400000000140400000000150400000000160400000000170200002A020000300146310117337E
2026-03-29 16:22:53 - msg_id_0200 ==> 7E02000042660000000002A7B900000000000C000300C6470B049FAC40038C00000000260329162252010400000000140400000000150400000000160400000000170200002A020000300146310117567E
2026-03-29 16:23:24 - msg_id_0200 ==> 7E02000042660000000002A7C400000000000C000300C6470D049FAC40038C00000000260329162323010400000000140400000000150400000000160400000000170200002A0200003001463101165C7E
2026-03-29 16:23:55 - msg_id_0200 ==> 7E02000042660000000002A7CF00000000000C000300C6470C049FAC40038C00000000260329162354010400000000140400000000150400000000160400000000170200002A020000300146310116217E
2026-03-29 16:24:26 - msg_id_0200 ==> 7E02000042660000000002A7DA00000000000C000300C6470F049FAC40038C00000000260329162425010400000000140400000000150400000000160400000000170200002A020000300146310116417E
2026-03-29 16:24:57 - msg_id_0200 ==> 7E02000042660000000002A7E500000000000C000300C64711049FAC40038C00000000260329162456010400000000140400000000150400000000160400000000170200002A020000300146310116137E
2026-03-29 16:25:28 - msg_id_0200 ==> 7E02000042660000000002A7F000000000000C000300C64713049FAC40038C00000000260329162527010400000000140400000000150400000000160400000000170200002A020000300146310116747E
2026-03-29 16:25:59 - msg_id_0200 ==> 7E02000042660000000002A7FB00000000000C000300C64714049FAC40038B00000000260329162558010400000000140400000000150400000000160400000000170200002A020000300146310116007E
2026-03-29 16:26:30 - msg_id_0200 ==> 7E02000042660000000002A80600000000000C000300C64715049FAC40038B00000000260329162629010400000000140400000000150400000000160400000000170200002A0200003001463101188F7E
2026-03-29 16:27:01 - msg_id_0200 ==> 7E02000042660000000002A81100000000000C000300C64717049FAC40038B00000000260329162700010400000000140400000000150400000000160400000000170200002A020000300146310117BD7E
2026-03-29 16:27:32 - msg_id_0200 ==> 7E02000042660000000002A81C00000000000C000300C64718049FAC40038B00000000260329162731010400000000140400000000150400000000160400000000170200002A0200003001463101168F7E
2026-03-29 16:28:03 - msg_id_0200 ==> 7E02000042660000000002A82700000000000C000300C64719049FAC48038B00000000260329162802010400000000140400000000150400000000160400000000170200002A020000300146310117807E
2026-03-29 16:28:34 - msg_id_0200 ==> 7E02000042660000000002A83200000000000C000300C6471B049FAC48038B00000000260329162833010400000000140400000000150400000000160400000000170200002A020000300146310116A77E
2026-03-29 16:29:05 - msg_id_0200 ==> 7E02000042660000000002A83D00000000000C000300C6471D049FAC48038B00000000260329162904010400000000140400000000150400000000160400000000170200002A020000300146310116987E
2026-03-29 16:29:36 - msg_id_0200 ==> 7E02000042660000000002A84800000000000C000300C6471D049FAC48038B00000000260329162935010400000000140400000000150400000000160400000000170200002A020000300146310117DD7E
2026-03-29 16:30:07 - msg_id_0200 ==> 7E02000042660000000002A85300000000000C000300C6471E049FAC48038B00000000260329163006010400000000140400000000150400000000160400000000170200002A020000300146310114EC7E
2026-03-29 16:30:38 - msg_id_0200 ==> 7E02000042660000000002A85E00000000000C000300C6471E049FAC48038B00000000260329163037010400000000140400000000150400000000160400000000170200002A020000300146310113D77E
2026-03-29 16:31:09 - msg_id_0200 ==> 7E02000042660000000002A86900000000000C000300C6471F049FAC48038B00000000260329163108010400000000140400000000150400000000160400000000170200002A020000300146310112DE7E
2026-03-29 16:31:40 - msg_id_0200 ==> 7E02000042660000000002A87400000000000C000300C6471F049FAC50038B00000000260329163139010400000000140400000000150400000000160400000000170200002A020000300146310114EC7E
2026-03-29 16:32:11 - msg_id_0200 ==> 7E02000042660000000002A87F00000100000C000300C6471F049FAC50038B00000000260329163210010400000000140400000000150400000000160400000000170200002A020000300146310115CD7E
2026-03-29 16:32:16 - msg_id_0200 ==> 7E02000042660000000002A88200000000000C000300C6471F049FAC50038B00000000260329163215010400000000140400000000150400000000160400000000170200002A020000300146310115347E
2026-03-29 16:32:47 - msg_id_0200 ==> 7E02000042660000000002A88D00000000000C000300C64720049FAC50038B00000000260329163246010400000000140400000000150400000000160400000000170200002A020000300146310114567E
2026-03-29 16:33:18 - msg_id_0200 ==> 7E02000042660000000002A89800000000000C000300C64721049FAC58038B00000000260329163317010400000000140400000000150400000000160400000000170200002A0200003001463101131D7E
2026-03-29 16:33:49 - msg_id_0200 ==> 7E02000042660000000002A8A300000000000C000300C64723049FAC58038B00000000260329163348010400000000140400000000150400000000160400000000170200002A0200003001463101137B7E
2026-03-29 16:34:20 - msg_id_0200 ==> 7E02000042660000000002A8AE00000000000C000300C64724049FAC58038A00000000260329163419010400000000140400000000150400000000160400000000170200002A020000300146310113267E
2026-03-29 16:34:51 - msg_id_0200 ==> 7E02000042660000000002A8B900000000000C000300C64724049FAC58038A00000000260329163450010400000000140400000000150400000000160400000000170200002A020000300146310113787E
2026-03-29 16:35:22 - msg_id_0200 ==> 7E02000042660000000002A8C400000000000C000300C64725049FAC58038A00000000260329163521010400000000140400000000150400000000160400000000170200002A020000300146310114737E
2026-03-29 16:35:53 - msg_id_0200 ==> 7E02000042660000000002A8CF00000000000C000300C64725049FAC58038A00000000260329163552010400000000140400000000150400000000160400000000170200002A0200003001463101140B7E
2026-03-29 16:36:24 - msg_id_0200 ==> 7E02000042660000000002A8DA00000000000C000300C64727049FAC58038A00000000260329163623010400000000140400000000150400000000160400000000170200002A0200003001463101156F7E
2026-03-29 16:36:55 - msg_id_0200 ==> 7E02000042660000000002A8E500000000000C000300C6472A049FAC58038A00000000260329163654010400000000140400000000150400000000160400000000170200002A0200003001463101132C7E
2026-03-29 16:37:26 - msg_id_0200 ==> 7E02000042660000000002A8F000000000000C000300C6472B049FAC60038A00000000260329163725010400000000140400000000150400000000160400000000170200002A020000300146310115767E
2026-03-29 16:37:57 - msg_id_0200 ==> 7E02000042660000000002A8FB00000000000C000300C6472B049FAC60038A00000000260329163756010400000000140400000000150400000000160400000000170200002A0200003001463101150E7E
2026-03-29 16:38:28 - msg_id_0200 ==> 7E02000042660000000002A90600000000000C000300C6472C049FAC60038A00000000260329163827010400000000140400000000150400000000160400000000170200002A0200003001463101158B7E
2026-03-29 16:38:59 - msg_id_0200 ==> 7E02000042660000000002A91100000000000C000300C6472D049FAC68038A00000000260329163858010400000000140400000000150400000000160400000000170200002A020000300146310114EB7E
2026-03-29 16:39:30 - msg_id_0200 ==> 7E02000042660000000002A91C00000000000C000300C6472C049FAC68038A00000000260329163929010400000000140400000000150400000000160400000000170200002A020000300146310114977E
2026-03-29 16:40:01 - msg_id_0200 ==> 7E02000042660000000002A92700000000000C000300C6472F049FAC68038A00000000260329164000010400000000140400000000150400000000160400000000170200002A020000300146310115FE7E
2026-03-29 16:40:32 - msg_id_0200 ==> 7E02000042660000000002A93200000000000C000300C6472F049FAC70038A00000000260329164031010400000000140400000000150400000000160400000000170200002A020000300146310114C37E
2026-03-29 16:41:03 - msg_id_0200 ==> 7E02000042660000000002A93D00000000000C000300C6472F049FAC68038A00000000260329164102010400000000140400000000150400000000160400000000170200002A020000300146310112E07E
2026-03-29 16:41:34 - msg_id_0200 ==> 7E02000042660000000002A94800000000000C000300C64731049FAC68038A00000000260329164133010400000000140400000000150400000000160400000000170200002A020000300146310113BB7E
2026-03-29 16:42:05 - msg_id_0200 ==> 7E02000042660000000002A95300000000000C000300C64732049FAC68038A00000000260329164204010400000000140400000000150400000000160400000000170200002A020000300146310114907E
2026-03-29 16:42:36 - msg_id_0200 ==> 7E02000042660000000002A95E00000000000C000300C64734049FAC68038A00000000260329164235010400000000140400000000150400000000160400000000170200002A020000300146310114AA7E
2026-03-29 16:43:07 - msg_id_0200 ==> 7E02000042660000000002A96900000000000C000300C64736049FAC70038A00000000260329164306010400000000140400000000150400000000160400000000170200002A020000300146310114B57E
2026-03-29 16:43:38 - msg_id_0200 ==> 7E02000042660000000002A97400000000000C000300C64738049FAC68038A00000000260329164337010400000000140400000000150400000000160400000000170200002A0200003001463101148F7E
2026-03-29 16:44:08 - msg_id_0200 ==> 7E02000042660000000002A97F00000100000C000300C64739049FAC70038A00000000260329164407010400000000140400000000150400000000160400000000170200002A020000300146310114AB7E
2026-03-29 16:44:13 - msg_id_0200 ==> 7E02000042660000000002A98200000000000C000300C64739049FAC70038A00000000260329164412010400000000140400000000150400000000160400000000170200002A020000300146310112447E
2026-03-29 16:44:44 - msg_id_0200 ==> 7E02000042660000000002A98D00000000000C000300C6473B049FAC70038900000000260329164443010400000000140400000000150400000000160400000000170200002A0200003001463101131A7E
2026-03-29 16:45:15 - msg_id_0200 ==> 7E02000042660000000002A99800000000000C000300C6473C049FAC70038900000000260329164514010400000000140400000000150400000000160400000000170200002A0200003001463101135E7E
2026-03-29 16:45:46 - msg_id_0200 ==> 7E02000042660000000002A9A300000000000C000300C6473C049FAC78038900000000260329164545010400000000140400000000150400000000160400000000170200002A0200003001463101123D7E
2026-03-29 16:46:17 - msg_id_0200 ==> 7E02000042660000000002A9AE00000000000C000300C6473E049FAC70038900000000260329164616010400000000140400000000150400000000160400000000170200002A0200003001463101136B7E
2026-03-29 16:46:48 - msg_id_0200 ==> 7E02000042660000000002A9B900000000000C000300C64743049FAC70038900000000260329164647010400000000140400000000150400000000160400000000170200002A020000300146310114577E
2026-03-29 16:47:19 - msg_id_0200 ==> 7E02000042660000000002A9C400000000000C000300C64742049FAC70038800000000260329164718010400000000140400000000150400000000160400000000170200002A020000300146310114747E
2026-03-29 16:47:50 - msg_id_0200 ==> 7E02000042660000000002A9CF00000000000C000300C64742049FAC70038800000000260329164749010400000000140400000000150400000000160400000000170200002A020000300146310113297E
2026-03-29 16:48:21 - msg_id_0200 ==> 7E02000042660000000002A9DA00000000000C000300C64743049FAC70038800000000260329164820010400000000140400000000150400000000160400000000170200002A0200003001463101145C7E
2026-03-29 16:48:52 - msg_id_0200 ==> 7E02000042660000000002A9E500000000000C000300C64742049FAC70038800000000260329164851010400000000140400000000150400000000160400000000170200002A020000300146310112157E
2026-03-29 16:49:23 - msg_id_0200 ==> 7E02000042660000000002A9F000000000000C000300C64740049FAC70038800000000260329164922010400000000140400000000150400000000160400000000170200002A020000300146310114767E
2026-03-29 16:49:54 - msg_id_0200 ==> 7E02000042660000000002A9FB00000000000C000300C6473E049FAC70038800000000260329164953010400000000140400000000150400000000160400000000170200002A020000300146310114727E
2026-03-29 16:50:25 - msg_id_0200 ==> 7E02000042660000000002AA0600000000000C000300C6473F049FAC70038800000000260329165024010400000000140400000000150400000000160400000000170200002A020000300146310113E47E
2026-03-29 16:50:56 - msg_id_0200 ==> 7E02000042660000000002AA1100000000000C000300C6473E049FAC70038800000000260329165055010400000000140400000000150400000000160400000000170200002A020000300146310114847E
2026-03-29 16:51:27 - msg_id_0200 ==> 7E02000042660000000002AA1C00000000000C000300C6473E049FAC70038800000000260329165126010400000000140400000000150400000000160400000000170200002A020000300146310113FC7E
2026-03-29 16:51:58 - msg_id_0200 ==> 7E02000042660000000002AA2700000000000C000300C6473C049FAC78038800000000260329165157010400000000140400000000150400000000160400000000170200002A020000300146310111BE7E
2026-03-29 16:52:29 - msg_id_0200 ==> 7E02000042660000000002AA3200000000000C000300C6473A049FAC78038800000000260329165228010400000000140400000000150400000000160400000000170200002A020000300146310113D37E
2026-03-29 16:53:00 - msg_id_0200 ==> 7E02000042660000000002AA3D00000000000C000300C64739049FAC78038800000000260329165259010400000000140400000000150400000000160400000000170200002A020000300146310113AE7E
2026-03-29 16:53:31 - msg_id_0200 ==> 7E02000042660000000002AA4800000000000C000300C64739049FAC70038800000000260329165330010400000000140400000000150400000000160400000000170200002A020000300146310114BC7E
2026-03-29 16:54:02 - msg_id_0200 ==> 7E02000042660000000002AA5300000000000C000300C64737049FAC70038800000000260329165401010400000000140400000000150400000000160400000000170200002A020000300146310113987E
2026-03-29 16:54:33 - msg_id_0200 ==> 7E02000042660000000002AA5E00000000000C000300C64734049FAC68038800000000260329165432010400000000140400000000150400000000160400000000170200002A020000300146310113BD7E
2026-03-29 16:55:04 - msg_id_0200 ==> 7E02000042660000000002AA6900000000000C000300C64736049FAC68038900000000260329165503010400000000140400000000150400000000160400000000170200002A020000300146310111BB7E
2026-03-29 16:55:35 - msg_id_0200 ==> 7E02000042660000000002AA7400000000000C000300C64734049FAC68038800000000260329165534010400000000140400000000150400000000160400000000170200002A020000300146310113907E
2026-03-29 16:56:06 - msg_id_0200 ==> 7E02000042660000000002AA7F00000100000C000300C64734049FAC68038800000000260329165605010400000000140400000000150400000000160400000000170200002A020000300146310111AA7E
2026-03-29 16:56:11 - msg_id_0200 ==> 7E02000042660000000002AA8200000000000C000300C64734049FAC68038800000000260329165610010400000000140400000000150400000000160400000000170200002A020000300146310111437E
2026-03-29 16:56:42 - msg_id_0200 ==> 7E02000042660000000002AA8D00000000000C000300C64734049FAC68038800000000260329165641010400000000140400000000150400000000160400000000170200002A0200003001463101121E7E
2026-03-29 16:57:13 - msg_id_0200 ==> 7E02000042660000000002AA9800000000000C000300C64734049FAC68038900000000260329165712010400000000140400000000150400000000160400000000170200002A020000300146310113597E
2026-03-29 16:57:44 - msg_id_0200 ==> 7E02000042660000000002AAA300000000000C000300C64734049FAC60038900000000260329165743010400000000140400000000150400000000160400000000170200002A0200003001463101133B7E
2026-03-29 16:58:15 - msg_id_0200 ==> 7E02000042660000000002AAAE00000000000C000300C64737049FAC60038900000000260329165814010400000000140400000000150400000000160400000000170200002A0200003001463101146A7E
2026-03-29 16:58:46 - msg_id_0200 ==> 7E02000042660000000002AAB900000000000C000300C64735049FAC60038900000000260329165845010400000000140400000000150400000000160400000000170200002A020000300146310113297E
2026-03-29 16:59:17 - msg_id_0200 ==> 7E02000042660000000002AAC400000000000C000300C64734049FAC58038900000000260329165916010400000000140400000000150400000000160400000000170200002A0200003001463101133F7E
2026-03-29 16:59:48 - msg_id_0200 ==> 7E02000042660000000002AACF00000000000C000300C64730049FAC58038A00000000260329165947010400000000140400000000150400000000160400000000170200002A020000300146310111607E
2026-03-29 17:00:19 - msg_id_0200 ==> 7E02000042660000000002AADA00000000000C000300C6472F049FAC58038A00000000260329170018010400000000140400000000150400000000160400000000170200002A0200003001463101106C7E
2026-03-29 17:00:50 - msg_id_0200 ==> 7E02000042660000000002AAE500000000000C000300C64730049FAC58038A00000000260329170049010400000000140400000000150400000000160400000000170200002A0200003001463101121F7E
2026-03-29 17:01:21 - msg_id_0200 ==> 7E02000042660000000002AAF000000000000C000300C64731049FAC58038A00000000260329170120010400000000140400000000150400000000160400000000170200002A020000300146310113627E
2026-03-29 17:01:52 - msg_id_0200 ==> 7E02000042660000000002AAFB00000000000C000300C64732049FAC58038A00000000260329170151010400000000140400000000150400000000160400000000170200002A0200003001463101121A7E
2026-03-29 17:02:23 - msg_id_0200 ==> 7E02000042660000000002AB0600000000000C000300C64732049FAC58038A00000000260329170222010400000000140400000000150400000000160400000000170200002A020000300146310111957E
2026-03-29 17:02:54 - msg_id_0200 ==> 7E02000042660000000002AB1100000000000C000300C64733049FAC58038A00000000260329170253010400000000140400000000150400000000160400000000170200002A020000300146310114F77E
2026-03-29 17:03:25 - msg_id_0200 ==> 7E02000042660000000002AB1C00000000000C000300C64731049FAC58038A00000000260329170324010400000000140400000000150400000000160400000000170200002A020000300146310113897E
2026-03-29 17:03:56 - msg_id_0200 ==> 7E02000042660000000002AB2700000000000C000300C64732049FAC58038A00000000260329170355010400000000140400000000150400000000160400000000170200002A020000300146310114C77E
2026-03-29 17:04:27 - msg_id_0200 ==> 7E02000042660000000002AB3200000000000C000300C64731049FAC58038A00000000260329170426010400000000140400000000150400000000160400000000170200002A020000300146310113A27E
2026-03-29 17:04:58 - msg_id_0200 ==> 7E02000042660000000002AB3D00000000000C000300C64731049FAC50038A00000000260329170457010400000000140400000000150400000000160400000000170200002A020000300146310113D47E
2026-03-29 17:05:29 - msg_id_0200 ==> 7E02000042660000000002AB4800000000000C000300C64730049FAC50038A00000000260329170528010400000000140400000000150400000000160400000000170200002A020000300146310112DF7E
2026-03-29 17:06:00 - msg_id_0200 ==> 7E02000042660000000002AB5300000000000C000300C6472F049FAC50038A00000000260329170559010400000000140400000000150400000000160400000000170200002A020000300146310113AB7E
2026-03-29 17:06:31 - msg_id_0200 ==> 7E02000042660000000002AB5E00000000000C000300C6472E049FAC50038B00000000260329170630010400000000140400000000150400000000160400000000170200002A020000300146310112CD7E
2026-03-29 17:07:02 - msg_id_0200 ==> 7E02000042660000000002AB6900000000000C000300C6472E049FAC50038B00000000260329170701010400000000140400000000150400000000160400000000170200002A020000300146310112CA7E
2026-03-29 17:07:33 - msg_id_0200 ==> 7E02000042660000000002AB7400000000000C000300C6472C049FAC50038B00000000260329170732010400000000140400000000150400000000160400000000170200002A020000300146310111E57E
2026-03-29 17:08:03 - msg_id_0200 ==> 7E02000042660000000002AB7F00000100000C000300C64729049FAC50038B00000000260329170802010400000000140400000000150400000000160400000000170200002A020000300146310110D47E
2026-03-29 17:08:09 - msg_id_0200 ==> 7E02000042660000000002AB8200000000000C000300C64729049FAC50038B00000000260329170808010400000000140400000000150400000000160400000000170200002A020000300146310110227E
2026-03-29 17:08:40 - msg_id_0200 ==> 7E02000042660000000002AB8D00000000000C000300C64728049FAC50038B00000000260329170839010400000000140400000000150400000000160400000000170200002A02000030014631010F027E
2026-03-29 17:09:11 - msg_id_0200 ==> 7E02000042660000000002AB9800000000000C000300C64726049FAC58038B00000000260329170910010400000000140400000000150400000000160400000000170200002A020000300146310111277E
2026-03-29 17:09:42 - msg_id_0200 ==> 7E02000042660000000002ABA300000000000C000300C64723049FAC58038B00000000260329170941010400000000140400000000150400000000160400000000170200002A020000300146310111487E
2026-03-29 17:10:13 - msg_id_0200 ==> 7E02000042660000000002ABAE00000000000C000300C64721049FAC58038B00000000260329171012010400000000140400000000150400000000160400000000170200002A0200003001463101100C7E
2026-03-29 17:10:44 - msg_id_0200 ==> 7E02000042660000000002ABB900000000000C000300C64722049FAC58038B00000000260329171043010400000000140400000000150400000000160400000000170200002A020000300146310111487E
2026-03-29 17:11:15 - msg_id_0200 ==> 7E02000042660000000002ABC400000000000C000300C64722049FAC58038B00000000260329171114010400000000140400000000150400000000160400000000170200002A020000300146310112607E
2026-03-29 17:11:46 - msg_id_0200 ==> 7E02000042660000000002ABCF00000000000C000300C64724049FAC58038B00000000260329171145010400000000140400000000150400000000160400000000170200002A0200003001463101123C7E
2026-03-29 17:12:17 - msg_id_0200 ==> 7E02000042660000000002ABDA00000000000C000300C64724049FAC58038B00000000260329171216010400000000140400000000150400000000160400000000170200002A020000300146310113787E
2026-03-29 17:12:48 - msg_id_0200 ==> 7E02000042660000000002ABE500000000000C000300C64722049FAC58038B00000000260329171247010400000000140400000000150400000000160400000000170200002A020000300146310112117E
2026-03-29 17:13:19 - msg_id_0200 ==> 7E02000042660000000002ABF000000000000C000300C64722049FAC58038C00000000260329171318010400000000140400000000150400000000160400000000170200002A0200003001463101125D7E
2026-03-29 17:13:50 - msg_id_0200 ==> 7E02000042660000000002ABFB00000000000C000300C64725049FAC58038C00000000260329171349010400000000140400000000150400000000160400000000170200002A020000300146310111037E
2026-03-29 17:14:21 - msg_id_0200 ==> 7E02000042660000000002AC0600000000000C000300C64725049FAC58038C00000000260329171420010400000000140400000000150400000000160400000000170200002A020000300146310113957E
2026-03-29 17:14:52 - msg_id_0200 ==> 7E02000042660000000002AC1100000000000C000300C64724049FAC58038C00000000260329171451010400000000140400000000150400000000160400000000170200002A020000300146310113F27E
2026-03-29 17:15:23 - msg_id_0200 ==> 7E02000042660000000002AC1C00000000000C000300C64722049FAC58038C00000000260329171522010400000000140400000000150400000000160400000000170200002A0200003001463101148C7E
2026-03-29 17:15:54 - msg_id_0200 ==> 7E02000042660000000002AC2700000000000C000300C64721049FAC60038C00000000260329171553010400000000140400000000150400000000160400000000170200002A020000300146310114FD7E
2026-03-29 17:16:25 - msg_id_0200 ==> 7E02000042660000000002AC3200000000000C000300C64723049FAC60038C00000000260329171624010400000000140400000000150400000000160400000000170200002A020000300146310112987E
2026-03-29 17:16:56 - msg_id_0200 ==> 7E02000042660000000002AC3D00000000000C000300C64722049FAC60038C00000000260329171655010400000000140400000000150400000000160400000000170200002A020000300146310113E67E
2026-03-29 17:17:27 - msg_id_0200 ==> 7E02000042660000000002AC4800000000000C000300C64723049FAC60038C00000000260329171726010400000000140400000000150400000000160400000000170200002A020000300146310113E07E
2026-03-29 17:17:58 - msg_id_0200 ==> 7E02000042660000000002AC5300000000000C000300C64722049FAC60038C00000000260329171757010400000000140400000000150400000000160400000000170200002A0200003001463101148C7E
2026-03-29 17:18:29 - msg_id_0200 ==> 7E02000042660000000002AC5E00000000000C000300C64721049FAC60038C00000000260329171828010400000000140400000000150400000000160400000000170200002A020000300146310114F27E
2026-03-29 17:19:00 - msg_id_0200 ==> 7E02000042660000000002AC6900000000000C000300C64722049FAC60038C00000000260329171859010400000000140400000000150400000000160400000000170200002A020000300146310114B77E
2026-03-29 17:19:31 - msg_id_0200 ==> 7E02000042660000000002AC7400000000000C000300C64722049FAC60038D00000000260329171930010400000000140400000000150400000000160400000000170200002A020000300146310114C37E
2026-03-29 17:20:01 - msg_id_0200 ==> 7E02000042660000000002AC7F00000100000C000300C64723049FAC60038D00000000260329172000010400000000140400000000150400000000160400000000170200002A020000300146310115C07E
2026-03-29 17:20:06 - msg_id_0200 ==> 7E02000042660000000002AC8200000000000C000300C64723049FAC60038D00000000260329172005010400000000140400000000150400000000160400000000170200002A020000300146310114387E
2026-03-29 17:20:37 - msg_id_0200 ==> 7E02000042660000000002AC8D00000000000C000300C64724049FAC58038D00000000260329172036010400000000140400000000150400000000160400000000170200002A0200003001463101133C7E
2026-03-29 17:21:08 - msg_id_0200 ==> 7E02000042660000000002AC9800000000000C000300C64722049FAC58038D00000000260329172107010400000000140400000000150400000000160400000000170200002A0200003001463101121E7E
2026-03-29 17:21:39 - msg_id_0200 ==> 7E02000042660000000002ACA300000000000C000300C64720049FAC58038D00000000260329172138010400000000140400000000150400000000160400000000170200002A020000300146310112187E
2026-03-29 17:22:10 - msg_id_0200 ==> 7E02000042660000000002ACAE00000000000C000300C6471C049FAC58038D00000000260329172209010400000000140400000000150400000000160400000000170200002A0200003001463101131A7E
2026-03-29 17:22:41 - msg_id_0200 ==> 7E02000042660000000002ACB900000000000C000300C6470E049FAC58038D00000000260329172240010400000000140400000000150400000000160400000000170200002A020000300146310114517E
2026-03-29 17:23:12 - msg_id_0200 ==> 7E02000042660000000002ACC400000000000C000300C6470F049FAC58038D00000000260329172311010400000000140400000000150400000000160400000000170200002A0200003001463101147D017E
2026-03-29 17:23:43 - msg_id_0200 ==> 7E02000042660000000002ACCF00000000000C000300C6470F049FAC58038D00000000260329172342010400000000140400000000150400000000160400000000170200002A020000300146310112237E
2026-03-29 17:24:14 - msg_id_0200 ==> 7E02000042660000000002ACDA00000000000C000300C64710049FAC58038D00000000260329172413010400000000140400000000150400000000160400000000170200002A020000300146310115787E
2026-03-29 17:24:45 - msg_id_0200 ==> 7E02000042660000000002ACE500000000000C000300C6470E049FAC58038D00000000260329172444010400000000140400000000150400000000160400000000170200002A020000300146310113087E
2026-03-29 17:25:16 - msg_id_0200 ==> 7E02000042660000000002ACF000000000000C000300C6470F049FAC58038D00000000260329172515010400000000140400000000150400000000160400000000170200002A0200003001463101144B7E
2026-03-29 17:25:47 - msg_id_0200 ==> 7E02000042660000000002ACFB00000000000C000300C6470F049FAC58038D00000000260329172546010400000000140400000000150400000000160400000000170200002A020000300146310112157E
2026-03-29 17:26:18 - msg_id_0200 ==> 7E02000042660000000002AD0600000000000C000300C6470E049FAC58038D00000000260329172617010400000000140400000000150400000000160400000000170200002A020000300146310113BB7E
2026-03-29 17:26:49 - msg_id_0200 ==> 7E02000042660000000002AD1100000000000C000300C6470E049FAC58038D00000000260329172648010400000000140400000000150400000000160400000000170200002A020000300146310115F57E
2026-03-29 17:27:20 - msg_id_0200 ==> 7E02000042660000000002AD1C00000000000C000300C6470E049FAC58038D00000000260329172719010400000000140400000000150400000000160400000000170200002A020000300146310115A87E
2026-03-29 17:27:51 - msg_id_0200 ==> 7E02000042660000000002AD2700000000000C000300C6470E049FAC58038D00000000260329172750010400000000140400000000150400000000160400000000170200002A020000300146310115DA7E
2026-03-29 17:28:22 - msg_id_0200 ==> 7E02000042660000000002AD3200000000000C000300C6470D049FAC58038D00050000260329172821010400000000140400000000150400000000160400000000170200002A020000300146310115B77E
2026-03-29 17:28:53 - msg_id_0200 ==> 7E02000042660000000002AD3D00000000000C000300C6470B049FAC48038E00000000260329172852010400000000140400000000150400000000160400000000170200002A020000300146310115DB7E
2026-03-29 17:29:24 - msg_id_0200 ==> 7E02000042660000000002AD4800000000000C000300C64714049FAC48038E00000000260329172923010400000000140400000000150400000000160400000000170200002A020000300146310115C17E
2026-03-29 17:29:55 - msg_id_0200 ==> 7E02000042660000000002AD5300000000000C000300C64716049FAC38038E00000000260329172954010400000000140400000000150400000000160400000000170200002A020000300146310115DF7E
2026-03-29 17:30:26 - msg_id_0200 ==> 7E02000042660000000002AD5E00000000000C000300C64718049FAC38038E00000000260329173025010400000000140400000000150400000000160400000000170200002A020000300146310115B47E
2026-03-29 17:30:57 - msg_id_0200 ==> 7E02000042660000000002AD6900000000000C000300C64719049FAC38038E00000000260329173056010400000000140400000000150400000000160400000000170200002A020000300146310115F17E
2026-03-29 17:31:28 - msg_id_0200 ==> 7E02000042660000000002AD7400000000000C000300C6471C049FAC38038E00000000260329173127010400000000140400000000150400000000160400000000170200002A0200003001463101169A7E
2026-03-29 17:31:59 - msg_id_0200 ==> 7E02000042660000000002AD7F00000100000C000300C64719049FAC40038F00000000260329173158010400000000140400000000150400000000160400000000170200002A020000300146310113967E
2026-03-29 17:32:04 - msg_id_0200 ==> 7E02000042660000000002AD8200000000000C000300C6471C049FAC38038F00000000260329173203010400000000140400000000150400000000160400000000170200002A020000300146310114487E
2026-03-29 17:32:35 - msg_id_0200 ==> 7E02000042660000000002AD8D00000000000C000300C6471E049FAC30038F00000000260329173234010400000000140400000000150400000000160400000000170200002A0200003001463101147A7E
2026-03-29 17:33:06 - msg_id_0200 ==> 7E02000042660000000002AD9800000000000C000300C6471F049FAC28038F00000000260329173305010400000000140400000000150400000000160400000000170200002A020000300146310114467E
2026-03-29 17:33:37 - msg_id_0200 ==> 7E02000042660000000002ADA300000000000C000300C6471E049FAC28038F00000000260329173336010400000000140400000000150400000000160400000000170200002A0200003001463101154E7E
2026-03-29 17:34:08 - msg_id_0200 ==> 7E02000042660000000002ADAE00000000000C000300C6471E049FAC20038E00000000260329173407010400000000140400000000150400000000160400000000170200002A0200003001463101147D017E
2026-03-29 17:34:39 - msg_id_0200 ==> 7E02000042660000000002ADB900000000000C000300C6471E049FAC20038E00000000260329173438010400000000140400000000150400000000160400000000170200002A020000300146310114557E
2026-03-29 17:35:10 - msg_id_0200 ==> 7E02000042660000000002ADC400000000000C000300C6471F049FAC20038F00000000260329173509010400000000140400000000150400000000160400000000170200002A020000300146310114187E
2026-03-29 17:35:41 - msg_id_0200 ==> 7E02000042660000000002ADCF00000000000C000300C6471E049FAC20038F00000000260329173540010400000000140400000000150400000000160400000000170200002A0200003001463101155A7E
2026-03-29 17:36:12 - msg_id_0200 ==> 7E02000042660000000002ADDA00000000000C000300C64720049FAC28038F00000000260329173611010400000000140400000000150400000000160400000000170200002A0200003001463101132D7E
2026-03-29 17:36:43 - msg_id_0200 ==> 7E02000042660000000002ADE500000000000C000300C64725049FAC30038F00000000260329173642010400000000140400000000150400000000160400000000170200002A0200003001463101135C7E
2026-03-29 17:37:14 - msg_id_0200 ==> 7E02000042660000000002ADF000000000000C000300C64727049FAC30038F00000000260329173713010400000000140400000000150400000000160400000000170200002A0200003001463101141C7E
2026-03-29 17:37:45 - msg_id_0200 ==> 7E02000042660000000002ADFB00000000000C000300C6472C049FAC40038F00000000260329173744010400000000140400000000150400000000160400000000170200002A0200003001463101153A7E
2026-03-29 17:38:16 - msg_id_0200 ==> 7E02000042660000000002AE0600000000000C000300C6472D049FAC40038F00000000260329173815010400000000140400000000150400000000160400000000170200002A0200003001463101149A7E
2026-03-29 17:38:47 - msg_id_0200 ==> 7E02000042660000000002AE1100000000000C000300C6472D049FAC40038F00000000260329173846010400000000140400000000150400000000160400000000170200002A020000300146310113D97E
2026-03-29 17:39:18 - msg_id_0200 ==> 7E02000042660000000002AE1C00000000000C000300C6472B049FAC40038F00000000260329173917010400000000140400000000150400000000160400000000170200002A020000300146310113827E
2026-03-29 17:39:49 - msg_id_0200 ==> 7E02000042660000000002AE2700000000000C000300C6472A049FAC48038F00000000260329173948010400000000140400000000150400000000160400000000170200002A020000300146310113EF7E
2026-03-29 17:40:20 - msg_id_0200 ==> 7E02000042660000000002AE3200000000000C000300C6472B049FAC48038E00000000260329174019010400000000140400000000150400000000160400000000170200002A020000300146310111D07E
2026-03-29 17:40:51 - msg_id_0200 ==> 7E02000042660000000002AE3D00000000000C000300C6472B049FAC50038E00000000260329174050010400000000140400000000150400000000160400000000170200002A0200003001463101138C7E
2026-03-29 17:41:22 - msg_id_0200 ==> 7E02000042660000000002AE4800000000000C000300C6472A049FAC50038E00000000260329174121010400000000140400000000150400000000160400000000170200002A02000030014631010F947E
2026-03-29 17:41:53 - msg_id_0200 ==> 7E02000042660000000002AE5300000000000C000300C64729049FAC50038E00000000260329174152010400000000140400000000150400000000160400000000170200002A020000300146310112E27E
2026-03-29 17:42:24 - msg_id_0200 ==> 7E02000042660000000002AE5E00000000000C000300C6472A049FAC58038E00000000260329174223010400000000140400000000150400000000160400000000170200002A020000300146310111957E
2026-03-29 17:42:55 - msg_id_0200 ==> 7E02000042660000000002AE6900000000000C000300C6472A049FAC58038E00000000260329174254010400000000140400000000150400000000160400000000170200002A020000300146310114D07E
2026-03-29 17:43:26 - msg_id_0200 ==> 7E02000042660000000002AE7400000000000C000300C64729049FAC58038F00000000260329174325010400000000140400000000150400000000160400000000170200002A020000300146310111BA7E
2026-03-29 17:43:56 - msg_id_0200 ==> 7E02000042660000000002AE7F00000100000C000300C64729049FAC58038E00000000260329174355010400000000140400000000150400000000160400000000170200002A020000300146310112C27E
2026-03-29 17:44:01 - msg_id_0200 ==> 7E02000042660000000002AE8200000000000C000300C64728049FAC58038E00000000260329174400010400000000140400000000150400000000160400000000170200002A0200003001463101136C7E
2026-03-29 17:44:32 - msg_id_0200 ==> 7E02000042660000000002AE8D00000000000C000300C64727049FAC58038E00000000260329174431010400000000140400000000150400000000160400000000170200002A0200003001463101105E7E
2026-03-29 17:45:03 - msg_id_0200 ==> 7E02000042660000000002AE9800000000000C000300C64728049FAC58038F00000000260329174502010400000000140400000000150400000000160400000000170200002A020000300146310112757E
2026-03-29 17:45:34 - msg_id_0200 ==> 7E02000042660000000002AEA300000000000C000300C64728049FAC60038F00000000260329174533010400000000140400000000150400000000160400000000170200002A020000300146310112477E
2026-03-29 17:46:05 - msg_id_0200 ==> 7E02000042660000000002AEAE00000000000C000300C64728049FAC60038F00000000260329174604010400000000140400000000150400000000160400000000170200002A0200003001463101127D027E
2026-03-29 17:46:36 - msg_id_0200 ==> 7E02000042660000000002AEB900000000000C000300C64728049FAC60038F00000000260329174635010400000000140400000000150400000000160400000000170200002A0200003001463101115B7E
2026-03-29 17:47:07 - msg_id_0200 ==> 7E02000042660000000002AEC400000000000C000300C64729049FAC68038E00000000260329174706010400000000140400000000150400000000160400000000170200002A0200003001463101101D7E
2026-03-29 17:47:38 - msg_id_0200 ==> 7E02000042660000000002AECF00000000000C000300C64729049FAC68038E00000000260329174737010400000000140400000000150400000000160400000000170200002A020000300146310110277E
2026-03-29 17:48:09 - msg_id_0200 ==> 7E02000042660000000002AEDA00000000000C000300C6472B049FAC70038E00000000260329174808010400000000140400000000150400000000160400000000170200002A0200003001463101121A7E
2026-03-29 17:48:40 - msg_id_0200 ==> 7E02000042660000000002AEE500000000000C000300C6472B049FAC70038E00000000260329174839010400000000140400000000150400000000160400000000170200002A020000300146310112147E
2026-03-29 17:49:11 - msg_id_0200 ==> 7E02000042660000000002AEF000000000000C000300C6472C049FAC70038E00000000260329174910010400000000140400000000150400000000160400000000170200002A0200003001463101132F7E
2026-03-29 17:49:42 - msg_id_0200 ==> 7E02000042660000000002AEFB00000000000C000300C6472E049FAC78038E00000000260329174941010400000000140400000000150400000000160400000000170200002A020000300146310114787E
2026-03-29 17:50:13 - msg_id_0200 ==> 7E02000042660000000002AF0600000000000C000300C64730049FAC78038E00000000260329175012010400000000140400000000150400000000160400000000170200002A020000300146310110D47E
2026-03-29 17:50:44 - msg_id_0200 ==> 7E02000042660000000002AF1100000000000C000300C64730049FAC78038E00000000260329175043010400000000140400000000150400000000160400000000170200002A020000300146310111937E
2026-03-29 17:51:15 - msg_id_0200 ==> 7E02000042660000000002AF1C00000000000C000300C64732049FAC78038E00000000260329175114010400000000140400000000150400000000160400000000170200002A020000300146310110CB7E
2026-03-29 17:51:46 - msg_id_0200 ==> 7E02000042660000000002AF2700000000000C000300C64730049FAC80038E00000000260329175145010400000000140400000000150400000000160400000000170200002A0200003001463101105B7E
2026-03-29 17:52:17 - msg_id_0200 ==> 7E02000042660000000002AF3200000000000C000300C64733049FAC80038E00000000260329175216010400000000140400000000150400000000160400000000170200002A02000030014631010F027E
2026-03-29 17:52:48 - msg_id_0200 ==> 7E02000042660000000002AF3D00000000000C000300C64737049FAC88038E00000000260329175247010400000000140400000000150400000000160400000000170200002A0200003001463101134C7E
2026-03-29 17:53:19 - msg_id_0200 ==> 7E02000042660000000002AF4800000000000C000300C64735049FAC90038E00000000260329175318010400000000140400000000150400000000160400000000170200002A0200003001463101137D017E
2026-03-29 17:53:50 - msg_id_0200 ==> 7E02000042660000000002AF5300000000000C000300C64736049FAC98038E00000000260329175349010400000000140400000000150400000000160400000000170200002A0200003001463101143B7E
2026-03-29 17:54:21 - msg_id_0200 ==> 7E02000042660000000002AF5E00000000000C000300C64735049FAC98038E00000000260329175420010400000000140400000000150400000000160400000000170200002A0200003001463101145B7E
2026-03-29 17:54:52 - msg_id_0200 ==> 7E02000042660000000002AF6900000000000C000300C64737049FACA0038E00000000260329175451010400000000140400000000150400000000160400000000170200002A020000300146310111227E
2026-03-29 17:55:23 - msg_id_0200 ==> 7E02000042660000000002AF7400000000000C000300C64735049FACA0038E00000000260329175522010400000000140400000000150400000000160400000000170200002A0200003001463101124C7E
2026-03-29 17:55:54 - msg_id_0200 ==> 7E02000042660000000002AF7F00000100000C000300C64734049FACA0038E00000000260329175553010400000000140400000000150400000000160400000000170200002A020000300146310111357E
2026-03-29 17:55:59 - msg_id_0200 ==> 7E02000042660000000002AF8200000000000C000300C64734049FACA0038E00000000260329175558010400000000140400000000150400000000160400000000170200002A020000300146310111C27E
2026-03-29 17:56:30 - msg_id_0200 ==> 7E02000042660000000002AF8D00000000000C000300C64737049FACA0038E00000000260329175629010400000000140400000000150400000000160400000000170200002A020000300146310111BC7E
2026-03-29 17:57:01 - msg_id_0200 ==> 7E02000042660000000002AF9800000000000C000300C64736049FACA0038E00000000260329175700010400000000140400000000150400000000160400000000170200002A020000300146310112837E
2026-03-29 17:57:32 - msg_id_0200 ==> 7E02000042660000000002AFA300000000000C000300C64734049FACA0038D00000000260329175731010400000000140400000000150400000000160400000000170200002A020000300146310112887E
2026-03-29 17:58:03 - msg_id_0200 ==> 7E02000042660000000002AFAE00000000000C000300C64734049FACA0038D00000000260329175802010400000000140400000000150400000000160400000000170200002A020000300146310112B97E
2026-03-29 17:58:34 - msg_id_0200 ==> 7E02000042660000000002AFB900000000000C000300C64732049FACA0038E00000000260329175833010400000000140400000000150400000000160400000000170200002A020000300146310110987E
2026-03-29 17:59:05 - msg_id_0200 ==> 7E02000042660000000002AFC400000000000C000300C64730049FACA0038E00000000260329175904010400000000140400000000150400000000160400000000170200002A020000300146310111D07E
2026-03-29 17:59:36 - msg_id_0200 ==> 7E02000042660000000002AFCF00000000000C000300C6472E049FACA0038E00000000260329175935010400000000140400000000150400000000160400000000170200002A020000300146310112F77E
2026-03-29 18:00:07 - msg_id_0200 ==> 7E02000042660000000002AFDA00000000000C000300C6472E049FACA8038E00000000260329180006010400000000140400000000150400000000160400000000170200002A0200003001463101128F7E
2026-03-29 18:00:38 - msg_id_0200 ==> 7E02000042660000000002AFE500000000000C000300C6472E049FACA8038E00000000260329180037010400000000140400000000150400000000160400000000170200002A020000300146310113807E
2026-03-29 18:01:09 - msg_id_0200 ==> 7E02000042660000000002AFF000000000000C000300C6472E049FACA8038E00000000260329180108010400000000140400000000150400000000160400000000170200002A020000300146310112AA7E
2026-03-29 18:01:40 - msg_id_0200 ==> 7E02000042660000000002AFFB00000000000C000300C6472D049FACA8038E00000000260329180139010400000000140400000000150400000000160400000000170200002A020000300146310112937E
2026-03-29 18:02:11 - msg_id_0200 ==> 7E02000042660000000002B00600000000000C000300C6472E049FACA8038E00000000260329180210010400000000140400000000150400000000160400000000170200002A020000300146310112587E
2026-03-29 18:02:42 - msg_id_0200 ==> 7E02000042660000000002B01100000000000C000300C64731049FACA8038E00000000260329180241010400000000140400000000150400000000160400000000170200002A020000300146310111027E
2026-03-29 18:03:13 - msg_id_0200 ==> 7E02000042660000000002B01C00000000000C000300C64731049FACA8038E00000000260329180312010400000000140400000000150400000000160400000000170200002A0200003001463101105C7E
2026-03-29 18:03:44 - msg_id_0200 ==> 7E02000042660000000002B02700000000000C000300C64730049FACA8038E00000000260329180343010400000000140400000000150400000000160400000000170200002A020000300146310112357E
2026-03-29 18:04:15 - msg_id_0200 ==> 7E02000042660000000002B03200000000000C000300C6472E049FACA8038E00000000260329180414010400000000140400000000150400000000160400000000170200002A0200003001463101126E7E
2026-03-29 18:04:46 - msg_id_0200 ==> 7E02000042660000000002B03D00000000000C000300C6472D049FACA8038E00000000260329180445010400000000140400000000150400000000160400000000170200002A020000300146310112337E
2026-03-29 18:05:17 - msg_id_0200 ==> 7E02000042660000000002B04800000000000C000300C6472C049FACA8038E00000000260329180516010400000000140400000000150400000000160400000000170200002A020000300146310110177E
2026-03-29 18:05:48 - msg_id_0200 ==> 7E02000042660000000002B05300000000000C000300C6472D049FACA8038E00000000260329180547010400000000140400000000150400000000160400000000170200002A0200003001463101125E7E
2026-03-29 18:06:19 - msg_id_0200 ==> 7E02000042660000000002B05E00000000000C000300C6472E049FACB0038E00000000260329180618010400000000140400000000150400000000160400000000170200002A020000300146310112147E
2026-03-29 18:06:50 - msg_id_0200 ==> 7E02000042660000000002B06900000000000C000300C6472D049FACB0038E00000000260329180649010400000000140400000000150400000000160400000000170200002A020000300146310112717E
2026-03-29 18:07:21 - msg_id_0200 ==> 7E02000042660000000002B07400000000000C000300C6472C049FACB0038E00000000260329180720010400000000140400000000150400000000160400000000170200002A020000300146310112057E
2026-03-29 18:07:51 - msg_id_0200 ==> 7E02000042660000000002B07F00000100000C000300C6472B049FACB0038E00000000260329180750010400000000140400000000150400000000160400000000170200002A0200003001463101117B7E
2026-03-29 18:07:57 - msg_id_0200 ==> 7E02000042660000000002B08200000000000C000300C6472B049FACB8038E00000000260329180756010400000000140400000000150400000000160400000000170200002A020000300146310111897E
2026-03-29 18:08:28 - msg_id_0200 ==> 7E02000042660000000002B08D00000000000C000300C64728049FACB0038E00000000260329180827010400000000140400000000150400000000160400000000170200002A020000300146310110F27E
2026-03-29 18:08:59 - msg_id_0200 ==> 7E02000042660000000002B09800000000000C000300C64729049FACB8038E00000000260329180858010400000000140400000000150400000000160400000000170200002A020000300146310110917E
2026-03-29 18:09:30 - msg_id_0200 ==> 7E02000042660000000002B0A300000000000C000300C6472A049FACB8038E00000000260329180929010400000000140400000000150400000000160400000000170200002A020000300146310110D97E
2026-03-29 18:10:01 - msg_id_0200 ==> 7E02000042660000000002B0AE00000000000C000300C6472C049FACB8038E00000000260329181000010400000000140400000000150400000000160400000000170200002A020000300146310110E27E
2026-03-29 18:10:32 - msg_id_0200 ==> 7E02000042660000000002B0B900000000000C000300C6472D049FACC0038E00000000260329181031010400000000140400000000150400000000160400000000170200002A02000030014631010FA27E
2026-03-29 18:11:03 - msg_id_0200 ==> 7E02000042660000000002B0C400000000000C000300C6472D049FACC0038E00000000260329181102010400000000140400000000150400000000160400000000170200002A02000030014631010FED7E
2026-03-29 18:11:34 - msg_id_0200 ==> 7E02000042660000000002B0CF00000000000C000300C6472E049FACB8038E00000000260329181133010400000000140400000000150400000000160400000000170200002A02000030014631010FAC7E
2026-03-29 18:12:05 - msg_id_0200 ==> 7E02000042660000000002B0DA00000000000C000300C64731049FACC0038E00000000260329181204010400000000140400000000150400000000160400000000170200002A02000030014631010FEA7E
2026-03-29 18:12:36 - msg_id_0200 ==> 7E02000042660000000002B0E500000000000C000300C64732049FACC0038E00000000260329181235010400000000140400000000150400000000160400000000170200002A020000300146310110F87E
2026-03-29 18:13:07 - msg_id_0200 ==> 7E02000042660000000002B0F000000000000C000300C64733049FACB8038E00000000260329181306010400000000140400000000150400000000160400000000170200002A020000300146310110A67E
2026-03-29 18:13:38 - msg_id_0200 ==> 7E02000042660000000002B0FB00000000000C000300C64735049FACB8038D00000000260329181337010400000000140400000000150400000000160400000000170200002A020000300146310110997E
2026-03-29 18:14:09 - msg_id_0200 ==> 7E02000042660000000002B10600000000000C000300C64737049FACB8038D00000000260329181408010400000000140400000000150400000000160400000000170200002A0200003001463101105F7E
2026-03-29 18:14:40 - msg_id_0200 ==> 7E02000042660000000002B11100000000000C000300C64738049FACB8038D00000000260329181439010400000000140400000000150400000000160400000000170200002A020000300146310113757E
2026-03-29 18:15:11 - msg_id_0200 ==> 7E02000042660000000002B11C00000000000C000300C64736049FACB8038D00000000260329181510010400000000140400000000150400000000160400000000170200002A0200003001463101125F7E
2026-03-29 18:15:42 - msg_id_0200 ==> 7E02000042660000000002B12700000000000C000300C64736049FACB8038D00000000260329181541010400000000140400000000150400000000160400000000170200002A020000300146310112357E
2026-03-29 18:16:13 - msg_id_0200 ==> 7E02000042660000000002B13200000000000C000300C64735049FACB8038D00000000260329181612010400000000140400000000150400000000160400000000170200002A020000300146310113727E
2026-03-29 18:16:44 - msg_id_0200 ==> 7E02000042660000000002B13D00000000000C000300C64738049FACB0038D00000000260329181643010400000000140400000000150400000000160400000000170200002A0200003001463101112B7E
2026-03-29 18:17:15 - msg_id_0200 ==> 7E02000042660000000002B14800000000000C000300C6473B049FACB8038D00000000260329181714010400000000140400000000150400000000160400000000170200002A020000300146310111037E
2026-03-29 18:17:46 - msg_id_0200 ==> 7E02000042660000000002B15300000000000C000300C6473B049FACB8038D00000000260329181745010400000000140400000000150400000000160400000000170200002A0200003001463101144C7E
2026-03-29 18:18:17 - msg_id_0200 ==> 7E02000042660000000002B15E00000000000C000300C64732049FACC0038E00050000260329181816010400000000140400000000150400000000160400000000170200002A0200003001463101126C7E
2026-03-29 18:18:48 - msg_id_0200 ==> 7E02000042660000000002B16900000000000C000300C64731049FACD0038E00000000260329181847010400000000140400000000150400000000160400000000170200002A0200003001463101101E7E
2026-03-29 18:19:19 - msg_id_0200 ==> 7E02000042660000000002B17400000000000C000300C64735049FACD8038D00000000260329181918010400000000140400000000150400000000160400000000170200002A020000300146310112507E
2026-03-29 18:19:49 - msg_id_0200 ==> 7E02000042660000000002B17F00000100000C000300C64736049FACD8038D00000000260329181948010400000000140400000000150400000000160400000000170200002A0200003001463101110A7E
2026-03-29 18:19:54 - msg_id_0200 ==> 7E02000042660000000002B18200000000000C000300C64736049FACD8038D00000000260329181953010400000000140400000000150400000000160400000000170200002A020000300146310112EE7E
2026-03-29 18:20:25 - msg_id_0200 ==> 7E02000042660000000002B18D00000000000C000300C64735049FACE0038E00000000260329182024010400000000140400000000150400000000160400000000170200002A020000300146310112977E
2026-03-29 18:20:56 - msg_id_0200 ==> 7E02000042660000000002B19800000000000C000300C64738049FACE0038E00000000260329182055010400000000140400000000150400000000160400000000170200002A020000300146310112FE7E
2026-03-29 18:21:27 - msg_id_0200 ==> 7E02000042660000000002B1A300000000000C000300C64739049FACD8038E00000000260329182126010400000000140400000000150400000000160400000000170200002A0200003001463101128E7E
2026-03-29 18:21:58 - msg_id_0200 ==> 7E02000042660000000002B1AE00000000000C000300C64739049FACD8038F00000000260329182157010400000000140400000000150400000000160400000000170200002A020000300146310111F07E
2026-03-29 18:22:28 - msg_id_0200 ==> 7E02000042660000000002B1B900000000000C000300C64742049FACD0038F00020000260329182228010400000000140400000000150400000000160400000000170200002A020000300146310112E97E
2026-03-29 18:23:00 - msg_id_0200 ==> 7E02000042660000000002B1C400000000000C000300C6474E049FACD0038F00000000260329182259010400000000140400000000150400000000160400000000170200002A020000300146310111E87E
2026-03-29 18:23:31 - msg_id_0200 ==> 7E02000042660000000002B1CF00000000000C000300C6474D049FACD8038F00000000260329182330010400000000140400000000150400000000160400000000170200002A020000300146310112837E
2026-03-29 18:24:02 - msg_id_0200 ==> 7E02000042660000000002B1DA00000000000C000300C6474C049FACD8039000000000260329182401010400000000140400000000150400000000160400000000170200002A020000300146310111BD7E
2026-03-29 18:24:33 - msg_id_0200 ==> 7E02000042660000000002B1E500000000000C000300C64749049FACD0039000000000260329182432010400000000140400000000150400000000160400000000170200002A020000300146310113BE7E
2026-03-29 18:25:04 - msg_id_0200 ==> 7E02000042660000000002B1F000000000000C000300C64749049FACD0038F00000000260329182503010400000000140400000000150400000000160400000000170200002A020000300146310112857E
2026-03-29 18:25:35 - msg_id_0200 ==> 7E02000042660000000002B1FB00000000000C000300C6474D049FACD0038F00000000260329182534010400000000140400000000150400000000160400000000170200002A020000300146310113BC7E
2026-03-29 18:26:06 - msg_id_0200 ==> 7E02000042660000000002B20600000000000C000300C64747049FACD0038F00000000260329182605010400000000140400000000150400000000160400000000170200002A0200003001463101137A7E
2026-03-29 18:26:37 - msg_id_0200 ==> 7E02000042660000000002B21100000000000C000300C64745049FACD8038F00000000260329182636010400000000140400000000150400000000160400000000170200002A020000300146310112557E
2026-03-29 18:27:08 - msg_id_0200 ==> 7E02000042660000000002B21C00000000000C000300C6474B049FACD8038F00000000260329182707010400000000140400000000150400000000160400000000170200002A020000300146310113677E
2026-03-29 18:27:39 - msg_id_0200 ==> 7E02000042660000000002B22700000000000C000300C6474F049FACD0038E00000000260329182738010400000000140400000000150400000000160400000000170200002A0200003001463101136E7E
2026-03-29 18:28:10 - msg_id_0200 ==> 7E02000042660000000002B23200000000000C000300C6474F049FACD8038E00000000260329182809010400000000140400000000150400000000160400000000170200002A0200003001463101134D7E
2026-03-29 18:28:41 - msg_id_0200 ==> 7E02000042660000000002B23D00000000000C000300C64750049FACD0038E00000000260329182840010400000000140400000000150400000000160400000000170200002A0200003001463101111E7E
2026-03-29 18:29:12 - msg_id_0200 ==> 7E02000042660000000002B24800000000000C000300C64752049FACD0038E00000000260329182911010400000000140400000000150400000000160400000000170200002A0200003001463101123A7E
2026-03-29 18:29:43 - msg_id_0200 ==> 7E02000042660000000002B25300000000000C000300C64751049FACD0038E00000000260329182942010400000000140400000000150400000000160400000000170200002A020000300146310112717E
2026-03-29 18:30:14 - msg_id_0200 ==> 7E02000042660000000002B25E00000000000C000300C6474F049FACD0038D00000000260329183013010400000000140400000000150400000000160400000000170200002A0200003001463101112A7E
2026-03-29 18:30:45 - msg_id_0200 ==> 7E02000042660000000002B26900000000000C000300C6474D049FACD0038D00000000260329183044010400000000140400000000150400000000160400000000170200002A020000300146310110497E
2026-03-29 18:31:16 - msg_id_0200 ==> 7E02000042660000000002B27400000000000C000300C64750049FACC8038D00000000260329183115010400000000140400000000150400000000160400000000170200002A020000300146310110017E
2026-03-29 18:31:47 - msg_id_0200 ==> 7E02000042660000000002B27F00000100000C000300C64751049FACC8038D00000000260329183146010400000000140400000000150400000000160400000000170200002A02000030014631010F467E
2026-03-29 18:31:52 - msg_id_0200 ==> 7E02000042660000000002B28200000000000C000300C64750049FACC8038D00000000260329183151010400000000140400000000150400000000160400000000170200002A02000030014631010FAC7E
2026-03-29 18:32:23 - msg_id_0200 ==> 7E02000042660000000002B28D00000000000C000300C64751049FACC8038D00000000260329183222010400000000140400000000150400000000160400000000170200002A02000030014631010ED37E
2026-03-29 18:32:54 - msg_id_0200 ==> 7E02000042660000000002B29800000000000C000300C64753049FACC8038D00000000260329183253010400000000140400000000150400000000160400000000170200002A020000300146310111AA7E
2026-03-29 18:33:25 - msg_id_0200 ==> 7E02000042660000000002B2A300000000000C000300C64750049FACC8038D00000000260329183324010400000000140400000000150400000000160400000000170200002A02000030014631010FFA7E
2026-03-29 18:33:56 - msg_id_0200 ==> 7E02000042660000000002B2AE00000000000C000300C64752049FACC8038D00000000260329183355010400000000140400000000150400000000160400000000170200002A02000030014631010D867E
2026-03-29 18:34:27 - msg_id_0200 ==> 7E02000042660000000002B2B900000000000C000300C64750049FACC8038D00000000260329183426010400000000140400000000150400000000160400000000170200002A02000030014631010FE57E
2026-03-29 18:34:58 - msg_id_0200 ==> 7E02000042660000000002B2C400000000000C000300C6474F049FACC8038D00000000260329183457010400000000140400000000150400000000160400000000170200002A02000030014631010EF77E
2026-03-29 18:35:29 - msg_id_0200 ==> 7E02000042660000000002B2CF00000000000C000300C6474E049FACC8038D00000000260329183528010400000000140400000000150400000000160400000000170200002A02000030014631010E837E
2026-03-29 18:36:00 - msg_id_0200 ==> 7E02000042660000000002B2DA00000000000C000300C6474C049FACC0038D00000000260329183559010400000000140400000000150400000000160400000000170200002A02000030014631010EED7E
2026-03-29 18:36:31 - msg_id_0200 ==> 7E02000042660000000002B2E500000000000C000300C6474A049FACC0038D00000000260329183630010400000000140400000000150400000000160400000000170200002A02000030014631010DBD7E
2026-03-29 18:37:02 - msg_id_0200 ==> 7E02000042660000000002B2F000000000000C000300C64749049FACC0038D00000000260329183701010400000000140400000000150400000000160400000000170200002A02000030014631010C9A7E
2026-03-29 18:37:33 - msg_id_0200 ==> 7E02000042660000000002B2FB00000000000C000300C6474A049FACC0038D00000000260329183732010400000000140400000000150400000000160400000000170200002A02000030014631010DA07E
2026-03-29 18:38:04 - msg_id_0200 ==> 7E02000042660000000002B30600000000000C000300C6474A049FACC0038D00000000260329183803010400000000140400000000150400000000160400000000170200002A02000030014631010F607E
2026-03-29 18:38:34 - msg_id_0200 ==> 7E02000042660000000002B31100000000000C000300C64749049FACC0038D00000000260329183834010400000000140400000000150400000000160400000000170200002A02000030014631010D417E
2026-03-29 18:39:06 - msg_id_0200 ==> 7E02000042660000000002B31C00000000000C000300C6474A049FACB8038D00000000260329183905010400000000140400000000150400000000160400000000170200002A02000030014631010A007E
2026-03-29 18:39:37 - msg_id_0200 ==> 7E02000042660000000002B32700000000000C000300C64748049FACC0038D00000000260329183936010400000000140400000000150400000000160400000000170200002A02000030014631010D757E
2026-03-29 18:40:08 - msg_id_0200 ==> 7E02000042660000000002B33200000000000C000300C64747049FACC0038D00000000260329184007010400000000140400000000150400000000160400000000170200002A02000030014631010C267E
2026-03-29 18:40:39 - msg_id_0200 ==> 7E02000042660000000002B33D00000000000C000300C64746049FACB8038D00000000260329184038010400000000140400000000150400000000160400000000170200002A02000030014631010D6E7E
2026-03-29 18:41:10 - msg_id_0200 ==> 7E02000042660000000002B34800000000000C000300C64746049FACB8038D00000000260329184109010400000000140400000000150400000000160400000000170200002A02000030014631010C2A7E
2026-03-29 18:41:41 - msg_id_0200 ==> 7E02000042660000000002B35300000000000C000300C64746049FACB8038D00000000260329184140010400000000140400000000150400000000160400000000170200002A02000030014631010D797E
2026-03-29 18:42:12 - msg_id_0200 ==> 7E02000042660000000002B35E00000000000C000300C64746049FACB8038D00000000260329184211010400000000140400000000150400000000160400000000170200002A02000030014631010E257E
2026-03-29 18:42:43 - msg_id_0200 ==> 7E02000042660000000002B36900000000000C000300C64746049FACB8038E00000000260329184242010400000000140400000000150400000000160400000000170200002A02000030014631010F437E
2026-03-29 18:43:14 - msg_id_0200 ==> 7E02000042660000000002B37400000000000C000300C64746049FACB0038D00000000260329184313010400000000140400000000150400000000160400000000170200002A0200003001463101101A7E
2026-03-29 18:43:44 - msg_id_0200 ==> 7E02000042660000000002B37F00000100000C000300C64745049FACB0038E00000000260329184343010400000000140400000000150400000000160400000000170200002A02000030014631010F5F7E
2026-03-29 18:43:49 - msg_id_0200 ==> 7E02000042660000000002B38200000000000C000300C64744049FACB0038E00000000260329184348010400000000140400000000150400000000160400000000170200002A020000300146310110B67E
2026-03-29 18:44:20 - msg_id_0200 ==> 7E02000042660000000002B38D00000000000C000300C64742049FACB0038E00000000260329184419010400000000140400000000150400000000160400000000170200002A020000300146310110E97E
2026-03-29 18:44:51 - msg_id_0200 ==> 7E02000042660000000002B39800000000000C000300C64743049FACA8038E00000000260329184450010400000000140400000000150400000000160400000000170200002A020000300146310110AC7E
2026-03-29 18:45:22 - msg_id_0200 ==> 7E02000042660000000002B3A300000000000C000300C64744049FACA8038E00000000260329184521010400000000140400000000150400000000160400000000170200002A02000030014631010FFF7E
2026-03-29 18:45:53 - msg_id_0200 ==> 7E02000042660000000002B3AE00000000000C000300C64746049FACA8038E00000000260329184552010400000000140400000000150400000000160400000000170200002A0200003001463101109C7E
2026-03-29 18:46:24 - msg_id_0200 ==> 7E02000042660000000002B3B900000000000C000300C64746049FACA8038E00000000260329184623010400000000140400000000150400000000160400000000170200002A02000030014631010DE47E
2026-03-29 18:46:55 - msg_id_0200 ==> 7E02000042660000000002B3C400000000000C000300C64744049FACA0038F00000000260329184654010400000000140400000000150400000000160400000000170200002A02000030014631010FE77E
2026-03-29 18:47:26 - msg_id_0200 ==> 7E02000042660000000002B3CF00000000000C000300C64742049FACA0038F00000000260329184725010400000000140400000000150400000000160400000000170200002A02000030014631010F9A7E
2026-03-29 18:47:57 - msg_id_0200 ==> 7E02000042660000000002B3DA00000000000C000300C64742049FACA0038F00000000260329184756010400000000140400000000150400000000160400000000170200002A020000300146310110E37E
2026-03-29 18:48:28 - msg_id_0200 ==> 7E02000042660000000002B3E500000000000C000300C64742049FAC98038F00000000260329184827010400000000140400000000150400000000160400000000170200002A0200003001463101109A7E
2026-03-29 18:48:59 - msg_id_0200 ==> 7E02000042660000000002B3F000000000000C000300C64746049FAC98038F00000000260329184858010400000000140400000000150400000000160400000000170200002A020000300146310110F47E
2026-03-29 18:49:30 - msg_id_0200 ==> 7E02000042660000000002B3FB00000000000C000300C64744049FAC90038F00000000260329184929010400000000140400000000150400000000160400000000170200002A02000030014631010F9A7E
2026-03-29 18:50:01 - msg_id_0200 ==> 7E02000042660000000002B40600000000000C000300C64745049FAC88038F00000000260329185000010400000000140400000000150400000000160400000000170200002A02000030014631010D4B7E
2026-03-29 18:50:32 - msg_id_0200 ==> 7E02000042660000000002B41100000000000C000300C64745049FAC88038F00000000260329185031010400000000140400000000150400000000160400000000170200002A020000300146310111717E
2026-03-29 18:51:03 - msg_id_0200 ==> 7E02000042660000000002B41C00000000000C000300C64744049FAC80038F00000000260329185102010400000000140400000000150400000000160400000000170200002A02000030014631010E587E
2026-03-29 18:51:34 - msg_id_0200 ==> 7E02000042660000000002B42700000000000C000300C64743049FAC78039000000000260329185133010400000000140400000000150400000000160400000000170200002A020000300146310110AC7E
2026-03-29 18:52:05 - msg_id_0200 ==> 7E02000042660000000002B43200000000000C000300C64742049FAC78039000000000260329185204010400000000140400000000150400000000160400000000170200002A02000030014631010E927E
2026-03-29 18:52:36 - msg_id_0200 ==> 7E02000042660000000002B43D00000000000C000300C64743049FAC70039000000000260329185235010400000000140400000000150400000000160400000000170200002A02000030014631010EA57E
2026-03-29 18:53:07 - msg_id_0200 ==> 7E02000042660000000002B44800000000000C000300C64742049FAC70039000000000260329185306010400000000140400000000150400000000160400000000170200002A020000300146310110FD7E
2026-03-29 18:53:38 - msg_id_0200 ==> 7E02000042660000000002B45300000000000C000300C64741049FAC68039000000000260329185337010400000000140400000000150400000000160400000000170200002A02000030014631010FD37E
2026-03-29 18:54:09 - msg_id_0200 ==> 7E02000042660000000002B45E00000000000C000300C64740049FAC60039000000000260329185408010400000000140400000000150400000000160400000000170200002A020000300146310111F17E
2026-03-29 18:54:40 - msg_id_0200 ==> 7E02000042660000000002B46900000000000C000300C6473D049FAC60039000000000260329185439010400000000140400000000150400000000160400000000170200002A02000030014631010F947E
2026-03-29 18:55:11 - msg_id_0200 ==> 7E02000042660000000002B47400000000000C000300C6473B049FAC58039000000000260329185510010400000000140400000000150400000000160400000000170200002A020000300146310112827E
2026-03-29 18:55:42 - msg_id_0200 ==> 7E02000042660000000002B47F00000100000C000300C64739049FAC58039000000000260329185541010400000000140400000000150400000000160400000000170200002A020000300146310112DB7E
2026-03-29 18:55:47 - msg_id_0200 ==> 7E02000042660000000002B48200000000000C000300C64739049FAC58039000000000260329185546010400000000140400000000150400000000160400000000170200002A020000300146310113217E
2026-03-29 18:56:18 - msg_id_0200 ==> 7E02000042660000000002B48D00000000000C000300C64735049FAC58039000000000260329185617010400000000140400000000150400000000160400000000170200002A020000300146310112717E
2026-03-29 18:56:49 - msg_id_0200 ==> 7E02000042660000000002B49800000000000C000300C64731049FAC50039000000000260329185648010400000000140400000000150400000000160400000000170200002A020000300146310111347E
2026-03-29 18:57:20 - msg_id_0200 ==> 7E02000042660000000002B4A300000000000C000300C6472E049FAC50039000000000260329185719010400000000140400000000150400000000160400000000170200002A020000300146310111407E
2026-03-29 18:57:51 - msg_id_0200 ==> 7E02000042660000000002B4AE00000000000C000300C6472F049FAC50039000000000260329185750010400000000140400000000150400000000160400000000170200002A020000300146310111057E
2026-03-29 18:58:22 - msg_id_0200 ==> 7E02000042660000000002B4B900000000000C000300C6472E049FAC48039100000000260329185821010400000000140400000000150400000000160400000000170200002A020000300146310110757E
2026-03-29 18:58:53 - msg_id_0200 ==> 7E02000042660000000002B4C400000000000C000300C6472D049FAC48039100000000260329185852010400000000140400000000150400000000160400000000170200002A02000030014631010F677E
2026-03-29 18:59:24 - msg_id_0200 ==> 7E02000042660000000002B4CF00000000000C000300C6472D049FAC48039100000000260329185923010400000000140400000000150400000000160400000000170200002A020000300146310110037E
2026-03-29 18:59:55 - msg_id_0200 ==> 7E02000042660000000002B4DA00000000000C000300C6472E049FAC40039100000000260329185954010400000000140400000000150400000000160400000000170200002A0200003001463101106A7E
2026-03-29 19:00:26 - msg_id_0200 ==> 7E02000042660000000002B4E500000000000C000300C64730049FAC40039100000000260329190025010400000000140400000000150400000000160400000000170200002A02000030014631010F7D017E
2026-03-29 19:00:57 - msg_id_0200 ==> 7E02000042660000000002B4F000000000000C000300C64733049FAC40039100000000260329190056010400000000140400000000150400000000160400000000170200002A020000300146310110077E
2026-03-29 19:01:28 - msg_id_0200 ==> 7E02000042660000000002B4FB00000000000C000300C64734049FAC40039100000000260329190127010400000000140400000000150400000000160400000000170200002A0200003001463101107B7E
2026-03-29 19:01:59 - msg_id_0200 ==> 7E02000042660000000002B50600000000000C000300C64734049FAC40039100000000260329190158010400000000140400000000150400000000160400000000170200002A020000300146310111F97E
2026-03-29 19:02:30 - msg_id_0200 ==> 7E02000042660000000002B51100000000000C000300C64734049FAC40039100000000260329190229010400000000140400000000150400000000160400000000170200002A0200003001463101119C7E
2026-03-29 19:03:01 - msg_id_0200 ==> 7E02000042660000000002B51C00000000000C000300C64735049FAC40039100000000260329190300010400000000140400000000150400000000160400000000170200002A020000300146310110B97E
2026-03-29 19:03:32 - msg_id_0200 ==> 7E02000042660000000002B52700000000000C000300C64735049FAC38039100000000260329190331010400000000140400000000150400000000160400000000170200002A020000300146310111CA7E
2026-03-29 19:04:03 - msg_id_0200 ==> 7E02000042660000000002B53200000000000C000300C64735049FAC38039100000000260329190402010400000000140400000000150400000000160400000000170200002A020000300146310111EB7E
2026-03-29 19:04:34 - msg_id_0200 ==> 7E02000042660000000002B53D00000000000C000300C64735049FAC40039100000000260329190433010400000000140400000000150400000000160400000000170200002A020000300146310111AD7E
2026-03-29 19:05:05 - msg_id_0200 ==> 7E02000042660000000002B54800000000000C000300C64735049FAC40039100000000260329190504010400000000140400000000150400000000160400000000170200002A020000300146310110EF7E
2026-03-29 19:05:36 - msg_id_0200 ==> 7E02000042660000000002B55300000000000C000300C64736049FAC40039100000000260329190535010400000000140400000000150400000000160400000000170200002A020000300146310111C77E
2026-03-29 19:06:07 - msg_id_0200 ==> 7E02000042660000000002B55E00000000000C000300C64735049FAC40039100000000260329190606010400000000140400000000150400000000160400000000170200002A020000300146310111F97E
2026-03-29 19:06:38 - msg_id_0200 ==> 7E02000042660000000002B56900000000000C000300C64735049FAC40039100000000260329190637010400000000140400000000150400000000160400000000170200002A020000300146310112FC7E
2026-03-29 19:07:09 - msg_id_0200 ==> 7E02000042660000000002B57400000000000C000300C64733049FAC40039100000000260329190708010400000000140400000000150400000000160400000000170200002A020000300146310114DF7E
2026-03-29 19:07:39 - msg_id_0200 ==> 7E02000042660000000002B57F00000100000C000300C64727049FAC38039100000000260329190738010400000000140400000000150400000000160400000000170200002A0200003001463101128F7E
2026-03-29 19:07:44 - msg_id_0200 ==> 7E02000042660000000002B58200000000000C000300C64725049FAC40039000000000260329190743010400000000140400000000150400000000160400000000170200002A020000300146310112737E
2026-03-29 19:08:15 - msg_id_0200 ==> 7E02000042660000000002B58D00000000000C000300C64724049FAC40039000000000260329190814010400000000140400000000150400000000160400000000170200002A020000300146310112257E
2026-03-29 19:08:46 - msg_id_0200 ==> 7E02000042660000000002B59800000000000C000300C6472B049FAC40039000000000260329190845010400000000140400000000150400000000160400000000170200002A0200003001463101116D7E
2026-03-29 19:09:17 - msg_id_0200 ==> 7E02000042660000000002B5A300000000000C000300C6472B049FAC40039000000000260329190916010400000000140400000000150400000000160400000000170200002A020000300146310111047E
2026-03-29 19:09:48 - msg_id_0200 ==> 7E02000042660000000002B5AE00000000000C000300C6472C049FAC40039100000000260329190947010400000000140400000000150400000000160400000000170200002A0200003001463101115E7E
2026-03-29 19:10:19 - msg_id_0200 ==> 7E02000042660000000002B5B900000000000C000300C6472D049FAC38039100000000260329191018010400000000140400000000150400000000160400000000170200002A020000300146310111767E
2026-03-29 19:10:50 - msg_id_0200 ==> 7E02000042660000000002B5C400000000000C000300C6472A049FAC30039100000000260329191049010400000000140400000000150400000000160400000000170200002A020000300146310112567E
2026-03-29 19:11:21 - msg_id_0200 ==> 7E02000042660000000002B5CF00000000000C000300C64729049FAC38039200000000260329191120010400000000140400000000150400000000160400000000170200002A0200003001463101123D7E
2026-03-29 19:11:52 - msg_id_0200 ==> 7E02000042660000000002B5DA00000000000C000300C64729049FAC30039200000000260329191151010400000000140400000000150400000000160400000000170200002A020000300146310111527E
2026-03-29 19:12:23 - msg_id_0200 ==> 7E02000042660000000002B5E500000000000C000300C6472C049FAC30039200000000260329191222010400000000140400000000150400000000160400000000170200002A0200003001463101121B7E
2026-03-29 19:12:54 - msg_id_0200 ==> 7E02000042660000000002B5F000000000000C000300C6472D049FAC38039200000000260329191253010400000000140400000000150400000000160400000000170200002A020000300146310113777E
2026-03-29 19:13:25 - msg_id_0200 ==> 7E02000042660000000002B5FB00000000000C000300C6472D049FAC38039200000000260329191324010400000000140400000000150400000000160400000000170200002A0200003001463101140D7E
2026-03-29 19:13:56 - msg_id_0200 ==> 7E02000042660000000002B60600000000000C000300C6472D049FAC38039200000000260329191355010400000000140400000000150400000000160400000000170200002A020000300146310113857E
2026-03-29 19:14:27 - msg_id_0200 ==> 7E02000042660000000002B61100000000000C000300C6472D049FAC40039200000000260329191426010400000000140400000000150400000000160400000000170200002A02000030014D310114927E
2026-03-29 19:14:58 - msg_id_0200 ==> 7E02000042660000000002B61C00000000000C000300C6472D049FAC40039200000000260329191457010400000000140400000000150400000000160400000000170200002A02000030014D310114EE7E
2026-03-29 19:15:29 - msg_id_0200 ==> 7E02000042660000000002B62700000000000C000300C6472B049FAC40039200000000260329191528010400000000140400000000150400000000160400000000170200002A02000030014D310114AD7E
2026-03-29 19:16:00 - msg_id_0200 ==> 7E02000042660000000002B63200000000000C000300C6472C049FAC40039200000000260329191559010400000000140400000000150400000000160400000000170200002A02000030014D310114CE7E
2026-03-29 19:16:31 - msg_id_0200 ==> 7E02000042660000000002B63D00000000000C000300C6472C049FAC48039200000000260329191630010400000000140400000000150400000000160400000000170200002A02000030014D310114A37E
2026-03-29 19:17:02 - msg_id_0200 ==> 7E02000042660000000002B64800000000000C000300C6472E049FAC48039200000000260329191701010400000000140400000000150400000000160400000000170200002A02000030014D310115E57E
2026-03-29 19:17:33 - msg_id_0200 ==> 7E02000042660000000002B65300000000000C000300C6472F049FAC48039100000000260329191732010400000000140400000000150400000000160400000000170200002A02000030014D310113C97E
2026-03-29 19:18:04 - msg_id_0200 ==> 7E02000042660000000002B65E00000000000C000300C64731049FAC48039100000000260329191803010400000000140400000000150400000000160400000000170200002A02000030014D310113E47E
2026-03-29 19:18:35 - msg_id_0200 ==> 7E02000042660000000002B66900000000000C000300C64734049FAC48039100000000260329191834010400000000140400000000150400000000160400000000170200002A02000030014D310114E67E
2026-03-29 19:19:06 - msg_id_0200 ==> 7E02000042660000000002B67400000000000C000300C64736049FAC48039100000000260329191905010400000000140400000000150400000000160400000000170200002A02000030014D310115C87E
2026-03-29 19:19:37 - msg_id_0200 ==> 7E02000042660000000002B67F00000100000C000300C64739049FAC48039200000000260329191936010400000000140400000000150400000000160400000000170200002A02000030014D310114FC7E
2026-03-29 19:19:42 - msg_id_0200 ==> 7E02000042660000000002B68200000000000C000300C64739049FAC48039200000000260329191941010400000000140400000000150400000000160400000000170200002A02000030014D310114777E
2026-03-29 19:20:13 - msg_id_0200 ==> 7E02000042660000000002B68D00000000000C000300C6473B049FAC48039200000000260329192012010400000000140400000000150400000000160400000000170200002A02000030014D310114107E
2026-03-29 19:20:44 - msg_id_0200 ==> 7E02000042660000000002B69800000000000C000300C6473B049FAC48039200000000260329192043010400000000140400000000150400000000160400000000170200002A02000030014D310114547E
2026-03-29 19:21:15 - msg_id_0200 ==> 7E02000042660000000002B6A300000000000C000300C6473A049FAC48039100000000260329192114010400000000140400000000150400000000160400000000170200002A02000030014D3101123D7E
2026-03-29 19:21:46 - msg_id_0200 ==> 7E02000042660000000002B6AE00000000000C000300C64739049FAC48039100000000260329192145010400000000140400000000150400000000160400000000170200002A02000030014D310114647E
2026-03-29 19:22:17 - msg_id_0200 ==> 7E02000042660000000002B6B900000000000C000300C64739049FAC48039100000000260329192216010400000000140400000000150400000000160400000000170200002A02000030014D310115227E
2026-03-29 19:22:48 - msg_id_0200 ==> 7E02000042660000000002B6C400000000000C000300C64739049FAC48039100000000260329192247010400000000140400000000150400000000160400000000170200002A02000030014D3101140F7E
2026-03-29 19:23:19 - msg_id_0200 ==> 7E02000042660000000002B6CF00000000000C000300C64738049FAC48039100000000260329192318010400000000140400000000150400000000160400000000170200002A02000030014D3101145B7E
2026-03-29 19:23:50 - msg_id_0200 ==> 7E02000042660000000002B6DA00000000000C000300C64739049FAC50039100000000260329192349010400000000140400000000150400000000160400000000170200002A02000030014D310115077E
2026-03-29 19:24:21 - msg_id_0200 ==> 7E02000042660000000002B6E500000000000C000300C64739049FAC50039100000000260329192420010400000000140400000000150400000000160400000000170200002A02000030014D310114577E
2026-03-29 19:24:52 - msg_id_0200 ==> 7E02000042660000000002B6F000000000000C000300C6473C049FAC50039100000000260329192451010400000000140400000000150400000000160400000000170200002A02000030014D310116347E
2026-03-29 19:25:23 - msg_id_0200 ==> 7E02000042660000000002B6FB00000000000C000300C6473D049FAC50039100000000260329192522010400000000140400000000150400000000160400000000170200002A02000030014D3101154F7E
2026-03-29 19:25:54 - msg_id_0200 ==> 7E02000042660000000002B70600000000000C000300C6473D049FAC58039100000000260329192553010400000000140400000000150400000000160400000000170200002A02000030014D310114CB7E
2026-03-29 19:26:25 - msg_id_0200 ==> 7E02000042660000000002B71100000000000C000300C6473E049FAC58039100000000260329192624010400000000140400000000150400000000160400000000170200002A02000030014D310114AB7E
2026-03-29 19:26:56 - msg_id_0200 ==> 7E02000042660000000002B71C00000000000C000300C64742049FAC58039100000000260329192655010400000000140400000000150400000000160400000000170200002A02000030014D310115AA7E
2026-03-29 19:27:27 - msg_id_0200 ==> 7E02000042660000000002B72700000000000C000300C64746049FAC58039100000000260329192726010400000000140400000000150400000000160400000000170200002A02000030014D310114E67E
2026-03-29 19:27:58 - msg_id_0200 ==> 7E02000042660000000002B73200000000000C000300C64748049FAC58039100000000260329192757010400000000140400000000150400000000160400000000170200002A02000030014D3101138B7E
2026-03-29 19:28:28 - msg_id_0200 ==> 7E02000042660000000002B73D00000000000C000300C6474B049FAC58039100000000260329192828010400000000140400000000150400000000160400000000170200002A02000030014D310114F07E
2026-03-29 19:29:00 - msg_id_0200 ==> 7E02000042660000000002B74800000000000C000300C6474F049FAC58039100000000260329192859010400000000140400000000150400000000160400000000170200002A02000030014D310114F07E
2026-03-29 19:29:31 - msg_id_0200 ==> 7E02000042660000000002B75300000000000C000300C64752049FAC58039100000000260329192930010400000000140400000000150400000000160400000000170200002A02000030014D3101149E7E
2026-03-29 19:30:01 - msg_id_0200 ==> 7E02000042660000000002B75E00000000000C000300C64753049FAC58039100000000260329193001010400000000140400000000150400000000160400000000170200002A02000030014D310115BB7E
2026-03-29 19:30:33 - msg_id_0200 ==> 7E02000042660000000002B76900000000000C000300C64754049FAC50039100000000260329193032010400000000140400000000150400000000160400000000170200002A02000030014D310114B17E
2026-03-29 19:31:04 - msg_id_0200 ==> 7E02000042660000000002B77400000000000C000300C64753049FAC50039100000000260329193103010400000000140400000000150400000000160400000000170200002A02000030014D3101149B7E
2026-03-29 19:31:34 - msg_id_0200 ==> 7E02000042660000000002B77F00000100000C000300C64753049FAC58039100000000260329193133010400000000140400000000150400000000160400000000170200002A02000030014D310114A97E
2026-03-29 19:31:39 - msg_id_0200 ==> 7E02000042660000000002B78200000000000C000300C64753049FAC58039100000000260329193138010400000000140400000000150400000000160400000000170200002A02000030014D3101145E7E
2026-03-29 19:32:10 - msg_id_0200 ==> 7E02000042660000000002B78D00000000000C000300C64756049FAC58039100000000260329193209010400000000140400000000150400000000160400000000170200002A02000030014D310114667E
2026-03-29 19:32:41 - msg_id_0200 ==> 7E02000042660000000002B79800000000000C000300C64758049FAC58039200000000260329193240010400000000140400000000150400000000160400000000170200002A02000030014D310114377E
2026-03-29 19:33:12 - msg_id_0200 ==> 7E02000042660000000002B7A300000000000C000300C64759049FAC58039200000000260329193311010400000000140400000000150400000000160400000000170200002A02000030014D3101145D7E
2026-03-29 19:33:43 - msg_id_0200 ==> 7E02000042660000000002B7AE00000000000C000300C64759049FAC58039200000000260329193342010400000000140400000000150400000000160400000000170200002A02000030014D310114037E
2026-03-29 19:34:14 - msg_id_0200 ==> 7E02000042660000000002B7B900000000000C000300C6475B049FAC58039200000000260329193413010400000000140400000000150400000000160400000000170200002A02000030014D310114407E
2026-03-29 19:34:45 - msg_id_0200 ==> 7E02000042660000000002B7C400000000000C000300C6475B049FAC60039200000000260329193444010400000000140400000000150400000000160400000000170200002A02000030014D310114527E
2026-03-29 19:35:16 - msg_id_0200 ==> 7E02000042660000000002B7CF00000000000C000300C64757049FAC58039200000000260329193515010400000000140400000000150400000000160400000000170200002A02000030014D3101143D7E
2026-03-29 19:35:47 - msg_id_0200 ==> 7E02000042660000000002B7DA00000000000C000300C64755049FAC58039200000000260329193546010400000000140400000000150400000000160400000000170200002A02000030014D310114797E
2026-03-29 19:36:18 - msg_id_0200 ==> 7E02000042660000000002B7E500000000000C000300C64754049FAC58039200000000260329193617010400000000140400000000150400000000160400000000170200002A02000030014D310113127E
2026-03-29 19:36:49 - msg_id_0200 ==> 7E02000042660000000002B7F000000000000C000300C64755049FAC58039200000000260329193648010400000000140400000000150400000000160400000000170200002A02000030014D3101145E7E
2026-03-29 19:37:20 - msg_id_0200 ==> 7E02000042660000000002B7FB00000000000C000300C64756049FAC58039200000000260329193719010400000000140400000000150400000000160400000000170200002A02000030014D310113017E
2026-03-29 19:37:51 - msg_id_0200 ==> 7E02000042660000000002B80600000000000C000300C64755049FAC60039200000000260329193750010400000000140400000000150400000000160400000000170200002A02000030014D310113817E
2026-03-29 19:38:22 - msg_id_0200 ==> 7E02000042660000000002B81100000000000C000300C64753049FAC58039200000000260329193821010400000000140400000000150400000000160400000000170200002A02000030014D310112D77E
2026-03-29 19:38:53 - msg_id_0200 ==> 7E02000042660000000002B81C00000000000C000300C64753049FAC58039200000000260329193852010400000000140400000000150400000000160400000000170200002A02000030014D310113A87E
2026-03-29 19:39:24 - msg_id_0200 ==> 7E02000042660000000002B82700000000000C000300C64752049FAC58039100000000260329193923010400000000140400000000150400000000160400000000170200002A02000030014D310114E67E
2026-03-29 19:39:55 - msg_id_0200 ==> 7E02000042660000000002B83200000000000C000300C64753049FAC58039100000000260329193954010400000000140400000000150400000000160400000000170200002A02000030014D310114857E
2026-03-29 19:40:26 - msg_id_0200 ==> 7E02000042660000000002B83D00000000000C000300C64755049FAC58039100000000260329194025010400000000140400000000150400000000160400000000170200002A02000030014D310114847E
2026-03-29 19:40:57 - msg_id_0200 ==> 7E02000042660000000002B84800000000000C000300C64755049FAC60039100000000260329194056010400000000140400000000150400000000160400000000170200002A02000030014D310112BC7E
2026-03-29 19:41:28 - msg_id_0200 ==> 7E02000042660000000002B85300000000000C000300C64756049FAC60039100000000260329194127010400000000140400000000150400000000160400000000170200002A02000030014D310114D27E
2026-03-29 19:41:59 - msg_id_0200 ==> 7E02000042660000000002B85E00000000000C000300C64753049FAC58039100000000260329194158010400000000140400000000150400000000160400000000170200002A02000030014D3101139A7E
2026-03-29 19:42:30 - msg_id_0200 ==> 7E02000042660000000002B86900000000000C000300C64753049FAC58039100000000260329194229010400000000140400000000150400000000160400000000170200002A02000030014D310113DF7E
2026-03-29 19:43:01 - msg_id_0200 ==> 7E02000042660000000002B87400000000000C000300C64756049FAC58039100000000260329194300010400000000140400000000150400000000160400000000170200002A02000030014D310114E87E
2026-03-29 19:43:32 - msg_id_0200 ==> 7E02000042660000000002B87F00000100000C000300C64756049FAC60039100000000260329194331010400000000140400000000150400000000160400000000170200002A02000030014D310113EC7E
2026-03-29 19:43:37 - msg_id_0200 ==> 7E02000042660000000002B88200000000000C000300C64756049FAC60039100000000260329194336010400000000140400000000150400000000160400000000170200002A02000030014D310112167E
2026-03-29 19:44:08 - msg_id_0200 ==> 7E02000042660000000002B88D00000000000C000300C64755049FAC60039100000000260329194407010400000000140400000000150400000000160400000000170200002A02000030014D3101112F7E
2026-03-29 19:44:38 - msg_id_0200 ==> 7E02000042660000000002B89800000000000C000300C64754049FAC60039000000000260329194438010400000000140400000000150400000000160400000000170200002A02000030014D310112067E
2026-03-29 19:45:10 - msg_id_0200 ==> 7E02000042660000000002B8A300000000000C000300C6474E049FAC68039100000000260329194509010400000000140400000000150400000000160400000000170200002A02000030014D3101121E7E
2026-03-29 19:45:41 - msg_id_0200 ==> 7E02000042660000000002B8AE00000000000C000300C6474E049FAC68039000000000260329194540010400000000140400000000150400000000160400000000170200002A02000030014D3101135A7E
2026-03-29 19:46:12 - msg_id_0200 ==> 7E02000042660000000002B8B900000000000C000300C6474C049FAC68039000000000260329194611010400000000140400000000150400000000160400000000170200002A02000030014D3101141A7E
2026-03-29 19:46:43 - msg_id_0200 ==> 7E02000042660000000002B8C400000000000C000300C6474B049FAC70039000000000260329194642010400000000140400000000150400000000160400000000170200002A02000030014D3101132C7E
2026-03-29 19:47:14 - msg_id_0200 ==> 7E02000042660000000002B8CF00000000000C000300C6474A049FAC70039000000000260329194713010400000000140400000000150400000000160400000000170200002A02000030014D310113767E
2026-03-29 19:47:45 - msg_id_0200 ==> 7E02000042660000000002B8DA00000000000C000300C6474A049FAC70039000000000260329194744010400000000140400000000150400000000160400000000170200002A02000030014D310114337E
2026-03-29 19:48:16 - msg_id_0200 ==> 7E02000042660000000002B8E500000000000C000300C6474C049FAC70039000000000260329194815010400000000140400000000150400000000160400000000170200002A02000030014D310113537E
2026-03-29 19:48:47 - msg_id_0200 ==> 7E02000042660000000002B8F000000000000C000300C6474C049FAC70039000000000260329194846010400000000140400000000150400000000160400000000170200002A02000030014D310112147E
2026-03-29 19:49:18 - msg_id_0200 ==> 7E02000042660000000002B8FB00000000000C000300C6474A049FAC78039000000000260329194917010400000000140400000000150400000000160400000000170200002A02000030014D310114477E
2026-03-29 19:49:49 - msg_id_0200 ==> 7E02000042660000000002B90600000000000C000300C64749049FAC78039000000000260329194948010400000000140400000000150400000000160400000000170200002A02000030014D310114E77E
2026-03-29 19:50:20 - msg_id_0200 ==> 7E02000042660000000002B91100000000000C000300C64747049FAC78039000000000260329195019010400000000140400000000150400000000160400000000170200002A02000030014D310113B17E
2026-03-29 19:50:51 - msg_id_0200 ==> 7E02000042660000000002B91C00000000000C000300C64746049FAC80038F00000000260329195050010400000000140400000000150400000000160400000000170200002A02000030014D310115157E
2026-03-29 19:51:22 - msg_id_0200 ==> 7E02000042660000000002B92700000000000C000300C64745049FAC80038F00000000260329195121010400000000140400000000150400000000160400000000170200002A02000030014D3101145C7E
2026-03-29 19:51:53 - msg_id_0200 ==> 7E02000042660000000002B93200000000000C000300C64744049FAC80038F00000000260329195152010400000000140400000000150400000000160400000000170200002A02000030014D3101143B7E
2026-03-29 19:52:24 - msg_id_0200 ==> 7E02000042660000000002B93D00000000000C000300C64741049FAC88038F00000000260329195223010400000000140400000000150400000000160400000000170200002A02000030014D3101144B7E
2026-03-29 19:52:55 - msg_id_0200 ==> 7E02000042660000000002B94800000000000C000300C6473D049FAC90038F00000000260329195254010400000000140400000000150400000000160400000000170200002A02000030014D3101132A7E
2026-03-29 19:53:26 - msg_id_0200 ==> 7E02000042660000000002B95300000000000C000300C64735049FAC90038E00000000260329195325010400000000140400000000150400000000160400000000170200002A02000030014D3101144F7E
2026-03-29 19:53:57 - msg_id_0200 ==> 7E02000042660000000002B95E00000000000C000300C64734049FAC90038E00000000260329195356010400000000140400000000150400000000160400000000170200002A02000030014D310114307E
2026-03-29 19:54:28 - msg_id_0200 ==> 7E02000042660000000002B96900000000000C000300C64736049FAC88038E00000000260329195427010400000000140400000000150400000000160400000000170200002A02000030014D3101136C7E
2026-03-29 19:54:59 - msg_id_0200 ==> 7E02000042660000000002B97400000000000C000300C6473A049FAC88038E00000000260329195458010400000000140400000000150400000000160400000000170200002A02000030014D310114057E
2026-03-29 19:55:30 - msg_id_0200 ==> 7E02000042660000000002B97F00000100000C000300C6473C049FAC88038E00000000260329195529010400000000140400000000150400000000160400000000170200002A02000030014D310114797E
2026-03-29 19:55:35 - msg_id_0200 ==> 7E02000042660000000002B98200000000000C000300C6473D049FAC88038E00000000260329195534010400000000140400000000150400000000160400000000170200002A02000030014D310114997E
2026-03-29 19:56:05 - msg_id_0200 ==> 7E02000042660000000002B98D00000000000C000300C6473E049FAC80038E00000000260329195605010400000000140400000000150400000000160400000000170200002A02000030014D310113A87E
2026-03-29 19:56:37 - msg_id_0200 ==> 7E02000042660000000002B99800000000000C000300C64741049FAC88038E00000000260329195636010400000000140400000000150400000000160400000000170200002A02000030014D310114FE7E
2026-03-29 19:57:08 - msg_id_0200 ==> 7E02000042660000000002B9A300000000000C000300C64740049FAC80038E00000000260329195707010400000000140400000000150400000000160400000000170200002A02000030014D310114FC7E
2026-03-29 19:57:39 - msg_id_0200 ==> 7E02000042660000000002B9AE00000000000C000300C6473C049FAC80038E00000000260329195738010400000000140400000000150400000000160400000000170200002A02000030014D310112B47E
2026-03-29 19:58:10 - msg_id_0200 ==> 7E02000042660000000002B9B900000000000C000300C6473C049FAC80038D00000000260329195809010400000000140400000000150400000000160400000000170200002A02000030014D310114987E
2026-03-29 19:58:41 - msg_id_0200 ==> 7E02000042660000000002B9C400000000000C000300C6473E049FAC80038D00000000260329195840010400000000140400000000150400000000160400000000170200002A02000030014D310111AB7E
2026-03-29 19:59:12 - msg_id_0200 ==> 7E02000042660000000002B9CF00000000000C000300C6473A049FAC80038D00000000260329195911010400000000140400000000150400000000160400000000170200002A02000030014D31010FEA7E
2026-03-29 19:59:43 - msg_id_0200 ==> 7E02000042660000000002B9DA00000000000C000300C64738049FAC80038D00000000260329195942010400000000140400000000150400000000160400000000170200002A02000030014D310111B07E
2026-03-29 20:00:14 - msg_id_0200 ==> 7E02000042660000000002B9E500000000000C000300C6473B049FAC88038D00000000260329200013010400000000140400000000150400000000160400000000170200002A02000030014D310111B57E
2026-03-29 20:00:45 - msg_id_0200 ==> 7E02000042660000000002B9F000000000000C000300C6473C049FAC88038D00000000260329200044010400000000140400000000150400000000160400000000170200002A02000030014D310112F37E
2026-03-29 20:01:16 - msg_id_0200 ==> 7E02000042660000000002B9FB00000000000C000300C6473B049FAC80038D00000000260329200115010400000000140400000000150400000000160400000000170200002A02000030014D310113A67E
2026-03-29 20:01:47 - msg_id_0200 ==> 7E02000042660000000002BA0600000000000C000300C6473A049FAC80038D00000000260329200146010400000000140400000000150400000000160400000000170200002A02000030014D3101120B7E
2026-03-29 20:02:18 - msg_id_0200 ==> 7E02000042660000000002BA1100000000000C000300C6473E049FAC88038C00000000260329200217010400000000140400000000150400000000160400000000170200002A02000030014D310113427E
2026-03-29 20:02:49 - msg_id_0200 ==> 7E02000042660000000002BA1C00000000000C000300C6473E049FAC88038C00000000260329200248010400000000140400000000150400000000160400000000170200002A02000030014D310113107E
2026-03-29 20:03:20 - msg_id_0200 ==> 7E02000042660000000002BA2700000000000C000300C6473D049FAC88038C00000000260329200319010400000000140400000000150400000000160400000000170200002A02000030014D310113787E
2026-03-29 20:03:51 - msg_id_0200 ==> 7E02000042660000000002BA3200000000000C000300C6473D049FAC88038C00000000260329200350010400000000140400000000150400000000160400000000170200002A02000030014D310113247E
2026-03-29 20:04:22 - msg_id_0200 ==> 7E02000042660000000002BA3D00000000000C000300C64741049FAC88038C00000000260329200421010400000000140400000000150400000000160400000000170200002A02000030014D310112207E
2026-03-29 20:04:53 - msg_id_0200 ==> 7E02000042660000000002BA4800000000000C000300C64742049FAC88038C00000000260329200452010400000000140400000000150400000000160400000000170200002A02000030014D310114237E
2026-03-29 20:05:24 - msg_id_0200 ==> 7E02000042660000000002BA5300000000000C000300C64741049FAC88038C00000000260329200523010400000000140400000000150400000000160400000000170200002A02000030014D3101144B7E
2026-03-29 20:05:55 - msg_id_0200 ==> 7E02000042660000000002BA5E00000000000C000300C6473F049FAC88038B00000000260329200554010400000000140400000000150400000000160400000000170200002A02000030014D3101134F7E
2026-03-29 20:06:26 - msg_id_0200 ==> 7E02000042660000000002BA6900000000000C000300C6473E049FAC88038B00000000260329200625010400000000140400000000150400000000160400000000170200002A02000030014D3101140C7E
2026-03-29 20:06:57 - msg_id_0200 ==> 7E02000042660000000002BA7400000000000C000300C6473C049FAC88038B00000000260329200656010400000000140400000000150400000000160400000000170200002A02000030014D310114607E
2026-03-29 20:07:27 - msg_id_0200 ==> 7E02000042660000000002BA7F00000100000C000300C6473C049FAC88038B00000000260329200726010400000000140400000000150400000000160400000000170200002A02000030014D3101151A7E
2026-03-29 20:07:32 - msg_id_0200 ==> 7E02000042660000000002BA8200000000000C000300C6473C049FAC88038B00000000260329200731010400000000140400000000150400000000160400000000170200002A02000030014D310113F77E
2026-03-29 20:08:03 - msg_id_0200 ==> 7E02000042660000000002BA8D00000000000C000300C6473B049FAC88038B00000000260329200802010400000000140400000000150400000000160400000000170200002A02000030014D310114C47E
2026-03-29 20:08:34 - msg_id_0200 ==> 7E02000042660000000002BA9800000000000C000300C64738049FAC80038B00000000260329200833010400000000140400000000150400000000160400000000170200002A02000030014D310114EB7E
2026-03-29 20:09:05 - msg_id_0200 ==> 7E02000042660000000002BAA300000000000C000300C64736049FAC80038A00000000260329200904010400000000140400000000150400000000160400000000170200002A02000030014D310114E97E
2026-03-29 20:09:36 - msg_id_0200 ==> 7E02000042660000000002BAAE00000000000C000300C64730049FAC78038B00000000260329200935010400000000140400000000150400000000160400000000170200002A02000030014D3101132D7E
2026-03-29 20:10:07 - msg_id_0200 ==> 7E02000042660000000002BAB900000000000C000300C6472C049FAC78038B00000000260329201006010400000000140400000000150400000000160400000000170200002A02000030014D3101130C7E
2026-03-29 20:10:38 - msg_id_0200 ==> 7E02000042660000000002BAC400000000000C000300C64729049FAC70038B00000000260329201037010400000000140400000000150400000000160400000000170200002A02000030014D3101134D7E
2026-03-29 20:11:09 - msg_id_0200 ==> 7E02000042660000000002BACF00000000000C000300C64726049FAC60038B00000000260329201108010400000000140400000000150400000000160400000000170200002A02000030014D310113677E
2026-03-29 20:11:40 - msg_id_0200 ==> 7E02000042660000000002BADA00000000000C000300C64721049FAC58038A00000000260329201139010400000000140400000000150400000000160400000000170200002A02000030014D3101157B7E
2026-03-29 20:12:11 - msg_id_0200 ==> 7E02000042660000000002BAE500000000000C000300C64723049FAC60038A00000000260329201210010400000000140400000000150400000000160400000000170200002A02000030014D310113527E
2026-03-29 20:12:42 - msg_id_0200 ==> 7E02000042660000000002BAF000000000000C000300C64722049FAC60038A00000000260329201241010400000000140400000000150400000000160400000000170200002A02000030014D310113177E
2026-03-29 20:13:13 - msg_id_0200 ==> 7E02000042660000000002BAFB00000000000C000300C64719049FAC68038A00000000260329201312010400000000140400000000150400000000160400000000170200002A02000030014D3101127C7E
2026-03-29 20:13:44 - msg_id_0200 ==> 7E02000042660000000002BB0600000000000C000300C64716049FAC68038A00000000260329201343010400000000140400000000150400000000160400000000170200002A02000030014D310114D87E
2026-03-29 20:14:15 - msg_id_0200 ==> 7E02000042660000000002BB1100000000000C000300C6471E049FAC68038A00000000260329201414010400000000140400000000150400000000160400000000170200002A02000030014D310113907E
2026-03-29 20:14:46 - msg_id_0200 ==> 7E02000042660000000002BB1C00000000000C000300C6471F049FAC68038A00000000260329201445010400000000140400000000150400000000160400000000170200002A02000030014D310113CD7E
2026-03-29 20:15:17 - msg_id_0200 ==> 7E02000042660000000002BB2700000000000C000300C64720049FAC68038B00000000260329201516010400000000140400000000150400000000160400000000170200002A02000030014D3101149D7E
2026-03-29 20:15:48 - msg_id_0200 ==> 7E02000042660000000002BB3200000000000C000300C64721049FAC60038B00000000260329201547010400000000140400000000150400000000160400000000170200002A02000030014D310115D17E
2026-03-29 20:16:19 - msg_id_0200 ==> 7E02000042660000000002BB3D00000000000C000300C64722049FAC68038B00000000260329201618010400000000140400000000150400000000160400000000170200002A02000030014D310114887E
2026-03-29 20:16:50 - msg_id_0200 ==> 7E02000042660000000002BB4800000000000C000300C64725049FAC68038B00000000260329201649010400000000140400000000150400000000160400000000170200002A02000030014D310113AC7E
2026-03-29 20:17:21 - msg_id_0200 ==> 7E02000042660000000002BB5300000000000C000300C64726049FAC68038C00000000260329201720010400000000140400000000150400000000160400000000170200002A02000030014D310113DB7E
2026-03-29 20:17:52 - msg_id_0200 ==> 7E02000042660000000002BB5E00000000000C000300C64721049FAC68038C00000000260329201751010400000000140400000000150400000000160400000000170200002A02000030014D310112A17E
2026-03-29 20:18:23 - msg_id_0200 ==> 7E02000042660000000002BB6900000000000C000300C64726049FAC68038C00000000260329201822010400000000140400000000150400000000160400000000170200002A02000030014D310111EE7E
2026-03-29 20:18:54 - msg_id_0200 ==> 7E02000042660000000002BB7400000000000C000300C64728049FAC70038C00000000260329201853010400000000140400000000150400000000160400000000170200002A02000030014D31010F8A7E
2026-03-29 20:19:25 - msg_id_0200 ==> 7E02000042660000000002BB7F00000100000C000300C6472A049FAC70038C00000000260329201924010400000000140400000000150400000000160400000000170200002A02000030014D310112E97E
2026-03-29 20:19:30 - msg_id_0200 ==> 7E02000042660000000002BB8200000000000C000300C6472A049FAC70038C00000000260329201929010400000000140400000000150400000000160400000000170200002A02000030014D310113197E
2026-03-29 20:20:01 - msg_id_0200 ==> 7E02000042660000000002BB8D00000000000C000300C6472C049FAC70038C00000000260329202000010400000000140400000000150400000000160400000000170200002A02000030014D310112017E
2026-03-29 20:20:32 - msg_id_0200 ==> 7E02000042660000000002BB9800000000000C000300C64729049FAC70038D00000000260329202031010400000000140400000000150400000000160400000000170200002A02000030014D310111227E
2026-03-29 20:21:03 - msg_id_0200 ==> 7E02000042660000000002BBA300000000000C000300C6472A049FAC78038D00000000260329202102010400000000140400000000150400000000160400000000170200002A02000030014D310113227E
2026-03-29 20:21:34 - msg_id_0200 ==> 7E02000042660000000002BBAE00000000000C000300C64728049FAC70038D00000000260329202133010400000000140400000000150400000000160400000000170200002A02000030014D310113147E
2026-03-29 20:22:05 - msg_id_0200 ==> 7E02000042660000000002BBB900000000000C000300C64729049FAC78038D00000000260329202204010400000000140400000000150400000000160400000000170200002A02000030014D3101133E7E
2026-03-29 20:22:36 - msg_id_0200 ==> 7E02000042660000000002BBC400000000000C000300C64729049FAC78038D00000000260329202235010400000000140400000000150400000000160400000000170200002A02000030014D310112737E
2026-03-29 20:23:07 - msg_id_0200 ==> 7E02000042660000000002BBCF00000000000C000300C6472B049FAC78038D00000000260329202306010400000000140400000000150400000000160400000000170200002A02000030014D3101114B7E
2026-03-29 20:23:38 - msg_id_0200 ==> 7E02000042660000000002BBDA00000000000C000300C6472C049FAC78038D00000000260329202337010400000000140400000000150400000000160400000000170200002A02000030014D3101126B7E
2026-03-29 20:24:09 - msg_id_0200 ==> 7E02000042660000000002BBE500000000000C000300C6472D049FAC78038E00000000260329202408010400000000140400000000150400000000160400000000170200002A02000030014D3101106C7E
2026-03-29 20:24:40 - msg_id_0200 ==> 7E02000042660000000002BBF000000000000C000300C6472F049FAC78038E00000000260329202439010400000000140400000000150400000000160400000000170200002A02000030014D310112487E
2026-03-29 20:25:10 - msg_id_0200 ==> 7E02000042660000000002BBFB00000000000C000300C64731049FAC78038E00000000260329202510010400000000140400000000150400000000160400000000170200002A02000030014D310112757E
2026-03-29 20:25:42 - msg_id_0200 ==> 7E02000042660000000002BC0600000000000C000300C64732049FAC78038E00000000260329202541010400000000140400000000150400000000160400000000170200002A02000030014D310113DC7E
2026-03-29 20:26:13 - msg_id_0200 ==> 7E02000042660000000002BC1100000000000C000300C64732049FAC78038E00000000260329202612010400000000140400000000150400000000160400000000170200002A02000030014D3101149C7E
2026-03-29 20:26:43 - msg_id_0200 ==> 7E02000042660000000002BC1C00000000000C000300C6472F049FAC78038E00000000260329202643010400000000140400000000150400000000160400000000170200002A02000030014D310114DD7E
2026-03-29 20:27:15 - msg_id_0200 ==> 7E02000042660000000002BC2700000000000C000300C64730049FAC70038E00000000260329202714010400000000140400000000150400000000160400000000170200002A02000030014D310113A07E
2026-03-29 20:27:46 - msg_id_0200 ==> 7E02000042660000000002BC3200000000000C000300C6472F049FAC70038F00000000260329202745010400000000140400000000150400000000160400000000170200002A02000030014D310113FA7E
2026-03-29 20:28:17 - msg_id_0200 ==> 7E02000042660000000002BC3D00000000000C000300C6472F049FAC70038F00000000260329202816010400000000140400000000150400000000160400000000170200002A02000030014D310112A87E
2026-03-29 20:28:48 - msg_id_0200 ==> 7E02000042660000000002BC4800000000000C000300C6472F049FAC70039000000000260329202847010400000000140400000000150400000000160400000000170200002A02000030014D310114957E
2026-03-29 20:29:19 - msg_id_0200 ==> 7E02000042660000000002BC5300000000000C000300C64731049FAC70039000000000260329202918010400000000140400000000150400000000160400000000170200002A02000030014D310114CE7E
2026-03-29 20:29:50 - msg_id_0200 ==> 7E02000042660000000002BC5E00000000000C000300C64738049FAC70039000000000260329202949010400000000140400000000150400000000160400000000170200002A02000030014D3101139C7E
2026-03-29 20:30:21 - msg_id_0200 ==> 7E02000042660000000002BC6900000000000C000300C64736049FAC70039000000000260329203020010400000000140400000000150400000000160400000000170200002A02000030014D310114D27E
2026-03-29 20:30:52 - msg_id_0200 ==> 7E02000042660000000002BC7400000000000C000300C64736049FAC78039000000000260329203051010400000000140400000000150400000000160400000000170200002A02000030014D310113B17E
2026-03-29 20:31:23 - msg_id_0200 ==> 7E02000042660000000002BC7F00000100000C000300C6473A049FAC78039000000000260329203122010400000000140400000000150400000000160400000000170200002A02000030014D310112C47E
2026-03-29 20:31:28 - msg_id_0200 ==> 7E02000042660000000002BC8200000000000C000300C6473B049FAC78039000000000260329203127010400000000140400000000150400000000160400000000170200002A02000030014D3101133D7E
2026-03-29 20:31:59 - msg_id_0200 ==> 7E02000042660000000002BC8D00000000000C000300C6473F049FAC70039000000000260329203158010400000000140400000000150400000000160400000000170200002A02000030014D310111437E
2026-03-29 20:32:30 - msg_id_0200 ==> 7E02000042660000000002BC9800000000000C000300C64741049FAC70039000000000260329203229010400000000140400000000150400000000160400000000170200002A02000030014D310112597E
2026-03-29 20:33:01 - msg_id_0200 ==> 7E02000042660000000002BCA300000000000C000300C64741049FAC78039000000000260329203300010400000000140400000000150400000000160400000000170200002A02000030014D310112427E
2026-03-29 20:33:32 - msg_id_0200 ==> 7E02000042660000000002BCAE00000000000C000300C6473F049FAC78039000000000260329203331010400000000140400000000150400000000160400000000170200002A02000030014D310113017E
2026-03-29 20:34:03 - msg_id_0200 ==> 7E02000042660000000002BCB900000000000C000300C64740049FAC78039000000000260329203402010400000000140400000000150400000000160400000000170200002A02000030014D3101115F7E
2026-03-29 20:34:34 - msg_id_0200 ==> 7E02000042660000000002BCC400000000000C000300C64740049FAC78039000000000260329203433010400000000140400000000150400000000160400000000170200002A02000030014D310111137E
2026-03-29 20:35:05 - msg_id_0200 ==> 7E02000042660000000002BCCF00000000000C000300C64740049FAC78039000000000260329203504010400000000140400000000150400000000160400000000170200002A02000030014D3101112E7E
2026-03-29 20:35:36 - msg_id_0200 ==> 7E02000042660000000002BCDA00000000000C000300C6473F049FAC78039000000000260329203535010400000000140400000000150400000000160400000000170200002A02000030014D310110747E
2026-03-29 20:36:07 - msg_id_0200 ==> 7E02000042660000000002BCE500000000000C000300C6473F049FAC78039000000000260329203606010400000000140400000000150400000000160400000000170200002A02000030014D310112797E
2026-03-29 20:36:38 - msg_id_0200 ==> 7E02000042660000000002BCF000000000000C000300C6473E049FAC80039000000000260329203637010400000000140400000000150400000000160400000000170200002A02000030014D310112A47E
2026-03-29 20:37:09 - msg_id_0200 ==> 7E02000042660000000002BCFB00000000000C000300C6473B049FAC78039000000000260329203708010400000000140400000000150400000000160400000000170200002A02000030014D3101136D7E
2026-03-29 20:37:40 - msg_id_0200 ==> 7E02000042660000000002BD0600000000000C000300C64732049FAC78039100000000260329203739010400000000140400000000150400000000160400000000170200002A02000030014D310113A87E
2026-03-29 20:38:11 - msg_id_0200 ==> 7E02000042660000000002BD1100000000000C000300C64736049FAC78039100000000260329203810010400000000140400000000150400000000160400000000170200002A02000030014D3101129C7E
2026-03-29 20:38:42 - msg_id_0200 ==> 7E02000042660000000002BD1C00000000000C000300C64732049FAC78039200000000260329203841010400000000140400000000150400000000160400000000170200002A02000030014D310112C77E
2026-03-29 20:39:13 - msg_id_0200 ==> 7E02000042660000000002BD2700000000000C000300C64731049FAC78039100000000260329203912010400000000140400000000150400000000160400000000170200002A02000030014D310112AE7E
2026-03-29 20:39:43 - msg_id_0200 ==> 7E02000042660000000002BD3200000000000C000300C64730049FAC70039200000000260329203943010400000000140400000000150400000000160400000000170200002A02000030014D310114E67E
2026-03-29 20:40:15 - msg_id_0200 ==> 7E02000042660000000002BD3D00000000000C000300C6472E049FAC78039200000000260329204014010400000000140400000000150400000000160400000000170200002A02000030014D310114D17E
2026-03-29 20:40:46 - msg_id_0200 ==> 7E02000042660000000002BD4800000000000C000300C6472C049FAC70039200000000260329204045010400000000140400000000150400000000160400000000170200002A02000030014D310115FE7E
2026-03-29 20:41:16 - msg_id_0200 ==> 7E02000042660000000002BD5300000000000C000300C6472D049FAC70039200000000260329204116010400000000140400000000150400000000160400000000170200002A02000030014D310115B67E
2026-03-29 20:41:48 - msg_id_0200 ==> 7E02000042660000000002BD5E00000000000C000300C6472B049FAC70039100000000260329204147010400000000140400000000150400000000160400000000170200002A02000030014D310113E97E
2026-03-29 20:42:19 - msg_id_0200 ==> 7E02000042660000000002BD6900000000000C000300C64729049FAC70039200000000260329204218010400000000140400000000150400000000160400000000170200002A02000030014D310115857E
2026-03-29 20:42:49 - msg_id_0200 ==> 7E02000042660000000002BD7400000000000C000300C64724049FAC70039200000000260329204249010400000000140400000000150400000000160400000000170200002A02000030014D310115C47E
2026-03-29 20:43:20 - msg_id_0200 ==> 7E02000042660000000002BD7F00000100000C000300C64724049FAC70039200000000260329204319010400000000140400000000150400000000160400000000170200002A02000030014D3101159F7E
2026-03-29 20:43:25 - msg_id_0200 ==> 7E02000042660000000002BD8200000000000C000300C64725049FAC70039200000000260329204324010400000000140400000000150400000000160400000000170200002A02000030014D3101145E7E
2026-03-29 20:43:56 - msg_id_0200 ==> 7E02000042660000000002BD8D00000000000C000300C64725049FAC70039200000000260329204355010400000000140400000000150400000000160400000000170200002A02000030014D310114207E
2026-03-29 20:44:27 - msg_id_0200 ==> 7E02000042660000000002BD9800000000000C000300C64726049FAC78039200000000260329204426010400000000140400000000150400000000160400000000170200002A02000030014D3101144A7E
2026-03-29 20:44:58 - msg_id_0200 ==> 7E02000042660000000002BDA300000000000C000300C64724049FAC78039200000000260329204457010400000000140400000000150400000000160400000000170200002A02000030014D310115037E
2026-03-29 20:45:29 - msg_id_0200 ==> 7E02000042660000000002BDAE00000000000C000300C64725049FAC78039200000000260329204528010400000000140400000000150400000000160400000000170200002A02000030014D310115717E
2026-03-29 20:46:00 - msg_id_0200 ==> 7E02000042660000000002BDB900000000000C000300C64725049FAC78039200000000260329204559010400000000140400000000150400000000160400000000170200002A02000030014D310116147E
2026-03-29 20:46:30 - msg_id_0200 ==> 7E02000042660000000002BDC400000000000C000300C64726049FAC78039200000000260329204630010400000000140400000000150400000000160400000000170200002A02000030014D310115037E
2026-03-29 20:47:02 - msg_id_0200 ==> 7E02000042660000000002BDCF00000000000C000300C64727049FAC78039200000000260329204701010400000000140400000000150400000000160400000000170200002A02000030014D310115397E
2026-03-29 20:47:33 - msg_id_0200 ==> 7E02000042660000000002BDDA00000000000C000300C64725049FAC78039200000000260329204732010400000000140400000000150400000000160400000000170200002A02000030014D3101131B7E
2026-03-29 20:48:03 - msg_id_0200 ==> 7E02000042660000000002BDE500000000000C000300C64723049FAC78039200000000260329204803010400000000140400000000150400000000160400000000170200002A02000030014D3101121D7E
2026-03-29 20:48:35 - msg_id_0200 ==> 7E02000042660000000002BDF000000000000C000300C64725049FAC78039200000000260329204834010400000000140400000000150400000000160400000000170200002A02000030014D3101153E7E
2026-03-29 20:49:06 - msg_id_0200 ==> 7E02000042660000000002BDFB00000000000C000300C64726049FAC78039200000000260329204905010400000000140400000000150400000000160400000000170200002A02000030014D310115067E
2026-03-29 20:49:37 - msg_id_0200 ==> 7E02000042660000000002BE0600000000000C000300C64726049FAC78039200000000260329204936010400000000140400000000150400000000160400000000170200002A02000030014D310112CC7E
2026-03-29 20:50:08 - msg_id_0200 ==> 7E02000042660000000002BE1100000000000C000300C64726049FAC78039200000000260329205007010400000000140400000000150400000000160400000000170200002A02000030014D310114F57E
2026-03-29 20:50:39 - msg_id_0200 ==> 7E02000042660000000002BE1C00000000000C000300C64726049FAC78039200000000260329205038010400000000140400000000150400000000160400000000170200002A02000030014D310114C77E
2026-03-29 20:51:10 - msg_id_0200 ==> 7E02000042660000000002BE2700000000000C000300C64726049FAC78039100000000260329205109010400000000140400000000150400000000160400000000170200002A02000030014D310113C87E
2026-03-29 20:51:41 - msg_id_0200 ==> 7E02000042660000000002BE3200000000000C000300C64728049FAC78039100000000260329205140010400000000140400000000150400000000160400000000170200002A02000030014D3101149D7E
2026-03-29 20:52:12 - msg_id_0200 ==> 7E02000042660000000002BE3D00000000000C000300C64729049FAC78039100000000260329205211010400000000140400000000150400000000160400000000170200002A02000030014D310113C67E
2026-03-29 20:52:43 - msg_id_0200 ==> 7E02000042660000000002BE4800000000000C000300C6472A049FAC78039100000000260329205242010400000000140400000000150400000000160400000000170200002A02000030014D310115E57E
2026-03-29 20:53:14 - msg_id_0200 ==> 7E02000042660000000002BE5300000000000C000300C6472A049FAC78039100000000260329205313010400000000140400000000150400000000160400000000170200002A02000030014D310113A87E
2026-03-29 20:53:45 - msg_id_0200 ==> 7E02000042660000000002BE5E00000000000C000300C64728049FAC78039100000000260329205344010400000000140400000000150400000000160400000000170200002A02000030014D310112F17E
2026-03-29 20:54:16 - msg_id_0200 ==> 7E02000042660000000002BE6900000000000C000300C64727049FAC78039100000000260329205415010400000000140400000000150400000000160400000000170200002A02000030014D310114997E
2026-03-29 20:54:47 - msg_id_0200 ==> 7E02000042660000000002BE7400000000000C000300C64726049FAC78039100000000260329205446010400000000140400000000150400000000160400000000170200002A02000030014D310114D67E
2026-03-29 20:55:18 - msg_id_0200 ==> 7E02000042660000000002BE7F00000100000C000300C64728049FAC78039100000000260329205517010400000000140400000000150400000000160400000000170200002A02000030014D310113857E
2026-03-29 20:55:23 - msg_id_0200 ==> 7E02000042660000000002BE8200000000000C000300C64729049FAC78039100000000260329205522010400000000140400000000150400000000160400000000170200002A02000030014D3101144A7E
2026-03-29 20:55:54 - msg_id_0200 ==> 7E02000042660000000002BE8D00000000000C000300C6472A049FAC70039100000000260329205553010400000000140400000000150400000000160400000000170200002A02000030014D3101153E7E
2026-03-29 20:56:25 - msg_id_0200 ==> 7E02000042660000000002BE9800000000000C000300C64729049FAC70039100000000260329205624010400000000140400000000150400000000160400000000170200002A02000030014D3101145D7E
2026-03-29 20:56:56 - msg_id_0200 ==> 7E02000042660000000002BEA300000000000C000300C64728049FAC78039100000000260329205655010400000000140400000000150400000000160400000000170200002A02000030014D3101151F7E
2026-03-29 20:57:27 - msg_id_0200 ==> 7E02000042660000000002BEAE00000000000C000300C64728049FAC78039000000000260329205726010400000000140400000000150400000000160400000000170200002A02000030014D310115617E
2026-03-29 20:57:58 - msg_id_0200 ==> 7E02000042660000000002BEB900000000000C000300C64726049FAC70039000000000260329205757010400000000140400000000150400000000160400000000170200002A02000030014D310115017E
2026-03-29 20:58:29 - msg_id_0200 ==> 7E02000042660000000002BEC400000000000C000300C64720049FAC70039000000000260329205828010400000000140400000000150400000000160400000000170200002A02000030014D3101120D7E
2026-03-29 20:59:00 - msg_id_0200 ==> 7E02000042660000000002BECF00000000000C000300C64720049FAC70039000000000260329205859010400000000140400000000150400000000160400000000170200002A02000030014D310114717E
2026-03-29 20:59:31 - msg_id_0200 ==> 7E02000042660000000002BEDA00000000000C000300C64720049FAC78039000000000260329205930010400000000140400000000150400000000160400000000170200002A02000030014D310114047E
2026-03-29 21:00:02 - msg_id_0200 ==> 7E02000042660000000002BEE500000000000C000300C6471E049FAC70039000000000260329210001010400000000140400000000150400000000160400000000170200002A02000030014D310114647E
2026-03-29 21:00:33 - msg_id_0200 ==> 7E02000042660000000002BEF000000000000C000300C6471C049FAC78039000000000260329210032010400000000140400000000150400000000160400000000170200002A02000030014D310114487E
2026-03-29 21:01:04 - msg_id_0200 ==> 7E02000042660000000002BEFB00000000000C000300C6471D049FAC78039000000000260329210103010400000000140400000000150400000000160400000000170200002A02000030014D310113757E
2026-03-29 21:01:35 - msg_id_0200 ==> 7E02000042660000000002BF0600000000000C000300C6471E049FAC70038F00000000260329210134010400000000140400000000150400000000160400000000170200002A02000030014D310113AA7E
2026-03-29 21:02:06 - msg_id_0200 ==> 7E02000042660000000002BF1100000000000C000300C6471C049FAC78038F00000000260329210205010400000000140400000000150400000000160400000000170200002A02000030014D310113857E
2026-03-29 21:02:37 - msg_id_0200 ==> 7E02000042660000000002BF1C00000000000C000300C6471B049FAC78038F00000000260329210236010400000000140400000000150400000000160400000000170200002A02000030014D310113BC7E
2026-03-29 21:03:08 - msg_id_0200 ==> 7E02000042660000000002BF2700000000000C000300C6471A049FAC78038F00000000260329210307010400000000140400000000150400000000160400000000170200002A02000030014D310115B07E
2026-03-29 21:03:39 - msg_id_0200 ==> 7E02000042660000000002BF3200000000000C000300C6471A049FAC80038F00000000260329210338010400000000140400000000150400000000160400000000170200002A02000030014D310113647E
2026-03-29 21:04:10 - msg_id_0200 ==> 7E02000042660000000002BF3D00000000000C000300C64719049FAC80038F00000000260329210409010400000000140400000000150400000000160400000000170200002A02000030014D310115587E
2026-03-29 21:04:41 - msg_id_0200 ==> 7E02000042660000000002BF4800000000000C000300C64718049FAC80038F00000000260329210440010400000000140400000000150400000000160400000000170200002A02000030014D310115657E
2026-03-29 21:05:12 - msg_id_0200 ==> 7E02000042660000000002BF5300000000000C000300C64718049FAC80038F00000000260329210511010400000000140400000000150400000000160400000000170200002A02000030014D3101142F7E
2026-03-29 21:05:43 - msg_id_0200 ==> 7E02000042660000000002BF5E00000000000C000300C6471A049FAC80038E00000000260329210542010400000000140400000000150400000000160400000000170200002A02000030014D310114727E
2026-03-29 21:06:14 - msg_id_0200 ==> 7E02000042660000000002BF6900000000000C000300C6471D049FAC80038E00000000260329210613010400000000140400000000150400000000160400000000170200002A02000030014D310113177E
2026-03-29 21:06:45 - msg_id_0200 ==> 7E02000042660000000002BF7400000000000C000300C6471E049FAC80038E00000000260329210644010400000000140400000000150400000000160400000000170200002A02000030014D3101135E7E
2026-03-29 21:07:16 - msg_id_0200 ==> 7E02000042660000000002BF7F00000100000C000300C6471E049FAC80038E00000000260329210715010400000000140400000000150400000000160400000000170200002A02000030014D310113047E
2026-03-29 21:07:21 - msg_id_0200 ==> 7E02000042660000000002BF8200000000000C000300C6471E049FAC80038E00000000260329210720010400000000140400000000150400000000160400000000170200002A02000030014D310112CC7E
2026-03-29 21:07:52 - msg_id_0200 ==> 7E02000042660000000002BF8D00000000000C000300C64721049FAC80038E00000000260329210751010400000000140400000000150400000000160400000000170200002A02000030014D3101138C7E
2026-03-29 21:08:23 - msg_id_0200 ==> 7E02000042660000000002BF9800000000000C000300C64723049FAC88038E00000000260329210822010400000000140400000000150400000000160400000000170200002A02000030014D310112EE7E
2026-03-29 21:08:54 - msg_id_0200 ==> 7E02000042660000000002BFA300000000000C000300C64723049FAC80038E00000000260329210853010400000000140400000000150400000000160400000000170200002A02000030014D310113AD7E
2026-03-29 21:09:25 - msg_id_0200 ==> 7E02000042660000000002BFAE00000000000C000300C64723049FAC80038E00000000260329210924010400000000140400000000150400000000160400000000170200002A02000030014D310114D17E
2026-03-29 21:09:56 - msg_id_0200 ==> 7E02000042660000000002BFB900000000000C000300C64723049FAC80038E00000000260329210955010400000000140400000000150400000000160400000000170200002A02000030014D310114B77E
2026-03-29 21:10:27 - msg_id_0200 ==> 7E02000042660000000002BFC400000000000C000300C64723049FAC80038D00000000260329211026010400000000140400000000150400000000160400000000170200002A02000030014D310113A47E
2026-03-29 21:10:58 - msg_id_0200 ==> 7E02000042660000000002BFCF00000000000C000300C64724049FAC80038D00000000260329211057010400000000140400000000150400000000160400000000170200002A02000030014D310115DF7E
2026-03-29 21:11:29 - msg_id_0200 ==> 7E02000042660000000002BFDA00000000000C000300C64724049FAC80038E00000000260329211128010400000000140400000000150400000000160400000000170200002A02000030014D310116B47E
2026-03-29 21:12:00 - msg_id_0200 ==> 7E02000042660000000002BFE500000000000C000300C64725049FAC78038E00000000260329211159010400000000140400000000150400000000160400000000170200002A02000030014D310117027E
2026-03-29 21:12:31 - msg_id_0200 ==> 7E02000042660000000002BFF000000000000C000300C64724049FAC78038E00000000260329211230010400000000140400000000150400000000160400000000170200002A02000030014D3101167D017E
2026-03-29 21:13:02 - msg_id_0200 ==> 7E02000042660000000002BFFB00000000000C000300C64725049FAC78038E00000000260329211301010400000000140400000000150400000000160400000000170200002A02000030014D310115447E
2026-03-29 21:13:33 - msg_id_0200 ==> 7E02000042660000000002C00600000000000C000300C64726049FAC78038E00000000260329211332010400000000140400000000150400000000160400000000170200002A02000030014D310115F67E
2026-03-29 21:14:04 - msg_id_0200 ==> 7E02000042660000000002C01100000000000C000300C64726049FAC78038D00000000260329211403010400000000140400000000150400000000160400000000170200002A02000030014D310116D77E
2026-03-29 21:14:35 - msg_id_0200 ==> 7E02000042660000000002C01C00000000000C000300C64725049FAC78038E00000000260329211434010400000000140400000000150400000000160400000000170200002A02000030014D310115EE7E
2026-03-29 21:15:06 - msg_id_0200 ==> 7E02000042660000000002C02700000000000C000300C64724049FAC70038E00000000260329211505010400000000140400000000150400000000160400000000170200002A02000030014D310115EC7E
2026-03-29 21:15:37 - msg_id_0200 ==> 7E02000042660000000002C03200000000000C000300C64724049FAC70038E00000000260329211536010400000000140400000000150400000000160400000000170200002A02000030014D310117C87E
2026-03-29 21:16:08 - msg_id_0200 ==> 7E02000042660000000002C03D00000000000C000300C64726049FAC70038D00000000260329211607010400000000140400000000150400000000160400000000170200002A02000030014D310116F57E
2026-03-29 21:16:39 - msg_id_0200 ==> 7E02000042660000000002C04800000000000C000300C64725049FAC68038D00000000260329211638010400000000140400000000150400000000160400000000170200002A02000030014D310116A47E
2026-03-29 21:17:10 - msg_id_0200 ==> 7E02000042660000000002C05300000000000C000300C64722049FAC68038D00000000260329211709010400000000140400000000150400000000160400000000170200002A02000030014D310117897E
2026-03-29 21:17:41 - msg_id_0200 ==> 7E02000042660000000002C05E00000000000C000300C64723049FAC68038D00000000260329211740010400000000140400000000150400000000160400000000170200002A02000030014D310117CC7E
2026-03-29 21:18:12 - msg_id_0200 ==> 7E02000042660000000002C06900000000000C000300C64723049FAC68038D00000000260329211811010400000000140400000000150400000000160400000000170200002A02000030014D310115A77E
2026-03-29 21:18:43 - msg_id_0200 ==> 7E02000042660000000002C07400000000000C000300C64720049FAC68038D00000000260329211842010400000000140400000000150400000000160400000000170200002A02000030014D310115EA7E
2026-03-29 21:19:13 - msg_id_0200 ==> 7E02000042660000000002C07F00000100000C000300C6471D049FAC68038D00000000260329211912010400000000140400000000150400000000160400000000170200002A02000030014D3101148D7E
2026-03-29 21:19:18 - msg_id_0200 ==> 7E02000042660000000002C08200000000000C000300C6471D049FAC68038D00000000260329211917010400000000140400000000150400000000160400000000170200002A02000030014D310114747E
2026-03-29 21:19:49 - msg_id_0200 ==> 7E02000042660000000002C08D00000000000C000300C6471D049FAC60038E00000000260329211948010400000000140400000000150400000000160400000000170200002A02000030014D310113287E
2026-03-29 21:20:20 - msg_id_0200 ==> 7E02000042660000000002C09800000000000C000300C6471D049FAC60038E00000000260329212019010400000000140400000000150400000000160400000000170200002A02000030014D310114527E
2026-03-29 21:20:51 - msg_id_0200 ==> 7E02000042660000000002C0A300000000000C000300C6471E049FAC60038E00000000260329212050010400000000140400000000150400000000160400000000170200002A02000030014D310117207E
2026-03-29 21:21:22 - msg_id_0200 ==> 7E02000042660000000002C0AE00000000000C000300C6471F049FAC60038E00000000260329212121010400000000140400000000150400000000160400000000170200002A02000030014D3101155E7E
2026-03-29 21:21:53 - msg_id_0200 ==> 7E02000042660000000002C0B900000000000C000300C64720049FAC60038E00000000260329212152010400000000140400000000150400000000160400000000170200002A02000030014D310114047E
2026-03-29 21:22:24 - msg_id_0200 ==> 7E02000042660000000002C0C400000000000C000300C64721049FAC60038E00000000260329212223010400000000140400000000150400000000160400000000170200002A02000030014D3101150B7E
2026-03-29 21:22:55 - msg_id_0200 ==> 7E02000042660000000002C0CF00000000000C000300C64721049FAC60038E00000000260329212254010400000000140400000000150400000000160400000000170200002A02000030014D310113717E
2026-03-29 21:23:26 - msg_id_0200 ==> 7E02000042660000000002C0DA00000000000C000300C64722049FAC60038E00000000260329212325010400000000140400000000150400000000160400000000170200002A02000030014D310113177E
2026-03-29 21:23:57 - msg_id_0200 ==> 7E02000042660000000002C0E500000000000C000300C64722049FAC58038E00000000260329212356010400000000140400000000150400000000160400000000170200002A02000030014D310115657E
2026-03-29 21:24:28 - msg_id_0200 ==> 7E02000042660000000002C0F000000000000C000300C64724049FAC58038E00000000260329212427010400000000140400000000150400000000160400000000170200002A02000030014D310115007E
2026-03-29 21:24:59 - msg_id_0200 ==> 7E02000042660000000002C0FB00000000000C000300C64724049FAC58038E00000000260329212458010400000000140400000000150400000000160400000000170200002A02000030014D310115747E
2026-03-29 21:25:30 - msg_id_0200 ==> 7E02000042660000000002C10600000000000C000300C64724049FAC58038E00000000260329212529010400000000140400000000150400000000160400000000170200002A02000030014D310116FB7E
2026-03-29 21:26:01 - msg_id_0200 ==> 7E02000042660000000002C11100000000000C000300C64724049FAC58038E00000000260329212600010400000000140400000000150400000000160400000000170200002A02000030014D310115C57E
2026-03-29 21:26:32 - msg_id_0200 ==> 7E02000042660000000002C11C00000000000C000300C64728049FAC58038E00000000260329212631010400000000140400000000150400000000160400000000170200002A02000030014D310116F67E
2026-03-29 21:27:03 - msg_id_0200 ==> 7E02000042660000000002C12700000000000C000300C64726049FAC58038E00000000260329212702010400000000140400000000150400000000160400000000170200002A02000030014D310116F17E
2026-03-29 21:27:34 - msg_id_0200 ==> 7E02000042660000000002C13200000000000C000300C64725049FAC58038E00000000260329212733010400000000140400000000150400000000160400000000170200002A02000030014D310117D77E
2026-03-29 21:28:05 - msg_id_0200 ==> 7E02000042660000000002C13D00000000000C000300C64723049FAC58038E00000000260329212804010400000000140400000000150400000000160400000000170200002A02000030014D310115E47E
2026-03-29 21:28:36 - msg_id_0200 ==> 7E02000042660000000002C14800000000000C000300C64724049FAC58038E00000000260329212835010400000000140400000000150400000000160400000000170200002A02000030014D310116A47E
2026-03-29 21:29:07 - msg_id_0200 ==> 7E02000042660000000002C15300000000000C000300C64724049FAC58038E00000000260329212906010400000000140400000000150400000000160400000000170200002A02000030014D3101168D7E
2026-03-29 21:29:38 - msg_id_0200 ==> 7E02000042660000000002C15E00000000000C000300C64724049FAC58038E00000000260329212937010400000000140400000000150400000000160400000000170200002A02000030014D310116B17E
2026-03-29 21:30:09 - msg_id_0200 ==> 7E02000042660000000002C16900000000000C000300C64724049FAC58038E00000000260329213008010400000000140400000000150400000000160400000000170200002A02000030014D310114A27E
2026-03-29 21:30:40 - msg_id_0200 ==> 7E02000042660000000002C17400000000000C000300C64724049FAC58038E00000000260329213039010400000000140400000000150400000000160400000000170200002A02000030014D3101148E7E
2026-03-29 21:31:11 - msg_id_0200 ==> 7E02000042660000000002C17F00000100000C000300C64722049FAC58038E00000000260329213110010400000000140400000000150400000000160400000000170200002A02000030014D310116A87E
2026-03-29 21:31:16 - msg_id_0200 ==> 7E02000042660000000002C18200000000000C000300C64722049FAC58038E00000000260329213115010400000000140400000000150400000000160400000000170200002A02000030014D310116517E
2026-03-29 21:31:47 - msg_id_0200 ==> 7E02000042660000000002C18D00000000000C000300C64722049FAC58038E00000000260329213146010400000000140400000000150400000000160400000000170200002A02000030014D3101150E7E
2026-03-29 21:32:18 - msg_id_0200 ==> 7E02000042660000000002C19800000000000C000300C64722049FAC50038E00000000260329213217010400000000140400000000150400000000160400000000170200002A02000030014D310115417E
2026-03-29 21:32:49 - msg_id_0200 ==> 7E02000042660000000002C1A300000000000C000300C64723049FAC58038E00000000260329213248010400000000140400000000150400000000160400000000170200002A02000030014D3101132A7E
2026-03-29 21:33:19 - msg_id_0200 ==> 7E02000042660000000002C1AE00000000000C000300C64724049FAC58038E00000000260329213319010400000000140400000000150400000000160400000000170200002A02000030014D310115767E
2026-03-29 21:33:51 - msg_id_0200 ==> 7E02000042660000000002C1B900000000000C000300C64725049FAC58038E00000000260329213350010400000000140400000000150400000000160400000000170200002A02000030014D310114287E
2026-03-29 21:34:22 - msg_id_0200 ==> 7E02000042660000000002C1C400000000000C000300C64723049FAC58038E00000000260329213421010400000000140400000000150400000000160400000000170200002A02000030014D310114257E
2026-03-29 21:34:52 - msg_id_0200 ==> 7E02000042660000000002C1CF00000000000C000300C64722049FAC58038E00000000260329213452010400000000140400000000150400000000160400000000170200002A02000030014D3101135B7E
2026-03-29 21:35:24 - msg_id_0200 ==> 7E02000042660000000002C1DA00000000000C000300C64725049FAC58038E00000000260329213523010400000000140400000000150400000000160400000000170200002A02000030014D3101143E7E
2026-03-29 21:35:55 - msg_id_0200 ==> 7E02000042660000000002C1E500000000000C000300C64727049FAC58038E00000000260329213554010400000000140400000000150400000000160400000000170200002A02000030014D310116767E
2026-03-29 21:36:26 - msg_id_0200 ==> 7E02000042660000000002C1F000000000000C000300C64727049FAC58038E00000000260329213625010400000000140400000000150400000000160400000000170200002A02000030014D310115127E
2026-03-29 21:36:57 - msg_id_0200 ==> 7E02000042660000000002C1FB00000000000C000300C64728049FAC58038D00000000260329213656010400000000140400000000150400000000160400000000170200002A02000030014D310115667E
2026-03-29 21:37:28 - msg_id_0200 ==> 7E02000042660000000002C20600000000000C000300C64729049FAC58038D00000000260329213727010400000000140400000000150400000000160400000000170200002A02000030014D310113EF7E
2026-03-29 21:37:59 - msg_id_0200 ==> 7E02000042660000000002C21100000000000C000300C64728049FAC58038D00000000260329213758010400000000140400000000150400000000160400000000170200002A02000030014D310114817E
2026-03-29 21:38:30 - msg_id_0200 ==> 7E02000042660000000002C21C00000000000C000300C64729049FAC58038D00000000260329213829010400000000140400000000150400000000160400000000170200002A02000030014D310112F57E
2026-03-29 21:39:01 - msg_id_0200 ==> 7E02000042660000000002C22700000000000C000300C6472D049FAC58038D00000000260329213900010400000000140400000000150400000000160400000000170200002A02000030014D310112E27E
2026-03-29 21:39:32 - msg_id_0200 ==> 7E02000042660000000002C23200000000000C000300C64730049FAC58038D00000000260329213931010400000000140400000000150400000000160400000000170200002A02000030014D310114DD7E
2026-03-29 21:40:03 - msg_id_0200 ==> 7E02000042660000000002C23D00000000000C000300C6472F049FAC58038D00000000260329214002010400000000140400000000150400000000160400000000170200002A02000030014D310113807E
2026-03-29 21:40:34 - msg_id_0200 ==> 7E02000042660000000002C24800000000000C000300C6472D049FAC60038D00000000260329214033010400000000140400000000150400000000160400000000170200002A02000030014D310114F97E
2026-03-29 21:41:05 - msg_id_0200 ==> 7E02000042660000000002C25300000000000C000300C6472E049FAC60038D00000000260329214104010400000000140400000000150400000000160400000000170200002A02000030014D310114D77E
2026-03-29 21:41:36 - msg_id_0200 ==> 7E02000042660000000002C25E00000000000C000300C6472E049FAC60038D00000000260329214135010400000000140400000000150400000000160400000000170200002A02000030014D310114EB7E
2026-03-29 21:42:07 - msg_id_0200 ==> 7E02000042660000000002C26900000000000C000300C6472E049FAC60038D00000000260329214206010400000000140400000000150400000000160400000000170200002A02000030014D310111E97E
2026-03-29 21:42:38 - msg_id_0200 ==> 7E02000042660000000002C27400000000000C000300C6472E049FAC60038D00000000260329214237010400000000140400000000150400000000160400000000170200002A02000030014D310113C77E
2026-03-29 21:43:08 - msg_id_0200 ==> 7E02000042660000000002C27F00000100000C000300C6472F049FAC60038D00000000260329214307010400000000140400000000150400000000160400000000170200002A02000030014D310114FA7E
2026-03-29 21:43:13 - msg_id_0200 ==> 7E02000042660000000002C28200000000000C000300C64730049FAC60038D00000000260329214312010400000000140400000000150400000000160400000000170200002A02000030014D3101140C7E
2026-03-29 21:43:44 - msg_id_0200 ==> 7E02000042660000000002C28D00000000000C000300C64732049FAC60038D00000000260329214343010400000000140400000000150400000000160400000000170200002A02000030014D310112567E
2026-03-29 21:44:15 - msg_id_0200 ==> 7E02000042660000000002C29800000000000C000300C64731049FAC60038D00000000260329214414010400000000140400000000150400000000160400000000170200002A02000030014D310113117E
2026-03-29 21:44:46 - msg_id_0200 ==> 7E02000042660000000002C2A300000000000C000300C6472E049FAC68038D00000000260329214445010400000000140400000000150400000000160400000000170200002A02000030014D3101146B7E
2026-03-29 21:45:17 - msg_id_0200 ==> 7E02000042660000000002C2AE00000000000C000300C6472F049FAC68038D00000000260329214516010400000000140400000000150400000000160400000000170200002A02000030014D310113327E
2026-03-29 21:45:48 - msg_id_0200 ==> 7E02000042660000000002C2B900000000000C000300C6472F049FAC70038D00000000260329214547010400000000140400000000150400000000160400000000170200002A02000030014D3101146B7E
2026-03-29 21:46:19 - msg_id_0200 ==> 7E02000042660000000002C2C400000000000C000300C6472F049FAC70038D00000000260329214618010400000000140400000000150400000000160400000000170200002A02000030014D3101124C7E
2026-03-29 21:46:50 - msg_id_0200 ==> 7E02000042660000000002C2CF00000000000C000300C6472F049FAC70038D00000000260329214649010400000000140400000000150400000000160400000000170200002A02000030014D310114107E
2026-03-29 21:47:21 - msg_id_0200 ==> 7E02000042660000000002C2DA00000000000C000300C6472F049FAC78038D00000000260329214720010400000000140400000000150400000000160400000000170200002A02000030014D310113627E
2026-03-29 21:47:52 - msg_id_0200 ==> 7E02000042660000000002C2E500000000000C000300C6472F049FAC78038D00000000260329214751010400000000140400000000150400000000160400000000170200002A02000030014D3101142B7E
2026-03-29 21:48:23 - msg_id_0200 ==> 7E02000042660000000002C2F000000000000C000300C64730049FAC78038D00000000260329214822010400000000140400000000150400000000160400000000170200002A02000030014D3101145D7E
2026-03-29 21:48:54 - msg_id_0200 ==> 7E02000042660000000002C2FB00000000000C000300C6472F049FAC78038D00000000260329214853010400000000140400000000150400000000160400000000170200002A02000030014D310114387E
2026-03-29 21:49:25 - msg_id_0200 ==> 7E02000042660000000002C30600000000000C000300C6472E049FAC78038D00000000260329214924010400000000140400000000150400000000160400000000170200002A02000030014D310113B47E
2026-03-29 21:49:56 - msg_id_0200 ==> 7E02000042660000000002C31100000000000C000300C6472B049FAC78038D00000000260329214955010400000000140400000000150400000000160400000000170200002A02000030014D310113D77E
2026-03-29 21:50:27 - msg_id_0200 ==> 7E02000042660000000002C31C00000000000C000300C64729049FAC78038D00000000260329215026010400000000140400000000150400000000160400000000170200002A02000030014D310114B57E
2026-03-29 21:50:58 - msg_id_0200 ==> 7E02000042660000000002C32700000000000C000300C64728049FAC78038D00000000260329215057010400000000140400000000150400000000160400000000170200002A02000030014D310113F97E
2026-03-29 21:51:29 - msg_id_0200 ==> 7E02000042660000000002C33200000000000C000300C64729049FAC78038D00000000260329215128010400000000140400000000150400000000160400000000170200002A02000030014D310112927E
2026-03-29 21:52:00 - msg_id_0200 ==> 7E02000042660000000002C33D00000000000C000300C64726049FAC78038D00000000260329215159010400000000140400000000150400000000160400000000170200002A02000030014D310111E07E
2026-03-29 21:52:31 - msg_id_0200 ==> 7E02000042660000000002C34800000000000C000300C64727049FAC78038C00000000260329215230010400000000140400000000150400000000160400000000170200002A02000030014D310113FD7E
2026-03-29 21:53:02 - msg_id_0200 ==> 7E02000042660000000002C35300000000000C000300C64727049FAC78038C00000000260329215301010400000000140400000000150400000000160400000000170200002A02000030014D310111D47E
2026-03-29 21:53:33 - msg_id_0200 ==> 7E02000042660000000002C35E00000000000C000300C64728049FAC78038C00000000260329215332010400000000140400000000150400000000160400000000170200002A02000030014D310112E67E
2026-03-29 21:54:04 - msg_id_0200 ==> 7E02000042660000000002C36900000000000C000300C64725049FAC78038D00000000260329215403010400000000140400000000150400000000160400000000170200002A02000030014D310114ED7E
2026-03-29 21:54:35 - msg_id_0200 ==> 7E02000042660000000002C37400000000000C000300C64721049FAC70038D00000000260329215434010400000000140400000000150400000000160400000000170200002A02000030014D310112CD7E
2026-03-29 21:55:06 - msg_id_0200 ==> 7E02000042660000000002C37F00000100000C000300C64721049FAC70038D00000000260329215505010400000000140400000000150400000000160400000000170200002A02000030014D310111F47E
2026-03-29 21:55:11 - msg_id_0200 ==> 7E02000042660000000002C38200000000000C000300C64722049FAC70038D00000000260329215510010400000000140400000000150400000000160400000000170200002A02000030014D3101131C7E
2026-03-29 21:55:42 - msg_id_0200 ==> 7E02000042660000000002C38D00000000000C000300C64724049FAC68038D00000000260329215541010400000000140400000000150400000000160400000000170200002A02000030014D3101135C7E
2026-03-29 21:56:13 - msg_id_0200 ==> 7E02000042660000000002C39800000000000C000300C64725049FAC68038D00000000260329215612010400000000140400000000150400000000160400000000170200002A02000030014D3101141F7E
2026-03-29 21:56:44 - msg_id_0200 ==> 7E02000042660000000002C3A300000000000C000300C64727049FAC68038D00000000260329215643010400000000140400000000150400000000160400000000170200002A02000030014D310114777E
2026-03-29 21:57:15 - msg_id_0200 ==> 7E02000042660000000002C3AE00000000000C000300C64725049FAC60038D00000000260329215714010400000000140400000000150400000000160400000000170200002A02000030014D310113217E
2026-03-29 21:57:46 - msg_id_0200 ==> 7E02000042660000000002C3B900000000000C000300C64724049FAC68038D00000000260329215745010400000000140400000000150400000000160400000000170200002A02000030014D310114697E
2026-03-29 21:58:17 - msg_id_0200 ==> 7E02000042660000000002C3C400000000000C000300C64725049FAC60038D00000000260329215816010400000000140400000000150400000000160400000000170200002A02000030014D310113467E
2026-03-29 21:58:48 - msg_id_0200 ==> 7E02000042660000000002C3CF00000000000C000300C64725049FAC60038D00000000260329215847010400000000140400000000150400000000160400000000170200002A02000030014D3101141B7E
2026-03-29 21:59:19 - msg_id_0200 ==> 7E02000042660000000002C3DA00000000000C000300C64726049FAC60038D00000000260329215918010400000000140400000000150400000000160400000000170200002A02000030014D310113547E
2026-03-29 21:59:50 - msg_id_0200 ==> 7E02000042660000000002C3E500000000000C000300C64726049FAC60038D00000000260329215949010400000000140400000000150400000000160400000000170200002A02000030014D3101123B7E
2026-03-29 22:00:21 - msg_id_0200 ==> 7E02000042660000000002C3F000000000000C000300C64727049FAC60038D00000000260329220020010400000000140400000000150400000000160400000000170200002A02000030014D3101131D7E
2026-03-29 22:00:52 - msg_id_0200 ==> 7E02000042660000000002C3FB00000000000C000300C64727049FAC68038C00000000260329220051010400000000140400000000150400000000160400000000170200002A02000030014D3101136E7E
2026-03-29 22:01:23 - msg_id_0200 ==> 7E02000042660000000002C40600000000000C000300C64726049FAC68038C00000000260329220122010400000000140400000000150400000000160400000000170200002A02000030014D310113E77E
2026-03-29 22:01:54 - msg_id_0200 ==> 7E02000042660000000002C41100000000000C000300C64728049FAC68038C00000000260329220153010400000000140400000000150400000000160400000000170200002A02000030014D3101138F7E
2026-03-29 22:02:25 - msg_id_0200 ==> 7E02000042660000000002C41C00000000000C000300C6472B049FAC68038C00000000260329220224010400000000140400000000150400000000160400000000170200002A02000030014D310110F67E
2026-03-29 22:02:56 - msg_id_0200 ==> 7E02000042660000000002C42700000000000C000300C6472D049FAC68038C00000000260329220255010400000000140400000000150400000000160400000000170200002A02000030014D310112B87E
2026-03-29 22:03:27 - msg_id_0200 ==> 7E02000042660000000002C43200000000000C000300C6472A049FAC68038C00000000260329220326010400000000140400000000150400000000160400000000170200002A02000030014D310112D87E
2026-03-29 22:03:57 - msg_id_0200 ==> 7E02000042660000000002C43D00000000000C000300C6472A049FAC70038C00000000260329220357010400000000140400000000150400000000160400000000170200002A02000030014D310112BE7E
2026-03-29 22:04:29 - msg_id_0200 ==> 7E02000042660000000002C44800000000000C000300C6472A049FAC70038C00000000260329220428010400000000140400000000150400000000160400000000170200002A02000030014D310114B57E
2026-03-29 22:05:00 - msg_id_0200 ==> 7E02000042660000000002C45300000000000C000300C6472B049FAC70038C00000000260329220459010400000000140400000000150400000000160400000000170200002A02000030014D310113D97E
2026-03-29 22:05:31 - msg_id_0200 ==> 7E02000042660000000002C45E00000000000C000300C6472D049FAC70038C00000000260329220530010400000000140400000000150400000000160400000000170200002A02000030014D310111B87E
2026-03-29 22:06:02 - msg_id_0200 ==> 7E02000042660000000002C46900000000000C000300C6472F049FAC70038C00000000260329220601010400000000140400000000150400000000160400000000170200002A02000030014D310113BD7E
2026-03-29 22:06:33 - msg_id_0200 ==> 7E02000042660000000002C47400000000000C000300C64730049FAC70038C00000000260329220632010400000000140400000000150400000000160400000000170200002A02000030014D3101128D7E
2026-03-29 22:07:03 - msg_id_0200 ==> 7E02000042660000000002C47F00000100000C000300C64731049FAC78038C00000000260329220702010400000000140400000000150400000000160400000000170200002A02000030014D310110BD7E
2026-03-29 22:07:09 - msg_id_0200 ==> 7E02000042660000000002C48200000000000C000300C64731049FAC78038C00000000260329220708010400000000140400000000150400000000160400000000170200002A02000030014D3101114A7E
2026-03-29 22:07:40 - msg_id_0200 ==> 7E02000042660000000002C48D00000000000C000300C64732049FAC78038C00000000260329220739010400000000140400000000150400000000160400000000170200002A02000030014D310113757E
2026-03-29 22:08:11 - msg_id_0200 ==> 7E02000042660000000002C49800000000000C000300C64734049FAC80038C00000000260329220810010400000000140400000000150400000000160400000000170200002A02000030014D310112B97E
2026-03-29 22:08:42 - msg_id_0200 ==> 7E02000042660000000002C4A300000000000C000300C64734049FAC80038C00000000260329220841010400000000140400000000150400000000160400000000170200002A02000030014D310113D27E
2026-03-29 22:09:13 - msg_id_0200 ==> 7E02000042660000000002C4AE00000000000C000300C6473C049FAC80038C00000000260329220912010400000000140400000000150400000000160400000000170200002A02000030014D310111877E
2026-03-29 22:09:44 - msg_id_0200 ==> 7E02000042660000000002C4B900000000000C000300C6473D049FAC78038C00000000260329220943010400000000140400000000150400000000160400000000170200002A02000030014D3101123B7E
2026-03-29 22:10:15 - msg_id_0200 ==> 7E02000042660000000002C4C400000000000C000300C64741049FAC80038C00000000260329221014010400000000140400000000150400000000160400000000170200002A02000030014D3101138D7E
2026-03-29 22:10:46 - msg_id_0200 ==> 7E02000042660000000002C4CF00000000000C000300C64743049FAC80038C00000000260329221045010400000000140400000000150400000000160400000000170200002A02000030014D310112D47E
2026-03-29 22:11:17 - msg_id_0200 ==> 7E02000042660000000002C4DA00000000000C000300C64746049FAC88038C00000000260329221116010400000000140400000000150400000000160400000000170200002A02000030014D3101129E7E
2026-03-29 22:11:48 - msg_id_0200 ==> 7E02000042660000000002C4E500000000000C000300C6474B049FAC88038C00000000260329221147010400000000140400000000150400000000160400000000170200002A02000030014D310112FD7E
2026-03-29 22:12:19 - msg_id_0200 ==> 7E02000042660000000002C4F000000000000C000300C6474A049FAC80038C00000000260329221218010400000000140400000000150400000000160400000000170200002A02000030014D310111BE7E
2026-03-29 22:12:50 - msg_id_0200 ==> 7E02000042660000000002C4FB00000000000C000300C6474C049FAC88038C00000000260329221249010400000000140400000000150400000000160400000000170200002A02000030014D310111EA7E
2026-03-29 22:13:21 - msg_id_0200 ==> 7E02000042660000000002C50600000000000C000300C64748049FAC88038C00000000260329221320010400000000140400000000150400000000160400000000170200002A02000030014D310112797E
2026-03-29 22:13:52 - msg_id_0200 ==> 7E02000042660000000002C51100000000000C000300C6474A049FAC80038C00000000260329221351010400000000140400000000150400000000160400000000170200002A02000030014D310112157E
2026-03-29 22:14:23 - msg_id_0200 ==> 7E02000042660000000002C51C00000000000C000300C6474B049FAC80038C00000000260329221422010400000000140400000000150400000000160400000000170200002A02000030014D3101126D7E
2026-03-29 22:14:54 - msg_id_0200 ==> 7E02000042660000000002C52700000000000C000300C6474E049FAC80038C00000000260329221453010400000000140400000000150400000000160400000000170200002A02000030014D310111217E
2026-03-29 22:15:25 - msg_id_0200 ==> 7E02000042660000000002C53200000000000C000300C6474F049FAC80038C00000000260329221524010400000000140400000000150400000000160400000000170200002A02000030014D310112407E
2026-03-29 22:15:56 - msg_id_0200 ==> 7E02000042660000000002C53D00000000000C000300C64750049FAC80038C00000000260329221555010400000000140400000000150400000000160400000000170200002A02000030014D310112217E
2026-03-29 22:16:27 - msg_id_0200 ==> 7E02000042660000000002C54800000000000C000300C64751049FAC80038C00000000260329221626010400000000140400000000150400000000160400000000170200002A02000030014D310110277E
2026-03-29 22:16:58 - msg_id_0200 ==> 7E02000042660000000002C55300000000000C000300C64751049FAC80038C00000000260329221657010400000000140400000000150400000000160400000000170200002A02000030014D3101114C7E
2026-03-29 22:17:29 - msg_id_0200 ==> 7E02000042660000000002C55E00000000000C000300C64751049FAC80038C00000000260329221728010400000000140400000000150400000000160400000000170200002A02000030014D3101113F7E
2026-03-29 22:18:00 - msg_id_0200 ==> 7E02000042660000000002C56900000000000C000300C64756049FAC80038C00000000260329221759010400000000140400000000150400000000160400000000170200002A02000030014D3101137C7E
2026-03-29 22:18:31 - msg_id_0200 ==> 7E02000042660000000002C57400000000000C000300C64756049FAC80038C00000000260329221830010400000000140400000000150400000000160400000000170200002A02000030014D310113077E
2026-03-29 22:19:01 - msg_id_0200 ==> 7E02000042660000000002C57F00000100000C000300C64756049FAC88038C00000000260329221900010400000000140400000000150400000000160400000000170200002A02000030014D310112357E
2026-03-29 22:19:06 - msg_id_0200 ==> 7E02000042660000000002C58200000000000C000300C64756049FAC88038C00000000260329221905010400000000140400000000150400000000160400000000170200002A02000030014D310112CC7E
2026-03-29 22:19:37 - msg_id_0200 ==> 7E02000042660000000002C58D00000000000C000300C64754049FAC80038C00000000260329221936010400000000140400000000150400000000160400000000170200002A02000030014D310113FB7E
2026-03-29 22:20:08 - msg_id_0200 ==> 7E02000042660000000002C59800000000000C000300C64753049FAC80038C00000000260329222007010400000000140400000000150400000000160400000000170200002A02000030014D310113E17E
2026-03-29 22:20:39 - msg_id_0200 ==> 7E02000042660000000002C5A300000000000C000300C64754049FAC80038C00000000260329222038010400000000140400000000150400000000160400000000170200002A02000030014D310112E37E
2026-03-29 22:21:10 - msg_id_0200 ==> 7E02000042660000000002C5AE00000000000C000300C64753049FAC80038C00000000260329222109010400000000140400000000150400000000160400000000170200002A02000030014D310112D97E
2026-03-29 22:21:41 - msg_id_0200 ==> 7E02000042660000000002C5B900000000000C000300C64750049FAC80038C00000000260329222140010400000000140400000000150400000000160400000000170200002A02000030014D310112847E
2026-03-29 22:22:12 - msg_id_0200 ==> 7E02000042660000000002C5C400000000000C000300C6474F049FAC80038C00000000260329222211010400000000140400000000150400000000160400000000170200002A02000030014D310111B77E
2026-03-29 22:22:43 - msg_id_0200 ==> 7E02000042660000000002C5CF00000000000C000300C64750049FAC80038C00000000260329222242010400000000140400000000150400000000160400000000170200002A02000030014D310111F07E
2026-03-29 22:23:14 - msg_id_0200 ==> 7E02000042660000000002C5DA00000000000C000300C64753049FAC80038C00000000260329222313010400000000140400000000150400000000160400000000170200002A02000030014D310111B67E
2026-03-29 22:23:45 - msg_id_0200 ==> 7E02000042660000000002C5E500000000000C000300C64754049FAC80038C00000000260329222344010400000000140400000000150400000000160400000000170200002A02000030014D310111D97E
2026-03-29 22:24:16 - msg_id_0200 ==> 7E02000042660000000002C5F000000000000C000300C64755049FAC78038C00000000260329222415010400000000140400000000150400000000160400000000170200002A02000030014D310111637E
2026-03-29 22:24:47 - msg_id_0200 ==> 7E02000042660000000002C5FB00000000000C000300C64756049FAC78038C00000000260329222446010400000000140400000000150400000000160400000000170200002A02000030014D3101133A7E
2026-03-29 22:25:18 - msg_id_0200 ==> 7E02000042660000000002C60600000000000C000300C64756049FAC78038C00000000260329222517010400000000140400000000150400000000160400000000170200002A02000030014D310113947E
2026-03-29 22:25:49 - msg_id_0200 ==> 7E02000042660000000002C61100000000000C000300C64756049FAC78038C00000000260329222548010400000000140400000000150400000000160400000000170200002A02000030014D310112DD7E
2026-03-29 22:26:20 - msg_id_0200 ==> 7E02000042660000000002C61C00000000000C000300C64755049FAC78038C00000000260329222619010400000000140400000000150400000000160400000000170200002A02000030014D310113807E
2026-03-29 22:26:51 - msg_id_0200 ==> 7E02000042660000000002C62700000000000C000300C64754049FAC80038B00000000260329222650010400000000140400000000150400000000160400000000170200002A02000030014D3101130C7E
2026-03-29 22:27:22 - msg_id_0200 ==> 7E02000042660000000002C63200000000000C000300C64754049FAC80038B00000000260329222721010400000000140400000000150400000000160400000000170200002A02000030014D310112687E
2026-03-29 22:27:53 - msg_id_0200 ==> 7E02000042660000000002C63D00000000000C000300C64753049FAC80038B00000000260329222752010400000000140400000000150400000000160400000000170200002A02000030014D310113127E
2026-03-29 22:28:24 - msg_id_0200 ==> 7E02000042660000000002C64800000000000C000300C64752049FAC80038B00000000260329222823010400000000140400000000150400000000160400000000170200002A02000030014D310113187E
2026-03-29 22:28:55 - msg_id_0200 ==> 7E02000042660000000002C65300000000000C000300C64750049FAC80038B00000000260329222854010400000000140400000000150400000000160400000000170200002A02000030014D310113767E
2026-03-29 22:29:26 - msg_id_0200 ==> 7E02000042660000000002C65E00000000000C000300C64750049FAC80038B00000000260329222925010400000000140400000000150400000000160400000000170200002A02000030014D3101120A7E
2026-03-29 22:29:57 - msg_id_0200 ==> 7E02000042660000000002C66900000000000C000300C64751049FAC80038B00020000260329222956010400000000140400000000150400000000160400000000170200002A02000030014D3101124D7E
2026-03-29 22:30:28 - msg_id_0200 ==> 7E02000042660000000002C67400000000000C000300C64750049FAC80038B00000000260329223027010400000000140400000000150400000000160400000000170200002A02000030014D310110397E
2026-03-29 22:30:59 - msg_id_0200 ==> 7E02000042660000000002C67F00000100000C000300C64750049FAC80038C00000000260329223058010400000000140400000000150400000000160400000000170200002A02000030014D3101104B7E
2026-03-29 22:31:04 - msg_id_0200 ==> 7E02000042660000000002C68200000000000C000300C6474E049FAC80038C00000000260329223103010400000000140400000000150400000000160400000000170200002A02000030014D310110F37E
2026-03-29 22:31:35 - msg_id_0200 ==> 7E02000042660000000002C68D00000000000C000300C6474B049FAC80038C00000000260329223134010400000000140400000000150400000000160400000000170200002A02000030014D310111CF7E
2026-03-29 22:32:06 - msg_id_0200 ==> 7E02000042660000000002C69800000000000C000300C6474A049FAC88038B00000000260329223205010400000000140400000000150400000000160400000000170200002A02000030014D310111E67E
2026-03-29 22:32:37 - msg_id_0200 ==> 7E02000042660000000002C6A300000000000C000300C6474A049FAC88038B00000000260329223236010400000000140400000000150400000000160400000000170200002A02000030014D310111EE7E
2026-03-29 22:33:08 - msg_id_0200 ==> 7E02000042660000000002C6AE00000000000C000300C6474B049FAC80038B00000000260329223307010400000000140400000000150400000000160400000000170200002A02000030014D310111DA7E
2026-03-29 22:33:39 - msg_id_0200 ==> 7E02000042660000000002C6B900000000000C000300C6474B049FAC80038B00000000260329223338010400000000140400000000150400000000160400000000170200002A02000030014D310111F27E
2026-03-29 22:34:10 - msg_id_0200 ==> 7E02000042660000000002C6C400000000000C000300C64747049FAC78038B00000000260329223409010400000000140400000000150400000000160400000000170200002A02000030014D3101114D7E
2026-03-29 22:34:41 - msg_id_0200 ==> 7E02000042660000000002C6CF00000000000C000300C64752049FAC70038A00000000260329223440010400000000140400000000150400000000160400000000170200002A02000030014D310111137E
2026-03-29 22:35:12 - msg_id_0200 ==> 7E02000042660000000002C6DA00000000000C000300C64757049FAC68038A00000000260329223511010400000000140400000000150400000000160400000000170200002A02000030014D3101114B7E
2026-03-29 22:35:43 - msg_id_0200 ==> 7E02000042660000000002C6E500000000000C000300C64754049FAC68038A00000000260329223542010400000000140400000000150400000000160400000000170200002A02000030014D310111247E
2026-03-29 22:36:14 - msg_id_0200 ==> 7E02000042660000000002C6F000000000000C000300C64750049FAC68038A00000000260329223613010400000000140400000000150400000000160400000000170200002A02000030014D310110667E
2026-03-29 22:36:45 - msg_id_0200 ==> 7E02000042660000000002C6FB00000000000C000300C64751049FAC60038A00000000260329223644010400000000140400000000150400000000160400000000170200002A02000030014D310110337E
2026-03-29 22:37:16 - msg_id_0200 ==> 7E02000042660000000002C70600000000000C000300C64752049FAC60038A00000000260329223715010400000000140400000000150400000000160400000000170200002A02000030014D3101119D7E
2026-03-29 22:37:47 - msg_id_0200 ==> 7E02000042660000000002C71100000000000C000300C64751049FAC60038A00000000260329223746010400000000140400000000150400000000160400000000170200002A02000030014D310112D97E
2026-03-29 22:38:18 - msg_id_0200 ==> 7E02000042660000000002C71C00000000000C000300C64750049FAC60038A00000000260329223817010400000000140400000000150400000000160400000000170200002A02000030014D3101138A7E
2026-03-29 22:38:49 - msg_id_0200 ==> 7E02000042660000000002C72700000000000C000300C64751049FAC68038900000000260329223848010400000000140400000000150400000000160400000000170200002A02000030014D310113E47E
2026-03-29 22:39:20 - msg_id_0200 ==> 7E02000042660000000002C73200000000000C000300C64752049FAC68038900000000260329223919010400000000140400000000150400000000160400000000170200002A02000030014D310114A57E
2026-03-29 22:39:51 - msg_id_0200 ==> 7E02000042660000000002C73D00000000000C000300C64750049FAC68038900000000260329223950010400000000140400000000150400000000160400000000170200002A02000030014D310114E17E
2026-03-29 22:40:22 - msg_id_0200 ==> 7E02000042660000000002C74800000000000C000300C6474D049FAC68038900000000260329224021010400000000140400000000150400000000160400000000170200002A02000030014D310113867E
2026-03-29 22:40:53 - msg_id_0200 ==> 7E02000042660000000002C75300000000000C000300C6474E049FAC70038A00000000260329224052010400000000140400000000150400000000160400000000170200002A02000030014D310113F67E
2026-03-29 22:41:24 - msg_id_0200 ==> 7E02000042660000000002C75E00000000000C000300C6474E049FAC68038900000000260329224123010400000000140400000000150400000000160400000000170200002A02000030014D310113907E
2026-03-29 22:41:55 - msg_id_0200 ==> 7E02000042660000000002C76900000000000C000300C6474D049FAC68038A00000000260329224154010400000000140400000000150400000000160400000000170200002A02000030014D310113D07E
2026-03-29 22:42:26 - msg_id_0200 ==> 7E02000042660000000002C77400000000000C000300C6474C049FAC68038A00000000260329224225010400000000140400000000150400000000160400000000170200002A02000030014D310113BE7E
2026-03-29 22:42:56 - msg_id_0200 ==> 7E02000042660000000002C77F00000100000C000300C64749049FAC68038A00000000260329224255010400000000140400000000150400000000160400000000170200002A02000030014D310113C17E
2026-03-29 22:43:01 - msg_id_0200 ==> 7E02000042660000000002C78200000000000C000300C64749049FAC68038A00000000260329224300010400000000140400000000150400000000160400000000170200002A02000030014D310113697E
2026-03-29 22:43:32 - msg_id_0200 ==> 7E02000042660000000002C78D00000000000C000300C64747049FAC60038A00000000260329224331010400000000140400000000150400000000160400000000170200002A02000030014D310113517E
2026-03-29 22:44:03 - msg_id_0200 ==> 7E02000042660000000002C79800000000000C000300C64744049FAC60038A00000000260329224402010400000000140400000000150400000000160400000000170200002A02000030014D310113737E
2026-03-29 22:44:34 - msg_id_0200 ==> 7E02000042660000000002C7A300000000000C000300C64742049FAC60038A00000000260329224433010400000000140400000000150400000000160400000000170200002A02000030014D3101137F7E
2026-03-29 22:45:05 - msg_id_0200 ==> 7E02000042660000000002C7AE00000000000C000300C6473E049FAC68038A00000000260329224504010400000000140400000000150400000000160400000000170200002A02000030014D310113307E
2026-03-29 22:45:36 - msg_id_0200 ==> 7E02000042660000000002C7B900000000000C000300C6473D049FAC68038A00000000260329224535010400000000140400000000150400000000160400000000170200002A02000030014D310113157E
2026-03-29 22:46:07 - msg_id_0200 ==> 7E02000042660000000002C7C400000000000C000300C6473E049FAC68038A00000000260329224606010400000000140400000000150400000000160400000000170200002A02000030014D3101135B7E
2026-03-29 22:46:38 - msg_id_0200 ==> 7E02000042660000000002C7CF00000000000C000300C6473D049FAC68038A00000000260329224637010400000000140400000000150400000000160400000000170200002A02000030014D310112637E
2026-03-29 22:47:09 - msg_id_0200 ==> 7E02000042660000000002C7DA00000000000C000300C6473E049FAC68038A00000000260329224708010400000000140400000000150400000000160400000000170200002A02000030014D3101134A7E
2026-03-29 22:47:40 - msg_id_0200 ==> 7E02000042660000000002C7E500000000000C000300C6473E049FAC68038A00000000260329224739010400000000140400000000150400000000160400000000170200002A02000030014D310112457E
2026-03-29 22:48:11 - msg_id_0200 ==> 7E02000042660000000002C7F000000000000C000300C6473A049FAC60038A00000000260329224810010400000000140400000000150400000000160400000000170200002A02000030014D3101137B7E
2026-03-29 22:48:42 - msg_id_0200 ==> 7E02000042660000000002C7FB00000000000C000300C6473A049FAC60038A00000000260329224841010400000000140400000000150400000000160400000000170200002A02000030014D310113217E
2026-03-29 22:49:13 - msg_id_0200 ==> 7E02000042660000000002C80600000000000C000300C6473A049FAC60038A00000000260329224912010400000000140400000000150400000000160400000000170200002A02000030014D310112807E
2026-03-29 22:49:44 - msg_id_0200 ==> 7E02000042660000000002C81100000000000C000300C6473B049FAC60038A00000000260329224943010400000000140400000000150400000000160400000000170200002A02000030014D310112C77E
2026-03-29 22:50:15 - msg_id_0200 ==> 7E02000042660000000002C81C00000000000C000300C6473E049FAC60038A00000000260329225014010400000000140400000000150400000000160400000000170200002A02000030014D310113807E
2026-03-29 22:50:46 - msg_id_0200 ==> 7E02000042660000000002C82700000000000C000300C64740049FAC60038A00000000260329225045010400000000140400000000150400000000160400000000170200002A02000030014D310113947E
2026-03-29 22:51:17 - msg_id_0200 ==> 7E02000042660000000002C83200000000000C000300C64741049FAC60038A00000000260329225116010400000000140400000000150400000000160400000000170200002A02000030014D310112D37E
2026-03-29 22:51:48 - msg_id_0200 ==> 7E02000042660000000002C83D00000000000C000300C64742049FAC60038A00000000260329225147010400000000140400000000150400000000160400000000170200002A02000030014D3101138F7E
2026-03-29 22:52:19 - msg_id_0200 ==> 7E02000042660000000002C84800000000000C000300C64742049FAC60038A00000000260329225218010400000000140400000000150400000000160400000000170200002A02000030014D310112A77E
2026-03-29 22:52:50 - msg_id_0200 ==> 7E02000042660000000002C85300000000000C000300C64743049FAC68038A00000000260329225249010400000000140400000000150400000000160400000000170200002A02000030014D310112E47E
2026-03-29 22:53:21 - msg_id_0200 ==> 7E02000042660000000002C85E00000000000C000300C64742049FAC68038A00000000260329225320010400000000140400000000150400000000160400000000170200002A02000030014D310111837E
2026-03-29 22:53:52 - msg_id_0200 ==> 7E02000042660000000002C86900000000000C000300C64742049FAC68038A00000000260329225351010400000000140400000000150400000000160400000000170200002A02000030014D310112C67E
2026-03-29 22:54:23 - msg_id_0200 ==> 7E02000042660000000002C87400000000000C000300C64742049FAC68038A00000000260329225422010400000000140400000000150400000000160400000000170200002A02000030014D310113AE7E
2026-03-29 22:54:54 - msg_id_0200 ==> 7E02000042660000000002C87F00000100000C000300C64742049FAC68038A00000000260329225453010400000000140400000000150400000000160400000000170200002A02000030014D310113D57E
2026-03-29 22:54:59 - msg_id_0200 ==> 7E02000042660000000002C88200000000000C000300C64742049FAC68038A00000000260329225458010400000000140400000000150400000000160400000000170200002A02000030014D310113227E
2026-03-29 22:55:30 - msg_id_0200 ==> 7E02000042660000000002C88D00000000000C000300C64742049FAC68038A00000000260329225529010400000000140400000000150400000000160400000000170200002A02000030014D3101135D7E
2026-03-29 22:56:01 - msg_id_0200 ==> 7E02000042660000000002C89800000000000C000300C64741049FAC68038A00000000260329225600010400000000140400000000150400000000160400000000170200002A02000030014D310112607E
2026-03-29 22:56:32 - msg_id_0200 ==> 7E02000042660000000002C8A300000000000C000300C64741049FAC68038A00000000260329225631010400000000140400000000150400000000160400000000170200002A02000030014D3101126A7E
2026-03-29 22:57:03 - msg_id_0200 ==> 7E02000042660000000002C8AE00000000000C000300C64742049FAC68038A00000000260329225702010400000000140400000000150400000000160400000000170200002A02000030014D310112567E
2026-03-29 22:57:34 - msg_id_0200 ==> 7E02000042660000000002C8B900000000000C000300C64742049FAC68038A00000000260329225733010400000000140400000000150400000000160400000000170200002A02000030014D310111737E
2026-03-29 22:58:05 - msg_id_0200 ==> 7E02000042660000000002C8C400000000000C000300C64740049FAC68038A00000000260329225804010400000000140400000000150400000000160400000000170200002A02000030014D310110357E
2026-03-29 22:58:36 - msg_id_0200 ==> 7E02000042660000000002C8CF00000000000C000300C6473F049FAC68038A00000000260329225835010400000000140400000000150400000000160400000000170200002A02000030014D310110707E
2026-03-29 22:59:07 - msg_id_0200 ==> 7E02000042660000000002C8DA00000000000C000300C6473F049FAC68038B00000000260329225906010400000000140400000000150400000000160400000000170200002A02000030014D310110567E
2026-03-29 22:59:38 - msg_id_0200 ==> 7E02000042660000000002C8E500000000000C000300C64740049FAC68038B00000000260329225937010400000000140400000000150400000000160400000000170200002A02000030014D310112257E
2026-03-29 23:00:09 - msg_id_0200 ==> 7E02000042660000000002C8F000000000000C000300C64742049FAC68038B00000000260329230008010400000000140400000000150400000000160400000000170200002A02000030014D310113547E
2026-03-29 23:00:40 - msg_id_0200 ==> 7E02000042660000000002C8FB00000000000C000300C64742049FAC60038B00000000260329230039010400000000140400000000150400000000160400000000170200002A02000030014D310111647E
2026-03-29 23:01:11 - msg_id_0200 ==> 7E02000042660000000002C90600000000000C000300C64742049FAC60038B00000000260329230110010400000000140400000000150400000000160400000000170200002A02000030014D310112B37E
2026-03-29 23:01:42 - msg_id_0200 ==> 7E02000042660000000002C91100000000000C000300C64741049FAC60038B00000000260329230141010400000000140400000000150400000000160400000000170200002A02000030014D310113F77E
2026-03-29 23:02:13 - msg_id_0200 ==> 7E02000042660000000002C91C00000000000C000300C64740049FAC60038B00000000260329230212010400000000140400000000150400000000160400000000170200002A02000030014D310112AA7E
2026-03-29 23:02:44 - msg_id_0200 ==> 7E02000042660000000002C92700000000000C000300C64741049FAC60038B00000000260329230243010400000000140400000000150400000000160400000000170200002A02000030014D310112C17E
2026-03-29 23:03:15 - msg_id_0200 ==> 7E02000042660000000002C93200000000000C000300C64740049FAC60038B00000000260329230314010400000000140400000000150400000000160400000000170200002A02000030014D310113827E
2026-03-29 23:03:46 - msg_id_0200 ==> 7E02000042660000000002C93D00000000000C000300C64740049FAC60038B00000000260329230345010400000000140400000000150400000000160400000000170200002A02000030014D310113DC7E
2026-03-29 23:04:17 - msg_id_0200 ==> 7E02000042660000000002C94800000000000C000300C6473D049FAC58038B00000000260329230416010400000000140400000000150400000000160400000000170200002A02000030014D310112B97E
2026-03-29 23:04:48 - msg_id_0200 ==> 7E02000042660000000002C95300000000000C000300C6473C049FAC58038B00000000260329230447010400000000140400000000150400000000160400000000170200002A02000030014D310112F27E
2026-03-29 23:05:19 - msg_id_0200 ==> 7E02000042660000000002C95E00000000000C000300C64738049FAC58038B00000000260329230518010400000000140400000000150400000000160400000000170200002A02000030014D310112A57E
2026-03-29 23:05:50 - msg_id_0200 ==> 7E02000042660000000002C96900000000000C000300C64735049FAC58038B00000000260329230549010400000000140400000000150400000000160400000000170200002A02000030014D310112CE7E
2026-03-29 23:06:21 - msg_id_0200 ==> 7E02000042660000000002C97400000000000C000300C64733049FAC58038B00000000260329230620010400000000140400000000150400000000160400000000170200002A02000030014D310112BF7E
2026-03-29 23:06:51 - msg_id_0200 ==> 7E02000042660000000002C97F00000100000C000300C64733049FAC58038B00000000260329230650010400000000140400000000150400000000160400000000170200002A02000030014D310112C57E
2026-03-29 23:06:57 - msg_id_0200 ==> 7E02000042660000000002C98200000000000C000300C64733049FAC58038B00000000260329230656010400000000140400000000150400000000160400000000170200002A02000030014D3101123F7E
2026-03-29 23:07:28 - msg_id_0200 ==> 7E02000042660000000002C98D00000000000C000300C64732049FAC58038B00000000260329230727010400000000140400000000150400000000160400000000170200002A02000030014D310112417E
2026-03-29 23:07:59 - msg_id_0200 ==> 7E02000042660000000002C99800000000000C000300C6472F049FAC58038B00000000260329230758010400000000140400000000150400000000160400000000170200002A02000030014D310111357E
2026-03-29 23:08:30 - msg_id_0200 ==> 7E02000042660000000002C9A300000000000C000300C6472E049FAC58038B00000000260329230829010400000000140400000000150400000000160400000000170200002A02000030014D310111717E
2026-03-29 23:09:01 - msg_id_0200 ==> 7E02000042660000000002C9AE00000000000C000300C6472B049FAC50038C00000000260329230900010400000000140400000000150400000000160400000000170200002A02000030014D3101115E7E
2026-03-29 23:09:32 - msg_id_0200 ==> 7E02000042660000000002C9B900000000000C000300C6472B049FAC50038B00000000260329230931010400000000140400000000150400000000160400000000170200002A02000030014D3101117F7E
2026-03-29 23:10:03 - msg_id_0200 ==> 7E02000042660000000002C9C400000000000C000300C6472B049FAC50038B00000000260329231002010400000000140400000000150400000000160400000000170200002A02000030014D310110297E
2026-03-29 23:10:34 - msg_id_0200 ==> 7E02000042660000000002C9CF00000000000C000300C6472B049FAC50038B00000000260329231033010400000000140400000000150400000000160400000000170200002A02000030014D31010F0C7E
2026-03-29 23:11:05 - msg_id_0200 ==> 7E02000042660000000002C9DA00000000000C000300C6472A049FAC58038B00010000260329231104010400000000140400000000150400000000160400000000170200002A02000030014D31010F277E
2026-03-29 23:11:36 - msg_id_0200 ==> 7E02000042660000000002C9E500000000000C000300C64728049FAC50038B00000000260329231135010400000000140400000000150400000000160400000000170200002A02000030014D3101103D7E
2026-03-29 23:12:07 - msg_id_0200 ==> 7E02000042660000000002C9F000000000000C000300C64727049FAC50038B00000000260329231206010400000000140400000000150400000000160400000000170200002A02000030014D310111167E
2026-03-29 23:12:38 - msg_id_0200 ==> 7E02000042660000000002C9FB00000000000C000300C64726049FAC48038B00000000260329231237010400000000140400000000150400000000160400000000170200002A02000030014D310110347E
2026-03-29 23:13:09 - msg_id_0200 ==> 7E02000042660000000002CA0600000000000C000300C64720049FAC40038B00000000260329231308010400000000140400000000150400000000160400000000170200002A02000030014D310110FA7E
2026-03-29 23:13:40 - msg_id_0200 ==> 7E02000042660000000002CA1100000000000C000300C6470E049FAC20038A00000000260329231339010400000000140400000000150400000000160400000000170200002A02000030014D310110937E
2026-03-29 23:14:11 - msg_id_0200 ==> 7E02000042660000000002CA1C00000000000C000300C64709049FAC18038B00000000260329231410010400000000140400000000150400000000160400000000170200002A02000030014D31010D937E
2026-03-29 23:14:42 - msg_id_0200 ==> 7E02000042660000000002CA2700000000000C000300C6470C049FAC18038A00000000260329231441010400000000140400000000150400000000160400000000170200002A02000030014D310110E07E
2026-03-29 23:15:13 - msg_id_0200 ==> 7E02000042660000000002CA3200000000000C000300C6470A049FAC20038B00000000260329231512010400000000140400000000150400000000160400000000170200002A02000030014D310110987E
2026-03-29 23:15:44 - msg_id_0200 ==> 7E02000042660000000002CA3D00000000000C000300C6470D049FAC20038B00000000260329231543010400000000140400000000150400000000160400000000170200002A020000300146310111CB7E
2026-03-29 23:16:15 - msg_id_0200 ==> 7E02000042660000000002CA4800000000000C000300C6470C049FAC08038C00000000260329231614010400000000140400000000150400000000160400000000170200002A02000030014631010FDA7E
2026-03-29 23:16:46 - msg_id_0200 ==> 7E02000042660000000002CA5300000000000C000300C64700049FAC00038C00000000260329231645010400000000140400000000150400000000160400000000170200002A0200003001463101108B7E
2026-03-29 23:17:17 - msg_id_0200 ==> 7E02000042660000000002CA5E00000000000C000300C646F4049FABF8038D00010000260329231716010400000000140400000000150400000000160400000000170200002A020000300146310111DF7E
2026-03-29 23:17:48 - msg_id_0200 ==> 7E02000042660000000002CA6900000000000C000300C646D4049FABF0038E00000000260329231747010400000000140400000000150400000000160400000000170200002A020000300146310111937E
2026-03-29 23:18:19 - msg_id_0200 ==> 7E02000042660000000002CA7400000000000C000300C646C6049FABF0038F00000000260329231818010400000000140400000000150400000000160400000000170200002A020000300146310110CC7E
2026-03-29 23:18:49 - msg_id_0200 ==> 7E02000042660000000002CA7F00000100000C000300C646BB049FABF0038E00000000260329231848010400000000140400000000150400000000160400000000170200002A020000300146310110EA7E
2026-03-29 23:18:54 - msg_id_0200 ==> 7E02000042660000000002CA8200000000000C000300C646B9049FABF0038E00000000260329231853010400000000140400000000150400000000160400000000170200002A02000030014631010F107E
2026-03-29 23:19:25 - msg_id_0200 ==> 7E02000042660000000002CA8D00000000000C000300C646AF049FABF8038F00000000260329231924010400000000140400000000150400000000160400000000170200002A02000030014631010E777E
2026-03-29 23:19:55 - msg_id_0200 ==> 7E02000042660000000002CA9800000000000C000300C646AD049FABE8038F00000000260329231955010400000000140400000000150400000000160400000000170200002A02000030014631010E017E
2026-03-29 23:20:27 - msg_id_0200 ==> 7E02000042660000000002CAA300000000000C000300C646AC049FABF0038F00050000260329232026010400000000140400000000150400000000160400000000170200002A02000030014631010F6D7E
2026-03-29 23:20:58 - msg_id_0200 ==> 7E02000042660000000002CAAE00000000000C000300C646A4049FABF0038F00000000260329232057010400000000140400000000150400000000160400000000170200002A02000030014631010E1D7E
2026-03-29 23:21:29 - msg_id_0200 ==> 7E02000042660000000002CAB900000000000C000300C6469E049FABF0038F00000000260329232128010400000000140400000000150400000000160400000000170200002A02000030014631010E4E7E
2026-03-29 23:22:00 - msg_id_0200 ==> 7E02000042660000000002CAC400000000000C000300C646A1049FABE8038F00000000260329232159010400000000140400000000150400000000160400000000170200002A02000030014631010F647E
2026-03-29 23:22:31 - msg_id_0200 ==> 7E02000042660000000002CACF00000000000C000300C646A2049FABE8038F00000000260329232230010400000000140400000000150400000000160400000000170200002A02000030014631010E077E
2026-03-29 23:23:02 - msg_id_0200 ==> 7E02000042660000000002CADA00000000000C000300C646A2049FABE0038F00000000260329232301010400000000140400000000150400000000160400000000170200002A02000030014631010E2A7E
2026-03-29 23:23:33 - msg_id_0200 ==> 7E02000042660000000002CAE500000000000C000300C646A2049FABE0038F00000000260329232332010400000000140400000000150400000000160400000000170200002A02000030014631010D257E
2026-03-29 23:24:04 - msg_id_0200 ==> 7E02000042660000000002CAF000000000000C000300C646A4049FABE0038F00000000260329232403010400000000140400000000150400000000160400000000170200002A02000030014631010D007E
2026-03-29 23:24:35 - msg_id_0200 ==> 7E02000042660000000002CAFB00000000000C000300C646A6049FABE0038F00000000260329232434010400000000140400000000150400000000160400000000170200002A02000030014631010E3D7E
2026-03-29 23:25:06 - msg_id_0200 ==> 7E02000042660000000002CB0600000000000C000300C646A3049FABE0038F00000000260329232505010400000000140400000000150400000000160400000000170200002A02000030014631010FF57E
2026-03-29 23:25:37 - msg_id_0200 ==> 7E02000042660000000002CB1100000000000C000300C646A5049FABE0038F00000000260329232536010400000000140400000000150400000000160400000000170200002A020000300146310110C87E
2026-03-29 23:26:08 - msg_id_0200 ==> 7E02000042660000000002CB1C00000000000C000300C646A6049FABE0038F00000000260329232607010400000000140400000000150400000000160400000000170200002A02000030014631010DE97E
2026-03-29 23:26:39 - msg_id_0200 ==> 7E02000042660000000002CB2700000000000C000300C646A7049FABE0039000000000260329232638010400000000140400000000150400000000160400000000170200002A02000030014631010FF17E
2026-03-29 23:27:10 - msg_id_0200 ==> 7E02000042660000000002CB3200000000000C000300C646A7049FABE0039000000000260329232709010400000000140400000000150400000000160400000000170200002A02000030014631010ED57E
2026-03-29 23:27:41 - msg_id_0200 ==> 7E02000042660000000002CB3D00000000000C000300C646A6049FABE0039000000000260329232740010400000000140400000000150400000000160400000000170200002A02000030014631010D917E
2026-03-29 23:28:12 - msg_id_0200 ==> 7E02000042660000000002CB4800000000000C000300C646A6049FABE0039000000000260329232811010400000000140400000000150400000000160400000000170200002A02000030014631010EB97E
2026-03-29 23:28:43 - msg_id_0200 ==> 7E02000042660000000002CB5300000000000C000300C646A6049FABE8039000000000260329232842010400000000140400000000150400000000160400000000170200002A02000030014631010DFA7E
2026-03-29 23:29:14 - msg_id_0200 ==> 7E02000042660000000002CB5E00000000000C000300C646A5049FABE8039100000000260329232913010400000000140400000000150400000000160400000000170200002A02000030014631010EA67E
2026-03-29 23:29:45 - msg_id_0200 ==> 7E02000042660000000002CB6900000000000C000300C646A4049FABE8039100000000260329232944010400000000140400000000150400000000160400000000170200002A02000030014631010FC67E
2026-03-29 23:30:16 - msg_id_0200 ==> 7E02000042660000000002CB7400000000000C000300C646A5049FABE8039100000000260329233015010400000000140400000000150400000000160400000000170200002A0200003001463101108D7E
2026-03-29 23:30:47 - msg_id_0200 ==> 7E02000042660000000002CB7F00000100000C000300C646A3049FABE8039200000000260329233046010400000000140400000000150400000000160400000000170200002A02000030014631010FCE7E
2026-03-29 23:30:52 - msg_id_0200 ==> 7E02000042660000000002CB8200000000000C000300C646A3049FABE8039200000000260329233051010400000000140400000000150400000000160400000000170200002A02000030014631010F257E
2026-03-29 23:31:23 - msg_id_0200 ==> 7E02000042660000000002CB8D00000000000C000300C646A2049FABE8039200000000260329233122010400000000140400000000150400000000160400000000170200002A02000030014631010F597E
2026-03-29 23:31:54 - msg_id_0200 ==> 7E02000042660000000002CB9800000000000C000300C646A3049FABE8039200000000260329233153010400000000140400000000150400000000160400000000170200002A02000030014631010E3D7E
2026-03-29 23:32:25 - msg_id_0200 ==> 7E02000042660000000002CBA300000000000C000300C646A2049FABE8039200000000260329233224010400000000140400000000150400000000160400000000170200002A02000030014631010E737E
2026-03-29 23:32:56 - msg_id_0200 ==> 7E02000042660000000002CBAE00000000000C000300C646A1049FABE8039200000000260329233255010400000000140400000000150400000000160400000000170200002A02000030014631010E0C7E
2026-03-29 23:33:27 - msg_id_0200 ==> 7E02000042660000000002CBB900000000000C000300C646A1049FABE0039300000000260329233326010400000000140400000000150400000000160400000000170200002A02000030014631010E607E
2026-03-29 23:33:58 - msg_id_0200 ==> 7E02000042660000000002CBC400000000000C000300C646A2049FABE0039300000000260329233357010400000000140400000000150400000000160400000000170200002A02000030014631010E6F7E
2026-03-29 23:34:29 - msg_id_0200 ==> 7E02000042660000000002CBCF00000000000C000300C646A2049FABE0039300000000260329233428010400000000140400000000150400000000160400000000170200002A02000030014631010E1C7E
2026-03-29 23:35:00 - msg_id_0200 ==> 7E02000042660000000002CBDA00000000000C000300C646A5049FABE0039300000000260329233459010400000000140400000000150400000000160400000000170200002A02000030014631010E7F7E
2026-03-29 23:35:31 - msg_id_0200 ==> 7E02000042660000000002CBE500000000000C000300C646A7049FABE8039300000000260329233530010400000000140400000000150400000000160400000000170200002A02000030014631010E227E
2026-03-29 23:36:02 - msg_id_0200 ==> 7E02000042660000000002CBF000000000000C000300C646A8049FABE8039400000000260329233601010400000000140400000000150400000000160400000000170200002A02000030014631010D0E7E
2026-03-29 23:36:33 - msg_id_0200 ==> 7E02000042660000000002CBFB00000000000C000300C646AA049FABE8039400000000260329233632010400000000140400000000150400000000160400000000170200002A02000030014631010E377E
2026-03-29 23:37:04 - msg_id_0200 ==> 7E02000042660000000002CC0600000000000C000300C646AB049FABE8039400000000260329233703010400000000140400000000150400000000160400000000170200002A02000030014631010EFC7E
2026-03-29 23:37:34 - msg_id_0200 ==> 7E02000042660000000002CC1100000000000C000300C646AE049FABE8039400000000260329233734010400000000140400000000150400000000160400000000170200002A02000030014631010ED97E
2026-03-29 23:38:06 - msg_id_0200 ==> 7E02000042660000000002CC1C00000000000C000300C646AC049FABE8039400000000260329233805010400000000140400000000150400000000160400000000170200002A02000030014631010DEB7E
2026-03-29 23:38:37 - msg_id_0200 ==> 7E02000042660000000002CC2700000000000C000300C646AE049FABE8039400000000260329233836010400000000140400000000150400000000160400000000170200002A02000030014631010DE17E
2026-03-29 23:39:08 - msg_id_0200 ==> 7E02000042660000000002CC3200000000000C000300C646AF049FABE8039400000000260329233907010400000000140400000000150400000000160400000000170200002A02000030014631010EC67E
2026-03-29 23:39:39 - msg_id_0200 ==> 7E02000042660000000002CC3D00000000000C000300C646AE049FABE8039400000000260329233938010400000000140400000000150400000000160400000000170200002A02000030014631010FF67E
2026-03-29 23:40:10 - msg_id_0200 ==> 7E02000042660000000002CC4800000000000C000300C646AD049FABE8039400000000260329234009010400000000140400000000150400000000160400000000170200002A02000030014631010EC97E
2026-03-29 23:40:41 - msg_id_0200 ==> 7E02000042660000000002CC5300000000000C000300C646AC049FABE8039500000000260329234040010400000000140400000000150400000000160400000000170200002A020000300146310110857E
2026-03-29 23:41:12 - msg_id_0200 ==> 7E02000042660000000002CC5E00000000000C000300C646AC049FABE8039500000000260329234111010400000000140400000000150400000000160400000000170200002A020000300146310111D97E
2026-03-29 23:41:43 - msg_id_0200 ==> 7E02000042660000000002CC6900000000000C000300C646AC049FABE8039500000000260329234142010400000000140400000000150400000000160400000000170200002A02000030014631010FA37E
2026-03-29 23:42:14 - msg_id_0200 ==> 7E02000042660000000002CC7400000000000C000300C646AC049FABE8039500000000260329234213010400000000140400000000150400000000160400000000170200002A020000300146310110F37E
2026-03-29 23:42:44 - msg_id_0200 ==> 7E02000042660000000002CC7F00000100000C000300C646AC049FABE8039500000000260329234243010400000000140400000000150400000000160400000000170200002A020000300146310110A97E
2026-03-29 23:42:49 - msg_id_0200 ==> 7E02000042660000000002CC8200000000000C000300C646AC049FABE8039500000000260329234248010400000000140400000000150400000000160400000000170200002A0200003001463101115F7E
2026-03-29 23:43:20 - msg_id_0200 ==> 7E02000042660000000002CC8D00000000000C000300C646AC049FABE8039500000000260329234319010400000000140400000000150400000000160400000000170200002A020000300146310112037E
2026-03-29 23:43:51 - msg_id_0200 ==> 7E02000042660000000002CC9800000000000C000300C646AD049FABE8039500000000260329234350010400000000140400000000150400000000160400000000170200002A0200003001463101115D7E
2026-03-29 23:44:22 - msg_id_0200 ==> 7E02000042660000000002CCA300000000000C000300C646AD049FABF0039500000000260329234421010400000000140400000000150400000000160400000000170200002A0200003001463101120B7E
2026-03-29 23:44:53 - msg_id_0200 ==> 7E02000042660000000002CCAE00000000000C000300C646AD049FABF0039500000000260329234452010400000000140400000000150400000000160400000000170200002A020000300146310111767E
2026-03-29 23:45:24 - msg_id_0200 ==> 7E02000042660000000002CCB900000000000C000300C646AC049FABF0039500000000260329234523010400000000140400000000150400000000160400000000170200002A020000300146310112137E
2026-03-29 23:45:55 - msg_id_0200 ==> 7E02000042660000000002CCC400000000000C000300C646AD049FABF8039500000000260329234554010400000000140400000000150400000000160400000000170200002A020000300146310112107E
2026-03-29 23:46:26 - msg_id_0200 ==> 7E02000042660000000002CCCF00000000000C000300C646AD049FABF8039500000000260329234625010400000000140400000000150400000000160400000000170200002A0200003001463101116A7E
2026-03-29 23:46:57 - msg_id_0200 ==> 7E02000042660000000002CCDA00000000000C000300C646AC049FABF8039500000000260329234656010400000000140400000000150400000000160400000000170200002A0200003001463101120E7E
2026-03-29 23:47:28 - msg_id_0200 ==> 7E02000042660000000002CCE500000000000C000300C646AB049FABF8039500000000260329234727010400000000140400000000150400000000160400000000170200002A020000300146310110447E
2026-03-29 23:47:59 - msg_id_0200 ==> 7E02000042660000000002CCF000000000000C000300C646AB049FABF8039500000000260329234758010400000000140400000000150400000000160400000000170200002A02000030014631010E307E
2026-03-29 23:48:30 - msg_id_0200 ==> 7E02000042660000000002CCFB00000000000C000300C646AC049FABF8039500000000260329234829010400000000140400000000150400000000160400000000170200002A0200003001463101105C7E
2026-03-29 23:49:01 - msg_id_0200 ==> 7E02000042660000000002CD0600000000000C000300C646AF049FABF8039600000000260329234900010400000000140400000000150400000000160400000000170200002A020000300146310110887E
2026-03-29 23:49:32 - msg_id_0200 ==> 7E02000042660000000002CD1100000000000C000300C646AF049FAC00039600000000260329234931010400000000140400000000150400000000160400000000170200002A020000300146310110517E
2026-03-29 23:50:03 - msg_id_0200 ==> 7E02000042660000000002CD1C00000000000C000300C646B1049FAC00039600000000260329235002010400000000140400000000150400000000160400000000170200002A020000300146310110687E
2026-03-29 23:50:34 - msg_id_0200 ==> 7E02000042660000000002CD2700000000000C000300C646B2049FAC00039600000000260329235033010400000000140400000000150400000000160400000000170200002A020000300146310110617E
2026-03-29 23:51:05 - msg_id_0200 ==> 7E02000042660000000002CD3200000000000C000300C646B2049FAC00039500000000260329235104010400000000140400000000150400000000160400000000170200002A02000030014631010F5E7E
2026-03-29 23:51:36 - msg_id_0200 ==> 7E02000042660000000002CD3D00000000000C000300C646B7049FAC00039500000000260329235135010400000000140400000000150400000000160400000000170200002A0200003001463101117B7E
2026-03-29 23:52:07 - msg_id_0200 ==> 7E02000042660000000002CD4800000000000C000300C646BD049FAC00039500000000260329235206010400000000140400000000150400000000160400000000170200002A020000300146310110357E
2026-03-29 23:52:38 - msg_id_0200 ==> 7E02000042660000000002CD5300000000000C000300C646BF049FAC00039500000000260329235237010400000000140400000000150400000000160400000000170200002A0200003001463101121F7E
2026-03-29 23:53:09 - msg_id_0200 ==> 7E02000042660000000002CD5E00000000000C000300C646C1049FAC00039500000000260329235308010400000000140400000000150400000000160400000000170200002A020000300146310112527E
2026-03-29 23:53:40 - msg_id_0200 ==> 7E02000042660000000002CD6900000000000C000300C646C3049FAC00039500000000260329235339010400000000140400000000150400000000160400000000170200002A020000300146310111557E
2026-03-29 23:54:11 - msg_id_0200 ==> 7E02000042660000000002CD7400000000000C000300C646C5049FAC00039500000000260329235410010400000000140400000000150400000000160400000000170200002A020000300146310112637E
2026-03-29 23:54:42 - msg_id_0200 ==> 7E02000042660000000002CD7F00000100000C000300C646C7049FAC08039500000000260329235441010400000000140400000000150400000000160400000000170200002A020000300146310111317E
2026-03-29 23:54:47 - msg_id_0200 ==> 7E02000042660000000002CD8200000000000C000300C646C8049FAC08039500000000260329235446010400000000140400000000150400000000160400000000170200002A020000300146310111C57E
2026-03-29 23:55:17 - msg_id_0200 ==> 7E02000042660000000002CD8D00000000000C000300C646CB049FAC08039500000000260329235517010400000000140400000000150400000000160400000000170200002A020000300146310111997E
2026-03-29 23:55:49 - msg_id_0200 ==> 7E02000042660000000002CD9800000000000C000300C646CB049FAC08039600000000260329235548010400000000140400000000150400000000160400000000170200002A020000300146310112D37E
2026-03-29 23:56:20 - msg_id_0200 ==> 7E02000042660000000002CDA300000000000C000300C646CC049FAC08039600000000260329235619010400000000140400000000150400000000160400000000170200002A020000300146310110BF7E
2026-03-29 23:56:51 - msg_id_0200 ==> 7E02000042660000000002CDAE00000000000C000300C646CE049FAC08039600000000260329235650010400000000140400000000150400000000160400000000170200002A020000300146310111F87E
2026-03-29 23:57:22 - msg_id_0200 ==> 7E02000042660000000002CDB900000000000C000300C646D0049FAC08039600000000260329235721010400000000140400000000150400000000160400000000170200002A02000030014631010F9F7E
2026-03-29 23:57:53 - msg_id_0200 ==> 7E02000042660000000002CDC400000000000C000300C646D0049FAC08039600000000260329235752010400000000140400000000150400000000160400000000170200002A02000030014631010F917E
2026-03-29 23:58:23 - msg_id_0200 ==> 7E02000042660000000002CDCF00000000000C000300C646D1049FAC08039500000000260329235823010400000000140400000000150400000000160400000000170200002A020000300146310111F87E
2026-03-29 23:58:55 - msg_id_0200 ==> 7E02000042660000000002CDDA00000000000C000300C646D2049FAC08039500000000260329235854010400000000140400000000150400000000160400000000170200002A020000300146310111997E
2026-03-29 23:59:26 - msg_id_0200 ==> 7E02000042660000000002CDE500000000000C000300C646D1049FAC08039500000000260329235925010400000000140400000000150400000000160400000000170200002A020000300146310111D57E
2026-03-29 23:59:57 - msg_id_0200 ==> 7E02000042660000000002CDF000000000000C000300C646D1049FAC10039500000000260329235956010400000000140400000000150400000000160400000000170200002A020000300146310111AB7E
