2026-03-26 00:00:04 - msg_id_0200 ==> 7E020000426600000000021AFB00000000000C000300C6470D049FAC10038E00000000260326000003010400000000140400000001150400000002160400000000170200002A02000030013A310115EA7E
2026-03-26 00:00:35 - msg_id_0200 ==> 7E020000426600000000021B0600000000000C000300C6470E049FAC10038E00000000260326000034010400000000140400000001150400000002160400000000170200002A02000030013D310115257E
2026-03-26 00:01:06 - msg_id_0200 ==> 7E020000426600000000021B1100000000000C000300C6470D049FAC10038E00000000260326000105010400000000140400000001150400000002160400000000170200002A02000030013A310116057E
2026-03-26 00:01:37 - msg_id_0200 ==> 7E020000426600000000021B1C00000000000C000300C6470B049FAC10038E00000000260326000136010400000000140400000001150400000002160400000000170200002A02000030013A3101153E7E
2026-03-26 00:02:08 - msg_id_0200 ==> 7E020000426600000000021B2700000000000C000300C6470D049FAC10038F00000000260326000207010400000000140400000001150400000002160400000000170200002A02000030013A310116337E
2026-03-26 00:02:39 - msg_id_0200 ==> 7E020000426600000000021B3200000000000C000300C6470E049FAC10038F00000000260326000238010400000000140400000001150400000002160400000000170200002A02000030013A3101131F7E
2026-03-26 00:03:10 - msg_id_0200 ==> 7E020000426600000000021B3D00000000000C000300C6470C049FAC10038F00000000260326000309010400000000140400000001150400000002160400000000170200002A02000030013A310113227E
2026-03-26 00:03:41 - msg_id_0200 ==> 7E020000426600000000021B4800000000000C000300C6470C049FAC10038F00000000260326000340010400000000140400000001150400000002160400000000170200002A02000030013A310114197E
2026-03-26 00:04:12 - msg_id_0200 ==> 7E020000426600000000021B5300000000000C000300C6470C049FAC18038F00000000260326000411010400000000140400000001150400000002160400000000170200002A02000030013A3101125A7E
2026-03-26 00:04:43 - msg_id_0200 ==> 7E020000426600000000021B5E00000000000C000300C6470D049FAC18038F00000000260326000442010400000000140400000001150400000002160400000000170200002A02000030013A310112057E
2026-03-26 00:05:14 - msg_id_0200 ==> 7E020000426600000000021B6900000000000C000300C6470E049FAC18038F00000000260326000513010400000000140400000001150400000002160400000000170200002A02000030013A310112617E
2026-03-26 00:05:45 - msg_id_0200 ==> 7E020000426600000000021B7400000000000C000300C6470F049FAC18038F00000000260326000544010400000000140400000001150400000002160400000000170200002A02000030013A3101132B7E
2026-03-26 00:06:15 - msg_id_0200 ==> 7E020000426600000000021B7F00000100000C000300C6470F049FAC18038F00000000260326000614010400000000140400000001150400000002160400000000170200002A0200003001503101141F7E
2026-03-26 00:06:20 - msg_id_0200 ==> 7E020000426600000000021B8200000000000C000300C6470F049FAC18038F00000000260326000619010400000000140400000001150400000002160400000000170200002A020000300150310113E97E
2026-03-26 00:06:51 - msg_id_0200 ==> 7E020000426600000000021B8D00000000000C000300C64710049FAC18038F00000000260326000650010400000000140400000001150400000002160400000000170200002A020000300150310112B17E
2026-03-26 00:07:22 - msg_id_0200 ==> 7E020000426600000000021B9800000000000C000300C64712049FAC18038F00000000260326000721010400000000140400000001150400000002160400000000170200002A020000300150310111D57E
2026-03-26 00:07:53 - msg_id_0200 ==> 7E020000426600000000021BA300000000000C000300C64712049FAC18038F00000000260326000752010400000000140400000001150400000002160400000000170200002A0200003001503101139F7E
2026-03-26 00:08:24 - msg_id_0200 ==> 7E020000426600000000021BAE00000000000C000300C64717049FAC20038F00000000260326000823010400000000140400000001150400000002160400000000170200002A020000300150310114D67E
2026-03-26 00:08:55 - msg_id_0200 ==> 7E020000426600000000021BB900000000000C000300C6471E049FAC28038F00000000260326000854010400000000140400000001150400000002160400000000170200002A020000300150310113B07E
2026-03-26 00:09:26 - msg_id_0200 ==> 7E020000426600000000021BC400000000000C000300C64721049FAC30038F00000000260326000925010400000000140400000001150400000002160400000000170200002A0200003001503101139A7E
2026-03-26 00:09:57 - msg_id_0200 ==> 7E020000426600000000021BCF00000000000C000300C64723049FAC30039000000000260326000956010400000000140400000001150400000002160400000000170200002A020000300150310114F87E
2026-03-26 00:10:28 - msg_id_0200 ==> 7E020000426600000000021BDA00000000000C000300C64726049FAC30039000000000260326001027010400000000140400000001150400000002160400000000170200002A020000300150310112867E
2026-03-26 00:10:59 - msg_id_0200 ==> 7E020000426600000000021BE500000000000C000300C64727049FAC38039000000000260326001058010400000000140400000001150400000002160400000000170200002A020000300150310113CE7E
2026-03-26 00:11:30 - msg_id_0200 ==> 7E020000426600000000021BF000000000000C000300C6472C049FAC38039000000000260326001129010400000000140400000001150400000002160400000000170200002A020000300150310114A77E
2026-03-26 00:12:01 - msg_id_0200 ==> 7E020000426600000000021BFB00000000000C000300C64730049FAC40039000000000260326001200010400000000140400000001150400000002160400000000170200002A020000300150310115E37E
2026-03-26 00:12:32 - msg_id_0200 ==> 7E020000426600000000021C0600000000000C000300C64732049FAC40039000000000260326001231010400000000140400000001150400000002160400000000170200002A0200003001503101142B7E
2026-03-26 00:13:03 - msg_id_0200 ==> 7E020000426600000000021C1100000000000C000300C64732049FAC48038F00000000260326001302010400000000140400000001150400000002160400000000170200002A020000300150310115187E
2026-03-26 00:13:34 - msg_id_0200 ==> 7E020000426600000000021C1C00000000000C000300C64733049FAC40038F00000000260326001333010400000000140400000001150400000002160400000000170200002A0200003001503101142C7E
2026-03-26 00:14:05 - msg_id_0200 ==> 7E020000426600000000021C2700000000000C000300C64734049FAC48038F00000000260326001404010400000000140400000001150400000002160400000000170200002A020000300150310115297E
2026-03-26 00:14:36 - msg_id_0200 ==> 7E020000426600000000021C3200000000000C000300C64736049FAC48038F00000000260326001435010400000000140400000001150400000002160400000000170200002A0200003001503101150F7E
2026-03-26 00:15:07 - msg_id_0200 ==> 7E020000426600000000021C3D00000000000C000300C64739049FAC48038F00000000260326001506010400000000140400000001150400000002160400000000170200002A020000300150310111397E
2026-03-26 00:15:38 - msg_id_0200 ==> 7E020000426600000000021C4800000000000C000300C64739049FAC48038F00000000260326001537010400000000140400000001150400000002160400000000170200002A0200003001503101137F7E
2026-03-26 00:16:09 - msg_id_0200 ==> 7E020000426600000000021C5300000000000C000300C6473A049FAC48038F00000000260326001608010400000000140400000001150400000002160400000000170200002A0200003001503101165E7E
2026-03-26 00:16:40 - msg_id_0200 ==> 7E020000426600000000021C5E00000000000C000300C64738049FAC40038F00000000260326001639010400000000140400000001150400000002160400000000170200002A020000300150310116687E
2026-03-26 00:17:11 - msg_id_0200 ==> 7E020000426600000000021C6900000000000C000300C64738049FAC48038F00000000260326001710010400000000140400000001150400000002160400000000170200002A0200003001503101157C7E
2026-03-26 00:17:42 - msg_id_0200 ==> 7E020000426600000000021C7400000000000C000300C64737049FAC48038F00000000260326001741010400000000140400000001150400000002160400000000170200002A0200003001503101153F7E
2026-03-26 00:18:13 - msg_id_0200 ==> 7E020000426600000000021C7F00000100000C000300C64736049FAC48038F00000000260326001812010400000000140400000001150400000002160400000000170200002A020000300150310115687E
2026-03-26 00:18:18 - msg_id_0200 ==> 7E020000426600000000021C8200000000000C000300C64736049FAC48038F00000000260326001817010400000000140400000001150400000002160400000000170200002A020000300150310115917E
2026-03-26 00:18:49 - msg_id_0200 ==> 7E020000426600000000021C8D00000000000C000300C64735049FAC48038F00000000260326001848010400000000140400000001150400000002160400000000170200002A020000300150310116C17E
2026-03-26 00:19:20 - msg_id_0200 ==> 7E020000426600000000021C9800000000000C000300C64736049FAC48038F00000000260326001919010400000000140400000001150400000002160400000000170200002A020000300150310116877E
2026-03-26 00:19:51 - msg_id_0200 ==> 7E020000426600000000021CA300000000000C000300C64737049FAC48038F00000000260326001950010400000000140400000001150400000002160400000000170200002A020000300150310116F47E
2026-03-26 00:20:22 - msg_id_0200 ==> 7E020000426600000000021CAE00000000000C000300C64738049FAC40038F00000000260326002021010400000000140400000001150400000002160400000000170200002A020000300150310115B57E
2026-03-26 00:20:53 - msg_id_0200 ==> 7E020000426600000000021CB900000000000C000300C6473A049FAC48038F00000000260326002052010400000000140400000001150400000002160400000000170200002A020000300150310115DB7E
2026-03-26 00:21:24 - msg_id_0200 ==> 7E020000426600000000021CC400000000000C000300C6473A049FAC48038F00000000260326002123010400000000140400000001150400000002160400000000170200002A020000300150310115D67E
2026-03-26 00:21:55 - msg_id_0200 ==> 7E020000426600000000021CCF00000000000C000300C64739049FAC50038F00000000260326002154010400000000140400000001150400000002160400000000170200002A020000300150310115B17E
2026-03-26 00:22:26 - msg_id_0200 ==> 7E020000426600000000021CDA00000000000C000300C6473B049FAC58038F00000000260326002225010400000000140400000001150400000002160400000000170200002A020000300150310114DD7E
2026-03-26 00:22:57 - msg_id_0200 ==> 7E020000426600000000021CE500000000000C000300C6473B049FAC58038E00000000260326002256010400000000140400000001150400000002160400000000170200002A020000300150310112967E
2026-03-26 00:23:28 - msg_id_0200 ==> 7E020000426600000000021CF000000000000C000300C6473C049FAC58038E00000000260326002327010400000000140400000001150400000002160400000000170200002A020000300150310115F37E
2026-03-26 00:23:59 - msg_id_0200 ==> 7E020000426600000000021CFB00000000000C000300C6473E049FAC58038E00000000260326002358010400000000140400000001150400000002160400000000170200002A020000300150310116867E
2026-03-26 00:24:30 - msg_id_0200 ==> 7E020000426600000000021D0600000000000C000300C64740049FAC58038E00000000260326002429010400000000140400000001150400000002160400000000170200002A020000300150310115717E
2026-03-26 00:25:01 - msg_id_0200 ==> 7E020000426600000000021D1100000000000C000300C64741049FAC58038E00000000260326002500010400000000140400000001150400000002160400000000170200002A0200003001503101144E7E
2026-03-26 00:25:32 - msg_id_0200 ==> 7E020000426600000000021D1C00000000000C000300C64741049FAC58038E00000000260326002531010400000000140400000001150400000002160400000000170200002A020000300150310115737E
2026-03-26 00:26:03 - msg_id_0200 ==> 7E020000426600000000021D2700000000000C000300C64742049FAC58038E00000000260326002602010400000000140400000001150400000002160400000000170200002A0200003001503101137D017E
2026-03-26 00:26:34 - msg_id_0200 ==> 7E020000426600000000021D3200000000000C000300C64744049FAC58038E00000000260326002633010400000000140400000001150400000002160400000000170200002A020000300150310114587E
2026-03-26 00:27:05 - msg_id_0200 ==> 7E020000426600000000021D3D00000000000C000300C64747049FAC60038E00000000260326002704010400000000140400000001150400000002160400000000170200002A0200003001503101145A7E
2026-03-26 00:27:36 - msg_id_0200 ==> 7E020000426600000000021D4800000000000C000300C64749049FAC60038E00000000260326002735010400000000140400000001150400000002160400000000170200002A020000300150310114107E
2026-03-26 00:28:07 - msg_id_0200 ==> 7E020000426600000000021D5300000000000C000300C6474B049FAC60038E00000000260326002806010400000000140400000001150400000002160400000000170200002A020000300150310112337E
2026-03-26 00:28:38 - msg_id_0200 ==> 7E020000426600000000021D5E00000000000C000300C6474C049FAC68038E00000000260326002837010400000000140400000001150400000002160400000000170200002A020000300150310114067E
2026-03-26 00:29:09 - msg_id_0200 ==> 7E020000426600000000021D6900000000000C000300C6474E049FAC68038E00000000260326002908010400000000140400000001150400000002160400000000170200002A0200003001503101150C7E
2026-03-26 00:30:41 - msg_id_0200 ==> 7E02000042660000000002000200000000000C000300C6475B049FAC58038E00000000260326003040010400000000140400000001150400000002160400000000170200002A02000030014D310116107E
2026-03-26 00:31:21 - msg_id_0200 ==> 7E02000042660000000002000D00000000000C000300C64761049FAC60038E00000000260326003111010400000000140400000001150400000002160400000000170200002A02000030014D3101154E7E
2026-03-26 00:31:43 - msg_id_0200 ==> 7E02000042660000000002001800000000000C000300C64765049FAC68038E00000000260326003142010400000000140400000001150400000002160400000000170200002A02000030014D310116077E
2026-03-26 00:32:14 - msg_id_0200 ==> 7E02000042660000000002002300000000000C000300C64765049FAC68038D00000000260326003213010400000000140400000001150400000002160400000000170200002A02000030014D3101176C7E
2026-03-26 00:32:45 - msg_id_0200 ==> 7E02000042660000000002002E00000000000C000300C64767049FAC70038D00000000260326003244010400000000140400000001150400000002160400000000170200002A02000030014D3101142F7E
2026-03-26 00:33:16 - msg_id_0200 ==> 7E02000042660000000002003900000000000C000300C64766049FAC70038D00000000260326003315010400000000140400000001150400000002160400000000170200002A02000030014D310115687E
2026-03-26 00:33:47 - msg_id_0200 ==> 7E02000042660000000002004400000000000C000300C64767049FAC70038D00000000260326003346010400000000140400000001150400000002160400000000170200002A02000030014D310116447E
2026-03-26 00:34:18 - msg_id_0200 ==> 7E02000042660000000002004F00000000000C000300C64767049FAC70038D00000000260326003417010400000000140400000001150400000002160400000000170200002A02000030014D310116197E
2026-03-26 00:34:49 - msg_id_0200 ==> 7E02000042660000000002005A00000000000C000300C64765049FAC70038D00000000260326003448010400000000140400000001150400000002160400000000170200002A02000030014D310116517E
2026-03-26 00:35:20 - msg_id_0200 ==> 7E02000042660000000002006500000000000C000300C64767049FAC70038D00000000260326003519010400000000140400000001150400000002160400000000170200002A02000030014D3101163C7E
2026-03-26 00:35:51 - msg_id_0200 ==> 7E02000042660000000002007000000000000C000300C64766049FAC70038D00000000260326003550010400000000140400000001150400000002160400000000170200002A02000030014D310115627E
2026-03-26 00:36:22 - msg_id_0200 ==> 7E02000042660000000002007B00000000000C000300C64767049FAC78038D00000000260326003621010400000000140400000001150400000002160400000000170200002A02000030014D310117107E
2026-03-26 00:36:31 - msg_id_0200 ==> 7E02000042660000000002007F00000100000C000300C64767049FAC70038D00000000260326003630010400000000140400000001150400000002160400000000170200002A02000030014D3101170C7E
2026-03-26 00:36:53 - msg_id_0200 ==> 7E02000042660000000002008700000000000C000300C64769049FAC78038D00000000260326003652010400000000140400000001150400000002160400000000170200002A02000030014D310116907E
2026-03-26 00:37:24 - msg_id_0200 ==> 7E02000042660000000002009200000000000C000300C6476B049FAC78038D00000000260326003723010400000000140400000001150400000002160400000000170200002A02000030014D310117F67E
2026-03-26 00:37:55 - msg_id_0200 ==> 7E02000042660000000002009D00000000000C000300C6476B049FAC78038D00000000260326003754010400000000140400000001150400000002160400000000170200002A02000030014D310118817E
2026-03-26 00:38:26 - msg_id_0200 ==> 7E0200004266000000000200A800000000000C000300C6476B049FAC70038D00000000260326003825010400000000140400000001150400000002160400000000170200002A02000030014D310118C27E
2026-03-26 00:38:57 - msg_id_0200 ==> 7E0200004266000000000200B300000000000C000300C6476B049FAC70038D00000000260326003856010400000000140400000001150400000002160400000000170200002A02000030014D310116A47E
2026-03-26 00:39:28 - msg_id_0200 ==> 7E0200004266000000000200BE00000000000C000300C6476C049FAC70038D00000000260326003927010400000000140400000001150400000002160400000000170200002A02000030014D310115DD7E
2026-03-26 00:39:59 - msg_id_0200 ==> 7E0200004266000000000200C900000000000C000300C6476D049FAC70038D00000000260326003958010400000000140400000001150400000002160400000000170200002A02000030014D310114D57E
2026-03-26 00:40:30 - msg_id_0200 ==> 7E0200004266000000000200D400000000000C000300C6476F049FAC70038D00000000260326004029010400000000140400000001150400000002160400000000170200002A02000030014D310116C07E
2026-03-26 00:41:01 - msg_id_0200 ==> 7E0200004266000000000200DF00000000000C000300C64770049FAC70038D00000000260326004100010400000000140400000001150400000002160400000000170200002A02000030014D310110FA7E
2026-03-26 00:41:32 - msg_id_0200 ==> 7E0200004266000000000200EA00000000000C000300C64772049FAC78038D00000000260326004131010400000000140400000001150400000002160400000000170200002A02000030014D310114F07E
2026-03-26 00:42:03 - msg_id_0200 ==> 7E0200004266000000000200F500000000000C000300C64775049FAC78038D00000000260326004202010400000000140400000001150400000002160400000000170200002A02000030014D310112DE7E
2026-03-26 00:42:34 - msg_id_0200 ==> 7E02000042660000000002010000000000000C000300C6477D01049FAC80038D00000000260326004233010400000000140400000001150400000002160400000000170200002A02000030014D310113EA7E
2026-03-26 00:43:05 - msg_id_0200 ==> 7E02000042660000000002010B00000000000C000300C64781049FAC80038D00000000260326004304010400000000140400000001150400000002160400000000170200002A02000030014D3101132B7E
2026-03-26 00:43:36 - msg_id_0200 ==> 7E02000042660000000002011600000000000C000300C64786049FAC88038D00000000260326004335010400000000140400000001150400000002160400000000170200002A02000030014D3101150E7E
2026-03-26 00:44:07 - msg_id_0200 ==> 7E02000042660000000002012100000000000C000300C64785049FAC88038D00000000260326004406010400000000140400000001150400000002160400000000170200002A02000030014D3101170C7E
2026-03-26 00:44:38 - msg_id_0200 ==> 7E02000042660000000002012C00000000000C000300C64788049FAC88038D00000000260326004437010400000000140400000001150400000002160400000000170200002A02000030014D3101173D7E
2026-03-26 00:45:09 - msg_id_0200 ==> 7E02000042660000000002013700000000000C000300C64786049FAC88038D00000000260326004508010400000000140400000001150400000002160400000000170200002A02000030014D310114157E
2026-03-26 00:45:40 - msg_id_0200 ==> 7E02000042660000000002014200000000000C000300C64788049FAC88038D00000000260326004539010400000000140400000001150400000002160400000000170200002A02000030014D3101165D7E
2026-03-26 00:46:11 - msg_id_0200 ==> 7E02000042660000000002014D00000000000C000300C6478A049FAC88038D00000000260326004610010400000000140400000001150400000002160400000000170200002A02000030014D3101167A7E
2026-03-26 00:46:42 - msg_id_0200 ==> 7E02000042660000000002015800000000000C000300C6478D049FAC90038D00000000260326004641010400000000140400000001150400000002160400000000170200002A02000030014D310114237E
2026-03-26 00:47:13 - msg_id_0200 ==> 7E02000042660000000002016300000000000C000300C6478D049FAC90038D00000000260326004712010400000000140400000001150400000002160400000000170200002A02000030014D310117497E
2026-03-26 00:47:44 - msg_id_0200 ==> 7E02000042660000000002016E00000000000C000300C6478C049FAC90038D00000000260326004743010400000000140400000001150400000002160400000000170200002A02000030014D310117147E
2026-03-26 00:48:15 - msg_id_0200 ==> 7E02000042660000000002017900000000000C000300C6478B049FAC90038D00000000260326004814010400000000140400000001150400000002160400000000170200002A02000030014D310118537E
2026-03-26 00:48:30 - msg_id_0200 ==> 7E02000042660000000002017F00000100000C000300C6478B049FAC90038D00000000260326004829010400000000140400000001150400000002160400000000170200002A02000030014D310117667E
2026-03-26 00:48:46 - msg_id_0200 ==> 7E02000042660000000002018500000000000C000300C6478A049FAC90038D00000000260326004845010400000000140400000001150400000002160400000000170200002A02000030014D310117F07E
2026-03-26 00:49:17 - msg_id_0200 ==> 7E02000042660000000002019000000000000C000300C6478A049FAC90038D00000000260326004916010400000000140400000001150400000002160400000000170200002A02000030014D310117B77E
2026-03-26 00:49:48 - msg_id_0200 ==> 7E02000042660000000002019B00000000000C000300C64789049FAC90038D00000000260326004947010400000000140400000001150400000002160400000000170200002A02000030014D310116EF7E
2026-03-26 00:50:19 - msg_id_0200 ==> 7E0200004266000000000201A600000000000C000300C64787049FAC90038D00000000260326005018010400000000140400000001150400000002160400000000170200002A02000030014D3101179B7E
2026-03-26 00:50:50 - msg_id_0200 ==> 7E0200004266000000000201B100000000000C000300C64789049FAC98038D00000000260326005049010400000000140400000001150400000002160400000000170200002A02000030014D310116DA7E
2026-03-26 00:51:21 - msg_id_0200 ==> 7E0200004266000000000201BC00000000000C000300C6478B049FAC98038D00000000260326005120010400000000140400000001150400000002160400000000170200002A02000030014D310115BE7E
2026-03-26 00:51:52 - msg_id_0200 ==> 7E0200004266000000000201C700000000000C000300C6478C049FAC98038D00000000260326005151010400000000140400000001150400000002160400000000170200002A02000030014D310116B07E
2026-03-26 00:52:23 - msg_id_0200 ==> 7E0200004266000000000201D200000000000C000300C6478C049FAC98038D00000000260326005222010400000000140400000001150400000002160400000000170200002A02000030014D310115D67E
2026-03-26 00:52:54 - msg_id_0200 ==> 7E0200004266000000000201DD00000000000C000300C6478C049FACA0038D00000000260326005253010400000000140400000001150400000002160400000000170200002A02000030014D310114917E
2026-03-26 00:53:25 - msg_id_0200 ==> 7E0200004266000000000201E800000000000C000300C6478E049FACA0038D00000000260326005324010400000000140400000001150400000002160400000000170200002A02000030014D310115D17E
2026-03-26 00:53:56 - msg_id_0200 ==> 7E0200004266000000000201F300000000000C000300C6478B049FACA0038D00000000260326005355010400000000140400000001150400000002160400000000170200002A02000030014D310117BC7E
2026-03-26 00:54:27 - msg_id_0200 ==> 7E0200004266000000000201FE00000000000C000300C6478B049FACA0038D00000000260326005426010400000000140400000001150400000002160400000000170200002A02000030014D310117C57E
2026-03-26 00:54:58 - msg_id_0200 ==> 7E02000042660000000002020900000000000C000300C6478C049FACA0038D00000000260326005457010400000000140400000001150400000002160400000000170200002A02000030014D310118487E
2026-03-26 00:55:29 - msg_id_0200 ==> 7E02000042660000000002021400000000000C000300C6478C049FACA0038D00000000260326005528010400000000140400000001150400000002160400000000170200002A02000030014D310117247E
2026-03-26 00:56:00 - msg_id_0200 ==> 7E02000042660000000002021F00000000000C000300C6478C049FACA0038D00000000260326005559010400000000140400000001150400000002160400000000170200002A02000030014D310119507E
2026-03-26 00:56:31 - msg_id_0200 ==> 7E02000042660000000002022A00000000000C000300C6478C049FACA8038D00000000260326005630010400000000140400000001150400000002160400000000170200002A02000030014D310117097E
2026-03-26 00:57:02 - msg_id_0200 ==> 7E02000042660000000002023500000000000C000300C6478B049FACA8038D00000000260326005701010400000000140400000001150400000002160400000000170200002A02000030014D3101182E7E
2026-03-26 00:57:33 - msg_id_0200 ==> 7E02000042660000000002024000000000000C000300C6478B049FACA8038D00000000260326005732010400000000140400000001150400000002160400000000170200002A02000030014D310118687E
2026-03-26 00:58:04 - msg_id_0200 ==> 7E02000042660000000002024B00000000000C000300C6478C049FACA8038D00000000260326005803010400000000140400000001150400000002160400000000170200002A02000030014D3101185A7E
2026-03-26 00:58:35 - msg_id_0200 ==> 7E02000042660000000002025600000000000C000300C6478A049FACA8038D00000000260326005834010400000000140400000001150400000002160400000000170200002A02000030014D310116787E
2026-03-26 00:59:06 - msg_id_0200 ==> 7E02000042660000000002026100000000000C000300C64789049FACA8038D00000000260326005905010400000000140400000001150400000002160400000000170200002A02000030014D310118727E
2026-03-26 00:59:37 - msg_id_0200 ==> 7E02000042660000000002026C00000000000C000300C6478A049FACB0038D00000000260326005936010400000000140400000001150400000002160400000000170200002A02000030014D310117587E
2026-03-26 01:00:08 - msg_id_0200 ==> 7E02000042660000000002027700000000000C000300C6478B049FACB0038D00000000260326010007010400000000140400000001150400000002160400000000170200002A02000030014D3101172B7E
2026-03-26 01:00:28 - msg_id_0200 ==> 7E02000042660000000002027F00000100000C000300C6478C049FACB0038D00000000260326010027010400000000140400000001150400000002160400000000170200002A02000030014D310117057E
2026-03-26 01:00:39 - msg_id_0200 ==> 7E02000042660000000002028400000000000C000300C6478D049FACB0038D00000000260326010038010400000000140400000001150400000002160400000000170200002A02000030014D310117E17E
2026-03-26 01:01:10 - msg_id_0200 ==> 7E02000042660000000002028F00000000000C000300C6478F049FACB0038D00000000260326010109010400000000140400000001150400000002160400000000170200002A02000030014D310118D77E
2026-03-26 01:01:41 - msg_id_0200 ==> 7E02000042660000000002029A00000000000C000300C64790049FACB8038D00000000260326010140010400000000140400000001150400000002160400000000170200002A02000030014D310117937E
2026-03-26 01:02:12 - msg_id_0200 ==> 7E0200004266000000000202A500000000000C000300C64792049FACB8038D00000000260326010211010400000000140400000001150400000002160400000000170200002A02000030014D310118F37E
2026-03-26 01:02:43 - msg_id_0200 ==> 7E0200004266000000000202B000000000000C000300C64792049FACB8038D00000000260326010242010400000000140400000001150400000002160400000000170200002A02000030014D310118B57E
2026-03-26 01:03:14 - msg_id_0200 ==> 7E0200004266000000000202BB00000000000C000300C64793049FACB8038D00000000260326010313010400000000140400000001150400000002160400000000170200002A02000030014D310116E17E
2026-03-26 01:03:45 - msg_id_0200 ==> 7E0200004266000000000202C600000000000C000300C64793049FACB8038D00000000260326010344010400000000140400000001150400000002160400000000170200002A02000030014D310118C57E
2026-03-26 01:04:16 - msg_id_0200 ==> 7E0200004266000000000202D100000000000C000300C64792049FACB8038D00000000260326010415010400000000140400000001150400000002160400000000170200002A02000030014D3101178A7E
2026-03-26 01:04:47 - msg_id_0200 ==> 7E0200004266000000000202DC00000000000C000300C64793049FACB8038D00000000260326010446010400000000140400000001150400000002160400000000170200002A02000030014D310116D47E
2026-03-26 01:05:18 - msg_id_0200 ==> 7E0200004266000000000202E700000000000C000300C64791049FACC0038D00000000260326010517010400000000140400000001150400000002160400000000170200002A02000030014D310115C67E
2026-03-26 01:05:49 - msg_id_0200 ==> 7E0200004266000000000202F200000000000C000300C64793049FACC0038D00000000260326010548010400000000140400000001150400000002160400000000170200002A02000030014D3101158E7E
2026-03-26 01:06:20 - msg_id_0200 ==> 7E0200004266000000000202FD00000000000C000300C64790049FACC0038D00000000260326010619010400000000140400000001150400000002160400000000170200002A02000030014D310114D17E
2026-03-26 01:06:51 - msg_id_0200 ==> 7E02000042660000000002030800000000000C000300C64790049FACC0038D00000000260326010650010400000000140400000001150400000002160400000000170200002A02000030014D3101156D7E
2026-03-26 01:07:22 - msg_id_0200 ==> 7E02000042660000000002031300000000000C000300C64790049FACC0038D00000000260326010721010400000000140400000001150400000002160400000000170200002A02000030014D310116057E
2026-03-26 01:07:53 - msg_id_0200 ==> 7E02000042660000000002031E00000000000C000300C64792049FACC0038D00000000260326010752010400000000140400000001150400000002160400000000170200002A02000030014D310117787E
2026-03-26 01:08:24 - msg_id_0200 ==> 7E02000042660000000002032900000000000C000300C6478F049FACC0038D00000000260326010823010400000000140400000001150400000002160400000000170200002A02000030014D3101172C7E
2026-03-26 01:08:55 - msg_id_0200 ==> 7E02000042660000000002033400000000000C000300C6478E049FACC0038D00000000260326010854010400000000140400000001150400000002160400000000170200002A02000030014D310117477E
2026-03-26 01:09:26 - msg_id_0200 ==> 7E02000042660000000002033F00000000000C000300C64790049FACC0038D00000000260326010925010400000000140400000001150400000002160400000000170200002A02000030014D310117227E
2026-03-26 01:09:57 - msg_id_0200 ==> 7E02000042660000000002034A00000000000C000300C6478F049FACC0038D00000000260326010956010400000000140400000001150400000002160400000000170200002A02000030014D3101173B7E
2026-03-26 01:10:28 - msg_id_0200 ==> 7E02000042660000000002035500000000000C000300C6478C049FACC0038D00000000260326011027010400000000140400000001150400000002160400000000170200002A02000030014D3101174F7E
2026-03-26 01:10:59 - msg_id_0200 ==> 7E02000042660000000002036000000000000C000300C6478B049FACC0038D00000000260326011058010400000000140400000001150400000002160400000000170200002A02000030014D3101180D7E
2026-03-26 01:11:30 - msg_id_0200 ==> 7E02000042660000000002036B00000000000C000300C6478D049FACC0038D00000000260326011129010400000000140400000001150400000002160400000000170200002A02000030014D310118707E
2026-03-26 01:12:01 - msg_id_0200 ==> 7E02000042660000000002037600000000000C000300C6478C049FACC0038D00000000260326011200010400000000140400000001150400000002160400000000170200002A02000030014D310116487E
2026-03-26 01:12:25 - msg_id_0200 ==> 7E02000042660000000002037F00000100000C000300C6478C049FACB8038D00000000260326011224010400000000140400000001150400000002160400000000170200002A02000030014D3101161C7E
2026-03-26 01:12:32 - msg_id_0200 ==> 7E02000042660000000002038200000000000C000300C6478C049FACB8038D00000000260326011231010400000000140400000001150400000002160400000000170200002A02000030014D310114F77E
2026-03-26 01:13:03 - msg_id_0200 ==> 7E02000042660000000002038D00000000000C000300C6478D049FACB8038D00000000260326011302010400000000140400000001150400000002160400000000170200002A02000030014D310116C97E
2026-03-26 01:13:34 - msg_id_0200 ==> 7E02000042660000000002039800000000000C000300C6478E049FACB8038D00000000260326011333010400000000140400000001150400000002160400000000170200002A02000030014D310116EE7E
2026-03-26 01:14:05 - msg_id_0200 ==> 7E0200004266000000000203A300000000000C000300C6478F049FACB8038D00000000260326011404010400000000140400000001150400000002160400000000170200002A02000030014D310114E67E
2026-03-26 01:14:36 - msg_id_0200 ==> 7E0200004266000000000203AE00000000000C000300C6478E049FACB8038D00000000260326011435010400000000140400000001150400000002160400000000170200002A02000030014D310115DA7E
2026-03-26 01:15:07 - msg_id_0200 ==> 7E0200004266000000000203B900000000000C000300C6478D049FACB8038D00000000260326011506010400000000140400000001150400000002160400000000170200002A02000030014D310117FE7E
2026-03-26 01:15:38 - msg_id_0200 ==> 7E0200004266000000000203C400000000000C000300C6478F049FACB8038D00000000260326011537010400000000140400000001150400000002160400000000170200002A02000030014D310117B07E
2026-03-26 01:16:09 - msg_id_0200 ==> 7E0200004266000000000203CF00000000000C000300C6478F049FACB8038D00000000260326011608010400000000140400000001150400000002160400000000170200002A02000030014D310116867E
2026-03-26 01:16:40 - msg_id_0200 ==> 7E0200004266000000000203DA00000000000C000300C6478D049FACB8038D00000000260326011639010400000000140400000001150400000002160400000000170200002A02000030014D310118AE7E
2026-03-26 01:17:11 - msg_id_0200 ==> 7E0200004266000000000203E500000000000C000300C6478A049FACB8038D00000000260326011710010400000000140400000001150400000002160400000000170200002A02000030014D310117B17E
2026-03-26 01:17:42 - msg_id_0200 ==> 7E0200004266000000000203F000000000000C000300C64788049FACB8038D00000000260326011741010400000000140400000001150400000002160400000000170200002A02000030014D310118F87E
2026-03-26 01:18:13 - msg_id_0200 ==> 7E0200004266000000000203FB00000000000C000300C64783049FACB8038D00000000260326011812010400000000140400000001150400000002160400000000170200002A02000030014D310118A47E
2026-03-26 01:18:44 - msg_id_0200 ==> 7E02000042660000000002040600000000000C000300C64781049FACB8038D00000000260326011843010400000000140400000001150400000002160400000000170200002A02000030014D3101180D7E
2026-03-26 01:19:15 - msg_id_0200 ==> 7E02000042660000000002041100000000000C000300C6477F049FACB8038D00000000260326011914010400000000140400000001150400000002160400000000170200002A02000030014D310118B27E
2026-03-26 01:19:46 - msg_id_0200 ==> 7E02000042660000000002041C00000000000C000300C6477F049FACB0038D00000000260326011945010400000000140400000001150400000002160400000000170200002A02000030014D310116E87E
2026-03-26 01:20:17 - msg_id_0200 ==> 7E02000042660000000002042700000000000C000300C6477F049FACB0038D00000000260326012016010400000000140400000001150400000002160400000000170200002A02000030014D310116B97E
2026-03-26 01:20:48 - msg_id_0200 ==> 7E02000042660000000002043200000000000C000300C6477F049FACB0038D00000000260326012047010400000000140400000001150400000002160400000000170200002A02000030014D310117FC7E
2026-03-26 01:21:19 - msg_id_0200 ==> 7E02000042660000000002043D00000000000C000300C6477F049FACA8038D00000000260326012118010400000000140400000001150400000002160400000000170200002A02000030014D310116B47E
2026-03-26 01:21:50 - msg_id_0200 ==> 7E02000042660000000002044800000000000C000300C6477F049FACA8038D00000000260326012149010400000000140400000001150400000002160400000000170200002A02000030014D3101189E7E
2026-03-26 01:22:21 - msg_id_0200 ==> 7E02000042660000000002045300000000000C000300C64780049FACA8038D00000000260326012220010400000000140400000001150400000002160400000000170200002A02000030014D3101171F7E
2026-03-26 01:22:52 - msg_id_0200 ==> 7E02000042660000000002045E00000000000C000300C6477F049FACA8038D00000000260326012251010400000000140400000001150400000002160400000000170200002A02000030014D310118937E
2026-03-26 01:23:23 - msg_id_0200 ==> 7E02000042660000000002046900000000000C000300C6477A049FACA8038D00000000260326012322010400000000140400000001150400000002160400000000170200002A02000030014D310117DC7E
2026-03-26 01:23:54 - msg_id_0200 ==> 7E02000042660000000002047400000000000C000300C64777049FACA0038D00040000260326012353010400000000140400000001150400000002160400000000170200002A02000030014D310117B17E
2026-03-26 01:24:23 - msg_id_0200 ==> 7E02000042660000000002047F00000100000C000300C64777049FACA8038E00000000260326012422010400000000140400000001150400000002160400000000170200002A02000030014D310116C37E
2026-03-26 01:24:28 - msg_id_0200 ==> 7E02000042660000000002048200000000000C000300C64778049FACA8038E00000000260326012427010400000000140400000001150400000002160400000000170200002A02000030014D310116357E
2026-03-26 01:24:59 - msg_id_0200 ==> 7E02000042660000000002048D00000000000C000300C64775049FACB0038E00000000260326012458010400000000140400000001150400000002160400000000170200002A02000030014D310114527E
2026-03-26 01:25:30 - msg_id_0200 ==> 7E02000042660000000002049800000000000C000300C64774049FACB0038E00000000260326012529010400000000140400000001150400000002160400000000170200002A02000030014D310112307E
2026-03-26 01:26:01 - msg_id_0200 ==> 7E0200004266000000000204A300000000000C000300C64777049FACB8038E00000000260326012600010400000000140400000001150400000002160400000000170200002A02000030014D3101152D7E
2026-03-26 01:26:32 - msg_id_0200 ==> 7E0200004266000000000204AE00000000000C000300C64779049FACB8038E00000000260326012631010400000000140400000001150400000002160400000000170200002A02000030014D3101171D7E
2026-03-26 01:27:03 - msg_id_0200 ==> 7E0200004266000000000204B900000000000C000300C64779049FACB8038E00000000260326012702010400000000140400000001150400000002160400000000170200002A02000030014D310117387E
2026-03-26 01:27:34 - msg_id_0200 ==> 7E0200004266000000000204C400000000000C000300C64778049FACB0038F00000000260326012733010400000000140400000001150400000002160400000000170200002A02000030014D310118737E
2026-03-26 01:28:05 - msg_id_0200 ==> 7E0200004266000000000204CF00000000000C000300C6477A049FACB0038F00000000260326012804010400000000140400000001150400000002160400000000170200002A02000030014D3101164C7E
2026-03-26 01:28:36 - msg_id_0200 ==> 7E0200004266000000000204DA00000000000C000300C6477B049FACB0038E00000000260326012835010400000000140400000001150400000002160400000000170200002A02000030014D3101156B7E
2026-03-26 01:29:07 - msg_id_0200 ==> 7E0200004266000000000204E500000000000C000300C6477A049FACA8038E00000000260326012906010400000000140400000001150400000002160400000000170200002A02000030014D3101177D017E
2026-03-26 01:29:38 - msg_id_0200 ==> 7E0200004266000000000204F000000000000C000300C64779049FACA8038E00000000260326012937010400000000140400000001150400000002160400000000170200002A02000030014D3101165B7E
2026-03-26 01:30:09 - msg_id_0200 ==> 7E0200004266000000000204FB00000000000C000300C6477D01049FACA8038E00000000260326013008010400000000140400000001150400000002160400000000170200002A02000030014D310115717E
2026-03-26 01:30:40 - msg_id_0200 ==> 7E02000042660000000002050600000000000C000300C6477B049FACA8038F00000000260326013039010400000000140400000001150400000002160400000000170200002A02000030014D310114BA7E
2026-03-26 01:31:11 - msg_id_0200 ==> 7E02000042660000000002051100000000000C000300C64779049FACA0038F00000000260326013110010400000000140400000001150400000002160400000000170200002A02000030014D3101158E7E
2026-03-26 01:31:42 - msg_id_0200 ==> 7E02000042660000000002051C00000000000C000300C6477B049FACA0038F00000000260326013141010400000000140400000001150400000002160400000000170200002A02000030014D310115D07E
2026-03-26 01:32:13 - msg_id_0200 ==> 7E02000042660000000002052700000000000C000300C6477C049FACA0038F00000000260326013212010400000000140400000001150400000002160400000000170200002A02000030014D310113BA7E
2026-03-26 01:32:44 - msg_id_0200 ==> 7E02000042660000000002053200000000000C000300C6477B049FACA0038F00000000260326013243010400000000140400000001150400000002160400000000170200002A02000030014D310113F97E
2026-03-26 01:33:15 - msg_id_0200 ==> 7E02000042660000000002053D00000000000C000300C6477D01049FACA0038E00000000260326013314010400000000140400000001150400000002160400000000170200002A02000030014D310111A57E
2026-03-26 01:33:46 - msg_id_0200 ==> 7E02000042660000000002054800000000000C000300C6477D01049FACA0038E00000000260326013345010400000000140400000001150400000002160400000000170200002A02000030014D310114847E
2026-03-26 01:34:17 - msg_id_0200 ==> 7E02000042660000000002055300000000000C000300C6477C049FACA0038E00000000260326013416010400000000140400000001150400000002160400000000170200002A02000030014D310114CA7E
2026-03-26 01:34:48 - msg_id_0200 ==> 7E02000042660000000002055E00000000000C000300C64778049FACA0038E00000000260326013447010400000000140400000001150400000002160400000000170200002A02000030014D310115937E
2026-03-26 01:35:19 - msg_id_0200 ==> 7E02000042660000000002056900000000000C000300C6477A049FAC98038E00000000260326013518010400000000140400000001150400000002160400000000170200002A02000030014D310113C67E
2026-03-26 01:35:50 - msg_id_0200 ==> 7E02000042660000000002057400000000000C000300C64779049FAC98038E00000000260326013549010400000000140400000001150400000002160400000000170200002A02000030014D310113897E
2026-03-26 01:36:20 - msg_id_0200 ==> 7E02000042660000000002057F00000100000C000300C64777049FAC98038E00000000260326013619010400000000140400000001150400000002160400000000170200002A02000030014D310113DE7E
2026-03-26 01:36:25 - msg_id_0200 ==> 7E02000042660000000002058200000000000C000300C64776049FAC98038E00000000260326013624010400000000140400000001150400000002160400000000170200002A02000030014D3101131E7E
2026-03-26 01:36:56 - msg_id_0200 ==> 7E02000042660000000002058D00000000000C000300C64774049FAC98038E00000000260326013655010400000000140400000001150400000002160400000000170200002A02000030014D310113627E
2026-03-26 01:37:27 - msg_id_0200 ==> 7E02000042660000000002059800000000000C000300C64771049FAC98038E00000000260326013726010400000000140400000001150400000002160400000000170200002A02000030014D310113007E
2026-03-26 01:37:58 - msg_id_0200 ==> 7E0200004266000000000205A300000000000C000300C64771049FAC98038E00000000260326013757010400000000140400000001150400000002160400000000170200002A02000030014D3101134A7E
2026-03-26 01:38:29 - msg_id_0200 ==> 7E0200004266000000000205AE00000000000C000300C64772049FAC98038E00000000260326013828010400000000140400000001150400000002160400000000170200002A02000030014D310113347E
2026-03-26 01:39:00 - msg_id_0200 ==> 7E0200004266000000000205B900000000000C000300C64772049FAC98038E00000000260326013859010400000000140400000001150400000002160400000000170200002A02000030014D310113527E
2026-03-26 01:39:31 - msg_id_0200 ==> 7E0200004266000000000205C400000000000C000300C64771049FAC98038E00000000260326013930010400000000140400000001150400000002160400000000170200002A02000030014D310114437E
2026-03-26 01:40:02 - msg_id_0200 ==> 7E0200004266000000000205CF00000000000C000300C64771049FAC98038E00000000260326014001010400000000140400000001150400000002160400000000170200002A02000030014D310112067E
2026-03-26 01:40:33 - msg_id_0200 ==> 7E0200004266000000000205DA00000000000C000300C64771049FAC98038D00000000260326014032010400000000140400000001150400000002160400000000170200002A02000030014D310114257E
2026-03-26 01:41:04 - msg_id_0200 ==> 7E0200004266000000000205E500000000000C000300C64770049FAC98038D00000000260326014103010400000000140400000001150400000002160400000000170200002A02000030014D3101132C7E
2026-03-26 01:41:35 - msg_id_0200 ==> 7E0200004266000000000205F000000000000C000300C6476D049FAC98038D00000000260326014134010400000000140400000001150400000002160400000000170200002A02000030014D310113137E
2026-03-26 01:42:06 - msg_id_0200 ==> 7E0200004266000000000205FB00000000000C000300C6476B049FAC98038D00000000260326014205010400000000140400000001150400000002160400000000170200002A02000030014D3101142B7E
2026-03-26 01:42:37 - msg_id_0200 ==> 7E02000042660000000002060600000000000C000300C6476B049FAC98038D00000000260326014236010400000000140400000001150400000002160400000000170200002A02000030014D310115E77E
2026-03-26 01:43:08 - msg_id_0200 ==> 7E02000042660000000002061100000000000C000300C6476B049FAC98038D00000000260326014307010400000000140400000001150400000002160400000000170200002A02000030014D310114C17E
2026-03-26 01:43:39 - msg_id_0200 ==> 7E02000042660000000002061C00000000000C000300C6476B049FAC98038D00000000260326014338010400000000140400000001150400000002160400000000170200002A02000030014D310115F27E
2026-03-26 01:44:10 - msg_id_0200 ==> 7E02000042660000000002062700000000000C000300C6476D049FAC98038D00000000260326014409010400000000140400000001150400000002160400000000170200002A02000030014D310114F87E
2026-03-26 01:44:41 - msg_id_0200 ==> 7E02000042660000000002063200000000000C000300C64770049FAC98038D00000000260326014440010400000000140400000001150400000002160400000000170200002A02000030014D310115B87E
2026-03-26 01:45:12 - msg_id_0200 ==> 7E02000042660000000002063D00000000000C000300C6476F049FAC98038D00000000260326014511010400000000140400000001150400000002160400000000170200002A02000030014D310114F97E
2026-03-26 01:45:43 - msg_id_0200 ==> 7E02000042660000000002064800000000000C000300C64771049FAC98038D00000000260326014542010400000000140400000001150400000002160400000000170200002A02000030014D310113C67E
2026-03-26 01:46:14 - msg_id_0200 ==> 7E02000042660000000002065300000000000C000300C64771049FAC98038D00000000260326014613010400000000140400000001150400000002160400000000170200002A02000030014D3101128E7E
2026-03-26 01:46:45 - msg_id_0200 ==> 7E02000042660000000002065E00000000000C000300C64770049FAC90038D00000000260326014644010400000000140400000001150400000002160400000000170200002A02000030014D310112DD7E
2026-03-26 01:47:16 - msg_id_0200 ==> 7E02000042660000000002066900000000000C000300C64771049FAC90038D00000000260326014715010400000000140400000001150400000002160400000000170200002A02000030014D310112BB7E
2026-03-26 01:47:47 - msg_id_0200 ==> 7E02000042660000000002067400000000000C000300C64773049FAC90038C00000000260326014746010400000000140400000001150400000002160400000000170200002A02000030014D310111F57E
2026-03-26 01:48:18 - msg_id_0200 ==> 7E02000042660000000002067F00000100000C000300C64777049FAC90038D00000000260326014817010400000000140400000001150400000002160400000000170200002A02000030014D310113A67E
2026-03-26 01:48:23 - msg_id_0200 ==> 7E02000042660000000002068200000000000C000300C64777049FAC90038D00000000260326014822010400000000140400000001150400000002160400000000170200002A02000030014D310114687E
2026-03-26 01:48:54 - msg_id_0200 ==> 7E02000042660000000002068D00000000000C000300C6477B049FAC90038D00000000260326014853010400000000140400000001150400000002160400000000170200002A02000030014D3101121C7E
2026-03-26 01:49:25 - msg_id_0200 ==> 7E02000042660000000002069800000000000C000300C64778049FAC98038D00000000260326014924010400000000140400000001150400000002160400000000170200002A02000030014D310116707E
2026-03-26 01:49:56 - msg_id_0200 ==> 7E0200004266000000000206A300000000000C000300C64779049FAC98038D00000000260326014955010400000000140400000001150400000002160400000000170200002A02000030014D310115387E
2026-03-26 01:50:27 - msg_id_0200 ==> 7E0200004266000000000206AE00000000000C000300C64779049FAC98038C00000000260326015026010400000000140400000001150400000002160400000000170200002A02000030014D3101145F7E
2026-03-26 01:50:58 - msg_id_0200 ==> 7E0200004266000000000206B900000000000C000300C64778049FAC98038C00000000260326015057010400000000140400000001150400000002160400000000170200002A02000030014D3101123E7E
2026-03-26 01:51:29 - msg_id_0200 ==> 7E0200004266000000000206C400000000000C000300C64776049FAC98038C00000000260326015128010400000000140400000001150400000002160400000000170200002A02000030014D310113327E
2026-03-26 01:52:00 - msg_id_0200 ==> 7E0200004266000000000206CF00000000000C000300C64776049FAC98038C00000000260326015159010400000000140400000001150400000002160400000000170200002A02000030014D310112497E
2026-03-26 01:52:31 - msg_id_0200 ==> 7E0200004266000000000206DA00000000000C000300C64777049FAC98038C00000000260326015230010400000000140400000001150400000002160400000000170200002A02000030014D310113367E
2026-03-26 01:53:02 - msg_id_0200 ==> 7E0200004266000000000206E500000000000C000300C64776049FAC98038C00000000260326015301010400000000140400000001150400000002160400000000170200002A02000030014D3101143F7E
2026-03-26 01:53:33 - msg_id_0200 ==> 7E0200004266000000000206F000000000000C000300C64777049FAC98038C00000000260326015332010400000000140400000001150400000002160400000000170200002A02000030014D3101121E7E
2026-03-26 01:54:04 - msg_id_0200 ==> 7E0200004266000000000206FB00000000000C000300C6477A049FAC98038C00000000260326015403010400000000140400000001150400000002160400000000170200002A02000030014D3101132F7E
2026-03-26 01:54:35 - msg_id_0200 ==> 7E02000042660000000002070600000000000C000300C64778049FAC98038C00000000260326015434010400000000140400000001150400000002160400000000170200002A02000030014D310113E67E
2026-03-26 01:55:06 - msg_id_0200 ==> 7E02000042660000000002071100000000000C000300C64770049FACA0038D00000000260326015505010400000000140400000001150400000002160400000000170200002A02000030014D310113F07E
2026-03-26 01:55:37 - msg_id_0200 ==> 7E02000042660000000002071C00000000000C000300C6477D01049FACA0038D00000000260326015536010400000000140400000001150400000002160400000000170200002A02000030014D310114C47E
2026-03-26 01:56:08 - msg_id_0200 ==> 7E02000042660000000002072700000000000C000300C64784049FACA0038D00000000260326015607010400000000140400000001150400000002160400000000170200002A02000030014D310112327E
2026-03-26 01:56:39 - msg_id_0200 ==> 7E02000042660000000002073200000000000C000300C64784049FACA0038D00000000260326015638010400000000140400000001150400000002160400000000170200002A02000030014D3101161C7E
2026-03-26 01:57:10 - msg_id_0200 ==> 7E02000042660000000002073D00000000000C000300C64782049FACA0038E00000000260326015709010400000000140400000001150400000002160400000000170200002A02000030014D310114247E
2026-03-26 01:57:41 - msg_id_0200 ==> 7E02000042660000000002074800000000000C000300C64780049FACA0038E00000000260326015740010400000000140400000001150400000002160400000000170200002A02000030014D3101131D7E
2026-03-26 01:58:12 - msg_id_0200 ==> 7E02000042660000000002075300000000000C000300C6477D02049FACA0038E00000000260326015811010400000000140400000001150400000002160400000000170200002A02000030014D310113A67E
2026-03-26 01:58:43 - msg_id_0200 ==> 7E02000042660000000002075E00000000000C000300C6477D01049FACA0038E00000000260326015842010400000000140400000001150400000002160400000000170200002A02000030014D310113FB7E
2026-03-26 01:59:14 - msg_id_0200 ==> 7E02000042660000000002076900000000000C000300C6477D01049FACA0038E00000000260326015913010400000000140400000001150400000002160400000000170200002A02000030014D3101149B7E
2026-03-26 01:59:45 - msg_id_0200 ==> 7E02000042660000000002077400000000000C000300C6477D01049FAC98038E00000000260326015944010400000000140400000001150400000002160400000000170200002A02000030014D310114E97E
2026-03-26 02:00:15 - msg_id_0200 ==> 7E02000042660000000002077F00000100000C000300C64779049FAC98038F00000000260326020014010400000000140400000001150400000002160400000000170200002A02000030014D310111E97E
2026-03-26 02:00:21 - msg_id_0200 ==> 7E02000042660000000002078200000000000C000300C64778049FAC98038F00000000260326020020010400000000140400000001150400000002160400000000170200002A02000030014D310111207E
2026-03-26 02:00:52 - msg_id_0200 ==> 7E02000042660000000002078D00000000000C000300C64778049FAC90038F00000000260326020051010400000000140400000001150400000002160400000000170200002A02000030014D310112557E
2026-03-26 02:01:23 - msg_id_0200 ==> 7E02000042660000000002079800000000000C000300C64776049FAC90038E00000000260326020122010400000000140400000001150400000002160400000000170200002A02000030014D3101113E7E
2026-03-26 02:01:54 - msg_id_0200 ==> 7E0200004266000000000207A300000000000C000300C64777049FAC90038E00000000260326020153010400000000140400000001150400000002160400000000170200002A02000030014D310114707E
2026-03-26 02:02:25 - msg_id_0200 ==> 7E0200004266000000000207AE00000000000C000300C6477B049FAC90038E00000000260326020224010400000000140400000001150400000002160400000000170200002A02000030014D310112037E
2026-03-26 02:02:56 - msg_id_0200 ==> 7E0200004266000000000207B900000000000C000300C6477C049FAC90038F00000000260326020255010400000000140400000001150400000002160400000000170200002A02000030014D310115647E
2026-03-26 02:03:27 - msg_id_0200 ==> 7E0200004266000000000207C400000000000C000300C64778049FAC88038F00000000260326020326010400000000140400000001150400000002160400000000170200002A02000030014D310115777E
2026-03-26 02:03:58 - msg_id_0200 ==> 7E0200004266000000000207CF00000000000C000300C64776049FAC88038F00000000260326020357010400000000140400000001150400000002160400000000170200002A02000030014D310111077E
2026-03-26 02:04:29 - msg_id_0200 ==> 7E0200004266000000000207DA00000000000C000300C64776049FAC88038F00000000260326020428010400000000140400000001150400000002160400000000170200002A02000030014D3101156E7E
2026-03-26 02:05:00 - msg_id_0200 ==> 7E0200004266000000000207E500000000000C000300C64775049FAC88038F00000000260326020459010400000000140400000001150400000002160400000000170200002A02000030014D310115237E
2026-03-26 02:05:31 - msg_id_0200 ==> 7E0200004266000000000207F000000000000C000300C64772049FAC88038F00000000260326020530010400000000140400000001150400000002160400000000170200002A02000030014D310115597E
2026-03-26 02:06:02 - msg_id_0200 ==> 7E0200004266000000000207FB00000000000C000300C64770049FAC80038F00000000260326020601010400000000140400000001150400000002160400000000170200002A02000030014D310116697E
2026-03-26 02:06:33 - msg_id_0200 ==> 7E02000042660000000002080600000000000C000300C64773049FAC80038F00000000260326020632010400000000140400000001150400000002160400000000170200002A02000030014D310113AE7E
2026-03-26 02:07:04 - msg_id_0200 ==> 7E02000042660000000002081100000000000C000300C64775049FAC80038F00000000260326020703010400000000140400000001150400000002160400000000170200002A02000030014D310115897E
2026-03-26 02:07:35 - msg_id_0200 ==> 7E02000042660000000002081C00000000000C000300C64775049FAC78038F00000000260326020734010400000000140400000001150400000002160400000000170200002A02000030014D3101154B7E
2026-03-26 02:08:06 - msg_id_0200 ==> 7E02000042660000000002082700000000000C000300C64775049FAC78038F00000000260326020805010400000000140400000001150400000002160400000000170200002A02000030014D3101144F7E
2026-03-26 02:08:37 - msg_id_0200 ==> 7E02000042660000000002083200000000000C000300C64775049FAC78038F00000000260326020836010400000000140400000001150400000002160400000000170200002A02000030014D3101136E7E
2026-03-26 02:09:08 - msg_id_0200 ==> 7E02000042660000000002083D00000000000C000300C64775049FAC78038F00000000260326020907010400000000140400000001150400000002160400000000170200002A02000030014D310115577E
2026-03-26 02:09:39 - msg_id_0200 ==> 7E02000042660000000002084800000000000C000300C64776049FAC78038F00000000260326020938010400000000140400000001150400000002160400000000170200002A02000030014D3101141F7E
2026-03-26 02:10:10 - msg_id_0200 ==> 7E02000042660000000002085300000000000C000300C64776049FAC78038F00000000260326021009010400000000140400000001150400000002160400000000170200002A02000030014D3101132B7E
2026-03-26 02:10:41 - msg_id_0200 ==> 7E02000042660000000002085E00000000000C000300C64777049FAC78038F00000000260326021040010400000000140400000001150400000002160400000000170200002A02000030014D3101136E7E
2026-03-26 02:11:12 - msg_id_0200 ==> 7E02000042660000000002086900000000000C000300C64777049FAC78038F00000000260326021111010400000000140400000001150400000002160400000000170200002A02000030014D310112087E
2026-03-26 02:11:43 - msg_id_0200 ==> 7E02000042660000000002087400000000000C000300C64776049FAC78038F00000000260326021142010400000000140400000001150400000002160400000000170200002A02000030014D310113467E
2026-03-26 02:12:13 - msg_id_0200 ==> 7E02000042660000000002087F00000100000C000300C64777049FAC78039000000000260326021212010400000000140400000001150400000002160400000000170200002A02000030014D310111037E
2026-03-26 02:12:18 - msg_id_0200 ==> 7E02000042660000000002088200000000000C000300C64777049FAC78039000000000260326021217010400000000140400000001150400000002160400000000170200002A02000030014D310112F97E
2026-03-26 02:12:49 - msg_id_0200 ==> 7E02000042660000000002088D00000000000C000300C64776049FAC78039000000000260326021248010400000000140400000001150400000002160400000000170200002A02000030014D310113A97E
2026-03-26 02:13:20 - msg_id_0200 ==> 7E02000042660000000002089800000000000C000300C64776049FAC78039000000000260326021319010400000000140400000001150400000002160400000000170200002A02000030014D310113EC7E
2026-03-26 02:13:51 - msg_id_0200 ==> 7E0200004266000000000208A300000000000C000300C64778049FAC80039000000000260326021350010400000000140400000001150400000002160400000000170200002A02000030014D3101146F7E
2026-03-26 02:14:22 - msg_id_0200 ==> 7E0200004266000000000208AE00000000000C000300C64778049FAC80039000000000260326021421010400000000140400000001150400000002160400000000170200002A02000030014D310114147E
2026-03-26 02:14:52 - msg_id_0200 ==> 7E0200004266000000000208B900000000000C000300C64775049FAC80039000000000260326021452010400000000140400000001150400000002160400000000170200002A02000030014D3101157C7E
2026-03-26 02:15:24 - msg_id_0200 ==> 7E0200004266000000000208C400000000000C000300C64775049FAC80039000000000260326021523010400000000140400000001150400000002160400000000170200002A02000030014D310115717E
2026-03-26 02:15:55 - msg_id_0200 ==> 7E0200004266000000000208CF00000000000C000300C64772049FAC88039000000000260326021554010400000000140400000001150400000002160400000000170200002A02000030014D310112057E
2026-03-26 02:16:26 - msg_id_0200 ==> 7E0200004266000000000208DA00000000000C000300C6476F049FAC80039000000000260326021625010400000000140400000001150400000002160400000000170200002A02000030014D310113767E
2026-03-26 02:16:57 - msg_id_0200 ==> 7E0200004266000000000208E500000000000C000300C6476C049FAC80039000000000260326021656010400000000140400000001150400000002160400000000170200002A02000030014D310112387E
2026-03-26 02:17:28 - msg_id_0200 ==> 7E0200004266000000000208F000000000000C000300C6476B049FAC80039000000000260326021727010400000000140400000001150400000002160400000000170200002A02000030014D3101125A7E
2026-03-26 02:17:59 - msg_id_0200 ==> 7E0200004266000000000208FB00000000000C000300C64769049FAC80039000030000260326021758010400000000140400000001150400000002160400000000170200002A02000030014D3101132E7E
2026-03-26 02:18:30 - msg_id_0200 ==> 7E02000042660000000002090600000000000C000300C6476B049FAC78039000000000260326021829010400000000140400000001150400000002160400000000170200002A02000030014D310112547E
2026-03-26 02:19:01 - msg_id_0200 ==> 7E02000042660000000002091100000000000C000300C6476E049FAC80039000000000260326021900010400000000140400000001150400000002160400000000170200002A02000030014D310113977E
2026-03-26 02:19:32 - msg_id_0200 ==> 7E02000042660000000002091C00000000000C000300C64771049FAC80039000000000260326021931010400000000140400000001150400000002160400000000170200002A02000030014D310113B47E
2026-03-26 02:20:03 - msg_id_0200 ==> 7E02000042660000000002092700000000000C000300C64772049FAC80039000000000260326022002010400000000140400000001150400000002160400000000170200002A02000030014D31010F9A7E
2026-03-26 02:20:34 - msg_id_0200 ==> 7E02000042660000000002093200000000000C000300C64770049FAC80039000000000260326022033010400000000140400000001150400000002160400000000170200002A02000030014D310113A07E
2026-03-26 02:21:05 - msg_id_0200 ==> 7E02000042660000000002093D00000000000C000300C6476B049FAC80039000000000260326022104010400000000140400000001150400000002160400000000170200002A02000030014D310113827E
2026-03-26 02:21:36 - msg_id_0200 ==> 7E02000042660000000002094800000000000C000300C6476B049FAC88039000000000260326022135010400000000140400000001150400000002160400000000170200002A02000030014D310113CE7E
2026-03-26 02:22:07 - msg_id_0200 ==> 7E02000042660000000002095300000000000C000300C6476B049FAC88039000000000260326022206010400000000140400000001150400000002160400000000170200002A02000030014D310112E47E
2026-03-26 02:22:38 - msg_id_0200 ==> 7E02000042660000000002095E00000000000C000300C6476D049FAC88039000000000260326022237010400000000140400000001150400000002160400000000170200002A02000030014D310111DD7E
2026-03-26 02:23:09 - msg_id_0200 ==> 7E02000042660000000002096900000000000C000300C64770049FAC88039000000000260326022308010400000000140400000001150400000002160400000000170200002A02000030014D310113CB7E
2026-03-26 02:23:40 - msg_id_0200 ==> 7E02000042660000000002097400000000000C000300C64770049FAC90039000000000260326022339010400000000140400000001150400000002160400000000170200002A02000030014D310112FE7E
2026-03-26 02:24:11 - msg_id_0200 ==> 7E02000042660000000002097F00000100000C000300C6476F049FAC90039000000000260326022410010400000000140400000001150400000002160400000000170200002A02000030014D310111C67E
2026-03-26 02:24:16 - msg_id_0200 ==> 7E02000042660000000002098200000000000C000300C6476F049FAC90039000000000260326022415010400000000140400000001150400000002160400000000170200002A02000030014D3101113F7E
2026-03-26 02:24:47 - msg_id_0200 ==> 7E02000042660000000002098D00000000000C000300C6476E049FAC90039000000000260326022446010400000000140400000001150400000002160400000000170200002A02000030014D310111627E
2026-03-26 02:25:18 - msg_id_0200 ==> 7E02000042660000000002099800000000000C000300C6476E049FAC90039000000000260326022517010400000000140400000001150400000002160400000000170200002A02000030014D31010F397E
2026-03-26 02:25:49 - msg_id_0200 ==> 7E0200004266000000000209A300000000000C000300C64770049FAC98039000000000260326022548010400000000140400000001150400000002160400000000170200002A02000030014D310112567E
2026-03-26 02:26:20 - msg_id_0200 ==> 7E0200004266000000000209AE00000000000C000300C6476E049FAC98039000000000260326022619010400000000140400000001150400000002160400000000170200002A02000030014D310111147E
2026-03-26 02:26:51 - msg_id_0200 ==> 7E0200004266000000000209B900000000000C000300C6476C049FAC98039000000000260326022650010400000000140400000001150400000002160400000000170200002A02000030014D3101144D7E
2026-03-26 02:27:22 - msg_id_0200 ==> 7E0200004266000000000209C400000000000C000300C6476B049FAC98039000000000260326022721010400000000140400000001150400000002160400000000170200002A02000030014D310115467E
2026-03-26 02:27:53 - msg_id_0200 ==> 7E0200004266000000000209CF00000000000C000300C6476D049FAC98039000000000260326022752010400000000140400000001150400000002160400000000170200002A02000030014D310114397E
2026-03-26 02:28:24 - msg_id_0200 ==> 7E0200004266000000000209DA00000000000C000300C6476B049FAC98039000000000260326022823010400000000140400000001150400000002160400000000170200002A02000030014D310112527E
2026-03-26 02:28:55 - msg_id_0200 ==> 7E0200004266000000000209E500000000000C000300C6476B049FAC98039000000000260326022854010400000000140400000001150400000002160400000000170200002A02000030014D310111197E
2026-03-26 02:29:26 - msg_id_0200 ==> 7E0200004266000000000209F000000000000C000300C64769049FAC98039000000000260326022925010400000000140400000001150400000002160400000000170200002A02000030014D3101137C7E
2026-03-26 02:29:57 - msg_id_0200 ==> 7E0200004266000000000209FB00000000000C000300C64768049FAC98039000000000260326022956010400000000140400000001150400000002160400000000170200002A02000030014D310113057E
2026-03-26 02:30:28 - msg_id_0200 ==> 7E020000426600000000020A0600000000000C000300C64766049FAC98039000000000260326023027010400000000140400000001150400000002160400000000170200002A02000030014D3101129C7E
2026-03-26 02:30:59 - msg_id_0200 ==> 7E020000426600000000020A1100000000000C000300C64764049FAC98039000000000260326023058010400000000140400000001150400000002160400000000170200002A02000030014D310115F17E
2026-03-26 02:31:30 - msg_id_0200 ==> 7E020000426600000000020A1C00000000000C000300C64761049FAC90039000000000260326023129010400000000140400000001150400000002160400000000170200002A02000030014D310114807E
2026-03-26 02:32:01 - msg_id_0200 ==> 7E020000426600000000020A2700000000000C000300C64760049FAC90039000000000260326023200010400000000140400000001150400000002160400000000170200002A02000030014D310115917E
2026-03-26 02:32:32 - msg_id_0200 ==> 7E020000426600000000020A3200000000000C000300C64760049FAC98039000000000260326023231010400000000140400000001150400000002160400000000170200002A02000030014D310114BC7E
2026-03-26 02:33:03 - msg_id_0200 ==> 7E020000426600000000020A3D00000000000C000300C64762049FAC98039000000000260326023302010400000000140400000001150400000002160400000000170200002A02000030014D310114837E
2026-03-26 02:33:34 - msg_id_0200 ==> 7E020000426600000000020A4800000000000C000300C64764049FAC90039000000000260326023333010400000000140400000001150400000002160400000000170200002A02000030014D310114C97E
2026-03-26 02:34:05 - msg_id_0200 ==> 7E020000426600000000020A5300000000000C000300C64763049FAC90039000000000260326023404010400000000140400000001150400000002160400000000170200002A02000030014D310114E57E
2026-03-26 02:34:36 - msg_id_0200 ==> 7E020000426600000000020A5E00000000000C000300C64763049FAC90038F00000000260326023435010400000000140400000001150400000002160400000000170200002A02000030014D310114C67E
2026-03-26 02:35:07 - msg_id_0200 ==> 7E020000426600000000020A6900000000000C000300C64763049FAC90038F00000000260326023506010400000000140400000001150400000002160400000000170200002A02000030014D310111C67E
2026-03-26 02:35:38 - msg_id_0200 ==> 7E020000426600000000020A7400000000000C000300C64762049FAC90038F00000000260326023537010400000000140400000001150400000002160400000000170200002A02000030014D310114EE7E
2026-03-26 02:36:08 - msg_id_0200 ==> 7E020000426600000000020A7F00000100000C000300C64762049FAC90038F00000000260326023607010400000000140400000001150400000002160400000000170200002A02000030014D310116D57E
2026-03-26 02:36:13 - msg_id_0200 ==> 7E020000426600000000020A8200000000000C000300C64762049FAC90038F00000000260326023612010400000000140400000001150400000002160400000000170200002A02000030014D3101163C7E
2026-03-26 02:36:44 - msg_id_0200 ==> 7E020000426600000000020A8D00000000000C000300C64765049FAC90038F00000000260326023643010400000000140400000001150400000002160400000000170200002A02000030014D310114677E
2026-03-26 02:37:15 - msg_id_0200 ==> 7E020000426600000000020A9800000000000C000300C64765049FAC90038F00000000260326023714010400000000140400000001150400000002160400000000170200002A02000030014D310116267E
2026-03-26 02:37:46 - msg_id_0200 ==> 7E020000426600000000020AA300000000000C000300C64766049FAC90038F00000000260326023745010400000000140400000001150400000002160400000000170200002A02000030014D3101164F7E
2026-03-26 02:38:17 - msg_id_0200 ==> 7E020000426600000000020AAE00000000000C000300C64769049FAC90038F00000000260326023816010400000000140400000001150400000002160400000000170200002A02000030014D310114137E
2026-03-26 02:38:48 - msg_id_0200 ==> 7E020000426600000000020AB900000000000C000300C64767049FAC90038F00000000260326023847010400000000140400000001150400000002160400000000170200002A02000030014D3101135C7E
2026-03-26 02:39:19 - msg_id_0200 ==> 7E020000426600000000020AC400000000000C000300C64769049FAC90038F00000000260326023918010400000000140400000001150400000002160400000000170200002A02000030014D310114767E
2026-03-26 02:39:50 - msg_id_0200 ==> 7E020000426600000000020ACF00000000000C000300C6476A049FAC90038F00000000260326023949010400000000140400000001150400000002160400000000170200002A02000030014D310112297E
2026-03-26 02:40:21 - msg_id_0200 ==> 7E020000426600000000020ADA00000000000C000300C6476B049FAC88038F00000000260326024020010400000000140400000001150400000002160400000000170200002A02000030014D310114337E
2026-03-26 02:40:52 - msg_id_0200 ==> 7E020000426600000000020AE500000000000C000300C64770049FAC88038F00000000260326024051010400000000140400000001150400000002160400000000170200002A02000030014D310114667E
2026-03-26 02:41:23 - msg_id_0200 ==> 7E020000426600000000020AF000000000000C000300C64773049FAC88038E00000000260326024122010400000000140400000001150400000002160400000000170200002A02000030014D310113047E
2026-03-26 02:41:54 - msg_id_0200 ==> 7E020000426600000000020AFB00000000000C000300C64775049FAC88038E00000000260326024153010400000000140400000001150400000002160400000000170200002A02000030014D3101147F7E
2026-03-26 02:42:25 - msg_id_0200 ==> 7E020000426600000000020B0600000000000C000300C64776049FAC88038E00000000260326024224010400000000140400000001150400000002160400000000170200002A02000030014D310115F57E
2026-03-26 02:42:56 - msg_id_0200 ==> 7E020000426600000000020B1100000000000C000300C64778049FAC88038E00000000260326024255010400000000140400000001150400000002160400000000170200002A02000030014D3101159D7E
2026-03-26 02:43:27 - msg_id_0200 ==> 7E020000426600000000020B1C00000000000C000300C64779049FAC88038E00000000260326024326010400000000140400000001150400000002160400000000170200002A02000030014D310114E27E
2026-03-26 02:43:58 - msg_id_0200 ==> 7E020000426600000000020B2700000000000C000300C6477B049FAC88038E00000000260326024357010400000000140400000001150400000002160400000000170200002A02000030014D310113AD7E
2026-03-26 02:44:29 - msg_id_0200 ==> 7E020000426600000000020B3200000000000C000300C6477B049FAC88038E00000000260326024428010400000000140400000001150400000002160400000000170200002A02000030014D310113C07E
2026-03-26 02:45:00 - msg_id_0200 ==> 7E020000426600000000020B3D00000000000C000300C6477D01049FAC88038E00000000260326024459010400000000140400000001150400000002160400000000170200002A02000030014D310110BB7E
2026-03-26 02:45:31 - msg_id_0200 ==> 7E020000426600000000020B4800000000000C000300C6477B049FAC88038E00000000260326024530010400000000140400000001150400000002160400000000170200002A02000030014D310113A37E
2026-03-26 02:46:02 - msg_id_0200 ==> 7E020000426600000000020B5300000000000C000300C6477C049FAC88038E00000000260326024601010400000000140400000001150400000002160400000000170200002A02000030014D3101148A7E
2026-03-26 02:46:33 - msg_id_0200 ==> 7E020000426600000000020B5E00000000000C000300C6477D02049FAC88038E00000000260326024632010400000000140400000001150400000002160400000000170200002A02000030014D310112B07E
2026-03-26 02:47:04 - msg_id_0200 ==> 7E020000426600000000020B6900000000000C000300C6477F049FAC88038E00000000260326024703010400000000140400000001150400000002160400000000170200002A02000030014D310111B57E
2026-03-26 02:47:35 - msg_id_0200 ==> 7E020000426600000000020B7400000000000C000300C6477F049FAC88038E00000000260326024734010400000000140400000001150400000002160400000000170200002A02000030014D3101129C7E
2026-03-26 02:48:06 - msg_id_0200 ==> 7E020000426600000000020B7F00000100000C000300C6477F049FAC88038E00000000260326024805010400000000140400000001150400000002160400000000170200002A02000030014D310113A97E
2026-03-26 02:48:11 - msg_id_0200 ==> 7E020000426600000000020B8200000000000C000300C6477F049FAC88038E00000000260326024810010400000000140400000001150400000002160400000000170200002A02000030014D310113407E
2026-03-26 02:48:42 - msg_id_0200 ==> 7E020000426600000000020B8D00000000000C000300C64780049FAC88038E00000000260326024841010400000000140400000001150400000002160400000000170200002A02000030014D310113E17E
2026-03-26 02:49:13 - msg_id_0200 ==> 7E020000426600000000020B9800000000000C000300C6477F049FAC88038E00000000260326024912010400000000140400000001150400000002160400000000170200002A02000030014D3101145E7E
2026-03-26 02:49:44 - msg_id_0200 ==> 7E020000426600000000020BA300000000000C000300C6477F049FAC88038E00000000260326024943010400000000140400000001150400000002160400000000170200002A02000030014D310114347E
2026-03-26 02:50:15 - msg_id_0200 ==> 7E020000426600000000020BAE00000000000C000300C6477D02049FAC88038E00000000260326025014010400000000140400000001150400000002160400000000170200002A02000030014D310115777E
2026-03-26 02:50:46 - msg_id_0200 ==> 7E020000426600000000020BB900000000000C000300C6477D02049FAC80038E00000000260326025045010400000000140400000001150400000002160400000000170200002A02000030014D310115397E
2026-03-26 02:51:17 - msg_id_0200 ==> 7E020000426600000000020BC400000000000C000300C6477C049FAC80038E00000000260326025116010400000000140400000001150400000002160400000000170200002A02000030014D310113127E
2026-03-26 02:51:48 - msg_id_0200 ==> 7E020000426600000000020BCF00000000000C000300C6477A049FAC80038E00000000260326025147010400000000140400000001150400000002160400000000170200002A02000030014D310114497E
2026-03-26 02:52:19 - msg_id_0200 ==> 7E020000426600000000020BDA00000000000C000300C6477C049FAC88038D00000000260326025218010400000000140400000001150400000002160400000000170200002A02000030014D3101150C7E
2026-03-26 02:52:50 - msg_id_0200 ==> 7E020000426600000000020BE500000000000C000300C6477F049FAC88038D00000000260326025249010400000000140400000001150400000002160400000000170200002A02000030014D310114607E
2026-03-26 02:53:21 - msg_id_0200 ==> 7E020000426600000000020BF000000000000C000300C6477F049FAC88038D00000000260326025320010400000000140400000001150400000002160400000000170200002A02000030014D3101141D7E
2026-03-26 02:53:52 - msg_id_0200 ==> 7E020000426600000000020BFB00000000000C000300C6477D02049FAC88038D00000000260326025351010400000000140400000001150400000002160400000000170200002A02000030014D310114667E
2026-03-26 02:54:23 - msg_id_0200 ==> 7E020000426600000000020C0600000000000C000300C6477D01049FAC88038D00000000260326025422010400000000140400000001150400000002160400000000170200002A02000030014D310113EC7E
2026-03-26 02:54:53 - msg_id_0200 ==> 7E020000426600000000020C1100000000000C000300C6477D01049FAC90038D00000000260326025453010400000000140400000001150400000002160400000000170200002A02000030014D310111907E
2026-03-26 02:55:25 - msg_id_0200 ==> 7E020000426600000000020C1C00000000000C000300C6477C049FAC90038D00000000260326025524010400000000140400000001150400000002160400000000170200002A02000030014D310112E97E
2026-03-26 02:55:56 - msg_id_0200 ==> 7E020000426600000000020C2700000000000C000300C6477A049FAC90038D00000000260326025555010400000000140400000001150400000002160400000000170200002A02000030014D310114A37E
2026-03-26 02:56:27 - msg_id_0200 ==> 7E020000426600000000020C3200000000000C000300C6477A049FAC90038D00000000260326025626010400000000140400000001150400000002160400000000170200002A02000030014D310115C77E
2026-03-26 02:56:58 - msg_id_0200 ==> 7E020000426600000000020C3D00000000000C000300C6477B049FAC90038D00000000260326025657010400000000140400000001150400000002160400000000170200002A02000030014D310114B97E
2026-03-26 02:57:29 - msg_id_0200 ==> 7E020000426600000000020C4800000000000C000300C6477B049FAC90038D00000000260326025728010400000000140400000001150400000002160400000000170200002A02000030014D310112B47E
2026-03-26 02:58:00 - msg_id_0200 ==> 7E020000426600000000020C5300000000000C000300C64779049FAC90038E00000000260326025759010400000000140400000001150400000002160400000000170200002A02000030014D310114D97E
2026-03-26 02:58:31 - msg_id_0200 ==> 7E020000426600000000020C5E00000000000C000300C64779049FAC88038E00000000260326025830010400000000140400000001150400000002160400000000170200002A02000030014D310114AA7E
2026-03-26 02:59:02 - msg_id_0200 ==> 7E020000426600000000020C6900000000000C000300C64776049FAC98038E00000000260326025901010400000000140400000001150400000002160400000000170200002A02000030014D310111B77E
2026-03-26 02:59:33 - msg_id_0200 ==> 7E020000426600000000020C7400000000000C000300C64778049FAC98038E00000000260326025932010400000000140400000001150400000002160400000000170200002A02000030014D310112947E
2026-03-26 03:00:03 - msg_id_0200 ==> 7E020000426600000000020C7F00000100000C000300C6477A049FACA0038E00000000260326030002010400000000140400000001150400000002160400000000170200002A02000030014D310112CC7E
2026-03-26 03:00:08 - msg_id_0200 ==> 7E020000426600000000020C8200000000000C000300C64779049FACA0038D00000000260326030007010400000000140400000001150400000002160400000000170200002A02000030014D310112357E
2026-03-26 03:00:39 - msg_id_0200 ==> 7E020000426600000000020C8D00000000000C000300C64779049FACA8038D00000000260326030038010400000000140400000001150400000002160400000000170200002A02000030014D3101120D7E
2026-03-26 03:01:10 - msg_id_0200 ==> 7E020000426600000000020C9800000000000C000300C6477C049FACA8038D00000000260326030109010400000000140400000001150400000002160400000000170200002A02000030014D3101112E7E
2026-03-26 03:01:41 - msg_id_0200 ==> 7E020000426600000000020CA300000000000C000300C6477B049FACA8038D00000000260326030140010400000000140400000001150400000002160400000000170200002A02000030014D310112587E
2026-03-26 03:02:12 - msg_id_0200 ==> 7E020000426600000000020CAE00000000000C000300C64777049FACA0038D00000000260326030211010400000000140400000001150400000002160400000000170200002A02000030014D310113027E
2026-03-26 03:02:43 - msg_id_0200 ==> 7E020000426600000000020CB900000000000C000300C64775049FACA0038D00000000260326030242010400000000140400000001150400000002160400000000170200002A02000030014D310113447E
2026-03-26 03:03:14 - msg_id_0200 ==> 7E020000426600000000020CC400000000000C000300C64773049FACA0038D00000000260326030313010400000000140400000001150400000002160400000000170200002A02000030014D3101136F7E
2026-03-26 03:03:45 - msg_id_0200 ==> 7E020000426600000000020CCF00000000000C000300C64774049FACA0038D00000000260326030344010400000000140400000001150400000002160400000000170200002A02000030014D310113347E
2026-03-26 03:04:16 - msg_id_0200 ==> 7E020000426600000000020CDA00000000000C000300C64772049FACA0038D00000000260326030415010400000000140400000001150400000002160400000000170200002A02000030014D310113717E
2026-03-26 03:04:47 - msg_id_0200 ==> 7E020000426600000000020CE500000000000C000300C64770049FAC98038D00000000260326030446010400000000140400000001150400000002160400000000170200002A02000030014D310111257E
2026-03-26 03:05:18 - msg_id_0200 ==> 7E020000426600000000020CF000000000000C000300C6476E049FAC98038D00000000260326030517010400000000140400000001150400000002160400000000170200002A02000030014D3101127D017E
2026-03-26 03:05:49 - msg_id_0200 ==> 7E020000426600000000020CFB00000000000C000300C6476C049FAC98038D00000000260326030548010400000000140400000001150400000002160400000000170200002A02000030014D3101122B7E
2026-03-26 03:06:20 - msg_id_0200 ==> 7E020000426600000000020D0600000000000C000300C6476D049FAC98038D00000000260326030619010400000000140400000001150400000002160400000000170200002A02000030014D310110867E
2026-03-26 03:06:51 - msg_id_0200 ==> 7E020000426600000000020D1100000000000C000300C6476D049FAC98038D00000000260326030650010400000000140400000001150400000002160400000000170200002A02000030014D310113DB7E
2026-03-26 03:07:22 - msg_id_0200 ==> 7E020000426600000000020D1C00000000000C000300C6476E049FAC98038D00000000260326030721010400000000140400000001150400000002160400000000170200002A02000030014D310111A77E
2026-03-26 03:07:53 - msg_id_0200 ==> 7E020000426600000000020D2700000000000C000300C6476E049FAC98038D00000000260326030752010400000000140400000001150400000002160400000000170200002A02000030014D310112EC7E
2026-03-26 03:08:24 - msg_id_0200 ==> 7E020000426600000000020D3200000000000C000300C6476E049FACA0038D00000000260326030823010400000000140400000001150400000002160400000000170200002A02000030014D310111BC7E
2026-03-26 03:08:55 - msg_id_0200 ==> 7E020000426600000000020D3D00000000000C000300C6476E049FACA0038D00000000260326030854010400000000140400000001150400000002160400000000170200002A02000030014D310110C57E
2026-03-26 03:09:26 - msg_id_0200 ==> 7E020000426600000000020D4800000000000C000300C6476F049FACA0038D00000000260326030925010400000000140400000001150400000002160400000000170200002A02000030014D310111C07E
2026-03-26 03:09:57 - msg_id_0200 ==> 7E020000426600000000020D5300000000000C000300C6476F049FACA0038D00000000260326030956010400000000140400000001150400000002160400000000170200002A02000030014D310113AA7E
2026-03-26 03:10:28 - msg_id_0200 ==> 7E020000426600000000020D5E00000000000C000300C64770049FACA0038D00000000260326031027010400000000140400000001150400000002160400000000170200002A02000030014D310113D07E
2026-03-26 03:10:59 - msg_id_0200 ==> 7E020000426600000000020D6900000000000C000300C64772049FACA0038D00000000260326031058010400000000140400000001150400000002160400000000170200002A02000030014D310111987E
2026-03-26 03:11:30 - msg_id_0200 ==> 7E020000426600000000020D7400000000000C000300C64772049FACA0038C00000000260326031129010400000000140400000001150400000002160400000000170200002A02000030014D310114F17E
2026-03-26 03:12:01 - msg_id_0200 ==> 7E020000426600000000020D7F00000100000C000300C64770049FACA8038C00000000260326031200010400000000140400000001150400000002160400000000170200002A02000030014D310113DC7E
2026-03-26 03:12:06 - msg_id_0200 ==> 7E020000426600000000020D8200000000000C000300C64770049FACA8038C00000000260326031205010400000000140400000001150400000002160400000000170200002A02000030014D310113257E
2026-03-26 03:12:37 - msg_id_0200 ==> 7E020000426600000000020D8D00000000000C000300C6476E049FACA8038D00000000260326031236010400000000140400000001150400000002160400000000170200002A02000030014D310112077E
2026-03-26 03:13:08 - msg_id_0200 ==> 7E020000426600000000020D9800000000000C000300C6476E049FACA8038D00000000260326031307010400000000140400000001150400000002160400000000170200002A02000030014D310112227E
2026-03-26 03:13:39 - msg_id_0200 ==> 7E020000426600000000020DA300000000000C000300C6476E049FACA0038D00000000260326031338010400000000140400000001150400000002160400000000170200002A02000030014D310115297E
2026-03-26 03:14:10 - msg_id_0200 ==> 7E020000426600000000020DAE00000000000C000300C6476E049FACA0038D00000000260326031409010400000000140400000001150400000002160400000000170200002A02000030014D310113147E
2026-03-26 03:14:41 - msg_id_0200 ==> 7E020000426600000000020DB900000000000C000300C6476F049FACA0038D00000000260326031440010400000000140400000001150400000002160400000000170200002A02000030014D3101144C7E
2026-03-26 03:15:12 - msg_id_0200 ==> 7E020000426600000000020DC400000000000C000300C64770049FACA0038D00000000260326031511010400000000140400000001150400000002160400000000170200002A02000030014D3101157F7E
2026-03-26 03:15:43 - msg_id_0200 ==> 7E020000426600000000020DCF00000000000C000300C64770049FACA0038D00000000260326031542010400000000140400000001150400000002160400000000170200002A02000030014D310114267E
2026-03-26 03:16:14 - msg_id_0200 ==> 7E020000426600000000020DDA00000000000C000300C6476E049FACA0038D00000000260326031613010400000000140400000001150400000002160400000000170200002A02000030014D310113787E
2026-03-26 03:16:45 - msg_id_0200 ==> 7E020000426600000000020DE500000000000C000300C6476F049FACA0038D00000000260326031644010400000000140400000001150400000002160400000000170200002A02000030014D310113117E
2026-03-26 03:17:16 - msg_id_0200 ==> 7E020000426600000000020DF000000000000C000300C64770049FACA0038D00000000260326031715010400000000140400000001150400000002160400000000170200002A02000030014D3101134B7E
2026-03-26 03:17:47 - msg_id_0200 ==> 7E020000426600000000020DFB00000000000C000300C64771049FACA0038D00000000260326031746010400000000140400000001150400000002160400000000170200002A02000030014D310113127E
2026-03-26 03:18:18 - msg_id_0200 ==> 7E020000426600000000020E0600000000000C000300C6476F049FAC98038D00000000260326031817010400000000140400000001150400000002160400000000170200002A02000030014D310113947E
2026-03-26 03:18:49 - msg_id_0200 ==> 7E020000426600000000020E1100000000000C000300C6476F049FACA0038D00000000260326031848010400000000140400000001150400000002160400000000170200002A02000030014D310112E57E
2026-03-26 03:19:20 - msg_id_0200 ==> 7E020000426600000000020E1C00000000000C000300C64770049FACA0038D00000000260326031919010400000000140400000001150400000002160400000000170200002A02000030014D31010FBA7E
2026-03-26 03:19:51 - msg_id_0200 ==> 7E020000426600000000020E2700000000000C000300C64773049FACA0038D00000000260326031950010400000000140400000001150400000002160400000000170200002A02000030014D310110D47E
2026-03-26 03:20:21 - msg_id_0200 ==> 7E020000426600000000020E3200000000000C000300C64776049FACA0038D00000000260326032021010400000000140400000001150400000002160400000000170200002A02000030014D3101118D7E
2026-03-26 03:20:53 - msg_id_0200 ==> 7E020000426600000000020E3D00000000000C000300C64778049FAC98038D00000000260326032052010400000000140400000001150400000002160400000000170200002A02000030014D310110C67E
2026-03-26 03:21:24 - msg_id_0200 ==> 7E020000426600000000020E4800000000000C000300C64779049FAC98038D00000000260326032123010400000000140400000001150400000002160400000000170200002A02000030014D310113C17E
2026-03-26 03:21:54 - msg_id_0200 ==> 7E020000426600000000020E5300000000000C000300C6477A049FAC98038D00000000260326032154010400000000140400000001150400000002160400000000170200002A02000030014D310112AF7E
2026-03-26 03:22:26 - msg_id_0200 ==> 7E020000426600000000020E5E00000000000C000300C6477D01049FACA0038D00000000260326032225010400000000140400000001150400000002160400000000170200002A02000030014D310112EF7E
2026-03-26 03:22:57 - msg_id_0200 ==> 7E020000426600000000020E6900000000000C000300C64780049FAC98038D00000000260326032256010400000000140400000001150400000002160400000000170200002A02000030014D3101116D7E
2026-03-26 03:23:28 - msg_id_0200 ==> 7E020000426600000000020E7400000000000C000300C64782049FAC98038D00000000260326032327010400000000140400000001150400000002160400000000170200002A02000030014D310114077E
2026-03-26 03:23:58 - msg_id_0200 ==> 7E020000426600000000020E7F00000100000C000300C64782049FAC98038D00000000260326032357010400000000140400000001150400000002160400000000170200002A02000030014D3101157C7E
2026-03-26 03:24:03 - msg_id_0200 ==> 7E020000426600000000020E8200000000000C000300C64783049FAC98038D00000000260326032402010400000000140400000001150400000002160400000000170200002A02000030014D310114D27E
2026-03-26 03:24:34 - msg_id_0200 ==> 7E020000426600000000020E8D00000000000C000300C6478A049FAC98038D00000000260326032433010400000000140400000001150400000002160400000000170200002A02000030014D310113E27E
2026-03-26 03:25:05 - msg_id_0200 ==> 7E020000426600000000020E9800000000000C000300C6478D049FAC98038D00000000260326032504010400000000140400000001150400000002160400000000170200002A02000030014D310114C17E
2026-03-26 03:25:36 - msg_id_0200 ==> 7E020000426600000000020EA300000000000C000300C6478F049FAC90038D00040000260326032535010400000000140400000001150400000002160400000000170200002A02000030014D310115C47E
2026-03-26 03:26:07 - msg_id_0200 ==> 7E020000426600000000020EAE00000000000C000300C6478C049FAC98038D00000000260326032606010400000000140400000001150400000002160400000000170200002A02000030014D310116F57E
2026-03-26 03:26:38 - msg_id_0200 ==> 7E020000426600000000020EB900000000000C000300C64790049FAC90038E00000000260326032637010400000000140400000001150400000002160400000000170200002A02000030014D310115C77E
2026-03-26 03:27:09 - msg_id_0200 ==> 7E020000426600000000020EC400000000000C000300C64787049FAC88038D00000000260326032708010400000000140400000001150400000002160400000000170200002A02000030014D310114897E
2026-03-26 03:27:40 - msg_id_0200 ==> 7E020000426600000000020ECF00000000000C000300C64783049FAC88038D00000000260326032739010400000000140400000001150400000002160400000000170200002A02000030014D310114B77E
2026-03-26 03:28:11 - msg_id_0200 ==> 7E020000426600000000020EDA00000000000C000300C64780049FAC88038D00000000260326032810010400000000140400000001150400000002160400000000170200002A02000030014D310114877E
2026-03-26 03:28:42 - msg_id_0200 ==> 7E020000426600000000020EE500000000000C000300C64784049FAC90038D00000000260326032841010400000000140400000001150400000002160400000000170200002A02000030014D310115F47E
2026-03-26 03:29:13 - msg_id_0200 ==> 7E020000426600000000020EF000000000000C000300C64782049FAC90038D00000000260326032912010400000000140400000001150400000002160400000000170200002A02000030014D310116B67E
2026-03-26 03:29:44 - msg_id_0200 ==> 7E020000426600000000020EFB00000000000C000300C64783049FAC90038D00000000260326032943010400000000140400000001150400000002160400000000170200002A02000030014D310117EC7E
2026-03-26 03:30:15 - msg_id_0200 ==> 7E020000426600000000020F0600000000000C000300C64783049FAC90038D00000000260326033014010400000000140400000001150400000002160400000000170200002A02000030014D3101135A7E
2026-03-26 03:30:46 - msg_id_0200 ==> 7E020000426600000000020F1100000000000C000300C64783049FAC90038D00000000260326033045010400000000140400000001150400000002160400000000170200002A02000030014D3101141B7E
2026-03-26 03:31:17 - msg_id_0200 ==> 7E020000426600000000020F1C00000000000C000300C64785049FAC90038D00000000260326033116010400000000140400000001150400000002160400000000170200002A02000030014D310114427E
2026-03-26 03:31:48 - msg_id_0200 ==> 7E020000426600000000020F2700000000000C000300C64785049FAC90038D00000000260326033147010400000000140400000001150400000002160400000000170200002A02000030014D310115297E
2026-03-26 03:32:19 - msg_id_0200 ==> 7E020000426600000000020F3200000000000C000300C64789049FAC90038D00000000260326033218010400000000140400000001150400000002160400000000170200002A02000030014D3101156C7E
2026-03-26 03:32:50 - msg_id_0200 ==> 7E020000426600000000020F3D00000000000C000300C6478A049FAC90038C00000000260326033249010400000000140400000001150400000002160400000000170200002A02000030014D310115307E
2026-03-26 03:33:21 - msg_id_0200 ==> 7E020000426600000000020F4800000000000C000300C6478A049FAC90038C00000000260326033320010400000000140400000001150400000002160400000000170200002A02000030014D3101152D7E
2026-03-26 03:33:52 - msg_id_0200 ==> 7E020000426600000000020F5300000000000C000300C64787049FAC90038D00000000260326033351010400000000140400000001150400000002160400000000170200002A02000030014D3101144A7E
2026-03-26 03:34:23 - msg_id_0200 ==> 7E020000426600000000020F5E00000000000C000300C64784049FAC90038D00000000260326033422010400000000140400000001150400000002160400000000170200002A02000030014D310117337E
2026-03-26 03:34:54 - msg_id_0200 ==> 7E020000426600000000020F6900000000000C000300C64782049FAC90038D00000000260326033453010400000000140400000001150400000002160400000000170200002A02000030014D310117737E
2026-03-26 03:35:25 - msg_id_0200 ==> 7E020000426600000000020F7400000000000C000300C64782049FAC90038C00000000260326033524010400000000140400000001150400000002160400000000170200002A02000030014D310117197E
2026-03-26 03:35:56 - msg_id_0200 ==> 7E020000426600000000020F7F00000100000C000300C64782049FAC90038C00000000260326033555010400000000140400000001150400000002160400000000170200002A02000030014D310116637E
2026-03-26 03:36:01 - msg_id_0200 ==> 7E020000426600000000020F8200000000000C000300C64781049FAC90038C00000000260326033600010400000000140400000001150400000002160400000000170200002A02000030014D310117CB7E
2026-03-26 03:36:32 - msg_id_0200 ==> 7E020000426600000000020F8D00000000000C000300C64781049FAC90038C00000000260326033631010400000000140400000001150400000002160400000000170200002A02000030014D310117F57E
2026-03-26 03:37:03 - msg_id_0200 ==> 7E020000426600000000020F9800000000000C000300C64782049FAC90038C00000000260326033702010400000000140400000001150400000002160400000000170200002A02000030014D310116D07E
2026-03-26 03:37:34 - msg_id_0200 ==> 7E020000426600000000020FA300000000000C000300C64781049FAC90038C00000000260326033733010400000000140400000001150400000002160400000000170200002A02000030014D310116D97E
2026-03-26 03:38:05 - msg_id_0200 ==> 7E020000426600000000020FAE00000000000C000300C6477F049FAC90038C00000000260326033804010400000000140400000001150400000002160400000000170200002A02000030014D310116127E
2026-03-26 03:38:36 - msg_id_0200 ==> 7E020000426600000000020FB900000000000C000300C64780049FAC90038C00000000260326033835010400000000140400000001150400000002160400000000170200002A02000030014D310115C87E
2026-03-26 03:39:07 - msg_id_0200 ==> 7E020000426600000000020FC400000000000C000300C64781049FAC90038C00000000260326033906010400000000140400000001150400000002160400000000170200002A02000030014D310117847E
2026-03-26 03:39:38 - msg_id_0200 ==> 7E020000426600000000020FCF00000000000C000300C64780049FAC90038C00000000260326033937010400000000140400000001150400000002160400000000170200002A02000030014D310117BF7E
2026-03-26 03:40:09 - msg_id_0200 ==> 7E020000426600000000020FDA00000000000C000300C64782049FAC90038C00000000260326034008010400000000140400000001150400000002160400000000170200002A02000030014D310116EF7E
2026-03-26 03:40:40 - msg_id_0200 ==> 7E020000426600000000020FE500000000000C000300C64781049FAC90038C00000000260326034039010400000000140400000001150400000002160400000000170200002A02000030014D310117E37E
2026-03-26 03:41:11 - msg_id_0200 ==> 7E020000426600000000020FF000000000000C000300C64782049FAC98038C00000000260326034110010400000000140400000001150400000002160400000000170200002A02000030014D310117D57E
2026-03-26 03:41:42 - msg_id_0200 ==> 7E020000426600000000020FFB00000000000C000300C64784049FAC98038C00000000260326034141010400000000140400000001150400000002160400000000170200002A02000030014D310116887E
2026-03-26 03:42:13 - msg_id_0200 ==> 7E02000042660000000002100600000000000C000300C64786049FAC98038C00000000260326034212010400000000140400000001150400000002160400000000170200002A02000030014D3101153B7E
2026-03-26 03:42:44 - msg_id_0200 ==> 7E02000042660000000002101100000000000C000300C64788049FAC98038C00000000260326034243010400000000140400000001150400000002160400000000170200002A02000030014D310117717E
2026-03-26 03:43:15 - msg_id_0200 ==> 7E02000042660000000002101C00000000000C000300C64786049FAC98038C00000000260326034314010400000000140400000001150400000002160400000000170200002A02000030014D310114277E
2026-03-26 03:43:46 - msg_id_0200 ==> 7E02000042660000000002102700000000000C000300C64787049FACA0038C00000000260326034345010400000000140400000001150400000002160400000000170200002A02000030014D310117777E
2026-03-26 03:44:17 - msg_id_0200 ==> 7E02000042660000000002103200000000000C000300C64788049FACA0038C00000000260326034416010400000000140400000001150400000002160400000000170200002A02000030014D310117397E
2026-03-26 03:44:48 - msg_id_0200 ==> 7E02000042660000000002103D00000000000C000300C64787049FACA8038C00000000260326034447010400000000140400000001150400000002160400000000170200002A02000030014D310114637E
2026-03-26 03:45:19 - msg_id_0200 ==> 7E02000042660000000002104800000000000C000300C64784049FACA8038C00000000260326034518010400000000140400000001150400000002160400000000170200002A02000030014D3101154A7E
2026-03-26 03:45:50 - msg_id_0200 ==> 7E02000042660000000002105300000000000C000300C64780049FACA8038B00000000260326034549010400000000140400000001150400000002160400000000170200002A02000030014D310116007E
2026-03-26 03:46:21 - msg_id_0200 ==> 7E02000042660000000002105E00000000000C000300C64780049FACA8038B00000000260326034620010400000000140400000001150400000002160400000000170200002A02000030014D310114657E
2026-03-26 03:46:52 - msg_id_0200 ==> 7E02000042660000000002106900000000000C000300C6477F049FACA8038B00000000260326034651010400000000140400000001150400000002160400000000170200002A02000030014D310117DF7E
2026-03-26 03:47:23 - msg_id_0200 ==> 7E02000042660000000002107400000000000C000300C6477C049FACA8038B00000000260326034722010400000000140400000001150400000002160400000000170200002A02000030014D310118BC7E
2026-03-26 03:47:53 - msg_id_0200 ==> 7E02000042660000000002107F00000100000C000300C6477D01049FACA8038B00000000260326034752010400000000140400000001150400000002160400000000170200002A02000030014D310117C87E
2026-03-26 03:47:58 - msg_id_0200 ==> 7E02000042660000000002108200000000000C000300C6477D02049FACA8038B00000000260326034757010400000000140400000001150400000002160400000000170200002A02000030014D310117327E
2026-03-26 03:48:29 - msg_id_0200 ==> 7E02000042660000000002108D00000000000C000300C6477D02049FACA8038B00000000260326034828010400000000140400000001150400000002160400000000170200002A02000030014D310118427E
2026-03-26 03:49:00 - msg_id_0200 ==> 7E02000042660000000002109800000000000C000300C6477C049FACB0038B00000000260326034859010400000000140400000001150400000002160400000000170200002A02000030014D3101183C7E
2026-03-26 03:49:31 - msg_id_0200 ==> 7E0200004266000000000210A300000000000C000300C6477C049FACB0038B00000000260326034930010400000000140400000001150400000002160400000000170200002A02000030014D310117607E
2026-03-26 03:50:02 - msg_id_0200 ==> 7E0200004266000000000210AE00000000000C000300C6477B049FACB0038B00000000260326035001010400000000140400000001150400000002160400000000170200002A02000030014D310117427E
2026-03-26 03:50:33 - msg_id_0200 ==> 7E0200004266000000000210B900000000000C000300C6477B049FACB0038B00000000260326035032010400000000140400000001150400000002160400000000170200002A02000030014D310117667E
2026-03-26 03:51:04 - msg_id_0200 ==> 7E0200004266000000000210C400000000000C000300C6477D01049FACB0038B00000000260326035103010400000000140400000001150400000002160400000000170200002A02000030014D310113297E
2026-03-26 03:51:35 - msg_id_0200 ==> 7E0200004266000000000210CF00000000000C000300C6477D02049FACB0038B00000000260326035134010400000000140400000001150400000002160400000000170200002A02000030014D310116137E
2026-03-26 03:52:06 - msg_id_0200 ==> 7E0200004266000000000210DA00000000000C000300C6477C049FACB0038B00000000260326035205010400000000140400000001150400000002160400000000170200002A02000030014D310116367E
2026-03-26 03:52:37 - msg_id_0200 ==> 7E0200004266000000000210E500000000000C000300C6477B049FACB0038A00000000260326035236010400000000140400000001150400000002160400000000170200002A02000030014D3101163C7E
2026-03-26 03:53:08 - msg_id_0200 ==> 7E0200004266000000000210F000000000000C000300C6477C049FACB0038A00000000260326035307010400000000140400000001150400000002160400000000170200002A02000030014D3101131B7E
2026-03-26 03:53:39 - msg_id_0200 ==> 7E0200004266000000000210FB00000000000C000300C6477D02049FACB8038A00000000260326035338010400000000140400000001150400000002160400000000170200002A02000030014D310114227E
2026-03-26 03:54:10 - msg_id_0200 ==> 7E02000042660000000002110600000000000C000300C6477D02049FACB8038A00000000260326035409010400000000140400000001150400000002160400000000170200002A02000030014D310114E87E
2026-03-26 03:54:41 - msg_id_0200 ==> 7E02000042660000000002111100000000000C000300C6477D02049FACB8038A00000000260326035440010400000000140400000001150400000002160400000000170200002A02000030014D310113B17E
2026-03-26 03:55:12 - msg_id_0200 ==> 7E02000042660000000002111C00000000000C000300C6477D01049FACB8038A00000000260326035511010400000000140400000001150400000002160400000000170200002A02000030014D310114E87E
2026-03-26 03:55:43 - msg_id_0200 ==> 7E02000042660000000002112700000000000C000300C6477D02049FACC0038A00000000260326035542010400000000140400000001150400000002160400000000170200002A02000030014D310113FC7E
2026-03-26 03:56:14 - msg_id_0200 ==> 7E02000042660000000002113200000000000C000300C6477F049FACC0038A00000000260326035613010400000000140400000001150400000002160400000000170200002A02000030014D310113BA7E
2026-03-26 03:56:45 - msg_id_0200 ==> 7E02000042660000000002113D00000000000C000300C6477F049FACC0038A00000000260326035644010400000000140400000001150400000002160400000000170200002A02000030014D310113E27E
2026-03-26 03:57:16 - msg_id_0200 ==> 7E02000042660000000002114800000000000C000300C64780049FACC0038A00000000260326035715010400000000140400000001150400000002160400000000170200002A02000030014D310113387E
2026-03-26 03:57:47 - msg_id_0200 ==> 7E02000042660000000002115300000000000C000300C64780049FACC0038A00000000260326035746010400000000140400000001150400000002160400000000170200002A02000030014D310114777E
2026-03-26 03:58:18 - msg_id_0200 ==> 7E02000042660000000002115E00000000000C000300C6477F049FACC0038A00000000260326035817010400000000140400000001150400000002160400000000170200002A02000030014D310113DC7E
2026-03-26 03:58:49 - msg_id_0200 ==> 7E02000042660000000002116900000000000C000300C6477D02049FACC0038A00000000260326035848010400000000140400000001150400000002160400000000170200002A02000030014D310114B27E
2026-03-26 03:59:20 - msg_id_0200 ==> 7E02000042660000000002117400000000000C000300C6477F049FACC0038A00000000260326035919010400000000140400000001150400000002160400000000170200002A02000030014D310114FE7E
2026-03-26 03:59:51 - msg_id_0200 ==> 7E02000042660000000002117F00000100000C000300C6477F049FACC0038A00000000260326035950010400000000140400000001150400000002160400000000170200002A02000030014D310115BC7E
2026-03-26 03:59:56 - msg_id_0200 ==> 7E02000042660000000002118200000000000C000300C6477D02049FACC0038A00000000260326035955010400000000140400000001150400000002160400000000170200002A02000030014D310116477E
2026-03-26 04:00:27 - msg_id_0200 ==> 7E02000042660000000002118D00000000000C000300C6477D02049FACC0038A00000000260326040026010400000000140400000001150400000002160400000000170200002A02000030014D310116657E
2026-03-26 04:00:58 - msg_id_0200 ==> 7E02000042660000000002119800000000000C000300C6477C049FACC8038A00000000260326040057010400000000140400000001150400000002160400000000170200002A02000030014D310115087E
2026-03-26 04:01:29 - msg_id_0200 ==> 7E0200004266000000000211A300000000000C000300C64779049FACC8038900000000260326040128010400000000140400000001150400000002160400000000170200002A02000030014D3101144A7E
2026-03-26 04:02:00 - msg_id_0200 ==> 7E0200004266000000000211AE00000000000C000300C6477B049FACC0038900000000260326040159010400000000140400000001150400000002160400000000170200002A02000030014D3101153D7E
2026-03-26 04:02:31 - msg_id_0200 ==> 7E0200004266000000000211B900000000000C000300C6477C049FACC0038900000000260326040230010400000000140400000001150400000002160400000000170200002A02000030014D310116447E
2026-03-26 04:03:02 - msg_id_0200 ==> 7E0200004266000000000211C400000000000C000300C6477C049FACC8038900000000260326040301010400000000140400000001150400000002160400000000170200002A02000030014D310115027E
2026-03-26 04:03:33 - msg_id_0200 ==> 7E0200004266000000000211CF00000000000C000300C6477F049FACC8038900000000260326040332010400000000140400000001150400000002160400000000170200002A02000030014D310115397E
2026-03-26 04:04:04 - msg_id_0200 ==> 7E0200004266000000000211DA00000000000C000300C64780049FACC8038900000000260326040403010400000000140400000001150400000002160400000000170200002A02000030014D310114E47E
2026-03-26 04:04:35 - msg_id_0200 ==> 7E0200004266000000000211E500000000000C000300C6477D02049FACC8038900000000260326040434010400000000140400000001150400000002160400000000170200002A02000030014D310115137E
2026-03-26 04:05:06 - msg_id_0200 ==> 7E0200004266000000000211F000000000000C000300C6477D01049FACC0038900000000260326040505010400000000140400000001150400000002160400000000170200002A02000030014D3101153D7E
2026-03-26 04:05:37 - msg_id_0200 ==> 7E0200004266000000000211FB00000000000C000300C6477D02049FACC0038900000000260326040536010400000000140400000001150400000002160400000000170200002A02000030014D310115067E
2026-03-26 04:06:08 - msg_id_0200 ==> 7E02000042660000000002120600000000000C000300C6477D02049FACC0038900000000260326040607010400000000140400000001150400000002160400000000170200002A02000030014D310116C97E
2026-03-26 04:06:39 - msg_id_0200 ==> 7E02000042660000000002121100000000000C000300C6477F049FACB8038900000000260326040638010400000000140400000001150400000002160400000000170200002A02000030014D3101139D7E
2026-03-26 04:07:10 - msg_id_0200 ==> 7E02000042660000000002121C00000000000C000300C64780049FACB8038900000000260326040709010400000000140400000001150400000002160400000000170200002A02000030014D310115597E
2026-03-26 04:07:41 - msg_id_0200 ==> 7E02000042660000000002122700000000000C000300C6477F049FACB8038900000000260326040740010400000000140400000001150400000002160400000000170200002A02000030014D310114D57E
2026-03-26 04:08:12 - msg_id_0200 ==> 7E02000042660000000002123200000000000C000300C64780049FACB8038900000000260326040811010400000000140400000001150400000002160400000000170200002A02000030014D310114617E
2026-03-26 04:08:43 - msg_id_0200 ==> 7E02000042660000000002123D00000000000C000300C64781049FACB8038900000000260326040842010400000000140400000001150400000002160400000000170200002A02000030014D3101143C7E
2026-03-26 04:09:14 - msg_id_0200 ==> 7E02000042660000000002124800000000000C000300C64785049FACB8038900000000260326040913010400000000140400000001150400000002160400000000170200002A02000030014D3101141D7E
2026-03-26 04:09:45 - msg_id_0200 ==> 7E02000042660000000002125300000000000C000300C64785049FACB8038900000000260326040944010400000000140400000001150400000002160400000000170200002A02000030014D310113567E
2026-03-26 04:10:16 - msg_id_0200 ==> 7E02000042660000000002125E00000000000C000300C64786049FACB8038800000000260326041015010400000000140400000001150400000002160400000000170200002A02000030014D310114167E
2026-03-26 04:10:47 - msg_id_0200 ==> 7E02000042660000000002126900000000000C000300C64788049FACB8038800000000260326041046010400000000140400000001150400000002160400000000170200002A02000030014D3101157D017E
2026-03-26 04:11:18 - msg_id_0200 ==> 7E02000042660000000002127400000000000C000300C64788049FACB8038800000000260326041117010400000000140400000001150400000002160400000000170200002A02000030014D310117327E
2026-03-26 04:11:48 - msg_id_0200 ==> 7E02000042660000000002127F00000100000C000300C64787049FACB0038800000000260326041147010400000000140400000001150400000002160400000000170200002A02000030014D3101176F7E
2026-03-26 04:11:53 - msg_id_0200 ==> 7E02000042660000000002128200000000000C000300C64787049FACB8038800000000260326041152010400000000140400000001150400000002160400000000170200002A02000030014D3101168F7E
2026-03-26 04:12:24 - msg_id_0200 ==> 7E02000042660000000002128D00000000000C000300C64788049FACB0038800000000260326041223010400000000140400000001150400000002160400000000170200002A02000030014D310116F57E
2026-03-26 04:12:55 - msg_id_0200 ==> 7E02000042660000000002129800000000000C000300C64789049FACB0038800000000260326041254010400000000140400000001150400000002160400000000170200002A02000030014D310116967E
2026-03-26 04:13:26 - msg_id_0200 ==> 7E0200004266000000000212A300000000000C000300C6478A049FACA8038800000000260326041325010400000000140400000001150400000002160400000000170200002A02000030014D310115C57E
2026-03-26 04:13:57 - msg_id_0200 ==> 7E0200004266000000000212AE00000000000C000300C64787049FACA8038800000000260326041356010400000000140400000001150400000002160400000000170200002A02000030014D310116B57E
2026-03-26 04:14:28 - msg_id_0200 ==> 7E0200004266000000000212B900000000000C000300C64786049FACA8038800000000260326041427010400000000140400000001150400000002160400000000170200002A02000030014D310112D17E
2026-03-26 04:14:59 - msg_id_0200 ==> 7E0200004266000000000212C400000000000C000300C64786049FACA8038800000000260326041458010400000000140400000001150400000002160400000000170200002A02000030014D310114D57E
2026-03-26 04:15:30 - msg_id_0200 ==> 7E0200004266000000000212CF00000000000C000300C64784049FACA8038700000000260326041529010400000000140400000001150400000002160400000000170200002A02000030014D310112A57E
2026-03-26 04:16:01 - msg_id_0200 ==> 7E0200004266000000000212DA00000000000C000300C64786049FACA8038700000000260326041600010400000000140400000001150400000002160400000000170200002A02000030014D3101169C7E
2026-03-26 04:16:32 - msg_id_0200 ==> 7E0200004266000000000212E500000000000C000300C64786049FACA8038800000000260326041631010400000000140400000001150400000002160400000000170200002A02000030014D3101179C7E
2026-03-26 04:17:03 - msg_id_0200 ==> 7E0200004266000000000212F000000000000C000300C64786049FACA8038700000000260326041702010400000000140400000001150400000002160400000000170200002A02000030014D310114B77E
2026-03-26 04:17:34 - msg_id_0200 ==> 7E0200004266000000000212FB00000000000C000300C64785049FACA8038700000000260326041733010400000000140400000001150400000002160400000000170200002A02000030014D3101158F7E
2026-03-26 04:18:05 - msg_id_0200 ==> 7E02000042660000000002130600000000000C000300C64782049FACA8038700000000260326041804010400000000140400000001150400000002160400000000170200002A02000030014D3101174E7E
2026-03-26 04:18:36 - msg_id_0200 ==> 7E02000042660000000002131100000000000C000300C64782049FACA8038700000000260326041835010400000000140400000001150400000002160400000000170200002A02000030014D310116697E
2026-03-26 04:19:07 - msg_id_0200 ==> 7E02000042660000000002131C00000000000C000300C64782049FACA8038700000000260326041906010400000000140400000001150400000002160400000000170200002A02000030014D310119597E
2026-03-26 04:19:38 - msg_id_0200 ==> 7E02000042660000000002132700000000000C000300C6477F049FACA8038700000000260326041937010400000000140400000001150400000002160400000000170200002A02000030014D310117A07E
2026-03-26 04:20:09 - msg_id_0200 ==> 7E02000042660000000002133200000000000C000300C6477F049FACA8038700000000260326042008010400000000140400000001150400000002160400000000170200002A02000030014D310118BC7E
2026-03-26 04:20:40 - msg_id_0200 ==> 7E02000042660000000002133D00000000000C000300C64780049FACA0038700000000260326042039010400000000140400000001150400000002160400000000170200002A02000030014D310118757E
2026-03-26 04:21:11 - msg_id_0200 ==> 7E02000042660000000002134800000000000C000300C6477F049FAC98038700000000260326042110010400000000140400000001150400000002160400000000170200002A02000030014D310117E07E
2026-03-26 04:21:42 - msg_id_0200 ==> 7E02000042660000000002135300000000000C000300C6477F049FAC98038700000000260326042141010400000000140400000001150400000002160400000000170200002A02000030014D310118A57E
2026-03-26 04:22:13 - msg_id_0200 ==> 7E02000042660000000002135E00000000000C000300C6477F049FAC98038700000000260326042212010400000000140400000001150400000002160400000000170200002A02000030014D310117F77E
2026-03-26 04:22:44 - msg_id_0200 ==> 7E02000042660000000002136900000000000C000300C64781049FAC98038700000000260326042243010400000000140400000001150400000002160400000000170200002A02000030014D310118607E
2026-03-26 04:23:15 - msg_id_0200 ==> 7E02000042660000000002137400000000000C000300C6477F049FAC90038700000000260326042314010400000000140400000001150400000002160400000000170200002A02000030014D310118DD7E
2026-03-26 04:23:46 - msg_id_0200 ==> 7E02000042660000000002137F00000100000C000300C6477F049FAC98038700000000260326042345010400000000140400000001150400000002160400000000170200002A02000030014D310116807E
2026-03-26 04:23:51 - msg_id_0200 ==> 7E02000042660000000002138200000000000C000300C6477F049FAC98038700000000260326042350010400000000140400000001150400000002160400000000170200002A02000030014D310116697E
2026-03-26 04:24:22 - msg_id_0200 ==> 7E02000042660000000002138D00000000000C000300C6477D02049FAC98038700000000260326042421010400000000140400000001150400000002160400000000170200002A02000030014D310112157E
2026-03-26 04:24:53 - msg_id_0200 ==> 7E02000042660000000002139800000000000C000300C6477F049FAC98038800000000260326042452010400000000140400000001150400000002160400000000170200002A02000030014D310117787E
2026-03-26 04:25:24 - msg_id_0200 ==> 7E0200004266000000000213A300000000000C000300C64781049FAC98038800000000260326042523010400000000140400000001150400000002160400000000170200002A02000030014D310116CC7E
2026-03-26 04:25:55 - msg_id_0200 ==> 7E0200004266000000000213AE00000000000C000300C64782049FAC98038700000000260326042554010400000000140400000001150400000002160400000000170200002A02000030014D310118B47E
2026-03-26 04:26:26 - msg_id_0200 ==> 7E0200004266000000000213B900000000000C000300C64780049FAC98038700000000260326042625010400000000140400000001150400000002160400000000170200002A02000030014D310117DC7E
2026-03-26 04:26:57 - msg_id_0200 ==> 7E0200004266000000000213C400000000000C000300C6477D01049FAC90038800000000260326042656010400000000140400000001150400000002160400000000170200002A02000030014D310118277E
2026-03-26 04:27:28 - msg_id_0200 ==> 7E0200004266000000000213CF00000000000C000300C64780049FAC90038800000000260326042727010400000000140400000001150400000002160400000000170200002A02000030014D310119A07E
2026-03-26 04:27:59 - msg_id_0200 ==> 7E0200004266000000000213DA00000000000C000300C64782049FAC88038800000000260326042758010400000000140400000001150400000002160400000000170200002A02000030014D310118D17E
2026-03-26 04:28:30 - msg_id_0200 ==> 7E0200004266000000000213E500000000000C000300C64785049FAC88038800000000260326042829010400000000140400000001150400000002160400000000170200002A02000030014D310117987E
2026-03-26 04:29:01 - msg_id_0200 ==> 7E0200004266000000000213F000000000000C000300C64785049FAC88038800000000260326042900010400000000140400000001150400000002160400000000170200002A02000030014D310117A57E
2026-03-26 04:29:32 - msg_id_0200 ==> 7E0200004266000000000213FB00000000000C000300C64785049FAC88038800000000260326042931010400000000140400000001150400000002160400000000170200002A02000030014D3101169E7E
2026-03-26 04:30:03 - msg_id_0200 ==> 7E02000042660000000002140600000000000C000300C64786049FAC88038900000000260326043002010400000000140400000001150400000002160400000000170200002A02000030014D3101144E7E
2026-03-26 04:30:34 - msg_id_0200 ==> 7E02000042660000000002141100000000000C000300C64786049FAC88038900000000260326043033010400000000140400000001150400000002160400000000170200002A02000030014D310115697E
2026-03-26 04:31:05 - msg_id_0200 ==> 7E02000042660000000002141C00000000000C000300C64785049FAC88038900000000260326043104010400000000140400000001150400000002160400000000170200002A02000030014D310115517E
2026-03-26 04:31:36 - msg_id_0200 ==> 7E02000042660000000002142700000000000C000300C64785049FAC88038900000000260326043135010400000000140400000001150400000002160400000000170200002A02000030014D3101145A7E
2026-03-26 04:32:07 - msg_id_0200 ==> 7E02000042660000000002143200000000000C000300C64784049FAC88038900000000260326043206010400000000140400000001150400000002160400000000170200002A02000030014D3101147D027E
2026-03-26 04:32:38 - msg_id_0200 ==> 7E02000042660000000002143D00000000000C000300C64785049FAC88038900000000260326043237010400000000140400000001150400000002160400000000170200002A02000030014D310111447E
2026-03-26 04:33:09 - msg_id_0200 ==> 7E02000042660000000002144800000000000C000300C64786049FAC88038900000000260326043308010400000000140400000001150400000002160400000000170200002A02000030014D3101120F7E
2026-03-26 04:33:40 - msg_id_0200 ==> 7E02000042660000000002145300000000000C000300C64784049FAC88038900000000260326043339010400000000140400000001150400000002160400000000170200002A02000030014D310113267E
2026-03-26 04:34:11 - msg_id_0200 ==> 7E02000042660000000002145E00000000000C000300C64783049FAC88038900000000260326043410010400000000140400000001150400000002160400000000170200002A02000030014D310113027E
2026-03-26 04:34:42 - msg_id_0200 ==> 7E02000042660000000002146900000000000C000300C64783049FAC90038900000000260326043441010400000000140400000001150400000002160400000000170200002A02000030014D3101157A7E
2026-03-26 04:35:13 - msg_id_0200 ==> 7E02000042660000000002147400000000000C000300C64782049FAC90038900000000260326043512010400000000140400000001150400000002160400000000170200002A02000030014D310114357E
2026-03-26 04:35:43 - msg_id_0200 ==> 7E02000042660000000002147F00000100000C000300C64782049FAC90038A00000000260326043542010400000000140400000001150400000002160400000000170200002A02000030014D3101146C7E
2026-03-26 04:35:49 - msg_id_0200 ==> 7E02000042660000000002148200000000000C000300C64783049FAC90038A00000000260326043548010400000000140400000001150400000002160400000000170200002A02000030014D3101149B7E
2026-03-26 04:36:20 - msg_id_0200 ==> 7E02000042660000000002148D00000000000C000300C64783049FAC90038A00000000260326043619010400000000140400000001150400000002160400000000170200002A02000030014D310113C17E
2026-03-26 04:36:51 - msg_id_0200 ==> 7E02000042660000000002149800000000000C000300C64781049FAC90038A00000000260326043650010400000000140400000001150400000002160400000000170200002A02000030014D310114987E
2026-03-26 04:37:22 - msg_id_0200 ==> 7E0200004266000000000214A300000000000C000300C64782049FAC90038A00000000260326043721010400000000140400000001150400000002160400000000170200002A02000030014D310115D17E
2026-03-26 04:37:53 - msg_id_0200 ==> 7E0200004266000000000214AE00000000000C000300C6477F049FAC90038A00000000260326043752010400000000140400000001150400000002160400000000170200002A02000030014D310115527E
2026-03-26 04:38:24 - msg_id_0200 ==> 7E0200004266000000000214B900000000000C000300C6477D01049FAC90038A00000000260326043823010400000000140400000001150400000002160400000000170200002A02000030014D310115397E
2026-03-26 04:38:55 - msg_id_0200 ==> 7E0200004266000000000214C400000000000C000300C6477C049FAC90038A00000000260326043854010400000000140400000001150400000002160400000000170200002A02000030014D310113347E
2026-03-26 04:39:26 - msg_id_0200 ==> 7E0200004266000000000214CF00000000000C000300C6477B049FAC90038A00000000260326043925010400000000140400000001150400000002160400000000170200002A02000030014D3101154E7E
2026-03-26 04:39:57 - msg_id_0200 ==> 7E0200004266000000000214DA00000000000C000300C6477D01049FAC90038A00000000260326043956010400000000140400000001150400000002160400000000170200002A02000030014D3101112A7E
2026-03-26 04:40:28 - msg_id_0200 ==> 7E0200004266000000000214E500000000000C000300C64788049FAC90038B00000000260326044027010400000000140400000001150400000002160400000000170200002A02000030014D310115ED7E
2026-03-26 04:40:59 - msg_id_0200 ==> 7E0200004266000000000214F000000000000C000300C64782049FAC90038B00000000260326044058010400000000140400000001150400000002160400000000170200002A02000030014D3101158D7E
2026-03-26 04:41:30 - msg_id_0200 ==> 7E0200004266000000000214FB00000000000C000300C64781049FAC90038B00000000260326044129010400000000140400000001150400000002160400000000170200002A02000030014D310114F47E
2026-03-26 04:42:01 - msg_id_0200 ==> 7E02000042660000000002150600000000000C000300C64781049FAC90038B00000000260326044200010400000000140400000001150400000002160400000000170200002A02000030014D310113257E
2026-03-26 04:42:32 - msg_id_0200 ==> 7E02000042660000000002151100000000000C000300C6477F049FAC90038C00000000260326044231010400000000140400000001150400000002160400000000170200002A02000030014D310114FD7E
2026-03-26 04:43:03 - msg_id_0200 ==> 7E02000042660000000002151C00000000000C000300C6477F049FAC90038C00000000260326044302010400000000140400000001150400000002160400000000170200002A02000030014D310115C37E
2026-03-26 04:43:34 - msg_id_0200 ==> 7E02000042660000000002152700000000000C000300C6477F049FAC90038C00000000260326044333010400000000140400000001150400000002160400000000170200002A02000030014D310115C97E
2026-03-26 04:44:05 - msg_id_0200 ==> 7E02000042660000000002153200000000000C000300C6477D02049FAC88038C00000000260326044404010400000000140400000001150400000002160400000000170200002A02000030014D310116F67E
2026-03-26 04:44:36 - msg_id_0200 ==> 7E02000042660000000002153D00000000000C000300C6477D01049FAC88038B00000000260326044435010400000000140400000001150400000002160400000000170200002A02000030014D310114CE7E
2026-03-26 04:45:07 - msg_id_0200 ==> 7E02000042660000000002154800000000000C000300C6477B049FAC88038B00000000260326044506010400000000140400000001150400000002160400000000170200002A02000030014D3101148F7E
2026-03-26 04:45:38 - msg_id_0200 ==> 7E02000042660000000002155300000000000C000300C6476B049FAC88038B00000000260326044537010400000000140400000001150400000002160400000000170200002A02000030014D310113B27E
2026-03-26 04:46:09 - msg_id_0200 ==> 7E02000042660000000002155E00000000000C000300C64774049FAC98038B00000000260326044608010400000000140400000001150400000002160400000000170200002A02000030014D310117887E
2026-03-26 04:46:40 - msg_id_0200 ==> 7E02000042660000000002156900000000000C000300C64779049FAC98038B00000000260326044639010400000000140400000001150400000002160400000000170200002A02000030014D310114807E
2026-03-26 04:47:11 - msg_id_0200 ==> 7E02000042660000000002157400000000000C000300C6477A049FAC98038B00000000260326044710010400000000140400000001150400000002160400000000170200002A02000030014D310116B47E
2026-03-26 04:47:41 - msg_id_0200 ==> 7E02000042660000000002157F00000100000C000300C6477A049FAC98038B00000000260326044740010400000000140400000001150400000002160400000000170200002A02000030014D310115ED7E
2026-03-26 04:47:46 - msg_id_0200 ==> 7E02000042660000000002158200000000000C000300C6477A049FAC98038B00000000260326044745010400000000140400000001150400000002160400000000170200002A02000030014D310116177E
2026-03-26 04:48:17 - msg_id_0200 ==> 7E02000042660000000002158D00000000000C000300C6477A049FAC98038B00000000260326044816010400000000140400000001150400000002160400000000170200002A02000030014D310115477E
2026-03-26 04:48:48 - msg_id_0200 ==> 7E02000042660000000002159800000000000C000300C6477A049FAC98038B00000000260326044847010400000000140400000001150400000002160400000000170200002A02000030014D310117017E
2026-03-26 04:49:19 - msg_id_0200 ==> 7E0200004266000000000215A300000000000C000300C64779049FAC98038B00000000260326044918010400000000140400000001150400000002160400000000170200002A02000030014D310115657E
2026-03-26 04:49:50 - msg_id_0200 ==> 7E0200004266000000000215AE00000000000C000300C64778049FACA0038B00000000260326044949010400000000140400000001150400000002160400000000170200002A02000030014D310117027E
2026-03-26 04:50:21 - msg_id_0200 ==> 7E0200004266000000000215B900000000000C000300C64779049FACA0038B00000000260326045020010400000000140400000001150400000002160400000000170200002A02000030014D310116657E
2026-03-26 04:50:52 - msg_id_0200 ==> 7E0200004266000000000215C400000000000C000300C64778049FACA0038B00000000260326045051010400000000140400000001150400000002160400000000170200002A02000030014D310117697E
2026-03-26 04:51:23 - msg_id_0200 ==> 7E0200004266000000000215CF00000000000C000300C64777049FACA8038B00000000260326045122010400000000140400000001150400000002160400000000170200002A02000030014D310116167E
2026-03-26 04:51:54 - msg_id_0200 ==> 7E0200004266000000000215DA00000000000C000300C64777049FACA8038B00000000260326045153010400000000140400000001150400000002160400000000170200002A02000030014D310117737E
2026-03-26 04:52:25 - msg_id_0200 ==> 7E0200004266000000000215E500000000000C000300C64774049FACA8038B00000000260326045224010400000000140400000001150400000002160400000000170200002A02000030014D3101163A7E
2026-03-26 04:52:56 - msg_id_0200 ==> 7E0200004266000000000215F000000000000C000300C64771049FACA8038B00000000260326045255010400000000140400000001150400000002160400000000170200002A02000030014D3101165B7E
2026-03-26 04:53:27 - msg_id_0200 ==> 7E0200004266000000000215FB00000000000C000300C6476E049FACA8038B00000000260326045326010400000000140400000001150400000002160400000000170200002A02000030014D3101173C7E
2026-03-26 04:53:58 - msg_id_0200 ==> 7E02000042660000000002160600000000000C000300C6476F049FACA0038B00000000260326045357010400000000140400000001150400000002160400000000170200002A02000030014D310115B87E
2026-03-26 04:54:29 - msg_id_0200 ==> 7E02000042660000000002161100000000000C000300C6476C049FACA8038B00000000260326045428010400000000140400000001150400000002160400000000170200002A02000030014D310117DE7E
2026-03-26 04:55:00 - msg_id_0200 ==> 7E02000042660000000002161C00000000000C000300C6476D049FACA8038B00000000260326045459010400000000140400000001150400000002160400000000170200002A02000030014D310117A37E
2026-03-26 04:55:31 - msg_id_0200 ==> 7E02000042660000000002162700000000000C000300C6476D049FACA8038B00000000260326045530010400000000140400000001150400000002160400000000170200002A02000030014D310117F07E
2026-03-26 04:56:02 - msg_id_0200 ==> 7E02000042660000000002163200000000000C000300C6476D049FACA8038B00000000260326045601010400000000140400000001150400000002160400000000170200002A02000030014D310117D77E
2026-03-26 04:56:33 - msg_id_0200 ==> 7E02000042660000000002163D00000000000C000300C6476C049FACA8038B00000000260326045632010400000000140400000001150400000002160400000000170200002A02000030014D310116EB7E
2026-03-26 04:57:04 - msg_id_0200 ==> 7E02000042660000000002164800000000000C000300C6476C049FACB0038A00000000260326045703010400000000140400000001150400000002160400000000170200002A02000030014D310115B47E
2026-03-26 04:57:35 - msg_id_0200 ==> 7E02000042660000000002165300000000000C000300C6476A049FACB0038A00000000260326045734010400000000140400000001150400000002160400000000170200002A02000030014D310113987E
2026-03-26 04:58:06 - msg_id_0200 ==> 7E02000042660000000002165E00000000000C000300C64769049FACB0038A00000000260326045805010400000000140400000001150400000002160400000000170200002A02000030014D310116AD7E
2026-03-26 04:58:37 - msg_id_0200 ==> 7E02000042660000000002166900000000000C000300C64768049FACB0038A00000000260326045836010400000000140400000001150400000002160400000000170200002A02000030014D310113AD7E
2026-03-26 04:59:08 - msg_id_0200 ==> 7E02000042660000000002167400000000000C000300C64767049FACB0038A00000000260326045907010400000000140400000001150400000002160400000000170200002A02000030014D3101138F7E
2026-03-26 04:59:39 - msg_id_0200 ==> 7E02000042660000000002167F00000100000C000300C64767049FACB8038B00000000260326045938010400000000140400000001150400000002160400000000170200002A02000030014D310115B57E
2026-03-26 04:59:44 - msg_id_0200 ==> 7E02000042660000000002168200000000000C000300C64767049FACB8038B00000000260326045943010400000000140400000001150400000002160400000000170200002A02000030014D310115327E
2026-03-26 05:00:15 - msg_id_0200 ==> 7E02000042660000000002168D00000000000C000300C64768049FACB8038B00000000260326050014010400000000140400000001150400000002160400000000170200002A02000030014D3101143C7E
2026-03-26 05:00:46 - msg_id_0200 ==> 7E02000042660000000002169800000000000C000300C64768049FACB8038B00000000260326050045010400000000140400000001150400000002160400000000170200002A02000030014D310115797E
2026-03-26 05:01:17 - msg_id_0200 ==> 7E0200004266000000000216A300000000000C000300C64766049FACB8038B00000000260326050116010400000000140400000001150400000002160400000000170200002A02000030014D3101161D7E
2026-03-26 05:01:48 - msg_id_0200 ==> 7E0200004266000000000216AE00000000000C000300C64763049FACB8038B00000000260326050147010400000000140400000001150400000002160400000000170200002A02000030014D310116447E
2026-03-26 05:02:19 - msg_id_0200 ==> 7E0200004266000000000216B900000000000C000300C64764049FACB8038B00000000260326050218010400000000140400000001150400000002160400000000170200002A02000030014D310116087E
2026-03-26 05:02:50 - msg_id_0200 ==> 7E0200004266000000000216C400000000000C000300C64764049FACB8038B00000000260326050249010400000000140400000001150400000002160400000000170200002A02000030014D310115277E
2026-03-26 05:03:21 - msg_id_0200 ==> 7E0200004266000000000216CF00000000000C000300C64765049FACB8038B00000000260326050320010400000000140400000001150400000002160400000000170200002A02000030014D310114447E
2026-03-26 05:03:52 - msg_id_0200 ==> 7E0200004266000000000216DA00000000000C000300C64766049FACB8038B00000000260326050351010400000000140400000001150400000002160400000000170200002A02000030014D310114237E
2026-03-26 05:04:23 - msg_id_0200 ==> 7E0200004266000000000216E500000000000C000300C64768049FACB8038B00000000260326050422010400000000140400000001150400000002160400000000170200002A02000030014D310117657E
2026-03-26 05:04:54 - msg_id_0200 ==> 7E0200004266000000000216F000000000000C000300C64767049FACB8038B00000000260326050453010400000000140400000001150400000002160400000000170200002A02000030014D3101140D7E
2026-03-26 05:05:25 - msg_id_0200 ==> 7E0200004266000000000216FB00000000000C000300C64766049FACB8038A00000000260326050524010400000000140400000001150400000002160400000000170200002A02000030014D310115717E
2026-03-26 05:05:56 - msg_id_0200 ==> 7E02000042660000000002170600000000000C000300C64763049FACB8038A00000000260326050555010400000000140400000001150400000002160400000000170200002A02000030014D310115F97E
2026-03-26 05:06:27 - msg_id_0200 ==> 7E02000042660000000002171100000000000C000300C64763049FACB8038A00000000260326050626010400000000140400000001150400000002160400000000170200002A02000030014D3101159E7E
2026-03-26 05:06:58 - msg_id_0200 ==> 7E02000042660000000002171C00000000000C000300C64762049FACB8038A00000000260326050657010400000000140400000001150400000002160400000000170200002A02000030014D310117E17E
2026-03-26 05:07:29 - msg_id_0200 ==> 7E02000042660000000002172700000000000C000300C64760049FACB0038A00000000260326050728010400000000140400000001150400000002160400000000170200002A02000030014D310117AE7E
2026-03-26 05:08:00 - msg_id_0200 ==> 7E02000042660000000002173200000000000C000300C6475C049FACB0038A00000000260326050759010400000000140400000001150400000002160400000000170200002A02000030014D310115F47E
2026-03-26 05:08:31 - msg_id_0200 ==> 7E02000042660000000002173D00000000000C000300C6475C049FACB0038A00000000260326050830010400000000140400000001150400000002160400000000170200002A02000030014D3101159D7E
2026-03-26 05:09:02 - msg_id_0200 ==> 7E02000042660000000002174800000000000C000300C6475E049FACA8038A00000000260326050901010400000000140400000001150400000002160400000000170200002A02000030014D310115C27E
2026-03-26 05:09:33 - msg_id_0200 ==> 7E02000042660000000002175300000000000C000300C64760049FACA8038A00000000260326050932010400000000140400000001150400000002160400000000170200002A02000030014D310116D77E
2026-03-26 05:10:04 - msg_id_0200 ==> 7E02000042660000000002175E00000000000C000300C6475E049FACA8038A00000000260326051003010400000000140400000001150400000002160400000000170200002A02000030014D310115CF7E
2026-03-26 05:10:35 - msg_id_0200 ==> 7E02000042660000000002176900000000000C000300C6475E049FACA8038A00000000260326051034010400000000140400000001150400000002160400000000170200002A02000030014D310114CE7E
2026-03-26 05:11:06 - msg_id_0200 ==> 7E02000042660000000002177400000000000C000300C6475D049FACA8038A00000000260326051105010400000000140400000001150400000002160400000000170200002A02000030014D310114E07E
2026-03-26 05:11:36 - msg_id_0200 ==> 7E02000042660000000002177F00000100000C000300C64759049FACA0038A00000000260326051135010400000000140400000001150400000002160400000000170200002A02000030014D310112D07E
2026-03-26 05:11:41 - msg_id_0200 ==> 7E02000042660000000002178200000000000C000300C64758049FACA0038A00000000260326051140010400000000140400000001150400000002160400000000170200002A02000030014D310113597E
2026-03-26 05:12:12 - msg_id_0200 ==> 7E02000042660000000002178D00000000000C000300C64757049FACA0038A00000000260326051211010400000000140400000001150400000002160400000000170200002A02000030014D3101130B7E
2026-03-26 05:12:43 - msg_id_0200 ==> 7E02000042660000000002179800000000000C000300C64757049FACA0038A00000000260326051242010400000000140400000001150400000002160400000000170200002A02000030014D310116487E
2026-03-26 05:13:14 - msg_id_0200 ==> 7E0200004266000000000217A300000000000C000300C64755049FAC98038B00000000260326051313010400000000140400000001150400000002160400000000170200002A02000030014D310116187E
2026-03-26 05:13:45 - msg_id_0200 ==> 7E0200004266000000000217AE00000000000C000300C64751049FAC98038B00000000260326051344010400000000140400000001150400000002160400000000170200002A02000030014D310115457E
2026-03-26 05:14:16 - msg_id_0200 ==> 7E0200004266000000000217B900000000000C000300C6474D049FAC98038B00000000260326051415010400000000140400000001150400000002160400000000170200002A02000030014D310118157E
2026-03-26 05:14:47 - msg_id_0200 ==> 7E0200004266000000000217C400000000000C000300C64751049FAC90038B00000000260326051446010400000000140400000001150400000002160400000000170200002A02000030014D310115227E
2026-03-26 05:15:18 - msg_id_0200 ==> 7E0200004266000000000217CF00000000000C000300C64751049FAC90038B00000000260326051517010400000000140400000001150400000002160400000000170200002A02000030014D310118747E
2026-03-26 05:15:49 - msg_id_0200 ==> 7E0200004266000000000217DA00000000000C000300C6474C049FAC88038B00000000260326051548010400000000140400000001150400000002160400000000170200002A02000030014D310116357E
2026-03-26 05:16:20 - msg_id_0200 ==> 7E0200004266000000000217E500000000000C000300C64747049FAC88038B00000000260326051619010400000000140400000001150400000002160400000000170200002A02000030014D310116537E
2026-03-26 05:16:51 - msg_id_0200 ==> 7E0200004266000000000217F000000000000C000300C64745049FAC88038B00000000260326051650010400000000140400000001150400000002160400000000170200002A02000030014D3101170C7E
2026-03-26 05:17:22 - msg_id_0200 ==> 7E0200004266000000000217FB00000000000C000300C64748049FAC88038B00000000260326051721010400000000140400000001150400000002160400000000170200002A02000030014D3101167B7E
2026-03-26 05:17:53 - msg_id_0200 ==> 7E02000042660000000002180600000000000C000300C6473F049FAC80038C00000000260326051752010400000000140400000001150400000002160400000000170200002A02000030014D3101188C7E
2026-03-26 05:18:24 - msg_id_0200 ==> 7E02000042660000000002181100000000000C000300C6473B049FAC80038B00000000260326051823010400000000140400000001150400000002160400000000170200002A02000030014D310117E97E
2026-03-26 05:18:55 - msg_id_0200 ==> 7E02000042660000000002181C00000000000C000300C6473B049FAC80038B00000000260326051854010400000000140400000001150400000002160400000000170200002A02000030014D310115917E
2026-03-26 05:19:26 - msg_id_0200 ==> 7E02000042660000000002182700000000000C000300C6473C049FAC78038B00000000260326051925010400000000140400000001150400000002160400000000170200002A02000030014D310114247E
2026-03-26 05:19:57 - msg_id_0200 ==> 7E02000042660000000002183200000000000C000300C6473C049FAC78038B00000000260326051956010400000000140400000001150400000002160400000000170200002A02000030014D310115437E
2026-03-26 05:20:28 - msg_id_0200 ==> 7E02000042660000000002183D00000000000C000300C6473A049FAC70038B00000000260326052027010400000000140400000001150400000002160400000000170200002A02000030014D310117087E
2026-03-26 05:20:59 - msg_id_0200 ==> 7E02000042660000000002184800000000000C000300C64739049FAC70038B00000000260326052058010400000000140400000001150400000002160400000000170200002A02000030014D310116007E
2026-03-26 05:21:30 - msg_id_0200 ==> 7E02000042660000000002185300000000000C000300C6473A049FAC70038B00000000260326052129010400000000140400000001150400000002160400000000170200002A02000030014D310117697E
2026-03-26 05:22:01 - msg_id_0200 ==> 7E02000042660000000002185E00000000000C000300C64739049FAC78038B00000000260326052200010400000000140400000001150400000002160400000000170200002A02000030014D310117457E
2026-03-26 05:22:32 - msg_id_0200 ==> 7E02000042660000000002186900000000000C000300C64736049FAC78038B00000000260326052231010400000000140400000001150400000002160400000000170200002A02000030014D3101144F7E
2026-03-26 05:23:03 - msg_id_0200 ==> 7E02000042660000000002187400000000000C000300C64734049FAC80038B00000000260326052302010400000000140400000001150400000002160400000000170200002A02000030014D3101159B7E
2026-03-26 05:23:34 - msg_id_0200 ==> 7E02000042660000000002187F00000100000C000300C6472E049FAC80038B00000000260326052333010400000000140400000001150400000002160400000000170200002A02000030014D310117B87E
2026-03-26 05:23:39 - msg_id_0200 ==> 7E02000042660000000002188200000000000C000300C6472D049FAC80038B00000000260326052338010400000000140400000001150400000002160400000000170200002A02000030014D3101164D7E
2026-03-26 05:24:10 - msg_id_0200 ==> 7E02000042660000000002188D00000000000C000300C6472D049FAC78038B00000000260326052409010400000000140400000001150400000002160400000000170200002A02000030014D3101178D7E
2026-03-26 05:24:41 - msg_id_0200 ==> 7E02000042660000000002189800000000000C000300C6472B049FAC78038B00000000260326052440010400000000140400000001150400000002160400000000170200002A02000030014D310116D67E
2026-03-26 05:25:12 - msg_id_0200 ==> 7E0200004266000000000218A300000000000C000300C64729049FAC78038B00000000260326052511010400000000140400000001150400000002160400000000170200002A02000030014D310118B17E
2026-03-26 05:25:43 - msg_id_0200 ==> 7E0200004266000000000218AE00000000000C000300C64729049FAC70038B00000000260326052542010400000000140400000001150400000002160400000000170200002A02000030014D310116E97E
2026-03-26 05:26:14 - msg_id_0200 ==> 7E0200004266000000000218B900000000000C000300C64729049FAC78038A00000000260326052613010400000000140400000001150400000002160400000000170200002A02000030014D310117A47E
2026-03-26 05:26:45 - msg_id_0200 ==> 7E0200004266000000000218C400000000000C000300C64727049FAC78038A00000000260326052644010400000000140400000001150400000002160400000000170200002A02000030014D310116817E
2026-03-26 05:27:16 - msg_id_0200 ==> 7E0200004266000000000218CF00000000000C000300C64726049FAC78038A00000000260326052715010400000000140400000001150400000002160400000000170200002A02000030014D310115D87E
2026-03-26 05:27:47 - msg_id_0200 ==> 7E0200004266000000000218DA00000000000C000300C64725049FAC78038A00000000260326052746010400000000140400000001150400000002160400000000170200002A02000030014D310118907E
2026-03-26 05:28:18 - msg_id_0200 ==> 7E0200004266000000000218E500000000000C000300C64726049FAC78038900000000260326052817010400000000140400000001150400000002160400000000170200002A02000030014D310115FC7E
2026-03-26 05:28:49 - msg_id_0200 ==> 7E0200004266000000000218F000000000000C000300C64727049FAC78038900000000260326052848010400000000140400000001150400000002160400000000170200002A02000030014D310115B77E
2026-03-26 05:29:20 - msg_id_0200 ==> 7E0200004266000000000218FB00000000000C000300C6472A049FAC78038900000000260326052919010400000000140400000001150400000002160400000000170200002A02000030014D310113E77E
2026-03-26 05:29:51 - msg_id_0200 ==> 7E02000042660000000002190600000000000C000300C64728049FAC78038900000000260326052950010400000000140400000001150400000002160400000000170200002A02000030014D310115567E
2026-03-26 05:30:22 - msg_id_0200 ==> 7E02000042660000000002191100000000000C000300C64727049FAC80038900000000260326053021010400000000140400000001150400000002160400000000170200002A02000030014D310115DE7E
2026-03-26 05:30:53 - msg_id_0200 ==> 7E02000042660000000002191C00000000000C000300C64729049FAC80038900000000260326053052010400000000140400000001150400000002160400000000170200002A02000030014D310113A87E
2026-03-26 05:31:24 - msg_id_0200 ==> 7E02000042660000000002192700000000000C000300C64720049FAC78038900000000260326053123010400000000140400000001150400000002160400000000170200002A02000030014D310115147E
2026-03-26 05:31:55 - msg_id_0200 ==> 7E02000042660000000002193200000000000C000300C6471D049FAC80038800000000260326053154010400000000140400000001150400000002160400000000170200002A02000030014D310116B17E
2026-03-26 05:32:26 - msg_id_0200 ==> 7E02000042660000000002193D00000000000C000300C64720049FAC80038800000000260326053225010400000000140400000001150400000002160400000000170200002A02000030014D310116F17E
2026-03-26 05:32:57 - msg_id_0200 ==> 7E02000042660000000002194800000000000C000300C64720049FAC80038800000000260326053256010400000000140400000001150400000002160400000000170200002A02000030014D310115F47E
2026-03-26 05:33:28 - msg_id_0200 ==> 7E02000042660000000002195300000000000C000300C6471F049FAC80038800000000260326053327010400000000140400000001150400000002160400000000170200002A02000030014D310114A17E
2026-03-26 05:33:59 - msg_id_0200 ==> 7E02000042660000000002195E00000000000C000300C64721049FAC88038800000000260326053358010400000000140400000001150400000002160400000000170200002A02000030014D310117E67E
2026-03-26 05:34:30 - msg_id_0200 ==> 7E02000042660000000002196900000000000C000300C64721049FAC88038800000000260326053429010400000000140400000001150400000002160400000000170200002A02000030014D310114A47E
2026-03-26 05:35:01 - msg_id_0200 ==> 7E02000042660000000002197400000000000C000300C64723049FAC88038800000000260326053500010400000000140400000001150400000002160400000000170200002A02000030014D310116917E
2026-03-26 05:35:31 - msg_id_0200 ==> 7E02000042660000000002197F00000100000C000300C64725049FAC90038800000000260326053530010400000000140400000001150400000002160400000000170200002A02000030014D310116B57E
2026-03-26 05:35:36 - msg_id_0200 ==> 7E02000042660000000002198200000000000C000300C64725049FAC90038800000000260326053535010400000000140400000001150400000002160400000000170200002A02000030014D3101164C7E
2026-03-26 05:36:07 - msg_id_0200 ==> 7E02000042660000000002198D00000000000C000300C64725049FAC90038800000000260326053606010400000000140400000001150400000002160400000000170200002A02000030014D310117727E
2026-03-26 05:36:38 - msg_id_0200 ==> 7E02000042660000000002199800000000000C000300C64726049FAC90038800000000260326053637010400000000140400000001150400000002160400000000170200002A02000030014D310115577E
2026-03-26 05:37:09 - msg_id_0200 ==> 7E0200004266000000000219A300000000000C000300C64727049FAC90038800000000260326053708010400000000140400000001150400000002160400000000170200002A02000030014D310114527E
2026-03-26 05:37:40 - msg_id_0200 ==> 7E0200004266000000000219AE00000000000C000300C64728049FAC90038800000000260326053739010400000000140400000001150400000002160400000000170200002A02000030014D310116637E
2026-03-26 05:38:11 - msg_id_0200 ==> 7E0200004266000000000219B900000000000C000300C64726049FAC90038800000000260326053810010400000000140400000001150400000002160400000000170200002A02000030014D3101155F7E
2026-03-26 05:38:42 - msg_id_0200 ==> 7E0200004266000000000219C400000000000C000300C64725049FAC90038800000000260326053841010400000000140400000001150400000002160400000000170200002A02000030014D310115707E
2026-03-26 05:39:13 - msg_id_0200 ==> 7E0200004266000000000219CF00000000000C000300C64725049FAC90038800000000260326053912010400000000140400000001150400000002160400000000170200002A02000030014D3101132F7E
2026-03-26 05:39:44 - msg_id_0200 ==> 7E0200004266000000000219DA00000000000C000300C64727049FAC90038800000000260326053943010400000000140400000001150400000002160400000000170200002A02000030014D310112687E
2026-03-26 05:40:15 - msg_id_0200 ==> 7E0200004266000000000219E500000000000C000300C6472B049FAC90038800000000260326054014010400000000140400000001150400000002160400000000170200002A02000030014D310113747E
2026-03-26 05:40:46 - msg_id_0200 ==> 7E0200004266000000000219F000000000000C000300C6472C049FAC90038800000000260326054045010400000000140400000001150400000002160400000000170200002A02000030014D310111357E
2026-03-26 05:41:17 - msg_id_0200 ==> 7E0200004266000000000219FB00000000000C000300C6472F049FAC98038800000000260326054116010400000000140400000001150400000002160400000000170200002A02000030014D310112647E
2026-03-26 05:41:48 - msg_id_0200 ==> 7E020000426600000000021A0600000000000C000300C6472F049FAC98038800000000260326054147010400000000140400000001150400000002160400000000170200002A02000030014D310112CB7E
2026-03-26 05:42:19 - msg_id_0200 ==> 7E020000426600000000021A1100000000000C000300C6472F049FAC98038700000000260326054218010400000000140400000001150400000002160400000000170200002A02000030014D3101138E7E
2026-03-26 05:42:50 - msg_id_0200 ==> 7E020000426600000000021A1C00000000000C000300C64730049FAC90038700000000260326054249010400000000140400000001150400000002160400000000170200002A02000030014D310114C27E
2026-03-26 05:43:21 - msg_id_0200 ==> 7E020000426600000000021A2700000000000C000300C64735049FAC90038700000000260326054320010400000000140400000001150400000002160400000000170200002A02000030014D310114947E
2026-03-26 05:43:52 - msg_id_0200 ==> 7E020000426600000000021A3200000000000C000300C6473B049FAC98038700000000260326054351010400000000140400000001150400000002160400000000170200002A02000030014D310113F17E
2026-03-26 05:44:23 - msg_id_0200 ==> 7E020000426600000000021A3D00000000000C000300C64740049FAC98038700000000260326054422010400000000140400000001150400000002160400000000170200002A02000030014D310114F67E
2026-03-26 05:44:54 - msg_id_0200 ==> 7E020000426600000000021A4800000000000C000300C64742049FAC98038700000000260326054453010400000000140400000001150400000002160400000000170200002A02000030014D310115F17E
2026-03-26 05:45:25 - msg_id_0200 ==> 7E020000426600000000021A5300000000000C000300C64742049FAC90038700000000260326054524010400000000140400000001150400000002160400000000170200002A02000030014D310116977E
2026-03-26 05:45:56 - msg_id_0200 ==> 7E020000426600000000021A5E00000000000C000300C64741049FAC90038700000000260326054555010400000000140400000001150400000002160400000000170200002A02000030014D310113ED7E
2026-03-26 05:46:27 - msg_id_0200 ==> 7E020000426600000000021A6900000000000C000300C64741049FAC90038700000000260326054626010400000000140400000001150400000002160400000000170200002A02000030014D310111A87E
2026-03-26 05:46:58 - msg_id_0200 ==> 7E020000426600000000021A7400000000000C000300C64741049FAC88038700000000260326054657010400000000140400000001150400000002160400000000170200002A02000030014D310114D97E
2026-03-26 05:47:29 - msg_id_0200 ==> 7E020000426600000000021A7F00000100000C000300C64741049FAC88038700000000260326054728010400000000140400000001150400000002160400000000170200002A02000030014D310112AB7E
2026-03-26 05:47:34 - msg_id_0200 ==> 7E020000426600000000021A8200000000000C000300C64742049FAC88038700000000260326054733010400000000140400000001150400000002160400000000170200002A02000030014D3101124F7E
2026-03-26 05:48:05 - msg_id_0200 ==> 7E020000426600000000021A8D00000000000C000300C64742049FAC88038700000000260326054804010400000000140400000001150400000002160400000000170200002A02000030014D310113797E
2026-03-26 05:48:36 - msg_id_0200 ==> 7E020000426600000000021A9800000000000C000300C64743049FAC88038700000000260326054835010400000000140400000001150400000002160400000000170200002A02000030014D3101155A7E
2026-03-26 05:49:07 - msg_id_0200 ==> 7E020000426600000000021AA300000000000C000300C6473F049FAC80038700000000260326054906010400000000140400000001150400000002160400000000170200002A02000030014D310114267E
2026-03-26 05:49:38 - msg_id_0200 ==> 7E020000426600000000021AAE00000000000C000300C64741049FAC88038700000000260326054937010400000000140400000001150400000002160400000000170200002A02000030014D3101136B7E
2026-03-26 05:50:09 - msg_id_0200 ==> 7E020000426600000000021AB900000000000C000300C64740049FAC88038600000000260326055008010400000000140400000001150400000002160400000000170200002A02000030014D3101165F7E
2026-03-26 05:50:40 - msg_id_0200 ==> 7E020000426600000000021AC400000000000C000300C6473F049FAC80038600000000260326055039010400000000140400000001150400000002160400000000170200002A02000030014D310116647E
2026-03-26 05:51:11 - msg_id_0200 ==> 7E020000426600000000021ACF00000000000C000300C64741049FAC80038600000000260326055110010400000000140400000001150400000002160400000000170200002A02000030014D310117387E
2026-03-26 05:51:42 - msg_id_0200 ==> 7E020000426600000000021ADA00000000000C000300C64743049FAC80038600000000260326055141010400000000140400000001150400000002160400000000170200002A02000030014D3101167F7E
2026-03-26 05:52:13 - msg_id_0200 ==> 7E020000426600000000021AE500000000000C000300C64742049FAC78038600000000260326055212010400000000140400000001150400000002160400000000170200002A02000030014D310114EB7E
2026-03-26 05:52:44 - msg_id_0200 ==> 7E020000426600000000021AF000000000000C000300C64740049FAC78038600000000260326055243010400000000140400000001150400000002160400000000170200002A02000030014D310118A17E
2026-03-26 05:53:15 - msg_id_0200 ==> 7E020000426600000000021AFB00000000000C000300C64740049FAC78038600000000260326055314010400000000140400000001150400000002160400000000170200002A02000030014D310117F37E
2026-03-26 05:53:46 - msg_id_0200 ==> 7E020000426600000000021B0600000000000C000300C64740049FAC70038500000000260326055345010400000000140400000001150400000002160400000000170200002A02000030014D310115577E
2026-03-26 05:54:17 - msg_id_0200 ==> 7E020000426600000000021B1100000000000C000300C64741049FAC70038500000000260326055416010400000000140400000001150400000002160400000000170200002A02000030014D310113137E
2026-03-26 05:54:48 - msg_id_0200 ==> 7E020000426600000000021B1C00000000000C000300C64741049FAC70038500000000260326055447010400000000140400000001150400000002160400000000170200002A02000030014D310114487E
2026-03-26 05:55:19 - msg_id_0200 ==> 7E020000426600000000021B2700000000000C000300C64742049FAC70038500000000260326055518010400000000140400000001150400000002160400000000170200002A02000030014D3101172D7E
2026-03-26 05:55:50 - msg_id_0200 ==> 7E020000426600000000021B3200000000000C000300C64742049FAC70038500000000260326055549010400000000140400000001150400000002160400000000170200002A02000030014D3101156B7E
2026-03-26 05:56:21 - msg_id_0200 ==> 7E020000426600000000021B3D00000000000C000300C64742049FAC68038500000000260326055620010400000000140400000001150400000002160400000000170200002A02000030014D310116157E
2026-03-26 05:56:52 - msg_id_0200 ==> 7E020000426600000000021B4800000000000C000300C64740049FAC68038500000000260326055651010400000000140400000001150400000002160400000000170200002A02000030014D3101181D7E
2026-03-26 05:57:23 - msg_id_0200 ==> 7E020000426600000000021B5300000000000C000300C64741049FAC68038500000000260326055722010400000000140400000001150400000002160400000000170200002A02000030014D31011A777E
2026-03-26 05:57:54 - msg_id_0200 ==> 7E020000426600000000021B5E00000000000C000300C64743049FAC68038500000000260326055753010400000000140400000001150400000002160400000000170200002A02000030014D3101180B7E
2026-03-26 05:58:25 - msg_id_0200 ==> 7E020000426600000000021B6900000000000C000300C64742049FAC68038500000000260326055824010400000000140400000001150400000002160400000000170200002A02000030014D3101164B7E
2026-03-26 05:58:56 - msg_id_0200 ==> 7E020000426600000000021B7400000000000C000300C64742049FAC60038500000000260326055855010400000000140400000001150400000002160400000000170200002A02000030014D3101162F7E
2026-03-26 05:59:26 - msg_id_0200 ==> 7E020000426600000000021B7F00000100000C000300C64742049FAC60038500000000260326055925010400000000140400000001150400000002160400000000170200002A02000030014D310117557E
2026-03-26 05:59:31 - msg_id_0200 ==> 7E020000426600000000021B8200000000000C000300C64742049FAC60038500000000260326055930010400000000140400000001150400000002160400000000170200002A02000030014D310117BC7E
2026-03-26 06:00:02 - msg_id_0200 ==> 7E020000426600000000021B8D00000000000C000300C64742049FAC60038500000000260326060001010400000000140400000001150400000002160400000000170200002A02000030014D310117D87E
2026-03-26 06:00:33 - msg_id_0200 ==> 7E020000426600000000021B9800000000000C000300C64743049FAC58038500000000260326060032010400000000140400000001150400000002160400000000170200002A02000030014D310118C87E
2026-03-26 06:01:04 - msg_id_0200 ==> 7E020000426600000000021BA300000000000C000300C64745049FAC58038400000000260326060103010400000000140400000001150400000002160400000000170200002A02000030014D310115C97E
2026-03-26 06:01:35 - msg_id_0200 ==> 7E020000426600000000021BAE00000000000C000300C64745049FAC58038400000000260326060134010400000000140400000001150400000002160400000000170200002A02000030014D310117F17E
2026-03-26 06:02:06 - msg_id_0200 ==> 7E020000426600000000021BB900000000000C000300C64747049FAC58038400000000260326060205010400000000140400000001150400000002160400000000170200002A02000030014D310114D57E
2026-03-26 06:02:37 - msg_id_0200 ==> 7E020000426600000000021BC400000000000C000300C64748049FAC58038400000000260326060236010400000000140400000001150400000002160400000000170200002A02000030014D310115957E
2026-03-26 06:03:08 - msg_id_0200 ==> 7E020000426600000000021BCF00000000000C000300C64748049FAC58038400000000260326060307010400000000140400000001150400000002160400000000170200002A02000030014D310116AD7E
2026-03-26 06:03:39 - msg_id_0200 ==> 7E020000426600000000021BDA00000000000C000300C64748049FAC60038400000000260326060338010400000000140400000001150400000002160400000000170200002A02000030014D310116BF7E
2026-03-26 06:04:10 - msg_id_0200 ==> 7E020000426600000000021BE500000000000C000300C64747049FAC60038400000000260326060409010400000000140400000001150400000002160400000000170200002A02000030014D310116B97E
2026-03-26 06:04:41 - msg_id_0200 ==> 7E020000426600000000021BF000000000000C000300C64748049FAC60038400000000260326060440010400000000140400000001150400000002160400000000170200002A02000030014D310116EA7E
2026-03-26 06:05:12 - msg_id_0200 ==> 7E020000426600000000021BFB00000000000C000300C64747049FAC60038400000000260326060511010400000000140400000001150400000002160400000000170200002A02000030014D310116BE7E
2026-03-26 06:05:43 - msg_id_0200 ==> 7E020000426600000000021C0600000000000C000300C64747049FAC60038400000000260326060542010400000000140400000001150400000002160400000000170200002A02000030014D310116177E
2026-03-26 06:06:14 - msg_id_0200 ==> 7E020000426600000000021C1100000000000C000300C64746049FAC60038400000000260326060613010400000000140400000001150400000002160400000000170200002A02000030014D310116537E
2026-03-26 06:06:45 - msg_id_0200 ==> 7E020000426600000000021C1C00000000000C000300C64746049FAC60038400000000260326060644010400000000140400000001150400000002160400000000170200002A02000030014D310116097E
2026-03-26 06:07:16 - msg_id_0200 ==> 7E020000426600000000021C2700000000000C000300C64746049FAC60038400000000260326060715010400000000140400000001150400000002160400000000170200002A02000030014D310116627E
2026-03-26 06:07:47 - msg_id_0200 ==> 7E020000426600000000021C3200000000000C000300C64746049FAC60038400000000260326060746010400000000140400000001150400000002160400000000170200002A02000030014D310112207E
2026-03-26 06:08:18 - msg_id_0200 ==> 7E020000426600000000021C3D00000000000C000300C64746049FAC68038400000000260326060817010400000000140400000001150400000002160400000000170200002A02000030014D310112797E
2026-03-26 06:08:49 - msg_id_0200 ==> 7E020000426600000000021C4800000000000C000300C64746049FAC68038400000000260326060848010400000000140400000001150400000002160400000000170200002A02000030014D310112537E
2026-03-26 06:09:20 - msg_id_0200 ==> 7E020000426600000000021C5300000000000C000300C64745049FAC68038400000000260326060919010400000000140400000001150400000002160400000000170200002A02000030014D3101141D7E
2026-03-26 06:09:51 - msg_id_0200 ==> 7E020000426600000000021C5E00000000000C000300C64744049FAC68038400000000260326060950010400000000140400000001150400000002160400000000170200002A02000030014D3101125E7E
2026-03-26 06:10:22 - msg_id_0200 ==> 7E020000426600000000021C6900000000000C000300C64743049FAC68038400000000260326061021010400000000140400000001150400000002160400000000170200002A02000030014D310112067E
2026-03-26 06:10:53 - msg_id_0200 ==> 7E020000426600000000021C7400000000000C000300C64742049FAC68038400000000260326061052010400000000140400000001150400000002160400000000170200002A02000030014D310113687E
2026-03-26 06:11:24 - msg_id_0200 ==> 7E020000426600000000021C7F00000100000C000300C64743049FAC68038400000000260326061123010400000000140400000001150400000002160400000000170200002A02000030014D310115157E
2026-03-26 06:11:29 - msg_id_0200 ==> 7E020000426600000000021C8200000000000C000300C64742049FAC68038400000000260326061128010400000000140400000001150400000002160400000000170200002A02000030014D310115E37E
2026-03-26 06:12:00 - msg_id_0200 ==> 7E020000426600000000021C8D00000000000C000300C64742049FAC68038400000000260326061159010400000000140400000001150400000002160400000000170200002A02000030014D3101139B7E
2026-03-26 06:12:31 - msg_id_0200 ==> 7E020000426600000000021C9800000000000C000300C64740049FAC70038300000000260326061230010400000000140400000001150400000002160400000000170200002A02000030014D310115FF7E
2026-03-26 06:13:02 - msg_id_0200 ==> 7E020000426600000000021CA300000000000C000300C64740049FAC70038300000000260326061301010400000000140400000001150400000002160400000000170200002A02000030014D310116F77E
2026-03-26 06:13:33 - msg_id_0200 ==> 7E020000426600000000021CAE00000000000C000300C6473E049FAC70038300000000260326061332010400000000140400000001150400000002160400000000170200002A02000030014D310113B27E
2026-03-26 06:14:04 - msg_id_0200 ==> 7E020000426600000000021CB900000000000C000300C6473D049FAC78038300000000260326061403010400000000140400000001150400000002160400000000170200002A02000030014D310113987E
2026-03-26 06:14:35 - msg_id_0200 ==> 7E020000426600000000021CC400000000000C000300C6473C049FAC78038300000000260326061434010400000000140400000001150400000002160400000000170200002A02000030014D310113D37E
2026-03-26 06:15:06 - msg_id_0200 ==> 7E020000426600000000021CCF00000000000C000300C6473B049FAC78038300000000260326061505010400000000140400000001150400000002160400000000170200002A02000030014D310115E97E
2026-03-26 06:15:37 - msg_id_0200 ==> 7E020000426600000000021CDA00000000000C000300C6473B049FAC78038300000000260326061536010400000000140400000001150400000002160400000000170200002A02000030014D310113C97E
2026-03-26 06:16:08 - msg_id_0200 ==> 7E020000426600000000021CE500000000000C000300C6473D049FAC78038300000000260326061607010400000000140400000001150400000002160400000000170200002A02000030014D310114C57E
2026-03-26 06:16:39 - msg_id_0200 ==> 7E020000426600000000021CF000000000000C000300C6473E049FAC78038300000000260326061638010400000000140400000001150400000002160400000000170200002A02000030014D310116EE7E
2026-03-26 06:17:10 - msg_id_0200 ==> 7E020000426600000000021CFB00000000000C000300C64740049FAC78038300000000260326061709010400000000140400000001150400000002160400000000170200002A02000030014D310115A87E
2026-03-26 06:17:41 - msg_id_0200 ==> 7E020000426600000000021D0600000000000C000300C6473F049FAC78038300000000260326061740010400000000140400000001150400000002160400000000170200002A02000030014D310113647E
2026-03-26 06:18:12 - msg_id_0200 ==> 7E020000426600000000021D1100000000000C000300C6473E049FAC78038300000000260326061811010400000000140400000001150400000002160400000000170200002A02000030014D3101152A7E
2026-03-26 06:18:43 - msg_id_0200 ==> 7E020000426600000000021D1C00000000000C000300C6473E049FAC78038300000000260326061842010400000000140400000001150400000002160400000000170200002A02000030014D310115747E
2026-03-26 06:19:14 - msg_id_0200 ==> 7E020000426600000000021D2700000000000C000300C6473C049FAC78038300000000260326061913010400000000140400000001150400000002160400000000170200002A02000030014D3101141C7E
2026-03-26 06:19:45 - msg_id_0200 ==> 7E020000426600000000021D3200000000000C000300C6473C049FAC78038300000000260326061944010400000000140400000001150400000002160400000000170200002A02000030014D3101145E7E
2026-03-26 06:20:16 - msg_id_0200 ==> 7E020000426600000000021D3D00000000000C000300C6473C049FAC78038300000000260326062015010400000000140400000001150400000002160400000000170200002A02000030014D3101133E7E
2026-03-26 06:20:47 - msg_id_0200 ==> 7E020000426600000000021D4800000000000C000300C6473C049FAC78038300000000260326062046010400000000140400000001150400000002160400000000170200002A02000030014D310113187E
2026-03-26 06:21:18 - msg_id_0200 ==> 7E020000426600000000021D5300000000000C000300C6473A049FAC78038300000000260326062117010400000000140400000001150400000002160400000000170200002A02000030014D310111577E
2026-03-26 06:21:49 - msg_id_0200 ==> 7E020000426600000000021D5E00000000000C000300C6473B049FAC78038300000000260326062148010400000000140400000001150400000002160400000000170200002A02000030014D310113067E
2026-03-26 06:22:20 - msg_id_0200 ==> 7E020000426600000000021D6900000000000C000300C6473C049FAC78038300000000260326062219010400000000140400000001150400000002160400000000170200002A02000030014D310115627E
2026-03-26 06:22:51 - msg_id_0200 ==> 7E020000426600000000021D7400000000000C000300C6473D049FAC80038300000000260326062250010400000000140400000001150400000002160400000000170200002A02000030014D310116CC7E
2026-03-26 06:23:21 - msg_id_0200 ==> 7E020000426600000000021D7F00000100000C000300C6473C049FAC80038300000000260326062320010400000000140400000001150400000002160400000000170200002A02000030014D310115B57E
2026-03-26 06:23:26 - msg_id_0200 ==> 7E020000426600000000021D8200000000000C000300C6473C049FAC80038300000000260326062325010400000000140400000001150400000002160400000000170200002A02000030014D3101154C7E
2026-03-26 06:23:57 - msg_id_0200 ==> 7E020000426600000000021D8D00000000000C000300C6473A049FAC80038300000000260326062356010400000000140400000001150400000002160400000000170200002A02000030014D310114377E
2026-03-26 06:24:28 - msg_id_0200 ==> 7E020000426600000000021D9800000000000C000300C6473A049FAC80038300000000260326062427010400000000140400000001150400000002160400000000170200002A02000030014D310113537E
2026-03-26 06:24:59 - msg_id_0200 ==> 7E020000426600000000021DA300000000000C000300C6473A049FAC80038300000000260326062458010400000000140400000001150400000002160400000000170200002A02000030014D310112167E
2026-03-26 06:25:30 - msg_id_0200 ==> 7E020000426600000000021DAE00000000000C000300C64739049FAC88038200000000260326062529010400000000140400000001150400000002160400000000170200002A02000030014D310113607E
2026-03-26 06:26:01 - msg_id_0200 ==> 7E020000426600000000021DB900000000000C000300C6473A049FAC88038200000000260326062600010400000000140400000001150400000002160400000000170200002A02000030014D310115587E
2026-03-26 06:26:32 - msg_id_0200 ==> 7E020000426600000000021DC400000000000C000300C6473D049FAC88038200000000260326062631010400000000140400000001150400000002160400000000170200002A02000030014D310115137E
2026-03-26 06:27:03 - msg_id_0200 ==> 7E020000426600000000021DCF00000000000C000300C6473D049FAC88038200000000260326062702010400000000140400000001150400000002160400000000170200002A02000030014D3101152A7E
2026-03-26 06:27:34 - msg_id_0200 ==> 7E020000426600000000021DDA00000000000C000300C6473D049FAC88038200000000260326062733010400000000140400000001150400000002160400000000170200002A02000030014D3101150E7E
2026-03-26 06:28:05 - msg_id_0200 ==> 7E020000426600000000021DE500000000000C000300C6473C049FAC88038200000000260326062804010400000000140400000001150400000002160400000000170200002A02000030014D3101170A7E
2026-03-26 06:28:36 - msg_id_0200 ==> 7E020000426600000000021DF000000000000C000300C6473D049FAC88038200000000260326062835010400000000140400000001150400000002160400000000170200002A02000030014D3101152D7E
2026-03-26 06:29:07 - msg_id_0200 ==> 7E020000426600000000021DFB00000000000C000300C6473D049FAC80038200000000260326062906010400000000140400000001150400000002160400000000170200002A02000030014D3101151C7E
2026-03-26 06:29:38 - msg_id_0200 ==> 7E020000426600000000021E0600000000000C000300C6473E049FAC88038200000000260326062937010400000000140400000001150400000002160400000000170200002A02000030014D310113DE7E
2026-03-26 06:30:09 - msg_id_0200 ==> 7E020000426600000000021E1100000000000C000300C64740049FAC88038200000000260326063008010400000000140400000001150400000002160400000000170200002A02000030014D310113917E
2026-03-26 06:30:40 - msg_id_0200 ==> 7E020000426600000000021E1C00000000000C000300C64742049FAC80038200000000260326063039010400000000140400000001150400000002160400000000170200002A02000030014D310113A77E
2026-03-26 06:31:11 - msg_id_0200 ==> 7E020000426600000000021E2700000000000C000300C64742049FAC80038200000000260326063110010400000000140400000001150400000002160400000000170200002A02000030014D310113B47E
2026-03-26 06:31:42 - msg_id_0200 ==> 7E020000426600000000021E3200000000000C000300C64742049FAC80038200000000260326063141010400000000140400000001150400000002160400000000170200002A02000030014D310113F07E
2026-03-26 06:32:13 - msg_id_0200 ==> 7E020000426600000000021E3D00000000000C000300C64741049FAC80038200000000260326063212010400000000140400000001150400000002160400000000170200002A02000030014D310114AB7E
2026-03-26 06:32:44 - msg_id_0200 ==> 7E020000426600000000021E4800000000000C000300C64742049FAC80038200000000260326063243010400000000140400000001150400000002160400000000170200002A02000030014D3101158D7E
2026-03-26 06:33:15 - msg_id_0200 ==> 7E020000426600000000021E5300000000000C000300C64744049FAC90038200000000260326063314010400000000140400000001150400000002160400000000170200002A02000030014D310113D07E
2026-03-26 06:33:46 - msg_id_0200 ==> 7E020000426600000000021E5E00000000000C000300C64748049FAC98038200000000260326063345010400000000140400000001150400000002160400000000170200002A02000030014D3101148F7E
2026-03-26 06:34:17 - msg_id_0200 ==> 7E020000426600000000021E6900000000000C000300C64748049FAC98038200000000260326063416010400000000140400000001150400000002160400000000170200002A02000030014D310110E87E
2026-03-26 06:34:48 - msg_id_0200 ==> 7E020000426600000000021E7400000000000C000300C64749049FAC98038200000000260326063447010400000000140400000001150400000002160400000000170200002A02000030014D310112A77E
2026-03-26 06:35:19 - msg_id_0200 ==> 7E020000426600000000021E7F00000100000C000300C64749049FAC98038200000000260326063518010400000000140400000001150400000002160400000000170200002A02000030014D310113F27E
2026-03-26 06:35:24 - msg_id_0200 ==> 7E020000426600000000021E8200000000000C000300C6474A049FAC98038200000000260326063523010400000000140400000001150400000002160400000000170200002A02000030014D310113367E
2026-03-26 06:35:55 - msg_id_0200 ==> 7E020000426600000000021E8D00000000000C000300C6474F049FAC98038200000000260326063554010400000000140400000001150400000002160400000000170200002A02000030014D310111497E
2026-03-26 06:36:26 - msg_id_0200 ==> 7E020000426600000000021E9800000000000C000300C64751049FAC98038200000000260326063625010400000000140400000001150400000002160400000000170200002A02000030014D310110317E
2026-03-26 06:36:57 - msg_id_0200 ==> 7E020000426600000000021EA300000000000C000300C64752049FACA0038100000000260326063656010400000000140400000001150400000002160400000000170200002A02000030014D310112437E
2026-03-26 06:37:28 - msg_id_0200 ==> 7E020000426600000000021EAE00000000000C000300C64751049FAC98038100000000260326063727010400000000140400000001150400000002160400000000170200002A02000030014D310112057E
2026-03-26 06:37:59 - msg_id_0200 ==> 7E020000426600000000021EB900000000000C000300C64752049FACA0038200000000260326063758010400000000140400000001150400000002160400000000170200002A02000030014D310111567E
2026-03-26 06:38:30 - msg_id_0200 ==> 7E020000426600000000021EC400000000000C000300C6474F049FACA0038200000000260326063829010400000000140400000001150400000002160400000000170200002A02000030014D310111487E
2026-03-26 06:39:01 - msg_id_0200 ==> 7E020000426600000000021ECF00000000000C000300C6474D049FACA0038200000000260326063900010400000000140400000001150400000002160400000000170200002A02000030014D310110687E
2026-03-26 06:39:32 - msg_id_0200 ==> 7E020000426600000000021EDA00000000000C000300C6474D049FACA8038200000000260326063931010400000000140400000001150400000002160400000000170200002A02000030014D310111457E
2026-03-26 06:40:03 - msg_id_0200 ==> 7E020000426600000000021EE500000000000C000300C6474D049FACA8038200000000260326064002010400000000140400000001150400000002160400000000170200002A02000030014D310112337E
2026-03-26 06:40:34 - msg_id_0200 ==> 7E020000426600000000021EF000000000000C000300C6474E049FACA8038200000000260326064033010400000000140400000001150400000002160400000000170200002A02000030014D310112147E
2026-03-26 06:41:05 - msg_id_0200 ==> 7E020000426600000000021EFB00000000000C000300C6474F049FACA8038200000000260326064104010400000000140400000001150400000002160400000000170200002A02000030014D3101102A7E
2026-03-26 06:41:36 - msg_id_0200 ==> 7E020000426600000000021F0600000000000C000300C6474E049FACA8038200000000260326064135010400000000140400000001150400000002160400000000170200002A02000030014D310111E77E
2026-03-26 06:42:07 - msg_id_0200 ==> 7E020000426600000000021F1100000000000C000300C6474D049FACA8038200000000260326064206010400000000140400000001150400000002160400000000170200002A02000030014D310111C37E
2026-03-26 06:42:38 - msg_id_0200 ==> 7E020000426600000000021F1C00000000000C000300C6474D049FACA8038200000000260326064237010400000000140400000001150400000002160400000000170200002A02000030014D310112FC7E
2026-03-26 06:43:09 - msg_id_0200 ==> 7E020000426600000000021F2700000000000C000300C64755049FACA8038200000000260326064308010400000000140400000001150400000002160400000000170200002A02000030014D310111E27E
2026-03-26 06:43:40 - msg_id_0200 ==> 7E020000426600000000021F3200000000000C000300C6475E049FACA0038200000000260326064339010400000000140400000001150400000002160400000000170200002A02000030014D310111C57E
2026-03-26 06:44:11 - msg_id_0200 ==> 7E020000426600000000021F3D00000000000C000300C6475A049FACA0038300000000260326064410010400000000140400000001150400000002160400000000170200002A02000030014D310111E17E
2026-03-26 06:44:42 - msg_id_0200 ==> 7E020000426600000000021F4800000000000C000300C6475A049FACA0038200000000260326064441010400000000140400000001150400000002160400000000170200002A02000030014D310111C47E
2026-03-26 06:45:13 - msg_id_0200 ==> 7E020000426600000000021F5300000000000C000300C64758049FACA8038200000000260326064512010400000000140400000001150400000002160400000000170200002A02000030014D310111877E
2026-03-26 06:45:44 - msg_id_0200 ==> 7E020000426600000000021F5E00000000000C000300C64757049FACA0038200000000260326064543010400000000140400000001150400000002160400000000170200002A02000030014D310111DC7E
2026-03-26 06:46:15 - msg_id_0200 ==> 7E020000426600000000021F6900000000000C000300C64754049FACA0038200000000260326064614010400000000140400000001150400000002160400000000170200002A02000030014D31010FA27E
2026-03-26 06:46:46 - msg_id_0200 ==> 7E020000426600000000021F7400000000000C000300C64753049FACA0038200000000260326064645010400000000140400000001150400000002160400000000170200002A02000030014D31010FE97E
2026-03-26 06:47:16 - msg_id_0200 ==> 7E020000426600000000021F7F00000100000C000300C64754049FACA8038200000000260326064715010400000000140400000001150400000002160400000000170200002A02000030014D31010FBD7E
2026-03-26 06:47:21 - msg_id_0200 ==> 7E020000426600000000021F8200000000000C000300C64755049FACA8038200000000260326064720010400000000140400000001150400000002160400000000170200002A02000030014D3101116B7E
2026-03-26 06:47:52 - msg_id_0200 ==> 7E020000426600000000021F8D00000000000C000300C64753049FACA0038300000000260326064751010400000000140400000001150400000002160400000000170200002A02000030014D31010F047E
2026-03-26 06:48:23 - msg_id_0200 ==> 7E020000426600000000021F9800000000000C000300C64751049FACA0038300000000260326064822010400000000140400000001150400000002160400000000170200002A02000030014D310111717E
2026-03-26 06:48:54 - msg_id_0200 ==> 7E020000426600000000021FA300000000000C000300C64750049FACA0038300000000260326064853010400000000140400000001150400000002160400000000170200002A02000030014D3101103B7E
2026-03-26 06:49:25 - msg_id_0200 ==> 7E020000426600000000021FAE00000000000C000300C64750049FACA0038300000000260326064924010400000000140400000001150400000002160400000000170200002A02000030014D310111417E
2026-03-26 06:49:56 - msg_id_0200 ==> 7E020000426600000000021FB900000000000C000300C6474F049FAC98038300000000260326064955010400000000140400000001150400000002160400000000170200002A02000030014D310110017E
2026-03-26 06:50:27 - msg_id_0200 ==> 7E020000426600000000021FC400000000000C000300C6474F049FAC98038300000000260326065026010400000000140400000001150400000002160400000000170200002A02000030014D310110167E
2026-03-26 06:50:58 - msg_id_0200 ==> 7E020000426600000000021FCF00000000000C000300C6474E049FACA0038300000000260326065057010400000000140400000001150400000002160400000000170200002A02000030014D310110557E
2026-03-26 06:51:29 - msg_id_0200 ==> 7E020000426600000000021FDA00000000000C000300C6474F049FACA0038300000000260326065128010400000000140400000001150400000002160400000000170200002A02000030014D3101113E7E
2026-03-26 06:52:00 - msg_id_0200 ==> 7E020000426600000000021FE500000000000C000300C6474E049FAC98038300000000260326065159010400000000140400000001150400000002160400000000170200002A02000030014D3101124A7E
2026-03-26 06:52:31 - msg_id_0200 ==> 7E020000426600000000021FF000000000000C000300C6474E049FAC98038300000000260326065230010400000000140400000001150400000002160400000000170200002A02000030014D310111367E
2026-03-26 06:53:02 - msg_id_0200 ==> 7E020000426600000000021FFB00000000000C000300C6474D049FAC98038300000000260326065301010400000000140400000001150400000002160400000000170200002A02000030014D3101130C7E
2026-03-26 06:53:33 - msg_id_0200 ==> 7E02000042660000000002200600000000000C000300C6474E049FAC90038400000000260326065332010400000000140400000001150400000002160400000000170200002A02000030014D310112F07E
2026-03-26 06:54:04 - msg_id_0200 ==> 7E02000042660000000002201100000000000C000300C6474D049FAC90038400000000260326065403010400000000140400000001150400000002160400000000170200002A02000030014D310114D47E
2026-03-26 06:54:35 - msg_id_0200 ==> 7E02000042660000000002201C00000000000C000300C6474D049FAC88038400000000260326065434010400000000140400000001150400000002160400000000170200002A02000030014D310112F07E
2026-03-26 06:55:06 - msg_id_0200 ==> 7E02000042660000000002202700000000000C000300C6474D049FAC80038400000000260326065505010400000000140400000001150400000002160400000000170200002A02000030014D310114F57E
2026-03-26 06:55:37 - msg_id_0200 ==> 7E02000042660000000002203200000000000C000300C64755049FAC80038400000000260326065536010400000000140400000001150400000002160400000000170200002A02000030014D310115CA7E
2026-03-26 06:56:08 - msg_id_0200 ==> 7E02000042660000000002203D00000000000C000300C64755049FAC68038400000000260326065607010400000000140400000001150400000002160400000000170200002A02000030014D3101151F7E
2026-03-26 06:56:39 - msg_id_0200 ==> 7E02000042660000000002204800000000000C000300C64757049FAC60038400000000260326065638010400000000140400000001150400000002160400000000170200002A02000030014D310113597E
2026-03-26 06:57:10 - msg_id_0200 ==> 7E02000042660000000002205300000000000C000300C6475A049FAC60038400000000260326065709010400000000140400000001150400000002160400000000170200002A02000030014D310115797E
2026-03-26 06:57:41 - msg_id_0200 ==> 7E02000042660000000002205E00000000000C000300C64754049FAC58038400000000260326065740010400000000140400000001150400000002160400000000170200002A02000030014D3101140A7E
2026-03-26 06:58:12 - msg_id_0200 ==> 7E02000042660000000002206900000000000C000300C64750049FAC58038400000000260326065811010400000000140400000001150400000002160400000000170200002A02000030014D310114677E
2026-03-26 06:58:43 - msg_id_0200 ==> 7E02000042660000000002207400000000000C000300C64743049FAC58038400000000260326065842010400000000140400000001150400000002160400000000170200002A02000030014D3101143A7E
2026-03-26 06:59:14 - msg_id_0200 ==> 7E02000042660000000002207F00000100000C000300C64741049FAC58038300000000260326065913010400000000140400000001150400000002160400000000170200002A02000030014D310116677E
2026-03-26 06:59:19 - msg_id_0200 ==> 7E02000042660000000002208200000000000C000300C64741049FAC58038300000000260326065918010400000000140400000001150400000002160400000000170200002A02000030014D310116907E
2026-03-26 06:59:50 - msg_id_0200 ==> 7E02000042660000000002208D00000000000C000300C6473D049FAC58038300000000260326065949010400000000140400000001150400000002160400000000170200002A02000030014D310114B07E
2026-03-26 07:00:21 - msg_id_0200 ==> 7E02000042660000000002209800000000000C000300C6473D049FAC58038300000000260326070020010400000000140400000001150400000002160400000000170200002A02000030014D310114947E
2026-03-26 07:00:52 - msg_id_0200 ==> 7E0200004266000000000220A300000000000C000300C6473E049FAC58038300000000260326070051010400000000140400000001150400000002160400000000170200002A02000030014D310113DA7E
2026-03-26 07:01:23 - msg_id_0200 ==> 7E0200004266000000000220AE00000000000C000300C6473D049FAC58038300000000260326070122010400000000140400000001150400000002160400000000170200002A02000030014D310111A47E
2026-03-26 07:01:54 - msg_id_0200 ==> 7E0200004266000000000220B900000000000C000300C6473E049FAC58038200000000260326070153010400000000140400000001150400000002160400000000170200002A02000030014D310114C57E
2026-03-26 07:02:25 - msg_id_0200 ==> 7E0200004266000000000220C400000000000C000300C6473D049FAC58038200000000260326070224010400000000140400000001150400000002160400000000170200002A02000030014D310113C87E
2026-03-26 07:02:56 - msg_id_0200 ==> 7E0200004266000000000220CF00000000000C000300C6473A049FAC58038200000000260326070255010400000000140400000001150400000002160400000000170200002A02000030014D310113B57E
2026-03-26 07:03:27 - msg_id_0200 ==> 7E0200004266000000000220DA00000000000C000300C6473C049FAC58038200000000260326070326010400000000140400000001150400000002160400000000170200002A02000030014D310111D67E
2026-03-26 07:03:58 - msg_id_0200 ==> 7E0200004266000000000220E500000000000C000300C6473B049FAC58038200000000260326070357010400000000140400000001150400000002160400000000170200002A02000030014D3101129C7E
2026-03-26 07:04:29 - msg_id_0200 ==> 7E0200004266000000000220F000000000000C000300C6473C049FAC58038200000000260326070428010400000000140400000001150400000002160400000000170200002A02000030014D310110F47E
2026-03-26 07:04:59 - msg_id_0200 ==> 7E0200004266000000000220FB00000000000C000300C6473E049FAC58038200000000260326070459010400000000140400000001150400000002160400000000170200002A02000030014D3101128E7E
2026-03-26 07:05:31 - msg_id_0200 ==> 7E02000042660000000002210600000000000C000300C64740049FAC50038200000000260326070530010400000000140400000001150400000002160400000000170200002A02000030014D3101146A7E
2026-03-26 07:06:02 - msg_id_0200 ==> 7E02000042660000000002211100000000000C000300C64741049FAC50038200000000260326070601010400000000140400000001150400000002160400000000170200002A02000030014D310112487E
2026-03-26 07:06:32 - msg_id_0200 ==> 7E02000042660000000002211C00000000000C000300C64742049FAC50038200000000260326070632010400000000140400000001150400000002160400000000170200002A02000030014D310112757E
2026-03-26 07:07:04 - msg_id_0200 ==> 7E02000042660000000002212700000000000C000300C64744049FAC50038200000000260326070703010400000000140400000001150400000002160400000000170200002A02000030014D3101117B7E
2026-03-26 07:07:35 - msg_id_0200 ==> 7E02000042660000000002213200000000000C000300C64746049FAC50038200000000260326070734010400000000140400000001150400000002160400000000170200002A02000030014D3101115B7E
2026-03-26 07:08:06 - msg_id_0200 ==> 7E02000042660000000002213D00000000000C000300C64748049FAC50038200000000260326070805010400000000140400000001150400000002160400000000170200002A02000030014D310113667E
2026-03-26 07:08:37 - msg_id_0200 ==> 7E02000042660000000002214800000000000C000300C6474B049FAC50038200000000260326070836010400000000140400000001150400000002160400000000170200002A02000030014D310113237E
2026-03-26 07:09:08 - msg_id_0200 ==> 7E02000042660000000002215300000000000C000300C6474B049FAC58038200000000260326070907010400000000140400000001150400000002160400000000170200002A02000030014D310114077E
2026-03-26 07:09:39 - msg_id_0200 ==> 7E02000042660000000002215E00000000000C000300C6474B049FAC58038200000000260326070938010400000000140400000001150400000002160400000000170200002A02000030014D310113327E
2026-03-26 07:10:10 - msg_id_0200 ==> 7E02000042660000000002216900000000000C000300C6474C049FAC58038200000000260326071009010400000000140400000001150400000002160400000000170200002A02000030014D3101142D7E
2026-03-26 07:10:41 - msg_id_0200 ==> 7E02000042660000000002217400000000000C000300C6474D049FAC58038200000000260326071040010400000000140400000001150400000002160400000000170200002A02000030014D310114787E
2026-03-26 07:11:12 - msg_id_0200 ==> 7E02000042660000000002217F00000100000C000300C6474E049FAC58038200000000260326071111010400000000140400000001150400000002160400000000170200002A02000030014D310115207E
2026-03-26 07:11:17 - msg_id_0200 ==> 7E02000042660000000002218200000000000C000300C6474E049FAC58038200000000260326071116010400000000140400000001150400000002160400000000170200002A02000030014D310115DB7E
2026-03-26 07:11:48 - msg_id_0200 ==> 7E02000042660000000002218D00000000000C000300C64751049FAC58038200000000260326071147010400000000140400000001150400000002160400000000170200002A02000030014D3101149B7E
2026-03-26 07:12:19 - msg_id_0200 ==> 7E02000042660000000002219800000000000C000300C64751049FAC58038200000000260326071218010400000000140400000001150400000002160400000000170200002A02000030014D310113D57E
2026-03-26 07:12:50 - msg_id_0200 ==> 7E0200004266000000000221A300000000000C000300C64753049FAC58038200000000260326071249010400000000140400000001150400000002160400000000170200002A02000030014D310111BF7E
2026-03-26 07:13:21 - msg_id_0200 ==> 7E0200004266000000000221AE00000000000C000300C64753049FAC58038200000000260326071320010400000000140400000001150400000002160400000000170200002A02000030014D310113D87E
2026-03-26 07:13:52 - msg_id_0200 ==> 7E0200004266000000000221B900000000000C000300C64755049FAC58038200000000260326071351010400000000140400000001150400000002160400000000170200002A02000030014D310111BA7E
2026-03-26 07:14:23 - msg_id_0200 ==> 7E0200004266000000000221C400000000000C000300C64756049FAC60038200000000260326071422010400000000140400000001150400000002160400000000170200002A02000030014D3101158C7E
2026-03-26 07:14:54 - msg_id_0200 ==> 7E0200004266000000000221CF00000000000C000300C64754049FAC60038200000000260326071453010400000000140400000001150400000002160400000000170200002A02000030014D310114F57E
2026-03-26 07:15:25 - msg_id_0200 ==> 7E0200004266000000000221DA00000000000C000300C64753049FAC58038200000000260326071524010400000000140400000001150400000002160400000000170200002A02000030014D310112AF7E
2026-03-26 07:15:56 - msg_id_0200 ==> 7E0200004266000000000221E500000000000C000300C64752049FAC60038200000000260326071555010400000000140400000001150400000002160400000000170200002A02000030014D310113D97E
2026-03-26 07:16:27 - msg_id_0200 ==> 7E0200004266000000000221F000000000000C000300C64753049FAC58038200000000260326071626010400000000140400000001150400000002160400000000170200002A02000030014D310112847E
2026-03-26 07:16:58 - msg_id_0200 ==> 7E0200004266000000000221FB00000000000C000300C64753049FAC60038200000000260326071657010400000000140400000001150400000002160400000000170200002A02000030014D310112C67E
2026-03-26 07:17:29 - msg_id_0200 ==> 7E02000042660000000002220600000000000C000300C64753049FAC60038300000000260326071728010400000000140400000001150400000002160400000000170200002A02000030014D310111447E
2026-03-26 07:18:00 - msg_id_0200 ==> 7E02000042660000000002221100000000000C000300C64755049FAC60038300000000260326071759010400000000140400000001150400000002160400000000170200002A02000030014D310110257E
2026-03-26 07:18:31 - msg_id_0200 ==> 7E02000042660000000002221C00000000000C000300C64756049FAC60038300000000260326071830010400000000140400000001150400000002160400000000170200002A02000030014D3101114C7E
2026-03-26 07:19:02 - msg_id_0200 ==> 7E02000042660000000002222700000000000C000300C64756049FAC60038300000000260326071901010400000000140400000001150400000002160400000000170200002A02000030014D310110467E
2026-03-26 07:19:33 - msg_id_0200 ==> 7E02000042660000000002223200000000000C000300C64756049FAC68038300000000260326071932010400000000140400000001150400000002160400000000170200002A02000030014D310111697E
2026-03-26 07:20:04 - msg_id_0200 ==> 7E02000042660000000002223D00000000000C000300C64756049FAC68038300000000260326072003010400000000140400000001150400000002160400000000170200002A02000030014D3101116E7E
2026-03-26 07:20:35 - msg_id_0200 ==> 7E02000042660000000002224800000000000C000300C64750049FAC68038300000000260326072034010400000000140400000001150400000002160400000000170200002A02000030014D310112297E
2026-03-26 07:21:06 - msg_id_0200 ==> 7E02000042660000000002225300000000000C000300C64752049FAC68038300000000260326072105010400000000140400000001150400000002160400000000170200002A02000030014D310112007E
2026-03-26 07:21:37 - msg_id_0200 ==> 7E02000042660000000002225E00000000000C000300C64755049FAC68038300000000260326072136010400000000140400000001150400000002160400000000170200002A02000030014D310112397E
2026-03-26 07:22:08 - msg_id_0200 ==> 7E02000042660000000002226900000000000C000300C64754049FAC68038300000000260326072207010400000000140400000001150400000002160400000000170200002A02000030014D3101123D7E
2026-03-26 07:22:39 - msg_id_0200 ==> 7E02000042660000000002227400000000000C000300C64755049FAC70038300000000260326072238010400000000140400000001150400000002160400000000170200002A02000030014D310112067E
2026-03-26 07:23:09 - msg_id_0200 ==> 7E02000042660000000002227F00000100000C000300C64756049FAC70038300000000260326072308010400000000140400000001150400000002160400000000170200002A02000030014D310114387E
2026-03-26 07:23:14 - msg_id_0200 ==> 7E02000042660000000002228200000000000C000300C64756049FAC70038300000000260326072313010400000000140400000001150400000002160400000000170200002A02000030014D310114DF7E
2026-03-26 07:23:45 - msg_id_0200 ==> 7E02000042660000000002228D00000000000C000300C64756049FAC70038300000000260326072344010400000000140400000001150400000002160400000000170200002A02000030014D310114877E
2026-03-26 07:24:16 - msg_id_0200 ==> 7E02000042660000000002229800000000000C000300C64755049FAC70038300000000260326072415010400000000140400000001150400000002160400000000170200002A02000030014D310113C07E
2026-03-26 07:24:47 - msg_id_0200 ==> 7E0200004266000000000222A300000000000C000300C64756049FAC70038300000000260326072446010400000000140400000001150400000002160400000000170200002A02000030014D310112AA7E
2026-03-26 07:25:18 - msg_id_0200 ==> 7E0200004266000000000222AE00000000000C000300C64756049FAC70038300000000260326072517010400000000140400000001150400000002160400000000170200002A02000030014D310112F77E
2026-03-26 07:25:49 - msg_id_0200 ==> 7E0200004266000000000222B900000000000C000300C64756049FAC70038400000000260326072548010400000000140400000001150400000002160400000000170200002A02000030014D310112B87E
2026-03-26 07:26:20 - msg_id_0200 ==> 7E0200004266000000000222C400000000000C000300C64757049FAC78038400000000260326072619010400000000140400000001150400000002160400000000170200002A02000030014D3101139F7E
2026-03-26 07:26:51 - msg_id_0200 ==> 7E0200004266000000000222CF00000000000C000300C64756049FAC78038400000000260326072650010400000000140400000001150400000002160400000000170200002A02000030014D310114DB7E
2026-03-26 07:27:22 - msg_id_0200 ==> 7E0200004266000000000222DA00000000000C000300C64756049FAC78038400000000260326072721010400000000140400000001150400000002160400000000170200002A02000030014D310112B87E
2026-03-26 07:27:53 - msg_id_0200 ==> 7E0200004266000000000222E500000000000C000300C64756049FAC78038400000000260326072752010400000000140400000001150400000002160400000000170200002A02000030014D310112F47E
2026-03-26 07:28:24 - msg_id_0200 ==> 7E0200004266000000000222F000000000000C000300C64757049FAC80038400000000260326072823010400000000140400000001150400000002160400000000170200002A02000030014D310112667E
2026-03-26 07:28:54 - msg_id_0200 ==> 7E0200004266000000000222FB00000000000C000300C64758049FAC80038400000000260326072854010400000000140400000001150400000002160400000000170200002A02000030014D310113147E
2026-03-26 07:29:26 - msg_id_0200 ==> 7E02000042660000000002230600000000000C000300C64758049FAC88038400000000260326072925010400000000140400000001150400000002160400000000170200002A02000030014D310113907E
2026-03-26 07:29:57 - msg_id_0200 ==> 7E02000042660000000002231100000000000C000300C64757049FAC88038400000000260326072956010400000000140400000001150400000002160400000000170200002A02000030014D310114FC7E
2026-03-26 07:30:28 - msg_id_0200 ==> 7E02000042660000000002231C00000000000C000300C64756049FAC88038500000000260326073027010400000000140400000001150400000002160400000000170200002A02000030014D3101119C7E
2026-03-26 07:30:59 - msg_id_0200 ==> 7E02000042660000000002232700000000000C000300C64756049FAC90038500000000260326073058010400000000140400000001150400000002160400000000170200002A02000030014D310112C37E
2026-03-26 07:31:30 - msg_id_0200 ==> 7E02000042660000000002233200000000000C000300C64755049FAC90038500000000260326073129010400000000140400000001150400000002160400000000170200002A02000030014D310113A47E
2026-03-26 07:32:01 - msg_id_0200 ==> 7E02000042660000000002233D00000000000C000300C64756049FAC90038500000000260326073200010400000000140400000001150400000002160400000000170200002A02000030014D310114857E
2026-03-26 07:32:32 - msg_id_0200 ==> 7E02000042660000000002234800000000000C000300C64758049FAC90038500000000260326073231010400000000140400000001150400000002160400000000170200002A02000030014D310114CF7E
2026-03-26 07:33:03 - msg_id_0200 ==> 7E02000042660000000002235300000000000C000300C64758049FAC90038500000000260326073302010400000000140400000001150400000002160400000000170200002A02000030014D310114E67E
2026-03-26 07:33:34 - msg_id_0200 ==> 7E02000042660000000002235E00000000000C000300C64756049FAC88038500000000260326073333010400000000140400000001150400000002160400000000170200002A02000030014D310111C97E
2026-03-26 07:34:05 - msg_id_0200 ==> 7E02000042660000000002236900000000000C000300C64755049FAC88038500000000260326073404010400000000140400000001150400000002160400000000170200002A02000030014D310110CC7E
2026-03-26 07:34:36 - msg_id_0200 ==> 7E02000042660000000002237400000000000C000300C64754049FAC88038500000000260326073435010400000000140400000001150400000002160400000000170200002A02000030014D310111E07E
2026-03-26 07:35:07 - msg_id_0200 ==> 7E02000042660000000002237F00000100000C000300C64751049FAC88038500000000260326073506010400000000140400000001150400000002160400000000170200002A02000030014D310112DE7E
2026-03-26 07:35:12 - msg_id_0200 ==> 7E02000042660000000002238200000000000C000300C64751049FAC88038500000000260326073511010400000000140400000001150400000002160400000000170200002A02000030014D310112357E
2026-03-26 07:35:43 - msg_id_0200 ==> 7E02000042660000000002238D00000000000C000300C64751049FAC88038500000000260326073542010400000000140400000001150400000002160400000000170200002A02000030014D3101116A7E
2026-03-26 07:36:14 - msg_id_0200 ==> 7E02000042660000000002239800000000000C000300C6474F049FAC88038500000000260326073613010400000000140400000001150400000002160400000000170200002A02000030014D310112307E
2026-03-26 07:36:45 - msg_id_0200 ==> 7E0200004266000000000223A300000000000C000300C6474D049FAC88038500000000260326073644010400000000140400000001150400000002160400000000170200002A02000030014D3101125E7E
2026-03-26 07:37:16 - msg_id_0200 ==> 7E0200004266000000000223AE00000000000C000300C6474D049FAC88038500000000260326073715010400000000140400000001150400000002160400000000170200002A02000030014D310112037E
2026-03-26 07:37:47 - msg_id_0200 ==> 7E0200004266000000000223B900000000000C000300C6474B049FAC88038500000000260326073746010400000000140400000001150400000002160400000000170200002A02000030014D310112417E
2026-03-26 07:38:18 - msg_id_0200 ==> 7E0200004266000000000223C400000000000C000300C6474A049FAC88038500000000260326073817010400000000140400000001150400000002160400000000170200002A02000030014D310111607E
2026-03-26 07:38:49 - msg_id_0200 ==> 7E0200004266000000000223CF00000000000C000300C64748049FAC88038500000000260326073848010400000000140400000001150400000002160400000000170200002A02000030014D310110377E
2026-03-26 07:39:20 - msg_id_0200 ==> 7E0200004266000000000223DA00000000000C000300C64744049FAC88038500000000260326073919010400000000140400000001150400000002160400000000170200002A02000030014D31010F617E
2026-03-26 07:39:51 - msg_id_0200 ==> 7E0200004266000000000223E500000000000C000300C64742049FAC88038500000000260326073950010400000000140400000001150400000002160400000000170200002A02000030014D31010F117E
2026-03-26 07:40:21 - msg_id_0200 ==> 7E0200004266000000000223F000000000000C000300C64742049FAC88038500000000260326074021010400000000140400000001150400000002160400000000170200002A02000030014D310110137E
2026-03-26 07:40:53 - msg_id_0200 ==> 7E0200004266000000000223FB00000000000C000300C64742049FAC88038500000000260326074052010400000000140400000001150400000002160400000000170200002A02000030014D3101106B7E
2026-03-26 07:41:24 - msg_id_0200 ==> 7E02000042660000000002240600000000000C000300C64743049FAC88038500000000260326074123010400000000140400000001150400000002160400000000170200002A02000030014D310111E17E
2026-03-26 07:41:54 - msg_id_0200 ==> 7E02000042660000000002241100000000000C000300C64742049FAC88038500000000260326074154010400000000140400000001150400000002160400000000170200002A02000030014D310112837E
2026-03-26 07:42:26 - msg_id_0200 ==> 7E02000042660000000002241C00000000000C000300C64742049FAC88038500000000260326074225010400000000140400000001150400000002160400000000170200002A02000030014D310113FD7E
2026-03-26 07:42:57 - msg_id_0200 ==> 7E02000042660000000002242700000000000C000300C64741049FAC88038500000000260326074256010400000000140400000001150400000002160400000000170200002A02000030014D310113B67E
2026-03-26 07:43:28 - msg_id_0200 ==> 7E02000042660000000002243200000000000C000300C64742049FAC80038600000000260326074327010400000000140400000001150400000002160400000000170200002A02000030014D310113DB7E
2026-03-26 07:43:59 - msg_id_0200 ==> 7E02000042660000000002243D00000000000C000300C64746049FAC80038600000000260326074358010400000000140400000001150400000002160400000000170200002A02000030014D310115A97E
2026-03-26 07:44:30 - msg_id_0200 ==> 7E02000042660000000002244800000000000C000300C64748049FAC78038600000000260326074429010400000000140400000001150400000002160400000000170200002A02000030014D3101145D7E
2026-03-26 07:45:00 - msg_id_0200 ==> 7E02000042660000000002245300000000000C000300C64746049FAC78038600000000260326074500010400000000140400000001150400000002160400000000170200002A02000030014D310114607E
2026-03-26 07:45:32 - msg_id_0200 ==> 7E02000042660000000002245E00000000000C000300C64748049FAC70038600000000260326074531010400000000140400000001150400000002160400000000170200002A02000030014D3101135D7E
2026-03-26 07:46:03 - msg_id_0200 ==> 7E02000042660000000002246900000000000C000300C64749049FAC70038600000000260326074602010400000000140400000001150400000002160400000000170200002A02000030014D3101145C7E
2026-03-26 07:46:34 - msg_id_0200 ==> 7E02000042660000000002247400000000000C000300C64749049FAC70038600000000260326074633010400000000140400000001150400000002160400000000170200002A02000030014D310114707E
2026-03-26 07:47:04 - msg_id_0200 ==> 7E02000042660000000002247F00000100000C000300C64749049FAC70038600000000260326074703010400000000140400000001150400000002160400000000170200002A02000030014D3101144B7E
2026-03-26 07:47:09 - msg_id_0200 ==> 7E02000042660000000002248200000000000C000300C64749049FAC70038600000000260326074708010400000000140400000001150400000002160400000000170200002A02000030014D310114BC7E
2026-03-26 07:47:40 - msg_id_0200 ==> 7E02000042660000000002248D00000000000C000300C6474B049FAC70038600000000260326074739010400000000140400000001150400000002160400000000170200002A02000030014D310115817E
2026-03-26 07:48:11 - msg_id_0200 ==> 7E02000042660000000002249800000000000C000300C6474E049FAC70038700000000260326074810010400000000140400000001150400000002160400000000170200002A02000030014D310114B77E
2026-03-26 07:48:42 - msg_id_0200 ==> 7E0200004266000000000224A300000000000C000300C6474E049FAC70038700000000260326074841010400000000140400000001150400000002160400000000170200002A02000030014D310113DA7E
2026-03-26 07:49:13 - msg_id_0200 ==> 7E0200004266000000000224AE00000000000C000300C6474D049FAC70038700000000260326074912010400000000140400000001150400000002160400000000170200002A02000030014D310114817E
2026-03-26 07:49:44 - msg_id_0200 ==> 7E0200004266000000000224B900000000000C000300C6474C049FAC68038700000000260326074943010400000000140400000001150400000002160400000000170200002A02000030014D310112D87E
2026-03-26 07:50:15 - msg_id_0200 ==> 7E0200004266000000000224C400000000000C000300C6474C049FAC68038700000000260326075014010400000000140400000001150400000002160400000000170200002A02000030014D310114ED7E
2026-03-26 07:50:46 - msg_id_0200 ==> 7E0200004266000000000224CF00000000000C000300C6474C049FAC68038700000000260326075045010400000000140400000001150400000002160400000000170200002A02000030014D310115B67E
2026-03-26 07:51:17 - msg_id_0200 ==> 7E0200004266000000000224DA00000000000C000300C6474B049FAC68038700000000260326075116010400000000140400000001150400000002160400000000170200002A02000030014D310114F77E
2026-03-26 07:51:48 - msg_id_0200 ==> 7E0200004266000000000224E500000000000C000300C64747049FAC68038700000000260326075147010400000000140400000001150400000002160400000000170200002A02000030014D310114957E
2026-03-26 07:52:19 - msg_id_0200 ==> 7E0200004266000000000224F000000000000C000300C64746049FAC70038700000000260326075218010400000000140400000001150400000002160400000000170200002A02000030014D310114C57E
2026-03-26 07:52:50 - msg_id_0200 ==> 7E0200004266000000000224FB00000000000C000300C64744049FAC70038700000000260326075249010400000000140400000001150400000002160400000000170200002A02000030014D3101139A7E
2026-03-26 07:53:21 - msg_id_0200 ==> 7E02000042660000000002250600000000000C000300C64743049FAC70038700000000260326075320010400000000140400000001150400000002160400000000170200002A02000030014D310112087E
2026-03-26 07:53:52 - msg_id_0200 ==> 7E02000042660000000002251100000000000C000300C64743049FAC70038700000000260326075351010400000000140400000001150400000002160400000000170200002A02000030014D3101136F7E
2026-03-26 07:54:23 - msg_id_0200 ==> 7E02000042660000000002251C00000000000C000300C64743049FAC70038700000000260326075422010400000000140400000001150400000002160400000000170200002A02000030014D310112177E
2026-03-26 07:54:54 - msg_id_0200 ==> 7E02000042660000000002252700000000000C000300C64741049FAC70038700000000260326075453010400000000140400000001150400000002160400000000170200002A02000030014D3101125F7E
2026-03-26 07:55:25 - msg_id_0200 ==> 7E02000042660000000002253200000000000C000300C64740049FAC70038700000000260326075524010400000000140400000001150400000002160400000000170200002A02000030014D3101113E7E
2026-03-26 07:55:56 - msg_id_0200 ==> 7E02000042660000000002253D00000000000C000300C6473F049FAC70038700000000260326075555010400000000140400000001150400000002160400000000170200002A02000030014D3101123C7E
2026-03-26 07:56:27 - msg_id_0200 ==> 7E02000042660000000002254800000000000C000300C6473F049FAC78038700000000260326075626010400000000140400000001150400000002160400000000170200002A02000030014D310114377E
2026-03-26 07:56:58 - msg_id_0200 ==> 7E02000042660000000002255300000000000C000300C6473E049FAC78038700000000260326075657010400000000140400000001150400000002160400000000170200002A02000030014D3101135B7E
2026-03-26 07:57:29 - msg_id_0200 ==> 7E02000042660000000002255E00000000000C000300C6473C049FAC78038700000000260326075728010400000000140400000001150400000002160400000000170200002A02000030014D3101142D7E
2026-03-26 07:58:00 - msg_id_0200 ==> 7E02000042660000000002256900000000000C000300C6473B049FAC78038700000000260326075759010400000000140400000001150400000002160400000000170200002A02000030014D3101136B7E
2026-03-26 07:58:31 - msg_id_0200 ==> 7E02000042660000000002257400000000000C000300C6473B049FAC78038700000000260326075830010400000000140400000001150400000002160400000000170200002A02000030014D310114177E
2026-03-26 07:59:02 - msg_id_0200 ==> 7E02000042660000000002257F00000100000C000300C6473A049FAC70038700000000260326075901010400000000140400000001150400000002160400000000170200002A02000030014D310113237E
2026-03-26 07:59:07 - msg_id_0200 ==> 7E02000042660000000002258200000000000C000300C6473A049FAC70038700000000260326075906010400000000140400000001150400000002160400000000170200002A02000030014D310113D87E
2026-03-26 07:59:38 - msg_id_0200 ==> 7E02000042660000000002258D00000000000C000300C64739049FAC70038700000000260326075937010400000000140400000001150400000002160400000000170200002A02000030014D310114E27E
2026-03-26 08:00:09 - msg_id_0200 ==> 7E02000042660000000002259800000000000C000300C64738049FAC70038700000000260326080008010400000000140400000001150400000002160400000000170200002A02000030014D310112997E
2026-03-26 08:00:40 - msg_id_0200 ==> 7E0200004266000000000225A300000000000C000300C64739049FAC70038700000000260326080039010400000000140400000001150400000002160400000000170200002A02000030014D310113937E
2026-03-26 08:01:11 - msg_id_0200 ==> 7E0200004266000000000225AE00000000000C000300C6473B049FAC70038700000000260326080110010400000000140400000001150400000002160400000000170200002A02000030014D310111B67E
2026-03-26 08:01:42 - msg_id_0200 ==> 7E0200004266000000000225B900000000000C000300C6473A049FAC70038700000000260326080141010400000000140400000001150400000002160400000000170200002A02000030014D310114F47E
2026-03-26 08:02:13 - msg_id_0200 ==> 7E0200004266000000000225C400000000000C000300C6473B049FAC68038700000000260326080212010400000000140400000001150400000002160400000000170200002A02000030014D310114C07E
2026-03-26 08:02:44 - msg_id_0200 ==> 7E0200004266000000000225CF00000000000C000300C64739049FAC68038700000000260326080243010400000000140400000001150400000002160400000000170200002A020000300150310114857E
2026-03-26 08:03:15 - msg_id_0200 ==> 7E0200004266000000000225DA00000000000C000300C64738049FAC68038700000000260326080314010400000000140400000001150400000002160400000000170200002A020000300157310114C07E
2026-03-26 08:03:46 - msg_id_0200 ==> 7E0200004266000000000225E500000000000C000300C6472D049FAC68038700000000260326080345010400000000140400000001150400000002160400000000170200002A020000300157310114BB7E
2026-03-26 08:04:17 - msg_id_0200 ==> 7E0200004266000000000225F000000000000C000300C6472B049FAC68038700000000260326080416010400000000140400000001150400000002160400000000170200002A020000300157310114FC7E
2026-03-26 08:04:48 - msg_id_0200 ==> 7E0200004266000000000225FB00000000000C000300C6472B049FAC68038600000000260326080447010400000000140400000001150400000002160400000000170200002A020000300157310113A07E
2026-03-26 08:05:19 - msg_id_0200 ==> 7E02000042660000000002260600000000000C000300C6472A049FAC68038600000000260326080518010400000000140400000001150400000002160400000000170200002A020000300157310112007E
2026-03-26 08:05:50 - msg_id_0200 ==> 7E02000042660000000002261100000000000C000300C6472B049FAC68038600000000260326080549010400000000140400000001150400000002160400000000170200002A020000300157310111447E
2026-03-26 08:06:21 - msg_id_0200 ==> 7E02000042660000000002261C00000000000C000300C6472A049FAC68038600000000260326080620010400000000140400000001150400000002160400000000170200002A020000300157310113207E
2026-03-26 08:06:52 - msg_id_0200 ==> 7E02000042660000000002262700000000000C000300C64729049FAC70038600000000260326080651010400000000140400000001150400000002160400000000170200002A020000300153310112747E
2026-03-26 08:07:22 - msg_id_0200 ==> 7E02000042660000000002263200000000000C000300C64729049FAC70038600000000260326080722010400000000140400000001150400000002160400000000170200002A020000300153310112137E
2026-03-26 08:07:54 - msg_id_0200 ==> 7E02000042660000000002263D00000000000C000300C64729049FAC70038600000000260326080753010400000000140400000001150400000002160400000000170200002A0200003001533101156A7E
2026-03-26 08:08:25 - msg_id_0200 ==> 7E02000042660000000002264800000000000C000300C6472A049FAC70038600000000260326080824010400000000140400000001150400000002160400000000170200002A020000300153310114657E
2026-03-26 08:08:56 - msg_id_0200 ==> 7E02000042660000000002265300000000000C000300C6472C049FAC70038600000000260326080855010400000000140400000001150400000002160400000000170200002A0200003001533101130E7E
2026-03-26 08:09:27 - msg_id_0200 ==> 7E02000042660000000002265E00000000000C000300C6472D049FAC68038600000000260326080926010400000000140400000001150400000002160400000000170200002A0200003001533101146F7E
2026-03-26 08:09:58 - msg_id_0200 ==> 7E02000042660000000002266900000000000C000300C6472F049FAC68038600000000260326080957010400000000140400000001150400000002160400000000170200002A0200003001533101112E7E
2026-03-26 08:10:29 - msg_id_0200 ==> 7E02000042660000000002267400000000000C000300C6472F049FAC68038600000000260326081028010400000000140400000001150400000002160400000000170200002A020000300153310113577E
2026-03-26 08:10:59 - msg_id_0200 ==> 7E02000042660000000002267F00000100000C000300C64730049FAC70038600000000260326081058010400000000140400000001150400000002160400000000170200002A020000300153310111287E
2026-03-26 08:11:04 - msg_id_0200 ==> 7E02000042660000000002268200000000000C000300C64730049FAC70038600000000260326081103010400000000140400000001150400000002160400000000170200002A0200003001533101118E7E
2026-03-26 08:11:35 - msg_id_0200 ==> 7E02000042660000000002268D00000000000C000300C64730049FAC70038600000000260326081134010400000000140400000001150400000002160400000000170200002A020000300153310111B67E
2026-03-26 08:12:06 - msg_id_0200 ==> 7E02000042660000000002269800000000000C000300C64730049FAC68038500000000260326081205010400000000140400000001150400000002160400000000170200002A020000300153310113887E
2026-03-26 08:12:37 - msg_id_0200 ==> 7E0200004266000000000226A300000000000C000300C64731049FAC68038500000000260326081236010400000000140400000001150400000002160400000000170200002A020000300153310112807E
2026-03-26 08:13:08 - msg_id_0200 ==> 7E0200004266000000000226AE00000000000C000300C64733049FAC68038500000000260326081307010400000000140400000001150400000002160400000000170200002A020000300153310111BC7E
2026-03-26 08:13:39 - msg_id_0200 ==> 7E0200004266000000000226B900000000000C000300C64731049FAC68038500000000260326081338010400000000140400000001150400000002160400000000170200002A020000300153310112957E
2026-03-26 08:14:10 - msg_id_0200 ==> 7E0200004266000000000226C400000000000C000300C6472F049FAC68038400000000260326081409010400000000140400000001150400000002160400000000170200002A020000300153310112C17E
2026-03-26 08:14:41 - msg_id_0200 ==> 7E0200004266000000000226CF00000000000C000300C64730049FAC70038400000000260326081440010400000000140400000001150400000002160400000000170200002A020000300153310113857E
2026-03-26 08:15:12 - msg_id_0200 ==> 7E0200004266000000000226DA00000000000C000300C64730049FAC70038400000000260326081511010400000000140400000001150400000002160400000000170200002A020000300153310112C17E
2026-03-26 08:15:43 - msg_id_0200 ==> 7E0200004266000000000226E500000000000C000300C64731049FAC78038400000000260326081542010400000000140400000001150400000002160400000000170200002A020000300153310111A77E
2026-03-26 08:16:14 - msg_id_0200 ==> 7E0200004266000000000226F000000000000C000300C64732049FAC78038400000000260326081613010400000000140400000001150400000002160400000000170200002A020000300153310115E77E
2026-03-26 08:16:45 - msg_id_0200 ==> 7E0200004266000000000226FB00000000000C000300C64732049FAC78038400000000260326081644010400000000140400000001150400000002160400000000170200002A020000300153310115BB7E
2026-03-26 08:17:16 - msg_id_0200 ==> 7E02000042660000000002270600000000000C000300C64733049FAC78038400000000260326081715010400000000140400000001150400000002160400000000170200002A020000300153310113107E
2026-03-26 08:17:47 - msg_id_0200 ==> 7E02000042660000000002271100000000000C000300C64735049FAC80038400000000260326081746010400000000140400000001150400000002160400000000170200002A020000300153310113AA7E
2026-03-26 08:18:18 - msg_id_0200 ==> 7E02000042660000000002271C00000000000C000300C64737049FAC80038400000000260326081817010400000000140400000001150400000002160400000000170200002A020000300153310113FB7E
2026-03-26 08:18:49 - msg_id_0200 ==> 7E02000042660000000002272700000000000C000300C64738049FAC80038400000000260326081848010400000000140400000001150400000002160400000000170200002A020000300153310113907E
2026-03-26 08:19:20 - msg_id_0200 ==> 7E02000042660000000002273200000000000C000300C6473A049FAC80038400000000260326081919010400000000140400000001150400000002160400000000170200002A020000300153310112D67E
2026-03-26 08:19:51 - msg_id_0200 ==> 7E02000042660000000002273D00000000000C000300C6473C049FAC88038400000000260326081950010400000000140400000001150400000002160400000000170200002A020000300153310114987E
2026-03-26 08:20:22 - msg_id_0200 ==> 7E02000042660000000002274800000000000C000300C6473D049FAC88038400000000260326082021010400000000140400000001150400000002160400000000170200002A020000300153310114A47E
2026-03-26 08:20:53 - msg_id_0200 ==> 7E02000042660000000002275300000000000C000300C6473B049FAC88038400000000260326082052010400000000140400000001150400000002160400000000170200002A020000300153310114CA7E
2026-03-26 08:21:24 - msg_id_0200 ==> 7E02000042660000000002275E00000000000C000300C6473E049FAC88038400000000260326082123010400000000140400000001150400000002160400000000170200002A020000300153310113B57E
2026-03-26 08:21:55 - msg_id_0200 ==> 7E02000042660000000002276900000000000C000300C6473E049FAC88038400000000260326082154010400000000140400000001150400000002160400000000170200002A020000300153310113F57E
2026-03-26 08:22:26 - msg_id_0200 ==> 7E02000042660000000002277400000000000C000300C64741049FAC88038400000000260326082225010400000000140400000001150400000002160400000000170200002A020000300153310113E57E
2026-03-26 08:22:57 - msg_id_0200 ==> 7E02000042660000000002277F00000100000C000300C64741049FAC90038400000000260326082256010400000000140400000001150400000002160400000000170200002A020000300153310115827E
2026-03-26 08:23:02 - msg_id_0200 ==> 7E02000042660000000002278200000000000C000300C64742049FAC90038400000000260326082301010400000000140400000001150400000002160400000000170200002A0200003001533101152B7E
2026-03-26 08:23:33 - msg_id_0200 ==> 7E02000042660000000002278D00000000000C000300C64744049FAC90038400000000260326082332010400000000140400000001150400000002160400000000170200002A020000300153310114107E
2026-03-26 08:24:04 - msg_id_0200 ==> 7E02000042660000000002279800000000000C000300C64746049FAC90038400000000260326082403010400000000140400000001150400000002160400000000170200002A020000300153310113367E
2026-03-26 08:24:35 - msg_id_0200 ==> 7E0200004266000000000227A300000000000C000300C64748049FAC90038400000000260326082434010400000000140400000001150400000002160400000000170200002A020000300153310114337E
2026-03-26 08:25:06 - msg_id_0200 ==> 7E0200004266000000000227AE00000000000C000300C64748049FAC90038400000000260326082505010400000000140400000001150400000002160400000000170200002A0200003001533101140E7E
2026-03-26 08:25:37 - msg_id_0200 ==> 7E0200004266000000000227B900000000000C000300C64748049FAC90038400000000260326082536010400000000140400000001150400000002160400000000170200002A0200003001533101142A7E
2026-03-26 08:26:08 - msg_id_0200 ==> 7E0200004266000000000227C400000000000C000300C64747049FAC90038400000000260326082607010400000000140400000001150400000002160400000000170200002A0200003001533101126C7E
2026-03-26 08:26:39 - msg_id_0200 ==> 7E0200004266000000000227CF00000000000C000300C64745049FAC90038400000000260326082638010400000000140400000001150400000002160400000000170200002A0200003001533101135B7E
2026-03-26 08:27:10 - msg_id_0200 ==> 7E0200004266000000000227DA00000000000C000300C64743049FAC90038400000000260326082709010400000000140400000001150400000002160400000000170200002A0200003001533101147F7E
2026-03-26 08:27:41 - msg_id_0200 ==> 7E0200004266000000000227E500000000000C000300C64744049FAC90038400000000260326082740010400000000140400000001150400000002160400000000170200002A0200003001533101140E7E
2026-03-26 08:28:12 - msg_id_0200 ==> 7E0200004266000000000227F000000000000C000300C64748049FAC90038400000000260326082811010400000000140400000001150400000002160400000000170200002A020000300153310114497E
2026-03-26 08:28:43 - msg_id_0200 ==> 7E0200004266000000000227FB00000000000C000300C6474B049FAC90038400000000260326082842010400000000140400000001150400000002160400000000170200002A020000300153310114127E
2026-03-26 08:29:14 - msg_id_0200 ==> 7E02000042660000000002280600000000000C000300C6474B049FAC90038400000000260326082913010400000000140400000001150400000002160400000000170200002A020000300153310115B17E
2026-03-26 08:29:45 - msg_id_0200 ==> 7E02000042660000000002281100000000000C000300C6474A049FAC90038400000000260326082944010400000000140400000001150400000002160400000000170200002A020000300153310115F07E
2026-03-26 08:30:16 - msg_id_0200 ==> 7E02000042660000000002281C00000000000C000300C64749049FAC90038400000000260326083015010400000000140400000001150400000002160400000000170200002A020000300153310114B77E
2026-03-26 08:30:47 - msg_id_0200 ==> 7E02000042660000000002282700000000000C000300C64749049FAC90038400000000260326083046010400000000140400000001150400000002160400000000170200002A020000300153310114DF7E
2026-03-26 08:31:18 - msg_id_0200 ==> 7E02000042660000000002283200000000000C000300C6474B049FAC90038400000000260326083117010400000000140400000001150400000002160400000000170200002A0200003001533101139F7E
2026-03-26 08:31:49 - msg_id_0200 ==> 7E02000042660000000002283D00000000000C000300C6474A049FAC90038400000000260326083148010400000000140400000001150400000002160400000000170200002A020000300153310112CF7E
2026-03-26 08:32:20 - msg_id_0200 ==> 7E02000042660000000002284800000000000C000300C64749049FAC90038400000000260326083219010400000000140400000001150400000002160400000000170200002A020000300153310114ED7E
2026-03-26 08:32:51 - msg_id_0200 ==> 7E02000042660000000002285300000000000C000300C64748049FAC98038400000000260326083250010400000000140400000001150400000002160400000000170200002A020000300153310113B17E
2026-03-26 08:33:22 - msg_id_0200 ==> 7E02000042660000000002285E00000000000C000300C64748049FAC98038400000000260326083321010400000000140400000001150400000002160400000000170200002A020000300153310112CD7E
2026-03-26 08:33:53 - msg_id_0200 ==> 7E02000042660000000002286900000000000C000300C64749049FAC90038400000000260326083352010400000000140400000001150400000002160400000000170200002A020000300153310113817E
2026-03-26 08:34:23 - msg_id_0200 ==> 7E02000042660000000002287400000000000C000300C64747049FAC90038400000000260326083423010400000000140400000001150400000002160400000000170200002A020000300153310112E57E
2026-03-26 08:34:54 - msg_id_0200 ==> 7E02000042660000000002287F00000100000C000300C64743049FAC90038400000000260326083453010400000000140400000001150400000002160400000000170200002A0200003001533101139A7E
2026-03-26 08:34:59 - msg_id_0200 ==> 7E02000042660000000002288200000000000C000300C64742049FAC90038400000000260326083458010400000000140400000001150400000002160400000000170200002A0200003001533101136C7E
2026-03-26 08:35:30 - msg_id_0200 ==> 7E02000042660000000002288D00000000000C000300C64742049FAC90038400000000260326083529010400000000140400000001150400000002160400000000170200002A020000300153310113137E
2026-03-26 08:36:01 - msg_id_0200 ==> 7E02000042660000000002289800000000000C000300C64743049FAC90038400000000260326083600010400000000140400000001150400000002160400000000170200002A0200003001533101122C7E
2026-03-26 08:36:32 - msg_id_0200 ==> 7E0200004266000000000228A300000000000C000300C64744049FAC90038400000000260326083631010400000000140400000001150400000002160400000000170200002A020000300153310113207E
2026-03-26 08:37:03 - msg_id_0200 ==> 7E0200004266000000000228AE00000000000C000300C64742049FAC90038400000000260326083702010400000000140400000001150400000002160400000000170200002A020000300153310113197E
2026-03-26 08:37:34 - msg_id_0200 ==> 7E0200004266000000000228B900000000000C000300C64741049FAC88038400000000260326083733010400000000140400000001150400000002160400000000170200002A020000300153310111267E
2026-03-26 08:38:05 - msg_id_0200 ==> 7E0200004266000000000228C400000000000C000300C64742049FAC88038400000000260326083804010400000000140400000001150400000002160400000000170200002A020000300153310112637E
2026-03-26 08:38:36 - msg_id_0200 ==> 7E0200004266000000000228CF00000000000C000300C64742049FAC88038400000000260326083835010400000000140400000001150400000002160400000000170200002A0200003001533101115A7E
2026-03-26 08:39:07 - msg_id_0200 ==> 7E0200004266000000000228DA00000000000C000300C64743049FAC80038400000000260326083906010400000000140400000001150400000002160400000000170200002A020000300153310110757E
2026-03-26 08:39:38 - msg_id_0200 ==> 7E0200004266000000000228E500000000000C000300C64744049FAC80038300000000260326083937010400000000140400000001150400000002160400000000170200002A020000300153310112797E
2026-03-26 08:40:09 - msg_id_0200 ==> 7E0200004266000000000228F000000000000C000300C64743049FAC80038300000000260326084008010400000000140400000001150400000002160400000000170200002A0200003001533101122D7E
2026-03-26 08:40:40 - msg_id_0200 ==> 7E0200004266000000000228FB00000000000C000300C64741049FAC80038300000000260326084039010400000000140400000001150400000002160400000000170200002A020000300153310113147E
2026-03-26 08:41:11 - msg_id_0200 ==> 7E02000042660000000002290600000000000C000300C64740049FAC88038300000000260326084110010400000000140400000001150400000002160400000000170200002A020000300153310112C87E
2026-03-26 08:41:42 - msg_id_0200 ==> 7E02000042660000000002291100000000000C000300C6473F049FAC88038300000000260326084141010400000000140400000001150400000002160400000000170200002A020000300153310112F17E
2026-03-26 08:42:13 - msg_id_0200 ==> 7E02000042660000000002291C00000000000C000300C64742049FAC88038300000000260326084212010400000000140400000001150400000002160400000000170200002A020000300153310112D17E
2026-03-26 08:42:44 - msg_id_0200 ==> 7E02000042660000000002292700000000000C000300C64741049FAC88038300000000260326084243010400000000140400000001150400000002160400000000170200002A020000300153310110BA7E
2026-03-26 08:43:15 - msg_id_0200 ==> 7E02000042660000000002293200000000000C000300C64741049FAC88038300000000260326084314010400000000140400000001150400000002160400000000170200002A020000300153310112FB7E
2026-03-26 08:43:46 - msg_id_0200 ==> 7E02000042660000000002293D00000000000C000300C64740049FAC88038300000000260326084345010400000000140400000001150400000002160400000000170200002A020000300153310111A77E
2026-03-26 08:44:17 - msg_id_0200 ==> 7E02000042660000000002294800000000000C000300C64742049FAC80038300000000260326084416010400000000140400000001150400000002160400000000170200002A0200003001533101128F7E
2026-03-26 08:44:48 - msg_id_0200 ==> 7E02000042660000000002295300000000000C000300C64742049FAC80038300000000260326084447010400000000140400000001150400000002160400000000170200002A020000300153310113C47E
2026-03-26 08:45:19 - msg_id_0200 ==> 7E02000042660000000002295E00000000000C000300C64740049FAC78038300000000260326084518010400000000140400000001150400000002160400000000170200002A0200003001533101126C7E
2026-03-26 08:45:50 - msg_id_0200 ==> 7E02000042660000000002296900000000000C000300C64740049FAC78038300000000260326084549010400000000140400000001150400000002160400000000170200002A0200003001533101130B7E
2026-03-26 08:46:21 - msg_id_0200 ==> 7E02000042660000000002297400000000000C000300C64741049FAC78038300000000260326084620010400000000140400000001150400000002160400000000170200002A0200003001533101127C7E
2026-03-26 08:46:52 - msg_id_0200 ==> 7E02000042660000000002297F00000100000C000300C64742049FAC78038300000000260326084651010400000000140400000001150400000002160400000000170200002A020000300153310112047E
2026-03-26 08:46:57 - msg_id_0200 ==> 7E02000042660000000002298200000000000C000300C64742049FAC78038300000000260326084656010400000000140400000001150400000002160400000000170200002A020000300153310112FF7E
2026-03-26 08:47:28 - msg_id_0200 ==> 7E02000042660000000002298D00000000000C000300C64743049FAC78038300000000260326084727010400000000140400000001150400000002160400000000170200002A020000300153310113807E
2026-03-26 08:47:59 - msg_id_0200 ==> 7E02000042660000000002299800000000000C000300C64743049FAC78038400000000260326084758010400000000140400000001150400000002160400000000170200002A020000300153310113ED7E
2026-03-26 08:48:30 - msg_id_0200 ==> 7E0200004266000000000229A300000000000C000300C64742049FAC78038400000000260326084829010400000000140400000001150400000002160400000000170200002A020000300153310113A97E
2026-03-26 08:49:01 - msg_id_0200 ==> 7E0200004266000000000229AE00000000000C000300C64742049FAC78038400000000260326084900010400000000140400000001150400000002160400000000170200002A0200003001533101128D7E
2026-03-26 08:49:32 - msg_id_0200 ==> 7E0200004266000000000229B900000000000C000300C64741049FAC78038400000000260326084931010400000000140400000001150400000002160400000000170200002A020000300153310112A87E
2026-03-26 08:50:03 - msg_id_0200 ==> 7E0200004266000000000229C400000000000C000300C64740049FAC70038400000000260326085002010400000000140400000001150400000002160400000000170200002A020000300153310113F77E
2026-03-26 08:50:34 - msg_id_0200 ==> 7E0200004266000000000229CF00000000000C000300C6473E049FAC70038400000000260326085033010400000000140400000001150400000002160400000000170200002A020000300153310113B37E
2026-03-26 08:51:05 - msg_id_0200 ==> 7E0200004266000000000229DA00000000000C000300C6473F049FAC70038400000000260326085104010400000000140400000001150400000002160400000000170200002A020000300153310113917E
2026-03-26 08:51:36 - msg_id_0200 ==> 7E0200004266000000000229E500000000000C000300C6473E049FAC70038400000000260326085135010400000000140400000001150400000002160400000000170200002A0200003001533101129F7E
2026-03-26 08:52:07 - msg_id_0200 ==> 7E0200004266000000000229F000000000000C000300C6473F049FAC70038400000000260326085206010400000000140400000001150400000002160400000000170200002A020000300153310111B87E
2026-03-26 08:52:38 - msg_id_0200 ==> 7E0200004266000000000229FB00000000000C000300C6473F049FAC70038400000000260326085237010400000000140400000001150400000002160400000000170200002A020000300153310113807E
2026-03-26 08:53:09 - msg_id_0200 ==> 7E020000426600000000022A0600000000000C000300C6473F049FAC70038500000000260326085308010400000000140400000001150400000002160400000000170200002A020000300153310112407E
2026-03-26 08:53:40 - msg_id_0200 ==> 7E020000426600000000022A1100000000000C000300C6473E049FAC68038500000000260326085339010400000000140400000001150400000002160400000000170200002A0200003001533101127F7E
2026-03-26 08:54:11 - msg_id_0200 ==> 7E020000426600000000022A1C00000000000C000300C6473C049FAC68038500000000260326085410010400000000140400000001150400000002160400000000170200002A0200003001533101135F7E
2026-03-26 08:54:42 - msg_id_0200 ==> 7E020000426600000000022A2700000000000C000300C6473D049FAC68038500000000260326085441010400000000140400000001150400000002160400000000170200002A020000300153310113347E
2026-03-26 08:55:13 - msg_id_0200 ==> 7E020000426600000000022A3200000000000C000300C6473C049FAC68038500000000260326085512010400000000140400000001150400000002160400000000170200002A020000300153310112737E
2026-03-26 08:55:44 - msg_id_0200 ==> 7E020000426600000000022A3D00000000000C000300C6473C049FAC68038500000000260326085543010400000000140400000001150400000002160400000000170200002A0200003001533101132C7E
2026-03-26 08:56:15 - msg_id_0200 ==> 7E020000426600000000022A4800000000000C000300C6473B049FAC68038500000000260326085614010400000000140400000001150400000002160400000000170200002A0200003001533101120B7E
2026-03-26 08:56:45 - msg_id_0200 ==> 7E020000426600000000022A5300000000000C000300C64739049FAC70038500000000260326085645010400000000140400000001150400000002160400000000170200002A020000300153310111587E
2026-03-26 08:57:17 - msg_id_0200 ==> 7E020000426600000000022A5E00000000000C000300C64736049FAC68038500000000260326085716010400000000140400000001150400000002160400000000170200002A020000300153310112137E
2026-03-26 08:57:48 - msg_id_0200 ==> 7E020000426600000000022A6900000000000C000300C64735049FAC68038500000000260326085747010400000000140400000001150400000002160400000000170200002A020000300153310111757E
2026-03-26 08:58:18 - msg_id_0200 ==> 7E020000426600000000022A7400000000000C000300C64734049FAC68038500000000260326085818010400000000140400000001150400000002160400000000170200002A0200003001533101123A7E
2026-03-26 08:58:49 - msg_id_0200 ==> 7E020000426600000000022A7F00000100000C000300C64733049FAC60038500000000260326085848010400000000140400000001150400000002160400000000170200002A0200003001533101136E7E
2026-03-26 08:58:54 - msg_id_0200 ==> 7E020000426600000000022A8200000000000C000300C64734049FAC60038500000000260326085853010400000000140400000001150400000002160400000000170200002A0200003001533101128F7E
2026-03-26 08:59:25 - msg_id_0200 ==> 7E020000426600000000022A8D00000000000C000300C64736049FAC60038500000000260326085924010400000000140400000001150400000002160400000000170200002A020000300153310111F77E
2026-03-26 08:59:56 - msg_id_0200 ==> 7E020000426600000000022A9800000000000C000300C6472E049FAC60038500000000260326085955010400000000140400000001150400000002160400000000170200002A0200003001573101118F7E
2026-03-26 09:00:27 - msg_id_0200 ==> 7E020000426600000000022AA300000000000C000300C64724049FAC58038500000000260326090026010400000000140400000001150400000002160400000000170200002A020000300153310110A87E
2026-03-26 09:00:58 - msg_id_0200 ==> 7E020000426600000000022AAE00000000000C000300C6471E049FAC58038500000000260326090057010400000000140400000001150400000002160400000000170200002A02000030015331010FF17E
2026-03-26 09:01:29 - msg_id_0200 ==> 7E020000426600000000022AB900000000000C000300C6471D049FAC58038500000000260326090128010400000000140400000001150400000002160400000000170200002A020000300153310110847E
2026-03-26 09:02:00 - msg_id_0200 ==> 7E020000426600000000022AC400000000000C000300C64719049FAC58038500000000260326090159010400000000140400000001150400000002160400000000170200002A0200003001533101118D7E
2026-03-26 09:02:31 - msg_id_0200 ==> 7E020000426600000000022ACF00000000000C000300C64717049FAC58038500000000260326090230010400000000140400000001150400000002160400000000170200002A020000300153310111E27E
2026-03-26 09:03:02 - msg_id_0200 ==> 7E020000426600000000022ADA00000000000C000300C64716049FAC58038500000000260326090301010400000000140400000001150400000002160400000000170200002A020000300153310111C67E
2026-03-26 09:03:33 - msg_id_0200 ==> 7E020000426600000000022AE500000000000C000300C64717049FAC58038500000000260326090332010400000000140400000001150400000002160400000000170200002A020000300153310111CB7E
2026-03-26 09:04:04 - msg_id_0200 ==> 7E020000426600000000022AF000000000000C000300C64718049FAC58038500000000260326090403010400000000140400000001150400000002160400000000170200002A020000300153310110E67E
2026-03-26 09:04:35 - msg_id_0200 ==> 7E020000426600000000022AFB00000000000C000300C64719049FAC58038500000000260326090434010400000000140400000001150400000002160400000000170200002A020000300150310110D87E
2026-03-26 09:05:06 - msg_id_0200 ==> 7E020000426600000000022B0600000000000C000300C64719049FAC58038600000000260326090505010400000000140400000001150400000002160400000000170200002A020000300153310110147E
2026-03-26 09:05:37 - msg_id_0200 ==> 7E020000426600000000022B1100000000000C000300C6471A049FAC58038500000000260326090536010400000000140400000001150400000002160400000000170200002A02000030015031010F2C7E
2026-03-26 09:06:08 - msg_id_0200 ==> 7E020000426600000000022B1C00000000000C000300C64719049FAC58038600000000260326090607010400000000140400000001150400000002160400000000170200002A02000030015031010F137E
2026-03-26 09:06:39 - msg_id_0200 ==> 7E020000426600000000022B2700000000000C000300C6471A049FAC58038600000000260326090638010400000000140400000001150400000002160400000000170200002A0200003001503101100B7E
2026-03-26 09:07:10 - msg_id_0200 ==> 7E020000426600000000022B3200000000000C000300C64718049FAC58038600000000260326090709010400000000140400000001150400000002160400000000170200002A0200003001503101112D7E
2026-03-26 09:07:41 - msg_id_0200 ==> 7E020000426600000000022B3D00000000000C000300C64718049FAC58038600000000260326090740010400000000140400000001150400000002160400000000170200002A020000300153310110697E
2026-03-26 09:08:12 - msg_id_0200 ==> 7E020000426600000000022B4800000000000C000300C64718049FAC58038600000000260326090811010400000000140400000001150400000002160400000000170200002A020000300153310111437E
2026-03-26 09:08:43 - msg_id_0200 ==> 7E020000426600000000022B5300000000000C000300C64718049FAC58038600000000260326090842010400000000140400000001150400000002160400000000170200002A0200003001533101100A7E
2026-03-26 09:09:14 - msg_id_0200 ==> 7E020000426600000000022B5E00000000000C000300C64718049FAC58038600000000260326090913010400000000140400000001150400000002160400000000170200002A020000300153310111567E
2026-03-26 09:09:45 - msg_id_0200 ==> 7E020000426600000000022B6900000000000C000300C64717049FAC58038600000000260326090944010400000000140400000001150400000002160400000000170200002A0200003001503101113A7E
2026-03-26 09:10:16 - msg_id_0200 ==> 7E020000426600000000022B7400000000000C000300C64715049FAC58038600000000260326091015010400000000140400000001150400000002160400000000170200002A0200003001533101116E7E
2026-03-26 09:10:47 - msg_id_0200 ==> 7E020000426600000000022B7F00000100000C000300C64713049FAC58038600000000260326091046010400000000140400000001150400000002160400000000170200002A020000300153310110307E
2026-03-26 09:10:52 - msg_id_0200 ==> 7E020000426600000000022B8200000000000C000300C64713049FAC58038600000000260326091051010400000000140400000001150400000002160400000000170200002A02000030015331010FC47E
2026-03-26 09:11:22 - msg_id_0200 ==> 7E020000426600000000022B8D00000000000C000300C64711049FAC58038600000000260326091122010400000000140400000001150400000002160400000000170200002A02000030015331010FBB7E
2026-03-26 09:11:54 - msg_id_0200 ==> 7E020000426600000000022B9800000000000C000300C64712049FAC58038600000000260326091153010400000000140400000001150400000002160400000000170200002A020000300153310112C17E
2026-03-26 09:12:25 - msg_id_0200 ==> 7E020000426600000000022BA300000000000C000300C64712049FAC58038600000000260326091224010400000000140400000001150400000002160400000000170200002A0200003001533101118D7E
2026-03-26 09:12:56 - msg_id_0200 ==> 7E020000426600000000022BAE00000000000C000300C64714049FAC58038600000000260326091255010400000000140400000001150400000002160400000000170200002A020000300150310113F67E
2026-03-26 09:13:27 - msg_id_0200 ==> 7E020000426600000000022BB900000000000C000300C64712049FAC58038600000000260326091326010400000000140400000001150400000002160400000000170200002A02000030013A310112FE7E
2026-03-26 09:13:58 - msg_id_0200 ==> 7E020000426600000000022BC400000000000C000300C6470A049FAC50038600000000260326091357010400000000140400000001150400000002160400000000170200002A02000030013A31010FFF7E
2026-03-26 09:14:29 - msg_id_0200 ==> 7E020000426600000000022BCF00000000000C000300C64704049FAC50038600000000260326091428010400000000140400000001150400000002160400000000170200002A02000030013A31010E837E
2026-03-26 09:15:00 - msg_id_0200 ==> 7E020000426600000000022BDA00000000000C000300C646FE049FAC50038600000000260326091459010400000000140400000001150400000002160400000000170200002A02000030013A310113017E
2026-03-26 09:15:31 - msg_id_0200 ==> 7E020000426600000000022BE500000000000C000300C646FB049FAC58038600000000260326091530010400000000140400000001150400000002160400000000170200002A02000030013A3101135B7E
2026-03-26 09:16:02 - msg_id_0200 ==> 7E020000426600000000022BF000000000000C000300C646F7049FAC50038700000000260326091601010400000000140400000001150400000002160400000000170200002A02000030013A310112787E
2026-03-26 09:16:33 - msg_id_0200 ==> 7E020000426600000000022BFB00000000000C000300C646F5049FAC50038700000000260326091632010400000000140400000001150400000002160400000000170200002A02000030013D310113447E
2026-03-26 09:17:04 - msg_id_0200 ==> 7E020000426600000000022C0600000000000C000300C646EF049FAC50038700000000260326091703010400000000140400000001150400000002160400000000170200002A02000030013A310113937E
2026-03-26 09:17:35 - msg_id_0200 ==> 7E020000426600000000022C1100000000000C000300C646EC049FAC50038700000000260326091734010400000000140400000001150400000002160400000000170200002A02000030013A310113B07E
2026-03-26 09:18:06 - msg_id_0200 ==> 7E020000426600000000022C1C00000000000C000300C646F0049FAC50038700000000260326091805010400000000140400000001150400000002160400000000170200002A02000030013A3101129E7E
2026-03-26 09:18:37 - msg_id_0200 ==> 7E020000426600000000022C2700000000000C000300C646F2049FAC48038700000000260326091836010400000000140400000001150400000002160400000000170200002A02000030013A3101138D7E
2026-03-26 09:19:08 - msg_id_0200 ==> 7E020000426600000000022C3200000000000C000300C646F2049FAC48038700000000260326091907010400000000140400000001150400000002160400000000170200002A02000030013A31010FB47E
2026-03-26 09:19:39 - msg_id_0200 ==> 7E020000426600000000022C3D00000000000C000300C646F4049FAC48038700000000260326091938010400000000140400000001150400000002160400000000170200002A02000030013A3101139E7E
2026-03-26 09:20:10 - msg_id_0200 ==> 7E020000426600000000022C4800000000000C000300C646F5049FAC48038700000000260326092009010400000000140400000001150400000002160400000000170200002A020000300140310112997E
2026-03-26 09:20:41 - msg_id_0200 ==> 7E020000426600000000022C5300000000000C000300C646F4049FAC48038700000000260326092040010400000000140400000001150400000002160400000000170200002A02000030013A310113B17E
2026-03-26 09:21:12 - msg_id_0200 ==> 7E020000426600000000022C5E00000000000C000300C646F3049FAC48038700000000260326092111010400000000140400000001150400000002160400000000170200002A02000030013D310113EC7E
2026-03-26 09:21:43 - msg_id_0200 ==> 7E020000426600000000022C6900000000000C000300C646F2049FAC40038700000000260326092142010400000000140400000001150400000002160400000000170200002A02000030013D310113817E
2026-03-26 09:22:14 - msg_id_0200 ==> 7E020000426600000000022C7400000000000C000300C646F3049FAC40038700000000260326092213010400000000140400000001150400000002160400000000170200002A02000030013D310112CE7E
2026-03-26 09:22:44 - msg_id_0200 ==> 7E020000426600000000022C7F00000100000C000300C646F5049FAC38038700000000260326092243010400000000140400000001150400000002160400000000170200002A02000030013D310113EB7E
2026-03-26 09:22:49 - msg_id_0200 ==> 7E020000426600000000022C8200000000000C000300C646F7049FAC38038700000000260326092249010400000000140400000001150400000002160400000000170200002A02000030013D3101121E7E
2026-03-26 09:23:21 - msg_id_0200 ==> 7E020000426600000000022C8D00000000000C000300C646F9049FAC38038700000000260326092320010400000000140400000001150400000002160400000000170200002A02000030013D310112777E
2026-03-26 09:23:52 - msg_id_0200 ==> 7E020000426600000000022C9800000000000C000300C646FE049FAC30038700000000260326092351010400000000140400000001150400000002160400000000170200002A02000030013D3101131D7E
2026-03-26 09:24:22 - msg_id_0200 ==> 7E020000426600000000022CA300000000000C000300C64701049FAC28038700000000260326092422010400000000140400000001150400000002160400000000170200002A02000030013A310112B27E
2026-03-26 09:24:54 - msg_id_0200 ==> 7E020000426600000000022CAE00000000000C000300C64707049FAC28038700000000260326092453010400000000140400000001150400000002160400000000170200002A020000300140310113B37E
2026-03-26 09:25:25 - msg_id_0200 ==> 7E020000426600000000022CB900000000000C000300C6470C049FAC28038700000000260326092524010400000000140400000001150400000002160400000000170200002A020000300140310113D97E
2026-03-26 09:25:55 - msg_id_0200 ==> 7E020000426600000000022CC400000000000C000300C6470D049FAC28038800000000260326092555010400000000140400000001150400000002160400000000170200002A02000030013A310113A17E
2026-03-26 09:26:27 - msg_id_0200 ==> 7E020000426600000000022CCF00000000000C000300C6470C049FAC30038800000000260326092626010400000000140400000001150400000002160400000000170200002A02000030013A310112C27E
2026-03-26 09:26:58 - msg_id_0200 ==> 7E020000426600000000022CDA00000000000C000300C64707049FAC30038800000000260326092657010400000000140400000001150400000002160400000000170200002A02000030013A310113AC7E
2026-03-26 09:27:29 - msg_id_0200 ==> 7E020000426600000000022CE500000000000C000300C64705049FAC30038900000000260326092728010400000000140400000001150400000002160400000000170200002A02000030013D310112E87E
2026-03-26 09:28:00 - msg_id_0200 ==> 7E020000426600000000022CF000000000000C000300C64705049FAC30038900000000260326092759010400000000140400000001150400000002160400000000170200002A02000030013D3101138D7E
2026-03-26 09:28:31 - msg_id_0200 ==> 7E020000426600000000022CFB00000000000C000300C64706049FAC28038900000000260326092830010400000000140400000001150400000002160400000000170200002A02000030013D310113FB7E
2026-03-26 09:29:02 - msg_id_0200 ==> 7E020000426600000000022D0600000000000C000300C64709049FAC28038900000000260326092901010400000000140400000001150400000002160400000000170200002A02000030013D3101113A7E
2026-03-26 09:29:33 - msg_id_0200 ==> 7E020000426600000000022D1100000000000C000300C64709049FAC28038900000000260326092932010400000000140400000001150400000002160400000000170200002A02000030013D3101131C7E
2026-03-26 09:30:04 - msg_id_0200 ==> 7E020000426600000000022D1C00000000000C000300C64708049FAC28038900000000260326093003010400000000140400000001150400000002160400000000170200002A020000300140310112447E
2026-03-26 09:30:35 - msg_id_0200 ==> 7E020000426600000000022D2700000000000C000300C64708049FAC28038900000000260326093034010400000000140400000001150400000002160400000000170200002A0200003001403101114B7E
2026-03-26 09:31:06 - msg_id_0200 ==> 7E020000426600000000022D3200000000000C000300C64709049FAC28038900000000260326093105010400000000140400000001150400000002160400000000170200002A0200003001433101126F7E
2026-03-26 09:31:37 - msg_id_0200 ==> 7E020000426600000000022D3D00000000000C000300C6470A049FAC28038900000000260326093136010400000000140400000001150400000002160400000000170200002A020000300140310112537E
2026-03-26 09:32:08 - msg_id_0200 ==> 7E020000426600000000022D4800000000000C000300C64709049FAC28038900000000260326093207010400000000140400000001150400000002160400000000170200002A020000300143310112147E
2026-03-26 09:32:39 - msg_id_0200 ==> 7E020000426600000000022D5300000000000C000300C64708049FAC28038A00000000260326093238010400000000140400000001150400000002160400000000170200002A020000300143310113337E
2026-03-26 09:33:10 - msg_id_0200 ==> 7E020000426600000000022D5E00000000000C000300C6470A049FAC28038A00000000260326093309010400000000140400000001150400000002160400000000170200002A0200003001433101130C7E
2026-03-26 09:33:41 - msg_id_0200 ==> 7E020000426600000000022D6900000000000C000300C6470B049FAC28038A00000000260326093340010400000000140400000001150400000002160400000000170200002A020000300143310113737E
2026-03-26 09:34:12 - msg_id_0200 ==> 7E020000426600000000022D7400000000000C000300C6470C049FAC28038A00000000260326093411010400000000140400000001150400000002160400000000170200002A0200003001403101133C7E
2026-03-26 09:34:42 - msg_id_0200 ==> 7E020000426600000000022D7F00000100000C000300C6470C049FAC28038A00000000260326093441010400000000140400000001150400000002160400000000170200002A020000300140310112677E
2026-03-26 09:34:47 - msg_id_0200 ==> 7E020000426600000000022D8200000000000C000300C6470D049FAC28038A00000000260326093446010400000000140400000001150400000002160400000000170200002A0200003001403101129D7E
2026-03-26 09:35:18 - msg_id_0200 ==> 7E020000426600000000022D8D00000000000C000300C6470F049FAC28038A00000000260326093517010400000000140400000001150400000002160400000000170200002A020000300143310111C07E
2026-03-26 09:35:49 - msg_id_0200 ==> 7E020000426600000000022D9800000000000C000300C64710049FAC28038A00000000260326093548010400000000140400000001150400000002160400000000170200002A020000300140310111967E
2026-03-26 09:36:20 - msg_id_0200 ==> 7E020000426600000000022DA300000000000C000300C64712049FAC28038A00000000260326093619010400000000140400000001150400000002160400000000170200002A020000300140310113FF7E
2026-03-26 09:36:51 - msg_id_0200 ==> 7E020000426600000000022DAE00000000000C000300C64711049FAC30038A00000000260326093650010400000000140400000001150400000002160400000000170200002A020000300140310113A07E
2026-03-26 09:37:22 - msg_id_0200 ==> 7E020000426600000000022DB900000000000C000300C6470E049FAC30038A00000000260326093721010400000000140400000001150400000002160400000000170200002A020000300140310113D87E
2026-03-26 09:37:53 - msg_id_0200 ==> 7E020000426600000000022DC400000000000C000300C6470E049FAC30038A00000000260326093752010400000000140400000001150400000002160400000000170200002A020000300140310112D77E
2026-03-26 09:38:24 - msg_id_0200 ==> 7E020000426600000000022DCF00000000000C000300C6470E049FAC28038A00000000260326093823010400000000140400000001150400000002160400000000170200002A020000300140310113BB7E
2026-03-26 09:38:55 - msg_id_0200 ==> 7E020000426600000000022DDA00000000000C000300C6470B049FAC28038B00000000260326093854010400000000140400000001150400000002160400000000170200002A020000300140310114DA7E
2026-03-26 09:39:26 - msg_id_0200 ==> 7E020000426600000000022DE500000000000C000300C64706049FAC20038B00000000260326093925010400000000140400000001150400000002160400000000170200002A020000300140310114907E
2026-03-26 09:39:57 - msg_id_0200 ==> 7E020000426600000000022DF000000000000C000300C64704049FAC20038B00000000260326093956010400000000140400000001150400000002160400000000170200002A020000300140310113F37E
2026-03-26 09:40:28 - msg_id_0200 ==> 7E020000426600000000022DFB00000000000C000300C64700049FAC20038B00000000260326094027010400000000140400000001150400000002160400000000170200002A020000300140310114F37E
2026-03-26 09:40:59 - msg_id_0200 ==> 7E020000426600000000022E0600000000000C000300C646FE049FAC20038B00000000260326094058010400000000140400000001150400000002160400000000170200002A0200003001403101148D7E
2026-03-26 09:41:30 - msg_id_0200 ==> 7E020000426600000000022E1100000000000C000300C646FD049FAC18038C00000000260326094129010400000000140400000001150400000002160400000000170200002A020000300140310112D07E
2026-03-26 09:42:01 - msg_id_0200 ==> 7E020000426600000000022E1C00000000000C000300C646FD049FAC18038C00000000260326094200010400000000140400000001150400000002160400000000170200002A020000300140310114F17E
2026-03-26 09:42:32 - msg_id_0200 ==> 7E020000426600000000022E2700000000000C000300C646FC049FAC10038C00000000260326094231010400000000140400000001150400000002160400000000170200002A020000300140310114F27E
2026-03-26 09:43:03 - msg_id_0200 ==> 7E020000426600000000022E3200000000000C000300C646FB049FAC18038C00000000260326094302010400000000140400000001150400000002160400000000170200002A020000300140310113DD7E
2026-03-26 09:43:33 - msg_id_0200 ==> 7E020000426600000000022E3D00000000000C000300C646F7049FAC18038C00000000260326094333010400000000140400000001150400000002160400000000170200002A020000300140310114E87E
2026-03-26 09:44:05 - msg_id_0200 ==> 7E020000426600000000022E4800000000000C000300C646F6049FAC18038C00000000260326094404010400000000140400000001150400000002160400000000170200002A020000300140310112AA7E
2026-03-26 09:44:36 - msg_id_0200 ==> 7E020000426600000000022E5300000000000C000300C646F5049FAC18038C00000000260326094435010400000000140400000001150400000002160400000000170200002A020000300140310111807E
2026-03-26 09:45:06 - msg_id_0200 ==> 7E020000426600000000022E5E00000000000C000300C646F5049FAC18038C00000000260326094506010400000000140400000001150400000002160400000000170200002A020000300140310113BD7E
2026-03-26 09:45:38 - msg_id_0200 ==> 7E020000426600000000022E6900000000000C000300C646F9049FAC20038C00000000260326094537010400000000140400000001150400000002160400000000170200002A0200003001403101138F7E
2026-03-26 09:46:09 - msg_id_0200 ==> 7E020000426600000000022E7400000000000C000300C646FC049FAC28038C00000000260326094608010400000000140400000001150400000002160400000000170200002A020000300140310113A37E
2026-03-26 09:46:40 - msg_id_0200 ==> 7E020000426600000000022E7F00000100000C000300C646F8049FAC28038C00000000260326094639010400000000140400000001150400000002160400000000170200002A0200003001403101139C7E
2026-03-26 09:46:45 - msg_id_0200 ==> 7E020000426600000000022E8200000000000C000300C646F8049FAC28038C00000000260326094644010400000000140400000001150400000002160400000000170200002A0200003001403101131D7E
2026-03-26 09:47:16 - msg_id_0200 ==> 7E020000426600000000022E8D00000000000C000300C646FD049FAC28038C00000000260326094715010400000000140400000001150400000002160400000000170200002A020000300146310113417E
2026-03-26 09:47:47 - msg_id_0200 ==> 7E020000426600000000022E9800000000000C000300C64700049FAC30038C00000000260326094746010400000000140400000001150400000002160400000000170200002A020000300140310113E57E
2026-03-26 09:48:18 - msg_id_0200 ==> 7E020000426600000000022EA300000000000C000300C646FC049FAC30038C00000000260326094817010400000000140400000001150400000002160400000000170200002A0200003001403101137D017E
2026-03-26 09:48:49 - msg_id_0200 ==> 7E020000426600000000022EAE00000000000C000300C646FD049FAC30038D00000000260326094848010400000000140400000001150400000002160400000000170200002A020000300140310114287E
2026-03-26 09:49:20 - msg_id_0200 ==> 7E020000426600000000022EB900000000000C000300C646FD049FAC30038D00000000260326094919010400000000140400000001150400000002160400000000170200002A0200003001403101116A7E
2026-03-26 09:49:51 - msg_id_0200 ==> 7E020000426600000000022EC400000000000C000300C646FB049FAC30038D00000000260326094950010400000000140400000001150400000002160400000000170200002A020000300143310112587E
2026-03-26 09:50:22 - msg_id_0200 ==> 7E020000426600000000022ECF00000000000C000300C646FA049FAC30038D00000000260326095021010400000000140400000001150400000002160400000000170200002A02000030013D310112447E
2026-03-26 09:50:53 - msg_id_0200 ==> 7E020000426600000000022EDA00000000000C000300C646FA049FAC28038D00000000260326095052010400000000140400000001150400000002160400000000170200002A02000030013D3101123A7E
2026-03-26 09:51:24 - msg_id_0200 ==> 7E020000426600000000022EE500000000000C000300C646FC049FAC28038D00000000260326095123010400000000140400000001150400000002160400000000170200002A0200003001433101130C7E
2026-03-26 09:51:55 - msg_id_0200 ==> 7E020000426600000000022EF000000000000C000300C646FE049FAC20038D00000000260326095154010400000000140400000001150400000002160400000000170200002A020000300143310112657E
2026-03-26 09:52:26 - msg_id_0200 ==> 7E020000426600000000022EFB00000000000C000300C64703049FAC18038E00000000260326095225010400000000140400000001150400000002160400000000170200002A020000300143310113DA7E
2026-03-26 09:52:57 - msg_id_0200 ==> 7E020000426600000000022F0600000000000C000300C64708049FAC10038F00000000260326095256010400000000140400000001150400000002160400000000170200002A020000300143310113577E
2026-03-26 09:53:28 - msg_id_0200 ==> 7E020000426600000000022F1100000000000C000300C64707049FAC18038F00000000260326095327010400000000140400000001150400000002160400000000170200002A020000300143310114307E
2026-03-26 09:53:59 - msg_id_0200 ==> 7E020000426600000000022F1C00000000000C000300C64709049FAC18038F00000000260326095358010400000000140400000001150400000002160400000000170200002A0200003001433101124A7E
2026-03-26 09:54:30 - msg_id_0200 ==> 7E020000426600000000022F2700000000000C000300C6470A049FAC18038F00000000260326095429010400000000140400000001150400000002160400000000170200002A020000300143310114027E
2026-03-26 09:55:01 - msg_id_0200 ==> 7E020000426600000000022F3200000000000C000300C6470C049FAC18038F00000000260326095500010400000000140400000001150400000002160400000000170200002A0200003001433101123F7E
2026-03-26 09:55:32 - msg_id_0200 ==> 7E020000426600000000022F3D00000000000C000300C6470B049FAC18038F00000000260326095531010400000000140400000001150400000002160400000000170200002A020000300143310113077E
2026-03-26 09:56:03 - msg_id_0200 ==> 7E020000426600000000022F4800000000000C000300C6470D049FAC10038F00000000260326095602010400000000140400000001150400000002160400000000170200002A0200003001433101124D7E
2026-03-26 09:56:34 - msg_id_0200 ==> 7E020000426600000000022F5300000000000C000300C6470C049FAC10038F00000000260326095633010400000000140400000001150400000002160400000000170200002A020000300143310113677E
2026-03-26 09:57:05 - msg_id_0200 ==> 7E020000426600000000022F5E00000000000C000300C6470C049FAC08038F00000000260326095704010400000000140400000001150400000002160400000000170200002A020000300143310113447E
2026-03-26 09:57:36 - msg_id_0200 ==> 7E020000426600000000022F6900000000000C000300C64704049FAC18038F00000000260326095735010400000000140400000001150400000002160400000000170200002A020000300140310112587E
2026-03-26 09:58:07 - msg_id_0200 ==> 7E020000426600000000022F7400000000000C000300C64700049FAC20038E00000000260326095806010400000000140400000001150400000002160400000000170200002A020000300140310112447E
2026-03-26 09:58:37 - msg_id_0200 ==> 7E020000426600000000022F7F00000100000C000300C64701049FAC20038E00000000260326095836010400000000140400000001150400000002160400000000170200002A02000030014331010F617E
2026-03-26 09:58:42 - msg_id_0200 ==> 7E020000426600000000022F8200000000000C000300C64701049FAC20038E00000000260326095841010400000000140400000001150400000002160400000000170200002A020000300143310110F57E
2026-03-26 09:59:13 - msg_id_0200 ==> 7E020000426600000000022F8D00000000000C000300C64702049FAC28038E00000000260326095912010400000000140400000001150400000002160400000000170200002A020000300143310112A17E
2026-03-26 09:59:44 - msg_id_0200 ==> 7E020000426600000000022F9800000000000C000300C64703049FAC28038E00000000260326095943010400000000140400000001150400000002160400000000170200002A020000300140310111E47E
2026-03-26 10:00:15 - msg_id_0200 ==> 7E020000426600000000022FA300000000000C000300C64702049FAC28038D00000000260326100014010400000000140400000001150400000002160400000000170200002A020000300140310110CB7E
2026-03-26 10:00:46 - msg_id_0200 ==> 7E020000426600000000022FAE00000000000C000300C64700049FAC28038E00000000260326100045010400000000140400000001150400000002160400000000170200002A020000300140310111977E
2026-03-26 10:01:17 - msg_id_0200 ==> 7E020000426600000000022FB900000000000C000300C646FF049FAC28038D00000000260326100116010400000000140400000001150400000002160400000000170200002A0200003001403101102E7E
2026-03-26 10:01:48 - msg_id_0200 ==> 7E020000426600000000022FC400000000000C000300C646FF049FAC28038D00000000260326100147010400000000140400000001150400000002160400000000170200002A020000300140310112007E
2026-03-26 10:02:19 - msg_id_0200 ==> 7E020000426600000000022FCF00000000000C000300C64702049FAC28038D00000000260326100218010400000000140400000001150400000002160400000000170200002A020000300140310111A87E
2026-03-26 10:02:50 - msg_id_0200 ==> 7E020000426600000000022FDA00000000000C000300C64704049FAC30038D00000000260326100249010400000000140400000001150400000002160400000000170200002A020000300140310111F27E
2026-03-26 10:03:21 - msg_id_0200 ==> 7E020000426600000000022FE500000000000C000300C64705049FAC30038C00000000260326100320010400000000140400000001150400000002160400000000170200002A020000300140310110A47E
2026-03-26 10:03:52 - msg_id_0200 ==> 7E020000426600000000022FF000000000000C000300C64705049FAC30038C00000000260326100351010400000000140400000001150400000002160400000000170200002A020000300140310112C27E
2026-03-26 10:04:23 - msg_id_0200 ==> 7E020000426600000000022FFB00000000000C000300C6470A049FAC38038C00000000260326100422010400000000140400000001150400000002160400000000170200002A020000300140310112BA7E
2026-03-26 10:04:54 - msg_id_0200 ==> 7E02000042660000000002300600000000000C000300C6470C049FAC38038C00000000260326100453010400000000140400000001150400000002160400000000170200002A0200003001403101112C7E
2026-03-26 10:05:25 - msg_id_0200 ==> 7E02000042660000000002301100000000000C000300C6470C049FAC38038B00000000260326100524010400000000140400000001150400000002160400000000170200002A020000300140310112497E
2026-03-26 10:05:56 - msg_id_0200 ==> 7E02000042660000000002301C00000000000C000300C6470B049FAC38038B00000000260326100555010400000000140400000001150400000002160400000000170200002A020000300140310111317E
2026-03-26 10:06:27 - msg_id_0200 ==> 7E02000042660000000002302700000000000C000300C6470B049FAC38038B00000000260326100626010400000000140400000001150400000002160400000000170200002A0200003001403101107B7E
2026-03-26 10:06:58 - msg_id_0200 ==> 7E02000042660000000002303200000000000C000300C6470A049FAC38038B00000000260326100657010400000000140400000001150400000002160400000000170200002A02000030014031010E007E
2026-03-26 10:07:29 - msg_id_0200 ==> 7E02000042660000000002303D00000000000C000300C64709049FAC38038B00000000260326100728010400000000140400000001150400000002160400000000170200002A0200003001403101116D7E
2026-03-26 10:08:00 - msg_id_0200 ==> 7E02000042660000000002304800000000000C000300C64709049FAC38038B00000000260326100759010400000000140400000001150400000002160400000000170200002A020000300140310111697E
2026-03-26 10:08:31 - msg_id_0200 ==> 7E02000042660000000002305300000000000C000300C64705049FAC30038A00000000260326100830010400000000140400000001150400000002160400000000170200002A020000300140310112127E
2026-03-26 10:09:02 - msg_id_0200 ==> 7E02000042660000000002305E00000000000C000300C64703049FAC30038A00000000260326100901010400000000140400000001150400000002160400000000170200002A020000300140310112297E
2026-03-26 10:09:33 - msg_id_0200 ==> 7E02000042660000000002306900000000000C000300C64700049FAC30038900000000260326100932010400000000140400000001150400000002160400000000170200002A0200003001403101122D7E
2026-03-26 10:10:04 - msg_id_0200 ==> 7E02000042660000000002307400000000000C000300C64700049FAC20038900000000260326101003010400000000140400000001150400000002160400000000170200002A0200003001433101140D7E
2026-03-26 10:10:35 - msg_id_0200 ==> 7E02000042660000000002307F00000100000C000300C64700049FAC20038900000000260326101034010400000000140400000001150400000002160400000000170200002A020000300143310111357E
2026-03-26 10:10:40 - msg_id_0200 ==> 7E02000042660000000002308200000000000C000300C64701049FAC20038900000000260326101039010400000000140400000001150400000002160400000000170200002A020000300143310111C57E
2026-03-26 10:11:11 - msg_id_0200 ==> 7E02000042660000000002308D00000000000C000300C646FE049FAC20038800040000260326101110010400000000140400000001150400000002160400000000170200002A0200003001433101141C7E
2026-03-26 10:11:42 - msg_id_0200 ==> 7E02000042660000000002309800000000000C000300C64701049FAC28038800000000260326101141010400000000140400000001150400000002160400000000170200002A020000300140310114A97E
2026-03-26 10:12:13 - msg_id_0200 ==> 7E0200004266000000000230A300000000000C000300C646F9049FAC28038700000000260326101212010400000000140400000001150400000002160400000000170200002A020000300140310113337E
2026-03-26 10:12:44 - msg_id_0200 ==> 7E0200004266000000000230AE00000000000C000300C646F9049FAC28038700000000260326101243010400000000140400000001150400000002160400000000170200002A0200003001403101116D7E
2026-03-26 10:13:15 - msg_id_0200 ==> 7E0200004266000000000230B900000000000C000300C646F5049FAC28038700000000260326101314010400000000140400000001150400000002160400000000170200002A020000300140310112237E
2026-03-26 10:13:46 - msg_id_0200 ==> 7E0200004266000000000230C400000000000C000300C646F1049FAC28038600000000260326101345010400000000140400000001150400000002160400000000170200002A0200003001403101130B7E
2026-03-26 10:14:17 - msg_id_0200 ==> 7E0200004266000000000230CF00000000000C000300C646ED049FAC28038600000000260326101416010400000000140400000001150400000002160400000000170200002A0200003001403101114A7E
2026-03-26 10:14:48 - msg_id_0200 ==> 7E0200004266000000000230DA00000000000C000300C646E9049FAC20038600000000260326101447010400000000140400000001150400000002160400000000170200002A02000030014031010F1C7E
2026-03-26 10:15:19 - msg_id_0200 ==> 7E0200004266000000000230E500000000000C000300C646E6049FAC20038500000000260326101518010400000000140400000001150400000002160400000000170200002A02000030014031010F717E
2026-03-26 10:15:50 - msg_id_0200 ==> 7E0200004266000000000230F000000000000C000300C646E2049FAC20038500000000260326101549010400000000140400000001150400000002160400000000170200002A0200003001403101102E7E
2026-03-26 10:16:21 - msg_id_0200 ==> 7E0200004266000000000230FB00000000000C000300C646E0049FAC20038500000000260326101620010400000000140400000001150400000002160400000000170200002A0200003001433101114F7E
2026-03-26 10:16:52 - msg_id_0200 ==> 7E02000042660000000002310600000000000C000300C646DE049FAC20038500000000260326101651010400000000140400000001150400000002160400000000170200002A020000300140310111FF7E
2026-03-26 10:17:23 - msg_id_0200 ==> 7E02000042660000000002311100000000000C000300C646DD049FAC20038500000000260326101722010400000000140400000001150400000002160400000000170200002A0200003001403101129A7E
2026-03-26 10:17:54 - msg_id_0200 ==> 7E02000042660000000002311C00000000000C000300C646DC049FAC18038400000000260326101753010400000000140400000001150400000002160400000000170200002A020000300140310110DC7E
2026-03-26 10:18:25 - msg_id_0200 ==> 7E02000042660000000002312700000000000C000300C646DB049FAC20038400000000260326101824010400000000140400000001150400000002160400000000170200002A020000300140310111A17E
2026-03-26 10:18:56 - msg_id_0200 ==> 7E02000042660000000002313200000000000C000300C646D7049FAC20038400000000260326101855010400000000140400000001150400000002160400000000170200002A020000300143310111CA7E
2026-03-26 10:19:27 - msg_id_0200 ==> 7E02000042660000000002313D00000000000C000300C646D5049FAC20038400000000260326101926010400000000140400000001150400000002160400000000170200002A020000300140310111B67E
2026-03-26 10:19:58 - msg_id_0200 ==> 7E02000042660000000002314800000000000C000300C646D4049FAC20038400000000260326101957010400000000140400000001150400000002160400000000170200002A020000300140310110B27E
2026-03-26 10:20:29 - msg_id_0200 ==> 7E02000042660000000002315300000000000C000300C646D3049FAC28038400000000260326102028010400000000140400000001150400000002160400000000170200002A020000300140310112E27E
2026-03-26 10:21:00 - msg_id_0200 ==> 7E02000042660000000002315E00000000000C000300C646D5049FAC28038400000000260326102059010400000000140400000001150400000002160400000000170200002A020000300140310112987E
2026-03-26 10:21:31 - msg_id_0200 ==> 7E02000042660000000002316900000000000C000300C646DF049FAC30038400000000260326102130010400000000140400000001150400000002160400000000170200002A020000300140310113D47E
2026-03-26 10:22:02 - msg_id_0200 ==> 7E02000042660000000002317400000000000C000300C646E3049FAC38038300000000260326102201010400000000140400000001150400000002160400000000170200002A020000300140310112C97E
2026-03-26 10:22:32 - msg_id_0200 ==> 7E02000042660000000002317F00000100000C000300C646E3049FAC38038300000000260326102231010400000000140400000001150400000002160400000000170200002A020000300140310112F37E
2026-03-26 10:22:37 - msg_id_0200 ==> 7E02000042660000000002318200000000000C000300C646E3049FAC38038300000000260326102236010400000000140400000001150400000002160400000000170200002A020000300140310112087E
2026-03-26 10:23:08 - msg_id_0200 ==> 7E02000042660000000002318D00000000000C000300C646E3049FAC38038300000000260326102307010400000000140400000001150400000002160400000000170200002A020000300140310112377E
2026-03-26 10:23:39 - msg_id_0200 ==> 7E02000042660000000002319800000000000C000300C646E5049FAC38038400000000260326102338010400000000140400000001150400000002160400000000170200002A0200003001403101121C7E
2026-03-26 10:24:10 - msg_id_0200 ==> 7E0200004266000000000231A300000000000C000300C646E1049FAC38038400000000260326102409010400000000140400000001150400000002160400000000170200002A020000300140310112157E
2026-03-26 10:24:41 - msg_id_0200 ==> 7E0200004266000000000231AE00000000000C000300C646E1049FAC38038400000000260326102440010400000000140400000001150400000002160400000000170200002A020000300140310114577E
2026-03-26 10:25:12 - msg_id_0200 ==> 7E0200004266000000000231B900000000000C000300C646E3049FAC38038400000000260326102511010400000000140400000001150400000002160400000000170200002A020000300140310111177E
2026-03-26 10:25:43 - msg_id_0200 ==> 7E0200004266000000000231C400000000000C000300C646E0049FAC40038400000000260326102542010400000000140400000001150400000002160400000000170200002A020000300140310113407E
2026-03-26 10:26:14 - msg_id_0200 ==> 7E0200004266000000000231CF00000000000C000300C646DC049FAC40038400000000260326102613010400000000140400000001150400000002160400000000170200002A020000300140310111277E
2026-03-26 10:26:45 - msg_id_0200 ==> 7E0200004266000000000231DA00000000000C000300C646DD049FAC40038400000000260326102644010400000000140400000001150400000002160400000000170200002A020000300140310111647E
2026-03-26 10:27:16 - msg_id_0200 ==> 7E0200004266000000000231E500000000000C000300C646DE049FAC40038400000000260326102715010400000000140400000001150400000002160400000000170200002A0200003001403101120B7E
2026-03-26 10:27:47 - msg_id_0200 ==> 7E0200004266000000000231F000000000000C000300C646E0049FAC40038400000000260326102746010400000000140400000001150400000002160400000000170200002A020000300140310112737E
2026-03-26 10:28:18 - msg_id_0200 ==> 7E0200004266000000000231FB00000000000C000300C646DE049FAC40038400000000260326102817010400000000140400000001150400000002160400000000170200002A020000300140310113197E
2026-03-26 10:28:49 - msg_id_0200 ==> 7E02000042660000000002320600000000000C000300C646DD049FAC40038400000000260326102848010400000000140400000001150400000002160400000000170200002A020000300140310113BB7E
2026-03-26 10:29:20 - msg_id_0200 ==> 7E02000042660000000002321100000000000C000300C646DB049FAC40038400000000260326102919010400000000140400000001150400000002160400000000170200002A020000300140310113FA7E
2026-03-26 10:29:51 - msg_id_0200 ==> 7E02000042660000000002321C00000000000C000300C646DA049FAC40038400000000260326102950010400000000140400000001150400000002160400000000170200002A020000300140310113BF7E
2026-03-26 10:30:22 - msg_id_0200 ==> 7E02000042660000000002322700000000000C000300C646D8049FAC40038400000000260326103021010400000000140400000001150400000002160400000000170200002A020000300140310113EE7E
2026-03-26 10:30:53 - msg_id_0200 ==> 7E02000042660000000002323200000000000C000300C646D8049FAC48038400000000260326103052010400000000140400000001150400000002160400000000170200002A020000300140310113807E
2026-03-26 10:31:24 - msg_id_0200 ==> 7E02000042660000000002323D00000000000C000300C646D6049FAC48038400000000260326103123010400000000140400000001150400000002160400000000170200002A020000300140310113F17E
2026-03-26 10:31:55 - msg_id_0200 ==> 7E02000042660000000002324800000000000C000300C646D4049FAC48038500000000260326103154010400000000140400000001150400000002160400000000170200002A020000300140310113F07E
2026-03-26 10:32:26 - msg_id_0200 ==> 7E02000042660000000002325300000000000C000300C646D2049FAC48038500000000260326103225010400000000140400000001150400000002160400000000170200002A0200003001403101129E7E
2026-03-26 10:32:57 - msg_id_0200 ==> 7E02000042660000000002325E00000000000C000300C646D2049FAC48038500000000260326103256010400000000140400000001150400000002160400000000170200002A020000300140310113E17E
2026-03-26 10:33:28 - msg_id_0200 ==> 7E02000042660000000002326900000000000C000300C646D2049FAC48038500000000260326103327010400000000140400000001150400000002160400000000170200002A020000300140310112A77E
2026-03-26 10:33:59 - msg_id_0200 ==> 7E02000042660000000002327400000000000C000300C646CF049FAC48038500000000260326103358010400000000140400000001150400000002160400000000170200002A020000300140310112D87E
2026-03-26 10:34:30 - msg_id_0200 ==> 7E02000042660000000002327F00000100000C000300C646CE049FAC48038500000000260326103429010400000000140400000001150400000002160400000000170200002A020000300140310113A47E
2026-03-26 10:34:35 - msg_id_0200 ==> 7E02000042660000000002328200000000000C000300C646CE049FAC48038500000000260326103434010400000000140400000001150400000002160400000000170200002A020000300140310113457E
2026-03-26 10:35:06 - msg_id_0200 ==> 7E02000042660000000002328D00000000000C000300C646CF049FAC48038500000000260326103505010400000000140400000001150400000002160400000000170200002A0200003001403101147C7E
2026-03-26 10:35:37 - msg_id_0200 ==> 7E02000042660000000002329800000000000C000300C646D1049FAC48038500000000260326103536010400000000140400000001150400000002160400000000170200002A020000300140310114447E
2026-03-26 10:36:08 - msg_id_0200 ==> 7E0200004266000000000232A300000000000C000300C646D3049FAC48038500000000260326103607010400000000140400000001150400000002160400000000170200002A0200003001403101144F7E
2026-03-26 10:36:39 - msg_id_0200 ==> 7E0200004266000000000232AE00000000000C000300C646D5049FAC48038500000000260326103638010400000000140400000001150400000002160400000000170200002A0200003001403101147B7E
2026-03-26 10:37:10 - msg_id_0200 ==> 7E0200004266000000000232B900000000000C000300C646D5049FAC48038500000000260326103709010400000000140400000001150400000002160400000000170200002A0200003001403101155D7E
2026-03-26 10:37:41 - msg_id_0200 ==> 7E0200004266000000000232C400000000000C000300C646D7049FAC50038500000000260326103740010400000000140400000001150400000002160400000000170200002A020000300140310113757E
2026-03-26 10:38:12 - msg_id_0200 ==> 7E0200004266000000000232CF00000000000C000300C646DA049FAC50038500000000260326103811010400000000140400000001150400000002160400000000170200002A02000030013D310112517E
2026-03-26 10:38:43 - msg_id_0200 ==> 7E0200004266000000000232DA00000000000C000300C646DB049FAC50038500000000260326103842010400000000140400000001150400000002160400000000170200002A02000030013D310110147E
2026-03-26 10:39:14 - msg_id_0200 ==> 7E0200004266000000000232E500000000000C000300C646DB049FAC50038500000000260326103913010400000000140400000001150400000002160400000000170200002A02000030013D310112797E
2026-03-26 10:39:45 - msg_id_0200 ==> 7E0200004266000000000232F000000000000C000300C646DD049FAC50038500000000260326103944010400000000140400000001150400000002160400000000170200002A02000030013D3101103F7E
2026-03-26 10:40:16 - msg_id_0200 ==> 7E0200004266000000000232FB00000000000C000300C646DF049FAC50038500000000260326104015010400000000140400000001150400000002160400000000170200002A02000030013D3101131D7E
2026-03-26 10:40:47 - msg_id_0200 ==> 7E02000042660000000002330600000000000C000300C646E3049FAC50038500000000260326104046010400000000140400000001150400000002160400000000170200002A02000030013D3101138E7E
2026-03-26 10:41:18 - msg_id_0200 ==> 7E02000042660000000002331100000000000C000300C646EB049FAC58038500000000260326104117010400000000140400000001150400000002160400000000170200002A02000030013D310112C87E
2026-03-26 10:41:49 - msg_id_0200 ==> 7E02000042660000000002331C00000000000C000300C646F5049FAC58038500000000260326104148010400000000140400000001150400000002160400000000170200002A02000030013D310112847E
2026-03-26 10:42:20 - msg_id_0200 ==> 7E02000042660000000002332700000000000C000300C646FB049FAC50038500000000260326104219010400000000140400000001150400000002160400000000170200002A020000300140310113977E
2026-03-26 10:42:51 - msg_id_0200 ==> 7E02000042660000000002333200000000000C000300C646FF049FAC50038500000000260326104250010400000000140400000001150400000002160400000000170200002A020000300140310112CE7E
2026-03-26 10:43:22 - msg_id_0200 ==> 7E02000042660000000002333D00000000000C000300C64705049FAC58038500000000260326104321010400000000140400000001150400000002160400000000170200002A020000300140310111417E
2026-03-26 10:43:53 - msg_id_0200 ==> 7E02000042660000000002334800000000000C000300C6470A049FAC50038500000000260326104352010400000000140400000001150400000002160400000000170200002A020000300140310113427E
2026-03-26 10:44:24 - msg_id_0200 ==> 7E02000042660000000002335300000000000C000300C6470C049FAC50038500000000260326104423010400000000140400000001150400000002160400000000170200002A020000300140310112287E
2026-03-26 10:44:55 - msg_id_0200 ==> 7E02000042660000000002335E00000000000C000300C6470D049FAC50038500000000260326104454010400000000140400000001150400000002160400000000170200002A020000300140310112537E
2026-03-26 10:45:26 - msg_id_0200 ==> 7E02000042660000000002336900000000000C000300C64710049FAC50038400000000260326104525010400000000140400000001150400000002160400000000170200002A02000030013D310113747E
2026-03-26 10:45:57 - msg_id_0200 ==> 7E02000042660000000002337400000000000C000300C64714049FAC50038400000000260326104556010400000000140400000001150400000002160400000000170200002A020000300140310114647E
2026-03-26 10:46:27 - msg_id_0200 ==> 7E02000042660000000002337F00000100000C000300C64715049FAC58038400000000260326104626010400000000140400000001150400000002160400000000170200002A020000300140310114147E
2026-03-26 10:46:32 - msg_id_0200 ==> 7E02000042660000000002338200000000000C000300C64715049FAC58038400000000260326104631010400000000140400000001150400000002160400000000170200002A020000300140310113F87E
2026-03-26 10:47:03 - msg_id_0200 ==> 7E02000042660000000002338D00000000000C000300C64718049FAC58038400000000260326104702010400000000140400000001150400000002160400000000170200002A020000300140310114CF7E
2026-03-26 10:47:34 - msg_id_0200 ==> 7E02000042660000000002339800000000000C000300C6471C049FAC58038400000000260326104733010400000000140400000001150400000002160400000000170200002A020000300140310112E97E
2026-03-26 10:48:05 - msg_id_0200 ==> 7E0200004266000000000233A300000000000C000300C64721049FAC58038300000000260326104804010400000000140400000001150400000002160400000000170200002A020000300140310114D67E
2026-03-26 10:48:36 - msg_id_0200 ==> 7E0200004266000000000233AE00000000000C000300C64724049FAC58038300000000260326104835010400000000140400000001150400000002160400000000170200002A020000300140310113E87E
2026-03-26 10:49:07 - msg_id_0200 ==> 7E0200004266000000000233B900000000000C000300C64725049FAC58038300000000260326104906010400000000140400000001150400000002160400000000170200002A020000300140310114CB7E
2026-03-26 10:49:38 - msg_id_0200 ==> 7E0200004266000000000233C400000000000C000300C64729049FAC58038300000000260326104937010400000000140400000001150400000002160400000000170200002A0200003001403101138C7E
2026-03-26 10:50:09 - msg_id_0200 ==> 7E0200004266000000000233CF00000000000C000300C6472D049FAC50038300000000260326105008010400000000140400000001150400000002160400000000170200002A020000300140310114AA7E
2026-03-26 10:50:40 - msg_id_0200 ==> 7E0200004266000000000233DA00000000000C000300C64731049FAC50038300000000260326105039010400000000140400000001150400000002160400000000170200002A020000300140310112947E
2026-03-26 10:51:11 - msg_id_0200 ==> 7E0200004266000000000233E500000000000C000300C6472F049FAC50038300000000260326105110010400000000140400000001150400000002160400000000170200002A0200003001403101139C7E
2026-03-26 10:51:42 - msg_id_0200 ==> 7E0200004266000000000233F000000000000C000300C6472F049FAC50038300000000260326105141010400000000140400000001150400000002160400000000170200002A020000300140310113D87E
2026-03-26 10:52:13 - msg_id_0200 ==> 7E0200004266000000000233FB00000000000C000300C64733049FAC50038300000000260326105212010400000000140400000001150400000002160400000000170200002A02000030013D310113E27E
2026-03-26 10:52:44 - msg_id_0200 ==> 7E02000042660000000002340600000000000C000300C64735049FAC58038300000000260326105243010400000000140400000001150400000002160400000000170200002A0200003001403101133A7E
2026-03-26 10:53:15 - msg_id_0200 ==> 7E02000042660000000002341100000000000C000300C64739049FAC58038300000000260326105314010400000000140400000001150400000002160400000000170200002A02000030013D3101130A7E
2026-03-26 10:53:47 - msg_id_0200 ==> 7E02000042660000000002341C00000000000C000300C6473B049FAC58038300000000260326105345010400000000140400000001150400000002160400000000170200002A02000030013D310112557E
2026-03-26 10:54:17 - msg_id_0200 ==> 7E02000042660000000002342700000000000C000300C6473B049FAC58038300000000260326105416010400000000140400000001150400000002160400000000170200002A02000030013D3101133B7E
2026-03-26 10:54:49 - msg_id_0200 ==> 7E02000042660000000002343200000000000C000300C6473A049FAC58038300000000260326105447010400000000140400000001150400000002160400000000170200002A020000300140310113037E
2026-03-26 10:55:19 - msg_id_0200 ==> 7E02000042660000000002343D00000000000C000300C6473A049FAC58038300000000260326105518010400000000140400000001150400000002160400000000170200002A020000300140310112537E
2026-03-26 10:55:51 - msg_id_0200 ==> 7E02000042660000000002344800000000000C000300C6473C049FAC58038200000000260326105549010400000000140400000001150400000002160400000000170200002A020000300140310112707E
2026-03-26 10:56:21 - msg_id_0200 ==> 7E02000042660000000002345300000000000C000300C64740049FAC58038200000000260326105620010400000000140400000001150400000002160400000000170200002A0200003001403101127D017E
2026-03-26 10:57:01 - msg_id_0200 ==> 7E02000042660000000002345E00000000000C000300C6473E049FAC58038200000000260326105651010400000000140400000001150400000002160400000000170200002A0200003001403101117C7E
2026-03-26 10:57:23 - msg_id_0200 ==> 7E02000042660000000002346900000000000C000300C6473D049FAC58038300000000260326105722010400000000140400000001150400000002160400000000170200002A020000300143310110397E
2026-03-26 10:57:54 - msg_id_0200 ==> 7E02000042660000000002347400000000000C000300C6473E049FAC58038200000000260326105753010400000000140400000001150400000002160400000000170200002A020000300143310110577E
2026-03-26 10:58:25 - msg_id_0200 ==> 7E02000042660000000002347F00000100000C000300C6473E049FAC60038200000000260326105824010400000000140400000001150400000002160400000000170200002A0200003001403101111F7E
2026-03-26 10:58:30 - msg_id_0200 ==> 7E02000042660000000002348200000000000C000300C6473E049FAC60038200000000260326105829010400000000140400000001150400000002160400000000170200002A020000300140310110EF7E
2026-03-26 10:59:01 - msg_id_0200 ==> 7E02000042660000000002348D00000000000C000300C6473F049FAC60038200000000260326105900010400000000140400000001150400000002160400000000170200002A020000300140310110C97E
2026-03-26 10:59:32 - msg_id_0200 ==> 7E02000042660000000002349800000000000C000300C64742049FAC60038200000000260326105931010400000000140400000001150400000002160400000000170200002A02000030014031010F8F7E
2026-03-26 11:00:03 - msg_id_0200 ==> 7E0200004266000000000234A300000000000C000300C64743049FAC60038200000000260326110002010400000000140400000001150400000002160400000000170200002A020000300143310110C27E
2026-03-26 11:00:34 - msg_id_0200 ==> 7E0200004266000000000234AE00000000000C000300C64745049FAC60038300000000260326110033010400000000140400000001150400000002160400000000170200002A020000300143310110F97E
2026-03-26 11:01:05 - msg_id_0200 ==> 7E0200004266000000000234B900000000000C000300C64749049FAC60038300000000260326110104010400000000140400000001150400000002160400000000170200002A02000030013D310111AB7E
2026-03-26 11:01:36 - msg_id_0200 ==> 7E0200004266000000000234C400000000000C000300C6474A049FAC60038300000000260326110135010400000000140400000001150400000002160400000000170200002A020000300140310111997E
2026-03-26 11:02:07 - msg_id_0200 ==> 7E0200004266000000000234CF00000000000C000300C6474D049FAC60038300000000260326110206010400000000140400000001150400000002160400000000170200002A020000300140310112A67E
2026-03-26 11:02:38 - msg_id_0200 ==> 7E0200004266000000000234DA00000000000C000300C6474E049FAC60038300000000260326110237010400000000140400000001150400000002160400000000170200002A020000300140310112817E
2026-03-26 11:03:09 - msg_id_0200 ==> 7E0200004266000000000234E500000000000C000300C64752049FAC68038300000000260326110308010400000000140400000001150400000002160400000000170200002A020000300140310111977E
2026-03-26 11:03:40 - msg_id_0200 ==> 7E0200004266000000000234F000000000000C000300C64756049FAC68038300000000260326110339010400000000140400000001150400000002160400000000170200002A020000300140310111B77E
2026-03-26 11:04:11 - msg_id_0200 ==> 7E0200004266000000000234FB00000000000C000300C6475A049FAC68038300000000260326110410010400000000140400000001150400000002160400000000170200002A02000030014031010F807E
2026-03-26 11:04:42 - msg_id_0200 ==> 7E02000042660000000002350600000000000C000300C6475E049FAC68038300000000260326110441010400000000140400000001150400000002160400000000170200002A020000300140310113357E
2026-03-26 11:05:13 - msg_id_0200 ==> 7E02000042660000000002351100000000000C000300C64761049FAC68038300000000260326110512010400000000140400000001150400000002160400000000170200002A0200003001403101134F7E
2026-03-26 11:05:44 - msg_id_0200 ==> 7E02000042660000000002351C00000000000C000300C64766049FAC68038300000000260326110543010400000000140400000001150400000002160400000000170200002A020000300140310114137E
2026-03-26 11:06:15 - msg_id_0200 ==> 7E02000042660000000002352700000000000C000300C6476D049FAC68038300000000260326110614010400000000140400000001150400000002160400000000170200002A020000300140310114777E
2026-03-26 11:06:46 - msg_id_0200 ==> 7E02000042660000000002353200000000000C000300C64772049FAC68038300000000260326110645010400000000140400000001150400000002160400000000170200002A0200003001403101132B7E
2026-03-26 11:07:17 - msg_id_0200 ==> 7E02000042660000000002353D00000000000C000300C64776049FAC70038300000000260326110716010400000000140400000001150400000002160400000000170200002A0200003001403101136A7E
2026-03-26 11:07:48 - msg_id_0200 ==> 7E02000042660000000002354800000000000C000300C64779049FAC70038300000000260326110747010400000000140400000001150400000002160400000000170200002A02000030013D3101133C7E
2026-03-26 11:08:19 - msg_id_0200 ==> 7E02000042660000000002355300000000000C000300C64779049FAC70038300000000260326110818010400000000140400000001150400000002160400000000170200002A02000030013D310113777E
2026-03-26 11:08:50 - msg_id_0200 ==> 7E02000042660000000002355E00000000000C000300C6477B049FAC68038300000000260326110849010400000000140400000001150400000002160400000000170200002A02000030013D310114367E
2026-03-26 11:09:21 - msg_id_0200 ==> 7E02000042660000000002356900000000000C000300C6477C049FAC68038300000000260326110920010400000000140400000001150400000002160400000000170200002A020000300140310113147E
2026-03-26 11:09:52 - msg_id_0200 ==> 7E02000042660000000002357400000000000C000300C6477D01049FAC68038300000000260326110951010400000000140400000001150400000002160400000000170200002A020000300140310113797E
2026-03-26 11:10:22 - msg_id_0200 ==> 7E02000042660000000002357F00000100000C000300C6477D02049FAC68038300000000260326111021010400000000140400000001150400000002160400000000170200002A0200003001403101141E7E
2026-03-26 11:10:27 - msg_id_0200 ==> 7E02000042660000000002358200000000000C000300C6477D02049FAC68038300000000260326111027010400000000140400000001150400000002160400000000170200002A020000300140310113E37E
2026-03-26 11:10:59 - msg_id_0200 ==> 7E02000042660000000002358D00000000000C000300C6477D01049FAC68038300000000260326111058010400000000140400000001150400000002160400000000170200002A020000300140310113907E
2026-03-26 11:11:30 - msg_id_0200 ==> 7E02000042660000000002359800000000000C000300C6477C049FAC68038300000000260326111129010400000000140400000001150400000002160400000000170200002A02000030014031010FE87E
2026-03-26 11:12:01 - msg_id_0200 ==> 7E0200004266000000000235A300000000000C000300C6477C049FAC68038300000000260326111200010400000000140400000001150400000002160400000000170200002A020000300143310111E47E
2026-03-26 11:12:32 - msg_id_0200 ==> 7E0200004266000000000235AE00000000000C000300C6477A049FAC60038300000000260326111231010400000000140400000001150400000002160400000000170200002A020000300140310112D67E
2026-03-26 11:13:03 - msg_id_0200 ==> 7E0200004266000000000235B900000000000C000300C64776049FAC60038300000000260326111302010400000000140400000001150400000002160400000000170200002A020000300140310111FC7E
2026-03-26 11:13:34 - msg_id_0200 ==> 7E0200004266000000000235C400000000000C000300C64775049FAC60038300000000260326111333010400000000140400000001150400000002160400000000170200002A020000300140310112B07E
2026-03-26 11:14:05 - msg_id_0200 ==> 7E0200004266000000000235CF00000000000C000300C64776049FAC60038300000000260326111404010400000000140400000001150400000002160400000000170200002A020000300140310113897E
2026-03-26 11:14:36 - msg_id_0200 ==> 7E0200004266000000000235DA00000000000C000300C64775049FAC60038300000000260326111435010400000000140400000001150400000002160400000000170200002A020000300140310113AE7E
2026-03-26 11:15:07 - msg_id_0200 ==> 7E0200004266000000000235E500000000000C000300C64774049FAC60038300000000260326111506010400000000140400000001150400000002160400000000170200002A020000300140310112A37E
2026-03-26 11:15:38 - msg_id_0200 ==> 7E0200004266000000000235F000000000000C000300C64772049FAC60038300000000260326111537010400000000140400000001150400000002160400000000170200002A020000300140310113807E
2026-03-26 11:16:09 - msg_id_0200 ==> 7E0200004266000000000235FB00000000000C000300C64771049FAC60038300000000260326111608010400000000140400000001150400000002160400000000170200002A020000300140310113B47E
2026-03-26 11:16:40 - msg_id_0200 ==> 7E02000042660000000002360600000000000C000300C64771049FAC60038300000000260326111639010400000000140400000001150400000002160400000000170200002A0200003001403101137B7E
2026-03-26 11:17:11 - msg_id_0200 ==> 7E02000042660000000002361100000000000C000300C6476F049FAC60038300000000260326111710010400000000140400000001150400000002160400000000170200002A02000030013D310113277E
2026-03-26 11:18:38 - msg_id_0200 ==> 7E02000042660000000002000200000000000C000300C646AA049FAAF8039F00000000260326111837010400000000140400000000150400000000160400000000170200002A020000300150310110017E
2026-03-26 11:19:09 - msg_id_0200 ==> 7E02000042660000000002000D00000000000C000300C646BB049FAB08039A00000000260326111908010400000000140400000000150400000000160400000000170200002A020000300150310110D57E
2026-03-26 11:19:40 - msg_id_0200 ==> 7E02000042660000000002001800000000000C000300C646C3049FAB10039900000000260326111939010400000000140400000000150400000000160400000000170200002A020000300150310111937E
2026-03-26 11:20:11 - msg_id_0200 ==> 7E02000042660000000002002300000000000C000300C646C6049FAB30039800000000260326112010010400000000140400000000150400000000160400000000170200002A0200003001503101129F7E
2026-03-26 11:20:42 - msg_id_0200 ==> 7E02000042660000000002002E00000000000C000300C646CE049FAB48039700000000260326112041010400000000140400000000150400000000160400000000170200002A020000300150310112BC7E
2026-03-26 11:21:13 - msg_id_0200 ==> 7E02000042660000000002003900000000000C000300C646DA049FAB60039400000000260326112112010400000000140400000000150400000000160400000000170200002A020000300150310113C77E
2026-03-26 11:21:44 - msg_id_0200 ==> 7E02000042660000000002004400000000000C000300C646E4049FAB70039300000000260326112143010400000000140400000000150400000000160400000000170200002A020000300153310113C17E
2026-03-26 11:22:15 - msg_id_0200 ==> 7E02000042660000000002004F00000000000C000300C646ED049FAB78039200000000260326112214010400000000140400000000150400000000160400000000170200002A0200003001503101149A7E
2026-03-26 11:22:46 - msg_id_0200 ==> 7E02000042660000000002005A00000000000C000300C646F4049FAB88039100000000260326112245010400000000140400000000150400000000160400000000170200002A020000300150310114347E
2026-03-26 11:23:17 - msg_id_0200 ==> 7E02000042660000000002006500000000000C000300C646FD049FAB88039000000000260326112316010400000000140400000000150400000000160400000000170200002A020000300150310114517E
2026-03-26 11:23:48 - msg_id_0200 ==> 7E02000042660000000002007000000000000C000300C64700049FAB90038F00000000260326112347010400000000140400000000150400000000160400000000170200002A020000300150310114EE7E
2026-03-26 11:24:19 - msg_id_0200 ==> 7E02000042660000000002007B00000000000C000300C64703049FAB90038F00000000260326112418010400000000140400000000150400000000160400000000170200002A020000300150310113B97E
2026-03-26 11:24:28 - msg_id_0200 ==> 7E02000042660000000002007F00000100000C000300C64704049FAB90038F00000000260326112427010400000000140400000000150400000000160400000000170200002A020000300150310113847E
2026-03-26 11:24:50 - msg_id_0200 ==> 7E02000042660000000002008700000000000C000300C64707049FAB90038F00000000260326112449010400000000140400000000150400000000160400000000170200002A020000300150310114177E
2026-03-26 11:25:21 - msg_id_0200 ==> 7E02000042660000000002009200000000000C000300C64708049FAB90038F00000000260326112520010400000000140400000000150400000000160400000000170200002A020000300153310114667E
2026-03-26 11:25:52 - msg_id_0200 ==> 7E02000042660000000002009D00000000000C000300C64707049FAB90038F00000000260326112551010400000000140400000000150400000000160400000000170200002A020000300153310114177E
2026-03-26 11:26:23 - msg_id_0200 ==> 7E0200004266000000000200A800000000000C000300C6470A049FAB90039000000000260326112622010400000000140400000000150400000000160400000000170200002A020000300150310114437E
2026-03-26 11:26:54 - msg_id_0200 ==> 7E0200004266000000000200B300000000000C000300C6470E049FAB98038F00000000260326112653010400000000140400000000150400000000160400000000170200002A0200003001533101123F7E
2026-03-26 11:27:25 - msg_id_0200 ==> 7E0200004266000000000200BE00000000000C000300C64712049FAB98038F00000000260326112724010400000000140400000000150400000000160400000000170200002A0200003001533101145E7E
2026-03-26 11:27:56 - msg_id_0200 ==> 7E0200004266000000000200C900000000000C000300C64717049FABA0038E00000000260326112755010400000000140400000000150400000000160400000000170200002A020000300153310115657E
2026-03-26 11:28:27 - msg_id_0200 ==> 7E0200004266000000000200D400000000000C000300C6471B049FABA0038E00000000260326112826010400000000140400000000150400000000160400000000170200002A020000300153310114097E
2026-03-26 11:28:58 - msg_id_0200 ==> 7E0200004266000000000200DF00000000000C000300C6471D049FABA8038E00000000260326112857010400000000140400000000150400000000160400000000170200002A0200003001533101157C7E
2026-03-26 11:29:29 - msg_id_0200 ==> 7E0200004266000000000200EA00000000000C000300C6471B049FABA8038D00000000260326112928010400000000140400000000150400000000160400000000170200002A020000300153310113347E
2026-03-26 11:30:00 - msg_id_0200 ==> 7E0200004266000000000200F500000000000C000300C6471A049FABB0038D00000000260326112959010400000000140400000000150400000000160400000000170200002A020000300153310115457E
2026-03-26 11:30:31 - msg_id_0200 ==> 7E02000042660000000002010000000000000C000300C64719049FABB0038D00000000260326113030010400000000140400000000150400000000160400000000170200002A020000300150310115C17E
2026-03-26 11:31:02 - msg_id_0200 ==> 7E02000042660000000002010B00000000000C000300C64719049FABB0038D00000000260326113101010400000000140400000000150400000000160400000000170200002A020000300150310115FA7E
2026-03-26 11:31:33 - msg_id_0200 ==> 7E02000042660000000002011600000000000C000300C6471E049FABB0038C00000000260326113132010400000000140400000000150400000000160400000000170200002A020000300153310112D67E
2026-03-26 11:32:04 - msg_id_0200 ==> 7E02000042660000000002012100000000000C000300C64722049FABB8038B00000000260326113203010400000000140400000000150400000000160400000000170200002A020000300153310112E07E
2026-03-26 11:32:35 - msg_id_0200 ==> 7E02000042660000000002012C00000000000C000300C64722049FABC0038B00000000260326113234010400000000140400000000150400000000160400000000170200002A020000300150310111A27E
2026-03-26 11:33:06 - msg_id_0200 ==> 7E02000042660000000002013700000000000C000300C64723049FABC8038B00000000260326113305010400000000140400000000150400000000160400000000170200002A020000300150310112837E
2026-03-26 11:33:37 - msg_id_0200 ==> 7E02000042660000000002014200000000000C000300C64725049FABD0038B00000000260326113336010400000000140400000000150400000000160400000000170200002A020000300150310112DB7E
2026-03-26 11:34:08 - msg_id_0200 ==> 7E02000042660000000002014D00000000000C000300C64725049FABD8038B00000000260326113407010400000000140400000000150400000000160400000000170200002A020000300150310113EB7E
2026-03-26 11:34:39 - msg_id_0200 ==> 7E02000042660000000002015800000000000C000300C64729049FABD8038A00000000260326113438010400000000140400000000150400000000160400000000170200002A020000300150310114CB7E
2026-03-26 11:35:10 - msg_id_0200 ==> 7E02000042660000000002016300000000000C000300C64729049FABE0038A00000000260326113509010400000000140400000000150400000000160400000000170200002A020000300150310115F97E
2026-03-26 11:35:41 - msg_id_0200 ==> 7E02000042660000000002016E00000000000C000300C6472A049FABE0038A00000000260326113540010400000000140400000000150400000000160400000000170200002A020000300153310114BC7E
2026-03-26 11:36:12 - msg_id_0200 ==> 7E02000042660000000002017900000000000C000300C6472A049FABE8038A00000000260326113611010400000000140400000000150400000000160400000000170200002A020000300150310116F07E
2026-03-26 11:36:28 - msg_id_0200 ==> 7E02000042660000000002017F00000100000C000300C64729049FABE8038A00000000260326113627010400000000140400000000150400000000160400000000170200002A020000300150310116C27E
2026-03-26 11:36:43 - msg_id_0200 ==> 7E02000042660000000002018500000000000C000300C64729049FABE8038A00000000260326113642010400000000140400000000150400000000160400000000170200002A0200003001503101165C7E
2026-03-26 11:37:14 - msg_id_0200 ==> 7E02000042660000000002019000000000000C000300C6472B049FABE8038A00000000260326113713010400000000140400000000150400000000160400000000170200002A020000300150310115187E
2026-03-26 11:37:45 - msg_id_0200 ==> 7E02000042660000000002019B00000000000C000300C6472B049FABE8038900000000260326113744010400000000140400000000150400000000160400000000170200002A020000300150310114467E
2026-03-26 11:38:16 - msg_id_0200 ==> 7E0200004266000000000201A600000000000C000300C6472C049FABE8038900000000260326113815010400000000140400000000150400000000160400000000170200002A020000300150310114227E
2026-03-26 11:38:47 - msg_id_0200 ==> 7E0200004266000000000201B100000000000C000300C6472C049FABE8038900000000260326113846010400000000140400000000150400000000160400000000170200002A020000300150310114667E
2026-03-26 11:39:18 - msg_id_0200 ==> 7E0200004266000000000201BC00000000000C000300C6472B049FABE8038900000000260326113917010400000000140400000000150400000000160400000000170200002A0200003001503101143C7E
2026-03-26 11:39:49 - msg_id_0200 ==> 7E0200004266000000000201C700000000000C000300C6472A049FABE8038900000000260326113948010400000000140400000000150400000000160400000000170200002A0200003001503101131E7E
2026-03-26 11:40:20 - msg_id_0200 ==> 7E0200004266000000000201D200000000000C000300C64728049FABF0038900000000260326114019010400000000140400000000150400000000160400000000170200002A020000300150310112387E
2026-03-26 11:40:51 - msg_id_0200 ==> 7E0200004266000000000201DD00000000000C000300C64728049FABF0038900000000260326114050010400000000140400000000150400000000160400000000170200002A020000300150310114787E
2026-03-26 11:41:22 - msg_id_0200 ==> 7E0200004266000000000201E800000000000C000300C64729049FABF0038900000000260326114121010400000000140400000000150400000000160400000000170200002A0200003001503101143C7E
2026-03-26 11:41:53 - msg_id_0200 ==> 7E0200004266000000000201F300000000000C000300C6472A049FABF0038900000000260326114152010400000000140400000000150400000000160400000000170200002A020000300150310114577E
2026-03-26 11:42:24 - msg_id_0200 ==> 7E0200004266000000000201FE00000000000C000300C6472B049FABF0038900000000260326114223010400000000140400000000150400000000160400000000170200002A020000300150310114297E
2026-03-26 11:42:55 - msg_id_0200 ==> 7E02000042660000000002020900000000000C000300C6472C049FABF8038900000000260326114254010400000000140400000000150400000000160400000000170200002A020000300150310114A57E
2026-03-26 11:43:26 - msg_id_0200 ==> 7E02000042660000000002021400000000000C000300C6472D049FABF8038800000000260326114325010400000000140400000000150400000000160400000000170200002A020000300150310116CA7E
2026-03-26 11:43:57 - msg_id_0200 ==> 7E02000042660000000002021F00000000000C000300C6472B049FABF8038800000000260326114356010400000000140400000000150400000000160400000000170200002A020000300150310114B67E
2026-03-26 11:44:28 - msg_id_0200 ==> 7E02000042660000000002022A00000000000C000300C64729049FABF8038800000000260326114427010400000000140400000000150400000000160400000000170200002A020000300140310115E67E
2026-03-26 11:44:59 - msg_id_0200 ==> 7E02000042660000000002023500000000000C000300C64721049FABF8038800000000260326114458010400000000140400000000150400000000160400000000170200002A02000030013D310114F27E
2026-03-26 11:45:30 - msg_id_0200 ==> 7E02000042660000000002024000000000000C000300C64724049FABF8038800000000260326114529010400000000140400000000150400000000160400000000170200002A02000030013D310114F27E
2026-03-26 11:46:01 - msg_id_0200 ==> 7E02000042660000000002024B00000000000C000300C64721049FABF8038800000000260326114600010400000000140400000000150400000000160400000000170200002A02000030013D310114D67E
2026-03-26 11:46:32 - msg_id_0200 ==> 7E02000042660000000002025600000000000C000300C6471F049FABF8038800000000260326114631010400000000140400000000150400000000160400000000170200002A02000030013D310113C37E
2026-03-26 11:47:03 - msg_id_0200 ==> 7E02000042660000000002026100000000000C000300C6471F049FAC00038800000000260326114702010400000000140400000000150400000000160400000000170200002A02000030013D3101143E7E
2026-03-26 11:47:34 - msg_id_0200 ==> 7E02000042660000000002026C00000000000C000300C64721049FAC00038800040000260326114733010400000000140400000000150400000000160400000000170200002A02000030013D310115397E
2026-03-26 11:48:05 - msg_id_0200 ==> 7E02000042660000000002027700000000000C000300C64722049FAC00038800000000260326114804010400000000140400000000150400000000160400000000170200002A02000030013D3101161E7E
2026-03-26 11:48:25 - msg_id_0200 ==> 7E02000042660000000002027F00000100000C000300C64722049FAC00038800000000260326114824010400000000140400000000150400000000160400000000170200002A02000030013D310114357E
2026-03-26 11:48:36 - msg_id_0200 ==> 7E02000042660000000002028400000000000C000300C64720049FAC00038800000000260326114835010400000000140400000000150400000000160400000000170200002A02000030013D310116DE7E
2026-03-26 11:49:07 - msg_id_0200 ==> 7E02000042660000000002028F00000000000C000300C6471F049FAC00038800000000260326114906010400000000140400000000150400000000160400000000170200002A02000030013D310116D87E
2026-03-26 11:49:38 - msg_id_0200 ==> 7E02000042660000000002029A00000000000C000300C6471C049FAC00038800000000260326114937010400000000140400000000150400000000160400000000170200002A02000030013D310113FA7E
2026-03-26 11:50:09 - msg_id_0200 ==> 7E0200004266000000000202A500000000000C000300C6471A049FAC00038800000000260326115008010400000000140400000000150400000000160400000000170200002A02000030013D310115E37E
2026-03-26 11:50:40 - msg_id_0200 ==> 7E0200004266000000000202B000000000000C000300C6471B049FAC00038800000000260326115039010400000000140400000000150400000000160400000000170200002A02000030013D310115C67E
2026-03-26 11:51:11 - msg_id_0200 ==> 7E0200004266000000000202BB00000000000C000300C6471C049FAC00038800000000260326115110010400000000140400000000150400000000160400000000170200002A02000030013D310116E17E
2026-03-26 11:51:42 - msg_id_0200 ==> 7E0200004266000000000202C600000000000C000300C6471B049FAC00038800000000260326115141010400000000140400000000150400000000160400000000170200002A02000030013D310116CA7E
2026-03-26 11:52:13 - msg_id_0200 ==> 7E0200004266000000000202D100000000000C000300C64719049FAC00038800000000260326115212010400000000140400000000150400000000160400000000170200002A02000030013D3101158C7E
2026-03-26 11:52:44 - msg_id_0200 ==> 7E0200004266000000000202DC00000000000C000300C64718049FAC00038800000000260326115243010400000000140400000000150400000000160400000000170200002A02000030013D310116D27E
2026-03-26 11:53:15 - msg_id_0200 ==> 7E0200004266000000000202E700000000000C000300C64718049FAC00038800000000260326115314010400000000140400000000150400000000160400000000170200002A02000030013D310115BC7E
2026-03-26 11:53:46 - msg_id_0200 ==> 7E0200004266000000000202F200000000000C000300C64717049FAC00038800000000260326115345010400000000140400000000150400000000160400000000170200002A02000030013D310116F47E
2026-03-26 11:54:17 - msg_id_0200 ==> 7E0200004266000000000202FD00000000000C000300C64715049FAC00038800000000260326115416010400000000140400000000150400000000160400000000170200002A02000030013D310116AD7E
2026-03-26 11:54:48 - msg_id_0200 ==> 7E02000042660000000002030800000000000C000300C64714049FAC00038800000000260326115447010400000000140400000000150400000000160400000000170200002A02000030013D3101150A7E
2026-03-26 11:55:19 - msg_id_0200 ==> 7E02000042660000000002031300000000000C000300C64714049FAC08038800000000260326115518010400000000140400000000150400000000160400000000170200002A02000030013D310116447E
2026-03-26 11:55:50 - msg_id_0200 ==> 7E02000042660000000002031E00000000000C000300C64712049FAC08038800000000260326115549010400000000140400000000150400000000160400000000170200002A020000300140310116637E
2026-03-26 11:56:21 - msg_id_0200 ==> 7E02000042660000000002032900000000000C000300C64710049FAC10038800000000260326115620010400000000140400000000150400000000160400000000170200002A02000030013D3101155A7E
2026-03-26 11:56:52 - msg_id_0200 ==> 7E02000042660000000002033400000000000C000300C6470F049FAC10038800000000260326115651010400000000140400000000150400000000160400000000170200002A020000300140310115547E
2026-03-26 11:57:23 - msg_id_0200 ==> 7E02000042660000000002033F00000000000C000300C64710049FAC10038800000000260326115722010400000000140400000000150400000000160400000000170200002A020000300140310113347E
2026-03-26 11:57:54 - msg_id_0200 ==> 7E02000042660000000002034A00000000000C000300C64710049FAC10038800000000260326115753010400000000140400000000150400000000160400000000170200002A02000030013A3101134A7E
2026-03-26 11:58:25 - msg_id_0200 ==> 7E02000042660000000002035500000000000C000300C6470F049FAC10038800000000260326115824010400000000140400000000150400000000160400000000170200002A02000030013D310113357E
2026-03-26 11:58:56 - msg_id_0200 ==> 7E02000042660000000002036000000000000C000300C6470F049FAC10038800000000260326115855010400000000140400000000150400000000160400000000170200002A02000030013D310114767E
2026-03-26 11:59:27 - msg_id_0200 ==> 7E02000042660000000002036B00000000000C000300C6470F049FAC10038800000000260326115926010400000000140400000000150400000000160400000000170200002A02000030013D310113087E
2026-03-26 11:59:58 - msg_id_0200 ==> 7E02000042660000000002037600000000000C000300C64713049FAC10038800000000260326115957010400000000140400000000150400000000160400000000170200002A02000030013D310113787E
2026-03-26 12:00:23 - msg_id_0200 ==> 7E02000042660000000002037F00000100000C000300C64717049FAC18038800000000260326120022010400000000140400000000150400000000160400000000170200002A02000030013D310113537E
2026-03-26 12:00:29 - msg_id_0200 ==> 7E02000042660000000002038200000000000C000300C64717049FAC10038800000000260326120028010400000000140400000000150400000000160400000000170200002A02000030013D310112AC7E
2026-03-26 12:00:59 - msg_id_0200 ==> 7E02000042660000000002038D00000000000C000300C64718049FAC18038800000000260326120059010400000000140400000000150400000000160400000000170200002A02000030013D310111D67E
2026-03-26 12:01:31 - msg_id_0200 ==> 7E02000042660000000002039800000000000C000300C64718049FAC18038800000000260326120130010400000000140400000000150400000000160400000000170200002A02000030013D310112A87E
2026-03-26 12:02:02 - msg_id_0200 ==> 7E0200004266000000000203A300000000000C000300C64718049FAC18038800000000260326120201010400000000140400000000150400000000160400000000170200002A02000030013D310112A17E
2026-03-26 12:02:32 - msg_id_0200 ==> 7E0200004266000000000203AE00000000000C000300C64718049FAC18038800000000260326120232010400000000140400000000150400000000160400000000170200002A020000300140310110E07E
2026-03-26 12:03:04 - msg_id_0200 ==> 7E0200004266000000000203B900000000000C000300C6471B049FAC18038800000000260326120303010400000000140400000000150400000000160400000000170200002A02000030013D310112BB7E
2026-03-26 12:03:35 - msg_id_0200 ==> 7E0200004266000000000203C400000000000C000300C6471D049FAC20038800000000260326120334010400000000140400000000150400000000160400000000170200002A02000030013D310114C97E
2026-03-26 12:04:05 - msg_id_0200 ==> 7E0200004266000000000203CF00000000000C000300C6471C049FAC20038800000000260326120405010400000000140400000000150400000000160400000000170200002A02000030013D310114F57E
2026-03-26 12:04:37 - msg_id_0200 ==> 7E0200004266000000000203DA00000000000C000300C6471B049FAC20038800000000260326120436010400000000140400000000150400000000160400000000170200002A02000030013D310112D27E
2026-03-26 12:05:08 - msg_id_0200 ==> 7E0200004266000000000203E500000000000C000300C6471D049FAC20038800000000260326120507010400000000140400000000150400000000160400000000170200002A020000300140310114A07E
2026-03-26 12:05:39 - msg_id_0200 ==> 7E0200004266000000000203F000000000000C000300C6471E049FAC20038800000000260326120538010400000000140400000000150400000000160400000000170200002A02000030013D310113F37E
2026-03-26 12:06:10 - msg_id_0200 ==> 7E0200004266000000000203FB00000000000C000300C6471F049FAC20038800000000260326120609010400000000140400000000150400000000160400000000170200002A02000030013D310112CA7E
2026-03-26 12:06:41 - msg_id_0200 ==> 7E02000042660000000002040600000000000C000300C64720049FAC20038800000000260326120640010400000000140400000000150400000000160400000000170200002A02000030013D310113477E
2026-03-26 12:07:12 - msg_id_0200 ==> 7E02000042660000000002041100000000000C000300C64722049FAC20038800000000260326120711010400000000140400000000150400000000160400000000170200002A0200003001403101127D027E
2026-03-26 12:07:43 - msg_id_0200 ==> 7E02000042660000000002041C00000000000C000300C64724049FAC20038800000000260326120742010400000000140400000000150400000000160400000000170200002A020000300140310113277E
2026-03-26 12:08:14 - msg_id_0200 ==> 7E02000042660000000002042700000000000C000300C64725049FAC20038800000000260326120813010400000000140400000000150400000000160400000000170200002A020000300140310112427E
2026-03-26 12:08:45 - msg_id_0200 ==> 7E02000042660000000002043200000000000C000300C64728049FAC28038800000000260326120844010400000000140400000000150400000000160400000000170200002A020000300140310111067E
2026-03-26 12:09:16 - msg_id_0200 ==> 7E02000042660000000002043D00000000000C000300C64727049FAC28038800000000260326120915010400000000140400000000150400000000160400000000170200002A02000030013D3101102A7E
2026-03-26 12:09:47 - msg_id_0200 ==> 7E02000042660000000002044800000000000C000300C64728049FAC28038800000000260326120946010400000000140400000000150400000000160400000000170200002A02000030013D310111027E
2026-03-26 12:10:18 - msg_id_0200 ==> 7E02000042660000000002045300000000000C000300C64728049FAC28038800000000260326121017010400000000140400000000150400000000160400000000170200002A02000030013D310112527E
2026-03-26 12:10:49 - msg_id_0200 ==> 7E02000042660000000002045E00000000000C000300C64729049FAC28038800000000260326121048010400000000140400000000150400000000160400000000170200002A02000030013D310112017E
2026-03-26 12:11:20 - msg_id_0200 ==> 7E02000042660000000002046900000000000C000300C64727049FAC28038800000000260326121119010400000000140400000000150400000000160400000000170200002A02000030013D3101106A7E
2026-03-26 12:11:51 - msg_id_0200 ==> 7E02000042660000000002047400000000000C000300C64727049FAC30038900000000260326121150010400000000140400000000150400000000160400000000170200002A02000030013D310111267E
2026-03-26 12:12:20 - msg_id_0200 ==> 7E02000042660000000002047F00000100000C000300C64728049FAC30038900000000260326121219010400000000140400000000150400000000160400000000170200002A02000030013D3101126A7E
2026-03-26 12:12:26 - msg_id_0200 ==> 7E02000042660000000002048200000000000C000300C64728049FAC30038900000000260326121224010400000000140400000000150400000000160400000000170200002A02000030013D310113AA7E
2026-03-26 12:12:56 - msg_id_0200 ==> 7E02000042660000000002048D00000000000C000300C64728049FAC30038900000000260326121255010400000000140400000000150400000000160400000000170200002A020000300140310112A87E
2026-03-26 12:13:27 - msg_id_0200 ==> 7E02000042660000000002049800000000000C000300C64727049FAC30038900000000260326121326010400000000140400000000150400000000160400000000170200002A020000300140310114C67E
2026-03-26 12:13:58 - msg_id_0200 ==> 7E0200004266000000000204A300000000000C000300C64728049FAC38038900000000260326121357010400000000140400000000150400000000160400000000170200002A0200003001403101148B7E
2026-03-26 12:14:29 - msg_id_0200 ==> 7E0200004266000000000204AE00000000000C000300C64728049FAC38038900000000260326121428010400000000140400000000150400000000160400000000170200002A02000030013D310113847E
2026-03-26 12:15:00 - msg_id_0200 ==> 7E0200004266000000000204B900000000000C000300C64729049FAC40038900000000260326121459010400000000140400000000150400000000160400000000170200002A02000030013D3101159D7E
2026-03-26 12:15:31 - msg_id_0200 ==> 7E0200004266000000000204C400000000000C000300C6472A049FAC40038900000000260326121530010400000000140400000000150400000000160400000000170200002A02000030013D3101158B7E
2026-03-26 12:16:02 - msg_id_0200 ==> 7E0200004266000000000204CF00000000000C000300C64728049FAC40038900000000260326121601010400000000140400000000150400000000160400000000170200002A020000300140310115CD7E
2026-03-26 12:16:33 - msg_id_0200 ==> 7E0200004266000000000204DA00000000000C000300C6472B049FAC48038900000000260326121632010400000000140400000000150400000000160400000000170200002A020000300140310113E67E
2026-03-26 12:17:04 - msg_id_0200 ==> 7E0200004266000000000204E500000000000C000300C6472E049FAC48038900000000260326121703010400000000140400000000150400000000160400000000170200002A02000030013D310114967E
2026-03-26 12:17:35 - msg_id_0200 ==> 7E0200004266000000000204F000000000000C000300C6472E049FAC48038900000000260326121734010400000000140400000000150400000000160400000000170200002A02000030013D310114B47E
2026-03-26 12:18:06 - msg_id_0200 ==> 7E0200004266000000000204FB00000000000C000300C6472E049FAC50038900000000260326121805010400000000140400000000150400000000160400000000170200002A02000030013D3101139E7E
2026-03-26 12:18:37 - msg_id_0200 ==> 7E02000042660000000002050600000000000C000300C6472F049FAC50038900000000260326121836010400000000140400000000150400000000160400000000170200002A02000030013D310115567E
2026-03-26 12:19:08 - msg_id_0200 ==> 7E02000042660000000002051100000000000C000300C6472E049FAC58038900000000260326121907010400000000140400000000150400000000160400000000170200002A02000030013D310115787E
2026-03-26 12:19:39 - msg_id_0200 ==> 7E02000042660000000002051C00000000000C000300C6472E049FAC58038900000000260326121938010400000000140400000000150400000000160400000000170200002A02000030013D3101154A7E
2026-03-26 12:20:10 - msg_id_0200 ==> 7E02000042660000000002052700000000000C000300C6472D049FAC58038800000000260326122009010400000000140400000000150400000000160400000000170200002A02000030013D3101137D017E
2026-03-26 12:20:41 - msg_id_0200 ==> 7E02000042660000000002053200000000000C000300C6472E049FAC58038900000000260326122040010400000000140400000000150400000000160400000000170200002A02000030013D310113237E
2026-03-26 12:21:12 - msg_id_0200 ==> 7E02000042660000000002053D00000000000C000300C6472F049FAC60038900000000260326122111010400000000140400000000150400000000160400000000170200002A020000300140310113387E
2026-03-26 12:21:43 - msg_id_0200 ==> 7E02000042660000000002054800000000000C000300C64730049FAC60038900000000260326122142010400000000140400000000150400000000160400000000170200002A020000300140310112007E
2026-03-26 12:22:14 - msg_id_0200 ==> 7E02000042660000000002055300000000000C000300C6472F049FAC68038800000000260326122213010400000000140400000000150400000000160400000000170200002A0200003001403101135E7E
2026-03-26 12:22:45 - msg_id_0200 ==> 7E02000042660000000002055E00000000000C000300C64731049FAC68038900000000260326122244010400000000140400000000150400000000160400000000170200002A0200003001403101121A7E
2026-03-26 12:23:16 - msg_id_0200 ==> 7E02000042660000000002056900000000000C000300C64731049FAC68038900000000260326122315010400000000140400000000150400000000160400000000170200002A02000030013D310114067E
2026-03-26 12:23:47 - msg_id_0200 ==> 7E02000042660000000002057400000000000C000300C64733049FAC68038900000000260326122346010400000000140400000000150400000000160400000000170200002A02000030013D3101134D7E
2026-03-26 12:24:18 - msg_id_0200 ==> 7E02000042660000000002057F00000100000C000300C64732049FAC68038900000000260326122417010400000000140400000000150400000000160400000000170200002A02000030013D310110137E
2026-03-26 12:24:23 - msg_id_0200 ==> 7E02000042660000000002058200000000000C000300C64732049FAC68038900000000260326122422010400000000140400000000150400000000160400000000170200002A02000030013D31010FC57E
2026-03-26 12:24:54 - msg_id_0200 ==> 7E02000042660000000002058D00000000000C000300C64734049FAC68038900000000260326122453010400000000140400000000150400000000160400000000170200002A02000030013D310111A37E
2026-03-26 12:25:25 - msg_id_0200 ==> 7E02000042660000000002059800000000000C000300C64735049FAC70038900000000260326122524010400000000140400000000150400000000160400000000170200002A02000030013D310111D97E
2026-03-26 12:25:56 - msg_id_0200 ==> 7E0200004266000000000205A300000000000C000300C64736049FAC70038900000000260326122555010400000000140400000000150400000000160400000000170200002A02000030013D310113927E
2026-03-26 12:26:27 - msg_id_0200 ==> 7E0200004266000000000205AE00000000000C000300C64738049FAC78038900000000260326122626010400000000140400000000150400000000160400000000170200002A020000300143310111957E
2026-03-26 12:26:58 - msg_id_0200 ==> 7E0200004266000000000205B900000000000C000300C64733049FAC78038900000000260326122657010400000000140400000000150400000000160400000000170200002A02000030013D310114837E
2026-03-26 12:27:29 - msg_id_0200 ==> 7E0200004266000000000205C400000000000C000300C64739049FAC78038900000000260326122728010400000000140400000000150400000000160400000000170200002A02000030013D3101158B7E
2026-03-26 12:28:00 - msg_id_0200 ==> 7E0200004266000000000205CF00000000000C000300C64739049FAC78038900000000260326122759010400000000140400000000150400000000160400000000170200002A02000030013D310114F07E
2026-03-26 12:28:31 - msg_id_0200 ==> 7E0200004266000000000205DA00000000000C000300C6473A049FAC78038900000000260326122830010400000000140400000000150400000000160400000000170200002A020000300143310113F97E
2026-03-26 12:29:02 - msg_id_0200 ==> 7E0200004266000000000205E500000000000C000300C6473C049FAC78038900000000260326122901010400000000140400000000150400000000160400000000170200002A02000030013D310114897E
2026-03-26 12:29:33 - msg_id_0200 ==> 7E0200004266000000000205F000000000000C000300C6473C049FAC78038900000000260326122932010400000000140400000000150400000000160400000000170200002A02000030013D310114AF7E
2026-03-26 12:30:04 - msg_id_0200 ==> 7E0200004266000000000205FB00000000000C000300C64747049FAC78038900000000260326123003010400000000140400000000150400000000160400000000170200002A02000030013D310114F77E
2026-03-26 12:30:35 - msg_id_0200 ==> 7E02000042660000000002060600000000000C000300C64751049FAC78038900000000260326123034010400000000140400000000150400000000160400000000170200002A02000030013D310115297E
2026-03-26 12:31:06 - msg_id_0200 ==> 7E02000042660000000002061100000000000C000300C64751049FAC78038900000000260326123105010400000000140400000000150400000000160400000000170200002A02000030013D3101150E7E
2026-03-26 12:31:37 - msg_id_0200 ==> 7E02000042660000000002061C00000000000C000300C64751049FAC70038900000000260326123136010400000000140400000000150400000000160400000000170200002A02000030013D310114397E
2026-03-26 12:32:08 - msg_id_0200 ==> 7E02000042660000000002062700000000000C000300C64750049FAC70038900000000260326123207010400000000140400000000150400000000160400000000170200002A02000030013D310115307E
2026-03-26 12:32:39 - msg_id_0200 ==> 7E02000042660000000002063200000000000C000300C6474C049FAC70038900000000260326123238010400000000140400000000150400000000160400000000170200002A02000030013D310115067E
2026-03-26 12:33:10 - msg_id_0200 ==> 7E02000042660000000002063D00000000000C000300C6474D049FAC70038A00000000260326123309010400000000140400000000150400000000160400000000170200002A02000030013D3101143A7E
2026-03-26 12:33:41 - msg_id_0200 ==> 7E02000042660000000002064800000000000C000300C6474D049FAC70038A00000000260326123340010400000000140400000000150400000000160400000000170200002A02000030013D310114067E
2026-03-26 12:34:12 - msg_id_0200 ==> 7E02000042660000000002065300000000000C000300C64748049FAC68038A00000000260326123411010400000000140400000000150400000000160400000000170200002A020000300143310115297E
2026-03-26 12:34:43 - msg_id_0200 ==> 7E02000042660000000002065E00000000000C000300C64747049FAC68038A00000000260326123442010400000000140400000000150400000000160400000000170200002A02000030013D310114077E
2026-03-26 12:35:14 - msg_id_0200 ==> 7E02000042660000000002066900000000000C000300C64749049FAC60038A00000000260326123513010400000000140400000000150400000000160400000000170200002A02000030013D310116647E
2026-03-26 12:35:45 - msg_id_0200 ==> 7E02000042660000000002067400000000000C000300C6474C049FAC60038900000000260326123544010400000000140400000000150400000000160400000000170200002A020000300140310115567E
2026-03-26 12:36:18 - msg_id_0200 ==> 7E02000042660000000002067F00000000000C000300C6474F049FAC58038900000000260326123615010400000000140400000000150400000000160400000000170200002A02000030013D3101164A7E
2026-03-26 12:36:47 - msg_id_0200 ==> 7E02000042660000000002068A00000000000C000300C64750049FAC58038900000000260326123646010400000000140400000000150400000000160400000000170200002A02000030013D310113F67E
2026-03-26 12:37:18 - msg_id_0200 ==> 7E02000042660000000002069500000000000C000300C64751049FAC58038900000000260326123717010400000000140400000000150400000000160400000000170200002A02000030013D310114BF7E
2026-03-26 12:37:49 - msg_id_0200 ==> 7E0200004266000000000206A000000000000C000300C64753049FAC58038900000000260326123748010400000000140400000000150400000000160400000000170200002A02000030013D310114D77E
2026-03-26 12:38:20 - msg_id_0200 ==> 7E0200004266000000000206AB00000000000C000300C64754049FAC58038900000000260326123819010400000000140400000000150400000000160400000000170200002A02000030013D310114857E
2026-03-26 12:38:51 - msg_id_0200 ==> 7E0200004266000000000206B600000000000C000300C6475D049FAC58038900000000260326123850010400000000140400000000150400000000160400000000170200002A02000030013D310114D87E
2026-03-26 12:39:22 - msg_id_0200 ==> 7E0200004266000000000206C100000000000C000300C64760049FAC58038900000000260326123921010400000000140400000000150400000000160400000000170200002A02000030013D310114E27E
2026-03-26 12:39:53 - msg_id_0200 ==> 7E0200004266000000000206CC00000000000C000300C6475F049FAC60038900010000260326123952010400000000140400000000150400000000160400000000170200002A020000300140310113E07E
2026-03-26 12:40:24 - msg_id_0200 ==> 7E0200004266000000000206D700000000000C000300C64762049FAC60038900000000260326124023010400000000140400000000150400000000160400000000170200002A02000030013D310112B37E
2026-03-26 12:40:55 - msg_id_0200 ==> 7E0200004266000000000206E200000000000C000300C64761049FAC60038900000000260326124054010400000000140400000000150400000000160400000000170200002A02000030013D310113F37E
2026-03-26 12:41:26 - msg_id_0200 ==> 7E0200004266000000000206ED00000000000C000300C6475C049FAC58038800040000260326124125010400000000140400000000150400000000160400000000170200002A020000300140310115F77E
2026-03-26 12:41:57 - msg_id_0200 ==> 7E0200004266000000000206F800000000000C000300C6474B049FAC68038800000000260326124156010400000000140400000000150400000000160400000000170200002A02000030013D310114CE7E
2026-03-26 12:42:28 - msg_id_0200 ==> 7E02000042660000000002070300000000000C000300C64752049FAC68038800000000260326124227010400000000140400000000150400000000160400000000170200002A02000030013D3101145F7E
2026-03-26 12:42:59 - msg_id_0200 ==> 7E02000042660000000002070E00000000000C000300C64754049FAC68038800000000260326124258010400000000140400000000150400000000160400000000170200002A02000030013D3101142B7E
2026-03-26 12:43:30 - msg_id_0200 ==> 7E02000042660000000002071900000000000C000300C64755049FAC70038800000000260326124329010400000000140400000000150400000000160400000000170200002A02000030013D310111507E
2026-03-26 12:44:01 - msg_id_0200 ==> 7E02000042660000000002072400000000000C000300C64750049FAC78038700000000260326124400010400000000140400000000150400000000160400000000170200002A02000030013D310114447E
2026-03-26 12:44:32 - msg_id_0200 ==> 7E02000042660000000002072F00000000000C000300C6474C049FAC78038700000000260326124431010400000000140400000000150400000000160400000000170200002A02000030013D310115637E
2026-03-26 12:45:03 - msg_id_0200 ==> 7E02000042660000000002073A00000000000C000300C6474E049FAC78038600000000260326124502010400000000140400000000150400000000160400000000170200002A02000030013D310113417E
2026-03-26 12:45:34 - msg_id_0200 ==> 7E02000042660000000002074500000000000C000300C64753049FAC70038600000000260326124533010400000000140400000000150400000000160400000000170200002A02000030013D3101151C7E
2026-03-26 12:46:05 - msg_id_0200 ==> 7E02000042660000000002075000000000000C000300C64757049FAC70038600000000260326124604010400000000140400000000150400000000160400000000170200002A02000030013D310115397E
2026-03-26 12:46:36 - msg_id_0200 ==> 7E02000042660000000002075B00000000000C000300C64757049FAC70038500000000260326124635010400000000140400000000150400000000160400000000170200002A02000030013D310114017E
2026-03-26 12:47:07 - msg_id_0200 ==> 7E02000042660000000002076600000000000C000300C64757049FAC70038500000000260326124706010400000000140400000000150400000000160400000000170200002A02000030013D3101140E7E
2026-03-26 12:47:38 - msg_id_0200 ==> 7E02000042660000000002077100000000000C000300C64756049FAC68038500000000260326124737010400000000140400000000150400000000160400000000170200002A02000030013D310113367E
2026-03-26 12:48:09 - msg_id_0200 ==> 7E02000042660000000002077C00000000000C000300C64758049FAC68038500000000260326124808010400000000140400000000150400000000160400000000170200002A02000030013D310113057E
2026-03-26 12:48:15 - msg_id_0200 ==> 7E02000042660000000002077F00000100000C000300C64758049FAC68038500000000260326124814010400000000140400000000150400000000160400000000170200002A02000030013D3101151D7E
2026-03-26 12:48:40 - msg_id_0200 ==> 7E02000042660000000002078900000000000C000300C64758049FAC68038500000000260326124839010400000000140400000000150400000000160400000000170200002A02000030013D310115C77E
2026-03-26 12:49:11 - msg_id_0200 ==> 7E02000042660000000002079400000000000C000300C64757049FAC68038500000000260326124910010400000000140400000000150400000000160400000000170200002A020000300140310113867E
2026-03-26 12:49:44 - msg_id_0200 ==> 7E02000042660000000002079F00000000000C000300C64756049FAC68038500000000260326124941010400000000140400000000150400000000160400000000170200002A02000030013D310113A07E
2026-03-26 12:50:15 - msg_id_0200 ==> 7E0200004266000000000207AA00000000000C000300C64758049FAC70038400000000260326125012010400000000140400000000150400000000160400000000170200002A020000300140310112B47E
2026-03-26 12:50:51 - msg_id_0200 ==> 7E0200004266000000000207B500000000000C000300C6475C049FAC78038400000000260326125043010400000000140400000000150400000000160400000000170200002A020000300140310112F67E
2026-03-26 12:51:19 - msg_id_0200 ==> 7E0200004266000000000207C000000000000C000300C6475F049FAC78038400000000260326125114010400000000140400000000150400000000160400000000170200002A02000030013D310113AA7E
2026-03-26 12:51:51 - msg_id_0200 ==> 7E0200004266000000000207CB00000000000C000300C64763049FAC68038500000000260326125145010400000000140400000000150400000000160400000000170200002A020000300140310114A77E
2026-03-26 12:52:22 - msg_id_0200 ==> 7E0200004266000000000207D600000000000C000300C6476C049FAC68038500000000260326125216010400000000140400000000150400000000160400000000170200002A020000300140310114E57E
2026-03-26 12:52:51 - msg_id_0200 ==> 7E0200004266000000000207E100000000000C000300C6476A049FAC50038500000000260326125247010400000000140400000000150400000000160400000000170200002A020000300140310113BA7E
2026-03-26 12:53:22 - msg_id_0200 ==> 7E0200004266000000000207EC00000000000C000300C64765049FAC38038500000000260326125318010400000000140400000000150400000000160400000000170200002A020000300140310115887E
2026-03-26 12:53:54 - msg_id_0200 ==> 7E0200004266000000000207F700000000000C000300C64764049FAC30038500000000260326125349010400000000140400000000150400000000160400000000170200002A020000300140310114CA7E
2026-03-26 12:54:25 - msg_id_0200 ==> 7E02000042660000000002080200000000000C000300C6476A049FAC28038400000000260326125420010400000000140400000000150400000000160400000000170200002A020000300140310114497E
2026-03-26 12:54:56 - msg_id_0200 ==> 7E02000042660000000002080D00000000000C000300C6476A049FAC28038400000000260326125451010400000000140400000000150400000000160400000000170200002A020000300140310110337E
2026-03-26 12:55:27 - msg_id_0200 ==> 7E02000042660000000002081800000000000C000300C6476D049FAC28038400000000260326125522010400000000140400000000150400000000160400000000170200002A020000300140310114577E
2026-03-26 12:55:56 - msg_id_0200 ==> 7E02000042660000000002082300000000000C000300C6476B049FAC28038500000000260326125553010400000000140400000000150400000000160400000000170200002A0200003001403101111F7E
2026-03-26 12:56:27 - msg_id_0200 ==> 7E02000042660000000002082E00000000000C000300C64771049FAC28038500000000260326125624010400000000140400000000150400000000160400000000170200002A02000030013D310111017E
2026-03-26 12:57:00 - msg_id_0200 ==> 7E02000042660000000002083900000000000C000300C6476F049FAC28038500000000260326125655010400000000140400000000150400000000160400000000170200002A020000300140310112077E
2026-03-26 12:57:31 - msg_id_0200 ==> 7E02000042660000000002084400000000000C000300C64771049FAC30038500000000260326125726010400000000140400000000150400000000160400000000170200002A02000030014031010E127E
2026-03-26 12:58:01 - msg_id_0200 ==> 7E02000042660000000002084F00000000000C000300C64771049FAC30038500000000260326125757010400000000140400000000150400000000160400000000170200002A02000030014031010E687E
2026-03-26 12:58:31 - msg_id_0200 ==> 7E02000042660000000002085A00000000000C000300C64770049FAC38038600000000260326125828010400000000140400000000150400000000160400000000170200002A02000030014031010E077E
2026-03-26 12:59:05 - msg_id_0200 ==> 7E02000042660000000002086500000000000C000300C64774049FAC30038600000000260326125859010400000000140400000000150400000000160400000000170200002A020000300140310113587E
2026-03-26 12:59:35 - msg_id_0200 ==> 7E02000042660000000002087000000000000C000300C64776049FAC28038600000000260326125930010400000000140400000000150400000000160400000000170200002A0200003001403101133F7E
2026-03-26 13:00:07 - msg_id_0200 ==> 7E02000042660000000002087B00000000000C000300C64775049FAC28038600000000260326130001010400000000140400000000150400000000160400000000170200002A0200003001403101115C7E
2026-03-26 13:00:36 - msg_id_0200 ==> 7E02000042660000000002088500000000000C000300C64776049FAC28038600000000260326130032010400000000140400000000150400000000160400000000170200002A020000300140310110937E
2026-03-26 13:01:07 - msg_id_0200 ==> 7E02000042660000000002089000000000000C000300C64776049FAC30038600000000260326130103010400000000140400000000150400000000160400000000170200002A020000300140310112AC7E
2026-03-26 13:01:40 - msg_id_0200 ==> 7E02000042660000000002089B00000000000C000300C64778049FAC30038600000000260326130134010400000000140400000000150400000000160400000000170200002A020000300140310114987E
2026-03-26 13:02:09 - msg_id_0200 ==> 7E0200004266000000000208A600000000000C000300C64777049FAC30038700000000260326130205010400000000140400000000150400000000160400000000170200002A02000030013D310112E27E
2026-03-26 13:02:39 - msg_id_0200 ==> 7E0200004266000000000208B100000000000C000300C64775049FAC30038700000000260326130236010400000000140400000000150400000000160400000000170200002A020000300140310111BA7E
2026-03-26 13:03:12 - msg_id_0200 ==> 7E0200004266000000000208BC00000000000C000300C6477D02049FAC20038700000000260326130307010400000000140400000000150400000000160400000000170200002A0200003001403101139E7E
2026-03-26 13:03:42 - msg_id_0200 ==> 7E0200004266000000000208C700000000000C000300C6477A049FAC18038700000000260326130338010400000000140400000000150400000000160400000000170200002A02000030013D3101129A7E
2026-03-26 13:04:13 - msg_id_0200 ==> 7E0200004266000000000208D200000000000C000300C6477D02049FAC10038700000000260326130409010400000000140400000000150400000000160400000000170200002A020000300140310111CB7E
2026-03-26 13:04:41 - msg_id_0200 ==> 7E0200004266000000000208DD00000000000C000300C6477D01049FAC10038700000000260326130440010400000000140400000000150400000000160400000000170200002A0200003001403101158A7E
2026-03-26 13:05:12 - msg_id_0200 ==> 7E0200004266000000000208E800000000000C000300C6477F049FAC10038700000000260326130511010400000000140400000000150400000000160400000000170200002A020000300140310115ED7E
2026-03-26 13:05:43 - msg_id_0200 ==> 7E0200004266000000000208F300000000000C000300C64780049FAC10038700000000260326130542010400000000140400000000150400000000160400000000170200002A0200003001403101145B7E
2026-03-26 13:06:14 - msg_id_0200 ==> 7E0200004266000000000208FE00000000000C000300C6477D01049FAC10038800000000260326130613010400000000140400000000150400000000160400000000170200002A020000300140310113F17E
2026-03-26 13:06:45 - msg_id_0200 ==> 7E02000042660000000002090900000000000C000300C6477B049FAC18038800000000260326130644010400000000140400000000150400000000160400000000170200002A0200003001403101135E7E
2026-03-26 13:07:15 - msg_id_0200 ==> 7E02000042660000000002091400000000000C000300C64772049FAC30038900000000260326130715010400000000140400000000150400000000160400000000170200002A02000030013D31010F527E
2026-03-26 13:07:47 - msg_id_0200 ==> 7E02000042660000000002091F00000000000C000300C64763049FAC40038900000000260326130746010400000000140400000000150400000000160400000000170200002A020000300140310111087E
2026-03-26 13:08:18 - msg_id_0200 ==> 7E02000042660000000002092A00000000000C000300C6475C049FAC48038900000000260326130817010400000000140400000000150400000000160400000000170200002A020000300140310111547E
2026-03-26 13:08:49 - msg_id_0200 ==> 7E02000042660000000002093500000000000C000300C64765049FAC48038A00000000260326130848010400000000140400000000150400000000160400000000170200002A02000030013D310111537E
2026-03-26 13:09:20 - msg_id_0200 ==> 7E02000042660000000002094000000000000C000300C64768049FAC50038B00000000260326130919010400000000140400000000150400000000160400000000170200002A02000030013D310111627E
2026-03-26 13:09:51 - msg_id_0200 ==> 7E02000042660000000002094B00000000000C000300C64777049FAC48038C00000000260326130950010400000000140400000000150400000000160400000000170200002A02000030013D310112237E
2026-03-26 13:10:22 - msg_id_0200 ==> 7E02000042660000000002095600000000000C000300C64770049FAC50038C00000000260326131021010400000000140400000000150400000000160400000000170200002A02000030013D310112497E
2026-03-26 13:10:53 - msg_id_0200 ==> 7E02000042660000000002096100000000000C000300C64765049FAC50038B00000000260326131052010400000000140400000000150400000000160400000000170200002A02000030013D3101101D7E
2026-03-26 13:11:24 - msg_id_0200 ==> 7E02000042660000000002096C00000000000C000300C64762049FAC50038B00000000260326131123010400000000140400000000150400000000160400000000170200002A02000030013D310111667E
2026-03-26 13:11:55 - msg_id_0200 ==> 7E02000042660000000002097700000000000C000300C64762049FAC50038B00000000260326131154010400000000140400000000150400000000160400000000170200002A02000030013D310112097E
2026-03-26 13:12:15 - msg_id_0200 ==> 7E02000042660000000002097F00000100000C000300C6475F049FAC50038C00000000260326131214010400000000140400000000150400000000160400000000170200002A02000030013D3101117A7E
2026-03-26 13:12:26 - msg_id_0200 ==> 7E02000042660000000002098400000000000C000300C6475F049FAC50038C00000000260326131225010400000000140400000000150400000000160400000000170200002A020000300140310112CF7E
2026-03-26 13:12:57 - msg_id_0200 ==> 7E02000042660000000002098F00000000000C000300C64764049FAC58038B00000000260326131256010400000000140400000000150400000000160400000000170200002A020000300140310112837E
2026-03-26 13:13:28 - msg_id_0200 ==> 7E02000042660000000002099A00000000000C000300C64765049FAC58038B00000000260326131327010400000000140400000000150400000000160400000000170200002A020000300140310112E77E
2026-03-26 13:13:59 - msg_id_0200 ==> 7E0200004266000000000209A500000000000C000300C64764049FAC50038A00000000260326131358010400000000140400000000150400000000160400000000170200002A020000300140310113AE7E
2026-03-26 13:14:30 - msg_id_0200 ==> 7E0200004266000000000209B000000000000C000300C64756049FAC58038900000000260326131429010400000000140400000000150400000000160400000000170200002A02000030013D310113897E
2026-03-26 13:15:01 - msg_id_0200 ==> 7E0200004266000000000209BB00000000000C000300C64757049FAC50038900000000260326131500010400000000140400000000150400000000160400000000170200002A020000300140310113DE7E
2026-03-26 13:15:32 - msg_id_0200 ==> 7E0200004266000000000209C600000000000C000300C64757049FAC50038900000000260326131531010400000000140400000000150400000000160400000000170200002A02000030013D310114E87E
2026-03-26 13:16:03 - msg_id_0200 ==> 7E0200004266000000000209D100000000000C000300C64755049FAC48038900000000260326131602010400000000140400000000150400000000160400000000170200002A02000030013D310113D27E
2026-03-26 13:16:34 - msg_id_0200 ==> 7E0200004266000000000209DC00000000000C000300C64756049FAC50038900000000260326131633010400000000140400000000150400000000160400000000170200002A02000030013D310114F27E
2026-03-26 13:17:05 - msg_id_0200 ==> 7E0200004266000000000209E700000000000C000300C64754049FAC50038900000000260326131704010400000000140400000000150400000000160400000000170200002A02000030013D310113FA7E
2026-03-26 13:17:36 - msg_id_0200 ==> 7E0200004266000000000209F200000000000C000300C64754049FAC50038900000000260326131735010400000000140400000000150400000000160400000000170200002A020000300140310114A47E
2026-03-26 13:18:07 - msg_id_0200 ==> 7E0200004266000000000209FD00000000000C000300C64752049FAC48038900000000260326131806010400000000140400000000150400000000160400000000170200002A02000030013D310112F27E
2026-03-26 13:18:38 - msg_id_0200 ==> 7E020000426600000000020A0800000000000C000300C64743049FAC40038A00000000260326131837010400000000140400000000150400000000160400000000170200002A02000030013D3101132E7E
2026-03-26 13:19:09 - msg_id_0200 ==> 7E020000426600000000020A1300000000000C000300C64741049FAC40038A00000000260326131908010400000000140400000000150400000000160400000000170200002A02000030013D310112087E
2026-03-26 13:19:40 - msg_id_0200 ==> 7E020000426600000000020A1E00000000000C000300C64746049FAC40038A00000000260326131939010400000000140400000000150400000000160400000000170200002A02000030013D310112337E
2026-03-26 13:20:11 - msg_id_0200 ==> 7E020000426600000000020A2900000000000C000300C6474B049FAC40038A00000000260326132010010400000000140400000000150400000000160400000000170200002A02000030013D310112197E
2026-03-26 13:20:42 - msg_id_0200 ==> 7E020000426600000000020A3400000000000C000300C6474F049FAC38038A00000000260326132041010400000000140400000000150400000000160400000000170200002A02000030013D310112297E
2026-03-26 13:21:13 - msg_id_0200 ==> 7E020000426600000000020A3F00000000000C000300C64754049FAC38038A00000000260326132112010400000000140400000000150400000000160400000000170200002A02000030013D310111687E
2026-03-26 13:21:44 - msg_id_0200 ==> 7E020000426600000000020A4A00000000000C000300C64756049FAC38038A00000000260326132143010400000000140400000000150400000000160400000000170200002A02000030013D3101134C7E
2026-03-26 13:22:15 - msg_id_0200 ==> 7E020000426600000000020A5500000000000C000300C64755049FAC38038900000000260326132214010400000000140400000000150400000000160400000000170200002A0200003001403101147D017E
2026-03-26 13:22:46 - msg_id_0200 ==> 7E020000426600000000020A6000000000000C000300C64754049FAC28038800000000260326132245010400000000140400000000150400000000160400000000170200002A02000030013D310113737E
2026-03-26 13:23:17 - msg_id_0200 ==> 7E020000426600000000020A6B00000000000C000300C64758049FAC20038800000000260326132316010400000000140400000000150400000000160400000000170200002A020000300140310114547E
2026-03-26 13:23:48 - msg_id_0200 ==> 7E020000426600000000020A7600000000000C000300C64759049FAC18038800000000260326132347010400000000140400000000150400000000160400000000170200002A020000300140310114217E
2026-03-26 13:24:13 - msg_id_0200 ==> 7E020000426600000000020A7F00000100000C000300C64758049FAC10038800000000260326132412010400000000140400000000150400000000160400000000170200002A02000030013D3101140F7E
2026-03-26 13:24:19 - msg_id_0200 ==> 7E020000426600000000020A8200000000000C000300C64758049FAC10038800000000260326132418010400000000140400000000150400000000160400000000170200002A02000030013D310114F97E
2026-03-26 13:24:50 - msg_id_0200 ==> 7E020000426600000000020A8D00000000000C000300C64754049FAC08038800000000260326132449010400000000140400000000150400000000160400000000170200002A020000300140310114CE7E
2026-03-26 13:25:21 - msg_id_0200 ==> 7E020000426600000000020A9800000000000C000300C64759049FAC10038800000000260326132520010400000000140400000000150400000000160400000000170200002A02000030013D310112DD7E
2026-03-26 13:25:52 - msg_id_0200 ==> 7E020000426600000000020AA300000000000C000300C6475C049FAC18038800000000260326132551010400000000140400000000150400000000160400000000170200002A02000030013D310111997E
2026-03-26 13:26:23 - msg_id_0200 ==> 7E020000426600000000020AAE00000000000C000300C6475F049FAC18038800000000260326132622010400000000140400000000150400000000160400000000170200002A02000030013D310111E77E
2026-03-26 13:26:54 - msg_id_0200 ==> 7E020000426600000000020AB900000000000C000300C64762049FAC18038800000000260326132653010400000000140400000000150400000000160400000000170200002A020000300140310111C17E
2026-03-26 13:27:25 - msg_id_0200 ==> 7E020000426600000000020AC400000000000C000300C64764049FAC18038800000000260326132724010400000000140400000000150400000000160400000000170200002A020000300140310111CC7E
2026-03-26 13:27:55 - msg_id_0200 ==> 7E020000426600000000020ACF00000000000C000300C64766049FAC20038800000000260326132755010400000000140400000000150400000000160400000000170200002A0200003001403101108D7E
2026-03-26 13:28:27 - msg_id_0200 ==> 7E020000426600000000020ADA00000000000C000300C64766049FAC20038800000000260326132826010400000000140400000000150400000000160400000000170200002A020000300140310111E57E
2026-03-26 13:28:58 - msg_id_0200 ==> 7E020000426600000000020AE500000000000C000300C64766049FAC20038800000000260326132857010400000000140400000000150400000000160400000000170200002A020000300140310112A87E
2026-03-26 13:29:29 - msg_id_0200 ==> 7E020000426600000000020AF000000000000C000300C64766049FAC20038700000000260326132928010400000000140400000000150400000000160400000000170200002A020000300140310112CC7E
2026-03-26 13:30:00 - msg_id_0200 ==> 7E020000426600000000020AFB00000000000C000300C64766049FAC20038700000000260326132959010400000000140400000000150400000000160400000000170200002A020000300140310114B07E
2026-03-26 13:30:31 - msg_id_0200 ==> 7E020000426600000000020B0600000000000C000300C64764049FAC20038700000000260326133030010400000000140400000000150400000000160400000000170200002A0200003001403101143E7E
2026-03-26 13:31:02 - msg_id_0200 ==> 7E020000426600000000020B1100000000000C000300C64762049FAC18038700000000260326133101010400000000140400000000150400000000160400000000170200002A02000030013D3101145A7E
2026-03-26 13:31:33 - msg_id_0200 ==> 7E020000426600000000020B1C00000000000C000300C64762049FAC18038700000000260326133132010400000000140400000000150400000000160400000000170200002A020000300140310114197E
2026-03-26 13:32:04 - msg_id_0200 ==> 7E020000426600000000020B2700000000000C000300C64761049FAC18038700000000260326133203010400000000140400000000150400000000160400000000170200002A020000300140310113147E
2026-03-26 13:32:35 - msg_id_0200 ==> 7E020000426600000000020B3200000000000C000300C64762049FAC18038700000000260326133234010400000000140400000000150400000000160400000000170200002A02000030013D3101144F7E
2026-03-26 13:33:06 - msg_id_0200 ==> 7E020000426600000000020B3D00000000000C000300C64762049FAC18038700000000260326133305010400000000140400000000150400000000160400000000170200002A0200003001403101140D7E
2026-03-26 13:33:37 - msg_id_0200 ==> 7E020000426600000000020B4800000000000C000300C64764049FAC18038700000000260326133336010400000000140400000000150400000000160400000000170200002A0200003001403101154C7E
2026-03-26 13:34:08 - msg_id_0200 ==> 7E020000426600000000020B5300000000000C000300C64769049FAC18038700000000260326133407010400000000140400000000150400000000160400000000170200002A0200003001403101136A7E
2026-03-26 13:34:39 - msg_id_0200 ==> 7E020000426600000000020B5E00000000000C000300C6476A049FAC18038700000000260326133438010400000000140400000000150400000000160400000000170200002A02000030013D310113267E
2026-03-26 13:35:10 - msg_id_0200 ==> 7E020000426600000000020B6900000000000C000300C6476A049FAC18038700000000260326133509010400000000140400000000150400000000160400000000170200002A0200003001403101135C7E
2026-03-26 13:35:41 - msg_id_0200 ==> 7E020000426600000000020B7400000000000C000300C6476A049FAC18038700000000260326133540010400000000140400000000150400000000160400000000170200002A02000030013D310113757E
2026-03-26 13:36:10 - msg_id_0200 ==> 7E020000426600000000020B7F00000100000C000300C64768049FAC20038700000000260326133609010400000000140400000000150400000000160400000000170200002A020000300140310112737E
2026-03-26 13:36:15 - msg_id_0200 ==> 7E020000426600000000020B8200000000000C000300C64768049FAC20038700000000260326133614010400000000140400000000150400000000160400000000170200002A020000300140310112927E
2026-03-26 13:36:46 - msg_id_0200 ==> 7E020000426600000000020B8D00000000000C000300C64767049FAC20038700000000260326133645010400000000140400000000150400000000160400000000170200002A020000300140310112C37E
2026-03-26 13:37:17 - msg_id_0200 ==> 7E020000426600000000020B9800000000000C000300C64767049FAC28038700000000260326133716010400000000140400000000150400000000160400000000170200002A02000030013D310111F27E
2026-03-26 13:37:48 - msg_id_0200 ==> 7E020000426600000000020BA300000000000C000300C64769049FAC30038700000000260326133747010400000000140400000000150400000000160400000000170200002A02000030013D3101128D7E
2026-03-26 13:38:19 - msg_id_0200 ==> 7E020000426600000000020BAE00000000000C000300C6476B049FAC38038700000000260326133818010400000000140400000000150400000000160400000000170200002A020000300140310112A77E
2026-03-26 13:38:50 - msg_id_0200 ==> 7E020000426600000000020BB900000000000C000300C6476B049FAC38038700000000260326133849010400000000140400000000150400000000160400000000170200002A020000300150310112F17E
2026-03-26 13:39:21 - msg_id_0200 ==> 7E020000426600000000020BC400000000000C000300C6476B049FAC38038700000000260326133920010400000000140400000000150400000000160400000000170200002A020000300150310113E57E
2026-03-26 13:39:52 - msg_id_0200 ==> 7E020000426600000000020BCF00000000000C000300C6476D049FAC40038700000000260326133951010400000000140400000000150400000000160400000000170200002A020000300150310113E17E
2026-03-26 13:40:23 - msg_id_0200 ==> 7E020000426600000000020BDA00000000000C000300C6476F049FAC40038700000000260326134022010400000000140400000000150400000000160400000000170200002A020000300150310113FC7E
2026-03-26 13:40:54 - msg_id_0200 ==> 7E020000426600000000020BE500000000000C000300C64770049FAC48038700000000260326134053010400000000140400000000150400000000160400000000170200002A020000300150310113A57E
2026-03-26 13:41:25 - msg_id_0200 ==> 7E020000426600000000020BF000000000000C000300C64771049FAC48038600000000260326134124010400000000140400000000150400000000160400000000170200002A020000300153310113C57E
2026-03-26 13:41:56 - msg_id_0200 ==> 7E020000426600000000020BFB00000000000C000300C64772049FAC50038600000000260326134155010400000000140400000000150400000000160400000000170200002A020000300153310112A57E
2026-03-26 13:42:27 - msg_id_0200 ==> 7E020000426600000000020C0600000000000C000300C6476F049FAC50038600000000260326134226010400000000140400000000150400000000160400000000170200002A020000300150310114377E
2026-03-26 13:42:58 - msg_id_0200 ==> 7E020000426600000000020C1100000000000C000300C6476D049FAC50038600000000260326134257010400000000140400000000150400000000160400000000170200002A020000300150310112557E
2026-03-26 13:43:29 - msg_id_0200 ==> 7E020000426600000000020C1C00000000000C000300C6476B049FAC50038600000000260326134328010400000000140400000000150400000000160400000000170200002A02000030014D3101113E7E
2026-03-26 13:44:00 - msg_id_0200 ==> 7E020000426600000000020C2700000000000C000300C64768049FAC50038600000000260326134359010400000000140400000000150400000000160400000000170200002A020000300150310112697E
2026-03-26 13:44:31 - msg_id_0200 ==> 7E020000426600000000020C3200000000000C000300C64765049FAC50038600000000260326134430010400000000140400000000150400000000160400000000170200002A0200003001503101131E7E
2026-03-26 13:45:02 - msg_id_0200 ==> 7E020000426600000000020C3D00000000000C000300C64760049FAC50038600000000260326134501010400000000140400000000150400000000160400000000170200002A020000300150310112257E
2026-03-26 13:45:33 - msg_id_0200 ==> 7E020000426600000000020C4800000000000C000300C6475F049FAC48038600000000260326134532010400000000140400000000150400000000160400000000170200002A020000300150310114427E
2026-03-26 13:46:04 - msg_id_0200 ==> 7E020000426600000000020C5300000000000C000300C6475E049FAC48038600000000260326134603010400000000140400000000150400000000160400000000170200002A0200003001503101156B7E
2026-03-26 13:46:35 - msg_id_0200 ==> 7E020000426600000000020C5E00000000000C000300C6475C049FAC48038600000000260326134634010400000000140400000000150400000000160400000000170200002A020000300150310114527E
2026-03-26 13:47:06 - msg_id_0200 ==> 7E020000426600000000020C6900000000000C000300C6475B049FAC48038600000000260326134705010400000000140400000000150400000000160400000000170200002A020000300150310114527E
2026-03-26 13:47:37 - msg_id_0200 ==> 7E020000426600000000020C7400000000000C000300C64759049FAC48038600000000260326134736010400000000140400000000150400000000160400000000170200002A0200003001503101147D027E
2026-03-26 13:48:08 - msg_id_0200 ==> 7E020000426600000000020C7F00000100000C000300C64758049FAC48038600000000260326134807010400000000140400000000150400000000160400000000170200002A020000300153310114487E
2026-03-26 13:48:13 - msg_id_0200 ==> 7E020000426600000000020C8200000000000C000300C64758049FAC48038600000000260326134812010400000000140400000000150400000000160400000000170200002A020000300153310113A67E
2026-03-26 13:48:44 - msg_id_0200 ==> 7E020000426600000000020C8D00000000000C000300C64757049FAC48038600000000260326134843010400000000140400000000150400000000160400000000170200002A020000300150310114F37E
2026-03-26 13:49:15 - msg_id_0200 ==> 7E020000426600000000020C9800000000000C000300C64756049FAC48038600000000260326134914010400000000140400000000150400000000160400000000170200002A020000300150310114B17E
2026-03-26 13:49:46 - msg_id_0200 ==> 7E020000426600000000020CA300000000000C000300C64756049FAC48038600000000260326134945010400000000140400000000150400000000160400000000170200002A020000300150310114DB7E
2026-03-26 13:50:17 - msg_id_0200 ==> 7E020000426600000000020CAE00000000000C000300C64757049FAC48038600000000260326135016010400000000140400000000150400000000160400000000170200002A0200003001503101149D7E
2026-03-26 13:50:48 - msg_id_0200 ==> 7E020000426600000000020CB900000000000C000300C64756049FAC48038600000000260326135047010400000000140400000000150400000000160400000000170200002A020000300150310113DD7E
2026-03-26 13:51:19 - msg_id_0200 ==> 7E020000426600000000020CC400000000000C000300C64756049FAC48038600000000260326135118010400000000140400000000150400000000160400000000170200002A020000300150310115F87E
2026-03-26 13:51:50 - msg_id_0200 ==> 7E020000426600000000020CCF00000000000C000300C64755049FAC48038600000000260326135149010400000000140400000000150400000000160400000000170200002A020000300150310113A77E
2026-03-26 13:52:21 - msg_id_0200 ==> 7E020000426600000000020CDA00000000000C000300C64756049FAC48038600000000260326135220010400000000140400000000150400000000160400000000170200002A020000300150310115DD7E
2026-03-26 13:52:52 - msg_id_0200 ==> 7E020000426600000000020CE500000000000C000300C64756049FAC50038600000000260326135251010400000000140400000000150400000000160400000000170200002A0200003001533101128F7E
2026-03-26 13:53:23 - msg_id_0200 ==> 7E020000426600000000020CF000000000000C000300C64756049FAC50038600000000260326135322010400000000140400000000150400000000160400000000170200002A020000300153310113E97E
2026-03-26 13:53:54 - msg_id_0200 ==> 7E020000426600000000020CFB00000000000C000300C64756049FAC50038600000000260326135353010400000000140400000000150400000000160400000000170200002A020000300153310115957E
2026-03-26 13:54:25 - msg_id_0200 ==> 7E020000426600000000020D0600000000000C000300C64759049FAC50038600000000260326135424010400000000140400000000150400000000160400000000170200002A020000300153310115167E
2026-03-26 13:54:56 - msg_id_0200 ==> 7E020000426600000000020D1100000000000C000300C6475B049FAC50038600000000260326135455010400000000140400000000150400000000160400000000170200002A020000300150310115717E
2026-03-26 13:55:27 - msg_id_0200 ==> 7E020000426600000000020D1C00000000000C000300C64758049FAC50038600000000260326135526010400000000140400000000150400000000160400000000170200002A0200003001433101151E7E
2026-03-26 13:55:58 - msg_id_0200 ==> 7E020000426600000000020D2700000000000C000300C64759049FAC50038600000000260326135557010400000000140400000000150400000000160400000000170200002A02000030013D310116287E
2026-03-26 13:56:29 - msg_id_0200 ==> 7E020000426600000000020D3200000000000C000300C64759049FAC50038600000000260326135628010400000000140400000000150400000000160400000000170200002A0200003001433101163F7E
2026-03-26 13:57:00 - msg_id_0200 ==> 7E020000426600000000020D3D00000000000C000300C64758049FAC50038600000000260326135659010400000000140400000000150400000000160400000000170200002A020000300143310117417E
2026-03-26 13:57:31 - msg_id_0200 ==> 7E020000426600000000020D4800000000000C000300C6475A049FAC50038600000000260326135730010400000000140400000000150400000000160400000000170200002A02000030013D310117207E
2026-03-26 13:58:02 - msg_id_0200 ==> 7E020000426600000000020D5300000000000C000300C6475A049FAC50038600000000260326135801010400000000140400000000150400000000160400000000170200002A0200003001433101167A7E
2026-03-26 13:58:33 - msg_id_0200 ==> 7E020000426600000000020D5E00000000000C000300C6475C049FAC50038600000000260326135832010400000000140400000000150400000000160400000000170200002A020000300140310116417E
2026-03-26 13:59:04 - msg_id_0200 ==> 7E020000426600000000020D6900000000000C000300C6475B049FAC58038600000000260326135903010400000000140400000000150400000000160400000000170200002A0200003001433101174B7E
2026-03-26 13:59:35 - msg_id_0200 ==> 7E020000426600000000020D7400000000000C000300C6475A049FAC58038600000000260326135934010400000000140400000000150400000000160400000000170200002A020000300140310117637E
2026-03-26 14:00:06 - msg_id_0200 ==> 7E020000426600000000020D7F00000100000C000300C6475B049FAC58038600000000260326140005010400000000140400000000150400000000160400000000170200002A020000300143310115067E
2026-03-26 14:00:11 - msg_id_0200 ==> 7E020000426600000000020D8200000000000C000300C6475B049FAC58038600000000260326140010010400000000140400000000150400000000160400000000170200002A020000300143310115EF7E
2026-03-26 14:00:42 - msg_id_0200 ==> 7E020000426600000000020D8D00000000000C000300C6475C049FAC58038600000000260326140041010400000000140400000000150400000000160400000000170200002A020000300143310114B77E
2026-03-26 14:01:13 - msg_id_0200 ==> 7E020000426600000000020D9800000000000C000300C6475E049FAC58038600000000260326140112010400000000140400000000150400000000160400000000170200002A020000300143310115F37E
2026-03-26 14:01:44 - msg_id_0200 ==> 7E020000426600000000020DA300000000000C000300C6475F049FAC58038600000000260326140143010400000000140400000000150400000000160400000000170200002A0200003001433101139E7E
2026-03-26 14:02:15 - msg_id_0200 ==> 7E020000426600000000020DAE00000000000C000300C64762049FAC58038500000000260326140214010400000000140400000000150400000000160400000000170200002A020000300143310113F97E
2026-03-26 14:02:46 - msg_id_0200 ==> 7E020000426600000000020DB900000000000C000300C64763049FAC58038500000000260326140245010400000000140400000000150400000000160400000000170200002A020000300143310111BC7E
2026-03-26 14:03:17 - msg_id_0200 ==> 7E020000426600000000020DC400000000000C000300C64762049FAC58038500000000260326140316010400000000140400000000150400000000160400000000170200002A020000300143310114977E
2026-03-26 14:03:48 - msg_id_0200 ==> 7E020000426600000000020DCF00000000000C000300C64763049FAC60038500000000260326140347010400000000140400000000150400000000160400000000170200002A020000300143310115F57E
2026-03-26 14:04:19 - msg_id_0200 ==> 7E020000426600000000020DDA00000000000C000300C64762049FAC60038500000000260326140418010400000000140400000000150400000000160400000000170200002A020000300143310115B97E
2026-03-26 14:04:50 - msg_id_0200 ==> 7E020000426600000000020DE500000000000C000300C64762049FAC60038500000000260326140449010400000000140400000000150400000000160400000000170200002A020000300143310115D77E
2026-03-26 14:05:21 - msg_id_0200 ==> 7E020000426600000000020DF000000000000C000300C64762049FAC60038500000000260326140520010400000000140400000000150400000000160400000000170200002A020000300143310116A97E
2026-03-26 14:05:52 - msg_id_0200 ==> 7E020000426600000000020DFB00000000000C000300C64762049FAC60038500000000260326140551010400000000140400000000150400000000160400000000170200002A020000300143310116D37E
2026-03-26 14:06:23 - msg_id_0200 ==> 7E020000426600000000020E0600000000000C000300C64761049FAC60038400000000260326140622010400000000140400000000150400000000160400000000170200002A0200003001403101165C7E
2026-03-26 14:06:54 - msg_id_0200 ==> 7E020000426600000000020E1100000000000C000300C6475E049FAC60038400000000260326140653010400000000140400000000150400000000160400000000170200002A020000300140310116057E
2026-03-26 14:07:25 - msg_id_0200 ==> 7E020000426600000000020E1C00000000000C000300C6475D049FAC58038400000000260326140724010400000000140400000000150400000000160400000000170200002A020000300140310115467E
2026-03-26 14:07:56 - msg_id_0200 ==> 7E020000426600000000020E2700000000000C000300C6475E049FAC58038500000000260326140755010400000000140400000000150400000000160400000000170200002A0200003001403101150E7E
2026-03-26 14:08:27 - msg_id_0200 ==> 7E020000426600000000020E3200000000000C000300C6475C049FAC58038400000000260326140826010400000000140400000000150400000000160400000000170200002A020000300140310116677E
2026-03-26 14:08:58 - msg_id_0200 ==> 7E020000426600000000020E3D00000000000C000300C6475B049FAC58038400000000260326140857010400000000140400000000150400000000160400000000170200002A0200003001403101151D7E
2026-03-26 14:09:29 - msg_id_0200 ==> 7E020000426600000000020E4800000000000C000300C6475A049FAC58038400000000260326140928010400000000140400000000150400000000160400000000170200002A020000300140310116147E
2026-03-26 14:10:00 - msg_id_0200 ==> 7E020000426600000000020E5300000000000C000300C6475A049FAC58038400000000260326140959010400000000140400000000150400000000160400000000170200002A0200003001403101167D027E
2026-03-26 14:10:31 - msg_id_0200 ==> 7E020000426600000000020E5E00000000000C000300C6475B049FAC58038400000000260326141030010400000000140400000000150400000000160400000000170200002A020000300140310116027E
2026-03-26 14:11:02 - msg_id_0200 ==> 7E020000426600000000020E6900000000000C000300C6475B049FAC58038400000000260326141101010400000000140400000000150400000000160400000000170200002A020000300140310116057E
2026-03-26 14:12:40 - msg_id_0200 ==> 7E02000042660000000002000200000000000C000300C6476D049FAC88038100000000260326141239010400000000140400000000150400000000160400000000170200002A02000030014A310115B17E
2026-03-26 14:13:11 - msg_id_0200 ==> 7E02000042660000000002000D00000000000C000300C64776049FAC88038200000000260326141310010400000000140400000000150400000000160400000000170200002A02000030014A3101148F7E
2026-03-26 14:13:42 - msg_id_0200 ==> 7E02000042660000000002001800000000000C000300C64777049FAC88038300000000260326141341010400000000140400000000150400000000160400000000170200002A02000030014A310116C97E
2026-03-26 14:14:13 - msg_id_0200 ==> 7E02000042660000000002002300000000000C000300C6476F049FAC88038400000000260326141412010400000000140400000000150400000000160400000000170200002A02000030014A310114BB7E
2026-03-26 14:14:44 - msg_id_0200 ==> 7E02000042660000000002002E00000000000C000300C6476D049FAC88038500000000260326141443010400000000140400000000150400000000160400000000170200002A02000030014A310116E67E
2026-03-26 14:15:15 - msg_id_0200 ==> 7E02000042660000000002003900000000000C000300C6476C049FAC80038400000000260326141514010400000000140400000000150400000000160400000000170200002A02000030014A310115AC7E
2026-03-26 14:15:46 - msg_id_0200 ==> 7E02000042660000000002004400000000000C000300C6476B049FAC80038400000000260326141545010400000000140400000000150400000000160400000000170200002A02000030014A310115877E
2026-03-26 14:16:17 - msg_id_0200 ==> 7E02000042660000000002004F00000000000C000300C6476B049FAC80038500000000260326141616010400000000140400000000150400000000160400000000170200002A02000030014A310116DE7E
2026-03-26 14:16:48 - msg_id_0200 ==> 7E02000042660000000002005A00000000000C000300C64769049FAC80038400000000260326141647010400000000140400000000150400000000160400000000170200002A02000030014A3101159A7E
2026-03-26 14:17:19 - msg_id_0200 ==> 7E02000042660000000002006500000000000C000300C64766049FAC80038400000000260326141718010400000000140400000000150400000000160400000000170200002A020000300143310116FE7E
2026-03-26 14:18:59 - msg_id_0200 ==> 7E02000042660000000002000200000000000C000300C64751049FAC80038400000000260326141858010400000000140400000000150400000000160400000000170200002A02000030014D310114ED7E
2026-03-26 14:19:30 - msg_id_0200 ==> 7E02000042660000000002000D00000000000C000300C64756049FAC80038500000000260326141929010400000000140400000000150400000000160400000000170200002A0200003001463101149F7E
2026-03-26 14:20:01 - msg_id_0200 ==> 7E02000042660000000002001800000000000C000300C6475A049FAC80038500000000260326142000010400000000140400000000150400000000160400000000170200002A020000300143310114937E
2026-03-26 14:20:32 - msg_id_0200 ==> 7E02000042660000000002002300000000000C000300C6475B049FAC80038400000000260326142031010400000000140400000000150400000000160400000000170200002A0200003001433101169B7E
2026-03-26 14:21:03 - msg_id_0200 ==> 7E02000042660000000002002E00000000000C000300C6475B049FAC78038400000000260326142102010400000000140400000000150400000000160400000000170200002A020000300146310116597E
2026-03-26 14:21:34 - msg_id_0200 ==> 7E02000042660000000002003900000000000C000300C6475E049FAC78038400000000260326142133010400000000140400000000150400000000160400000000170200002A0200003001463101167A7E
2026-03-26 14:22:05 - msg_id_0200 ==> 7E02000042660000000002004400000000000C000300C6475E049FAC78038400000000260326142204010400000000140400000000150400000000160400000000170200002A020000300143310116367E
2026-03-26 14:22:36 - msg_id_0200 ==> 7E02000042660000000002004F00000000000C000300C6475E049FAC78038400000000260326142235010400000000140400000000150400000000160400000000170200002A0200003001433101150F7E
2026-03-26 14:23:07 - msg_id_0200 ==> 7E02000042660000000002005A00000000000C000300C6475E049FAC78038400000000260326142306010400000000140400000000150400000000160400000000170200002A020000300143310115287E
2026-03-26 14:23:38 - msg_id_0200 ==> 7E02000042660000000002006500000000000C000300C6475F049FAC78038400000000260326142337010400000000140400000000150400000000160400000000170200002A020000300143310114267E
2026-03-26 14:24:09 - msg_id_0200 ==> 7E02000042660000000002007000000000000C000300C64761049FAC78038400000000260326142408010400000000140400000000150400000000160400000000170200002A020000300143310115347E
2026-03-26 14:24:40 - msg_id_0200 ==> 7E02000042660000000002007B00000000000C000300C64761049FAC70038400000000260326142439010400000000140400000000150400000000160400000000170200002A020000300143310113007E
2026-03-26 14:24:49 - msg_id_0200 ==> 7E02000042660000000002007F00000100000C000300C64761049FAC70038400000000260326142448010400000000140400000000150400000000160400000000170200002A020000300143310115727E
2026-03-26 14:25:11 - msg_id_0200 ==> 7E02000042660000000002008700000000000C000300C6475F049FAC70038400000000260326142510010400000000140400000000150400000000160400000000170200002A020000300146310116EA7E
2026-03-26 14:25:42 - msg_id_0200 ==> 7E02000042660000000002009200000000000C000300C64760049FAC70038400000000260326142541010400000000140400000000150400000000160400000000170200002A020000300143310115977E
2026-03-26 14:26:13 - msg_id_0200 ==> 7E02000042660000000002009D00000000000C000300C64761049FAC70038400000000260326142612010400000000140400000000150400000000160400000000170200002A020000300146310116CF7E
2026-03-26 14:26:44 - msg_id_0200 ==> 7E0200004266000000000200A800000000000C000300C64760049FAC70038400000000260326142643010400000000140400000000150400000000160400000000170200002A020000300146310115A97E
2026-03-26 14:27:15 - msg_id_0200 ==> 7E0200004266000000000200B300000000000C000300C64760049FAC70038400000000260326142714010400000000140400000000150400000000160400000000170200002A020000300146310116E77E
2026-03-26 14:27:46 - msg_id_0200 ==> 7E0200004266000000000200BE00000000000C000300C6475F049FAC70038400000000260326142745010400000000140400000000150400000000160400000000170200002A020000300146310117857E
2026-03-26 14:28:17 - msg_id_0200 ==> 7E0200004266000000000200C900000000000C000300C6475E049FAC70038400000000260326142816010400000000140400000000150400000000160400000000170200002A020000300146310117AF7E
2026-03-26 14:28:48 - msg_id_0200 ==> 7E0200004266000000000200D400000000000C000300C6475C049FAC70038400000000260326142847010400000000140400000000150400000000160400000000170200002A020000300146310117E17E
2026-03-26 14:29:19 - msg_id_0200 ==> 7E0200004266000000000200DF00000000000C000300C64756049FAC70038400000000260326142918010400000000140400000000150400000000160400000000170200002A020000300143310117BB7E
2026-03-26 14:29:50 - msg_id_0200 ==> 7E0200004266000000000200EA00000000000C000300C64757049FAC70038400000000260326142949010400000000140400000000150400000000160400000000170200002A020000300143310114DD7E
2026-03-26 14:30:21 - msg_id_0200 ==> 7E0200004266000000000200F500000000000C000300C64757049FAC68038400000000260326143020010400000000140400000000150400000000160400000000170200002A020000300146310114AF7E
2026-03-26 14:30:52 - msg_id_0200 ==> 7E02000042660000000002010000000000000C000300C64756049FAC68038400000000260326143051010400000000140400000000150400000000160400000000170200002A0200003001433101152F7E
2026-03-26 14:31:23 - msg_id_0200 ==> 7E02000042660000000002010B00000000000C000300C64753049FAC60038400000000260326143122010400000000140400000000150400000000160400000000170200002A0200003001433101155B7E
2026-03-26 14:31:54 - msg_id_0200 ==> 7E02000042660000000002011600000000000C000300C64753049FAC60038400000000260326143153010400000000140400000000150400000000160400000000170200002A020000300143310116347E
2026-03-26 14:32:25 - msg_id_0200 ==> 7E02000042660000000002012100000000000C000300C64753049FAC60038400000000260326143224010400000000140400000000150400000000160400000000170200002A020000300143310116777E
2026-03-26 14:32:56 - msg_id_0200 ==> 7E02000042660000000002012C00000000000C000300C64751049FAC60038400000000260326143255010400000000140400000000150400000000160400000000170200002A0200003001433101150A7E
2026-03-26 14:33:27 - msg_id_0200 ==> 7E02000042660000000002013700000000000C000300C64751049FAC60038300000000260326143326010400000000140400000000150400000000160400000000170200002A020000300143310116677E
2026-03-26 14:33:58 - msg_id_0200 ==> 7E02000042660000000002014200000000000C000300C64752049FAC60038300000000260326143357010400000000140400000000150400000000160400000000170200002A020000300143310116607E
2026-03-26 14:34:29 - msg_id_0200 ==> 7E02000042660000000002014D00000000000C000300C64753049FAC60038300000000260326143428010400000000140400000000150400000000160400000000170200002A020000300143310116167E
2026-03-26 14:35:00 - msg_id_0200 ==> 7E02000042660000000002015800000000000C000300C64755049FAC68038300000000260326143459010400000000140400000000150400000000160400000000170200002A0200003001433101177D017E
2026-03-26 14:35:31 - msg_id_0200 ==> 7E02000042660000000002016300000000000C000300C64756049FAC68038300000000260326143530010400000000140400000000150400000000160400000000170200002A0200003001433101162C7E
2026-03-26 14:36:02 - msg_id_0200 ==> 7E02000042660000000002016E00000000000C000300C6475A049FAC68038200000000260326143601010400000000140400000000150400000000160400000000170200002A0200003001433101161E7E
2026-03-26 14:36:33 - msg_id_0200 ==> 7E02000042660000000002017900000000000C000300C64759049FAC70038200000000260326143632010400000000140400000000150400000000160400000000170200002A020000300143310116217E
2026-03-26 14:36:48 - msg_id_0200 ==> 7E02000042660000000002017F00000100000C000300C64759049FAC70038200000000260326143647010400000000140400000000150400000000160400000000170200002A020000300143310116537E
2026-03-26 14:37:04 - msg_id_0200 ==> 7E02000042660000000002018500000000000C000300C6475A049FAC70038200000000260326143703010400000000140400000000150400000000160400000000170200002A020000300146310116EB7E
2026-03-26 14:37:35 - msg_id_0200 ==> 7E02000042660000000002019000000000000C000300C64758049FAC70038200000000260326143734010400000000140400000000150400000000160400000000170200002A020000300146310117CA7E
2026-03-26 14:38:06 - msg_id_0200 ==> 7E02000042660000000002019B00000000000C000300C64756049FAC70038200000000260326143805010400000000140400000000150400000000160400000000170200002A020000300143310117F47E
2026-03-26 14:38:37 - msg_id_0200 ==> 7E0200004266000000000201A600000000000C000300C64758049FAC70038200000000260326143836010400000000140400000000150400000000160400000000170200002A020000300143310117F47E
2026-03-26 14:39:08 - msg_id_0200 ==> 7E0200004266000000000201B100000000000C000300C64758049FAC70038200000000260326143907010400000000140400000000150400000000160400000000170200002A020000300140310115D27E
2026-03-26 14:39:39 - msg_id_0200 ==> 7E0200004266000000000201BC00000000000C000300C64757049FAC70038200000000260326143938010400000000140400000000150400000000160400000000170200002A020000300143310116EF7E
2026-03-26 14:40:10 - msg_id_0200 ==> 7E0200004266000000000201C700000000000C000300C64756049FAC70038300000000260326144009010400000000140400000000150400000000160400000000170200002A020000300143310115DF7E
2026-03-26 14:40:41 - msg_id_0200 ==> 7E0200004266000000000201D200000000000C000300C64757049FAC70038300000000260326144040010400000000140400000000150400000000160400000000170200002A020000300143310117807E
2026-03-26 14:41:12 - msg_id_0200 ==> 7E0200004266000000000201DD00000000000C000300C64757049FAC70038300000000260326144111010400000000140400000000150400000000160400000000170200002A020000300140310117DC7E
2026-03-26 14:41:43 - msg_id_0200 ==> 7E0200004266000000000201E800000000000C000300C64756049FAC70038300000000260326144142010400000000140400000000150400000000160400000000170200002A020000300146310117BD7E
2026-03-26 14:42:14 - msg_id_0200 ==> 7E0200004266000000000201F300000000000C000300C64756049FAC70038300000000260326144213010400000000140400000000150400000000160400000000170200002A020000300146310115F67E
2026-03-26 14:42:45 - msg_id_0200 ==> 7E0200004266000000000201FE00000000000C000300C64756049FAC78038300000000260326144244010400000000140400000000150400000000160400000000170200002A020000300146310116A77E
2026-03-26 14:43:16 - msg_id_0200 ==> 7E02000042660000000002020900000000000C000300C64757049FAC78038300000000260326144315010400000000140400000000150400000000160400000000170200002A020000300146310116027E
2026-03-26 14:43:47 - msg_id_0200 ==> 7E02000042660000000002021400000000000C000300C64757049FAC78038300000000260326144346010400000000140400000000150400000000160400000000170200002A0200003001463101174D7E
2026-03-26 14:44:18 - msg_id_0200 ==> 7E02000042660000000002021F00000000000C000300C6475A049FAC80038300000000260326144417010400000000140400000000150400000000160400000000170200002A020000300143310117E07E
2026-03-26 14:44:49 - msg_id_0200 ==> 7E02000042660000000002022A00000000000C000300C6475D049FAC80038300000000260326144448010400000000140400000000150400000000160400000000170200002A0200003001433101168C7E
2026-03-26 14:45:20 - msg_id_0200 ==> 7E02000042660000000002023500000000000C000300C6475D049FAC80038300000000260326144519010400000000140400000000150400000000160400000000170200002A020000300146310117C77E
2026-03-26 14:45:51 - msg_id_0200 ==> 7E02000042660000000002024000000000000C000300C6475B049FAC80038300000000260326144550010400000000140400000000150400000000160400000000170200002A020000300146310117FD7E
2026-03-26 14:46:22 - msg_id_0200 ==> 7E02000042660000000002024B00000000000C000300C6475D049FAC80038300000000260326144621010400000000140400000000150400000000160400000000170200002A020000300143310117877E
2026-03-26 14:46:53 - msg_id_0200 ==> 7E02000042660000000002025600000000000C000300C6475E049FAC80038300000000260326144652010400000000140400000000150400000000160400000000170200002A020000300140310116E87E
2026-03-26 14:47:24 - msg_id_0200 ==> 7E02000042660000000002026100000000000C000300C6475F049FAC80038300000000260326144723010400000000140400000000150400000000160400000000170200002A020000300140310115AD7E
2026-03-26 14:47:55 - msg_id_0200 ==> 7E02000042660000000002026C00000000000C000300C6475F049FAC80038300000000260326144754010400000000140400000000150400000000160400000000170200002A020000300140310117D57E
2026-03-26 14:48:26 - msg_id_0200 ==> 7E02000042660000000002027700000000000C000300C64761049FAC80038300000000260326144825010400000000140400000000150400000000160400000000170200002A0200003001403101178E7E
2026-03-26 14:48:46 - msg_id_0200 ==> 7E02000042660000000002027F00000100000C000300C64762049FAC80038300000000260326144845010400000000140400000000150400000000160400000000170200002A020000300143310116E67E
2026-03-26 14:48:57 - msg_id_0200 ==> 7E02000042660000000002028400000000000C000300C64760049FAC80038300000000260326144856010400000000140400000000150400000000160400000000170200002A0200003001433101170C7E
2026-03-26 14:49:28 - msg_id_0200 ==> 7E02000042660000000002028F00000000000C000300C64760049FAC80038300000000260326144927010400000000140400000000150400000000160400000000170200002A020000300140310116757E
2026-03-26 14:49:59 - msg_id_0200 ==> 7E02000042660000000002029A00000000000C000300C64761049FAC88038300000000260326144958010400000000140400000000150400000000160400000000170200002A020000300143310115167E
2026-03-26 14:50:30 - msg_id_0200 ==> 7E0200004266000000000202A500000000000C000300C64762049FAC88038300000000260326145029010400000000140400000000150400000000160400000000170200002A020000300146310117457E
2026-03-26 14:51:01 - msg_id_0200 ==> 7E0200004266000000000202B000000000000C000300C64761049FAC88038300000000260326145100010400000000140400000000150400000000160400000000170200002A0200003001433101157C7E
2026-03-26 14:51:32 - msg_id_0200 ==> 7E0200004266000000000202BB00000000000C000300C64761049FAC88038400000000260326145131010400000000140400000000150400000000160400000000170200002A020000300140310116417E
2026-03-26 14:52:03 - msg_id_0200 ==> 7E0200004266000000000202C600000000000C000300C64762049FAC88038400000000260326145202010400000000140400000000150400000000160400000000170200002A0200003001463101140B7E
2026-03-26 14:52:34 - msg_id_0200 ==> 7E0200004266000000000202D100000000000C000300C64763049FAC88038400000000260326145233010400000000140400000000150400000000160400000000170200002A0200003001463101152D7E
2026-03-26 14:53:05 - msg_id_0200 ==> 7E0200004266000000000202DC00000000000C000300C64764049FAC90038400000000260326145304010400000000140400000000150400000000160400000000170200002A0200003001403101150F7E
2026-03-26 14:53:36 - msg_id_0200 ==> 7E0200004266000000000202E700000000000C000300C64763049FAC90038400000000260326145335010400000000140400000000150400000000160400000000170200002A020000300140310115027E
2026-03-26 14:54:07 - msg_id_0200 ==> 7E0200004266000000000202F200000000000C000300C64763049FAC90038400000000260326145406010400000000140400000000150400000000160400000000170200002A020000300146310116267E
2026-03-26 14:54:38 - msg_id_0200 ==> 7E0200004266000000000202FD00000000000C000300C64763049FAC90038400000000260326145437010400000000140400000000150400000000160400000000170200002A0200003001403101161E7E
2026-03-26 14:55:09 - msg_id_0200 ==> 7E02000042660000000002030800000000000C000300C64762049FAC90038400000000260326145508010400000000140400000000150400000000160400000000170200002A020000300146310114D17E
2026-03-26 14:55:40 - msg_id_0200 ==> 7E02000042660000000002031300000000000C000300C64763049FAC88038400000000260326145539010400000000140400000000150400000000160400000000170200002A020000300143310114E77E
2026-03-26 14:56:11 - msg_id_0200 ==> 7E02000042660000000002031E00000000000C000300C64763049FAC88038400000000260326145610010400000000140400000000150400000000160400000000170200002A020000300143310114C07E
2026-03-26 14:56:42 - msg_id_0200 ==> 7E02000042660000000002032900000000000C000300C64762049FAC88038400000000260326145641010400000000140400000000150400000000160400000000170200002A020000300143310114A77E
2026-03-26 14:57:13 - msg_id_0200 ==> 7E02000042660000000002033400000000000C000300C64763049FAC88038500000000260326145712010400000000140400000000150400000000160400000000170200002A020000300143310114E87E
2026-03-26 14:57:44 - msg_id_0200 ==> 7E02000042660000000002033F00000000000C000300C64764049FAC88038500000000260326145743010400000000140400000000150400000000160400000000170200002A020000300143310115B47E
2026-03-26 14:58:15 - msg_id_0200 ==> 7E02000042660000000002034A00000000000C000300C64764049FAC88038500000000260326145814010400000000140400000000150400000000160400000000170200002A020000300143310115997E
2026-03-26 14:58:46 - msg_id_0200 ==> 7E02000042660000000002035500000000000C000300C64763049FAC88038500000000260326145845010400000000140400000000150400000000160400000000170200002A020000300140310114D27E
2026-03-26 14:59:17 - msg_id_0200 ==> 7E02000042660000000002036000000000000C000300C64763049FAC88038500000000260326145916010400000000140400000000150400000000160400000000170200002A020000300146310116B17E
2026-03-26 14:59:48 - msg_id_0200 ==> 7E02000042660000000002036B00000000000C000300C64764049FAC88038500000000260326145947010400000000140400000000150400000000160400000000170200002A020000300143310116E97E
2026-03-26 15:00:19 - msg_id_0200 ==> 7E02000042660000000002037600000000000C000300C64762049FAC88038500000000260326150018010400000000140400000000150400000000160400000000170200002A020000300140310115F57E
2026-03-26 15:00:43 - msg_id_0200 ==> 7E02000042660000000002037F00000100000C000300C64762049FAC88038500000000260326150042010400000000140400000000150400000000160400000000170200002A020000300143310115A47E
2026-03-26 15:00:50 - msg_id_0200 ==> 7E02000042660000000002038200000000000C000300C64762049FAC88038500000000260326150049010400000000140400000000150400000000160400000000170200002A020000300143310113557E
2026-03-26 15:01:22 - msg_id_0200 ==> 7E02000042660000000002038D00000000000C000300C64762049FAC88038500000000260326150120010400000000140400000000150400000000160400000000170200002A020000300146310116327E
2026-03-26 15:01:52 - msg_id_0200 ==> 7E02000042660000000002039800000000000C000300C64761049FAC88038500000000260326150151010400000000140400000000150400000000160400000000170200002A020000300146310116557E
2026-03-26 15:02:23 - msg_id_0200 ==> 7E0200004266000000000203A300000000000C000300C64762049FAC88038500000000260326150222010400000000140400000000150400000000160400000000170200002A020000300143310117197E
2026-03-26 15:02:54 - msg_id_0200 ==> 7E0200004266000000000203AE00000000000C000300C64761049FAC88038500000000260326150253010400000000140400000000150400000000160400000000170200002A020000300140310117657E
2026-03-26 15:03:25 - msg_id_0200 ==> 7E0200004266000000000203B900000000000C000300C6475E049FAC90038500000000260326150324010400000000140400000000150400000000160400000000170200002A020000300143310116217E
2026-03-26 15:03:56 - msg_id_0200 ==> 7E0200004266000000000203C400000000000C000300C6475F049FAC88038500000000260326150355010400000000140400000000150400000000160400000000170200002A020000300140310116377E
2026-03-26 15:04:27 - msg_id_0200 ==> 7E0200004266000000000203CF00000000000C000300C6475E049FAC88038500000000260326150426010400000000140400000000150400000000160400000000170200002A020000300143310114487E
2026-03-26 15:04:58 - msg_id_0200 ==> 7E0200004266000000000203DA00000000000C000300C6475C049FAC88038500000000260326150457010400000000140400000000150400000000160400000000170200002A0200003001463101152A7E
2026-03-26 15:05:29 - msg_id_0200 ==> 7E0200004266000000000203E500000000000C000300C6475B049FAC88038500000000260326150528010400000000140400000000150400000000160400000000170200002A020000300143310115697E
2026-03-26 15:06:00 - msg_id_0200 ==> 7E0200004266000000000203F000000000000C000300C6475B049FAC88038500000000260326150559010400000000140400000000150400000000160400000000170200002A0200003001403101150E7E
2026-03-26 15:06:31 - msg_id_0200 ==> 7E0200004266000000000203FB00000000000C000300C6475A049FAC88038600000000260326150630010400000000140400000000150400000000160400000000170200002A0200003001433101146F7E
2026-03-26 15:07:02 - msg_id_0200 ==> 7E02000042660000000002040600000000000C000300C6475B049FAC88038600000000260326150701010400000000140400000000150400000000160400000000170200002A020000300143310115A57E
2026-03-26 15:07:33 - msg_id_0200 ==> 7E02000042660000000002041100000000000C000300C64758049FAC90038600000000260326150732010400000000140400000000150400000000160400000000170200002A020000300140310115997E
2026-03-26 15:08:04 - msg_id_0200 ==> 7E02000042660000000002041C00000000000C000300C64758049FAC88038600000000260326150803010400000000140400000000150400000000160400000000170200002A020000300140310116B17E
2026-03-26 15:08:35 - msg_id_0200 ==> 7E02000042660000000002042700000000000C000300C64759049FAC90038600000000260326150834010400000000140400000000150400000000160400000000170200002A020000300143310116A77E
2026-03-26 15:09:06 - msg_id_0200 ==> 7E02000042660000000002043200000000000C000300C6475C049FAC88038600000000260326150905010400000000140400000000150400000000160400000000170200002A02000030013D310114E37E
2026-03-26 15:09:37 - msg_id_0200 ==> 7E02000042660000000002043D00000000000C000300C6475C049FAC90038600000000260326150936010400000000140400000000150400000000160400000000170200002A020000300140310114BA7E
2026-03-26 15:10:08 - msg_id_0200 ==> 7E02000042660000000002044800000000000C000300C6475C049FAC90038600000000260326151007010400000000140400000000150400000000160400000000170200002A020000300140310113E07E
2026-03-26 15:10:39 - msg_id_0200 ==> 7E02000042660000000002045300000000000C000300C6475C049FAC88038600000000260326151038010400000000140400000000150400000000160400000000170200002A020000300140310115DA7E
2026-03-26 15:11:10 - msg_id_0200 ==> 7E02000042660000000002045E00000000000C000300C6475E049FAC90038600000000260326151109010400000000140400000000150400000000160400000000170200002A020000300143310114FF7E
2026-03-26 15:11:40 - msg_id_0200 ==> 7E02000042660000000002046900000000000C000300C64760049FAC88038600000000260326151140010400000000140400000000150400000000160400000000170200002A020000300143310115A67E
2026-03-26 15:12:12 - msg_id_0200 ==> 7E02000042660000000002047400000000000C000300C64760049FAC88038600000000260326151211010400000000140400000000150400000000160400000000170200002A02000030014A310115E07E
2026-03-26 15:12:41 - msg_id_0200 ==> 7E02000042660000000002047F00000100000C000300C64760049FAC88038600000000260326151240010400000000140400000000150400000000160400000000170200002A020000300143310114B37E
2026-03-26 15:12:46 - msg_id_0200 ==> 7E02000042660000000002048200000000000C000300C64760049FAC88038600000000260326151245010400000000140400000000150400000000160400000000170200002A0200003001433101134D7E
2026-03-26 15:13:17 - msg_id_0200 ==> 7E02000042660000000002048D00000000000C000300C64760049FAC88038600000000260326151316010400000000140400000000150400000000160400000000170200002A020000300146310114127E
2026-03-26 15:13:48 - msg_id_0200 ==> 7E02000042660000000002049800000000000C000300C6475E049FAC88038600000000260326151347010400000000140400000000150400000000160400000000170200002A020000300140310113697E
2026-03-26 15:14:19 - msg_id_0200 ==> 7E0200004266000000000204A300000000000C000300C6475C049FAC88038600000000260326151418010400000000140400000000150400000000160400000000170200002A02000030014A310114057E
2026-03-26 15:14:50 - msg_id_0200 ==> 7E0200004266000000000204AE00000000000C000300C6475B049FAC80038600000000260326151449010400000000140400000000150400000000160400000000170200002A0200003001463101145A7E
2026-03-26 15:15:21 - msg_id_0200 ==> 7E0200004266000000000204B900000000000C000300C6475B049FAC80038600000000260326151520010400000000140400000000150400000000160400000000170200002A020000300143310114207E
2026-03-26 15:15:52 - msg_id_0200 ==> 7E0200004266000000000204C400000000000C000300C6475B049FAC88038600000000260326151551010400000000140400000000150400000000160400000000170200002A020000300140310114277E
2026-03-26 15:16:02 - msg_id_0200 ==> 7E0200004266000000000204C800000000000C000300C6475B049FAC80038600000000260326151601010400000000140400000001150400000001160400000000170200002A02000030013D3101140D7E
2026-03-26 15:16:20 - msg_id_0200 ==> 7E0200004266000000000204CF00000000000C000300C6475A049FAC80038600000000260326151618010400000000140400000001150400000003160400000000170200002A02000030013D310114107E
2026-03-26 15:16:23 - msg_id_0200 ==> 7E0200004266000000000204D100000000000C000300C6475A049FAC80038600000000260326151621010400000000140400000001150400000002160400000000170200002A02000030013D310114367E
2026-03-26 15:16:53 - msg_id_0200 ==> 7E0200004266000000000204DB00000000000C000300C6475B049FAC80038700000000260326151652010400000000140400000001150400000002160400000000170200002A020000300140310114327E
2026-03-26 15:17:24 - msg_id_0200 ==> 7E0200004266000000000204E700000000000C000300C6475A049FAC80038600000000260326151723010400000000140400000001150400000002160400000000170200002A02000030013A310113037E
2026-03-26 15:17:25 - msg_id_0200 ==> 7E0200004266000000000204E800000000000C000300C6475A049FAC80038600000000260326151724010400000000140400000000150400000000160400000000170200002A02000030013A3101140F7E
2026-03-26 15:17:56 - msg_id_0200 ==> 7E0200004266000000000204F300000000000C000300C64759049FAC80038700000000260326151755010400000000140400000000150400000000160400000000170200002A02000030013D310112667E
2026-03-26 15:18:27 - msg_id_0200 ==> 7E0200004266000000000204FE00000000000C000300C6475A049FAC80038700000000260326151826010400000000140400000000150400000000160400000000170200002A0200003001403101146F7E
2026-03-26 15:18:58 - msg_id_0200 ==> 7E02000042660000000002050900000000000C000300C6475A049FAC78038700000000260326151857010400000000140400000000150400000000160400000000170200002A020000300143310114137E
2026-03-26 15:19:29 - msg_id_0200 ==> 7E02000042660000000002051400000000000C000300C64757049FAC78038700000000260326151928010400000000140400000000150400000000160400000000170200002A0200003001433101147D017E
2026-03-26 15:20:00 - msg_id_0200 ==> 7E02000042660000000002051F00000000000C000300C64755049FAC78038700000000260326151959010400000000140400000000150400000000160400000000170200002A02000030013D3101147B7E
2026-03-26 15:20:31 - msg_id_0200 ==> 7E02000042660000000002052A00000000000C000300C64752049FAC78038700000000260326152030010400000000140400000000150400000000160400000000170200002A02000030013D3101131E7E
2026-03-26 15:21:02 - msg_id_0200 ==> 7E02000042660000000002053500000000000C000300C64751049FAC78038700000000260326152101010400000000140400000000150400000000160400000000170200002A0200003001403101134F7E
2026-03-26 15:21:33 - msg_id_0200 ==> 7E02000042660000000002054000000000000C000300C64752049FAC78038700000000260326152132010400000000140400000000150400000000160400000000170200002A0200003001403101140D7E
2026-03-26 15:22:04 - msg_id_0200 ==> 7E02000042660000000002054B00000000000C000300C64751049FAC78038700000000260326152203010400000000140400000000150400000000160400000000170200002A020000300140310114377E
2026-03-26 15:22:37 - msg_id_0200 ==> 7E02000042660000000002055600000000000C000300C64751049FAC78038700000000260326152234010400000000140400000000150400000000160400000000170200002A0200003001403101131A7E
2026-03-26 15:23:06 - msg_id_0200 ==> 7E02000042660000000002056100000000000C000300C6474F049FAC78038700000000260326152305010400000000140400000000150400000000160400000000170200002A020000300140310114047E
2026-03-26 15:23:40 - msg_id_0200 ==> 7E02000042660000000002056C00000000000C000300C6474C049FAC78038700000000260326152336010400000000140400000000150400000000160400000000170200002A0200003001403101163B7E
2026-03-26 15:24:08 - msg_id_0200 ==> 7E02000042660000000002057700000000000C000300C64747049FAC78038700000000260326152407010400000000140400000000150400000000160400000000170200002A0200003001403101161D7E
2026-03-26 15:24:29 - msg_id_0200 ==> 7E02000042660000000002057F00000100000C000300C64746049FAC78038700000000260326152428010400000000140400000000150400000000160400000000170200002A020000300140310115397E
2026-03-26 15:24:39 - msg_id_0200 ==> 7E02000042660000000002058400000000000C000300C64745049FAC78038700000000260326152438010400000000140400000000150400000000160400000000170200002A020000300140310116D37E
2026-03-26 15:25:10 - msg_id_0200 ==> 7E02000042660000000002058F00000000000C000300C64743049FAC78038800000000260326152509010400000000140400000000150400000000160400000000170200002A020000300143310116E27E
2026-03-26 15:25:41 - msg_id_0200 ==> 7E02000042660000000002059900000000000C000300C64744049FAC78038800000000260326152540010400000000140400000000150400000000160400000000170200002A02000030013D310115C77E
2026-03-26 15:26:12 - msg_id_0200 ==> 7E0200004266000000000205A500000000000C000300C64742049FAC70038800000000260326152611010400000000140400000000150400000000160400000000170200002A020000300140310113DC7E
2026-03-26 15:26:43 - msg_id_0200 ==> 7E0200004266000000000205B000000000000C000300C64742049FAC78038800000000260326152642010400000000140400000000150400000000160400000000170200002A020000300140310113927E
2026-03-26 15:27:14 - msg_id_0200 ==> 7E0200004266000000000205BA00000000000C000300C64743049FAC70038800000000260326152713010400000000140400000000150400000000160400000000170200002A020000300140310113C17E
2026-03-26 15:27:45 - msg_id_0200 ==> 7E0200004266000000000205C600000000000C000300C64745049FAC70038800000000260326152744010400000000140400000000150400000000160400000000170200002A020000300140310113EC7E
2026-03-26 15:28:16 - msg_id_0200 ==> 7E0200004266000000000205D100000000000C000300C64746049FAC78038800000000260326152815010400000000140400000000150400000000160400000000170200002A02000030013D310113D37E
2026-03-26 15:28:47 - msg_id_0200 ==> 7E0200004266000000000205DB00000000000C000300C6474B049FAC70038800000000260326152846010400000000140400000000150400000000160400000000170200002A02000030013D310114887E
2026-03-26 15:29:18 - msg_id_0200 ==> 7E0200004266000000000205E700000000000C000300C6474C049FAC70038800000000260326152917010400000000140400000000150400000000160400000000170200002A020000300140310113997E
2026-03-26 15:29:49 - msg_id_0200 ==> 7E0200004266000000000205F200000000000C000300C6474A049FAC70038800000000260326152948010400000000140400000000150400000000160400000000170200002A020000300140310114D27E
2026-03-26 15:30:20 - msg_id_0200 ==> 7E0200004266000000000205FC00000000000C000300C64747049FAC70038800000000260326153019010400000000140400000000150400000000160400000000170200002A02000030013D310113E37E
2026-03-26 15:30:51 - msg_id_0200 ==> 7E02000042660000000002060800000000000C000300C6473D049FAC68038800000000260326153050010400000000140400000000150400000000160400000000170200002A020000300140310111407E
2026-03-26 15:31:22 - msg_id_0200 ==> 7E02000042660000000002061300000000000C000300C6473B049FAC60038800000000260326153121010400000000140400000000150400000000160400000000170200002A020000300140310113277E
2026-03-26 15:31:53 - msg_id_0200 ==> 7E02000042660000000002061D00000000000C000300C6473E049FAC58038800000000260326153152010400000000140400000000150400000000160400000000170200002A02000030013D3101151C7E
2026-03-26 15:32:25 - msg_id_0200 ==> 7E02000042660000000002062900000000000C000300C6473F049FAC58038900000000260326153223010400000000140400000000150400000000160400000000170200002A02000030013D3101155A7E
2026-03-26 15:32:35 - msg_id_0200 ==> 7E02000077660000000002063C00000000000C000300C6473D049FAC500389000000002603261532310104000000001404000000001504000000001604000000001702000018020000652F2A02000030013D310115000000038900C6473D049FAC5026032615323004010000000000000026032615323000010000000000000000000000677E
2026-03-26 15:32:49 - msg_id_0200 ==> 7E02000077660000000002065100000000000C000300C6473B049FAC500389000000002603261532470104000000001404000000001504000000001604000000001702000018020000652F2A02000030013D310115000000038900C6473B049FAC50260326153247040100000000000000260326153247000100000000000000000000007C7E
2026-03-26 15:32:57 - msg_id_0200 ==> 7E02000042660000000002066B00000004000C000300C6473B049FAC50038900000000260326153254010400000000140400000000150400000000160400000000170200002A02000030013D310115677E
2026-03-26 15:32:57 - msg_id_0200 ==> 7E02000077660000000002066A00000004000C000300C6473B049FAC500389000000002603261532540104000000001404000000001504000000001604000000001702000018020000652F2A02000030013D310115000000038900C6473B049FAC5026032615325404010000000000000026032615325400010000000000000000000000507E
2026-03-26 15:33:26 - msg_id_0200 ==> 7E02000042660000000002069B00000004000C000300C64734049FAC50038A00000000260326153325010400000000140400000000150400000000160400000000170200002A020000300140310115967E
2026-03-26 15:33:51 - msg_id_0200 ==> 7E0200007766000000000206A400000004000C000300C64734049FAC48038A000000002603261533490104000000001404000000001504000000001604000000001702000018020000652F2A020000300140310113000000038A00C64734049FAC4826032615334804010000000000000026032615334800010000000000000000000000F97E
2026-03-26 15:33:57 - msg_id_0200 ==> 7E0200004266000000000206CD00000004000C000300C64733049FAC48038A00000000260326153356010400000000140400000000150400000000160400000000170200002A020000300140310114AD7E
2026-03-26 15:34:04 - msg_id_0200 ==> 7E0200004266000000000206D100000000000C000300C64735049FAC40038A00000000260326153403010400000000140400000000150400000000160400000000170200002A020000300140310114E97E
2026-03-26 15:34:35 - msg_id_0200 ==> 7E0200004266000000000206DC00000000000C000300C6473A049FAC40038A00000000260326153434010400000000140400000000150400000000160400000000170200002A020000300140310113DB7E
2026-03-26 15:35:06 - msg_id_0200 ==> 7E0200004266000000000206E700000000000C000300C64738049FAC30038A00000000260326153505010400000000140400000000150400000000160400000000170200002A02000030013D310113DF7E
2026-03-26 15:35:37 - msg_id_0200 ==> 7E0200004266000000000206F200000000000C000300C64732049FAC30038B00000000260326153536010400000000140400000000150400000000160400000000170200002A02000030013D310113F27E
2026-03-26 15:36:08 - msg_id_0200 ==> 7E0200004266000000000206FD00000000000C000300C64734049FAC28038B00000000260326153607010400000000140400000000150400000000160400000000170200002A02000030013D310113D17E
2026-03-26 15:36:39 - msg_id_0200 ==> 7E02000042660000000002070800000000000C000300C64730049FAC20038B00000000260326153638010400000000140400000000150400000000160400000000170200002A02000030013D310113167E
2026-03-26 15:37:10 - msg_id_0200 ==> 7E02000042660000000002071300000000000C000300C6472D049FAC20038B00000000260326153709010400000000140400000000150400000000160400000000170200002A02000030013D310112217E
2026-03-26 15:37:41 - msg_id_0200 ==> 7E02000042660000000002071E00000000000C000300C6472C049FAC20038B00000000260326153740010400000000140400000000150400000000160400000000170200002A02000030013D310112647E
2026-03-26 15:38:12 - msg_id_0200 ==> 7E02000042660000000002072900000000000C000300C6472B049FAC18038B00000000260326153811010400000000140400000000150400000000160400000000170200002A02000030013D310112327E
2026-03-26 15:38:43 - msg_id_0200 ==> 7E02000042660000000002073400000000000C000300C6472A049FAC18038C00000000260326153842010400000000140400000000150400000000160400000000170200002A02000030013D3101127A7E
2026-03-26 15:39:14 - msg_id_0200 ==> 7E02000042660000000002073F00000000000C000300C64729049FAC10038C00000000260326153913010400000000140400000000150400000000160400000000170200002A02000030013D3101142C7E
2026-03-26 15:39:45 - msg_id_0200 ==> 7E02000042660000000002074A00000000000C000300C6472A049FAC10038C00000000260326153944010400000000140400000000150400000000160400000000170200002A02000030013D3101130A7E
2026-03-26 15:40:16 - msg_id_0200 ==> 7E02000042660000000002075500000000000C000300C6472D049FAC10038C00000000260326154015010400000000140400000000150400000000160400000000170200002A02000030013D3101123B7E
2026-03-26 15:40:47 - msg_id_0200 ==> 7E02000042660000000002076000000000000C000300C64730049FAC10038C00000000260326154046010400000000140400000000150400000000160400000000170200002A02000030013D310112407E
2026-03-26 15:41:18 - msg_id_0200 ==> 7E02000042660000000002076B00000000000C000300C6472F049FAC08038C00000000260326154117010400000000140400000000150400000000160400000000170200002A02000030013D3101121C7E
2026-03-26 15:41:49 - msg_id_0200 ==> 7E02000042660000000002077600000000000C000300C6472E049FAC08038C00000000260326154148010400000000140400000000150400000000160400000000170200002A02000030013D3101125F7E
2026-03-26 15:42:14 - msg_id_0200 ==> 7E02000042660000000002077F00000100000C000300C6472F049FAC08038C00000000260326154213010400000000140400000000150400000000160400000000170200002A02000030013D3101110D7E
2026-03-26 15:42:21 - msg_id_0200 ==> 7E02000042660000000002078200000000000C000300C6472F049FAC08038C00000000260326154220010400000000140400000000150400000000160400000000170200002A02000030013D310111C27E
2026-03-26 15:42:52 - msg_id_0200 ==> 7E02000042660000000002078D00000000000C000300C6472D049FAC00038C00000000260326154251010400000000140400000000150400000000160400000000170200002A02000030013D310113B47E
2026-03-26 15:43:23 - msg_id_0200 ==> 7E02000042660000000002079800000000000C000300C6472D049FABF8038C00000000260326154322010400000000140400000000150400000000160400000000170200002A02000030013D3101122D7E
2026-03-26 15:43:54 - msg_id_0200 ==> 7E0200004266000000000207A300000000000C000300C6472C049FABF8038D00000000260326154353010400000000140400000000150400000000160400000000170200002A02000030013A310114667E
2026-03-26 15:44:25 - msg_id_0200 ==> 7E0200004266000000000207AE00000000000C000300C6472A049FAC00038D00000000260326154424010400000000140400000000150400000000160400000000170200002A0200003001403101129E7E
2026-03-26 15:44:56 - msg_id_0200 ==> 7E0200004266000000000207B900000000000C000300C6472B049FABF8038D00000000260326154455010400000000140400000000150400000000160400000000170200002A02000030013A3101137D017E
2026-03-26 15:45:27 - msg_id_0200 ==> 7E0200004266000000000207C400000000000C000300C6472B049FAC00038D00000000260326154526010400000000140400000000150400000000160400000000170200002A02000030013D3101128B7E
2026-03-26 15:45:58 - msg_id_0200 ==> 7E0200004266000000000207CF00000000000C000300C6472B049FAC00038D00000000260326154557010400000000140400000000150400000000160400000000170200002A02000030013D310113F07E
2026-03-26 15:46:29 - msg_id_0200 ==> 7E0200004266000000000207DA00000000000C000300C64728049FAC00038D00000000260326154628010400000000140400000000150400000000160400000000170200002A02000030013D310110997E
2026-03-26 15:47:00 - msg_id_0200 ==> 7E0200004266000000000207E500000000000C000300C64728049FAC00038D00000000260326154659010400000000140400000000150400000000160400000000170200002A02000030013A310110D07E
2026-03-26 15:47:31 - msg_id_0200 ==> 7E0200004266000000000207F000000000000C000300C64728049FAC00038D00000000260326154730010400000000140400000000150400000000160400000000170200002A02000030013A310112AF7E
2026-03-26 15:48:02 - msg_id_0200 ==> 7E0200004266000000000207FB00000000000C000300C64727049FAC00038D00000000260326154801010400000000140400000000150400000000160400000000170200002A02000030013A310110977E
2026-03-26 15:48:33 - msg_id_0200 ==> 7E02000042660000000002080600000000000C000300C64729049FAC00038D00000000260326154832010400000000140400000000150400000000160400000000170200002A02000030013A3101125A7E
2026-03-26 15:49:04 - msg_id_0200 ==> 7E02000042660000000002081100000000000C000300C6472B049FAC00038D00000000260326154903010400000000140400000000150400000000160400000000170200002A02000030013A3101137D027E
2026-03-26 15:49:35 - msg_id_0200 ==> 7E02000042660000000002081C00000000000C000300C6472A049FAC00038D00000000260326154934010400000000140400000000150400000000160400000000170200002A02000030013A310114427E
2026-03-26 15:50:06 - msg_id_0200 ==> 7E02000042660000000002082700000000000C000300C6472A049FAC00038E00000000260326155005010400000000140400000000150400000000160400000000170200002A02000030013A310114527E
2026-03-26 15:50:37 - msg_id_0200 ==> 7E02000042660000000002083200000000000C000300C6472A049FAC00038E00000000260326155036010400000000140400000000150400000000160400000000170200002A02000030013A310113737E
2026-03-26 15:51:08 - msg_id_0200 ==> 7E02000042660000000002083D00000000000C000300C64729049FAC00038E00000000260326155107010400000000140400000000150400000000160400000000170200002A02000030013D3101154E7E
2026-03-26 15:51:39 - msg_id_0200 ==> 7E02000042660000000002084800000000000C000300C64729049FAC00038E00000000260326155138010400000000140400000000150400000000160400000000170200002A02000030013D310115047E
2026-03-26 15:52:10 - msg_id_0200 ==> 7E02000042660000000002085300000000000C000300C6472B049FAC00038E00000000260326155209010400000000140400000000150400000000160400000000170200002A02000030013D3101152F7E
2026-03-26 15:52:41 - msg_id_0200 ==> 7E02000042660000000002085E00000000000C000300C64728049FAC00038E00000000260326155240010400000000140400000000150400000000160400000000170200002A02000030013A3101146E7E
2026-03-26 15:53:12 - msg_id_0200 ==> 7E02000042660000000002086900000000000C000300C6472A049FAC00038E00000000260326155311010400000000140400000000150400000000160400000000170200002A020000300140310113767E
2026-03-26 15:53:43 - msg_id_0200 ==> 7E02000042660000000002087400000000000C000300C6472D049FAC00038E00000000260326155342010400000000140400000000150400000000160400000000170200002A020000300140310114387E
2026-03-26 15:54:13 - msg_id_0200 ==> 7E02000042660000000002087F00000100000C000300C6472D049FAC00038E00000000260326155412010400000000140400000000150400000000160400000000170200002A020000300140310114657E
2026-03-26 15:54:19 - msg_id_0200 ==> 7E02000042660000000002088200000000000C000300C6472C049FAC00038E00000000260326155418010400000000140400000000150400000000160400000000170200002A020000300140310115937E
2026-03-26 15:54:50 - msg_id_0200 ==> 7E02000042660000000002088D00000000000C000300C6472F049FAC00038F00000000260326155449010400000000140400000000150400000000160400000000170200002A02000030013D310115B27E
2026-03-26 15:55:21 - msg_id_0200 ==> 7E02000042660000000002089800000000000C000300C64730049FAC00038F00000000260326155520010400000000140400000000150400000000160400000000170200002A02000030013D310114D17E
2026-03-26 15:55:52 - msg_id_0200 ==> 7E0200004266000000000208A300000000000C000300C64732049FAC08038F00000000260326155551010400000000140400000000150400000000160400000000170200002A02000030013D310114917E
2026-03-26 15:56:23 - msg_id_0200 ==> 7E0200004266000000000208AE00000000000C000300C64733049FAC08038F00000000260326155622010400000000140400000000150400000000160400000000170200002A02000030013D310115EC7E
2026-03-26 15:56:54 - msg_id_0200 ==> 7E0200004266000000000208B900000000000C000300C64733049FAC10038F00000000260326155653010400000000140400000000150400000000160400000000170200002A02000030013A310115957E
2026-03-26 15:57:25 - msg_id_0200 ==> 7E0200004266000000000208C400000000000C000300C64735049FAC10038F00000000260326155724010400000000140400000000150400000000160400000000170200002A02000030013A310115987E
2026-03-26 15:57:56 - msg_id_0200 ==> 7E0200004266000000000208CF00000000000C000300C64734049FAC18038E00000000260326155755010400000000140400000000150400000000160400000000170200002A02000030013D310115ED7E
2026-03-26 15:58:27 - msg_id_0200 ==> 7E0200004266000000000208DA00000000000C000300C64734049FAC20038E00000000260326155826010400000000140400000000150400000000160400000000170200002A02000030013A310115BB7E
2026-03-26 15:58:58 - msg_id_0200 ==> 7E0200004266000000000208E500000000000C000300C64734049FAC20038F00000000260326155857010400000000140400000000150400000000160400000000170200002A0200003001403101158E7E
2026-03-26 15:59:29 - msg_id_0200 ==> 7E0200004266000000000208F000000000000C000300C64738049FAC20038F00000000260326155928010400000000140400000000150400000000160400000000170200002A020000300140310115E97E
2026-03-26 16:00:00 - msg_id_0200 ==> 7E0200004266000000000208FB00000000000C000300C64739049FAC20038F00000000260326155959010400000000140400000000150400000000160400000000170200002A02000030013A310116EB7E
2026-03-26 16:00:31 - msg_id_0200 ==> 7E02000042660000000002090600000000000C000300C64738049FAC20038F00000000260326160030010400000000140400000000150400000000160400000000170200002A02000030013A310116257E
2026-03-26 16:01:02 - msg_id_0200 ==> 7E02000042660000000002091100000000000C000300C64736049FAC20038F00000000260326160101010400000000140400000000150400000000160400000000170200002A02000030013D3101160B7E
2026-03-26 16:01:33 - msg_id_0200 ==> 7E02000042660000000002091C00000000000C000300C64736049FAC20038F00000000260326160132010400000000140400000000150400000000160400000000170200002A02000030013D310116357E
2026-03-26 16:02:04 - msg_id_0200 ==> 7E02000042660000000002092700000000000C000300C64732049FAC20038F00000000260326160203010400000000140400000000150400000000160400000000170200002A02000030013D310116387E
2026-03-26 16:02:37 - msg_id_0200 ==> 7E02000042660000000002093200000000000C000300C6472F049FAC20038F00000000260326160234010400000000140400000000150400000000160400000000170200002A02000030013D310116077E
2026-03-26 16:03:09 - msg_id_0200 ==> 7E02000042660000000002093D00000000000C000300C6472E049FAC18038F00000000260326160305010400000000140400000000150400000000160400000000170200002A02000030013D310116017E
2026-03-26 16:03:37 - msg_id_0200 ==> 7E02000042660000000002094800000000000C000300C6472D049FAC18038F00000000260326160336010400000000140400000000150400000000160400000000170200002A02000030013D310116447E
2026-03-26 16:04:08 - msg_id_0200 ==> 7E02000042660000000002095300000000000C000300C6472D049FAC18038F00000000260326160407010400000000140400000000150400000000160400000000170200002A02000030013D310116697E
2026-03-26 16:04:39 - msg_id_0200 ==> 7E02000042660000000002095E00000000000C000300C6472B049FAC20038F00000000260326160438010400000000140400000000150400000000160400000000170200002A02000030013D310114677E
2026-03-26 16:05:10 - msg_id_0200 ==> 7E02000042660000000002096900000000000C000300C64728049FAC20038F00000000260326160509010400000000140400000000150400000000160400000000170200002A02000030013D310116617E
2026-03-26 16:05:41 - msg_id_0200 ==> 7E02000042660000000002097400000000000C000300C64728049FAC20038F00000000260326160540010400000000140400000000150400000000160400000000170200002A02000030013A310116327E
2026-03-26 16:06:11 - msg_id_0200 ==> 7E02000042660000000002097F00000100000C000300C64725049FAC28038E00000000260326160610010400000000140400000000150400000000160400000000170200002A02000030013D310116687E
2026-03-26 16:06:16 - msg_id_0200 ==> 7E02000042660000000002098200000000000C000300C64723049FAC28038E00000000260326160615010400000000140400000000150400000000160400000000170200002A02000030013D310116977E
2026-03-26 16:06:47 - msg_id_0200 ==> 7E02000042660000000002098D00000000000C000300C64716049FAC30038E00000000260326160646010400000000140400000000150400000000160400000000170200002A02000030013D310115E57E
2026-03-26 16:07:18 - msg_id_0200 ==> 7E02000042660000000002099800000000000C000300C64718049FAC30038E00000000260326160717010400000000140400000000150400000000160400000000170200002A02000030013D310115AE7E
2026-03-26 16:07:49 - msg_id_0200 ==> 7E0200004266000000000209A300000000000C000300C64717049FAC30038E00000000260326160748010400000000140400000000150400000000160400000000170200002A02000030013D310113C37E
2026-03-26 16:08:20 - msg_id_0200 ==> 7E0200004266000000000209AE00000000000C000300C64717049FAC30038E00000000260326160819010400000000140400000000150400000000160400000000170200002A02000030013A310113977E
2026-03-26 16:08:51 - msg_id_0200 ==> 7E0200004266000000000209B900000000000C000300C64718049FAC30038E00000000260326160850010400000000140400000000150400000000160400000000170200002A02000030013D310115C77E
2026-03-26 16:09:22 - msg_id_0200 ==> 7E0200004266000000000209C400000000000C000300C64717049FAC30038E00000000260326160921010400000000140400000000150400000000160400000000170200002A020000300140310114B97E
2026-03-26 16:09:53 - msg_id_0200 ==> 7E0200004266000000000209CF00000000000C000300C64708049FAC40038D00000000260326160952010400000000140400000000150400000000160400000000170200002A020000300140310115AC7E
2026-03-26 16:10:24 - msg_id_0200 ==> 7E0200004266000000000209DA00000000000C000300C64708049FAC48038C00000000260326161023010400000000140400000000150400000000160400000000170200002A02000030013D310114A47E
2026-03-26 16:10:55 - msg_id_0200 ==> 7E0200004266000000000209E500000000000C000300C6471A049FAC40038C00000000260326161054010400000000140400000000150400000000160400000000170200002A02000030013D310113F17E
2026-03-26 16:11:26 - msg_id_0200 ==> 7E0200004266000000000209F000000000000C000300C64717049FAC38038B00000000260326161125010400000000140400000000150400000000160400000000170200002A02000030013D310112E77E
2026-03-26 16:11:57 - msg_id_0200 ==> 7E0200004266000000000209FB00000000000C000300C64717049FAC38038A00000000260326161156010400000000140400000000150400000000160400000000170200002A02000030013D310114987E
2026-03-26 16:12:28 - msg_id_0200 ==> 7E020000426600000000020A0600000000000C000300C64715049FAC38038900000000260326161227010400000000140400000000150400000000160400000000170200002A0200003001403101116D7E
2026-03-26 16:12:59 - msg_id_0200 ==> 7E020000426600000000020A1100000000000C000300C64717049FAC40038900000000260326161258010400000000140400000000150400000000160400000000170200002A02000030013D310111027E
2026-03-26 16:13:30 - msg_id_0200 ==> 7E020000426600000000020A1C00000000000C000300C64719049FAC40038900000000260326161329010400000000140400000000150400000000160400000000170200002A02000030013D310111717E
2026-03-26 16:14:01 - msg_id_0200 ==> 7E020000426600000000020A2700000000000C000300C6471B049FAC40038800000000260326161400010400000000140400000000150400000000160400000000170200002A02000030013D310113657E
2026-03-26 16:14:32 - msg_id_0200 ==> 7E020000426600000000020A3200000000000C000300C6471D049FAC40038800000000260326161431010400000000140400000000150400000000160400000000170200002A02000030013D310114407E
2026-03-26 16:15:03 - msg_id_0200 ==> 7E020000426600000000020A3D00000000000C000300C64720049FAC48038700000000260326161502010400000000140400000000150400000000160400000000170200002A02000030013D310114477E
2026-03-26 16:15:34 - msg_id_0200 ==> 7E020000426600000000020A4800000000000C000300C64724049FAC50038700000000260326161533010400000000140400000000150400000000160400000000170200002A02000030013D3101141F7E
2026-03-26 16:16:05 - msg_id_0200 ==> 7E020000426600000000020A5300000000000C000300C6472C049FAC58038700000000260326161604010400000000140400000000150400000000160400000000170200002A02000030013D310115317E
2026-03-26 16:16:36 - msg_id_0200 ==> 7E020000426600000000020A5E00000000000C000300C6472B049FAC58038700000000260326161635010400000000140400000000150400000000160400000000170200002A020000300140310114767E
2026-03-26 16:17:07 - msg_id_0200 ==> 7E020000426600000000020A6900000000000C000300C64729049FAC58038600000000260326161706010400000000140400000000150400000000160400000000170200002A02000030013D3101150C7E
2026-03-26 16:17:38 - msg_id_0200 ==> 7E020000426600000000020A7400000000000C000300C6472D049FAC58038600000000260326161737010400000000140400000000150400000000160400000000170200002A02000030013D310115247E
2026-03-26 16:18:09 - msg_id_0200 ==> 7E020000426600000000020A7F00000100000C000300C6472D049FAC58038600000000260326161808010400000000140400000000150400000000160400000000170200002A02000030013D3101151E7E
2026-03-26 16:18:14 - msg_id_0200 ==> 7E020000426600000000020A8200000000000C000300C6472E049FAC58038600000000260326161813010400000000140400000000150400000000160400000000170200002A02000030013D310115FA7E
2026-03-26 16:18:45 - msg_id_0200 ==> 7E020000426600000000020A8D00000000000C000300C64730049FAC58038600000000260326161844010400000000140400000000150400000000160400000000170200002A02000030013D310114BD7E
2026-03-26 16:19:16 - msg_id_0200 ==> 7E020000426600000000020A9800000000000C000300C64732049FAC58038600000000260326161915010400000000140400000000150400000000160400000000170200002A02000030013D310115FB7E
2026-03-26 16:19:47 - msg_id_0200 ==> 7E020000426600000000020AA300000000000C000300C64733049FAC58038600000000260326161946010400000000140400000000150400000000160400000000170200002A02000030013D310115927E
2026-03-26 16:20:18 - msg_id_0200 ==> 7E020000426600000000020AAE00000000000C000300C64735049FAC50038500000000260326162017010400000000140400000000150400000000160400000000170200002A02000030013D310114FB7E
2026-03-26 16:20:49 - msg_id_0200 ==> 7E020000426600000000020AB900000000000C000300C6473C049FAC48038500000000260326162048010400000000140400000000150400000000160400000000170200002A02000030013D310114A27E
2026-03-26 16:21:20 - msg_id_0200 ==> 7E020000426600000000020AC400000000000C000300C64738049FAC50038500000000260326162119010400000000140400000000150400000000160400000000170200002A02000030013D310114937E
2026-03-26 16:21:51 - msg_id_0200 ==> 7E020000426600000000020ACF00000000000C000300C64738049FAC50038500000000260326162150010400000000140400000000150400000000160400000000170200002A02000030013D310114D17E
2026-03-26 16:22:23 - msg_id_0200 ==> 7E020000426600000000020ADA00000000000C000300C64739049FAC50038400000000260326162221010400000000140400000000150400000000160400000000170200002A02000030013D310114B67E
2026-03-26 16:22:53 - msg_id_0200 ==> 7E020000426600000000020AE500000000000C000300C64738049FAC50038500000000260326162252010400000000140400000000150400000000160400000000170200002A02000030014D3101138D7E
2026-03-26 16:23:24 - msg_id_0200 ==> 7E020000426600000000020AF000000000000C000300C64738049FAC50038400000000260326162323010400000000140400000000150400000000160400000000170200002A02000030014D310113E97E
2026-03-26 16:23:55 - msg_id_0200 ==> 7E020000426600000000020AFB00000000000C000300C64736049FAC50038400000000260326162354010400000000140400000000150400000000160400000000170200002A02000030014D3101149C7E
2026-03-26 16:24:26 - msg_id_0200 ==> 7E020000426600000000020B0600000000000C000300C64736049FAC48038400000000260326162425010400000000140400000000150400000000160400000000170200002A02000030014D3101160C7E
2026-03-26 16:24:57 - msg_id_0200 ==> 7E020000426600000000020B1100000000000C000300C64737049FAC48038400000000260326162456010400000000140400000000150400000000160400000000170200002A02000030014D3101146B7E
2026-03-26 16:25:28 - msg_id_0200 ==> 7E020000426600000000020B1C00000000000C000300C64738049FAC48038400000000260326162527010400000000140400000000150400000000160400000000170200002A02000030014D310115187E
2026-03-26 16:25:59 - msg_id_0200 ==> 7E020000426600000000020B2700000000000C000300C64738049FAC48038400000000260326162558010400000000140400000000150400000000160400000000170200002A02000030013A3101152B7E
2026-03-26 16:26:30 - msg_id_0200 ==> 7E020000426600000000020B3200000000000C000300C64739049FAC48038400000000260326162629010400000000140400000000150400000000160400000000170200002A02000030013D3101154A7E
2026-03-26 16:27:01 - msg_id_0200 ==> 7E020000426600000000020B3D00000000000C000300C6473A049FAC48038400000000260326162700010400000000140400000000150400000000160400000000170200002A02000030013D3101146F7E
2026-03-26 16:27:35 - msg_id_0200 ==> 7E020000426600000000020B4800000000000C000300C6473B049FAC48038400000000260326162731010400000000140400000000150400000000160400000000170200002A02000030013A3101142D7E
2026-03-26 16:28:03 - msg_id_0200 ==> 7E020000426600000000020B5300000000000C000300C64739049FAC48038300000000260326162802010400000000140400000000150400000000160400000000170200002A02000030013D310115097E
2026-03-26 16:28:34 - msg_id_0200 ==> 7E020000426600000000020B5E00000000000C000300C64739049FAC48038300000000260326162833010400000000140400000000150400000000160400000000170200002A02000030013D310115357E
2026-03-26 16:29:05 - msg_id_0200 ==> 7E020000426600000000020B6900000000000C000300C64739049FAC48038300000000260326162904010400000000140400000000150400000000160400000000170200002A02000030013D310115347E
2026-03-26 16:29:36 - msg_id_0200 ==> 7E020000426600000000020B7400000000000C000300C6473A049FAC40038300000000260326162935010400000000140400000000150400000000160400000000170200002A02000030013D310115137E
2026-03-26 16:30:06 - msg_id_0200 ==> 7E020000426600000000020B7F00000100000C000300C6473B049FAC40038200000000260326163005010400000000140400000000150400000000160400000000170200002A02000030013D310112377E
2026-03-26 16:30:12 - msg_id_0200 ==> 7E020000426600000000020B8200000000000C000300C6473B049FAC40038200000000260326163011010400000000140400000000150400000000160400000000170200002A020000300140310112A27E
2026-03-26 16:30:43 - msg_id_0200 ==> 7E020000426600000000020B8D00000000000C000300C6473C049FAC40038200000000260326163042010400000000140400000000150400000000160400000000170200002A02000030013D310111877E
2026-03-26 16:31:14 - msg_id_0200 ==> 7E020000426600000000020B9800000000000C000300C6473C049FAC38038200000000260326163113010400000000140400000000150400000000160400000000170200002A02000030013D310115BE7E
2026-03-26 16:31:45 - msg_id_0200 ==> 7E020000426600000000020BA300000000000C000300C6473D049FAC38038200000000260326163144010400000000140400000000150400000000160400000000170200002A02000030013D310115D37E
2026-03-26 16:32:16 - msg_id_0200 ==> 7E020000426600000000020BAE00000000000C000300C64740049FAC38038200000000260326163215010400000000140400000000150400000000160400000000170200002A02000030013A310115F67E
2026-03-26 16:32:47 - msg_id_0200 ==> 7E020000426600000000020BB900000000000C000300C64743049FAC38038300000000260326163246010400000000140400000000150400000000160400000000170200002A02000030013A310115B07E
2026-03-26 16:33:18 - msg_id_0200 ==> 7E020000426600000000020BC400000000000C000300C6474D049FAC48038300000000260326163317010400000000140400000000150400000000160400000000170200002A02000030013D310115E47E
2026-03-26 16:33:49 - msg_id_0200 ==> 7E020000426600000000020BCF00000000000C000300C6474B049FAC48038300000000260326163348010400000000140400000000150400000000160400000000170200002A02000030013D310115B67E
2026-03-26 16:34:20 - msg_id_0200 ==> 7E020000426600000000020BDA00000000000C000300C64750049FAC48038300000000260326163419010400000000140400000000150400000000160400000000170200002A020000300150310114827E
2026-03-26 16:34:51 - msg_id_0200 ==> 7E020000426600000000020BE500000000000C000300C64755049FAC50038300000000260326163450010400000000140400000000150400000000160400000000170200002A020000300150310113EE7E
2026-03-26 16:35:22 - msg_id_0200 ==> 7E020000426600000000020BF000000000000C000300C64755049FAC58038300000000260326163521010400000000140400000000150400000000160400000000170200002A020000300150310113837E
2026-03-26 16:35:53 - msg_id_0200 ==> 7E020000426600000000020BFB00000000000C000300C6474D049FAC58038300000000260326163552010400000000140400000000150400000000160400000000170200002A020000300150310114E47E
2026-03-26 16:36:24 - msg_id_0200 ==> 7E020000426600000000020C0600000000000C000300C6474F049FAC58038300000000260326163623010400000000140400000000150400000000160400000000170200002A020000300150310113697E
2026-03-26 16:36:55 - msg_id_0200 ==> 7E020000426600000000020C1100000000000C000300C6474F049FAC50038300000000260326163654010400000000140400000000150400000000160400000000170200002A020000300150310113017E
2026-03-26 16:37:26 - msg_id_0200 ==> 7E020000426600000000020C1C00000000000C000300C64749049FAC58038300000000260326163725010400000000140400000000150400000000160400000000170200002A02000030013D310114187E
2026-03-26 16:37:57 - msg_id_0200 ==> 7E020000426600000000020C2700000000000C000300C64746049FAC58038200000000260326163756010400000000140400000000150400000000160400000000170200002A02000030013D3101155F7E
2026-03-26 16:38:28 - msg_id_0200 ==> 7E020000426600000000020C3200000000000C000300C64745049FAC50038200000000260326163827010400000000140400000000150400000000160400000000170200002A02000030013D310113397E
2026-03-26 16:38:59 - msg_id_0200 ==> 7E020000426600000000020C3D00000000000C000300C64742049FAC50038100000000260326163858010400000000140400000000150400000000160400000000170200002A02000030013D3101134D7E
2026-03-26 16:39:30 - msg_id_0200 ==> 7E020000426600000000020C4800000000000C000300C6473F049FAC58037F00000000260326163929010400000000140400000000150400000000160400000000170200002A02000030013D310113C37E
2026-03-26 16:40:01 - msg_id_0200 ==> 7E020000426600000000020C5300000000000C000300C6473C049FAC60037F00000000260326164000010400000000140400000000150400000000160400000000170200002A02000030013A310116B17E
2026-03-26 16:40:32 - msg_id_0200 ==> 7E020000426600000000020C5E00000000000C000300C64736049FAC68037F00000000260326164031010400000000140400000000150400000000160400000000170200002A02000030013A3101168F7E
2026-03-26 16:41:04 - msg_id_0200 ==> 7E020000426600000000020C6900000000000C000300C64735049FAC68037F00000000260326164102010400000000140400000000150400000000160400000000170200002A02000030013D3101168E7E
2026-03-26 16:41:34 - msg_id_0200 ==> 7E020000426600000000020C7400000000000C000300C64733049FAC68037F00000000260326164133010400000000140400000000150400000000160400000000170200002A02000030013D310116A47E
2026-03-26 16:42:10 - msg_id_0200 ==> 7E020000426600000000020C8200000000000C000300C6471E049FAC60037F00000000260326164209010400000000140400000000150400000000160400000000170200002A02000030013A3101154A7E
2026-03-26 16:42:42 - msg_id_0200 ==> 7E020000426600000000020C8D00000000000C000300C64714049FAC60037F00000000260326164240010400000000140400000000150400000000160400000000170200002A02000030013A310116057E
2026-03-26 16:43:12 - msg_id_0200 ==> 7E020000426600000000020C9800000000000C000300C6470F049FAC60037F00000000260326164311010400000000140400000000150400000000160400000000170200002A02000030013D3101165C7E
2026-03-26 16:43:43 - msg_id_0200 ==> 7E020000426600000000020CA300000000000C000300C6470D049FAC60037F00000000260326164342010400000000140400000000150400000000160400000000170200002A02000030013D310116367E
2026-03-26 16:44:15 - msg_id_0200 ==> 7E020000426600000000020CAE00000000000C000300C6470C049FAC60037F00000000260326164413010400000000140400000000150400000000160400000000170200002A02000030013A3101136E7E
2026-03-26 16:44:45 - msg_id_0200 ==> 7E020000426600000000020CB900000000000C000300C6470F049FAC60037F00000000260326164444010400000000140400000000150400000000160400000000170200002A02000030013A3101132D7E
2026-03-26 16:45:16 - msg_id_0200 ==> 7E020000426600000000020CC400000000000C000300C6470F049FAC60037F00000000260326164515010400000000140400000000150400000000160400000000170200002A02000030013A310115067E
2026-03-26 16:45:47 - msg_id_0200 ==> 7E020000426600000000020CCF00000000000C000300C64709049FAC60037F00000000260326164546010400000000140400000000150400000000160400000000170200002A02000030013A310114597E
2026-03-26 16:46:19 - msg_id_0200 ==> 7E020000426600000000020CDA00000000000C000300C64709049FAC60037F00000000260326164617010400000000140400000000150400000000160400000000170200002A02000030013D3101121F7E
2026-03-26 16:46:49 - msg_id_0200 ==> 7E020000426600000000020CE500000000000C000300C6470C049FAC68037F00000000260326164648010400000000140400000000150400000000160400000000170200002A02000030013D310113737E
2026-03-26 16:47:20 - msg_id_0200 ==> 7E020000426600000000020CF000000000000C000300C64711049FAC68037F00000000260326164719010400000000140400000000150400000000160400000000170200002A02000030013D3101132B7E
2026-03-26 16:47:51 - msg_id_0200 ==> 7E020000426600000000020CFB00000000000C000300C64713049FAC68037F00000000260326164750010400000000140400000000150400000000160400000000170200002A02000030013D3101166E7E
2026-03-26 16:48:22 - msg_id_0200 ==> 7E020000426600000000020D0600000000000C000300C64713049FAC68037D0200000000260326164821010400000000140400000000150400000000160400000000170200002A02000030013A310115E97E
2026-03-26 16:48:53 - msg_id_0200 ==> 7E020000426600000000020D1100000000000C000300C64712049FAC60037D0200000000260326164852010400000000140400000000150400000000160400000000170200002A02000030013D310115837E
2026-03-26 16:49:24 - msg_id_0200 ==> 7E020000426600000000020D1C00000000000C000300C6470A049FAC68037D0200000000260326164923010400000000140400000000150400000000160400000000170200002A02000030013A310112EE7E
2026-03-26 16:49:55 - msg_id_0200 ==> 7E020000426600000000020D2700000000000C000300C64706049FAC68037D0200000000260326164954010400000000140400000000150400000000160400000000170200002A02000030013D310113A87E
2026-03-26 16:50:26 - msg_id_0200 ==> 7E020000426600000000020D3200000000000C000300C64704049FAC68037D0200000000260326165025010400000000140400000000150400000000160400000000170200002A02000030013D310113D77E
2026-03-26 16:50:57 - msg_id_0200 ==> 7E020000426600000000020D3D00000000000C000300C64701049FAC68037D0200000000260326165056010400000000140400000000150400000000160400000000170200002A02000030013D310116AB7E
2026-03-26 16:51:28 - msg_id_0200 ==> 7E020000426600000000020D4800000000000C000300C64700049FAC70037D0200000000260326165127010400000000140400000000150400000000160400000000170200002A02000030013D310115B47E
2026-03-26 16:51:59 - msg_id_0200 ==> 7E020000426600000000020D5300000000000C000300C64703049FAC68037D0200000000260326165158010400000000140400000000150400000000160400000000170200002A02000030013A310117CE7E
2026-03-26 16:52:30 - msg_id_0200 ==> 7E020000426600000000020D5E00000000000C000300C64702049FAC68037F00000000260326165229010400000000140400000000150400000000160400000000170200002A02000030013A310115B37E
2026-03-26 16:53:01 - msg_id_0200 ==> 7E020000426600000000020D6900000000000C000300C64704049FAC68037F00000000260326165300010400000000140400000000150400000000160400000000170200002A02000030013A310114AB7E
2026-03-26 16:53:32 - msg_id_0200 ==> 7E020000426600000000020D7400000000000C000300C64701049FAC68037F00000000260326165331010400000000140400000000150400000000160400000000170200002A02000030013D310117867E
2026-03-26 16:54:02 - msg_id_0200 ==> 7E020000426600000000020D7F00000100000C000300C64700049FAC68037F00000000260326165401010400000000140400000000150400000000160400000000170200002A02000030013D310116BB7E
2026-03-26 16:54:08 - msg_id_0200 ==> 7E020000426600000000020D8200000000000C000300C64700049FAC68037F00000000260326165407010400000000140400000000150400000000160400000000170200002A02000030013D310117407E
2026-03-26 16:54:39 - msg_id_0200 ==> 7E020000426600000000020D8D00000000000C000300C646FF049FAC68037F00000000260326165438010400000000140400000000150400000000160400000000170200002A02000030013D3101158C7E
2026-03-26 16:55:10 - msg_id_0200 ==> 7E020000426600000000020D9800000000000C000300C64702049FAC68037F00000000260326165509010400000000140400000000150400000000160400000000170200002A02000030013D310115557E
2026-03-26 16:55:41 - msg_id_0200 ==> 7E020000426600000000020DA300000000000C000300C64704049FAC68037F00000000260326165540010400000000140400000000150400000000160400000000170200002A02000030013D310114207E
2026-03-26 16:56:12 - msg_id_0200 ==> 7E020000426600000000020DAE00000000000C000300C64704049FAC68037F00000000260326165611010400000000140400000000150400000000160400000000170200002A02000030013D3101147F7E
2026-03-26 16:56:43 - msg_id_0200 ==> 7E020000426600000000020DB900000000000C000300C64705049FAC68038000000000260326165642010400000000140400000000150400000000160400000000170200002A02000030013A310114C27E
2026-03-26 16:57:14 - msg_id_0200 ==> 7E020000426600000000020DC400000000000C000300C64707049FAC68038000000000260326165713010400000000140400000000150400000000160400000000170200002A02000030013D310114EA7E
2026-03-26 16:57:45 - msg_id_0200 ==> 7E020000426600000000020DCF00000000000C000300C6470A049FAC68038000000000260326165744010400000000140400000000150400000000160400000000170200002A02000030013D310113BC7E
2026-03-26 16:58:16 - msg_id_0200 ==> 7E020000426600000000020DDA00000000000C000300C6470E049FAC68038000000000260326165815010400000000140400000000150400000000160400000000170200002A02000030013D310112F27E
2026-03-26 16:58:47 - msg_id_0200 ==> 7E020000426600000000020DE500000000000C000300C64710049FAC70038000000000260326165846010400000000140400000000150400000000160400000000170200002A02000030013D3101149E7E
2026-03-26 16:59:18 - msg_id_0200 ==> 7E020000426600000000020DF000000000000C000300C64714049FAC78038000000000260326165917010400000000140400000000150400000000160400000000170200002A02000030013D310115D67E
2026-03-26 16:59:49 - msg_id_0200 ==> 7E020000426600000000020DFB00000000000C000300C64716049FAC78038000000000260326165948010400000000140400000000150400000000160400000000170200002A02000030013D310116837E
2026-03-26 17:00:20 - msg_id_0200 ==> 7E020000426600000000020E0600000000000C000300C6471A049FAC78038000000000260326170019010400000000140400000000150400000000160400000000170200002A020000300140310114077E
2026-03-26 17:00:51 - msg_id_0200 ==> 7E020000426600000000020E1100000000000C000300C6471F049FAC80038000000000260326170050010400000000140400000000150400000000160400000000170200002A02000030013D310116DB7E
2026-03-26 17:01:22 - msg_id_0200 ==> 7E020000426600000000020E1C00000000000C000300C64721049FAC80038000000000260326170121010400000000140400000000150400000000160400000000170200002A02000030013D3101159B7E
2026-03-26 17:01:53 - msg_id_0200 ==> 7E020000426600000000020E2700000000000C000300C64725049FAC80038000000000260326170152010400000000140400000000150400000000160400000000170200002A02000030013A310114D17E
2026-03-26 17:02:24 - msg_id_0200 ==> 7E020000426600000000020E3200000000000C000300C6472D049FAC80038000000000260326170223010400000000140400000000150400000000160400000000170200002A02000030013D310112BF7E
2026-03-26 17:02:55 - msg_id_0200 ==> 7E020000426600000000020E3D00000000000C000300C64736049FAC80038000000000260326170254010400000000140400000000150400000000160400000000170200002A02000030013D310114DA7E
2026-03-26 17:03:26 - msg_id_0200 ==> 7E020000426600000000020E4800000000000C000300C6473E049FAC80038000000000260326170325010400000000140400000000150400000000160400000000170200002A02000030013D310112D17E
2026-03-26 17:03:57 - msg_id_0200 ==> 7E020000426600000000020E5300000000000C000300C64741049FAC80038000000000260326170356010400000000140400000000150400000000160400000000170200002A02000030013D310114C07E
2026-03-26 17:04:28 - msg_id_0200 ==> 7E020000426600000000020E5E00000000000C000300C64741049FAC80038000000000260326170427010400000000140400000000150400000000160400000000170200002A02000030013D310113BC7E
2026-03-26 17:04:59 - msg_id_0200 ==> 7E020000426600000000020E6900000000000C000300C64741049FAC88038000000000260326170458010400000000140400000000150400000000160400000000170200002A02000030013D310112FD7E
2026-03-26 17:05:30 - msg_id_0200 ==> 7E020000426600000000020E7400000000000C000300C64742049FAC88038000000000260326170529010400000000140400000000150400000000160400000000170200002A02000030013D310114957E
2026-03-26 17:06:00 - msg_id_0200 ==> 7E020000426600000000020E7F00000100000C000300C64743049FAC80038000000000260326170559010400000000140400000000150400000000160400000000170200002A02000030013D310114E67E
2026-03-26 17:06:05 - msg_id_0200 ==> 7E020000426600000000020E8200000000000C000300C64743049FAC80038000000000260326170604010400000000140400000000150400000000160400000000170200002A02000030013D310114447E
2026-03-26 17:06:36 - msg_id_0200 ==> 7E020000426600000000020E8D00000000000C000300C64743049FAC80038000000000260326170635010400000000140400000000150400000000160400000000170200002A02000030013D3101127C7E
2026-03-26 17:07:07 - msg_id_0200 ==> 7E020000426600000000020E9800000000000C000300C64743049FAC80038100000000260326170706010400000000140400000000150400000000160400000000170200002A02000030013A3101125D7E
2026-03-26 17:07:39 - msg_id_0200 ==> 7E020000426600000000020EA300000000000C000300C64743049FAC80038100000000260326170737010400000000140400000000150400000000160400000000170200002A02000030013A310114517E
2026-03-26 17:08:09 - msg_id_0200 ==> 7E020000426600000000020EAE00000000000C000300C64743049FAC88038100000000260326170808010400000000140400000000150400000000160400000000170200002A02000030013A310114647E
2026-03-26 17:08:40 - msg_id_0200 ==> 7E020000426600000000020EB900000000000C000300C64748049FAC88038100000000260326170839010400000000140400000000150400000000160400000000170200002A02000030013A3101114C7E
2026-03-26 17:09:11 - msg_id_0200 ==> 7E020000426600000000020EC400000000000C000300C6474E049FAC88038100000000260326170910010400000000140400000000150400000000160400000000170200002A02000030013A3101141A7E
2026-03-26 17:09:42 - msg_id_0200 ==> 7E020000426600000000020ECF00000000000C000300C64750049FAC88038100000000260326170941010400000000140400000000150400000000160400000000170200002A02000030013D310114597E
2026-03-26 17:10:13 - msg_id_0200 ==> 7E020000426600000000020EDA00000000000C000300C64753049FAC88038100000000260326171012010400000000140400000000150400000000160400000000170200002A02000030013D310115047E
2026-03-26 17:10:44 - msg_id_0200 ==> 7E020000426600000000020EE500000000000C000300C64755049FAC90038100000000260326171043010400000000140400000000150400000000160400000000170200002A02000030013A310114727E
2026-03-26 17:11:15 - msg_id_0200 ==> 7E020000426600000000020EF000000000000C000300C64756049FAC90038100000000260326171114010400000000140400000000150400000000160400000000170200002A020000300140310115497E
2026-03-26 17:11:46 - msg_id_0200 ==> 7E020000426600000000020EFB00000000000C000300C64756049FAC90038200000000260326171145010400000000140400000000150400000000160400000000170200002A02000030013D3101156D7E
2026-03-26 17:12:17 - msg_id_0200 ==> 7E020000426600000000020F0600000000000C000300C64759049FAC90038100000000260326171216010400000000140400000000150400000000160400000000170200002A02000030013D310115CD7E
2026-03-26 17:12:48 - msg_id_0200 ==> 7E020000426600000000020F1100000000000C000300C6475F049FAC90038100000000260326171247010400000000140400000000150400000000160400000000170200002A02000030013D3101138B7E
2026-03-26 17:13:19 - msg_id_0200 ==> 7E020000426600000000020F1C00000000000C000300C64760049FAC90038100000000260326171318010400000000140400000000150400000000160400000000170200002A0200003001403101139A7E
2026-03-26 17:13:50 - msg_id_0200 ==> 7E020000426600000000020F2700000000000C000300C64761049FAC90038100000000260326171349010400000000140400000000150400000000160400000000170200002A02000030013D3101148B7E
2026-03-26 17:14:21 - msg_id_0200 ==> 7E020000426600000000020F3200000000000C000300C64764049FAC90038100000000260326171420010400000000140400000000150400000000160400000000170200002A02000030013D310113F27E
2026-03-26 17:14:52 - msg_id_0200 ==> 7E020000426600000000020F3D00000000000C000300C64764049FAC90038100000000260326171451010400000000140400000000150400000000160400000000170200002A02000030013D3101138C7E
2026-03-26 17:15:23 - msg_id_0200 ==> 7E020000426600000000020F4800000000000C000300C6475F049FAC90038200000000260326171522010400000000140400000000150400000000160400000000170200002A02000030013D310112B27E
2026-03-26 17:15:54 - msg_id_0200 ==> 7E020000426600000000020F5300000000000C000300C64757049FAC88038100000000260326171553010400000000140400000000150400000000160400000000170200002A02000030013D310113CA7E
2026-03-26 17:16:25 - msg_id_0200 ==> 7E020000426600000000020F5E00000000000C000300C64752049FAC80038000000000260326171624010400000000140400000000150400000000160400000000170200002A02000030013D310114B87E
2026-03-26 17:16:56 - msg_id_0200 ==> 7E020000426600000000020F6900000000000C000300C64755049FAC88038000000000260326171655010400000000140400000000150400000000160400000000170200002A0200003001403101138B7E
2026-03-26 17:17:27 - msg_id_0200 ==> 7E020000426600000000020F7400000000000C000300C64756049FAC90038000000000260326171726010400000000140400000000150400000000160400000000170200002A02000030013D310113827E
2026-03-26 17:17:58 - msg_id_0200 ==> 7E020000426600000000020F7F00000100000C000300C64755049FAC90038100000000260326171757010400000000140400000000150400000000160400000000170200002A02000030013D310114FC7E
2026-03-26 17:18:03 - msg_id_0200 ==> 7E020000426600000000020F8200000000000C000300C64756049FAC90038100000000260326171802010400000000140400000000150400000000160400000000170200002A02000030013D310114597E
2026-03-26 17:18:34 - msg_id_0200 ==> 7E020000426600000000020F8D00000000000C000300C64757049FAC90038100000000260326171833010400000000140400000000150400000000160400000000170200002A02000030013D310114667E
2026-03-26 17:19:05 - msg_id_0200 ==> 7E020000426600000000020F9800000000000C000300C64758049FAC90038100000000260326171904010400000000140400000000150400000000160400000000170200002A02000030013D3101144A7E
2026-03-26 17:19:36 - msg_id_0200 ==> 7E020000426600000000020FA300000000000C000300C6475A049FAC90038100000000260326171935010400000000140400000000150400000000160400000000170200002A02000030013D310114427E
2026-03-26 17:20:07 - msg_id_0200 ==> 7E020000426600000000020FAE00000000000C000300C6475B049FAC90038100000000260326172006010400000000140400000000150400000000160400000000170200002A020000300140310114397E
2026-03-26 17:20:38 - msg_id_0200 ==> 7E020000426600000000020FB900000000000C000300C6475C049FAC98038100000000260326172037010400000000140400000000150400000000160400000000170200002A02000030013D3101146D7E
2026-03-26 17:21:09 - msg_id_0200 ==> 7E020000426600000000020FC400000000000C000300C6475D049FAC98038100000000260326172108010400000000140400000000150400000000160400000000170200002A02000030013D310113287E
2026-03-26 17:21:40 - msg_id_0200 ==> 7E020000426600000000020FCF00000000000C000300C6475E049FAC98038100000000260326172139010400000000140400000000150400000000160400000000170200002A02000030013A310115107E
2026-03-26 17:22:11 - msg_id_0200 ==> 7E020000426600000000020FDA00000000000C000300C6475D049FACA0038200000000260326172210010400000000140400000000150400000000160400000000170200002A02000030013D310114117E
2026-03-26 17:22:42 - msg_id_0200 ==> 7E020000426600000000020FE500000000000C000300C6475C049FACA0038200000000260326172241010400000000140400000000150400000000160400000000170200002A02000030013D3101147D027E
2026-03-26 17:23:13 - msg_id_0200 ==> 7E020000426600000000020FF000000000000C000300C6475B049FACA0038200000000260326172312010400000000140400000000150400000000160400000000170200002A02000030013D3101143E7E
2026-03-26 17:23:44 - msg_id_0200 ==> 7E020000426600000000020FFB00000000000C000300C64759049FACA0038200000000260326172343010400000000140400000000150400000000160400000000170200002A02000030013D310114667E
2026-03-26 17:24:15 - msg_id_0200 ==> 7E02000042660000000002100600000000000C000300C64759049FACA0038200000000260326172414010400000000140400000000150400000000160400000000170200002A02000030013D310112D27E
2026-03-26 17:24:46 - msg_id_0200 ==> 7E02000042660000000002101100000000000C000300C64758049FACA0038200000000260326172445010400000000140400000000150400000000160400000000170200002A02000030013A310112927E
2026-03-26 17:25:17 - msg_id_0200 ==> 7E02000042660000000002101C00000000000C000300C64759049FACA0038200000000260326172516010400000000140400000000150400000000160400000000170200002A02000030013A310114CA7E
2026-03-26 17:25:48 - msg_id_0200 ==> 7E02000042660000000002102700000000000C000300C6475A049FACA0038200000000260326172547010400000000140400000000150400000000160400000000170200002A020000300140310113DE7E
2026-03-26 17:26:19 - msg_id_0200 ==> 7E02000042660000000002103200000000000C000300C6475B049FACA0038200000000260326172618010400000000140400000000150400000000160400000000170200002A02000030013D310113EB7E
2026-03-26 17:26:50 - msg_id_0200 ==> 7E02000042660000000002103D00000000000C000300C6475D049FACA0038200000000260326172649010400000000140400000000150400000000160400000000170200002A02000030013A310115B27E
2026-03-26 17:27:21 - msg_id_0200 ==> 7E02000042660000000002104800000000000C000300C6475C049FACA8038300000000260326172720010400000000140400000000150400000000160400000000170200002A02000030013D310115A07E
2026-03-26 17:27:52 - msg_id_0200 ==> 7E02000042660000000002105300000000000C000300C6475A049FACA8038300000000260326172751010400000000140400000000150400000000160400000000170200002A020000300136310114C67E
2026-03-26 17:28:23 - msg_id_0200 ==> 7E02000042660000000002105E00000000000C000300C64756049FACA8038300000000260326172822010400000000140400000000150400000000160400000000170200002A02000030013A310112B17E
2026-03-26 17:28:54 - msg_id_0200 ==> 7E02000042660000000002106900000000000C000300C64759049FACA8038300000000260326172853010400000000140400000000150400000000160400000000170200002A02000030013A310115FF7E
2026-03-26 17:29:25 - msg_id_0200 ==> 7E02000042660000000002107400000000000C000300C64756049FACA0038300000000260326172924010400000000140400000000150400000000160400000000170200002A0200003001363101159F7E
2026-03-26 17:29:55 - msg_id_0200 ==> 7E02000042660000000002107F00000100000C000300C64755049FAC98038200000000260326172954010400000000140400000000150400000000160400000000170200002A020000300136310116DC7E
2026-03-26 17:30:01 - msg_id_0200 ==> 7E02000042660000000002108200000000000C000300C64756049FAC98038200000000260326173000010400000000140400000000150400000000160400000000170200002A0200003001363101156D7E
2026-03-26 17:30:32 - msg_id_0200 ==> 7E02000042660000000002108D00000000000C000300C64757049FAC98038200000000260326173031010400000000140400000000150400000000160400000000170200002A020000300136310114537E
2026-03-26 17:31:03 - msg_id_0200 ==> 7E02000042660000000002109800000000000C000300C64756049FAC98038200000000260326173102010400000000140400000000150400000000160400000000170200002A02000030013A310115787E
2026-03-26 17:31:34 - msg_id_0200 ==> 7E0200004266000000000210A300000000000C000300C64756049FAC98038200000000260326173133010400000000140400000000150400000000160400000000170200002A0200003001363101147F7E
2026-03-26 17:32:05 - msg_id_0200 ==> 7E0200004266000000000210AE00000000000C000300C64756049FAC90038200000000260326173204010400000000140400000000150400000000160400000000170200002A02000030013D310117467E
2026-03-26 17:32:36 - msg_id_0200 ==> 7E0200004266000000000210B900000000000C000300C64753049FAC90038200000000260326173235010400000000140400000000150400000000160400000000170200002A02000030013D310116647E
2026-03-26 17:33:07 - msg_id_0200 ==> 7E0200004266000000000210C400000000000C000300C64751049FAC90038200000000260326173306010400000000140400000000150400000000160400000000170200002A020000300136310116227E
2026-03-26 17:33:38 - msg_id_0200 ==> 7E0200004266000000000210CF00000000000C000300C64752049FAC90038200000000260326173337010400000000140400000000150400000000160400000000170200002A02000030013D3101181E7E
2026-03-26 17:34:09 - msg_id_0200 ==> 7E0200004266000000000210DA00000000000C000300C6474F049FAC90038200000000260326173408010400000000140400000000150400000000160400000000170200002A02000030013D310116207E
2026-03-26 17:34:40 - msg_id_0200 ==> 7E0200004266000000000210E500000000000C000300C64750049FAC90038200000000260326173439010400000000140400000000150400000000160400000000170200002A02000030013A310117377E
2026-03-26 17:35:11 - msg_id_0200 ==> 7E0200004266000000000210F000000000000C000300C64752049FAC98038200000000260326173510010400000000140400000000150400000000160400000000170200002A02000030013A310116017E
2026-03-26 17:35:42 - msg_id_0200 ==> 7E0200004266000000000210FB00000000000C000300C64755049FAC98038200000000260326173541010400000000140400000000150400000000160400000000170200002A02000030013A3101155F7E
2026-03-26 17:36:13 - msg_id_0200 ==> 7E02000042660000000002110600000000000C000300C64754049FAC98038200000000260326173612010400000000140400000000150400000000160400000000170200002A02000030013A310113F47E
2026-03-26 17:36:44 - msg_id_0200 ==> 7E02000042660000000002111100000000000C000300C64756049FAC98038200000000260326173643010400000000140400000000150400000000160400000000170200002A02000030013A310114B77E
2026-03-26 17:37:15 - msg_id_0200 ==> 7E02000042660000000002111C00000000000C000300C64756049FAC98038200000000260326173714010400000000140400000000150400000000160400000000170200002A02000030013A310114EC7E
2026-03-26 17:37:46 - msg_id_0200 ==> 7E02000042660000000002112700000000000C000300C64753049FAC98038200000000260326173745010400000000140400000000150400000000160400000000170200002A02000030013A310116817E
2026-03-26 17:38:17 - msg_id_0200 ==> 7E02000042660000000002113200000000000C000300C64754049FAC98038200000000260326173816010400000000140400000000150400000000160400000000170200002A02000030013A310116CF7E
2026-03-26 17:38:48 - msg_id_0200 ==> 7E02000042660000000002113D00000000000C000300C64756049FAC98038200000000260326173847010400000000140400000000150400000000160400000000170200002A02000030013A310117927E
2026-03-26 17:39:19 - msg_id_0200 ==> 7E02000042660000000002114800000000000C000300C64756049FAC90038200000000260326173918010400000000140400000000150400000000160400000000170200002A02000030013A310116B07E
2026-03-26 17:39:50 - msg_id_0200 ==> 7E02000042660000000002115300000000000C000300C64756049FAC90038200000000260326173949010400000000140400000000150400000000160400000000170200002A02000030013A310118F47E
2026-03-26 17:40:21 - msg_id_0200 ==> 7E02000042660000000002115E00000000000C000300C64756049FAC90038200000000260326174020010400000000140400000000150400000000160400000000170200002A02000030013A310117E67E
2026-03-26 17:40:52 - msg_id_0200 ==> 7E02000042660000000002116900000000000C000200C64757049FAC90038200000000260326174051010400000000140400000000150400000000160400000000170200002A02000030014D310117D77E
2026-03-26 17:41:23 - msg_id_0200 ==> 7E02000042660000000002117400000000000C000200C64758049FAC90038200000000260326174122010400000000140400000000150400000000160400000000170200002A02000030014D310117B77E
2026-03-26 17:41:53 - msg_id_0200 ==> 7E02000042660000000002117F00000100000C000200C64757049FAC90038200000000260326174152010400000000140400000000150400000000160400000000170200002A02000030014D310117C27E
2026-03-26 17:41:58 - msg_id_0200 ==> 7E02000042660000000002118200000000000C000200C64757049FAC90038200000000260326174157010400000000140400000000150400000000160400000000170200002A02000030014D3101173B7E
2026-03-26 17:42:29 - msg_id_0200 ==> 7E02000042660000000002118D00000000000C000200C64757049FAC90038200000000260326174228010400000000140400000000150400000000160400000000170200002A02000030014D310117487E
2026-03-26 17:43:00 - msg_id_0200 ==> 7E02000042660000000002119800000000000C000200C6475A049FAC90038200000000260326174259010400000000140400000000150400000000160400000000170200002A02000030014D310117217E
2026-03-26 17:43:31 - msg_id_0200 ==> 7E0200004266000000000211A300000000000C000300C6475A049FAC90038200000000260326174330010400000000140400000000150400000000160400000000170200002A02000030014D310117737E
2026-03-26 17:44:02 - msg_id_0200 ==> 7E0200004266000000000211AE00000000000C000300C6475A049FAC90038300000000260326174401010400000000140400000000150400000000160400000000170200002A02000030014D310116487E
2026-03-26 17:44:33 - msg_id_0200 ==> 7E0200004266000000000211B900000000000C000300C6475C049FAC90038300000000260326174432010400000000140400000000150400000000160400000000170200002A02000030014A3101156E7E
2026-03-26 17:45:04 - msg_id_0200 ==> 7E0200004266000000000211C400000000000C000300C6475E049FAC90038300000000260326174503010400000000140400000000150400000000160400000000170200002A02000030014D310117247E
2026-03-26 17:45:35 - msg_id_0200 ==> 7E0200004266000000000211CF00000000000C000300C6475E049FAC90038300000000260326174534010400000000140400000000150400000000160400000000170200002A02000030014D310117187E
2026-03-26 17:46:06 - msg_id_0200 ==> 7E0200004266000000000211DA00000000000C000300C6475F049FAC88038300000000260326174605010400000000140400000000150400000000160400000000170200002A02000030014A310117217E
2026-03-26 17:46:18 - msg_id_0200 ==> 7E0200007766000000000211DF00000000000C000300C64760049FAC880383000000002603261746170104000000001404000000001504000000001604000000001702000018020000652F2A02000030014A310118000000038300C64760049FAC8826032617461704010000000000000026032617461700010000000000000000000000B97E
2026-03-26 17:46:30 - msg_id_0200 ==> 7E02000077660000000002120700000000000C000300C64761049FAC880383000000002603261746290104000000001404000000001504000000001604000000001702000018020000652F2A02000030014A310118000000038300C64761049FAC88260326174629040100000000000000260326174629000100000000000000000000005C7E
2026-03-26 17:46:37 - msg_id_0200 ==> 7E02000042660000000002123000000004000C000300C64761049FAC88038300000000260326174636010400000000140400000000150400000000160400000000170200002A02000030014A310118CE7E
2026-03-26 17:46:44 - msg_id_0200 ==> 7E02000077660000000002123300000004000C000300C64760049FAC880383000000002603261746430104000000001404000000001504000000001604000000001702000018020000652F2A02000030014A310117000000038300C64760049FAC8826032617464304010000000000000026032617464300010000000000000000000000097E
2026-03-26 17:46:44 - msg_id_0200 ==> 7E02000042660000000002123400000004000C000300C64760049FAC88038300000000260326174643010400000000140400000020150400000000160400000000170200002A02000030014A310117917E
2026-03-26 17:46:45 - msg_id_0200 ==> 7E02000042660000000002125C00000000000C000300C64760049FAC88038300000000260326174644010400000000140400000020150400000000160400000000170200002A02000030014A310117FA7E
2026-03-26 17:46:55 - msg_id_0200 ==> 7E02000077660000000002126000000000000C000300C6475F049FAC880383000000002603261746540104000000001404000000201504000000001604000000001702000018020001652F2A02000030014A310117000000038300C6475F049FAC8826032617465404010000000000000026032617465400010000000000000000000000687E
2026-03-26 17:46:55 - msg_id_0200 ==> 7E02000042660000000002128700000100000C000300C6475F049FAC88038300000000260326174654010400000000140400000020150400000000160400000000170200002A02000030014A3101170F7E
2026-03-26 17:47:16 - msg_id_0200 ==> 7E02000042660000000002128F00000000000C000300C6475E049FAC88038300000000260326174715010400000000140400000020150400000000160400000000170200002A02000030014A310117477E
2026-03-26 17:47:18 - msg_id_0200 ==> 7E02000077660000000002129100000000000C000300C6475E049FAC880383000000002603261747170104000000001404000000201504000000001604000000001702000018020001652F2A02000030014A310117000000038300C6475E049FAC8826032617471704010000000000000026032617471700010000000000000000000000DB7E
2026-03-26 17:47:24 - msg_id_0200 ==> 7E0200007766000000000212B900000000000C000300C6475E049FAC880383000000002603261747230104000000001404000000201504000000001604000000001702000018020001652F2A02000030014A310117000000038300C6475E049FAC8826032617472304010000000000000026032617472300010000000000000000000000C77E
2026-03-26 17:47:47 - msg_id_0200 ==> 7E0200004266000000000212E400000000000C000300C6475D049FAC88038300000000260326174746010400000000140400000020150400000000160400000000170200002A02000030014A3101177C7E
2026-03-26 17:47:56 - msg_id_0200 ==> 7E02000042660000000002130A00000000000C000300C6475E049FAC88038300000000260326174755010400000000140400000020150400000000160400000000170200002A02000030014A310116827E
2026-03-26 17:48:06 - msg_id_0200 ==> 7E02000077660000000002130E00000004000C000300C6475F049FAC880383000000002603261748050104000000001404000000201504000000001604000000001702000018020001652F2A02000030014A310115000000038300C6475F049FAC88260326174804040100000000000000260326174804000100000000000000000000005E7E
2026-03-26 17:48:20 - msg_id_0200 ==> 7E02000042660000000002134100000000000C000300C64760049FAC88038300000000260326174819010400000000140400000020150400000000160400000000170200002A02000030014A310115B77E
2026-03-26 17:48:51 - msg_id_0200 ==> 7E02000042660000000002134C00000000000C000300C64763049FAC88038300000000260326174850010400000000140400000020150400000000160400000000170200002A02000030014A310117F27E
2026-03-26 17:49:22 - msg_id_0200 ==> 7E02000042660000000002135600000000000C000300C64764049FAC88038300000000260326174921010400000000140400000020150400000000160400000000170200002A02000030014A3101179F7E
2026-03-26 17:49:53 - msg_id_0200 ==> 7E02000042660000000002136200000000000C000300C64764049FAC80038300000000260326174952010400000000140400000020150400000000160400000000170200002A02000030014A310116D17E
2026-03-26 17:50:24 - msg_id_0200 ==> 7E02000042660000000002136D00000000000C000300C64765049FAC88038300000000260326175023010400000000140400000020150400000000160400000000170200002A020000300146310116B37E
2026-03-26 17:50:55 - msg_id_0200 ==> 7E02000042660000000002137700000000000C000300C64760049FAC88038300000000260326175054010400000000140400000020150400000000160400000000170200002A020000300146310113DE7E
2026-03-26 17:51:14 - msg_id_0200 ==> 7E02000042660000000002137F00000100000C000300C64762049FAC90038400000000260326175113010400000000140400000020150400000000160400000000170200002A02000030014A310112817E
2026-03-26 17:51:26 - msg_id_0200 ==> 7E02000042660000000002138300000000000C000300C64761049FAC90038400000000260326175125010400000000140400000020150400000000160400000000170200002A020000300136310111367E
2026-03-26 17:51:57 - msg_id_0200 ==> 7E02000042660000000002138E00000000000C000300C6475F049FAC90038400000000260326175156010400000000140400000020150400000000160400000000170200002A020000300136310113747E
2026-03-26 17:52:28 - msg_id_0200 ==> 7E02000042660000000002139900000000000C000300C6475E049FAC90038400000000260326175227010400000000140400000020150400000000160400000000170200002A020000300136310114177E
2026-03-26 17:52:59 - msg_id_0200 ==> 7E0200004266000000000213A400000000000C000300C6475F049FAC90038400000000260326175258010400000000140400000020150400000000160400000000170200002A020000300136310113537E
2026-03-26 17:53:30 - msg_id_0200 ==> 7E0200004266000000000213AF00000000000C000300C6475D049FAC90038400000000260326175329010400000000140400000020150400000000160400000000170200002A02000030013A310112277E
2026-03-26 17:54:01 - msg_id_0200 ==> 7E0200004266000000000213BA00000000000C000300C6475B049FAC90038500000000260326175400010400000000140400000020150400000000160400000000170200002A020000300136310112177E
2026-03-26 17:54:32 - msg_id_0200 ==> 7E0200004266000000000213C500000000000C000300C6475B049FAC90038500000000260326175431010400000000140400000020150400000000160400000000170200002A020000300136310113587E
2026-03-26 17:55:03 - msg_id_0200 ==> 7E0200004266000000000213D000000000000C000300C6475C049FAC98038500000000260326175502010400000000140400000020150400000000160400000000170200002A020000300136310112717E
2026-03-26 17:55:34 - msg_id_0200 ==> 7E0200004266000000000213DB00000000000C000300C6475E049FAC98038500000000260326175533010400000000140400000020150400000000160400000000170200002A02000030013A310112457E
2026-03-26 17:56:05 - msg_id_0200 ==> 7E0200004266000000000213E600000000000C000300C6475F049FAC98038500000000260326175604010400000000140400000020150400000000160400000000170200002A02000030013A3101114E7E
2026-03-26 17:56:36 - msg_id_0200 ==> 7E0200004266000000000213F100000000000C000300C6475F049FAC98038500000000260326175635010400000000140400000020150400000000160400000000170200002A020000300146310112177E
2026-03-26 17:57:07 - msg_id_0200 ==> 7E0200004266000000000213FC00000000000C000300C6475E049FACA0038500000000260326175706010400000000140400000020150400000000160400000000170200002A02000030014A3101121D7E
2026-03-26 17:57:38 - msg_id_0200 ==> 7E02000042660000000002140700000000000C000300C6475C049FACA0038500000000260326175737010400000000140400000020150400000000160400000000170200002A02000030014A310110D07E
2026-03-26 17:58:09 - msg_id_0200 ==> 7E02000042660000000002141200000000000C000300C6475A049FACA0038500000000260326175808010400000000140400000020150400000000160400000000170200002A02000030014A310113F07E
2026-03-26 17:58:40 - msg_id_0200 ==> 7E02000042660000000002141D00000000000C000300C6475B049FACA0038500000000260326175839010400000000140400000020150400000000160400000000170200002A02000030014A310114C87E
2026-03-26 17:59:11 - msg_id_0200 ==> 7E02000042660000000002142800000000000C000300C6475C049FACA0038500000000260326175910010400000000140400000020150400000000160400000000170200002A02000030014A310114D27E
2026-03-26 17:59:42 - msg_id_0200 ==> 7E02000042660000000002143300000000000C000300C6475C049FACA8038500000000260326175941010400000000140400000020150400000000160400000000170200002A02000030014A310114907E
2026-03-26 18:00:13 - msg_id_0200 ==> 7E02000042660000000002143E00000000000C000300C6475B049FACA8038500000000260326180012010400000000140400000020150400000000160400000000170200002A02000030014A3101159E7E
2026-03-26 18:00:44 - msg_id_0200 ==> 7E02000042660000000002144900000000000C000300C6475B049FACA8038500000000260326180043010400000000140400000020150400000000160400000000170200002A020000300146310114B57E
2026-03-26 18:01:15 - msg_id_0200 ==> 7E02000042660000000002145400000000000C000300C6475C049FACA8038500000000260326180114010400000000140400000020150400000000160400000000170200002A02000030013A310114857E
2026-03-26 18:01:46 - msg_id_0200 ==> 7E02000042660000000002145F00000000000C000300C6475E049FACB0038500000000260326180145010400000000140400000020150400000000160400000000170200002A02000030014A310115B47E
2026-03-26 18:02:17 - msg_id_0200 ==> 7E02000042660000000002146A00000000000C000300C64760049FACB0038500000000260326180216010400000000140400000020150400000000160400000000170200002A02000030014A310115EF7E
2026-03-26 18:02:48 - msg_id_0200 ==> 7E02000042660000000002147500000000000C000300C64760049FACB0038500000000260326180247010400000000140400000020150400000000160400000000170200002A020000300146310114AC7E
2026-03-26 18:03:14 - msg_id_0200 ==> 7E02000042660000000002147F00000100000C000300C64763049FACB0038500000000260326180313010400000000140400000020150400000000160400000000170200002A02000030014A310114FD7E
2026-03-26 18:03:19 - msg_id_0200 ==> 7E02000042660000000002148200000000000C000300C64763049FACB0038500000000260326180318010400000000140400000020150400000000160400000000170200002A02000030014A3101150B7E
2026-03-26 18:03:50 - msg_id_0200 ==> 7E02000042660000000002148D00000000000C000300C64762049FACB0038500000000260326180349010400000000140400000020150400000000160400000000170200002A02000030014D310114527E
2026-03-26 18:04:21 - msg_id_0200 ==> 7E02000042660000000002149800000000000C000300C64763049FACB0038500000000260326180420010400000000140400000020150400000000160400000000170200002A02000030014A3101112A7E
2026-03-26 18:04:52 - msg_id_0200 ==> 7E0200004266000000000214A300000000000C000300C64763049FACB0038600000000260326180451010400000000140400000020150400000000160400000000170200002A0200003001503101127A7E
2026-03-26 18:05:23 - msg_id_0200 ==> 7E0200004266000000000214AE00000000000C000300C64763049FACB0038600000000260326180522010400000000140400000020150400000000160400000000170200002A02000030014D310112187E
2026-03-26 18:05:54 - msg_id_0200 ==> 7E0200004266000000000214B900000000000C000300C64765049FACB0038600000000260326180553010400000000140400000020150400000000160400000000170200002A02000030014D3101147D027E
2026-03-26 18:06:25 - msg_id_0200 ==> 7E0200004266000000000214C400000000000C000300C64766049FACB0038600000000260326180624010400000000140400000020150400000000160400000000170200002A02000030014A310113747E
2026-03-26 18:06:56 - msg_id_0200 ==> 7E0200004266000000000214CF00000000000C000300C64768049FACB0038600000000260326180655010400000000140400000020150400000000160400000000170200002A0200003001503101121B7E
2026-03-26 18:07:27 - msg_id_0200 ==> 7E0200004266000000000214DA00000000000C000300C64769049FACB0038600000000260326180726010400000000140400000020150400000000160400000000170200002A02000030014D310113617E
2026-03-26 18:07:58 - msg_id_0200 ==> 7E02000042660000000002152C00000000000C000300C64767049FACB8038600000000260326180757010400000000140400000020150400000000160400000000170200002A02000030014D310114E67E
2026-03-26 18:08:29 - msg_id_0200 ==> 7E02000042660000000002153700000000000C000300C64764049FACB8038600000000260326180828010400000000140400000020150400000000160400000000170200002A02000030014D3101148E7E
2026-03-26 18:09:00 - msg_id_0200 ==> 7E02000042660000000002154200000000000C000300C64764049FACB0038600000000260326180859010400000000140400000020150400000000160400000000170200002A02000030014D310114827E
2026-03-26 18:09:31 - msg_id_0200 ==> 7E02000042660000000002154D00000000000C000300C64765049FACB0038600000000260326180930010400000000140400000020150400000000160400000000170200002A02000030014D310115E57E
2026-03-26 18:10:02 - msg_id_0200 ==> 7E02000042660000000002155800000000000C000300C64765049FACB8038600000000260326181001010400000000140400000020150400000000160400000000170200002A02000030014D310115D07E
2026-03-26 18:10:33 - msg_id_0200 ==> 7E02000042660000000002156300000000000C000300C64763049FACB8038600000000260326181032010400000000140400000020150400000000160400000000170200002A02000030014D310114DF7E
2026-03-26 18:10:56 - msg_id_0200 ==> 7E02000042660000000002158F00000100000C000300C64763049FACB8038600000000260326181055010400000000140400000020150400000000160400000000170200002A02000030014D310114557E
2026-03-26 18:11:04 - msg_id_0200 ==> 7E02000042660000000002159300000000000C000300C64763049FACB8038600000000260326181103010400000000140400000020150400000000160400000000170200002A02000030014A310114187E
2026-03-26 18:11:35 - msg_id_0200 ==> 7E02000042660000000002159E00000000000C000300C64761049FACB8038600000000260326181134010400000000140400000020150400000000160400000000170200002A0200003001503101143A7E
2026-03-26 18:12:06 - msg_id_0200 ==> 7E0200004266000000000215A900000000000C000300C6475F049FACB8038600000000260326181205010400000000140400000020150400000000160400000000170200002A020000300150310114017E
2026-03-26 18:12:37 - msg_id_0200 ==> 7E0200004266000000000215B400000000000C000300C64760049FACB8038600000000260326181236010400000000140400000020150400000000160400000000170200002A020000300150310113177E
2026-03-26 18:13:08 - msg_id_0200 ==> 7E0200004266000000000215BF00000000000C000300C64762049FACC0038600000000260326181307010400000000140400000020150400000000160400000000170200002A020000300150310114517E
2026-03-26 18:13:39 - msg_id_0200 ==> 7E0200004266000000000215CA00000000000C000300C64762049FACB8038600000000260326181338010400000000140400000020150400000000160400000000170200002A020000300150310115627E
2026-03-26 18:14:10 - msg_id_0200 ==> 7E0200004266000000000215D500000000000C000300C64764049FACB8038600000000260326181409010400000000140400000020150400000000160400000000170200002A0200003001503101134B7E
2026-03-26 18:14:41 - msg_id_0200 ==> 7E0200004266000000000215E000000000000C000300C64765049FACB8038600000000260326181440010400000000140400000020150400000000160400000000170200002A020000300150310113367E
2026-03-26 18:15:12 - msg_id_0200 ==> 7E0200004266000000000215EB00000000000C000300C64767049FACB8038600000000260326181511010400000000140400000020150400000000160400000000170200002A0200003001503101126E7E
2026-03-26 18:15:43 - msg_id_0200 ==> 7E0200004266000000000215F500000000000C000300C64768049FACB8038600000000260326181542010400000000140400000020150400000000160400000000170200002A0200003001503101132D7E
2026-03-26 18:16:14 - msg_id_0200 ==> 7E02000042660000000002160100000000000C000300C6476A049FACB8038600000000260326181613010400000000140400000020150400000000160400000000170200002A0200003001503101138A7E
2026-03-26 18:16:45 - msg_id_0200 ==> 7E02000042660000000002160C00000000000C000300C64769049FACB8038600000000260326181644010400000000140400000020150400000000160400000000170200002A02000030014D310112CF7E
2026-03-26 18:17:16 - msg_id_0200 ==> 7E02000042660000000002161600000000000C000300C64769049FACB8038600000000260326181715010400000000140400000020150400000000160400000000170200002A02000030014D310113847E
2026-03-26 18:17:47 - msg_id_0200 ==> 7E02000042660000000002162200000000000C000300C64769049FACC0038600000000260326181746010400000000140400000020150400000000160400000000170200002A02000030014D3101139B7E
2026-03-26 18:18:18 - msg_id_0200 ==> 7E02000042660000000002162D00000000000C000300C6476B049FACC0038600000000260326181817010400000000140400000020150400000000160400000000170200002A02000030014D310113C87E
2026-03-26 18:18:49 - msg_id_0200 ==> 7E02000042660000000002163700000000000C000300C6476A049FACC0038600000000260326181848010400000000140400000020150400000000160400000000170200002A02000030014D3101158A7E
2026-03-26 18:19:20 - msg_id_0200 ==> 7E02000042660000000002164300000000000C000300C6476B049FACC0038600000000260326181919010400000000140400000020150400000000160400000000170200002A02000030014D310114AE7E
2026-03-26 18:19:51 - msg_id_0200 ==> 7E02000042660000000002164E00000000000C000300C6476C049FACC0038600000000260326181950010400000000140400000020150400000000160400000000170200002A02000030014D310113EA7E
2026-03-26 18:20:22 - msg_id_0200 ==> 7E02000042660000000002165800000000000C000300C6476D049FACC0038600000000260326182021010400000000140400000020150400000000160400000000170200002A02000030014D310113B57E
2026-03-26 18:20:53 - msg_id_0200 ==> 7E02000042660000000002166400000000000C000300C6476D049FACC0038600000000260326182052010400000000140400000020150400000000160400000000170200002A02000030014D310112FB7E
2026-03-26 18:21:24 - msg_id_0200 ==> 7E02000042660000000002166F00000000000C000300C6476D049FACC0038600000000260326182123010400000000140400000020150400000000160400000000170200002A02000030014D310111837E
2026-03-26 18:21:55 - msg_id_0200 ==> 7E02000042660000000002167900000000000C000300C6476E049FACC0038600000000260326182154010400000000140400000020150400000000160400000000170200002A02000030014D310112E27E
2026-03-26 18:22:08 - msg_id_0200 ==> 7E02000042660000000002167F00000100000C000300C6476D049FACC0038600000000260326182207010400000000140400000020150400000000160400000000170200002A02000030014D310111B57E
2026-03-26 18:22:26 - msg_id_0200 ==> 7E02000042660000000002168600000000000C000300C6476D049FACC0038600000000260326182225010400000000140400000020150400000000160400000000170200002A02000030014D3101126C7E
2026-03-26 18:22:57 - msg_id_0200 ==> 7E02000042660000000002169100000000000C000300C6476E049FACC0038600000000260326182256010400000000140400000020150400000000160400000000170200002A02000030014D3101140D7E
2026-03-26 18:23:28 - msg_id_0200 ==> 7E02000042660000000002169C00000000000C000300C64770049FACC0038600000000260326182327010400000000140400000020150400000000160400000000170200002A02000030014D3101146E7E
2026-03-26 18:23:59 - msg_id_0200 ==> 7E0200004266000000000216A700000000000C000300C64770049FACB8038600000000260326182358010400000000140400000020150400000000160400000000170200002A02000030014D310114527E
2026-03-26 18:24:30 - msg_id_0200 ==> 7E0200004266000000000216B200000000000C000300C6476F049FACC0038600000000260326182429010400000000140400000020150400000000160400000000170200002A02000030014D310114567E
2026-03-26 18:25:01 - msg_id_0200 ==> 7E0200004266000000000216BD00000000000C000300C6476E049FACC0038600000000260326182500010400000000140400000020150400000000160400000000170200002A02000030014D310114707E
2026-03-26 18:25:32 - msg_id_0200 ==> 7E0200004266000000000216C800000000000C000300C6476D049FACC0038600000000260326182531010400000000140400000020150400000000160400000000170200002A02000030014D310113307E
2026-03-26 18:26:03 - msg_id_0200 ==> 7E0200004266000000000216D300000000000C000300C6476F049FACC0038600000000260326182602010400000000140400000020150400000000160400000000170200002A02000030014D310113197E
2026-03-26 18:26:34 - msg_id_0200 ==> 7E0200004266000000000216DE00000000000C000300C6476E049FACC0038600000000260326182633010400000000140400000020150400000000160400000000170200002A02000030014D310114237E
2026-03-26 18:27:05 - msg_id_0200 ==> 7E0200004266000000000216E900000000000C000300C6476E049FACB8038600000000260326182704010400000000140400000020150400000000160400000000170200002A02000030014D3101155B7E
2026-03-26 18:27:36 - msg_id_0200 ==> 7E0200004266000000000216F400000000000C000300C64770049FACC0038700000000260326182735010400000000140400000020150400000000160400000000170200002A02000030014D310114117E
2026-03-26 18:28:07 - msg_id_0200 ==> 7E0200004266000000000216FF00000000000C000300C6476E049FACB8038700000000260326182806010400000000140400000020150400000000160400000000170200002A02000030014D310115417E
2026-03-26 18:28:38 - msg_id_0200 ==> 7E02000042660000000002170A00000000000C000300C64770049FACB8038700000000260326182837010400000000140400000020150400000000160400000000170200002A02000030014D3101159A7E
2026-03-26 18:29:09 - msg_id_0200 ==> 7E02000042660000000002171500000000000C000300C64773049FACC0038700000000260326182908010400000000140400000020150400000000160400000000170200002A02000030014D310112C77E
2026-03-26 18:29:40 - msg_id_0200 ==> 7E02000042660000000002172000000000000C000300C64773049FACC0038700000000260326182939010400000000140400000020150400000000160400000000170200002A02000030014D310113C27E
2026-03-26 18:30:11 - msg_id_0200 ==> 7E02000042660000000002172B00000000000C000300C64773049FACC0038700000000260326183010010400000000140400000020150400000000160400000000170200002A02000030014D310113F97E
2026-03-26 18:30:42 - msg_id_0200 ==> 7E02000042660000000002173600000000000C000300C64773049FACC8038700000000260326183041010400000000140400000020150400000000160400000000170200002A02000030014D310112BC7E
2026-03-26 18:31:13 - msg_id_0200 ==> 7E02000042660000000002174100000000000C000300C64774049FACC8038800000000260326183112010400000000140400000020150400000000160400000000170200002A02000030014D310112917E
2026-03-26 18:31:44 - msg_id_0200 ==> 7E02000042660000000002174C00000000000C000300C64775049FACC8038800000000260326183143010400000000140400000020150400000000160400000000170200002A02000030014D310112CC7E
2026-03-26 18:32:15 - msg_id_0200 ==> 7E02000042660000000002175700000000000C000300C64777049FACC8038800000000260326183214010400000000140400000020150400000000160400000000170200002A02000030014D310114877E
2026-03-26 18:32:46 - msg_id_0200 ==> 7E02000042660000000002176200000000000C000300C64775049FACC0038800000000260326183245010400000000140400000020150400000000160400000000170200002A02000030014D310113EE7E
2026-03-26 18:33:17 - msg_id_0200 ==> 7E02000042660000000002176D00000000000C000300C64777049FACC0038800000000260326183316010400000000140400000020150400000000160400000000170200002A020000300140310115BA7E
2026-03-26 18:33:48 - msg_id_0200 ==> 7E02000042660000000002177800000000000C000300C64775049FACC0038800000000260326183347010400000000140400000020150400000000160400000000170200002A020000300140310115FC7E
2026-03-26 18:34:06 - msg_id_0200 ==> 7E02000042660000000002177F00000100000C000300C64774049FACC0038800000000260326183405010400000000140400000020150400000000160400000000170200002A020000300140310114BF7E
2026-03-26 18:34:19 - msg_id_0200 ==> 7E02000042660000000002178400000000000C000300C64773049FACC8038800000000260326183418010400000000140400000020150400000000160400000000170200002A020000300140310114577E
2026-03-26 18:34:50 - msg_id_0200 ==> 7E02000042660000000002178F00000000000C000300C64772049FACC8038800000000260326183449010400000000140400000020150400000000160400000000170200002A02000030013D310115707E
2026-03-26 18:35:21 - msg_id_0200 ==> 7E02000042660000000002179A00000000000C000300C64773049FACC0038800000000260326183520010400000000140400000020150400000000160400000000170200002A02000030013D310115047E
2026-03-26 18:35:52 - msg_id_0200 ==> 7E0200004266000000000217A500000000000C000300C6476F049FACC0038800000000260326183551010400000000140400000020150400000000160400000000170200002A02000030013D310115567E
2026-03-26 18:36:23 - msg_id_0200 ==> 7E0200004266000000000217B000000000000C000300C64772049FACC0038800000000260326183622010400000000140400000020150400000000160400000000170200002A02000030013D3101152E7E
2026-03-26 18:36:54 - msg_id_0200 ==> 7E0200004266000000000217BB00000000000C000300C64773049FACC0038800000000260326183653010400000000140400000020150400000000160400000000170200002A020000300140310115287E
2026-03-26 18:37:25 - msg_id_0200 ==> 7E0200004266000000000217C600000000000C000300C64776049FACB8038800000000260326183724010400000000140400000020150400000000160400000000170200002A02000030013D310115237E
2026-03-26 18:37:56 - msg_id_0200 ==> 7E0200004266000000000217D100000000000C000300C6477C049FACB0038800000000260326183755010400000000140400000020150400000000160400000000170200002A0200003001403101143B7E
2026-03-26 18:38:27 - msg_id_0200 ==> 7E0200004266000000000217DC00000000000C000300C6477C049FACB0038800000000260326183826010400000000140400000020150400000000160400000000170200002A02000030013D310113307E
2026-03-26 18:38:58 - msg_id_0200 ==> 7E0200004266000000000217E700000000000C000300C6477C049FACB0038800000000260326183857010400000000140400000020150400000000160400000000170200002A02000030013D3101127B7E
2026-03-26 18:39:29 - msg_id_0200 ==> 7E0200004266000000000217F200000000000C000300C64777049FACB0038800000000260326183928010400000000140400000020150400000000160400000000170200002A020000300140310114607E
2026-03-26 18:40:00 - msg_id_0200 ==> 7E0200004266000000000217FD00000000000C000300C64775049FACA8038800000000260326183959010400000000140400000020150400000000160400000000170200002A02000030013D310114797E
2026-03-26 18:40:31 - msg_id_0200 ==> 7E02000042660000000002180800000000000C000300C64773049FACB0038700000000260326184030010400000000140400000020150400000000160400000000170200002A02000030013D310113857E
2026-03-26 18:41:02 - msg_id_0200 ==> 7E02000042660000000002181300000000000C000300C64774049FACB0038700000000260326184101010400000000140400000020150400000000160400000000170200002A02000030013D310113A97E
2026-03-26 18:41:33 - msg_id_0200 ==> 7E02000042660000000002181E00000000000C000300C64775049FACA8038800000000260326184132010400000000140400000020150400000000160400000000170200002A020000300140310113FC7E
2026-03-26 18:42:04 - msg_id_0200 ==> 7E02000042660000000002182900000000000C000300C64775049FACA8038800000000260326184203010400000000140400000020150400000000160400000000170200002A020000300140310112F87E
2026-03-26 18:42:35 - msg_id_0200 ==> 7E02000042660000000002183400000000000C000300C6477C049FACA8038800000000260326184234010400000000140400000020150400000000160400000000170200002A02000030013A310112A17E
2026-03-26 18:43:06 - msg_id_0200 ==> 7E02000042660000000002183F00000000000C000300C6477B049FACA8038800000000260326184305010400000000140400000020150400000000160400000000170200002A020000300140310110E57E
2026-03-26 18:43:37 - msg_id_0200 ==> 7E02000042660000000002184A00000000000C000300C6477F049FACA8038800000000260326184336010400000000140400000020150400000000160400000000170200002A020000300140310110A77E
2026-03-26 18:44:08 - msg_id_0200 ==> 7E02000042660000000002185500000000000C000300C6477F049FACA8038700000000260326184407010400000000140400000020150400000000160400000000170200002A020000300140310112837E
2026-03-26 18:44:39 - msg_id_0200 ==> 7E02000042660000000002186000000000000C000300C6477F049FACA8038700000000260326184438010400000000140400000020150400000000160400000000170200002A02000030013D310111F77E
2026-03-26 18:45:10 - msg_id_0200 ==> 7E02000042660000000002186B00000000000C000300C6477F049FACA0038700000000260326184509010400000000140400000020150400000000160400000000170200002A02000030013D310111C47E
2026-03-26 18:45:41 - msg_id_0200 ==> 7E02000042660000000002187600000000000C000300C6477D02049FACA8038600000000260326184540010400000000140400000020150400000000160400000000170200002A02000030013D31010F867E
2026-03-26 18:46:04 - msg_id_0200 ==> 7E02000042660000000002187F00000100000C000300C6477F049FACA8038600000000260326184603010400000000140400000020150400000000160400000000170200002A02000030013D310110D07E
2026-03-26 18:46:12 - msg_id_0200 ==> 7E02000042660000000002188300000000000C000300C6477F049FACA8038600000000260326184611010400000000140400000020150400000000160400000000170200002A02000030013D3101103F7E
2026-03-26 18:46:43 - msg_id_0200 ==> 7E02000042660000000002188E00000000000C000300C64777049FACA8038600000000260326184642010400000000140400000020150400000000160400000000170200002A02000030013D310110697E
2026-03-26 18:47:14 - msg_id_0200 ==> 7E02000042660000000002189900000000000C000300C64776049FACA8038500000000260326184713010400000000140400000020150400000000160400000000170200002A02000030013D3101102C7E
2026-03-26 18:47:45 - msg_id_0200 ==> 7E0200004266000000000218A400000000000C000300C64776049FACA8038500000000260326184744010400000000140400000020150400000000160400000000170200002A02000030013D310110467E
2026-03-26 18:48:16 - msg_id_0200 ==> 7E0200004266000000000218AF00000000000C000300C64775049FACA8038500000000260326184815010400000000140400000020150400000000160400000000170200002A02000030013D310110107E
2026-03-26 18:48:47 - msg_id_0200 ==> 7E0200004266000000000218BA00000000000C000300C64777049FACA8038500000000260326184846010400000000140400000020150400000000160400000000170200002A02000030013D31010F4B7E
2026-03-26 18:49:18 - msg_id_0200 ==> 7E0200004266000000000218C500000000000C000300C64778049FACA8038600000000260326184917010400000000140400000020150400000000160400000000170200002A02000030013D31010D6A7E
2026-03-26 18:49:49 - msg_id_0200 ==> 7E0200004266000000000218D000000000000C000300C64775049FACB0038600000000260326184948010400000000140400000020150400000000160400000000170200002A02000030013D31010C347E
2026-03-26 18:50:20 - msg_id_0200 ==> 7E0200004266000000000218DB00000000000C000300C64775049FACB0038500000000260326185019010400000000140400000020150400000000160400000000170200002A02000030013D31010C747E
2026-03-26 18:50:51 - msg_id_0200 ==> 7E0200004266000000000218E600000000000C000300C64776049FACB0038600000000260326185050010400000000140400000020150400000000160400000000170200002A02000030013D31010B077E
2026-03-26 18:51:22 - msg_id_0200 ==> 7E0200004266000000000218F100000000000C000300C64776049FACB0038600000000260326185121010400000000140400000020150400000000160400000000170200002A02000030013D31010C677E
2026-03-26 18:51:53 - msg_id_0200 ==> 7E0200004266000000000218FC00000000000C000300C64775049FACB8038600000000260326185152010400000000140400000020150400000000160400000000170200002A02000030013D31010D137E
2026-03-26 18:52:24 - msg_id_0200 ==> 7E02000042660000000002190700000000000C000300C64774049FACB8038600000000260326185223010400000000140400000020150400000000160400000000170200002A02000030013D310110877E
2026-03-26 18:52:55 - msg_id_0200 ==> 7E02000042660000000002191200000000000C000300C64773049FACB8038600000000260326185254010400000000140400000020150400000000160400000000170200002A02000030013D310110E27E
2026-03-26 18:53:26 - msg_id_0200 ==> 7E02000042660000000002191D00000000000C000300C64773049FACB8038600000000260326185325010400000000140400000020150400000000160400000000170200002A02000030013D31010D807E
2026-03-26 18:53:57 - msg_id_0200 ==> 7E02000042660000000002192800000000000C000300C64775049FACB8038600000000260326185356010400000000140400000020150400000000160400000000170200002A02000030013D31010FC27E
2026-03-26 18:54:28 - msg_id_0200 ==> 7E02000042660000000002193300000000000C000300C64776049FACB8038600000000260326185427010400000000140400000020150400000000160400000000170200002A020000300140310110CE7E
2026-03-26 18:54:59 - msg_id_0200 ==> 7E02000042660000000002193E00000000000C000300C64776049FACB8038600000000260326185458010400000000140400000020150400000000160400000000170200002A02000030013D310110C17E
2026-03-26 18:55:31 - msg_id_0200 ==> 7E02000042660000000002194900000000000C000300C64777049FACB8038600000000260326185529010400000000140400000020150400000000160400000000170200002A02000030014331010FA67E
2026-03-26 18:56:01 - msg_id_0200 ==> 7E02000042660000000002195400000000000C000300C64775049FACB8038600000000260326185600010400000000140400000020150400000000160400000000170200002A02000030013D310110F27E
2026-03-26 18:56:32 - msg_id_0200 ==> 7E02000042660000000002195F00000000000C000300C64774049FACB8038600000000260326185631010400000000140400000020150400000000160400000000170200002A020000300140310110B47E
2026-03-26 18:57:03 - msg_id_0200 ==> 7E02000042660000000002196A00000000000C000300C64775049FACC0038600000000260326185702010400000000140400000020150400000000160400000000170200002A02000030013D310111B67E
2026-03-26 18:57:34 - msg_id_0200 ==> 7E02000042660000000002197500000000000C000300C64774049FACC0038600000000260326185733010400000000140400000020150400000000160400000000170200002A02000030013D310111997E
2026-03-26 18:58:02 - msg_id_0200 ==> 7E02000042660000000002197F00000100000C000300C64774049FACC0038600000000260326185801010400000000140400000020150400000000160400000000170200002A020000300143310110D07E
2026-03-26 18:58:07 - msg_id_0200 ==> 7E02000042660000000002198200000000000C000300C64775049FACC0038600000000260326185806010400000000140400000020150400000000160400000000170200002A02000030014331010F357E
2026-03-26 18:58:38 - msg_id_0200 ==> 7E02000042660000000002198D00000000000C000300C64777049FACB8038600000000260326185837010400000000140400000020150400000000160400000000170200002A02000030013D31010F0F7E
2026-03-26 18:59:09 - msg_id_0200 ==> 7E02000042660000000002199800000000000C000300C64777049FACB8038600000000260326185908010400000000140400000020150400000000160400000000170200002A02000030013D31010E257E
2026-03-26 18:59:40 - msg_id_0200 ==> 7E0200004266000000000219A300000000000C000300C64777049FACB8038600000000260326185939010400000000140400000020150400000000160400000000170200002A02000030013D31010F2E7E
2026-03-26 19:00:11 - msg_id_0200 ==> 7E0200004266000000000219AE00000000000C000300C64779049FACB8038600000000260326190010010400000000140400000020150400000000160400000000170200002A02000030013D310110437E
2026-03-26 19:00:42 - msg_id_0200 ==> 7E0200004266000000000219B900000000000C000300C6477B049FACB8038600000000260326190041010400000000140400000020150400000000160400000000170200002A0200003001403101107A7E
2026-03-26 19:01:13 - msg_id_0200 ==> 7E0200004266000000000219C400000000000C000300C6477F049FACB8038600000000260326190112010400000000140400000020150400000000160400000000170200002A02000030013D3101102C7E
2026-03-26 19:01:44 - msg_id_0200 ==> 7E0200004266000000000219CF00000000000C000300C6477D01049FACB8038600000000260326190143010400000000140400000020150400000000160400000000170200002A02000030013D310111757E
2026-03-26 19:02:15 - msg_id_0200 ==> 7E0200004266000000000219DA00000000000C000300C6477D02049FACB8038600000000260326190214010400000000140400000020150400000000160400000000170200002A02000030013D310110367E
2026-03-26 19:02:46 - msg_id_0200 ==> 7E0200004266000000000219E500000000000C000300C6477D01049FACB8038600000000260326190245010400000000140400000020150400000000160400000000170200002A02000030013D3101105B7E
2026-03-26 19:03:17 - msg_id_0200 ==> 7E0200004266000000000219F000000000000C000300C64780049FACB0038600000000260326190316010400000000140400000020150400000000160400000000170200002A020000300140310110947E
2026-03-26 19:03:48 - msg_id_0200 ==> 7E0200004266000000000219FB00000000000C000300C64780049FACB0038600000000260326190347010400000000140400000020150400000000160400000000170200002A020000300140310110CE7E
2026-03-26 19:04:19 - msg_id_0200 ==> 7E020000426600000000021A0600000000000C000300C6477F049FACB8038600000000260326190418010400000000140400000020150400000000160400000000170200002A0200003001403101109F7E
2026-03-26 19:04:50 - msg_id_0200 ==> 7E020000426600000000021A1100000000000C000300C6477F049FACC8038600000000260326190449010400000000140400000020150400000000160400000000170200002A020000300140310111A87E
2026-03-26 19:05:21 - msg_id_0200 ==> 7E020000426600000000021A1C00000000000C000300C6477D02049FACC8038700000000260326190520010400000000140400000020150400000000160400000000170200002A020000300140310111CD7E
2026-03-26 19:05:52 - msg_id_0200 ==> 7E020000426600000000021A2700000000000C000300C6477F049FACC8038700000000260326190551010400000000140400000020150400000000160400000000170200002A020000300140310112857E
2026-03-26 19:06:23 - msg_id_0200 ==> 7E020000426600000000021A3200000000000C000300C64781049FACC8038700000000260326190622010400000000140400000020150400000000160400000000170200002A0200003001403101131F7E
2026-03-26 19:06:54 - msg_id_0200 ==> 7E020000426600000000021A3D00000000000C000300C64781049FACC8038700000000260326190653010400000000140400000020150400000000160400000000170200002A020000300140310113617E
2026-03-26 19:07:25 - msg_id_0200 ==> 7E020000426600000000021A4800000000000C000300C64782049FACC8038700000000260326190724010400000000140400000020150400000000160400000000170200002A020000300140310115677E
2026-03-26 19:07:56 - msg_id_0200 ==> 7E020000426600000000021A5300000000000C000300C64782049FACC8038700000000260326190755010400000000140400000020150400000000160400000000170200002A02000030013D310114717E
2026-03-26 19:08:27 - msg_id_0200 ==> 7E020000426600000000021A5E00000000000C000300C64782049FACC8038800000000260326190826010400000000140400000020150400000000160400000000170200002A020000300140310116707E
2026-03-26 19:08:58 - msg_id_0200 ==> 7E020000426600000000021A6900000000000C000300C64785049FACC8038700000000260326190857010400000000140400000020150400000000160400000000170200002A0200003001403101163E7E
2026-03-26 19:09:29 - msg_id_0200 ==> 7E020000426600000000021A7400000000000C000300C64786049FACC8038700000000260326190928010400000000140400000020150400000000160400000000170200002A0200003001403101145C7E
2026-03-26 19:09:59 - msg_id_0200 ==> 7E020000426600000000021A7F00000100000C000300C64789049FACC8038700000000260326190958010400000000140400000020150400000000160400000000170200002A020000300140310115287E
2026-03-26 19:10:05 - msg_id_0200 ==> 7E020000426600000000021A8200000000000C000300C6478A049FACC8038700000000260326191004010400000000140400000020150400000000160400000000170200002A020000300140310114937E
2026-03-26 19:10:35 - msg_id_0200 ==> 7E020000426600000000021A8D00000000000C000300C6478C049FACC8038700000000260326191034010400000000140400000020150400000000160400000000170200002A020000300140310116A87E
2026-03-26 19:11:06 - msg_id_0200 ==> 7E020000426600000000021A9800000000000C000300C6478F049FACC8038700000000260326191105010400000000140400000020150400000000160400000000170200002A0200003001403101148C7E
2026-03-26 19:11:37 - msg_id_0200 ==> 7E020000426600000000021AA300000000000C000300C64790049FACC8038700000000260326191136010400000000140400000020150400000000160400000000170200002A0200003001403101149B7E
2026-03-26 19:12:08 - msg_id_0200 ==> 7E020000426600000000021AAE00000000000C000300C64790049FACC8038700000000260326191207010400000000140400000020150400000000160400000000170200002A020000300140310115A57E
2026-03-26 19:12:39 - msg_id_0200 ==> 7E020000426600000000021AB900000000000C000300C64792049FACC8038700000000260326191238010400000000140400000020150400000000160400000000170200002A0200003001403101158F7E
2026-03-26 19:13:10 - msg_id_0200 ==> 7E020000426600000000021AC400000000000C000300C64794049FACC8038600000000260326191309010400000000140400000020150400000000160400000000170200002A020000300140310116C67E
2026-03-26 19:13:41 - msg_id_0200 ==> 7E020000426600000000021ACF00000000000C000300C64795049FACC8038600000000260326191340010400000000140400000020150400000000160400000000170200002A020000300140310115867E
2026-03-26 19:14:12 - msg_id_0200 ==> 7E020000426600000000021ADA00000000000C000300C64796049FACC8038600000000260326191411010400000000140400000020150400000000160400000000170200002A020000300140310114C77E
2026-03-26 19:14:43 - msg_id_0200 ==> 7E020000426600000000021AE500000000000C000300C64796049FACC8038600000000260326191442010400000000140400000020150400000000160400000000170200002A020000300140310115AA7E
2026-03-26 19:15:14 - msg_id_0200 ==> 7E020000426600000000021AF000000000000C000300C64799049FACC0038600000000260326191513010400000000140400000020150400000000160400000000170200002A02000030013D310113937E
2026-03-26 19:15:45 - msg_id_0200 ==> 7E020000426600000000021AFB00000000000C000300C6479C049FACC0038600000000260326191544010400000000140400000020150400000000160400000000170200002A020000300140310115B17E
2026-03-26 19:16:16 - msg_id_0200 ==> 7E020000426600000000021B0600000000000C000300C6479A049FACC0038600000000260326191615010400000000140400000020150400000000160400000000170200002A020000300140310114187E
2026-03-26 19:16:47 - msg_id_0200 ==> 7E020000426600000000021B1100000000000C000300C6479A049FACC0038600000000260326191646010400000000140400000020150400000000160400000000170200002A0200003001403101135B7E
2026-03-26 19:17:18 - msg_id_0200 ==> 7E020000426600000000021B1C00000000000C000300C64799049FACC0038600000000260326191717010400000000140400000020150400000000160400000000170200002A020000300140310114027E
2026-03-26 19:17:49 - msg_id_0200 ==> 7E020000426600000000021B2700000000000C000300C6479B049FACC0038600000000260326191748010400000000140400000020150400000000160400000000170200002A02000030013D3101161B7E
2026-03-26 19:18:20 - msg_id_0200 ==> 7E020000426600000000021B3200000000000C000300C64799049FACC8038500000000260326191819010400000000140400000020150400000000160400000000170200002A02000030013D3101145B7E
2026-03-26 19:18:51 - msg_id_0200 ==> 7E020000426600000000021B3D00000000000C000300C64798049FACC0038500000000260326191850010400000000140400000020150400000000160400000000170200002A02000030013D310116167E
2026-03-26 19:19:22 - msg_id_0200 ==> 7E020000426600000000021B4800000000000C000300C64797049FACC0038500000000260326191921010400000000140400000020150400000000160400000000170200002A02000030013D3101161C7E
2026-03-26 19:19:53 - msg_id_0200 ==> 7E020000426600000000021B5300000000000C000300C64796049FACC8038500000000260326191952010400000000140400000020150400000000160400000000170200002A02000030013D3101167D017E
2026-03-26 19:20:24 - msg_id_0200 ==> 7E020000426600000000021B5E00000000000C000300C64795049FACC8038500000000260326192023010400000000140400000020150400000000160400000000170200002A020000300140310115457E
2026-03-26 19:20:55 - msg_id_0200 ==> 7E020000426600000000021B6900000000000C000300C64794049FACC8038500000000260326192054010400000000140400000020150400000000160400000000170200002A020000300140310114057E
2026-03-26 19:21:26 - msg_id_0200 ==> 7E020000426600000000021B7400000000000C000300C64793049FACC8038400000000260326192125010400000000140400000020150400000000160400000000170200002A0200003001403101146E7E
2026-03-26 19:21:57 - msg_id_0200 ==> 7E020000426600000000021B7F00000100000C000300C64791049FACC0038400000000260326192156010400000000140400000020150400000000160400000000170200002A0200003001403101151C7E
2026-03-26 19:22:02 - msg_id_0200 ==> 7E020000426600000000021B8200000000000C000300C64790049FACC0038400000000260326192201010400000000140400000020150400000000160400000000170200002A020000300140310114B47E
2026-03-26 19:22:33 - msg_id_0200 ==> 7E020000426600000000021B8D00000000000C000300C6478F049FACC0038400000000260326192232010400000000140400000020150400000000160400000000170200002A020000300140310113907E
2026-03-26 19:23:04 - msg_id_0200 ==> 7E020000426600000000021B9800000000000C000300C6478F049FACC0038400000000260326192303010400000000140400000020150400000000160400000000170200002A020000300140310114B27E
2026-03-26 19:23:35 - msg_id_0200 ==> 7E020000426600000000021BA300000000000C000300C64790049FACC0038400000000260326192334010400000000140400000020150400000000160400000000170200002A020000300140310114A17E
2026-03-26 19:24:06 - msg_id_0200 ==> 7E020000426600000000021BAE00000000000C000300C64790049FACC0038400000000260326192405010400000000140400000020150400000000160400000000170200002A0200003001403101159B7E
2026-03-26 19:24:37 - msg_id_0200 ==> 7E020000426600000000021BB900000000000C000300C64792049FACC0038400000000260326192436010400000000140400000020150400000000160400000000170200002A020000300140310114BC7E
2026-03-26 19:25:08 - msg_id_0200 ==> 7E020000426600000000021BC400000000000C000300C64792049FACB8038400000000260326192507010400000000140400000020150400000000160400000000170200002A020000300140310114897E
2026-03-26 19:25:39 - msg_id_0200 ==> 7E020000426600000000021BCF00000000000C000300C64791049FACB8038400000000260326192538010400000000140400000020150400000000160400000000170200002A02000030013D310114C37E
2026-03-26 19:26:10 - msg_id_0200 ==> 7E020000426600000000021BDA00000000000C000300C6478F049FACB8038400000000260326192609010400000000140400000020150400000000160400000000170200002A02000030013D310112FC7E
2026-03-26 19:26:41 - msg_id_0200 ==> 7E020000426600000000021BE500000000000C000300C6478C049FACB8038300000000260326192640010400000000140400000020150400000000160400000000170200002A02000030013D310115897E
2026-03-26 19:27:12 - msg_id_0200 ==> 7E020000426600000000021BF000000000000C000300C64789049FACB8038300000000260326192711010400000000140400000020150400000000160400000000170200002A020000300140310114B57E
2026-03-26 19:27:43 - msg_id_0200 ==> 7E020000426600000000021BFB00000000000C000300C64786049FACB8038300000000260326192742010400000000140400000020150400000000160400000000170200002A020000300140310116E07E
2026-03-26 19:28:14 - msg_id_0200 ==> 7E020000426600000000021C0600000000000C000300C64785049FACB0038300000000260326192813010400000000140400000020150400000000160400000000170200002A0200003001403101164F7E
2026-03-26 19:28:45 - msg_id_0200 ==> 7E020000426600000000021C1100000000000C000300C64786049FACB0038300000000260326192844010400000000140400000020150400000000160400000000170200002A02000030013D310114737E
2026-03-26 19:29:16 - msg_id_0200 ==> 7E020000426600000000021C1C00000000000C000300C64786049FACB0038300000000260326192915010400000000140400000020150400000000160400000000170200002A020000300140310116517E
2026-03-26 19:29:47 - msg_id_0200 ==> 7E020000426600000000021C2700000000000C000300C64785049FACB0038300000000260326192946010400000000140400000020150400000000160400000000170200002A0200003001403101163A7E
2026-03-26 19:30:18 - msg_id_0200 ==> 7E020000426600000000021C3200000000000C000300C64782049FACB0038300000000260326193017010400000000140400000020150400000000160400000000170200002A020000300140310116607E
2026-03-26 19:30:49 - msg_id_0200 ==> 7E020000426600000000021C3D00000000000C000300C64783049FACB0038300000000260326193048010400000000140400000020150400000000160400000000170200002A020000300140310115327E
2026-03-26 19:31:20 - msg_id_0200 ==> 7E020000426600000000021C4800000000000C000300C64783049FACB0038300000000260326193119010400000000140400000020150400000000160400000000170200002A020000300140310116147E
2026-03-26 19:31:51 - msg_id_0200 ==> 7E020000426600000000021C5300000000000C000300C64780049FACB0038300000000260326193150010400000000140400000020150400000000160400000000170200002A020000300140310116457E
2026-03-26 19:32:22 - msg_id_0200 ==> 7E020000426600000000021C5E00000000000C000300C64780049FACB0038300000000260326193221010400000000140400000020150400000000160400000000170200002A020000300140310115397E
2026-03-26 19:32:53 - msg_id_0200 ==> 7E020000426600000000021C6900000000000C000300C64780049FACB0038200000000260326193252010400000000140400000020150400000000160400000000170200002A0200003001403101147D017E
2026-03-26 19:33:24 - msg_id_0200 ==> 7E020000426600000000021C7400000000000C000300C6477F049FACB0038200000000260326193323010400000000140400000020150400000000160400000000170200002A020000300140310115EE7E
2026-03-26 19:33:55 - msg_id_0200 ==> 7E020000426600000000021C7F00000100000C000300C6477D02049FACB0038200000000260326193354010400000000140400000020150400000000160400000000170200002A020000300140310115927E
2026-03-26 19:34:00 - msg_id_0200 ==> 7E020000426600000000021C8200000000000C000300C6477D02049FACB0038200000000260326193359010400000000140400000020150400000000160400000000170200002A020000300140310114627E
2026-03-26 19:34:31 - msg_id_0200 ==> 7E020000426600000000021C8D00000000000C000300C6477D01049FACB0038200000000260326193430010400000000140400000020150400000000160400000000170200002A020000300140310114007E
2026-03-26 19:35:02 - msg_id_0200 ==> 7E020000426600000000021C9800000000000C000300C6477A049FACB0038200000000260326193501010400000000140400000020150400000000160400000000170200002A020000300140310115237E
2026-03-26 19:35:33 - msg_id_0200 ==> 7E020000426600000000021CA300000000000C000300C64779049FACB0038200000000260326193532010400000000140400000020150400000000160400000000170200002A02000030013D310115557E
2026-03-26 19:36:04 - msg_id_0200 ==> 7E020000426600000000021CAE00000000000C000300C64777049FACB0038200000000260326193603010400000000140400000020150400000000160400000000170200002A02000030013D310115647E
2026-03-26 19:36:35 - msg_id_0200 ==> 7E020000426600000000021CB900000000000C000300C64775049FACB0038200000000260326193634010400000000140400000020150400000000160400000000170200002A0200003001403101153B7E
2026-03-26 19:37:06 - msg_id_0200 ==> 7E020000426600000000021CC400000000000C000300C64775049FACA8038200000000260326193705010400000000140400000020150400000000160400000000170200002A0200003001403101166D7E
2026-03-26 19:37:37 - msg_id_0200 ==> 7E020000426600000000021CCF00000000000C000300C64775049FACA8038200000000260326193736010400000000140400000020150400000000160400000000170200002A020000300140310112517E
2026-03-26 19:38:08 - msg_id_0200 ==> 7E020000426600000000021CDA00000000000C000300C64775049FACB0038200000000260326193807010400000000140400000020150400000000160400000000170200002A020000300140310114647E
2026-03-26 19:38:39 - msg_id_0200 ==> 7E020000426600000000021CE500000000000C000300C64775049FACB0038200000000260326193838010400000000140400000020150400000000160400000000170200002A020000300140310113637E
2026-03-26 19:39:10 - msg_id_0200 ==> 7E020000426600000000021CF000000000000C000300C64775049FACB0038200000000260326193909010400000000140400000020150400000000160400000000170200002A020000300140310113467E
2026-03-26 19:39:41 - msg_id_0200 ==> 7E020000426600000000021CFB00000000000C000300C64775049FACB0038200000000260326193940010400000000140400000020150400000000160400000000170200002A020000300140310113047E
2026-03-26 19:40:12 - msg_id_0200 ==> 7E020000426600000000021D0600000000000C000300C64773049FACB0038200000000260326194011010400000000140400000020150400000000160400000000170200002A020000300140310113D67E
2026-03-26 19:40:43 - msg_id_0200 ==> 7E020000426600000000021D1100000000000C000300C64771049FACB0038200000000260326194042010400000000140400000020150400000000160400000000170200002A020000300140310113907E
2026-03-26 19:41:14 - msg_id_0200 ==> 7E020000426600000000021D1C00000000000C000300C6476B049FACB0038200000000260326194113010400000000140400000020150400000000160400000000170200002A020000300140310114D07E
2026-03-26 19:41:45 - msg_id_0200 ==> 7E020000426600000000021D2700000000000C000300C6476C049FACB0038200000000260326194144010400000000140400000020150400000000160400000000170200002A020000300140310115BA7E
2026-03-26 19:42:16 - msg_id_0200 ==> 7E020000426600000000021D3200000000000C000300C6476C049FACB0038200000000260326194215010400000000140400000020150400000000160400000000170200002A020000300140310114FC7E
2026-03-26 19:42:47 - msg_id_0200 ==> 7E020000426600000000021D3D00000000000C000300C6476B049FACB0038200000000260326194246010400000000140400000020150400000000160400000000170200002A020000300140310115A67E
2026-03-26 19:43:18 - msg_id_0200 ==> 7E020000426600000000021D4800000000000C000300C6476E049FACA8038200000000260326194317010400000000140400000020150400000000160400000000170200002A0200003001433101149C7E
2026-03-26 19:43:49 - msg_id_0200 ==> 7E020000426600000000021D5300000000000C000300C6476D049FACA8038200000000260326194348010400000000140400000020150400000000160400000000170200002A020000300143310112DD7E
2026-03-26 19:44:20 - msg_id_0200 ==> 7E020000426600000000021D5E00000000000C000300C6476B049FACA8038300000000260326194419010400000000140400000020150400000000160400000000170200002A02000030013D310112FF7E
2026-03-26 19:44:51 - msg_id_0200 ==> 7E020000426600000000021D6900000000000C000300C6476C049FACA8038300000000260326194450010400000000140400000020150400000000160400000000170200002A02000030013D310112867E
2026-03-26 19:45:21 - msg_id_0200 ==> 7E020000426600000000021D7400000000000C000300C6476C049FACA0038200000000260326194521010400000000140400000020150400000000160400000000170200002A02000030013D310114E47E
2026-03-26 19:45:52 - msg_id_0200 ==> 7E020000426600000000021D7F00000100000C000300C6476B049FACA8038300000000260326194551010400000000140400000020150400000000160400000000170200002A02000030013D310111957E
2026-03-26 19:45:57 - msg_id_0200 ==> 7E020000426600000000021D8200000000000C000300C6476C049FACA8038300000000260326194556010400000000140400000020150400000000160400000000170200002A020000300143310112147E
2026-03-26 19:46:28 - msg_id_0200 ==> 7E020000426600000000021D8D00000000000C000300C6476D049FACA0038300000000260326194627010400000000140400000020150400000000160400000000170200002A02000030013D3101131F7E
2026-03-26 19:46:59 - msg_id_0200 ==> 7E020000426600000000021D9800000000000C000300C6476C049FACA0038300000000260326194658010400000000140400000020150400000000160400000000170200002A02000030013D310113747E
2026-03-26 19:47:30 - msg_id_0200 ==> 7E020000426600000000021DA300000000000C000300C6476A049FACA0038300000000260326194729010400000000140400000020150400000000160400000000170200002A02000030013D310113397E
2026-03-26 19:48:01 - msg_id_0200 ==> 7E020000426600000000021DAE00000000000C000300C64768049FACA8038300000000260326194800010400000000140400000020150400000000160400000000170200002A020000300143310113667E
2026-03-26 19:48:32 - msg_id_0200 ==> 7E020000426600000000021DB900000000000C000300C64766049FACB0038300000000260326194831010400000000140400000020150400000000160400000000170200002A020000300143310115507E
2026-03-26 19:49:03 - msg_id_0200 ==> 7E020000426600000000021DC400000000000C000300C64762049FACB0038300000000260326194902010400000000140400000020150400000000160400000000170200002A02000030013D310114647E
2026-03-26 19:49:34 - msg_id_0200 ==> 7E020000426600000000021DCF00000000000C000300C64763049FACB8038300000000260326194933010400000000140400000020150400000000160400000000170200002A020000300143310114297E
2026-03-26 19:50:05 - msg_id_0200 ==> 7E020000426600000000021DDA00000000000C000300C64762049FACB8038300000000260326195004010400000000140400000020150400000000160400000000170200002A02000030013D3101146D7E
2026-03-26 19:50:36 - msg_id_0200 ==> 7E020000426600000000021DE500000000000C000300C64762049FACB0038200000000260326195035010400000000140400000020150400000000160400000000170200002A02000030013D3101146A7E
2026-03-26 19:51:07 - msg_id_0200 ==> 7E020000426600000000021DF000000000000C000300C64765049FACA8038200000000260326195106010400000000140400000020150400000000160400000000170200002A0200003001433101142C7E
2026-03-26 19:51:38 - msg_id_0200 ==> 7E020000426600000000021DFB00000000000C000300C64761049FACA0038200000000260326195137010400000000140400000020150400000000160400000000170200002A02000030013D310114647E
2026-03-26 19:52:09 - msg_id_0200 ==> 7E020000426600000000021E0600000000000C000300C64761049FACA0038200000000260326195208010400000000140400000020150400000000160400000000170200002A02000030013D310114A67E
2026-03-26 19:52:40 - msg_id_0200 ==> 7E020000426600000000021E1100000000000C000300C64763049FAC98038200000000260326195239010400000000140400000020150400000000160400000000170200002A02000030013D310113BD7E
2026-03-26 19:53:11 - msg_id_0200 ==> 7E020000426600000000021E1C00000000000C000300C64763049FAC98038200000000260326195310010400000000140400000020150400000000160400000000170200002A020000300140310112E47E
2026-03-26 19:53:42 - msg_id_0200 ==> 7E020000426600000000021E2700000000000C000300C64763049FAC98038200000000260326195341010400000000140400000020150400000000160400000000170200002A020000300140310114887E
2026-03-26 19:54:13 - msg_id_0200 ==> 7E020000426600000000021E3200000000000C000300C64763049FAC90038200000000260326195412010400000000140400000020150400000000160400000000170200002A020000300140310114C17E
2026-03-26 19:54:44 - msg_id_0200 ==> 7E020000426600000000021E3D00000000000C000300C64763049FAC90038200000000260326195443010400000000140400000020150400000000160400000000170200002A0200003001403101149F7E
2026-03-26 19:55:15 - msg_id_0200 ==> 7E020000426600000000021E4800000000000C000300C64765049FAC90038100000000260326195514010400000000140400000020150400000000160400000000170200002A020000300140310112BF7E
2026-03-26 19:55:46 - msg_id_0200 ==> 7E020000426600000000021E5300000000000C000300C64766049FAC88038100000000260326195545010400000000140400000020150400000000160400000000170200002A020000300140310112EE7E
2026-03-26 19:56:17 - msg_id_0200 ==> 7E020000426600000000021E5E00000000000C000300C64767049FAC88038100000000260326195616010400000000140400000020150400000000160400000000170200002A020000300140310112B27E
2026-03-26 19:56:48 - msg_id_0200 ==> 7E020000426600000000021E6900000000000C000300C64768049FAC88038100000000260326195647010400000000140400000020150400000000160400000000170200002A020000300140310112DB7E
2026-03-26 19:57:19 - msg_id_0200 ==> 7E020000426600000000021E7400000000000C000300C64767049FAC88038100000000260326195718010400000000140400000020150400000000160400000000170200002A020000300140310111947E
2026-03-26 19:57:50 - msg_id_0200 ==> 7E020000426600000000021E7F00000100000C000300C64766049FAC88038100000000260326195749010400000000140400000020150400000000160400000000170200002A020000300140310111CE7E
2026-03-26 19:57:55 - msg_id_0200 ==> 7E020000426600000000021E8200000000000C000300C64766049FAC88038100000000260326195754010400000000140400000020150400000000160400000000170200002A0200003001403101112F7E
2026-03-26 19:58:26 - msg_id_0200 ==> 7E020000426600000000021E8D00000000000C000300C64766049FAC88038100000000260326195825010400000000140400000020150400000000160400000000170200002A0200003001403101135C7E
2026-03-26 19:58:57 - msg_id_0200 ==> 7E020000426600000000021E9800000000000C000300C64768049FAC88038100000000260326195856010400000000140400000020150400000000160400000000170200002A020000300140310111367E
2026-03-26 19:59:28 - msg_id_0200 ==> 7E020000426600000000021EA300000000000C000300C6476A049FAC88038100000000260326195927010400000000140400000020150400000000160400000000170200002A0200003001403101147A7E
2026-03-26 19:59:59 - msg_id_0200 ==> 7E020000426600000000021EAE00000000000C000300C64769049FAC88038100000000260326195958010400000000140400000020150400000000160400000000170200002A0200003001403101140B7E
2026-03-26 20:00:30 - msg_id_0200 ==> 7E020000426600000000021EB900000000000C000300C6476B049FAC80038100000000260326200029010400000000140400000020150400000000160400000000170200002A020000300140310113007E
2026-03-26 20:01:01 - msg_id_0200 ==> 7E020000426600000000021EC400000000000C000300C6476C049FAC80038100000000260326200100010400000000140400000020150400000000160400000000170200002A020000300140310112537E
2026-03-26 20:01:32 - msg_id_0200 ==> 7E020000426600000000021ECF00000000000C000300C6476F049FAC80038000000000260326200131010400000000140400000020150400000000160400000000170200002A0200003001403101126B7E
2026-03-26 20:02:03 - msg_id_0200 ==> 7E020000426600000000021EDA00000000000C000300C64772049FAC80038000000000260326200202010400000000140400000020150400000000160400000000170200002A020000300140310112537E
2026-03-26 20:02:34 - msg_id_0200 ==> 7E020000426600000000021EE500000000000C000300C64770049FAC80038000000000260326200233010400000000140400000020150400000000160400000000170200002A020000300140310114597E
2026-03-26 20:03:05 - msg_id_0200 ==> 7E020000426600000000021EF000000000000C000300C64770049FAC88038000000000260326200304010400000000140400000020150400000000160400000000170200002A020000300140310112747E
2026-03-26 20:03:36 - msg_id_0200 ==> 7E020000426600000000021EFB00000000000C000300C6476E049FAC88038000000000260326200335010400000000140400000020150400000000160400000000170200002A020000300140310114567E
2026-03-26 20:04:07 - msg_id_0200 ==> 7E020000426600000000021F0600000000000C000300C6476C049FAC88038000000000260326200406010400000000140400000020150400000000160400000000170200002A0200003001403101139B7E
2026-03-26 20:04:38 - msg_id_0200 ==> 7E020000426600000000021F1100000000000C000300C6476C049FAC88038000000000260326200437010400000000140400000020150400000000160400000000170200002A020000300140310113BD7E
2026-03-26 20:05:09 - msg_id_0200 ==> 7E020000426600000000021F1C00000000000C000300C6476B049FAC90038100000000260326200508010400000000140400000020150400000000160400000000170200002A02000030013D310112EC7E
2026-03-26 20:05:40 - msg_id_0200 ==> 7E020000426600000000021F2700000000000C000300C64769049FAC90038000000000260326200539010400000000140400000020150400000000160400000000170200002A02000030013D310113E47E
2026-03-26 20:06:11 - msg_id_0200 ==> 7E020000426600000000021F3200000000000C000300C64769049FAC90038000000000260326200610010400000000140400000020150400000000160400000000170200002A02000030013D310115DD7E
2026-03-26 20:06:42 - msg_id_0200 ==> 7E020000426600000000021F3D00000000000C000300C6476B049FAC90038000000000260326200641010400000000140400000020150400000000160400000000170200002A02000030013D310113877E
2026-03-26 20:07:13 - msg_id_0200 ==> 7E020000426600000000021F4800000000000C000300C6476D049FAC90038100000000260326200712010400000000140400000020150400000000160400000000170200002A02000030013D310112A67E
2026-03-26 20:07:44 - msg_id_0200 ==> 7E020000426600000000021F5300000000000C000300C64770049FAC90038100000000260326200743010400000000140400000020150400000000160400000000170200002A02000030013D310113F07E
2026-03-26 20:08:15 - msg_id_0200 ==> 7E020000426600000000021F5E00000000000C000300C6476C049FAC90038000000000260326200814010400000000140400000020150400000000160400000000170200002A02000030013D310113B87E
2026-03-26 20:08:46 - msg_id_0200 ==> 7E020000426600000000021F6900000000000C000300C6476B049FAC90038000000000260326200845010400000000140400000020150400000000160400000000170200002A02000030013D310114DE7E
2026-03-26 20:09:17 - msg_id_0200 ==> 7E020000426600000000021F7400000000000C000300C6476A049FAC90038000000000260326200916010400000000140400000020150400000000160400000000170200002A02000030013D310112967E
2026-03-26 20:09:47 - msg_id_0200 ==> 7E020000426600000000021F7F00000100000C000300C6476A049FAC90038000000000260326200946010400000000140400000020150400000000160400000000170200002A02000030013D310112CC7E
2026-03-26 20:09:53 - msg_id_0200 ==> 7E020000426600000000021F8200000000000C000300C64769049FAC90038000000000260326200952010400000000140400000020150400000000160400000000170200002A02000030013D310112277E
2026-03-26 20:10:24 - msg_id_0200 ==> 7E020000426600000000021F8D00000000000C000300C64766049FAC90038100000000260326201023010400000000140400000020150400000000160400000000170200002A02000030013D3101134F7E
2026-03-26 20:10:55 - msg_id_0200 ==> 7E020000426600000000021F9800000000000C000300C64761049FAC90038100000000260326201054010400000000140400000020150400000000160400000000170200002A02000030013D310110297E
2026-03-26 20:11:26 - msg_id_0200 ==> 7E020000426600000000021FA300000000000C000300C64760049FAC90038000000000260326201125010400000000140400000020150400000000160400000000170200002A02000030013D310110627E
2026-03-26 20:11:57 - msg_id_0200 ==> 7E020000426600000000021FAE00000000000C000300C6475E049FAC90038000000000260326201156010400000000140400000020150400000000160400000000170200002A02000030013D310110227E
2026-03-26 20:12:28 - msg_id_0200 ==> 7E020000426600000000021FB900000000000C000300C6475D049FAC90038000000000260326201227010400000000140400000020150400000000160400000000170200002A02000030013D310112467E
2026-03-26 20:12:59 - msg_id_0200 ==> 7E020000426600000000021FC400000000000C000300C6475C049FAC90038000000000260326201258010400000000140400000020150400000000160400000000170200002A020000300143310111387E
2026-03-26 20:13:30 - msg_id_0200 ==> 7E020000426600000000021FCF00000000000C000300C64756049FAC90038000000000260326201329010400000000140400000020150400000000160400000000170200002A02000030013D310113357E
2026-03-26 20:14:01 - msg_id_0200 ==> 7E020000426600000000021FDA00000000000C000300C6474F049FAC88038000000000260326201400010400000000140400000020150400000000160400000000170200002A02000030013D3101130F7E
2026-03-26 20:14:32 - msg_id_0200 ==> 7E020000426600000000021FE500000000000C000300C64752049FAC80038100000000260326201431010400000000140400000020150400000000160400000000170200002A02000030013D310113157E
2026-03-26 20:15:03 - msg_id_0200 ==> 7E020000426600000000021FF000000000000C000300C64750049FAC80038100000000260326201502010400000000140400000020150400000000160400000000170200002A0200003001403101134D7E
2026-03-26 20:15:34 - msg_id_0200 ==> 7E020000426600000000021FFB00000000000C000300C64750049FAC80038000000000260326201533010400000000140400000020150400000000160400000000170200002A020000300140310113767E
2026-03-26 20:16:05 - msg_id_0200 ==> 7E02000042660000000002200600000000000C000300C64751049FAC88038000000000260326201604010400000000140400000020150400000000160400000000170200002A0200003001403101148E7E
2026-03-26 20:16:36 - msg_id_0200 ==> 7E02000042660000000002201100000000000C000300C6474D049FAC90038000000000260326201635010400000000140400000020150400000000160400000000170200002A020000300140310114AC7E
2026-03-26 20:17:07 - msg_id_0200 ==> 7E02000042660000000002201C00000000000C000300C64747049FAC90038000000000260326201706010400000000140400000020150400000000160400000000170200002A0200003001403101119C7E
2026-03-26 20:17:38 - msg_id_0200 ==> 7E02000042660000000002202700000000000C000300C64747049FAC98038000000000260326201737010400000000140400000020150400000000160400000000170200002A0200003001403101139C7E
2026-03-26 20:18:09 - msg_id_0200 ==> 7E02000042660000000002203200000000000C000300C6474B049FAC98038000000000260326201808010400000000140400000020150400000000160400000000170200002A020000300140310114B27E
2026-03-26 20:18:40 - msg_id_0200 ==> 7E02000042660000000002203D00000000000C000300C6474A049FAC98038000000000260326201839010400000000140400000020150400000000160400000000170200002A0200003001403101148D7E
2026-03-26 20:19:11 - msg_id_0200 ==> 7E02000042660000000002204800000000000C000300C6474C049FAC98038000000000260326201910010400000000140400000020150400000000160400000000170200002A02000030013D310114AB7E
2026-03-26 20:19:42 - msg_id_0200 ==> 7E02000042660000000002205300000000000C000300C64750049FAC98038000000000260326201941010400000000140400000020150400000000160400000000170200002A02000030013D310112FB7E
2026-03-26 20:20:13 - msg_id_0200 ==> 7E02000042660000000002205E00000000000C000300C64751049FAC98038000000000260326202012010400000000140400000020150400000000160400000000170200002A02000030013D3101139C7E
2026-03-26 20:20:44 - msg_id_0200 ==> 7E02000042660000000002206900000000000C000300C64751049FAC98038000000000260326202043010400000000140400000020150400000000160400000000170200002A02000030013D310111F87E
2026-03-26 20:21:15 - msg_id_0200 ==> 7E02000042660000000002207400000000000C000300C64751049FACA0038000000000260326202114010400000000140400000020150400000000160400000000170200002A02000030013D310112887E
2026-03-26 20:21:45 - msg_id_0200 ==> 7E02000042660000000002207F00000100000C000300C64750049FACA0038100000000260326202144010400000000140400000020150400000000160400000000170200002A02000030013D310112D27E
2026-03-26 20:22:41 - msg_id_0200 ==> 7E02000042660000000002000200000000000C000300C6474D049FACA0038100000000260326202240010400000000140400000020150400000000160400000000170200002A02000030013D310112947E
2026-03-26 20:23:12 - msg_id_0200 ==> 7E02000042660000000002000D00000000000C000300C6474C049FACA0038100000000260326202311010400000000140400000020150400000000160400000000170200002A02000030013D310115CD7E
2026-03-26 20:23:43 - msg_id_0200 ==> 7E02000042660000000002001800000000000C000300C6474B049FACA0038100000000260326202342010400000000140400000020150400000000160400000000170200002A02000030013D3101138A7E
2026-03-26 20:24:14 - msg_id_0200 ==> 7E02000042660000000002002300000000000C000300C6474A049FACA8038100000000260326202413010400000000140400000020150400000000160400000000170200002A02000030013D310110ED7E
2026-03-26 20:24:45 - msg_id_0200 ==> 7E02000042660000000002002E00000000000C000300C64748049FACA8038100000000260326202444010400000000140400000020150400000000160400000000170200002A02000030013D310110B57E
2026-03-26 20:25:16 - msg_id_0200 ==> 7E02000042660000000002003900000000000C000300C64749049FACA8038100000000260326202515010400000000140400000020150400000000160400000000170200002A02000030013D310112F17E
2026-03-26 20:25:47 - msg_id_0200 ==> 7E02000042660000000002004400000000000C000300C64749049FACA8038100000000260326202546010400000000140400000020150400000000160400000000170200002A02000030013D310113DE7E
2026-03-26 20:26:18 - msg_id_0200 ==> 7E02000042660000000002004F00000000000C000300C64743049FACB0038100000000260326202617010400000000140400000020150400000000160400000000170200002A02000030013D310112947E
2026-03-26 20:26:49 - msg_id_0200 ==> 7E02000042660000000002005A00000000000C000300C64747049FACB0038100000000260326202648010400000000140400000020150400000000160400000000170200002A02000030013D310111D97E
2026-03-26 20:27:20 - msg_id_0200 ==> 7E02000042660000000002006500000000000C000300C64745049FACB0038100000000260326202719010400000000140400000020150400000000160400000000170200002A02000030013D310113B67E
2026-03-26 20:27:51 - msg_id_0200 ==> 7E02000042660000000002007000000000000C000300C64743049FACB0038100000000260326202750010400000000140400000020150400000000160400000000170200002A02000030013D310115EA7E
2026-03-26 20:28:22 - msg_id_0200 ==> 7E02000042660000000002007B00000000000C000300C6473C049FACB0038100000000260326202821010400000000140400000020150400000000160400000000170200002A0200003001403101159D7E
2026-03-26 20:28:31 - msg_id_0200 ==> 7E02000042660000000002007F00000100000C000300C6473D049FACB0038100000000260326202830010400000000140400000020150400000000160400000000170200002A020000300140310115887E
2026-03-26 20:29:13 - msg_id_0200 ==> 7E02000042660000000002000200000000000C000300C6473B049FACA8038200000000260326202912010400000000140400000020150400000000160400000000170200002A020000300140310113CC7E
2026-03-26 20:29:44 - msg_id_0200 ==> 7E02000042660000000002000D00000000000C000300C64739049FACA8038200000000260326202943010400000000140400000020150400000000160400000000170200002A020000300140310113907E
2026-03-26 20:30:15 - msg_id_0200 ==> 7E02000042660000000002001800000000000C000300C6473A049FACA8038200000000260326203014010400000000140400000020150400000000160400000000170200002A020000300140310111CA7E
2026-03-26 20:30:46 - msg_id_0200 ==> 7E02000042660000000002002300000000000C000300C6473F049FACA8038200000000260326203045010400000000140400000020150400000000160400000000170200002A020000300140310115A17E
2026-03-26 20:31:17 - msg_id_0200 ==> 7E02000042660000000002002E00000000000C000300C64740049FACA8038200000000260326203116010400000000140400000020150400000000160400000000170200002A02000030013D310113FA7E
2026-03-26 20:31:48 - msg_id_0200 ==> 7E02000042660000000002003900000000000C000300C64740049FACA8038300000000260326203147010400000000140400000020150400000000160400000000170200002A02000030013D310117B97E
2026-03-26 20:32:19 - msg_id_0200 ==> 7E02000042660000000002004400000000000C000300C64743049FACA8038300000000260326203218010400000000140400000020150400000000160400000000170200002A02000030013D3101179B7E
2026-03-26 20:32:50 - msg_id_0200 ==> 7E02000042660000000002004F00000000000C000300C64744049FACA8038300000000260326203249010400000000140400000020150400000000160400000000170200002A020000300140310116BA7E
2026-03-26 20:33:21 - msg_id_0200 ==> 7E02000042660000000002005A00000000000C000300C64743049FACA8038300000000260326203320010400000000140400000020150400000000160400000000170200002A02000030013D310114BF7E
2026-03-26 20:33:52 - msg_id_0200 ==> 7E02000042660000000002006500000000000C000300C64744049FACA8038300000000260326203351010400000000140400000020150400000000160400000000170200002A02000030013D310115F77E
2026-03-26 20:34:23 - msg_id_0200 ==> 7E02000042660000000002007000000000000C000300C64743049FACA8038400000000260326203422010400000000140400000020150400000000160400000000170200002A02000030013D310115967E
2026-03-26 20:34:54 - msg_id_0200 ==> 7E02000042660000000002007B00000000000C000300C64745049FACA8038400000000260326203453010400000000140400000020150400000000160400000000170200002A02000030013D310116E97E
2026-03-26 20:35:03 - msg_id_0200 ==> 7E02000042660000000002007F00000100000C000300C64745049FACA8038400000000260326203502010400000000140400000020150400000000160400000000170200002A02000030013D310116BC7E
2026-03-26 20:35:46 - msg_id_0200 ==> 7E02000042660000000002000200000000000C000300C64743049FACA8038400000000260326203545010400000000140400000020150400000000160400000000170200002A020000300140310115FF7E
2026-03-26 20:36:17 - msg_id_0200 ==> 7E02000042660000000002000D00000000000C000300C64741049FACA0038400000000260326203616010400000000140400000020150400000000160400000000170200002A02000030013D310115D77E
2026-03-26 20:36:48 - msg_id_0200 ==> 7E02000042660000000002001800000000000C000300C64742049FACA0038400000000260326203647010400000000140400000020150400000000160400000000170200002A02000030013D310116937E
2026-03-26 20:37:19 - msg_id_0200 ==> 7E02000042660000000002002300000000000C000300C64741049FACA0038400000000260326203718010400000000140400000020150400000000160400000000170200002A020000300140310116887E
2026-03-26 20:37:50 - msg_id_0200 ==> 7E02000042660000000002002E00000000000C000300C64740049FACA0038400000000260326203749010400000000140400000020150400000000160400000000170200002A02000030013D310115AB7E
2026-03-26 20:38:21 - msg_id_0200 ==> 7E02000042660000000002003900000000000C000300C64740049FACA0038400000000260326203820010400000000140400000020150400000000160400000000170200002A02000030013D310114DB7E
2026-03-26 20:38:52 - msg_id_0200 ==> 7E02000042660000000002004400000000000C000300C6473E049FACA0038400000000260326203851010400000000140400000020150400000000160400000000170200002A02000030013D310114A97E
2026-03-26 20:39:23 - msg_id_0200 ==> 7E02000042660000000002004F00000000000C000300C6473B049FACA0038500000000260326203922010400000000140400000020150400000000160400000000170200002A02000030013D310114D47E
2026-03-26 20:39:54 - msg_id_0200 ==> 7E02000042660000000002005A00000000000C000300C6473E049FAC98038500000000260326203953010400000000140400000020150400000000160400000000170200002A02000030013D3101138A7E
2026-03-26 20:40:25 - msg_id_0200 ==> 7E02000042660000000002006500000000000C000300C64740049FAC98038500000000260326204024010400000000140400000020150400000000160400000000170200002A02000030013D310113C57E
2026-03-26 20:42:48 - msg_id_0200 ==> 7E02000042660000000002000200000000000C000300C64735049FAC70038C00000000260326204247010400000000140400000000150400000000160400000000170200002A02000030013D310115717E
2026-03-26 20:43:19 - msg_id_0200 ==> 7E02000042660000000002000D00000000000C000300C6472C049FAC60038E00000000260326204318010400000000140400000000150400000000160400000000170200002A02000030013D310116287E
2026-03-26 20:43:50 - msg_id_0200 ==> 7E02000042660000000002001800000000000C000300C64728049FAC58038E00000000260326204349010400000000140400000000150400000000160400000000170200002A02000030013D310116507E
2026-03-26 20:44:21 - msg_id_0200 ==> 7E02000042660000000002002300000000000C000300C64725049FAC58038E00000000260326204420010400000000140400000000150400000000160400000000170200002A02000030013D3101120C7E
2026-03-26 20:44:52 - msg_id_0200 ==> 7E02000042660000000002002E00000000000C000300C64727049FAC58038E00000000260326204451010400000000140400000000150400000000160400000000170200002A02000030013D310112727E
2026-03-26 20:45:23 - msg_id_0200 ==> 7E02000042660000000002003900000000000C000300C6472A049FAC58038E00000000260326204522010400000000140400000000150400000000160400000000170200002A02000030013D310111197E
2026-03-26 20:46:58 - msg_id_0200 ==> 7E02000042660000000002000200000000000C000300C64732049FACE8038200000000260326204657010400000000140400000000150400000000160400000000170200002A02000030013D31010EEF7E
2026-03-26 20:47:29 - msg_id_0200 ==> 7E02000042660000000002000D00000000000C000300C64730049FACE0038400000000260326204728010400000000140400000000150400000000160400000000170200002A02000030014D310110FC7E
2026-03-26 20:48:00 - msg_id_0200 ==> 7E02000042660000000002001800000000000C000300C64731049FACD8038500000000260326204759010400000000140400000000150400000000160400000000170200002A02000030014D310112A27E
2026-03-26 20:48:31 - msg_id_0200 ==> 7E02000042660000000002002300000000000C000300C64737049FACD8038600000000260326204830010400000000140400000000150400000000160400000000170200002A02000030014D310111F97E
2026-03-26 20:49:02 - msg_id_0200 ==> 7E02000042660000000002002E00000000000C000300C64737049FACC8038700000000260326204901010400000000140400000000150400000000160400000000170200002A02000030014D310110D47E
2026-03-26 20:49:33 - msg_id_0200 ==> 7E02000042660000000002003900000000000C000300C64739049FACC0038700000000260326204932010400000000140400000000150400000000160400000000170200002A02000030014D310113F57E
2026-03-26 20:50:04 - msg_id_0200 ==> 7E02000042660000000002004400000000000C000300C64740049FACC0038700000000260326205003010400000000140400000000150400000000160400000000170200002A02000030014D310115DF7E
2026-03-26 20:50:35 - msg_id_0200 ==> 7E02000042660000000002004F00000000000C000300C64744049FACC0038700000000260326205034010400000000140400000000150400000000160400000000170200002A02000030014D310115E77E
2026-03-26 20:51:06 - msg_id_0200 ==> 7E02000042660000000002005A00000000000C000300C6474B049FACC0038600000000260326205105010400000000140400000000150400000000160400000000170200002A02000030014D310115CC7E
2026-03-26 20:51:37 - msg_id_0200 ==> 7E02000042660000000002006500000000000C000300C6474E049FACC0038600000000260326205136010400000000140400000000150400000000160400000000170200002A02000030014D310115C57E
2026-03-26 20:52:08 - msg_id_0200 ==> 7E02000042660000000002007000000000000C000300C64752049FACC0038600000000260326205207010400000000140400000000150400000000160400000000170200002A02000030014D310117FC7E
2026-03-26 20:52:39 - msg_id_0200 ==> 7E02000042660000000002007B00000000000C000300C64755049FACB8038600000000260326205238010400000000140400000000150400000000160400000000170200002A02000030014D310116B67E
2026-03-26 20:52:47 - msg_id_0200 ==> 7E02000042660000000002007F00000100000C000300C64756049FACB8038600000000260326205246010400000000140400000000150400000000160400000000170200002A02000030014D310115CD7E
2026-03-26 20:55:50 - msg_id_0200 ==> 7E02000042660000000002000200000000000C000300C64756049FACB8038600000000260326205549010400000000140400000000150400000000160400000000170200002A02000030014D310113BF7E
2026-03-26 20:56:21 - msg_id_0200 ==> 7E02000042660000000002000D00000000000C000300C64755049FACB8038600000000260326205620010400000000140400000000150400000000160400000000170200002A02000030014D310113D97E
2026-03-26 20:56:52 - msg_id_0200 ==> 7E02000042660000000002001800000000000C000300C64755049FACB8038600000000260326205651010400000000140400000000150400000000160400000000170200002A02000030014D310115BB7E
2026-03-26 20:57:23 - msg_id_0200 ==> 7E02000042660000000002002300000000000C000300C64755049FACB8038600000000260326205722010400000000140400000000150400000000160400000000170200002A02000030014D310114F37E
2026-03-26 20:57:54 - msg_id_0200 ==> 7E02000042660000000002002E00000000000C000300C64756049FACB8038600000000260326205753010400000000140400000000150400000000160400000000170200002A02000030014D3101138B7E
2026-03-26 20:58:25 - msg_id_0200 ==> 7E02000042660000000002003900000000000C000300C64756049FACB8038600000000260326205824010400000000140400000000150400000000160400000000170200002A02000030014D310115E27E
2026-03-26 20:58:56 - msg_id_0200 ==> 7E02000042660000000002004400000000000C000300C64757049FACB0038600000000260326205855010400000000140400000000150400000000160400000000170200002A02000030014D310115E77E
2026-03-26 20:59:27 - msg_id_0200 ==> 7E02000042660000000002004F00000000000C000300C6475B049FACB0038600000000260326205926010400000000140400000000150400000000160400000000170200002A02000030014D310114937E
2026-03-26 20:59:58 - msg_id_0200 ==> 7E02000042660000000002005A00000000000C000300C6475D049FACB0038600000000260326205957010400000000140400000000150400000000160400000000170200002A02000030014D310116F37E
2026-03-26 21:00:29 - msg_id_0200 ==> 7E02000042660000000002006500000000000C000300C6475F049FACA8038600000000260326210028010400000000140400000000150400000000160400000000170200002A02000030014D310114F37E
2026-03-26 21:01:00 - msg_id_0200 ==> 7E02000042660000000002007000000000000C000300C64763049FACA8038600000000260326210059010400000000140400000000150400000000160400000000170200002A02000030014D310117A87E
2026-03-26 21:01:31 - msg_id_0200 ==> 7E02000042660000000002007B00000000000C000300C64764049FACA8038600000000260326210130010400000000140400000000150400000000160400000000170200002A02000030014D310115CE7E
2026-03-26 21:01:40 - msg_id_0200 ==> 7E02000042660000000002007F00000100000C000300C64765049FACA8038600000000260326210139010400000000140400000000150400000000160400000000170200002A02000030014D310115C37E
2026-03-26 21:03:33 - msg_id_0200 ==> 7E02000042660000000002000200000000000C000300C64764049FACA8038600000000260326210332010400000000140400000000150400000000160400000000170200002A02000030014D310115B77E
2026-03-26 21:04:04 - msg_id_0200 ==> 7E02000042660000000002000D00000000000C000300C64767049FACA8038600000000260326210403010400000000140400000000150400000000160400000000170200002A02000030014D3101168E7E
2026-03-26 21:04:35 - msg_id_0200 ==> 7E02000042660000000002001800000000000C000300C64768049FACA0038600000000260326210434010400000000140400000000150400000000160400000000170200002A02000030014D310113AE7E
2026-03-26 21:05:06 - msg_id_0200 ==> 7E02000042660000000002002300000000000C000300C6476A049FACA0038600000000260326210505010400000000140400000000150400000000160400000000170200002A02000030014D310117A37E
2026-03-26 21:05:37 - msg_id_0200 ==> 7E02000042660000000002002E00000000000C000300C64768049FACA0038600000000260326210536010400000000140400000000150400000000160400000000170200002A02000030014D3101149C7E
2026-03-26 21:06:08 - msg_id_0200 ==> 7E02000042660000000002003900000000000C000300C64766049FACA0038600000000260326210607010400000000140400000000150400000000160400000000170200002A02000030014D310114B77E
2026-03-26 21:06:39 - msg_id_0200 ==> 7E02000042660000000002004400000000000C000300C64763049FACA8038600000000260326210638010400000000140400000000150400000000160400000000170200002A02000030014D310113FF7E
2026-03-26 21:07:10 - msg_id_0200 ==> 7E02000042660000000002004F00000000000C000300C64763049FACA8038600000000260326210709010400000000140400000000150400000000160400000000170200002A02000030014D310111C67E
2026-03-26 21:07:41 - msg_id_0200 ==> 7E02000042660000000002005A00000000000C000300C64765049FACA8038600000000260326210740010400000000140400000000150400000000160400000000170200002A02000030014D3101139E7E
2026-03-26 21:08:12 - msg_id_0200 ==> 7E02000042660000000002006500000000000C000300C64764049FACA8038600000000260326210811010400000000140400000000150400000000160400000000170200002A02000030014D310115F87E
2026-03-26 21:08:43 - msg_id_0200 ==> 7E02000042660000000002007000000000000C000300C64764049FACA8038700000000260326210842010400000000140400000000150400000000160400000000170200002A02000030014D310113B97E
2026-03-26 21:09:14 - msg_id_0200 ==> 7E02000042660000000002007B00000000000C000300C64764049FACA8038700000000260326210913010400000000140400000000150400000000160400000000170200002A02000030014D310114E57E
2026-03-26 21:09:23 - msg_id_0200 ==> 7E02000042660000000002007F00000100000C000300C64764049FACA8038700000000260326210922010400000000140400000000150400000000160400000000170200002A02000030014D310113D67E
2026-03-26 21:11:16 - msg_id_0200 ==> 7E02000042660000000002000200000000000C000300C64764049FACA0038700000000260326211115010400000000140400000000150400000000160400000000170200002A020000300140310112817E
2026-03-26 21:11:46 - msg_id_0200 ==> 7E02000042660000000002000D00000000000C000300C64766049FACA0038700000000260326211146010400000000140400000000150400000000160400000000170200002A020000300140310111DC7E
2026-03-26 21:12:18 - msg_id_0200 ==> 7E02000042660000000002001800000000000C000300C64765049FACA0038700000000260326211217010400000000140400000000150400000000160400000000170200002A02000030013D310111E57E
2026-03-26 21:12:49 - msg_id_0200 ==> 7E02000042660000000002002300000000000C000300C64763049FACA8038700000000260326211248010400000000140400000000150400000000160400000000170200002A02000030013D3101128C7E
2026-03-26 21:13:20 - msg_id_0200 ==> 7E02000042660000000002002E00000000000C000300C64762049FACA0038700000000260326211319010400000000140400000000150400000000160400000000170200002A02000030013D310112D87E
2026-03-26 21:13:51 - msg_id_0200 ==> 7E02000042660000000002003900000000000C000300C64761049FACA8038700000000260326211350010400000000140400000000150400000000160400000000170200002A02000030013D3101108F7E
2026-03-26 21:14:22 - msg_id_0200 ==> 7E02000042660000000002004400000000000C000300C64761049FACA8038700000000260326211421010400000000140400000000150400000000160400000000170200002A02000030013D310110847E
2026-03-26 21:14:52 - msg_id_0200 ==> 7E02000042660000000002004F00000000000C000300C6475F049FACA8038700000000260326211452010400000000140400000000150400000000160400000000170200002A02000030013D310111C37E
2026-03-26 21:15:24 - msg_id_0200 ==> 7E02000042660000000002005A00000000000C000300C6475D049FACA8038700000000260326211523010400000000140400000000150400000000160400000000170200002A02000030013D310113A67E
2026-03-26 21:15:55 - msg_id_0200 ==> 7E02000042660000000002006500000000000C000300C6475E049FACA8038700000000260326211554010400000000140400000000150400000000160400000000170200002A02000030013D310115EB7E
2026-03-26 21:16:26 - msg_id_0200 ==> 7E02000042660000000002007000000000000C000300C6475D049FACA8038700000000260326211625010400000000140400000000150400000000160400000000170200002A02000030013D3101158F7E
2026-03-26 21:16:57 - msg_id_0200 ==> 7E02000042660000000002007B00000000000C000300C6475D049FACA8038700000000260326211656010400000000140400000000150400000000160400000000170200002A02000030013D310116F47E
2026-03-26 21:17:06 - msg_id_0200 ==> 7E02000042660000000002007F00000100000C000300C6475C049FACA8038700000000260326211705010400000000140400000000150400000000160400000000170200002A02000030013D310114A07E
2026-03-26 21:18:23 - msg_id_0200 ==> 7E02000042660000000002000200000000000C000300C6475A049FACA8038700000000260326211822010400000000140400000000150400000000160400000000170200002A02000030013D310114F27E
2026-03-26 21:18:54 - msg_id_0200 ==> 7E02000042660000000002000D00000000000C000300C6475A049FACA8038700000000260326211853010400000000140400000000150400000000160400000000170200002A02000030013D3101148C7E
2026-03-26 21:19:25 - msg_id_0200 ==> 7E02000042660000000002001800000000000C000300C6475C049FACA8038700000000260326211924010400000000140400000000150400000000160400000000170200002A02000030013D310113EE7E
2026-03-26 21:19:56 - msg_id_0200 ==> 7E02000042660000000002002300000000000C000300C6475D049FACB0038700000000260326211955010400000000140400000000150400000000160400000000170200002A02000030013D310117B97E
2026-03-26 21:20:27 - msg_id_0200 ==> 7E02000042660000000002002E00000000000C000300C6475C049FACA8038700000000260326212026010400000000140400000000150400000000160400000000170200002A02000030013D310115E57E
2026-03-26 21:20:58 - msg_id_0200 ==> 7E02000042660000000002003900000000000C000300C6475B049FACA8038700000000260326212057010400000000140400000000150400000000160400000000170200002A02000030013D310117867E
2026-03-26 21:21:29 - msg_id_0200 ==> 7E02000042660000000002004400000000000C000300C6475C049FACA8038700000000260326212128010400000000140400000000150400000000160400000000170200002A02000030013D310116837E
2026-03-26 21:22:00 - msg_id_0200 ==> 7E02000042660000000002004F00000000000C000300C6475D049FACB0038700000000260326212159010400000000140400000000150400000000160400000000170200002A02000030013D310116E07E
2026-03-26 21:22:31 - msg_id_0200 ==> 7E02000042660000000002005A00000000000C000300C6475C049FACB0038700000000260326212230010400000000140400000000150400000000160400000000170200002A02000030013D3101159D7E
2026-03-26 21:23:02 - msg_id_0200 ==> 7E02000042660000000002006500000000000C000300C6475B049FACB0038700000000260326212301010400000000140400000000150400000000160400000000170200002A02000030013D310113937E
2026-03-26 21:23:33 - msg_id_0200 ==> 7E02000042660000000002007000000000000C000300C6475B049FACB0038700000000260326212332010400000000140400000000150400000000160400000000170200002A02000030013D310115B37E
2026-03-26 21:24:04 - msg_id_0200 ==> 7E02000042660000000002007B00000000000C000300C6475C049FACB0038700000000260326212403010400000000140400000000150400000000160400000000170200002A02000030013D3101168A7E
2026-03-26 21:24:13 - msg_id_0200 ==> 7E02000042660000000002007F00000100000C000300C6475C049FACB0038700000000260326212412010400000000140400000000150400000000160400000000170200002A02000030013D3101179F7E
2026-03-26 21:24:35 - msg_id_0200 ==> 7E02000042660000000002008700000000000C000300C6475D049FACB0038700000000260326212434010400000000140400000000150400000000160400000000170200002A02000030013D310116407E
2026-03-26 21:25:06 - msg_id_0200 ==> 7E02000042660000000002009200000000000C000300C6475E049FACB0038700000000260326212505010400000000140400000000150400000000160400000000170200002A02000030013D310116667E
2026-03-26 21:25:37 - msg_id_0200 ==> 7E02000042660000000002009D00000000000C000300C6475C049FACB0038700000000260326212536010400000000140400000000150400000000160400000000170200002A0200003001403101182B7E
2026-03-26 21:26:08 - msg_id_0200 ==> 7E0200004266000000000200A800000000000C000300C6475B049FACB0038700000000260326212607010400000000140400000000150400000000160400000000170200002A02000030013D310118567E
2026-03-26 21:26:39 - msg_id_0200 ==> 7E0200004266000000000200B300000000000C000300C64759049FACB0038700000000260326212638010400000000140400000000150400000000160400000000170200002A020000300140310117027E
2026-03-26 21:27:10 - msg_id_0200 ==> 7E0200004266000000000200BE00000000000C000300C64759049FACB0038700000000260326212709010400000000140400000000150400000000160400000000170200002A02000030013D3101184D7E
2026-03-26 21:27:41 - msg_id_0200 ==> 7E0200004266000000000200C900000000000C000300C6475B049FACB0038700000000260326212740010400000000140400000000150400000000160400000000170200002A02000030013D310118717E
2026-03-26 21:28:12 - msg_id_0200 ==> 7E0200004266000000000200D400000000000C000300C6475C049FACB0038700000000260326212811010400000000140400000000150400000000160400000000170200002A020000300140310117477E
2026-03-26 21:28:43 - msg_id_0200 ==> 7E0200004266000000000200DF00000000000C000300C6475C049FACB0038700000000260326212842010400000000140400000000150400000000160400000000170200002A02000030013D3101196C7E
2026-03-26 21:29:14 - msg_id_0200 ==> 7E0200004266000000000200EA00000000000C000300C6475E049FACB0038700000000260326212913010400000000140400000000150400000000160400000000170200002A02000030013D310117057E
2026-03-26 21:29:45 - msg_id_0200 ==> 7E0200004266000000000200F500000000000C000300C64760049FACA8038700000000260326212944010400000000140400000000150400000000160400000000170200002A02000030013D310114687E
2026-03-26 21:30:16 - msg_id_0200 ==> 7E02000042660000000002010000000000000C000300C64762049FACA8038700000000260326213015010400000000140400000000150400000000160400000000170200002A02000030013D310115D77E
2026-03-26 21:30:47 - msg_id_0200 ==> 7E02000042660000000002010B00000000000C000300C64764049FACA8038700000000260326213046010400000000140400000000150400000000160400000000170200002A02000030013D3101168A7E
2026-03-26 21:31:18 - msg_id_0200 ==> 7E02000042660000000002011600000000000C000300C64763049FACA8038800000000260326213117010400000000140400000000150400000000160400000000170200002A02000030013D310116CF7E
2026-03-26 21:31:49 - msg_id_0200 ==> 7E02000042660000000002012100000000000C000300C64763049FACA8038800000000260326213148010400000000140400000000150400000000160400000000170200002A02000030013D310116A77E
2026-03-26 21:32:20 - msg_id_0200 ==> 7E02000042660000000002012C00000000000C000300C64765049FACA8038800000000260326213219010400000000140400000000150400000000160400000000170200002A02000030013D310118F07E
2026-03-26 21:32:51 - msg_id_0200 ==> 7E02000042660000000002013700000000000C000300C64765049FACA0038800000000260326213250010400000000140400000000150400000000160400000000170200002A02000030013D310117A57E
2026-03-26 21:33:22 - msg_id_0200 ==> 7E02000042660000000002014200000000000C000300C64766049FACA8038800000000260326213321010400000000140400000000150400000000160400000000170200002A02000030013D310117AB7E
2026-03-26 21:33:53 - msg_id_0200 ==> 7E02000042660000000002014D00000000000C000300C64768049FACA0038800000000260326213352010400000000140400000000150400000000160400000000170200002A02000030013D310118DE7E
2026-03-26 21:34:24 - msg_id_0200 ==> 7E02000042660000000002015800000000000C000300C6476A049FACA0038800000000260326213423010400000000140400000000150400000000160400000000170200002A02000030013D310118BF7E
2026-03-26 21:34:56 - msg_id_0200 ==> 7E02000042660000000002016300000000000C000300C6476B049FACA0038800000000260326213454010400000000140400000000150400000000160400000000170200002A02000030013D310117FD7E
2026-03-26 21:35:26 - msg_id_0200 ==> 7E02000042660000000002016E00000000000C000300C6476A049FACA0038800000000260326213525010400000000140400000000150400000000160400000000170200002A02000030013D310117817E
2026-03-26 21:35:57 - msg_id_0200 ==> 7E02000042660000000002017900000000000C000300C64769049FACA0038800000000260326213556010400000000140400000000150400000000160400000000170200002A02000030013D310118E97E
2026-03-26 21:36:13 - msg_id_0200 ==> 7E02000042660000000002017F00000100000C000300C64769049FACA0038800000000260326213612010400000000140400000000150400000000160400000000170200002A02000030013D310118A97E
2026-03-26 21:37:28 - msg_id_0200 ==> 7E02000042660000000002000200000000000C000300C64764049FAC98038800000000260326213727010400000000140400000000150400000000160400000000170200002A02000030013D310118D57E
2026-03-26 21:37:59 - msg_id_0200 ==> 7E02000042660000000002000D00000000000C000300C64764049FAC98038800000000260326213758010400000000140400000000150400000000160400000000170200002A020000300140310117D77E
2026-03-26 21:38:30 - msg_id_0200 ==> 7E02000042660000000002001800000000000C000300C64762049FAC98038800000000260326213829010400000000140400000000150400000000160400000000170200002A020000300140310117BA7E
2026-03-26 21:39:01 - msg_id_0200 ==> 7E02000042660000000002002300000000000C000300C6475F049FAC98038800000000260326213900010400000000140400000000150400000000160400000000170200002A0200003001403101199A7E
2026-03-26 21:39:32 - msg_id_0200 ==> 7E02000042660000000002002E00000000000C000300C64760049FAC98038800000000260326213931010400000000140400000000150400000000160400000000170200002A02000030013A310118E27E
2026-03-26 21:40:03 - msg_id_0200 ==> 7E02000042660000000002003900000000000C000300C64760049FAC98038800000000260326214002010400000000140400000000150400000000160400000000170200002A020000300140310118C57E
2026-03-26 21:40:34 - msg_id_0200 ==> 7E02000042660000000002004400000000000C000300C64761049FAC98038800000000260326214033010400000000140400000000150400000000160400000000170200002A02000030013D310118F57E
2026-03-26 21:41:05 - msg_id_0200 ==> 7E02000042660000000002004F00000000000C000300C64762049FAC98038800000000260326214104010400000000140400000000150400000000160400000000170200002A02000030013D310119CA7E
2026-03-26 21:41:36 - msg_id_0200 ==> 7E02000042660000000002005A00000000000C000300C64761049FAC98038900000000260326214135010400000000140400000000150400000000160400000000170200002A02000030013D310117E27E
2026-03-26 21:42:07 - msg_id_0200 ==> 7E02000042660000000002006500000000000C000300C64760049FAC98038900000000260326214206010400000000140400000000150400000000160400000000170200002A02000030013A310118E47E
2026-03-26 21:42:38 - msg_id_0200 ==> 7E02000042660000000002007000000000000C000300C64761049FAC98038900000000260326214237010400000000140400000000150400000000160400000000170200002A02000030013D310116C87E
2026-03-26 21:43:09 - msg_id_0200 ==> 7E02000042660000000002007B00000000000C000300C64762049FAC90038900000000260326214308010400000000140400000000150400000000160400000000170200002A02000030013D310117F77E
2026-03-26 21:43:18 - msg_id_0200 ==> 7E02000042660000000002007F00000100000C000300C64762049FAC90038900000000260326214317010400000000140400000000150400000000160400000000170200002A020000300140310117907E
2026-03-26 21:44:08 - msg_id_0200 ==> 7E02000042660000000002000200000000000C000300C64760049FAC90038900000000260326214407010400000000140400000000150400000000160400000000170200002A02000030013D3101188B7E
2026-03-26 21:44:39 - msg_id_0200 ==> 7E02000042660000000002000D00000000000C000300C64762049FAC90038900000000260326214438010400000000140400000000150400000000160400000000170200002A02000030013D310114B57E
2026-03-26 21:45:10 - msg_id_0200 ==> 7E02000042660000000002001800000000000C000300C64761049FAC90038900000000260326214509010400000000140400000000150400000000160400000000170200002A02000030013D3101199E7E
2026-03-26 21:45:41 - msg_id_0200 ==> 7E02000042660000000002002300000000000C000300C64763049FAC88038900000000260326214540010400000000140400000000150400000000160400000000170200002A02000030013D310119F67E
2026-03-26 21:46:12 - msg_id_0200 ==> 7E02000042660000000002002E00000000000C000300C64763049FAC88038900000000260326214611010400000000140400000000150400000000160400000000170200002A02000030013D310116A67E
2026-03-26 21:46:43 - msg_id_0200 ==> 7E02000042660000000002003900000000000C000300C64765049FAC90038900000000260326214642010400000000140400000000150400000000160400000000170200002A02000030013D310116FC7E
2026-03-26 21:47:14 - msg_id_0200 ==> 7E02000042660000000002004400000000000C000300C64765049FAC90038900000000260326214713010400000000140400000000150400000000160400000000170200002A02000030013D310118DF7E
2026-03-26 21:47:45 - msg_id_0200 ==> 7E02000042660000000002004F00000000000C000300C64762049FAC90038900000000260326214744010400000000140400000000150400000000160400000000170200002A02000030013D3101178B7E
2026-03-26 21:48:16 - msg_id_0200 ==> 7E02000042660000000002005A00000000000C000300C6475F049FAC90038900000000260326214815010400000000140400000000150400000000160400000000170200002A02000030013D310119F37E
2026-03-26 21:48:47 - msg_id_0200 ==> 7E02000042660000000002006500000000000C000300C64760049FAC90038A00000000260326214846010400000000140400000000150400000000160400000000170200002A02000030013D31011AA07E
2026-03-26 21:49:18 - msg_id_0200 ==> 7E02000042660000000002007000000000000C000300C64762049FAC90038A00000000260326214917010400000000140400000000150400000000160400000000170200002A02000030013D310119E47E
2026-03-26 21:49:49 - msg_id_0200 ==> 7E02000042660000000002007B00000000000C000300C64764049FAC90038A00000000260326214948010400000000140400000000150400000000160400000000170200002A02000030013D310117B87E
2026-03-26 21:49:58 - msg_id_0200 ==> 7E02000042660000000002007F00000100000C000300C64765049FAC90038A00000000260326214957010400000000140400000000150400000000160400000000170200002A02000030013D310117A37E
2026-03-26 21:50:40 - msg_id_0200 ==> 7E02000042660000000002000200000000000C000300C64763049FAC90038A00000000260326215039010400000000140400000000150400000000160400000000170200002A02000030013D310118A17E
2026-03-26 21:51:11 - msg_id_0200 ==> 7E02000042660000000002000D00000000000C000300C64760049FAC90038A00000000260326215110010400000000140400000000150400000000160400000000170200002A02000030013D310118857E
2026-03-26 21:51:42 - msg_id_0200 ==> 7E02000042660000000002001800000000000C000300C64760049FAC90038A00000000260326215141010400000000140400000000150400000000160400000000170200002A02000030013D310117CE7E
2026-03-26 21:52:13 - msg_id_0200 ==> 7E02000042660000000002002300000000000C000300C64760049FAC90038A00000000260326215212010400000000140400000000150400000000160400000000170200002A02000030013D310116A47E
2026-03-26 21:52:44 - msg_id_0200 ==> 7E02000042660000000002002E00000000000C000300C64760049FAC90038A00000000260326215243010400000000140400000000150400000000160400000000170200002A02000030013D310118F67E
2026-03-26 21:53:15 - msg_id_0200 ==> 7E02000042660000000002003900000000000C000300C64762049FAC90038A00000000260326215314010400000000140400000000150400000000160400000000170200002A02000030013D310115B87E
2026-03-26 21:53:46 - msg_id_0200 ==> 7E02000042660000000002004400000000000C000300C64761049FAC98038A00000000260326215345010400000000140400000000150400000000160400000000170200002A02000030013D3101159F7E
2026-03-26 21:54:17 - msg_id_0200 ==> 7E02000042660000000002004F00000000000C000300C6475F049FAC90038A00000000260326215416010400000000140400000000150400000000160400000000170200002A02000030013D310116F57E
2026-03-26 21:54:48 - msg_id_0200 ==> 7E02000042660000000002005A00000000000C000300C64760049FAC90038A00000000260326215447010400000000140400000000150400000000160400000000170200002A02000030013D3101178F7E
2026-03-26 21:55:19 - msg_id_0200 ==> 7E02000042660000000002006500000000000C000300C64762049FAC90038A00000000260326215518010400000000140400000000150400000000160400000000170200002A02000030013D310117EC7E
2026-03-26 21:55:50 - msg_id_0200 ==> 7E02000042660000000002007000000000000C000300C64764049FAC90038A00000000260326215549010400000000140400000000150400000000160400000000170200002A02000030013D310118A17E
2026-03-26 21:56:21 - msg_id_0200 ==> 7E02000042660000000002007B00000000000C000300C64766049FAC90038A00000000260326215620010400000000140400000000150400000000160400000000170200002A02000030013D310116CC7E
2026-03-26 21:56:30 - msg_id_0200 ==> 7E02000042660000000002007F00000100000C000300C64766049FAC90038A00000000260326215629010400000000140400000000150400000000160400000000170200002A02000030013D310116C07E
2026-03-26 21:56:52 - msg_id_0200 ==> 7E02000042660000000002008700000000000C000300C64766049FAC90038A00000000260326215651010400000000140400000000150400000000160400000000170200002A02000030013D3101184F7E
2026-03-26 21:57:23 - msg_id_0200 ==> 7E02000042660000000002009200000000000C000300C64769049FAC90038A00000000260326215722010400000000140400000000150400000000160400000000170200002A02000030013D310117287E
2026-03-26 21:57:54 - msg_id_0200 ==> 7E02000042660000000002009D00000000000C000300C6476A049FAC90038A00000000260326215753010400000000140400000000150400000000160400000000170200002A02000030013D3101185A7E
2026-03-26 21:58:25 - msg_id_0200 ==> 7E0200004266000000000200A800000000000C000300C6476B049FAC90038A00000000260326215824010400000000140400000000150400000000160400000000170200002A02000030013D310117197E
2026-03-26 21:58:56 - msg_id_0200 ==> 7E0200004266000000000200B300000000000C000300C6476B049FAC90038A00000000260326215855010400000000140400000000150400000000160400000000170200002A02000030013D3101197D017E
2026-03-26 21:59:27 - msg_id_0200 ==> 7E0200004266000000000200BE00000000000C000300C6476C049FAC98038A00000000260326215926010400000000140400000000150400000000160400000000170200002A02000030013D310116027E
2026-03-26 21:59:58 - msg_id_0200 ==> 7E0200004266000000000200C900000000000C000300C6476C049FAC98038A00000000260326215957010400000000140400000000150400000000160400000000170200002A02000030013D310116047E
2026-03-26 22:00:29 - msg_id_0200 ==> 7E0200004266000000000200D400000000000C000300C6476C049FAC98038A00000000260326220028010400000000140400000000150400000000160400000000170200002A02000030013D3101163C7E
2026-03-26 22:01:00 - msg_id_0200 ==> 7E0200004266000000000200DF00000000000C000300C6476C049FAC98038A00000000260326220059010400000000140400000000150400000000160400000000170200002A02000030013D310118487E
2026-03-26 22:01:31 - msg_id_0200 ==> 7E0200004266000000000200EA00000000000C000300C6476C049FAC98038A00000000260326220130010400000000140400000000150400000000160400000000170200002A02000030013D3101161B7E
2026-03-26 22:02:02 - msg_id_0200 ==> 7E0200004266000000000200F500000000000C000300C6476B049FAC98038A00000000260326220201010400000000140400000000150400000000160400000000170200002A02000030013D310116317E
2026-03-26 22:02:33 - msg_id_0200 ==> 7E02000042660000000002010000000000000C000300C6476B049FACA0038A00000000260326220232010400000000140400000000150400000000160400000000170200002A02000030013D310117CF7E
2026-03-26 22:03:04 - msg_id_0200 ==> 7E02000042660000000002010B00000000000C000300C6476A049FACA0038A00000000260326220303010400000000140400000000150400000000160400000000170200002A02000030013D310117F57E
2026-03-26 22:03:35 - msg_id_0200 ==> 7E02000042660000000002011600000000000C000300C64769049FAC98038A00000000260326220334010400000000140400000000150400000000160400000000170200002A02000030013D310116E57E
2026-03-26 22:04:06 - msg_id_0200 ==> 7E02000042660000000002012100000000000C000300C64769049FAC98038A00000000260326220405010400000000140400000000150400000000160400000000170200002A02000030013D310114E67E
2026-03-26 22:04:37 - msg_id_0200 ==> 7E02000042660000000002012C00000000000C000300C64769049FACA0038A00000000260326220436010400000000140400000000150400000000160400000000170200002A02000030013D310115E17E
2026-03-26 22:05:08 - msg_id_0200 ==> 7E02000042660000000002013700000000000C000300C64769049FACA0038B00000000260326220507010400000000140400000000150400000000160400000000170200002A02000030013D310118C67E
2026-03-26 22:05:39 - msg_id_0200 ==> 7E02000042660000000002014200000000000C000300C64768049FACA0038B00000000260326220538010400000000140400000000150400000000160400000000170200002A02000030013D310117827E
2026-03-26 22:06:10 - msg_id_0200 ==> 7E02000042660000000002014D00000000000C000300C64767049FACA0038A00000000260326220609010400000000140400000000150400000000160400000000170200002A02000030013D310116B07E
2026-03-26 22:06:41 - msg_id_0200 ==> 7E02000042660000000002015800000000000C000300C6476A049FACA0038B00000000260326220640010400000000140400000000150400000000160400000000170200002A02000030013D310114E27E
2026-03-26 22:07:12 - msg_id_0200 ==> 7E02000042660000000002016300000000000C000300C64769049FACA0038B00000000260326220711010400000000140400000000150400000000160400000000170200002A02000030013D310116887E
2026-03-26 22:07:43 - msg_id_0200 ==> 7E02000042660000000002016E00000000000C000300C64766049FACA0038B00000000260326220742010400000000140400000000150400000000160400000000170200002A02000030013D310116D97E
2026-03-26 22:08:14 - msg_id_0200 ==> 7E02000042660000000002017900000000000C000300C64766049FAC98038B00000000260326220813010400000000140400000000150400000000160400000000170200002A02000030013D310114AA7E
2026-03-26 22:08:29 - msg_id_0200 ==> 7E02000042660000000002017F00000100000C000300C64767049FACA0038B00000000260326220828010400000000140400000000150400000000160400000000170200002A02000030013D310115AE7E
2026-03-26 22:08:45 - msg_id_0200 ==> 7E02000042660000000002018500000000000C000300C64767049FACA0038B00000000260326220844010400000000140400000000150400000000160400000000170200002A02000030013D310115397E
2026-03-26 22:09:16 - msg_id_0200 ==> 7E02000042660000000002019000000000000C000300C64767049FACA0038B00000000260326220915010400000000140400000000150400000000160400000000170200002A02000030013D3101167F7E
2026-03-26 22:09:47 - msg_id_0200 ==> 7E02000042660000000002019B00000000000C000300C64767049FACA0038B00000000260326220946010400000000140400000000150400000000160400000000170200002A020000300140310115597E
2026-03-26 22:10:18 - msg_id_0200 ==> 7E0200004266000000000201A600000000000C000300C64766049FACA0038B00000000260326221017010400000000140400000000150400000000160400000000170200002A02000030013D310116537E
2026-03-26 22:10:49 - msg_id_0200 ==> 7E0200004266000000000201B100000000000C000300C64764049FACA0038B00000000260326221048010400000000140400000000150400000000160400000000170200002A02000030013D310116197E
2026-03-26 22:11:20 - msg_id_0200 ==> 7E0200004266000000000201BC00000000000C000300C64761049FACA0038B00000000260326221119010400000000140400000000150400000000160400000000170200002A02000030013D310116417E
2026-03-26 22:11:51 - msg_id_0200 ==> 7E0200004266000000000201C700000000000C000300C64762049FACA0038B00000000260326221150010400000000140400000000150400000000160400000000170200002A02000030013D310117717E
2026-03-26 22:12:22 - msg_id_0200 ==> 7E0200004266000000000201D200000000000C000300C64760049FACA0038B00000000260326221221010400000000140400000000150400000000160400000000170200002A02000030013D310116157E
2026-03-26 22:12:53 - msg_id_0200 ==> 7E0200004266000000000201DD00000000000C000300C64760049FACA0038B00000000260326221252010400000000140400000000150400000000160400000000170200002A02000030013D310117687E
2026-03-26 22:13:24 - msg_id_0200 ==> 7E0200004266000000000201E800000000000C000300C64761049FACA0038B00000000260326221323010400000000140400000000150400000000160400000000170200002A02000030013D3101152E7E
2026-03-26 22:13:55 - msg_id_0200 ==> 7E0200004266000000000201F300000000000C000300C64761049FACA0038B00000000260326221354010400000000140400000000150400000000160400000000170200002A02000030013D310116417E
2026-03-26 22:14:26 - msg_id_0200 ==> 7E0200004266000000000201FE00000000000C000300C64762049FACA0038B00000000260326221425010400000000140400000000150400000000160400000000170200002A02000030013D3101153A7E
2026-03-26 22:14:57 - msg_id_0200 ==> 7E02000042660000000002020900000000000C000300C64760049FACA0038B00000000260326221456010400000000140400000000150400000000160400000000170200002A02000030013D310114BE7E
2026-03-26 22:15:28 - msg_id_0200 ==> 7E02000042660000000002021400000000000C000300C64762049FACA0038B00000000260326221527010400000000140400000000150400000000160400000000170200002A020000300140310114AC7E
2026-03-26 22:15:59 - msg_id_0200 ==> 7E02000042660000000002021F00000000000C000300C64761049FACA0038B00000000260326221558010400000000140400000000150400000000160400000000170200002A02000030013D310116A47E
2026-03-26 22:16:30 - msg_id_0200 ==> 7E02000042660000000002022A00000000000C000300C64760049FACA8038B00000000260326221629010400000000140400000000150400000000160400000000170200002A02000030013D310115E97E
2026-03-26 22:17:01 - msg_id_0200 ==> 7E02000042660000000002023500000000000C000300C6475E049FACA8038A00000000260326221700010400000000140400000000150400000000160400000000170200002A02000030013D310117E37E
2026-03-26 22:17:32 - msg_id_0200 ==> 7E02000042660000000002024000000000000C000300C6475D049FACA0038A00000000260326221731010400000000140400000000150400000000160400000000170200002A02000030013D310115AE7E
2026-03-26 22:18:03 - msg_id_0200 ==> 7E02000042660000000002024B00000000000C000300C6475E049FACA0038A00000000260326221802010400000000140400000000150400000000160400000000170200002A02000030013D3101139C7E
2026-03-26 22:18:34 - msg_id_0200 ==> 7E02000042660000000002025600000000000C000300C64762049FACA0038A00000000260326221833010400000000140400000000150400000000160400000000170200002A02000030013D310118877E
2026-03-26 22:19:05 - msg_id_0200 ==> 7E02000042660000000002026100000000000C000300C64764049FACA0038A00000000260326221904010400000000140400000000150400000000160400000000170200002A02000030013D310111897E
2026-03-26 22:19:36 - msg_id_0200 ==> 7E02000042660000000002026C00000000000C000300C64764049FACA0038A00000000260326221935010400000000140400000000150400000000160400000000170200002A02000030013D310114B07E
2026-03-26 22:20:07 - msg_id_0200 ==> 7E02000042660000000002027700000000000C000300C64766049FACA0038A00000000260326222006010400000000140400000000150400000000160400000000170200002A02000030013D310112A57E
2026-03-26 22:20:27 - msg_id_0200 ==> 7E02000042660000000002027F00000100000C000300C64767049FACA0038900000000260326222026010400000000140400000000150400000000160400000000170200002A020000300140310112F37E
2026-03-26 22:20:38 - msg_id_0200 ==> 7E02000042660000000002028400000000000C000300C64767049FACA0038900000000260326222037010400000000140400000000150400000000160400000000170200002A02000030013D310113647E
2026-03-26 22:21:09 - msg_id_0200 ==> 7E02000042660000000002028F00000000000C000300C64764049FACA0038900000000260326222108010400000000140400000000150400000000160400000000170200002A02000030013D310114557E
2026-03-26 22:21:40 - msg_id_0200 ==> 7E02000042660000000002029A00000000000C000300C64764049FACA0038900000000260326222139010400000000140400000000150400000000160400000000170200002A02000030013D310114717E
2026-03-26 22:22:11 - msg_id_0200 ==> 7E0200004266000000000202A500000000000C000300C64765049FACA8038A00000000260326222210010400000000140400000000150400000000160400000000170200002A02000030013D3101116B7E
2026-03-26 22:22:42 - msg_id_0200 ==> 7E0200004266000000000202B000000000000C000300C64766049FACA8038A00000000260326222241010400000000140400000000150400000000160400000000170200002A02000030013D3101132E7E
2026-03-26 22:23:13 - msg_id_0200 ==> 7E0200004266000000000202BB00000000000C000300C64769049FACB0038A00000000260326222312010400000000140400000000150400000000160400000000170200002A0200003001403101131D7E
2026-03-26 22:23:44 - msg_id_0200 ==> 7E0200004266000000000202C600000000000C000300C6476B049FACB0038A00000000260326222343010400000000140400000000150400000000160400000000170200002A02000030013D310115487E
2026-03-26 22:24:15 - msg_id_0200 ==> 7E0200004266000000000202D100000000000C000300C6476D049FACB0038A00000000260326222414010400000000140400000000150400000000160400000000170200002A02000030013D3101160A7E
2026-03-26 22:24:46 - msg_id_0200 ==> 7E0200004266000000000202DC00000000000C000300C6476D049FACB0038A00000000260326222445010400000000140400000000150400000000160400000000170200002A02000030013D310115557E
2026-03-26 22:25:17 - msg_id_0200 ==> 7E0200004266000000000202E700000000000C000300C6476D049FACB0038A00000000260326222516010400000000140400000000150400000000160400000000170200002A02000030013D3101153C7E
2026-03-26 22:25:48 - msg_id_0200 ==> 7E0200004266000000000202F200000000000C000300C6476C049FACB0038A00000000260326222547010400000000140400000000150400000000160400000000170200002A02000030013D3101167A7E
2026-03-26 22:26:19 - msg_id_0200 ==> 7E0200004266000000000202FD00000000000C000300C6476B049FACB0038A00000000260326222618010400000000140400000000150400000000160400000000170200002A02000030013D3101162E7E
2026-03-26 22:26:50 - msg_id_0200 ==> 7E02000042660000000002030800000000000C000300C6476B049FACB0038A00000000260326222649010400000000140400000000150400000000160400000000170200002A02000030013D3101168B7E
2026-03-26 22:27:21 - msg_id_0200 ==> 7E02000042660000000002031300000000000C000300C6476A049FACB0038A00000000260326222720010400000000140400000000150400000000160400000000170200002A02000030013D310117F87E
2026-03-26 22:27:52 - msg_id_0200 ==> 7E02000042660000000002031E00000000000C000300C6476A049FACB0038A00000000260326222751010400000000140400000000150400000000160400000000170200002A02000030013D3101188B7E
2026-03-26 22:28:23 - msg_id_0200 ==> 7E02000042660000000002032900000000000C000300C6476A049FACB0038A00000000260326222822010400000000140400000000150400000000160400000000170200002A020000300140310115B07E
2026-03-26 22:28:54 - msg_id_0200 ==> 7E02000042660000000002033400000000000C000300C64769049FACB0038A00000000260326222853010400000000140400000000150400000000160400000000170200002A02000030013D310118AF7E
2026-03-26 22:29:25 - msg_id_0200 ==> 7E02000042660000000002033F00000000000C000300C6476B049FACB0038A00000000260326222924010400000000140400000000150400000000160400000000170200002A02000030013D310117DF7E
2026-03-26 22:29:56 - msg_id_0200 ==> 7E02000042660000000002034A00000000000C000300C6476B049FACB0038A00000000260326222955010400000000140400000000150400000000160400000000170200002A02000030013D310117DB7E
2026-03-26 22:30:27 - msg_id_0200 ==> 7E02000042660000000002035500000000000C000300C6476B049FACB0038A00000000260326223026010400000000140400000000150400000000160400000000170200002A02000030013D310116AF7E
2026-03-26 22:30:58 - msg_id_0200 ==> 7E02000042660000000002036000000000000C000300C6476C049FACA8038A00000000260326223057010400000000140400000000150400000000160400000000170200002A02000030013D310116F47E
2026-03-26 22:31:29 - msg_id_0200 ==> 7E02000042660000000002036B00000000000C000300C6476D049FACA8038A00000000260326223128010400000000140400000000150400000000160400000000170200002A02000030013D310114827E
2026-03-26 22:32:00 - msg_id_0200 ==> 7E02000042660000000002037600000000000C000300C64770049FACB0038A00000000260326223159010400000000140400000000150400000000160400000000170200002A020000300140310115977E
2026-03-26 22:32:25 - msg_id_0200 ==> 7E02000042660000000002037F00000100000C000300C64773049FACB0038A00000000260326223224010400000000140400000000150400000000160400000000170200002A020000300140310116E17E
2026-03-26 22:34:16 - msg_id_0200 ==> 7E02000042660000000002000200000000000C000300C6477A049FACB0038A00000000260326223415010400000000140400000000150400000000160400000000170200002A02000030013D310114DF7E
2026-03-26 22:34:47 - msg_id_0200 ==> 7E02000042660000000002000D00000000000C000300C6477A049FACA8038A00000000260326223446010400000000140400000000150400000000160400000000170200002A02000030013D3101149B7E
2026-03-26 22:35:18 - msg_id_0200 ==> 7E02000042660000000002001800000000000C000300C6477A049FACA8038A00000000260326223517010400000000140400000000150400000000160400000000170200002A02000030013D310114DE7E
2026-03-26 22:35:49 - msg_id_0200 ==> 7E02000042660000000002002300000000000C000300C6477A049FACA8038A00000000260326223548010400000000140400000000150400000000160400000000170200002A02000030013D310115BB7E
2026-03-26 22:36:20 - msg_id_0200 ==> 7E02000042660000000002002E00000000000C000300C6477B049FACA8038A00000000260326223619010400000000140400000000150400000000160400000000170200002A02000030013D310115E57E
2026-03-26 22:36:51 - msg_id_0200 ==> 7E02000042660000000002003900000000000C000300C6477D01049FACA0038A00000000260326223650010400000000140400000000150400000000160400000000170200002A020000300140310114C97E
2026-03-26 22:37:22 - msg_id_0200 ==> 7E02000042660000000002004400000000000C000300C6477D01049FACA0038A00000000260326223721010400000000140400000000150400000000160400000000170200002A020000300140310114C47E
2026-03-26 22:37:53 - msg_id_0200 ==> 7E02000042660000000002004F00000000000C000300C6477C049FACA0038900000000260326223752010400000000140400000000150400000000160400000000170200002A02000030013D310116C17E
2026-03-26 22:38:24 - msg_id_0200 ==> 7E02000042660000000002005A00000000000C000300C6477C049FACA0038A00000000260326223823010400000000140400000000150400000000160400000000170200002A02000030013D310116A97E
2026-03-26 22:38:55 - msg_id_0200 ==> 7E02000042660000000002006500000000000C000300C6477C049FACA8038900000000260326223854010400000000140400000000150400000000160400000000170200002A02000030013D310114E87E
2026-03-26 22:39:26 - msg_id_0200 ==> 7E02000042660000000002007000000000000C000300C6477C049FACA8038A00000000260326223925010400000000140400000000150400000000160400000000170200002A02000030013D3101168C7E
2026-03-26 22:39:57 - msg_id_0200 ==> 7E02000042660000000002007B00000000000C000300C6477D01049FACA8038A00000000260326223956010400000000140400000000150400000000160400000000170200002A02000030013D310112F17E
2026-03-26 22:40:05 - msg_id_0200 ==> 7E02000042660000000002007F00000100000C000300C6477D01049FACA8038A00000000260326224004010400000000140400000000150400000000160400000000170200002A02000030013D310114D97E
2026-03-26 22:40:28 - msg_id_0200 ==> 7E02000042660000000002008700000000000C000300C6477B049FACA8038A00000000260326224027010400000000140400000000150400000000160400000000170200002A02000030013D310114057E
2026-03-26 22:40:59 - msg_id_0200 ==> 7E02000042660000000002009200000000000C000300C6477C049FACA8038A00000000260326224058010400000000140400000000150400000000160400000000170200002A02000030013D310114687E
2026-03-26 22:41:30 - msg_id_0200 ==> 7E02000042660000000002009D00000000000C000300C6477A049FACA8038A00000000260326224129010400000000140400000000150400000000160400000000170200002A02000030013D310115107E
2026-03-26 22:42:01 - msg_id_0200 ==> 7E0200004266000000000200A800000000000C000300C64779049FACA8038A00000000260326224200010400000000140400000000150400000000160400000000170200002A020000300140310114707E
2026-03-26 22:42:32 - msg_id_0200 ==> 7E0200004266000000000200B300000000000C000300C64775049FACA8038A00000000260326224231010400000000140400000000150400000000160400000000170200002A02000030013D3101152A7E
2026-03-26 22:43:03 - msg_id_0200 ==> 7E0200004266000000000200BE00000000000C000300C64775049FACA8038A00000000260326224302010400000000140400000000150400000000160400000000170200002A02000030013D310114147E
2026-03-26 22:43:34 - msg_id_0200 ==> 7E0200004266000000000200C900000000000C000300C64771049FACA8038900000000260326224333010400000000140400000000150400000000160400000000170200002A02000030013D310115547E
2026-03-26 22:44:05 - msg_id_0200 ==> 7E0200004266000000000200D400000000000C000300C64770049FACA8038900000000260326224404010400000000140400000000150400000000160400000000170200002A02000030013D310115787E
2026-03-26 22:44:36 - msg_id_0200 ==> 7E0200004266000000000200DF00000000000C000300C64770049FACA8038900000000260326224435010400000000140400000000150400000000160400000000170200002A02000030013D310114437E
2026-03-26 22:45:07 - msg_id_0200 ==> 7E0200004266000000000200EA00000000000C000300C64772049FACA8038900000000260326224506010400000000140400000000150400000000160400000000170200002A02000030013D310114467E
2026-03-26 22:45:38 - msg_id_0200 ==> 7E0200004266000000000200F500000000000C000300C64771049FACA8038900000000260326224537010400000000140400000000150400000000160400000000170200002A02000030013D3101146B7E
2026-03-26 22:46:09 - msg_id_0200 ==> 7E02000042660000000002010000000000000C000300C64771049FACA8038900000000260326224608010400000000140400000000150400000000160400000000170200002A02000030013D310113A47E
2026-03-26 22:46:40 - msg_id_0200 ==> 7E02000042660000000002010B00000000000C000300C64771049FACA8038900000000260326224639010400000000140400000000150400000000160400000000170200002A02000030013D3101129F7E
2026-03-26 22:47:11 - msg_id_0200 ==> 7E02000042660000000002011600000000000C000300C64771049FACA8038A00000000260326224710010400000000140400000000150400000000160400000000170200002A020000300140310113D57E
2026-03-26 22:47:42 - msg_id_0200 ==> 7E02000042660000000002012100000000000C000300C64773049FACA8038900000000260326224741010400000000140400000000150400000000160400000000170200002A020000300140310113B27E
2026-03-26 22:48:13 - msg_id_0200 ==> 7E02000042660000000002012C00000000000C000300C64775049FACA8038900000000260326224812010400000000140400000000150400000000160400000000170200002A02000030013D310113987E
2026-03-26 22:48:44 - msg_id_0200 ==> 7E02000042660000000002013700000000000C000300C64775049FACA8038900000000260326224843010400000000140400000000150400000000160400000000170200002A02000030013D310113D27E
2026-03-26 22:49:15 - msg_id_0200 ==> 7E02000042660000000002014200000000000C000300C64775049FACA8038900000000260326224914010400000000140400000000150400000000160400000000170200002A02000030013D310116F47E
2026-03-26 22:49:46 - msg_id_0200 ==> 7E02000042660000000002014D00000000000C000300C64775049FACA8038900000000260326224945010400000000140400000000150400000000160400000000170200002A020000300140310117D67E
2026-03-26 22:50:17 - msg_id_0200 ==> 7E02000042660000000002015800000000000C000300C64775049FACA8038900000000260326225016010400000000140400000000150400000000160400000000170200002A020000300140310116887E
2026-03-26 22:50:48 - msg_id_0200 ==> 7E02000042660000000002016300000000000C000300C64775049FACA8038900000000260326225047010400000000140400000000150400000000160400000000170200002A02000030013D3101159C7E
2026-03-26 22:51:19 - msg_id_0200 ==> 7E02000042660000000002016E00000000000C000300C64774049FACA8038900000000260326225118010400000000140400000000150400000000160400000000170200002A02000030013D310115CE7E
2026-03-26 22:51:50 - msg_id_0200 ==> 7E02000042660000000002017900000000000C000300C64772049FACA8038900000000260326225149010400000000140400000000150400000000160400000000170200002A02000030013D3101148F7E
2026-03-26 22:52:05 - msg_id_0200 ==> 7E02000042660000000002017F00000100000C000300C64773049FACA8038900000000260326225204010400000000140400000000150400000000160400000000170200002A02000030013D310116C57E
2026-03-26 22:52:45 - msg_id_0200 ==> 7E02000042660000000002000200000000000C000300C64771049FACA8038900000000260326225244010400000000140400000000150400000000160400000000170200002A020000300140310116877E
2026-03-26 22:53:16 - msg_id_0200 ==> 7E02000042660000000002000D00000000000C000300C64774049FACA0038900000000260326225315010400000000140400000000150400000000160400000000170200002A020000300140310116D57E
2026-03-26 22:53:47 - msg_id_0200 ==> 7E02000042660000000002001800000000000C000300C64775049FACA0038900000000260326225346010400000000140400000000150400000000160400000000170200002A02000030013D310114ED7E
2026-03-26 22:54:18 - msg_id_0200 ==> 7E02000042660000000002002300000000000C000300C64776049FACA0038900000000260326225417010400000000140400000000150400000000160400000000170200002A02000030013D310112857E
2026-03-26 22:54:49 - msg_id_0200 ==> 7E02000042660000000002002E00000000000C000300C64778049FACA0038900000000260326225448010400000000140400000000150400000000160400000000170200002A02000030013D310115DE7E
2026-03-26 22:55:20 - msg_id_0200 ==> 7E02000042660000000002003900000000000C000300C64779049FAC98038900000000260326225519010400000000140400000000150400000000160400000000170200002A02000030013D310115A07E
2026-03-26 22:55:51 - msg_id_0200 ==> 7E02000042660000000002004400000000000C000300C64779049FAC98038900000000260326225550010400000000140400000000150400000000160400000000170200002A02000030013A310115937E
2026-03-26 22:56:22 - msg_id_0200 ==> 7E02000042660000000002004F00000000000C000300C64778049FAC98038800000000260326225621010400000000140400000000150400000000160400000000170200002A02000030013A310114EB7E
2026-03-26 22:56:53 - msg_id_0200 ==> 7E02000042660000000002005A00000000000C000300C64777049FAC98038800000000260326225652010400000000140400000000150400000000160400000000170200002A02000030013D310116877E
2026-03-26 22:57:24 - msg_id_0200 ==> 7E02000042660000000002006500000000000C000300C64777049FAC98038800000000260326225723010400000000140400000000150400000000160400000000170200002A02000030013D310115CB7E
2026-03-26 22:57:55 - msg_id_0200 ==> 7E02000042660000000002007000000000000C000300C64774049FAC98038800000000260326225754010400000000140400000000150400000000160400000000170200002A02000030013D310115AA7E
2026-03-26 22:58:26 - msg_id_0200 ==> 7E02000042660000000002007B00000000000C000300C64772049FAC98038800000000260326225825010400000000140400000000150400000000160400000000170200002A02000030013D310116DA7E
2026-03-26 22:58:35 - msg_id_0200 ==> 7E02000042660000000002007F00000100000C000300C64771049FAC98038800000000260326225834010400000000140400000000150400000000160400000000170200002A02000030013D310116CD7E
2026-03-26 22:59:53 - msg_id_0200 ==> 7E02000042660000000002000200000000000C000300C6476E049FAC90038800000000260326225952010400000000140400000000150400000000160400000000170200002A02000030013D310112C57E
2026-03-26 23:00:24 - msg_id_0200 ==> 7E02000042660000000002000D00000000000C000300C6476D049FAC90038800000000260326230023010400000000140400000000150400000000160400000000170200002A02000030013D310113E17E
2026-03-26 23:00:55 - msg_id_0200 ==> 7E02000042660000000002001800000000000C000300C6476E049FAC90038800000000260326230054010400000000140400000000150400000000160400000000170200002A02000030013D310114877E
2026-03-26 23:01:26 - msg_id_0200 ==> 7E02000042660000000002002300000000000C000300C6476F049FAC90038800000000260326230125010400000000140400000000150400000000160400000000170200002A02000030013D310113CA7E
2026-03-26 23:01:57 - msg_id_0200 ==> 7E02000042660000000002002E00000000000C000300C6476F049FAC90038800000000260326230156010400000000140400000000150400000000160400000000170200002A02000030013D310115B27E
2026-03-26 23:02:28 - msg_id_0200 ==> 7E02000042660000000002003900000000000C000300C6476E049FAC98038800000000260326230227010400000000140400000000150400000000160400000000170200002A02000030013D310115DE7E
2026-03-26 23:02:59 - msg_id_0200 ==> 7E02000042660000000002004400000000000C000300C6476D049FAC98038800000000260326230258010400000000140400000000150400000000160400000000170200002A02000030013D310116DC7E
2026-03-26 23:03:30 - msg_id_0200 ==> 7E02000042660000000002004F00000000000C000300C6476F049FAC98038800000000260326230329010400000000140400000000150400000000160400000000170200002A02000030013D310114A77E
2026-03-26 23:04:01 - msg_id_0200 ==> 7E02000042660000000002005A00000000000C000300C6476E049FAC98038800000000260326230400010400000000140400000000150400000000160400000000170200002A02000030013D3101159C7E
2026-03-26 23:04:32 - msg_id_0200 ==> 7E02000042660000000002006500000000000C000300C6476D049FAC98038800000000260326230431010400000000140400000000150400000000160400000000170200002A02000030013D310115917E
2026-03-26 23:05:03 - msg_id_0200 ==> 7E02000042660000000002007000000000000C000300C6476C049FACA0038800000000260326230502010400000000140400000000150400000000160400000000170200002A02000030013D3101168C7E
2026-03-26 23:05:34 - msg_id_0200 ==> 7E02000042660000000002007B00000000000C000300C6476E049FACA0038800000000260326230533010400000000140400000000150400000000160400000000170200002A02000030013D310116B47E
2026-03-26 23:05:43 - msg_id_0200 ==> 7E02000042660000000002007F00000100000C000300C6476E049FACA0038700000000260326230542010400000000140400000000150400000000160400000000170200002A02000030013D310115CC7E
2026-03-26 23:06:25 - msg_id_0200 ==> 7E02000042660000000002000200000000000C000300C6476E049FACA0038700000000260326230624010400000000140400000000150400000000160400000000170200002A02000030013A310116D17E
2026-03-26 23:06:56 - msg_id_0200 ==> 7E02000042660000000002000D00000000000C000300C6476D049FACA8038700000000260326230655010400000000140400000000150400000000160400000000170200002A020000300140310115DD7E
2026-03-26 23:07:27 - msg_id_0200 ==> 7E02000042660000000002001800000000000C000300C6476F049FACA8038700000000260326230726010400000000140400000000150400000000160400000000170200002A02000030013A310117C07E
2026-03-26 23:07:58 - msg_id_0200 ==> 7E02000042660000000002002300000000000C000300C6476F049FACA8038800000000260326230757010400000000140400000000150400000000160400000000170200002A020000300140310117FF7E
2026-03-26 23:08:29 - msg_id_0200 ==> 7E02000042660000000002002E00000000000C000300C6476F049FACA8038700000000260326230828010400000000140400000000150400000000160400000000170200002A02000030013D310116F17E
2026-03-26 23:09:00 - msg_id_0200 ==> 7E02000042660000000002003900000000000C000300C64770049FACA8038800000000260326230859010400000000140400000000150400000000160400000000170200002A02000030013A310117817E
2026-03-26 23:09:31 - msg_id_0200 ==> 7E02000042660000000002004400000000000C000300C64771049FACA8038700000000260326230930010400000000140400000000150400000000160400000000170200002A02000030013D3101179D7E
2026-03-26 23:10:02 - msg_id_0200 ==> 7E02000042660000000002004F00000000000C000300C64772049FACB0038800000000260326231001010400000000140400000000150400000000160400000000170200002A02000030013D310115A87E
2026-03-26 23:10:33 - msg_id_0200 ==> 7E02000042660000000002005A00000000000C000300C64771049FACB0038700000000260326231032010400000000140400000000150400000000160400000000170200002A02000030013A310114847E
2026-03-26 23:11:04 - msg_id_0200 ==> 7E02000042660000000002006500000000000C000300C6476F049FACB0038700000000260326231103010400000000140400000000150400000000160400000000170200002A02000030013D310114927E
2026-03-26 23:11:35 - msg_id_0200 ==> 7E02000042660000000002007000000000000C000300C64770049FACB0038800000000260326231134010400000000140400000000150400000000160400000000170200002A02000030013D310114A07E
2026-03-26 23:12:06 - msg_id_0200 ==> 7E02000042660000000002007B00000000000C000300C64770049FACB0038800000000260326231205010400000000140400000000150400000000160400000000170200002A02000030013D3101139E7E
2026-03-26 23:12:15 - msg_id_0200 ==> 7E02000042660000000002007F00000100000C000300C64771049FACB0038800000000260326231214010400000000140400000000150400000000160400000000170200002A02000030013D3101148C7E
2026-03-26 23:12:37 - msg_id_0200 ==> 7E02000042660000000002008700000000000C000300C64772049FACB0038800000000260326231236010400000000140400000000150400000000160400000000170200002A02000030013D310113537E
2026-03-26 23:13:08 - msg_id_0200 ==> 7E02000042660000000002009200000000000C000300C64773049FACB0038800000000260326231307010400000000140400000000150400000000160400000000170200002A02000030013D310114707E
2026-03-26 23:13:39 - msg_id_0200 ==> 7E02000042660000000002009D00000000000C000300C64776049FACB0038800000000260326231338010400000000140400000000150400000000160400000000170200002A02000030013D310115447E
2026-03-26 23:14:10 - msg_id_0200 ==> 7E0200004266000000000200A800000000000C000300C64776049FACB8038800000000260326231409010400000000140400000000150400000000160400000000170200002A02000030013D3101144E7E
2026-03-26 23:14:41 - msg_id_0200 ==> 7E0200004266000000000200B300000000000C000300C64776049FACB8038800000000260326231440010400000000140400000000150400000000160400000000170200002A02000030013D3101161E7E
2026-03-26 23:15:12 - msg_id_0200 ==> 7E0200004266000000000200BE00000000000C000300C64775049FACB8038800000000260326231511010400000000140400000000150400000000160400000000170200002A02000030013D310116407E
2026-03-26 23:15:43 - msg_id_0200 ==> 7E0200004266000000000200C900000000000C000300C64775049FACB8038800000000260326231542010400000000140400000000150400000000160400000000170200002A02000030013D310116647E
2026-03-26 23:16:14 - msg_id_0200 ==> 7E0200004266000000000200D400000000000C000300C64777049FACB8038800000000260326231613010400000000140400000000150400000000160400000000170200002A02000030013D3101152A7E
2026-03-26 23:16:45 - msg_id_0200 ==> 7E0200004266000000000200DF00000000000C000300C64776049FACB8038800000000260326231644010400000000140400000000150400000000160400000000170200002A02000030013D310113717E
2026-03-26 23:17:16 - msg_id_0200 ==> 7E0200004266000000000200EA00000000000C000300C64776049FACB8038800000000260326231715010400000000140400000000150400000000160400000000170200002A02000030013A310113137E
2026-03-26 23:17:47 - msg_id_0200 ==> 7E0200004266000000000200F500000000000C000300C64774049FACB8038800000000260326231746010400000000140400000000150400000000160400000000170200002A02000030013A3101145A7E
2026-03-26 23:18:18 - msg_id_0200 ==> 7E02000042660000000002010000000000000C000300C64775049FACB8038800000000260326231817010400000000140400000000150400000000160400000000170200002A02000030013A310114F17E
2026-03-26 23:18:49 - msg_id_0200 ==> 7E02000042660000000002010B00000000000C000300C64776049FACB0038800000000260326231848010400000000140400000000150400000000160400000000170200002A02000030013D310116AB7E
2026-03-26 23:19:20 - msg_id_0200 ==> 7E02000042660000000002011600000000000C000300C64779049FACB0038800000000260326231919010400000000140400000000150400000000160400000000170200002A020000300140310116947E
2026-03-26 23:19:51 - msg_id_0200 ==> 7E02000042660000000002012100000000000C000300C6477A049FACB0038800000000260326231950010400000000140400000000150400000000160400000000170200002A02000030013A310115907E
2026-03-26 23:20:22 - msg_id_0200 ==> 7E02000042660000000002012C00000000000C000300C64777049FACB0038800000000260326232021010400000000140400000000150400000000160400000000170200002A02000030013A310117DA7E
2026-03-26 23:20:53 - msg_id_0200 ==> 7E02000042660000000002013700000000000C000300C64774049FACB0038800000000260326232052010400000000140400000000150400000000160400000000170200002A02000030013D310116B77E
2026-03-26 23:21:24 - msg_id_0200 ==> 7E02000042660000000002014200000000000C000300C64776049FACB8038800000000260326232123010400000000140400000000150400000000160400000000170200002A02000030013D310116B87E
2026-03-26 23:21:55 - msg_id_0200 ==> 7E02000042660000000002014D00000000000C000300C64778049FACB0038800000000260326232154010400000000140400000000150400000000160400000000170200002A02000030013D310116C67E
2026-03-26 23:22:26 - msg_id_0200 ==> 7E02000042660000000002015800000000000C000300C6477A049FACB0038800000000260326232225010400000000140400000000150400000000160400000000170200002A02000030013D310115A07E
2026-03-26 23:22:57 - msg_id_0200 ==> 7E02000042660000000002016200000000000C000300C6477D01049FACA8038800000000260326232256010400000000140400000000150400000000160400000000170200002A02000030013D310114F77E
2026-03-26 23:23:28 - msg_id_0200 ==> 7E02000042660000000002016E00000000000C000300C64781049FACA0038800000000260326232327010400000000140400000000150400000000160400000000170200002A02000030013D3101157D027E
2026-03-26 23:23:59 - msg_id_0200 ==> 7E02000042660000000002017900000000000C000300C64781049FACA0038800000000260326232358010400000000140400000000150400000000160400000000170200002A02000030013D310111127E
2026-03-26 23:24:15 - msg_id_0200 ==> 7E02000042660000000002017F00000100000C000300C64781049FACA0038800000000260326232414010400000000140400000000150400000000160400000000170200002A02000030013D3101125D7E
2026-03-26 23:26:06 - msg_id_0200 ==> 7E02000042660000000002000200000000000C000300C64784049FACA8038800000000260326232605010400000000140400000000150400000000160400000000170200002A02000030013A310113387E
2026-03-26 23:26:37 - msg_id_0200 ==> 7E02000042660000000002000D00000000000C000300C64782049FACA8038800000000260326232636010400000000140400000000150400000000160400000000170200002A02000030013A310111007E
2026-03-26 23:27:08 - msg_id_0200 ==> 7E02000042660000000002001800000000000C000300C64784049FACB0038800000000260326232707010400000000140400000000150400000000160400000000170200002A02000030013A310113397E
2026-03-26 23:27:39 - msg_id_0200 ==> 7E02000042660000000002002300000000000C000300C64784049FACB0038800000000260326232738010400000000140400000000150400000000160400000000170200002A02000030013A3101113F7E
2026-03-26 23:28:10 - msg_id_0200 ==> 7E02000042660000000002002E00000000000C000300C64783049FACB0038800000000260326232809010400000000140400000000150400000000160400000000170200002A02000030013D3101100D7E
2026-03-26 23:28:41 - msg_id_0200 ==> 7E02000042660000000002003900000000000C000300C64782049FACB0038800000000260326232840010400000000140400000000150400000000160400000000170200002A02000030013D310111537E
2026-03-26 23:29:12 - msg_id_0200 ==> 7E02000042660000000002004400000000000C000300C64782049FACB0038700000000260326232911010400000000140400000000150400000000160400000000170200002A02000030013D310112727E
2026-03-26 23:29:43 - msg_id_0200 ==> 7E02000042660000000002004F00000000000C000300C64782049FACB0038700000000260326232942010400000000140400000000150400000000160400000000170200002A02000030013D3101122A7E
2026-03-26 23:30:14 - msg_id_0200 ==> 7E02000042660000000002005A00000000000C000300C64782049FACB0038700000000260326233013010400000000140400000000150400000000160400000000170200002A02000030013D310112777E
2026-03-26 23:30:45 - msg_id_0200 ==> 7E02000042660000000002006500000000000C000300C64782049FACB0038700000000260326233044010400000000140400000000150400000000160400000000170200002A02000030013D3101131E7E
2026-03-26 23:31:16 - msg_id_0200 ==> 7E02000042660000000002007000000000000C000300C64780049FACB0038800000000260326233115010400000000140400000000150400000000160400000000170200002A02000030013D310113567E
2026-03-26 23:31:47 - msg_id_0200 ==> 7E02000042660000000002007B00000000000C000300C6477F049FACB0038700000000260326233146010400000000140400000000150400000000160400000000170200002A02000030013D310114F97E
2026-03-26 23:31:56 - msg_id_0200 ==> 7E02000042660000000002007F00000100000C000300C6477D02049FACB0038700000000260326233155010400000000140400000000150400000000160400000000170200002A02000030013D310114EE7E
2026-03-26 23:34:24 - msg_id_0200 ==> 7E02000042660000000002000200000000000C000300C64773049FACA0038700000000260326233423010400000000140400000000150400000000160400000000170200002A02000030013D310114FC7E
2026-03-26 23:34:55 - msg_id_0200 ==> 7E02000042660000000002000D00000000000C000300C64773049FACA0038700000000260326233454010400000000140400000000150400000000160400000000170200002A02000030013D310114847E
2026-03-26 23:35:26 - msg_id_0200 ==> 7E02000042660000000002001800000000000C000300C64775049FACA0038700000000260326233525010400000000140400000000150400000000160400000000170200002A02000030013D310113E07E
2026-03-26 23:35:57 - msg_id_0200 ==> 7E02000042660000000002002300000000000C000300C64773049FACA0038700000000260326233556010400000000140400000000150400000000160400000000170200002A02000030013D310113AE7E
2026-03-26 23:36:28 - msg_id_0200 ==> 7E02000042660000000002002E00000000000C000300C64771049FACA8038700000000260326233627010400000000140400000000150400000000160400000000170200002A02000030013D310116DE7E
2026-03-26 23:36:59 - msg_id_0200 ==> 7E02000042660000000002003900000000000C000300C64770049FACA0038700000000260326233658010400000000140400000000150400000000160400000000170200002A02000030013D310113BA7E
2026-03-26 23:37:30 - msg_id_0200 ==> 7E02000042660000000002004400000000000C000300C6476D049FACA0038700000000260326233729010400000000140400000000150400000000160400000000170200002A02000030013D310113AA7E
2026-03-26 23:38:01 - msg_id_0200 ==> 7E02000042660000000002004F00000000000C000300C6476D049FACA0038700000000260326233800010400000000140400000000150400000000160400000000170200002A02000030013D310116827E
2026-03-26 23:38:32 - msg_id_0200 ==> 7E02000042660000000002005A00000000000C000300C6476C049FACA0038700000000260326233831010400000000140400000000150400000000160400000000170200002A02000030013D310115A47E
2026-03-26 23:39:03 - msg_id_0200 ==> 7E02000042660000000002006500000000000C000300C6476B049FACA0038700000000260326233902010400000000140400000000150400000000160400000000170200002A02000030013D310116AD7E
2026-03-26 23:39:34 - msg_id_0200 ==> 7E02000042660000000002007000000000000C000300C6476B049FACA0038700000000260326233933010400000000140400000000150400000000160400000000170200002A02000030013D3101158A7E
2026-03-26 23:40:05 - msg_id_0200 ==> 7E02000042660000000002007B00000000000C000300C6476E049FACA0038700000000260326234004010400000000140400000000150400000000160400000000170200002A02000030013D310113CC7E
2026-03-26 23:40:14 - msg_id_0200 ==> 7E02000042660000000002007F00000100000C000300C6476F049FACA0038700000000260326234013010400000000140400000000150400000000160400000000170200002A02000030013D310112DE7E
2026-03-26 23:40:56 - msg_id_0200 ==> 7E02000042660000000002000200000000000C000300C64770049FACA0038700000000260326234055010400000000140400000000150400000000160400000000170200002A02000030013D310114FD7E
2026-03-26 23:41:27 - msg_id_0200 ==> 7E02000042660000000002000D00000000000C000300C64771049FACA0038700000000260326234126010400000000140400000000150400000000160400000000170200002A02000030013D310112877E
2026-03-26 23:41:58 - msg_id_0200 ==> 7E02000042660000000002001800000000000C000300C64772049FACA0038700000000260326234157010400000000140400000000150400000000160400000000170200002A02000030013D310115E77E
2026-03-26 23:42:29 - msg_id_0200 ==> 7E02000042660000000002002300000000000C000300C64772049FACA0038700000000260326234228010400000000140400000000150400000000160400000000170200002A02000030013D310113A67E
2026-03-26 23:43:00 - msg_id_0200 ==> 7E02000042660000000002002E00000000000C000300C64773049FACA0038700000000260326234259010400000000140400000000150400000000160400000000170200002A02000030013D310112DA7E
2026-03-26 23:43:31 - msg_id_0200 ==> 7E02000042660000000002003900000000000C000300C64774049FACA8038700000000260326234330010400000000140400000000150400000000160400000000170200002A02000030013D310115AD7E
2026-03-26 23:44:02 - msg_id_0200 ==> 7E02000042660000000002004400000000000C000300C64774049FACA8038700000000260326234401010400000000140400000000150400000000160400000000170200002A02000030013D310116E57E
2026-03-26 23:44:33 - msg_id_0200 ==> 7E02000042660000000002004F00000000000C000300C64775049FACA8038700000000260326234432010400000000140400000000150400000000160400000000170200002A02000030013D310112D87E
2026-03-26 23:45:04 - msg_id_0200 ==> 7E02000042660000000002005A00000000000C000300C64777049FACA8038700000000260326234503010400000000140400000000150400000000160400000000170200002A02000030013D310113FE7E
2026-03-26 23:45:35 - msg_id_0200 ==> 7E02000042660000000002006500000000000C000300C64778049FACA8038800000000260326234534010400000000140400000000150400000000160400000000170200002A02000030013D310111F47E
2026-03-26 23:46:06 - msg_id_0200 ==> 7E02000042660000000002007000000000000C000300C64779049FACA8038800000000260326234605010400000000140400000000150400000000160400000000170200002A02000030013D310111D27E
2026-03-26 23:46:37 - msg_id_0200 ==> 7E02000042660000000002007B00000000000C000300C64779049FACB0038700000000260326234636010400000000140400000000150400000000160400000000170200002A02000030013D310111FD7E
2026-03-26 23:46:46 - msg_id_0200 ==> 7E02000042660000000002007F00000100000C000300C64778049FACB0038700000000260326234645010400000000140400000000150400000000160400000000170200002A02000030013D3101118A7E
2026-03-26 23:47:28 - msg_id_0200 ==> 7E02000042660000000002000200000000000C000300C64778049FACB0038800000000260326234727010400000000140400000000150400000000160400000000170200002A02000030013D3101119A7E
2026-03-26 23:47:59 - msg_id_0200 ==> 7E02000042660000000002000D00000000000C000300C64779049FACB0038800000000260326234758010400000000140400000000150400000000160400000000170200002A02000030013D310111EB7E
2026-03-26 23:48:30 - msg_id_0200 ==> 7E02000042660000000002001800000000000C000300C6477B049FACB0038800000000260326234829010400000000140400000000150400000000160400000000170200002A02000030013D310111827E
2026-03-26 23:49:01 - msg_id_0200 ==> 7E02000042660000000002002300000000000C000300C6477D02049FACB0038800000000260326234900010400000000140400000000150400000000160400000000170200002A02000030013D310112977E
2026-03-26 23:49:32 - msg_id_0200 ==> 7E02000042660000000002002E00000000000C000300C6477F049FACB0038800000000260326234931010400000000140400000000150400000000160400000000170200002A02000030013D310112AA7E
2026-03-26 23:50:03 - msg_id_0200 ==> 7E02000042660000000002003900000000000C000300C64780049FACB0038800000000260326235002010400000000140400000000150400000000160400000000170200002A02000030013D310112687E
2026-03-26 23:50:34 - msg_id_0200 ==> 7E02000042660000000002004400000000000C000300C64780049FACB0038800000000260326235033010400000000140400000000150400000000160400000000170200002A02000030013D310113257E
2026-03-26 23:51:05 - msg_id_0200 ==> 7E02000042660000000002004F00000000000C000300C64780049FACB8038800000000260326235104010400000000140400000000150400000000160400000000170200002A0200003001403101136D7E
2026-03-26 23:51:36 - msg_id_0200 ==> 7E02000042660000000002005A00000000000C000300C64781049FACB8038800000000260326235135010400000000140400000000150400000000160400000000170200002A02000030013D310113357E
2026-03-26 23:52:07 - msg_id_0200 ==> 7E02000042660000000002006500000000000C000300C64782049FACB8038800000000260326235206010400000000140400000000150400000000160400000000170200002A02000030013D310112387E
2026-03-26 23:52:38 - msg_id_0200 ==> 7E02000042660000000002007000000000000C000300C64782049FACB8038800000000260326235237010400000000140400000000150400000000160400000000170200002A020000300140310111627E
2026-03-26 23:53:09 - msg_id_0200 ==> 7E02000042660000000002007B00000000000C000300C64784049FACB8038800000000260326235308010400000000140400000000150400000000160400000000170200002A02000030013D3101132E7E
2026-03-26 23:53:18 - msg_id_0200 ==> 7E02000042660000000002007F00000100000C000300C64784049FACB8038800000000260326235317010400000000140400000000150400000000160400000000170200002A02000030013D310113347E
2026-03-26 23:53:40 - msg_id_0200 ==> 7E02000042660000000002008700000000000C000300C64785049FACB8038800000000260326235339010400000000140400000000150400000000160400000000170200002A0200003001403101169A7E
2026-03-26 23:54:11 - msg_id_0200 ==> 7E02000042660000000002009200000000000C000300C64787049FACB8038800000000260326235410010400000000140400000000150400000000160400000000170200002A02000030013D310114DC7E
2026-03-26 23:54:42 - msg_id_0200 ==> 7E02000042660000000002009C00000000000C000300C6478A049FACC0038800000000260326235441010400000000140400000000150400000000160400000000170200002A02000030013D310114F67E
2026-03-26 23:55:13 - msg_id_0200 ==> 7E0200004266000000000200A800000000000C000300C6478C049FACC0038800000000260326235512010400000000140400000000150400000000160400000000170200002A02000030013D310116947E
2026-03-26 23:55:44 - msg_id_0200 ==> 7E0200004266000000000200B300000000000C000300C6478C049FACB8038800000000260326235543010400000000140400000000150400000000160400000000170200002A020000300140310116DB7E
2026-03-26 23:56:15 - msg_id_0200 ==> 7E0200004266000000000200BD00000000000C000300C6478D049FACB8038800000000260326235614010400000000140400000000150400000000160400000000170200002A020000300140310116807E
2026-03-26 23:56:46 - msg_id_0200 ==> 7E0200004266000000000200C900000000000C000300C6478D049FACB8038800000000260326235645010400000000140400000000150400000000160400000000170200002A020000300140310115A67E
2026-03-26 23:57:17 - msg_id_0200 ==> 7E0200004266000000000200D400000000000C000300C6478A049FACB8038800000000260326235716010400000000140400000000150400000000160400000000170200002A020000300140310113E87E
2026-03-26 23:57:48 - msg_id_0200 ==> 7E0200004266000000000200DE00000000000C000300C64789049FACB8038800000000260326235747010400000000140400000000150400000000160400000000170200002A020000300140310115B67E
2026-03-26 23:58:19 - msg_id_0200 ==> 7E0200004266000000000200EA00000000000C000300C64787049FACC0038800000000260326235818010400000000140400000000150400000000160400000000170200002A02000030013D310114D87E
2026-03-26 23:58:50 - msg_id_0200 ==> 7E0200004266000000000200F500000000000C000300C64786049FACB8038800000000260326235849010400000000140400000000150400000000160400000000170200002A02000030013D310114EF7E
2026-03-26 23:59:21 - msg_id_0200 ==> 7E0200004266000000000200FF00000000000C000300C64783049FACB8038800000000260326235920010400000000140400000000150400000000160400000000170200002A02000030013D3101138F7E
2026-03-26 23:59:52 - msg_id_0200 ==> 7E02000042660000000002010B00000000000C000300C64781049FACB8038800000000260326235951010400000000140400000000150400000000160400000000170200002A02000030013D310113097E
